<?xml version="1.0" encoding="UTF-8"?>
<gpx xmlns:xsi="http://www.w3.org/2001/XMLSchema-instance" xmlns="http://www.topografix.com/GPX/1/1" xsi:schemaLocation="http://www.topografix.com/GPX/1/1 http://www.topografix.com/GPX/1/1/gpx.xsd http://www.garmin.com/xmlschemas/GpxExtensions/v3 http://www.garmin.com/xmlschemas/GpxExtensionsv3.xsd http://www.garmin.com/xmlschemas/TrackPointExtension/v1 http://www.garmin.com/xmlschemas/TrackPointExtensionv1.xsd" xmlns:gpxtpx="http://www.garmin.com/xmlschemas/TrackPointExtension/v1" xmlns:gpxx="http://www.garmin.com/xmlschemas/GpxExtensions/v3" version="1.1" creator="https://gpx.studio">
<metadata>
    <name>ZiemosRataiS02.Belmontas</name>
    <author>
        <name>gpx.studio</name>
        <link href="https://gpx.studio"></link>
    </author>
</metadata>
<trk>
    <name>ZiemosRataiS02.Belmontas</name>
    <type>Cycling</type>
    <trkseg>
    <trkpt lat="54.6856222" lon="25.3254076">
        <ele>153.0</ele>
        <time>2022-01-02T11:01:51.000Z</time>
    </trkpt>
    <trkpt lat="54.6856034" lon="25.3254213">
        <ele>153.0</ele>
        <time>2022-01-02T11:01:52.000Z</time>
    </trkpt>
    <trkpt lat="54.6855847" lon="25.3254351">
        <ele>153.0</ele>
        <time>2022-01-02T11:01:53.000Z</time>
    </trkpt>
    <trkpt lat="54.685565" lon="25.3254492">
        <ele>154.0</ele>
        <time>2022-01-02T11:01:54.000Z</time>
    </trkpt>
    <trkpt lat="54.6855454" lon="25.3254633">
        <ele>154.0</ele>
        <time>2022-01-02T11:01:55.000Z</time>
    </trkpt>
    <trkpt lat="54.685528" lon="25.3254749">
        <ele>154.0</ele>
        <time>2022-01-02T11:01:56.000Z</time>
    </trkpt>
    <trkpt lat="54.6855106" lon="25.3254866">
        <ele>154.0</ele>
        <time>2022-01-02T11:01:57.000Z</time>
    </trkpt>
    <trkpt lat="54.6854959" lon="25.3254971">
        <ele>154.0</ele>
        <time>2022-01-02T11:01:58.000Z</time>
    </trkpt>
    <trkpt lat="54.6854813" lon="25.3255077">
        <ele>155.0</ele>
        <time>2022-01-02T11:01:59.000Z</time>
    </trkpt>
    <trkpt lat="54.6854681" lon="25.3255182">
        <ele>155.0</ele>
        <time>2022-01-02T11:02:00.000Z</time>
    </trkpt>
    <trkpt lat="54.685455" lon="25.3255287">
        <ele>155.0</ele>
        <time>2022-01-02T11:02:01.000Z</time>
    </trkpt>
    <trkpt lat="54.6854409" lon="25.3255394">
        <ele>156.0</ele>
        <time>2022-01-02T11:02:02.000Z</time>
    </trkpt>
    <trkpt lat="54.6854268" lon="25.3255501">
        <ele>156.0</ele>
        <time>2022-01-02T11:02:03.000Z</time>
    </trkpt>
    <trkpt lat="54.6854116" lon="25.325562">
        <ele>157.0</ele>
        <time>2022-01-02T11:02:04.000Z</time>
    </trkpt>
    <trkpt lat="54.6853964" lon="25.325574">
        <ele>157.0</ele>
        <time>2022-01-02T11:02:05.000Z</time>
    </trkpt>
    <trkpt lat="54.6853804" lon="25.3255887">
        <ele>157.0</ele>
        <time>2022-01-02T11:02:06.000Z</time>
    </trkpt>
    <trkpt lat="54.6853644" lon="25.3256035">
        <ele>158.0</ele>
        <time>2022-01-02T11:02:07.000Z</time>
    </trkpt>
    <trkpt lat="54.6853487" lon="25.3256229">
        <ele>158.0</ele>
        <time>2022-01-02T11:02:08.000Z</time>
    </trkpt>
    <trkpt lat="54.685333" lon="25.3256424">
        <ele>159.0</ele>
        <time>2022-01-02T11:02:09.000Z</time>
    </trkpt>
    <trkpt lat="54.6853184" lon="25.325666">
        <ele>159.0</ele>
        <time>2022-01-02T11:02:10.000Z</time>
    </trkpt>
    <trkpt lat="54.6853038" lon="25.3256896">
        <ele>159.0</ele>
        <time>2022-01-02T11:02:11.000Z</time>
    </trkpt>
    <trkpt lat="54.6852896" lon="25.3257114">
        <ele>160.0</ele>
        <time>2022-01-02T11:02:12.000Z</time>
    </trkpt>
    <trkpt lat="54.6852754" lon="25.3257332">
        <ele>160.0</ele>
        <time>2022-01-02T11:02:13.000Z</time>
    </trkpt>
    <trkpt lat="54.6852599" lon="25.3257512">
        <ele>161.0</ele>
        <time>2022-01-02T11:02:14.000Z</time>
    </trkpt>
    <trkpt lat="54.6852445" lon="25.3257693">
        <ele>161.0</ele>
        <time>2022-01-02T11:02:15.000Z</time>
    </trkpt>
    <trkpt lat="54.6852287" lon="25.3257805">
        <ele>161.0</ele>
        <time>2022-01-02T11:02:16.000Z</time>
    </trkpt>
    <trkpt lat="54.6852129" lon="25.3257918">
        <ele>162.0</ele>
        <time>2022-01-02T11:02:17.000Z</time>
    </trkpt>
    <trkpt lat="54.685199" lon="25.3257967">
        <ele>162.0</ele>
        <time>2022-01-02T11:02:18.000Z</time>
    </trkpt>
    <trkpt lat="54.6851851" lon="25.3258016">
        <ele>163.0</ele>
        <time>2022-01-02T11:02:19.000Z</time>
    </trkpt>
    <trkpt lat="54.685173" lon="25.3258032">
        <ele>163.0</ele>
        <time>2022-01-02T11:02:20.000Z</time>
    </trkpt>
    <trkpt lat="54.685161" lon="25.3258049">
        <ele>163.0</ele>
        <time>2022-01-02T11:02:21.000Z</time>
    </trkpt>
    <trkpt lat="54.6851507" lon="25.3258053">
        <ele>164.0</ele>
        <time>2022-01-02T11:02:22.000Z</time>
    </trkpt>
    <trkpt lat="54.6851405" lon="25.3258058">
        <ele>164.0</ele>
        <time>2022-01-02T11:02:23.000Z</time>
    </trkpt>
    <trkpt lat="54.685131" lon="25.3258062">
        <ele>165.0</ele>
        <time>2022-01-02T11:02:24.000Z</time>
    </trkpt>
    <trkpt lat="54.6851215" lon="25.3258067">
        <ele>165.0</ele>
        <time>2022-01-02T11:02:25.000Z</time>
    </trkpt>
    <trkpt lat="54.685111" lon="25.3258061">
        <ele>165.0</ele>
        <time>2022-01-02T11:02:26.000Z</time>
    </trkpt>
    <trkpt lat="54.6851005" lon="25.3258056">
        <ele>166.0</ele>
        <time>2022-01-02T11:02:27.000Z</time>
    </trkpt>
    <trkpt lat="54.6850897" lon="25.3258036">
        <ele>166.0</ele>
        <time>2022-01-02T11:02:28.000Z</time>
    </trkpt>
    <trkpt lat="54.6850789" lon="25.3258017">
        <ele>167.0</ele>
        <time>2022-01-02T11:02:29.000Z</time>
    </trkpt>
    <trkpt lat="54.6850664" lon="25.325799">
        <ele>167.0</ele>
        <time>2022-01-02T11:02:30.000Z</time>
    </trkpt>
    <trkpt lat="54.685054" lon="25.3257964">
        <ele>167.0</ele>
        <time>2022-01-02T11:02:31.000Z</time>
    </trkpt>
    <trkpt lat="54.6850377" lon="25.3257905">
        <ele>168.0</ele>
        <time>2022-01-02T11:02:32.000Z</time>
    </trkpt>
    <trkpt lat="54.6850214" lon="25.3257847">
        <ele>168.0</ele>
        <time>2022-01-02T11:02:33.000Z</time>
    </trkpt>
    <trkpt lat="54.6850025" lon="25.3257796">
        <ele>169.0</ele>
        <time>2022-01-02T11:02:34.000Z</time>
    </trkpt>
    <trkpt lat="54.6849836" lon="25.3257746">
        <ele>169.0</ele>
        <time>2022-01-02T11:02:35.000Z</time>
    </trkpt>
    <trkpt lat="54.6849624" lon="25.3257758">
        <ele>169.0</ele>
        <time>2022-01-02T11:02:36.000Z</time>
    </trkpt>
    <trkpt lat="54.6849413" lon="25.325777">
        <ele>170.0</ele>
        <time>2022-01-02T11:02:37.000Z</time>
    </trkpt>
    <trkpt lat="54.6849188" lon="25.3257823">
        <ele>170.0</ele>
        <time>2022-01-02T11:02:38.000Z</time>
    </trkpt>
    <trkpt lat="54.6848963" lon="25.3257876">
        <ele>171.0</ele>
        <time>2022-01-02T11:02:39.000Z</time>
    </trkpt>
    <trkpt lat="54.6848764" lon="25.3257904">
        <ele>171.0</ele>
        <time>2022-01-02T11:02:40.000Z</time>
    </trkpt>
    <trkpt lat="54.6848565" lon="25.3257932">
        <ele>171.0</ele>
        <time>2022-01-02T11:02:41.000Z</time>
    </trkpt>
    <trkpt lat="54.6848406" lon="25.3257924">
        <ele>172.0</ele>
        <time>2022-01-02T11:02:42.000Z</time>
    </trkpt>
    <trkpt lat="54.6848247" lon="25.3257916">
        <ele>172.0</ele>
        <time>2022-01-02T11:02:43.000Z</time>
    </trkpt>
    <trkpt lat="54.6848114" lon="25.3257872">
        <ele>173.0</ele>
        <time>2022-01-02T11:02:44.000Z</time>
    </trkpt>
    <trkpt lat="54.6847981" lon="25.3257829">
        <ele>173.0</ele>
        <time>2022-01-02T11:02:45.000Z</time>
    </trkpt>
    <trkpt lat="54.6847845" lon="25.3257754">
        <ele>173.0</ele>
        <time>2022-01-02T11:02:46.000Z</time>
    </trkpt>
    <trkpt lat="54.684771" lon="25.3257679">
        <ele>174.0</ele>
        <time>2022-01-02T11:02:47.000Z</time>
    </trkpt>
    <trkpt lat="54.6847491" lon="25.3257654">
        <ele>174.0</ele>
        <time>2022-01-02T11:02:48.000Z</time>
    </trkpt>
    <trkpt lat="54.6847272" lon="25.3257629">
        <ele>175.0</ele>
        <time>2022-01-02T11:02:49.000Z</time>
    </trkpt>
    <trkpt lat="54.6846993" lon="25.325771">
        <ele>175.0</ele>
        <time>2022-01-02T11:02:50.000Z</time>
    </trkpt>
    <trkpt lat="54.6846715" lon="25.3257792">
        <ele>175.0</ele>
        <time>2022-01-02T11:02:51.000Z</time>
    </trkpt>
    <trkpt lat="54.6846425" lon="25.3257945">
        <ele>176.0</ele>
        <time>2022-01-02T11:02:52.000Z</time>
    </trkpt>
    <trkpt lat="54.6846136" lon="25.3258099">
        <ele>176.0</ele>
        <time>2022-01-02T11:02:53.000Z</time>
    </trkpt>
    <trkpt lat="54.6845864" lon="25.3258298">
        <ele>177.0</ele>
        <time>2022-01-02T11:02:54.000Z</time>
    </trkpt>
    <trkpt lat="54.6845592" lon="25.3258498">
        <ele>177.0</ele>
        <time>2022-01-02T11:02:55.000Z</time>
    </trkpt>
    <trkpt lat="54.6845361" lon="25.3258688">
        <ele>177.0</ele>
        <time>2022-01-02T11:02:56.000Z</time>
    </trkpt>
    <trkpt lat="54.6845131" lon="25.3258879">
        <ele>177.0</ele>
        <time>2022-01-02T11:02:57.000Z</time>
    </trkpt>
    <trkpt lat="54.6844927" lon="25.3259017">
        <ele>177.0</ele>
        <time>2022-01-02T11:02:58.000Z</time>
    </trkpt>
    <trkpt lat="54.6844724" lon="25.3259155">
        <ele>178.0</ele>
        <time>2022-01-02T11:02:59.000Z</time>
    </trkpt>
    <trkpt lat="54.6844519" lon="25.3259227">
        <ele>178.0</ele>
        <time>2022-01-02T11:03:00.000Z</time>
    </trkpt>
    <trkpt lat="54.6844315" lon="25.32593">
        <ele>178.0</ele>
        <time>2022-01-02T11:03:01.000Z</time>
    </trkpt>
    <trkpt lat="54.6844124" lon="25.3259342">
        <ele>179.0</ele>
        <time>2022-01-02T11:03:02.000Z</time>
    </trkpt>
    <trkpt lat="54.6843934" lon="25.3259385">
        <ele>179.0</ele>
        <time>2022-01-02T11:03:03.000Z</time>
    </trkpt>
    <trkpt lat="54.6843776" lon="25.3259433">
        <ele>180.0</ele>
        <time>2022-01-02T11:03:04.000Z</time>
    </trkpt>
    <trkpt lat="54.6843618" lon="25.3259482">
        <ele>180.0</ele>
        <time>2022-01-02T11:03:05.000Z</time>
    </trkpt>
    <trkpt lat="54.6843487" lon="25.3259533">
        <ele>180.0</ele>
        <time>2022-01-02T11:03:06.000Z</time>
    </trkpt>
    <trkpt lat="54.6843357" lon="25.3259584">
        <ele>180.0</ele>
        <time>2022-01-02T11:03:07.000Z</time>
    </trkpt>
    <trkpt lat="54.6843281" lon="25.3259618">
        <ele>180.0</ele>
        <time>2022-01-02T11:03:08.000Z</time>
    </trkpt>
    <trkpt lat="54.6843205" lon="25.3259652">
        <ele>181.0</ele>
        <time>2022-01-02T11:03:09.000Z</time>
    </trkpt>
    <trkpt lat="54.6843129" lon="25.3259687">
        <ele>181.0</ele>
        <time>2022-01-02T11:03:10.000Z</time>
    </trkpt>
    <trkpt lat="54.6843046" lon="25.3259732">
        <ele>181.0</ele>
        <time>2022-01-02T11:03:11.000Z</time>
    </trkpt>
    <trkpt lat="54.6842964" lon="25.3259778">
        <ele>182.0</ele>
        <time>2022-01-02T11:03:12.000Z</time>
    </trkpt>
    <trkpt lat="54.6842883" lon="25.3259836">
        <ele>182.0</ele>
        <time>2022-01-02T11:03:13.000Z</time>
    </trkpt>
    <trkpt lat="54.6842802" lon="25.3259895">
        <ele>183.0</ele>
        <time>2022-01-02T11:03:14.000Z</time>
    </trkpt>
    <trkpt lat="54.6842699" lon="25.3260001">
        <ele>183.0</ele>
        <time>2022-01-02T11:03:15.000Z</time>
    </trkpt>
    <trkpt lat="54.6842596" lon="25.3260108">
        <ele>183.0</ele>
        <time>2022-01-02T11:03:16.000Z</time>
    </trkpt>
    <trkpt lat="54.6842448" lon="25.3260216">
        <ele>183.0</ele>
        <time>2022-01-02T11:03:17.000Z</time>
    </trkpt>
    <trkpt lat="54.6842301" lon="25.3260325">
        <ele>183.0</ele>
        <time>2022-01-02T11:03:18.000Z</time>
    </trkpt>
    <trkpt lat="54.6842093" lon="25.3260462">
        <ele>184.0</ele>
        <time>2022-01-02T11:03:19.000Z</time>
    </trkpt>
    <trkpt lat="54.6841885" lon="25.32606">
        <ele>184.0</ele>
        <time>2022-01-02T11:03:20.000Z</time>
    </trkpt>
    <trkpt lat="54.6841682" lon="25.3260828">
        <ele>184.0</ele>
        <time>2022-01-02T11:03:21.000Z</time>
    </trkpt>
    <trkpt lat="54.6841479" lon="25.3261057">
        <ele>184.0</ele>
        <time>2022-01-02T11:03:22.000Z</time>
    </trkpt>
    <trkpt lat="54.6841344" lon="25.32614">
        <ele>184.0</ele>
        <time>2022-01-02T11:03:23.000Z</time>
    </trkpt>
    <trkpt lat="54.684121" lon="25.3261744">
        <ele>185.0</ele>
        <time>2022-01-02T11:03:24.000Z</time>
    </trkpt>
    <trkpt lat="54.6841122" lon="25.3262165">
        <ele>184.0</ele>
        <time>2022-01-02T11:03:25.000Z</time>
    </trkpt>
    <trkpt lat="54.6841035" lon="25.3262586">
        <ele>184.0</ele>
        <time>2022-01-02T11:03:26.000Z</time>
    </trkpt>
    <trkpt lat="54.6840949" lon="25.3263067">
        <ele>184.0</ele>
        <time>2022-01-02T11:03:27.000Z</time>
    </trkpt>
    <trkpt lat="54.6840863" lon="25.3263549">
        <ele>184.0</ele>
        <time>2022-01-02T11:03:28.000Z</time>
    </trkpt>
    <trkpt lat="54.6840755" lon="25.3264091">
        <ele>184.0</ele>
        <time>2022-01-02T11:03:29.000Z</time>
    </trkpt>
    <trkpt lat="54.6840647" lon="25.3264633">
        <ele>183.0</ele>
        <time>2022-01-02T11:03:30.000Z</time>
    </trkpt>
    <trkpt lat="54.684052" lon="25.3265257">
        <ele>183.0</ele>
        <time>2022-01-02T11:03:31.000Z</time>
    </trkpt>
    <trkpt lat="54.6840393" lon="25.3265881">
        <ele>182.0</ele>
        <time>2022-01-02T11:03:32.000Z</time>
    </trkpt>
    <trkpt lat="54.6840254" lon="25.326655">
        <ele>182.0</ele>
        <time>2022-01-02T11:03:33.000Z</time>
    </trkpt>
    <trkpt lat="54.6840115" lon="25.3267219">
        <ele>182.0</ele>
        <time>2022-01-02T11:03:34.000Z</time>
    </trkpt>
    <trkpt lat="54.6840032" lon="25.3267853">
        <ele>181.0</ele>
        <time>2022-01-02T11:03:35.000Z</time>
    </trkpt>
    <trkpt lat="54.683995" lon="25.3268488">
        <ele>181.0</ele>
        <time>2022-01-02T11:03:36.000Z</time>
    </trkpt>
    <trkpt lat="54.6839921" lon="25.3269045">
        <ele>181.0</ele>
        <time>2022-01-02T11:03:37.000Z</time>
    </trkpt>
    <trkpt lat="54.6839892" lon="25.3269602">
        <ele>181.0</ele>
        <time>2022-01-02T11:03:38.000Z</time>
    </trkpt>
    <trkpt lat="54.6839877" lon="25.3270054">
        <ele>181.0</ele>
        <time>2022-01-02T11:03:39.000Z</time>
    </trkpt>
    <trkpt lat="54.6839863" lon="25.3270507">
        <ele>180.0</ele>
        <time>2022-01-02T11:03:40.000Z</time>
    </trkpt>
    <trkpt lat="54.6839811" lon="25.3270907">
        <ele>180.0</ele>
        <time>2022-01-02T11:03:41.000Z</time>
    </trkpt>
    <trkpt lat="54.6839759" lon="25.3271307">
        <ele>180.0</ele>
        <time>2022-01-02T11:03:42.000Z</time>
    </trkpt>
    <trkpt lat="54.6839725" lon="25.3271676">
        <ele>180.0</ele>
        <time>2022-01-02T11:03:43.000Z</time>
    </trkpt>
    <trkpt lat="54.6839691" lon="25.3272045">
        <ele>180.0</ele>
        <time>2022-01-02T11:03:44.000Z</time>
    </trkpt>
    <trkpt lat="54.6839681" lon="25.3272436">
        <ele>180.0</ele>
        <time>2022-01-02T11:03:45.000Z</time>
    </trkpt>
    <trkpt lat="54.6839671" lon="25.3272827">
        <ele>180.0</ele>
        <time>2022-01-02T11:03:46.000Z</time>
    </trkpt>
    <trkpt lat="54.68396" lon="25.3273241">
        <ele>180.0</ele>
        <time>2022-01-02T11:03:47.000Z</time>
    </trkpt>
    <trkpt lat="54.6839529" lon="25.3273656">
        <ele>180.0</ele>
        <time>2022-01-02T11:03:48.000Z</time>
    </trkpt>
    <trkpt lat="54.6839369" lon="25.3274081">
        <ele>180.0</ele>
        <time>2022-01-02T11:03:49.000Z</time>
    </trkpt>
    <trkpt lat="54.683921" lon="25.3274507">
        <ele>179.0</ele>
        <time>2022-01-02T11:03:50.000Z</time>
    </trkpt>
    <trkpt lat="54.6838999" lon="25.3274934">
        <ele>179.0</ele>
        <time>2022-01-02T11:03:51.000Z</time>
    </trkpt>
    <trkpt lat="54.6838789" lon="25.3275361">
        <ele>178.0</ele>
        <time>2022-01-02T11:03:52.000Z</time>
    </trkpt>
    <trkpt lat="54.6838586" lon="25.327573">
        <ele>178.0</ele>
        <time>2022-01-02T11:03:53.000Z</time>
    </trkpt>
    <trkpt lat="54.6838383" lon="25.32761">
        <ele>178.0</ele>
        <time>2022-01-02T11:03:54.000Z</time>
    </trkpt>
    <trkpt lat="54.6838211" lon="25.3276453">
        <ele>178.0</ele>
        <time>2022-01-02T11:03:55.000Z</time>
    </trkpt>
    <trkpt lat="54.6838039" lon="25.3276807">
        <ele>178.0</ele>
        <time>2022-01-02T11:03:56.000Z</time>
    </trkpt>
    <trkpt lat="54.6837874" lon="25.3277165">
        <ele>178.0</ele>
        <time>2022-01-02T11:03:57.000Z</time>
    </trkpt>
    <trkpt lat="54.683771" lon="25.3277523">
        <ele>178.0</ele>
        <time>2022-01-02T11:03:58.000Z</time>
    </trkpt>
    <trkpt lat="54.6837521" lon="25.3277895">
        <ele>178.0</ele>
        <time>2022-01-02T11:03:59.000Z</time>
    </trkpt>
    <trkpt lat="54.6837333" lon="25.3278268">
        <ele>177.0</ele>
        <time>2022-01-02T11:04:00.000Z</time>
    </trkpt>
    <trkpt lat="54.6837103" lon="25.3278653">
        <ele>177.0</ele>
        <time>2022-01-02T11:04:01.000Z</time>
    </trkpt>
    <trkpt lat="54.6836874" lon="25.3279038">
        <ele>177.0</ele>
        <time>2022-01-02T11:04:02.000Z</time>
    </trkpt>
    <trkpt lat="54.6836632" lon="25.3279416">
        <ele>177.0</ele>
        <time>2022-01-02T11:04:03.000Z</time>
    </trkpt>
    <trkpt lat="54.683639" lon="25.3279794">
        <ele>177.0</ele>
        <time>2022-01-02T11:04:04.000Z</time>
    </trkpt>
    <trkpt lat="54.6836135" lon="25.3280165">
        <ele>176.0</ele>
        <time>2022-01-02T11:04:05.000Z</time>
    </trkpt>
    <trkpt lat="54.683588" lon="25.3280536">
        <ele>176.0</ele>
        <time>2022-01-02T11:04:06.000Z</time>
    </trkpt>
    <trkpt lat="54.6835612" lon="25.3280894">
        <ele>176.0</ele>
        <time>2022-01-02T11:04:07.000Z</time>
    </trkpt>
    <trkpt lat="54.6835344" lon="25.3281253">
        <ele>176.0</ele>
        <time>2022-01-02T11:04:08.000Z</time>
    </trkpt>
    <trkpt lat="54.6835065" lon="25.3281617">
        <ele>176.0</ele>
        <time>2022-01-02T11:04:09.000Z</time>
    </trkpt>
    <trkpt lat="54.6834787" lon="25.3281981">
        <ele>175.0</ele>
        <time>2022-01-02T11:04:10.000Z</time>
    </trkpt>
    <trkpt lat="54.6834525" lon="25.3282369">
        <ele>175.0</ele>
        <time>2022-01-02T11:04:11.000Z</time>
    </trkpt>
    <trkpt lat="54.6834263" lon="25.3282758">
        <ele>175.0</ele>
        <time>2022-01-02T11:04:12.000Z</time>
    </trkpt>
    <trkpt lat="54.6834019" lon="25.3283169">
        <ele>175.0</ele>
        <time>2022-01-02T11:04:13.000Z</time>
    </trkpt>
    <trkpt lat="54.6833776" lon="25.3283581">
        <ele>175.0</ele>
        <time>2022-01-02T11:04:14.000Z</time>
    </trkpt>
    <trkpt lat="54.6833525" lon="25.3283997">
        <ele>174.0</ele>
        <time>2022-01-02T11:04:15.000Z</time>
    </trkpt>
    <trkpt lat="54.6833274" lon="25.3284413">
        <ele>174.0</ele>
        <time>2022-01-02T11:04:16.000Z</time>
    </trkpt>
    <trkpt lat="54.6833036" lon="25.3284839">
        <ele>174.0</ele>
        <time>2022-01-02T11:04:17.000Z</time>
    </trkpt>
    <trkpt lat="54.6832798" lon="25.3285266">
        <ele>174.0</ele>
        <time>2022-01-02T11:04:18.000Z</time>
    </trkpt>
    <trkpt lat="54.6832577" lon="25.3285702">
        <ele>174.0</ele>
        <time>2022-01-02T11:04:19.000Z</time>
    </trkpt>
    <trkpt lat="54.6832356" lon="25.3286139">
        <ele>174.0</ele>
        <time>2022-01-02T11:04:20.000Z</time>
    </trkpt>
    <trkpt lat="54.6832151" lon="25.3286573">
        <ele>174.0</ele>
        <time>2022-01-02T11:04:21.000Z</time>
    </trkpt>
    <trkpt lat="54.6831947" lon="25.3287008">
        <ele>174.0</ele>
        <time>2022-01-02T11:04:22.000Z</time>
    </trkpt>
    <trkpt lat="54.6831761" lon="25.328742">
        <ele>174.0</ele>
        <time>2022-01-02T11:04:23.000Z</time>
    </trkpt>
    <trkpt lat="54.6831576" lon="25.3287833">
        <ele>174.0</ele>
        <time>2022-01-02T11:04:24.000Z</time>
    </trkpt>
    <trkpt lat="54.683139" lon="25.3288218">
        <ele>173.0</ele>
        <time>2022-01-02T11:04:25.000Z</time>
    </trkpt>
    <trkpt lat="54.6831205" lon="25.3288604">
        <ele>173.0</ele>
        <time>2022-01-02T11:04:26.000Z</time>
    </trkpt>
    <trkpt lat="54.6830978" lon="25.3288988">
        <ele>173.0</ele>
        <time>2022-01-02T11:04:27.000Z</time>
    </trkpt>
    <trkpt lat="54.6830752" lon="25.3289373">
        <ele>173.0</ele>
        <time>2022-01-02T11:04:28.000Z</time>
    </trkpt>
    <trkpt lat="54.6830523" lon="25.3289748">
        <ele>173.0</ele>
        <time>2022-01-02T11:04:29.000Z</time>
    </trkpt>
    <trkpt lat="54.6830295" lon="25.3290124">
        <ele>173.0</ele>
        <time>2022-01-02T11:04:30.000Z</time>
    </trkpt>
    <trkpt lat="54.683008" lon="25.3290522">
        <ele>173.0</ele>
        <time>2022-01-02T11:04:31.000Z</time>
    </trkpt>
    <trkpt lat="54.6829865" lon="25.329092">
        <ele>173.0</ele>
        <time>2022-01-02T11:04:32.000Z</time>
    </trkpt>
    <trkpt lat="54.6829632" lon="25.3291398">
        <ele>173.0</ele>
        <time>2022-01-02T11:04:33.000Z</time>
    </trkpt>
    <trkpt lat="54.68294" lon="25.3291876">
        <ele>173.0</ele>
        <time>2022-01-02T11:04:34.000Z</time>
    </trkpt>
    <trkpt lat="54.6829177" lon="25.3292393">
        <ele>172.0</ele>
        <time>2022-01-02T11:04:35.000Z</time>
    </trkpt>
    <trkpt lat="54.6828954" lon="25.329291">
        <ele>172.0</ele>
        <time>2022-01-02T11:04:36.000Z</time>
    </trkpt>
    <trkpt lat="54.6828729" lon="25.3293419">
        <ele>172.0</ele>
        <time>2022-01-02T11:04:37.000Z</time>
    </trkpt>
    <trkpt lat="54.6828505" lon="25.3293929">
        <ele>172.0</ele>
        <time>2022-01-02T11:04:38.000Z</time>
    </trkpt>
    <trkpt lat="54.6828287" lon="25.3294418">
        <ele>172.0</ele>
        <time>2022-01-02T11:04:39.000Z</time>
    </trkpt>
    <trkpt lat="54.6828069" lon="25.3294907">
        <ele>172.0</ele>
        <time>2022-01-02T11:04:40.000Z</time>
    </trkpt>
    <trkpt lat="54.6827857" lon="25.3295338">
        <ele>172.0</ele>
        <time>2022-01-02T11:04:41.000Z</time>
    </trkpt>
    <trkpt lat="54.6827645" lon="25.3295769">
        <ele>172.0</ele>
        <time>2022-01-02T11:04:42.000Z</time>
    </trkpt>
    <trkpt lat="54.6827431" lon="25.3296137">
        <ele>172.0</ele>
        <time>2022-01-02T11:04:43.000Z</time>
    </trkpt>
    <trkpt lat="54.6827218" lon="25.3296505">
        <ele>172.0</ele>
        <time>2022-01-02T11:04:44.000Z</time>
    </trkpt>
    <trkpt lat="54.6826996" lon="25.3296876">
        <ele>171.0</ele>
        <time>2022-01-02T11:04:45.000Z</time>
    </trkpt>
    <trkpt lat="54.6826774" lon="25.3297248">
        <ele>171.0</ele>
        <time>2022-01-02T11:04:46.000Z</time>
    </trkpt>
    <trkpt lat="54.6826563" lon="25.329765">
        <ele>171.0</ele>
        <time>2022-01-02T11:04:47.000Z</time>
    </trkpt>
    <trkpt lat="54.6826353" lon="25.3298053">
        <ele>171.0</ele>
        <time>2022-01-02T11:04:48.000Z</time>
    </trkpt>
    <trkpt lat="54.6826155" lon="25.329845">
        <ele>171.0</ele>
        <time>2022-01-02T11:04:49.000Z</time>
    </trkpt>
    <trkpt lat="54.6825957" lon="25.3298848">
        <ele>170.0</ele>
        <time>2022-01-02T11:04:50.000Z</time>
    </trkpt>
    <trkpt lat="54.6825766" lon="25.3299202">
        <ele>170.0</ele>
        <time>2022-01-02T11:04:51.000Z</time>
    </trkpt>
    <trkpt lat="54.6825576" lon="25.3299556">
        <ele>170.0</ele>
        <time>2022-01-02T11:04:52.000Z</time>
    </trkpt>
    <trkpt lat="54.6825382" lon="25.3299668">
        <ele>170.0</ele>
        <time>2022-01-02T11:04:53.000Z</time>
    </trkpt>
    <trkpt lat="54.6825189" lon="25.3299781">
        <ele>170.0</ele>
        <time>2022-01-02T11:04:54.000Z</time>
    </trkpt>
    <trkpt lat="54.6824996" lon="25.3299894">
        <ele>170.0</ele>
        <time>2022-01-02T11:04:55.000Z</time>
    </trkpt>
    <trkpt lat="54.6824779" lon="25.3299741">
        <ele>170.0</ele>
        <time>2022-01-02T11:04:56.000Z</time>
    </trkpt>
    <trkpt lat="54.6824563" lon="25.3299589">
        <ele>170.0</ele>
        <time>2022-01-02T11:04:57.000Z</time>
    </trkpt>
    <trkpt lat="54.6824322" lon="25.3299349">
        <ele>170.0</ele>
        <time>2022-01-02T11:04:58.000Z</time>
    </trkpt>
    <trkpt lat="54.6824082" lon="25.3299109">
        <ele>170.0</ele>
        <time>2022-01-02T11:04:59.000Z</time>
    </trkpt>
    <trkpt lat="54.6823809" lon="25.3298848">
        <ele>169.0</ele>
        <time>2022-01-02T11:05:00.000Z</time>
    </trkpt>
    <trkpt lat="54.6823536" lon="25.3298587">
        <ele>169.0</ele>
        <time>2022-01-02T11:05:01.000Z</time>
    </trkpt>
    <trkpt lat="54.6823277" lon="25.3298342">
        <ele>169.0</ele>
        <time>2022-01-02T11:05:02.000Z</time>
    </trkpt>
    <trkpt lat="54.6823019" lon="25.3298098">
        <ele>169.0</ele>
        <time>2022-01-02T11:05:03.000Z</time>
    </trkpt>
    <trkpt lat="54.6822804" lon="25.3297802">
        <ele>169.0</ele>
        <time>2022-01-02T11:05:04.000Z</time>
    </trkpt>
    <trkpt lat="54.682259" lon="25.3297507">
        <ele>168.0</ele>
        <time>2022-01-02T11:05:05.000Z</time>
    </trkpt>
    <trkpt lat="54.6822392" lon="25.3297136">
        <ele>168.0</ele>
        <time>2022-01-02T11:05:06.000Z</time>
    </trkpt>
    <trkpt lat="54.6822194" lon="25.3296765">
        <ele>167.0</ele>
        <time>2022-01-02T11:05:07.000Z</time>
    </trkpt>
    <trkpt lat="54.6822016" lon="25.3296361">
        <ele>167.0</ele>
        <time>2022-01-02T11:05:08.000Z</time>
    </trkpt>
    <trkpt lat="54.6821839" lon="25.3295958">
        <ele>167.0</ele>
        <time>2022-01-02T11:05:09.000Z</time>
    </trkpt>
    <trkpt lat="54.6821668" lon="25.3295568">
        <ele>166.0</ele>
        <time>2022-01-02T11:05:10.000Z</time>
    </trkpt>
    <trkpt lat="54.6821498" lon="25.3295179">
        <ele>166.0</ele>
        <time>2022-01-02T11:05:11.000Z</time>
    </trkpt>
    <trkpt lat="54.6821312" lon="25.329484">
        <ele>166.0</ele>
        <time>2022-01-02T11:05:12.000Z</time>
    </trkpt>
    <trkpt lat="54.6821126" lon="25.3294502">
        <ele>166.0</ele>
        <time>2022-01-02T11:05:13.000Z</time>
    </trkpt>
    <trkpt lat="54.6820872" lon="25.329423">
        <ele>166.0</ele>
        <time>2022-01-02T11:05:14.000Z</time>
    </trkpt>
    <trkpt lat="54.6820618" lon="25.3293959">
        <ele>165.0</ele>
        <time>2022-01-02T11:05:15.000Z</time>
    </trkpt>
    <trkpt lat="54.6820318" lon="25.3293784">
        <ele>165.0</ele>
        <time>2022-01-02T11:05:16.000Z</time>
    </trkpt>
    <trkpt lat="54.6820019" lon="25.3293609">
        <ele>165.0</ele>
        <time>2022-01-02T11:05:17.000Z</time>
    </trkpt>
    <trkpt lat="54.6819666" lon="25.3293553">
        <ele>165.0</ele>
        <time>2022-01-02T11:05:18.000Z</time>
    </trkpt>
    <trkpt lat="54.6819314" lon="25.3293498">
        <ele>165.0</ele>
        <time>2022-01-02T11:05:19.000Z</time>
    </trkpt>
    <trkpt lat="54.6818971" lon="25.3293467">
        <ele>164.0</ele>
        <time>2022-01-02T11:05:20.000Z</time>
    </trkpt>
    <trkpt lat="54.6818628" lon="25.3293437">
        <ele>164.0</ele>
        <time>2022-01-02T11:05:21.000Z</time>
    </trkpt>
    <trkpt lat="54.6818353" lon="25.3293367">
        <ele>164.0</ele>
        <time>2022-01-02T11:05:22.000Z</time>
    </trkpt>
    <trkpt lat="54.6818078" lon="25.3293298">
        <ele>164.0</ele>
        <time>2022-01-02T11:05:23.000Z</time>
    </trkpt>
    <trkpt lat="54.6817871" lon="25.3293171">
        <ele>164.0</ele>
        <time>2022-01-02T11:05:24.000Z</time>
    </trkpt>
    <trkpt lat="54.6817665" lon="25.3293045">
        <ele>164.0</ele>
        <time>2022-01-02T11:05:25.000Z</time>
    </trkpt>
    <trkpt lat="54.6817477" lon="25.3292968">
        <ele>164.0</ele>
        <time>2022-01-02T11:05:26.000Z</time>
    </trkpt>
    <trkpt lat="54.681729" lon="25.3292891">
        <ele>164.0</ele>
        <time>2022-01-02T11:05:27.000Z</time>
    </trkpt>
    <trkpt lat="54.6817078" lon="25.3292925">
        <ele>164.0</ele>
        <time>2022-01-02T11:05:28.000Z</time>
    </trkpt>
    <trkpt lat="54.6816866" lon="25.3292959">
        <ele>164.0</ele>
        <time>2022-01-02T11:05:29.000Z</time>
    </trkpt>
    <trkpt lat="54.6816577" lon="25.329308">
        <ele>163.0</ele>
        <time>2022-01-02T11:05:30.000Z</time>
    </trkpt>
    <trkpt lat="54.6816288" lon="25.3293202">
        <ele>163.0</ele>
        <time>2022-01-02T11:05:31.000Z</time>
    </trkpt>
    <trkpt lat="54.6815973" lon="25.329333">
        <ele>162.0</ele>
        <time>2022-01-02T11:05:32.000Z</time>
    </trkpt>
    <trkpt lat="54.6815658" lon="25.3293459">
        <ele>162.0</ele>
        <time>2022-01-02T11:05:33.000Z</time>
    </trkpt>
    <trkpt lat="54.681536" lon="25.3293488">
        <ele>162.0</ele>
        <time>2022-01-02T11:05:34.000Z</time>
    </trkpt>
    <trkpt lat="54.6815063" lon="25.3293517">
        <ele>161.0</ele>
        <time>2022-01-02T11:05:35.000Z</time>
    </trkpt>
    <trkpt lat="54.6814756" lon="25.3293422">
        <ele>161.0</ele>
        <time>2022-01-02T11:05:36.000Z</time>
    </trkpt>
    <trkpt lat="54.6814449" lon="25.3293327">
        <ele>161.0</ele>
        <time>2022-01-02T11:05:37.000Z</time>
    </trkpt>
    <trkpt lat="54.681414" lon="25.3293137">
        <ele>161.0</ele>
        <time>2022-01-02T11:05:38.000Z</time>
    </trkpt>
    <trkpt lat="54.6813832" lon="25.3292948">
        <ele>161.0</ele>
        <time>2022-01-02T11:05:39.000Z</time>
    </trkpt>
    <trkpt lat="54.6813553" lon="25.3292672">
        <ele>160.0</ele>
        <time>2022-01-02T11:05:40.000Z</time>
    </trkpt>
    <trkpt lat="54.6813274" lon="25.3292396">
        <ele>160.0</ele>
        <time>2022-01-02T11:05:41.000Z</time>
    </trkpt>
    <trkpt lat="54.6813031" lon="25.3292036">
        <ele>160.0</ele>
        <time>2022-01-02T11:05:42.000Z</time>
    </trkpt>
    <trkpt lat="54.6812788" lon="25.3291676">
        <ele>160.0</ele>
        <time>2022-01-02T11:05:43.000Z</time>
    </trkpt>
    <trkpt lat="54.6812561" lon="25.3291263">
        <ele>160.0</ele>
        <time>2022-01-02T11:05:44.000Z</time>
    </trkpt>
    <trkpt lat="54.6812334" lon="25.3290851">
        <ele>160.0</ele>
        <time>2022-01-02T11:05:45.000Z</time>
    </trkpt>
    <trkpt lat="54.6812115" lon="25.3290456">
        <ele>160.0</ele>
        <time>2022-01-02T11:05:46.000Z</time>
    </trkpt>
    <trkpt lat="54.6811897" lon="25.3290062">
        <ele>160.0</ele>
        <time>2022-01-02T11:05:47.000Z</time>
    </trkpt>
    <trkpt lat="54.6811698" lon="25.3289706">
        <ele>160.0</ele>
        <time>2022-01-02T11:05:48.000Z</time>
    </trkpt>
    <trkpt lat="54.68115" lon="25.3289351">
        <ele>160.0</ele>
        <time>2022-01-02T11:05:49.000Z</time>
    </trkpt>
    <trkpt lat="54.6811393" lon="25.3289022">
        <ele>160.0</ele>
        <time>2022-01-02T11:05:50.000Z</time>
    </trkpt>
    <trkpt lat="54.6811287" lon="25.3288694">
        <ele>160.0</ele>
        <time>2022-01-02T11:05:51.000Z</time>
    </trkpt>
    <trkpt lat="54.6811292" lon="25.3288393">
        <ele>160.0</ele>
        <time>2022-01-02T11:05:52.000Z</time>
    </trkpt>
    <trkpt lat="54.6811297" lon="25.3288092">
        <ele>160.0</ele>
        <time>2022-01-02T11:05:53.000Z</time>
    </trkpt>
    <trkpt lat="54.6811337" lon="25.3287785">
        <ele>160.0</ele>
        <time>2022-01-02T11:05:54.000Z</time>
    </trkpt>
    <trkpt lat="54.6811377" lon="25.3287479">
        <ele>160.0</ele>
        <time>2022-01-02T11:05:55.000Z</time>
    </trkpt>
    <trkpt lat="54.6811437" lon="25.3287132">
        <ele>160.0</ele>
        <time>2022-01-02T11:05:56.000Z</time>
    </trkpt>
    <trkpt lat="54.6811497" lon="25.3286785">
        <ele>160.0</ele>
        <time>2022-01-02T11:05:57.000Z</time>
    </trkpt>
    <trkpt lat="54.6811602" lon="25.3286424">
        <ele>160.0</ele>
        <time>2022-01-02T11:05:58.000Z</time>
    </trkpt>
    <trkpt lat="54.6811708" lon="25.3286063">
        <ele>161.0</ele>
        <time>2022-01-02T11:05:59.000Z</time>
    </trkpt>
    <trkpt lat="54.6811863" lon="25.3285681">
        <ele>161.0</ele>
        <time>2022-01-02T11:06:00.000Z</time>
    </trkpt>
    <trkpt lat="54.6812018" lon="25.3285299">
        <ele>161.0</ele>
        <time>2022-01-02T11:06:01.000Z</time>
    </trkpt>
    <trkpt lat="54.6812159" lon="25.3284912">
        <ele>161.0</ele>
        <time>2022-01-02T11:06:02.000Z</time>
    </trkpt>
    <trkpt lat="54.6812301" lon="25.3284526">
        <ele>161.0</ele>
        <time>2022-01-02T11:06:03.000Z</time>
    </trkpt>
    <trkpt lat="54.6812416" lon="25.3284142">
        <ele>162.0</ele>
        <time>2022-01-02T11:06:04.000Z</time>
    </trkpt>
    <trkpt lat="54.6812531" lon="25.3283759">
        <ele>162.0</ele>
        <time>2022-01-02T11:06:05.000Z</time>
    </trkpt>
    <trkpt lat="54.681263" lon="25.3283397">
        <ele>162.0</ele>
        <time>2022-01-02T11:06:06.000Z</time>
    </trkpt>
    <trkpt lat="54.681273" lon="25.3283035">
        <ele>162.0</ele>
        <time>2022-01-02T11:06:07.000Z</time>
    </trkpt>
    <trkpt lat="54.6812833" lon="25.3282657">
        <ele>162.0</ele>
        <time>2022-01-02T11:06:08.000Z</time>
    </trkpt>
    <trkpt lat="54.6812937" lon="25.328228">
        <ele>163.0</ele>
        <time>2022-01-02T11:06:09.000Z</time>
    </trkpt>
    <trkpt lat="54.6813029" lon="25.3281885">
        <ele>163.0</ele>
        <time>2022-01-02T11:06:10.000Z</time>
    </trkpt>
    <trkpt lat="54.6813121" lon="25.328149">
        <ele>163.0</ele>
        <time>2022-01-02T11:06:11.000Z</time>
    </trkpt>
    <trkpt lat="54.6813204" lon="25.3281072">
        <ele>163.0</ele>
        <time>2022-01-02T11:06:12.000Z</time>
    </trkpt>
    <trkpt lat="54.6813287" lon="25.3280654">
        <ele>163.0</ele>
        <time>2022-01-02T11:06:13.000Z</time>
    </trkpt>
    <trkpt lat="54.6813374" lon="25.3280195">
        <ele>163.0</ele>
        <time>2022-01-02T11:06:14.000Z</time>
    </trkpt>
    <trkpt lat="54.6813462" lon="25.3279736">
        <ele>163.0</ele>
        <time>2022-01-02T11:06:15.000Z</time>
    </trkpt>
    <trkpt lat="54.6813566" lon="25.3279232">
        <ele>163.0</ele>
        <time>2022-01-02T11:06:16.000Z</time>
    </trkpt>
    <trkpt lat="54.6813671" lon="25.3278728">
        <ele>163.0</ele>
        <time>2022-01-02T11:06:17.000Z</time>
    </trkpt>
    <trkpt lat="54.6813806" lon="25.3278232">
        <ele>163.0</ele>
        <time>2022-01-02T11:06:18.000Z</time>
    </trkpt>
    <trkpt lat="54.6813942" lon="25.3277737">
        <ele>164.0</ele>
        <time>2022-01-02T11:06:19.000Z</time>
    </trkpt>
    <trkpt lat="54.6814112" lon="25.3277258">
        <ele>164.0</ele>
        <time>2022-01-02T11:06:20.000Z</time>
    </trkpt>
    <trkpt lat="54.6814282" lon="25.3276779">
        <ele>164.0</ele>
        <time>2022-01-02T11:06:21.000Z</time>
    </trkpt>
    <trkpt lat="54.6814457" lon="25.3276301">
        <ele>164.0</ele>
        <time>2022-01-02T11:06:22.000Z</time>
    </trkpt>
    <trkpt lat="54.6814632" lon="25.3275824">
        <ele>164.0</ele>
        <time>2022-01-02T11:06:23.000Z</time>
    </trkpt>
    <trkpt lat="54.6814765" lon="25.327535">
        <ele>164.0</ele>
        <time>2022-01-02T11:06:24.000Z</time>
    </trkpt>
    <trkpt lat="54.6814898" lon="25.3274877">
        <ele>164.0</ele>
        <time>2022-01-02T11:06:25.000Z</time>
    </trkpt>
    <trkpt lat="54.6814969" lon="25.3274381">
        <ele>164.0</ele>
        <time>2022-01-02T11:06:26.000Z</time>
    </trkpt>
    <trkpt lat="54.681504" lon="25.3273885">
        <ele>164.0</ele>
        <time>2022-01-02T11:06:27.000Z</time>
    </trkpt>
    <trkpt lat="54.6815095" lon="25.3273389">
        <ele>164.0</ele>
        <time>2022-01-02T11:06:28.000Z</time>
    </trkpt>
    <trkpt lat="54.681515" lon="25.3272893">
        <ele>164.0</ele>
        <time>2022-01-02T11:06:29.000Z</time>
    </trkpt>
    <trkpt lat="54.6815214" lon="25.3272412">
        <ele>164.0</ele>
        <time>2022-01-02T11:06:30.000Z</time>
    </trkpt>
    <trkpt lat="54.6815278" lon="25.3271931">
        <ele>164.0</ele>
        <time>2022-01-02T11:06:31.000Z</time>
    </trkpt>
    <trkpt lat="54.6815338" lon="25.3271452">
        <ele>164.0</ele>
        <time>2022-01-02T11:06:32.000Z</time>
    </trkpt>
    <trkpt lat="54.6815399" lon="25.3270973">
        <ele>164.0</ele>
        <time>2022-01-02T11:06:33.000Z</time>
    </trkpt>
    <trkpt lat="54.6815425" lon="25.3270473">
        <ele>164.0</ele>
        <time>2022-01-02T11:06:34.000Z</time>
    </trkpt>
    <trkpt lat="54.6815451" lon="25.3269973">
        <ele>164.0</ele>
        <time>2022-01-02T11:06:35.000Z</time>
    </trkpt>
    <trkpt lat="54.6815454" lon="25.3269427">
        <ele>164.0</ele>
        <time>2022-01-02T11:06:36.000Z</time>
    </trkpt>
    <trkpt lat="54.6815458" lon="25.3268881">
        <ele>164.0</ele>
        <time>2022-01-02T11:06:37.000Z</time>
    </trkpt>
    <trkpt lat="54.6815424" lon="25.3268348">
        <ele>164.0</ele>
        <time>2022-01-02T11:06:38.000Z</time>
    </trkpt>
    <trkpt lat="54.6815391" lon="25.3267816">
        <ele>164.0</ele>
        <time>2022-01-02T11:06:39.000Z</time>
    </trkpt>
    <trkpt lat="54.6815335" lon="25.3267281">
        <ele>164.0</ele>
        <time>2022-01-02T11:06:40.000Z</time>
    </trkpt>
    <trkpt lat="54.681528" lon="25.3266747">
        <ele>164.0</ele>
        <time>2022-01-02T11:06:41.000Z</time>
    </trkpt>
    <trkpt lat="54.6815228" lon="25.3266231">
        <ele>164.0</ele>
        <time>2022-01-02T11:06:42.000Z</time>
    </trkpt>
    <trkpt lat="54.6815176" lon="25.3265715">
        <ele>164.0</ele>
        <time>2022-01-02T11:06:43.000Z</time>
    </trkpt>
    <trkpt lat="54.6815104" lon="25.3265273">
        <ele>164.0</ele>
        <time>2022-01-02T11:06:44.000Z</time>
    </trkpt>
    <trkpt lat="54.6815033" lon="25.3264832">
        <ele>163.0</ele>
        <time>2022-01-02T11:06:45.000Z</time>
    </trkpt>
    <trkpt lat="54.6814922" lon="25.3264465">
        <ele>163.0</ele>
        <time>2022-01-02T11:06:46.000Z</time>
    </trkpt>
    <trkpt lat="54.6814811" lon="25.3264098">
        <ele>163.0</ele>
        <time>2022-01-02T11:06:47.000Z</time>
    </trkpt>
    <trkpt lat="54.6814705" lon="25.3263777">
        <ele>163.0</ele>
        <time>2022-01-02T11:06:48.000Z</time>
    </trkpt>
    <trkpt lat="54.68146" lon="25.3263457">
        <ele>163.0</ele>
        <time>2022-01-02T11:06:49.000Z</time>
    </trkpt>
    <trkpt lat="54.6814418" lon="25.326324">
        <ele>162.0</ele>
        <time>2022-01-02T11:06:50.000Z</time>
    </trkpt>
    <trkpt lat="54.6814236" lon="25.3263023">
        <ele>162.0</ele>
        <time>2022-01-02T11:06:51.000Z</time>
    </trkpt>
    <trkpt lat="54.6813974" lon="25.3262918">
        <ele>162.0</ele>
        <time>2022-01-02T11:06:52.000Z</time>
    </trkpt>
    <trkpt lat="54.6813712" lon="25.3262813">
        <ele>162.0</ele>
        <time>2022-01-02T11:06:53.000Z</time>
    </trkpt>
    <trkpt lat="54.6813399" lon="25.3262722">
        <ele>162.0</ele>
        <time>2022-01-02T11:06:54.000Z</time>
    </trkpt>
    <trkpt lat="54.6813087" lon="25.3262632">
        <ele>161.0</ele>
        <time>2022-01-02T11:06:55.000Z</time>
    </trkpt>
    <trkpt lat="54.6812759" lon="25.3262511">
        <ele>161.0</ele>
        <time>2022-01-02T11:06:56.000Z</time>
    </trkpt>
    <trkpt lat="54.6812432" lon="25.3262391">
        <ele>161.0</ele>
        <time>2022-01-02T11:06:57.000Z</time>
    </trkpt>
    <trkpt lat="54.6812106" lon="25.326223">
        <ele>161.0</ele>
        <time>2022-01-02T11:06:58.000Z</time>
    </trkpt>
    <trkpt lat="54.681178" lon="25.326207">
        <ele>161.0</ele>
        <time>2022-01-02T11:06:59.000Z</time>
    </trkpt>
    <trkpt lat="54.6811472" lon="25.3261892">
        <ele>160.0</ele>
        <time>2022-01-02T11:07:00.000Z</time>
    </trkpt>
    <trkpt lat="54.6811164" lon="25.3261714">
        <ele>160.0</ele>
        <time>2022-01-02T11:07:01.000Z</time>
    </trkpt>
    <trkpt lat="54.6810876" lon="25.3261538">
        <ele>160.0</ele>
        <time>2022-01-02T11:07:02.000Z</time>
    </trkpt>
    <trkpt lat="54.6810589" lon="25.3261362">
        <ele>160.0</ele>
        <time>2022-01-02T11:07:03.000Z</time>
    </trkpt>
    <trkpt lat="54.6810297" lon="25.3261213">
        <ele>160.0</ele>
        <time>2022-01-02T11:07:04.000Z</time>
    </trkpt>
    <trkpt lat="54.6810005" lon="25.3261065">
        <ele>160.0</ele>
        <time>2022-01-02T11:07:05.000Z</time>
    </trkpt>
    <trkpt lat="54.6809722" lon="25.3260918">
        <ele>160.0</ele>
        <time>2022-01-02T11:07:06.000Z</time>
    </trkpt>
    <trkpt lat="54.6809439" lon="25.3260771">
        <ele>160.0</ele>
        <time>2022-01-02T11:07:07.000Z</time>
    </trkpt>
    <trkpt lat="54.6809158" lon="25.3260593">
        <ele>160.0</ele>
        <time>2022-01-02T11:07:08.000Z</time>
    </trkpt>
    <trkpt lat="54.6808878" lon="25.3260416">
        <ele>160.0</ele>
        <time>2022-01-02T11:07:09.000Z</time>
    </trkpt>
    <trkpt lat="54.6808615" lon="25.3260198">
        <ele>160.0</ele>
        <time>2022-01-02T11:07:10.000Z</time>
    </trkpt>
    <trkpt lat="54.6808353" lon="25.325998">
        <ele>160.0</ele>
        <time>2022-01-02T11:07:11.000Z</time>
    </trkpt>
    <trkpt lat="54.6808155" lon="25.3259699">
        <ele>160.0</ele>
        <time>2022-01-02T11:07:12.000Z</time>
    </trkpt>
    <trkpt lat="54.6807958" lon="25.3259418">
        <ele>160.0</ele>
        <time>2022-01-02T11:07:13.000Z</time>
    </trkpt>
    <trkpt lat="54.6807854" lon="25.3259057">
        <ele>160.0</ele>
        <time>2022-01-02T11:07:14.000Z</time>
    </trkpt>
    <trkpt lat="54.680775" lon="25.3258696">
        <ele>160.0</ele>
        <time>2022-01-02T11:07:15.000Z</time>
    </trkpt>
    <trkpt lat="54.6807707" lon="25.3258214">
        <ele>160.0</ele>
        <time>2022-01-02T11:07:16.000Z</time>
    </trkpt>
    <trkpt lat="54.6807664" lon="25.3257733">
        <ele>160.0</ele>
        <time>2022-01-02T11:07:17.000Z</time>
    </trkpt>
    <trkpt lat="54.6807636" lon="25.3257162">
        <ele>160.0</ele>
        <time>2022-01-02T11:07:18.000Z</time>
    </trkpt>
    <trkpt lat="54.6807608" lon="25.3256591">
        <ele>160.0</ele>
        <time>2022-01-02T11:07:19.000Z</time>
    </trkpt>
    <trkpt lat="54.680755" lon="25.3255995">
        <ele>159.0</ele>
        <time>2022-01-02T11:07:20.000Z</time>
    </trkpt>
    <trkpt lat="54.6807492" lon="25.32554">
        <ele>159.0</ele>
        <time>2022-01-02T11:07:21.000Z</time>
    </trkpt>
    <trkpt lat="54.6807401" lon="25.3254822">
        <ele>159.0</ele>
        <time>2022-01-02T11:07:22.000Z</time>
    </trkpt>
    <trkpt lat="54.680731" lon="25.3254245">
        <ele>159.0</ele>
        <time>2022-01-02T11:07:23.000Z</time>
    </trkpt>
    <trkpt lat="54.6807233" lon="25.32537">
        <ele>159.0</ele>
        <time>2022-01-02T11:07:24.000Z</time>
    </trkpt>
    <trkpt lat="54.6807156" lon="25.3253155">
        <ele>159.0</ele>
        <time>2022-01-02T11:07:25.000Z</time>
    </trkpt>
    <trkpt lat="54.6807137" lon="25.3252625">
        <ele>159.0</ele>
        <time>2022-01-02T11:07:26.000Z</time>
    </trkpt>
    <trkpt lat="54.6807119" lon="25.3252095">
        <ele>159.0</ele>
        <time>2022-01-02T11:07:27.000Z</time>
    </trkpt>
    <trkpt lat="54.6807119" lon="25.3251583">
        <ele>159.0</ele>
        <time>2022-01-02T11:07:28.000Z</time>
    </trkpt>
    <trkpt lat="54.6807119" lon="25.3251072">
        <ele>159.0</ele>
        <time>2022-01-02T11:07:29.000Z</time>
    </trkpt>
    <trkpt lat="54.6807125" lon="25.3250578">
        <ele>159.0</ele>
        <time>2022-01-02T11:07:30.000Z</time>
    </trkpt>
    <trkpt lat="54.6807131" lon="25.3250084">
        <ele>159.0</ele>
        <time>2022-01-02T11:07:31.000Z</time>
    </trkpt>
    <trkpt lat="54.6807116" lon="25.3249608">
        <ele>159.0</ele>
        <time>2022-01-02T11:07:32.000Z</time>
    </trkpt>
    <trkpt lat="54.6807101" lon="25.3249132">
        <ele>159.0</ele>
        <time>2022-01-02T11:07:33.000Z</time>
    </trkpt>
    <trkpt lat="54.6807071" lon="25.324867">
        <ele>160.0</ele>
        <time>2022-01-02T11:07:34.000Z</time>
    </trkpt>
    <trkpt lat="54.6807042" lon="25.3248209">
        <ele>160.0</ele>
        <time>2022-01-02T11:07:35.000Z</time>
    </trkpt>
    <trkpt lat="54.6806998" lon="25.324775">
        <ele>160.0</ele>
        <time>2022-01-02T11:07:36.000Z</time>
    </trkpt>
    <trkpt lat="54.6806955" lon="25.3247292">
        <ele>160.0</ele>
        <time>2022-01-02T11:07:37.000Z</time>
    </trkpt>
    <trkpt lat="54.6806924" lon="25.3246816">
        <ele>160.0</ele>
        <time>2022-01-02T11:07:38.000Z</time>
    </trkpt>
    <trkpt lat="54.6806893" lon="25.324634">
        <ele>160.0</ele>
        <time>2022-01-02T11:07:39.000Z</time>
    </trkpt>
    <trkpt lat="54.6806875" lon="25.324582">
        <ele>160.0</ele>
        <time>2022-01-02T11:07:40.000Z</time>
    </trkpt>
    <trkpt lat="54.6806858" lon="25.3245301">
        <ele>160.0</ele>
        <time>2022-01-02T11:07:41.000Z</time>
    </trkpt>
    <trkpt lat="54.6806836" lon="25.3244747">
        <ele>160.0</ele>
        <time>2022-01-02T11:07:42.000Z</time>
    </trkpt>
    <trkpt lat="54.6806815" lon="25.3244193">
        <ele>160.0</ele>
        <time>2022-01-02T11:07:43.000Z</time>
    </trkpt>
    <trkpt lat="54.6806776" lon="25.3243622">
        <ele>160.0</ele>
        <time>2022-01-02T11:07:44.000Z</time>
    </trkpt>
    <trkpt lat="54.6806737" lon="25.3243051">
        <ele>160.0</ele>
        <time>2022-01-02T11:07:45.000Z</time>
    </trkpt>
    <trkpt lat="54.6806729" lon="25.3242526">
        <ele>160.0</ele>
        <time>2022-01-02T11:07:46.000Z</time>
    </trkpt>
    <trkpt lat="54.6806721" lon="25.3242001">
        <ele>160.0</ele>
        <time>2022-01-02T11:07:47.000Z</time>
    </trkpt>
    <trkpt lat="54.6806715" lon="25.3241512">
        <ele>160.0</ele>
        <time>2022-01-02T11:07:48.000Z</time>
    </trkpt>
    <trkpt lat="54.680671" lon="25.3241023">
        <ele>160.0</ele>
        <time>2022-01-02T11:07:49.000Z</time>
    </trkpt>
    <trkpt lat="54.6806696" lon="25.3240514">
        <ele>160.0</ele>
        <time>2022-01-02T11:07:50.000Z</time>
    </trkpt>
    <trkpt lat="54.6806683" lon="25.3240005">
        <ele>160.0</ele>
        <time>2022-01-02T11:07:51.000Z</time>
    </trkpt>
    <trkpt lat="54.6806677" lon="25.3239468">
        <ele>160.0</ele>
        <time>2022-01-02T11:07:52.000Z</time>
    </trkpt>
    <trkpt lat="54.6806671" lon="25.3238931">
        <ele>160.0</ele>
        <time>2022-01-02T11:07:53.000Z</time>
    </trkpt>
    <trkpt lat="54.6806682" lon="25.3238383">
        <ele>160.0</ele>
        <time>2022-01-02T11:07:54.000Z</time>
    </trkpt>
    <trkpt lat="54.6806693" lon="25.3237835">
        <ele>160.0</ele>
        <time>2022-01-02T11:07:55.000Z</time>
    </trkpt>
    <trkpt lat="54.6806724" lon="25.3237301">
        <ele>160.0</ele>
        <time>2022-01-02T11:07:56.000Z</time>
    </trkpt>
    <trkpt lat="54.6806755" lon="25.3236768">
        <ele>160.0</ele>
        <time>2022-01-02T11:07:57.000Z</time>
    </trkpt>
    <trkpt lat="54.6806782" lon="25.3236243">
        <ele>160.0</ele>
        <time>2022-01-02T11:07:58.000Z</time>
    </trkpt>
    <trkpt lat="54.680681" lon="25.3235719">
        <ele>160.0</ele>
        <time>2022-01-02T11:07:59.000Z</time>
    </trkpt>
    <trkpt lat="54.6806829" lon="25.3235225">
        <ele>160.0</ele>
        <time>2022-01-02T11:08:00.000Z</time>
    </trkpt>
    <trkpt lat="54.6806848" lon="25.3234732">
        <ele>160.0</ele>
        <time>2022-01-02T11:08:01.000Z</time>
    </trkpt>
    <trkpt lat="54.6806864" lon="25.3234249">
        <ele>160.0</ele>
        <time>2022-01-02T11:08:02.000Z</time>
    </trkpt>
    <trkpt lat="54.6806881" lon="25.3233767">
        <ele>160.0</ele>
        <time>2022-01-02T11:08:03.000Z</time>
    </trkpt>
    <trkpt lat="54.6806899" lon="25.323327">
        <ele>161.0</ele>
        <time>2022-01-02T11:08:04.000Z</time>
    </trkpt>
    <trkpt lat="54.6806917" lon="25.3232774">
        <ele>160.0</ele>
        <time>2022-01-02T11:08:05.000Z</time>
    </trkpt>
    <trkpt lat="54.6806928" lon="25.3232252">
        <ele>160.0</ele>
        <time>2022-01-02T11:08:06.000Z</time>
    </trkpt>
    <trkpt lat="54.6806939" lon="25.323173">
        <ele>160.0</ele>
        <time>2022-01-02T11:08:07.000Z</time>
    </trkpt>
    <trkpt lat="54.6806935" lon="25.323119">
        <ele>160.0</ele>
        <time>2022-01-02T11:08:08.000Z</time>
    </trkpt>
    <trkpt lat="54.6806932" lon="25.323065">
        <ele>160.0</ele>
        <time>2022-01-02T11:08:09.000Z</time>
    </trkpt>
    <trkpt lat="54.6806921" lon="25.3230119">
        <ele>160.0</ele>
        <time>2022-01-02T11:08:10.000Z</time>
    </trkpt>
    <trkpt lat="54.6806911" lon="25.3229589">
        <ele>160.0</ele>
        <time>2022-01-02T11:08:11.000Z</time>
    </trkpt>
    <trkpt lat="54.68069" lon="25.3229059">
        <ele>160.0</ele>
        <time>2022-01-02T11:08:12.000Z</time>
    </trkpt>
    <trkpt lat="54.680689" lon="25.3228529">
        <ele>160.0</ele>
        <time>2022-01-02T11:08:13.000Z</time>
    </trkpt>
    <trkpt lat="54.6806886" lon="25.3227988">
        <ele>161.0</ele>
        <time>2022-01-02T11:08:14.000Z</time>
    </trkpt>
    <trkpt lat="54.6806883" lon="25.3227447">
        <ele>161.0</ele>
        <time>2022-01-02T11:08:15.000Z</time>
    </trkpt>
    <trkpt lat="54.6806888" lon="25.3226899">
        <ele>161.0</ele>
        <time>2022-01-02T11:08:16.000Z</time>
    </trkpt>
    <trkpt lat="54.6806893" lon="25.3226352">
        <ele>161.0</ele>
        <time>2022-01-02T11:08:17.000Z</time>
    </trkpt>
    <trkpt lat="54.6806898" lon="25.3225825">
        <ele>161.0</ele>
        <time>2022-01-02T11:08:18.000Z</time>
    </trkpt>
    <trkpt lat="54.6806904" lon="25.3225299">
        <ele>162.0</ele>
        <time>2022-01-02T11:08:19.000Z</time>
    </trkpt>
    <trkpt lat="54.6806888" lon="25.3224776">
        <ele>162.0</ele>
        <time>2022-01-02T11:08:20.000Z</time>
    </trkpt>
    <trkpt lat="54.6806872" lon="25.3224253">
        <ele>162.0</ele>
        <time>2022-01-02T11:08:21.000Z</time>
    </trkpt>
    <trkpt lat="54.6806849" lon="25.3223717">
        <ele>162.0</ele>
        <time>2022-01-02T11:08:22.000Z</time>
    </trkpt>
    <trkpt lat="54.6806827" lon="25.3223182">
        <ele>162.0</ele>
        <time>2022-01-02T11:08:23.000Z</time>
    </trkpt>
    <trkpt lat="54.6806802" lon="25.3222658">
        <ele>162.0</ele>
        <time>2022-01-02T11:08:24.000Z</time>
    </trkpt>
    <trkpt lat="54.6806777" lon="25.3222134">
        <ele>162.0</ele>
        <time>2022-01-02T11:08:25.000Z</time>
    </trkpt>
    <trkpt lat="54.6806747" lon="25.3221625">
        <ele>162.0</ele>
        <time>2022-01-02T11:08:26.000Z</time>
    </trkpt>
    <trkpt lat="54.6806717" lon="25.3221117">
        <ele>162.0</ele>
        <time>2022-01-02T11:08:27.000Z</time>
    </trkpt>
    <trkpt lat="54.6806644" lon="25.3220622">
        <ele>162.0</ele>
        <time>2022-01-02T11:08:28.000Z</time>
    </trkpt>
    <trkpt lat="54.6806572" lon="25.3220128">
        <ele>162.0</ele>
        <time>2022-01-02T11:08:29.000Z</time>
    </trkpt>
    <trkpt lat="54.6806394" lon="25.3219695">
        <ele>162.0</ele>
        <time>2022-01-02T11:08:30.000Z</time>
    </trkpt>
    <trkpt lat="54.6806217" lon="25.3219262">
        <ele>162.0</ele>
        <time>2022-01-02T11:08:31.000Z</time>
    </trkpt>
    <trkpt lat="54.6805906" lon="25.321894">
        <ele>162.0</ele>
        <time>2022-01-02T11:08:32.000Z</time>
    </trkpt>
    <trkpt lat="54.6805596" lon="25.3218619">
        <ele>162.0</ele>
        <time>2022-01-02T11:08:33.000Z</time>
    </trkpt>
    <trkpt lat="54.6805163" lon="25.3218393">
        <ele>163.0</ele>
        <time>2022-01-02T11:08:34.000Z</time>
    </trkpt>
    <trkpt lat="54.6804731" lon="25.3218167">
        <ele>163.0</ele>
        <time>2022-01-02T11:08:35.000Z</time>
    </trkpt>
    <trkpt lat="54.6804293" lon="25.3218">
        <ele>163.0</ele>
        <time>2022-01-02T11:08:36.000Z</time>
    </trkpt>
    <trkpt lat="54.6803855" lon="25.3217834">
        <ele>163.0</ele>
        <time>2022-01-02T11:08:37.000Z</time>
    </trkpt>
    <trkpt lat="54.6803428" lon="25.3217698">
        <ele>163.0</ele>
        <time>2022-01-02T11:08:38.000Z</time>
    </trkpt>
    <trkpt lat="54.6803002" lon="25.3217562">
        <ele>163.0</ele>
        <time>2022-01-02T11:08:39.000Z</time>
    </trkpt>
    <trkpt lat="54.6802602" lon="25.3217435">
        <ele>162.0</ele>
        <time>2022-01-02T11:08:40.000Z</time>
    </trkpt>
    <trkpt lat="54.6802202" lon="25.3217309">
        <ele>162.0</ele>
        <time>2022-01-02T11:08:41.000Z</time>
    </trkpt>
    <trkpt lat="54.6801801" lon="25.3217214">
        <ele>162.0</ele>
        <time>2022-01-02T11:08:42.000Z</time>
    </trkpt>
    <trkpt lat="54.68014" lon="25.3217119">
        <ele>162.0</ele>
        <time>2022-01-02T11:08:43.000Z</time>
    </trkpt>
    <trkpt lat="54.6801006" lon="25.3217063">
        <ele>162.0</ele>
        <time>2022-01-02T11:08:44.000Z</time>
    </trkpt>
    <trkpt lat="54.6800613" lon="25.3217007">
        <ele>162.0</ele>
        <time>2022-01-02T11:08:45.000Z</time>
    </trkpt>
    <trkpt lat="54.6800225" lon="25.3216949">
        <ele>162.0</ele>
        <time>2022-01-02T11:08:46.000Z</time>
    </trkpt>
    <trkpt lat="54.6799838" lon="25.3216891">
        <ele>162.0</ele>
        <time>2022-01-02T11:08:47.000Z</time>
    </trkpt>
    <trkpt lat="54.6799475" lon="25.3216815">
        <ele>162.0</ele>
        <time>2022-01-02T11:08:48.000Z</time>
    </trkpt>
    <trkpt lat="54.6799113" lon="25.3216739">
        <ele>162.0</ele>
        <time>2022-01-02T11:08:49.000Z</time>
    </trkpt>
    <trkpt lat="54.679878" lon="25.3216667">
        <ele>161.0</ele>
        <time>2022-01-02T11:08:50.000Z</time>
    </trkpt>
    <trkpt lat="54.6798447" lon="25.3216595">
        <ele>161.0</ele>
        <time>2022-01-02T11:08:51.000Z</time>
    </trkpt>
    <trkpt lat="54.6798125" lon="25.321652">
        <ele>161.0</ele>
        <time>2022-01-02T11:08:52.000Z</time>
    </trkpt>
    <trkpt lat="54.6797804" lon="25.3216446">
        <ele>161.0</ele>
        <time>2022-01-02T11:08:53.000Z</time>
    </trkpt>
    <trkpt lat="54.6797486" lon="25.3216354">
        <ele>161.0</ele>
        <time>2022-01-02T11:08:54.000Z</time>
    </trkpt>
    <trkpt lat="54.6797168" lon="25.3216262">
        <ele>160.0</ele>
        <time>2022-01-02T11:08:55.000Z</time>
    </trkpt>
    <trkpt lat="54.6796876" lon="25.3216207">
        <ele>160.0</ele>
        <time>2022-01-02T11:08:56.000Z</time>
    </trkpt>
    <trkpt lat="54.6796585" lon="25.3216152">
        <ele>160.0</ele>
        <time>2022-01-02T11:08:57.000Z</time>
    </trkpt>
    <trkpt lat="54.6796302" lon="25.3216192">
        <ele>160.0</ele>
        <time>2022-01-02T11:08:58.000Z</time>
    </trkpt>
    <trkpt lat="54.6796019" lon="25.3216232">
        <ele>160.0</ele>
        <time>2022-01-02T11:08:59.000Z</time>
    </trkpt>
    <trkpt lat="54.6795735" lon="25.3216396">
        <ele>159.0</ele>
        <time>2022-01-02T11:09:00.000Z</time>
    </trkpt>
    <trkpt lat="54.6795452" lon="25.321656">
        <ele>159.0</ele>
        <time>2022-01-02T11:09:01.000Z</time>
    </trkpt>
    <trkpt lat="54.6795188" lon="25.3216862">
        <ele>159.0</ele>
        <time>2022-01-02T11:09:02.000Z</time>
    </trkpt>
    <trkpt lat="54.6794925" lon="25.3217165">
        <ele>159.0</ele>
        <time>2022-01-02T11:09:03.000Z</time>
    </trkpt>
    <trkpt lat="54.6794683" lon="25.3217538">
        <ele>159.0</ele>
        <time>2022-01-02T11:09:04.000Z</time>
    </trkpt>
    <trkpt lat="54.6794441" lon="25.3217912">
        <ele>158.0</ele>
        <time>2022-01-02T11:09:05.000Z</time>
    </trkpt>
    <trkpt lat="54.6794262" lon="25.3218261">
        <ele>158.0</ele>
        <time>2022-01-02T11:09:06.000Z</time>
    </trkpt>
    <trkpt lat="54.6794083" lon="25.3218611">
        <ele>158.0</ele>
        <time>2022-01-02T11:09:07.000Z</time>
    </trkpt>
    <trkpt lat="54.6793952" lon="25.3218891">
        <ele>158.0</ele>
        <time>2022-01-02T11:09:08.000Z</time>
    </trkpt>
    <trkpt lat="54.6793821" lon="25.3219171">
        <ele>158.0</ele>
        <time>2022-01-02T11:09:09.000Z</time>
    </trkpt>
    <trkpt lat="54.6793708" lon="25.3219419">
        <ele>157.0</ele>
        <time>2022-01-02T11:09:10.000Z</time>
    </trkpt>
    <trkpt lat="54.6793595" lon="25.3219667">
        <ele>157.0</ele>
        <time>2022-01-02T11:09:11.000Z</time>
    </trkpt>
    <trkpt lat="54.6793452" lon="25.3219893">
        <ele>156.0</ele>
        <time>2022-01-02T11:09:12.000Z</time>
    </trkpt>
    <trkpt lat="54.679331" lon="25.322012">
        <ele>156.0</ele>
        <time>2022-01-02T11:09:13.000Z</time>
    </trkpt>
    <trkpt lat="54.679312" lon="25.3220392">
        <ele>156.0</ele>
        <time>2022-01-02T11:09:14.000Z</time>
    </trkpt>
    <trkpt lat="54.6792931" lon="25.3220665">
        <ele>155.0</ele>
        <time>2022-01-02T11:09:15.000Z</time>
    </trkpt>
    <trkpt lat="54.6792741" lon="25.3220989">
        <ele>155.0</ele>
        <time>2022-01-02T11:09:16.000Z</time>
    </trkpt>
    <trkpt lat="54.6792552" lon="25.3221313">
        <ele>155.0</ele>
        <time>2022-01-02T11:09:17.000Z</time>
    </trkpt>
    <trkpt lat="54.6792389" lon="25.3221619">
        <ele>155.0</ele>
        <time>2022-01-02T11:09:18.000Z</time>
    </trkpt>
    <trkpt lat="54.6792227" lon="25.3221926">
        <ele>155.0</ele>
        <time>2022-01-02T11:09:19.000Z</time>
    </trkpt>
    <trkpt lat="54.6792072" lon="25.3222225">
        <ele>155.0</ele>
        <time>2022-01-02T11:09:20.000Z</time>
    </trkpt>
    <trkpt lat="54.6791917" lon="25.3222525">
        <ele>155.0</ele>
        <time>2022-01-02T11:09:21.000Z</time>
    </trkpt>
    <trkpt lat="54.6791762" lon="25.3222842">
        <ele>155.0</ele>
        <time>2022-01-02T11:09:22.000Z</time>
    </trkpt>
    <trkpt lat="54.6791607" lon="25.322316">
        <ele>155.0</ele>
        <time>2022-01-02T11:09:23.000Z</time>
    </trkpt>
    <trkpt lat="54.6791497" lon="25.322349">
        <ele>155.0</ele>
        <time>2022-01-02T11:09:24.000Z</time>
    </trkpt>
    <trkpt lat="54.6791387" lon="25.3223821">
        <ele>155.0</ele>
        <time>2022-01-02T11:09:25.000Z</time>
    </trkpt>
    <trkpt lat="54.679134" lon="25.322412">
        <ele>155.0</ele>
        <time>2022-01-02T11:09:26.000Z</time>
    </trkpt>
    <trkpt lat="54.6791294" lon="25.3224419">
        <ele>155.0</ele>
        <time>2022-01-02T11:09:27.000Z</time>
    </trkpt>
    <trkpt lat="54.6791284" lon="25.3224676">
        <ele>155.0</ele>
        <time>2022-01-02T11:09:28.000Z</time>
    </trkpt>
    <trkpt lat="54.6791275" lon="25.3224933">
        <ele>155.0</ele>
        <time>2022-01-02T11:09:29.000Z</time>
    </trkpt>
    <trkpt lat="54.6791251" lon="25.3225156">
        <ele>155.0</ele>
        <time>2022-01-02T11:09:30.000Z</time>
    </trkpt>
    <trkpt lat="54.6791227" lon="25.3225379">
        <ele>155.0</ele>
        <time>2022-01-02T11:09:31.000Z</time>
    </trkpt>
    <trkpt lat="54.6791126" lon="25.3225592">
        <ele>155.0</ele>
        <time>2022-01-02T11:09:32.000Z</time>
    </trkpt>
    <trkpt lat="54.6791026" lon="25.3225805">
        <ele>155.0</ele>
        <time>2022-01-02T11:09:33.000Z</time>
    </trkpt>
    <trkpt lat="54.6790913" lon="25.3226055">
        <ele>156.0</ele>
        <time>2022-01-02T11:09:34.000Z</time>
    </trkpt>
    <trkpt lat="54.6790801" lon="25.3226306">
        <ele>156.0</ele>
        <time>2022-01-02T11:09:35.000Z</time>
    </trkpt>
    <trkpt lat="54.679077" lon="25.3226614">
        <ele>156.0</ele>
        <time>2022-01-02T11:09:36.000Z</time>
    </trkpt>
    <trkpt lat="54.679074" lon="25.3226922">
        <ele>156.0</ele>
        <time>2022-01-02T11:09:37.000Z</time>
    </trkpt>
    <trkpt lat="54.679082" lon="25.322723">
        <ele>156.0</ele>
        <time>2022-01-02T11:09:38.000Z</time>
    </trkpt>
    <trkpt lat="54.6790901" lon="25.3227538">
        <ele>157.0</ele>
        <time>2022-01-02T11:09:39.000Z</time>
    </trkpt>
    <trkpt lat="54.6791092" lon="25.322776">
        <ele>157.0</ele>
        <time>2022-01-02T11:09:40.000Z</time>
    </trkpt>
    <trkpt lat="54.6791283" lon="25.3227982">
        <ele>157.0</ele>
        <time>2022-01-02T11:09:41.000Z</time>
    </trkpt>
    <trkpt lat="54.6791541" lon="25.3228117">
        <ele>157.0</ele>
        <time>2022-01-02T11:09:42.000Z</time>
    </trkpt>
    <trkpt lat="54.67918" lon="25.3228252">
        <ele>157.0</ele>
        <time>2022-01-02T11:09:43.000Z</time>
    </trkpt>
    <trkpt lat="54.679204" lon="25.3228334">
        <ele>158.0</ele>
        <time>2022-01-02T11:09:44.000Z</time>
    </trkpt>
    <trkpt lat="54.679228" lon="25.3228416">
        <ele>158.0</ele>
        <time>2022-01-02T11:09:45.000Z</time>
    </trkpt>
    <trkpt lat="54.6792477" lon="25.322844">
        <ele>158.0</ele>
        <time>2022-01-02T11:09:46.000Z</time>
    </trkpt>
    <trkpt lat="54.6792674" lon="25.3228465">
        <ele>158.0</ele>
        <time>2022-01-02T11:09:47.000Z</time>
    </trkpt>
    <trkpt lat="54.6792861" lon="25.322847">
        <ele>158.0</ele>
        <time>2022-01-02T11:09:48.000Z</time>
    </trkpt>
    <trkpt lat="54.6793048" lon="25.3228476">
        <ele>158.0</ele>
        <time>2022-01-02T11:09:49.000Z</time>
    </trkpt>
    <trkpt lat="54.6793256" lon="25.3228565">
        <ele>158.0</ele>
        <time>2022-01-02T11:09:50.000Z</time>
    </trkpt>
    <trkpt lat="54.6793465" lon="25.3228655">
        <ele>158.0</ele>
        <time>2022-01-02T11:09:51.000Z</time>
    </trkpt>
    <trkpt lat="54.6793662" lon="25.3228872">
        <ele>158.0</ele>
        <time>2022-01-02T11:09:52.000Z</time>
    </trkpt>
    <trkpt lat="54.6793859" lon="25.3229089">
        <ele>158.0</ele>
        <time>2022-01-02T11:09:53.000Z</time>
    </trkpt>
    <trkpt lat="54.6794031" lon="25.3229385">
        <ele>158.0</ele>
        <time>2022-01-02T11:09:54.000Z</time>
    </trkpt>
    <trkpt lat="54.6794204" lon="25.3229681">
        <ele>158.0</ele>
        <time>2022-01-02T11:09:55.000Z</time>
    </trkpt>
    <trkpt lat="54.6794305" lon="25.3230007">
        <ele>158.0</ele>
        <time>2022-01-02T11:09:56.000Z</time>
    </trkpt>
    <trkpt lat="54.6794406" lon="25.3230333">
        <ele>158.0</ele>
        <time>2022-01-02T11:09:57.000Z</time>
    </trkpt>
    <trkpt lat="54.6794381" lon="25.3230677">
        <ele>158.0</ele>
        <time>2022-01-02T11:09:58.000Z</time>
    </trkpt>
    <trkpt lat="54.6794356" lon="25.3231021">
        <ele>158.0</ele>
        <time>2022-01-02T11:09:59.000Z</time>
    </trkpt>
    <trkpt lat="54.6794262" lon="25.3231393">
        <ele>158.0</ele>
        <time>2022-01-02T11:10:00.000Z</time>
    </trkpt>
    <trkpt lat="54.6794168" lon="25.3231765">
        <ele>158.0</ele>
        <time>2022-01-02T11:10:01.000Z</time>
    </trkpt>
    <trkpt lat="54.6794102" lon="25.3232189">
        <ele>158.0</ele>
        <time>2022-01-02T11:10:02.000Z</time>
    </trkpt>
    <trkpt lat="54.6794036" lon="25.3232613">
        <ele>158.0</ele>
        <time>2022-01-02T11:10:03.000Z</time>
    </trkpt>
    <trkpt lat="54.6794024" lon="25.3233095">
        <ele>158.0</ele>
        <time>2022-01-02T11:10:04.000Z</time>
    </trkpt>
    <trkpt lat="54.6794013" lon="25.3233578">
        <ele>158.0</ele>
        <time>2022-01-02T11:10:05.000Z</time>
    </trkpt>
    <trkpt lat="54.6794033" lon="25.3234078">
        <ele>158.0</ele>
        <time>2022-01-02T11:10:06.000Z</time>
    </trkpt>
    <trkpt lat="54.6794053" lon="25.3234578">
        <ele>158.0</ele>
        <time>2022-01-02T11:10:07.000Z</time>
    </trkpt>
    <trkpt lat="54.6794088" lon="25.3235058">
        <ele>158.0</ele>
        <time>2022-01-02T11:10:08.000Z</time>
    </trkpt>
    <trkpt lat="54.6794124" lon="25.3235538">
        <ele>159.0</ele>
        <time>2022-01-02T11:10:09.000Z</time>
    </trkpt>
    <trkpt lat="54.6794133" lon="25.3236027">
        <ele>159.0</ele>
        <time>2022-01-02T11:10:10.000Z</time>
    </trkpt>
    <trkpt lat="54.6794143" lon="25.3236517">
        <ele>159.0</ele>
        <time>2022-01-02T11:10:11.000Z</time>
    </trkpt>
    <trkpt lat="54.6794125" lon="25.3237013">
        <ele>159.0</ele>
        <time>2022-01-02T11:10:12.000Z</time>
    </trkpt>
    <trkpt lat="54.6794108" lon="25.3237509">
        <ele>159.0</ele>
        <time>2022-01-02T11:10:13.000Z</time>
    </trkpt>
    <trkpt lat="54.6794137" lon="25.3237978">
        <ele>160.0</ele>
        <time>2022-01-02T11:10:14.000Z</time>
    </trkpt>
    <trkpt lat="54.6794166" lon="25.3238448">
        <ele>159.0</ele>
        <time>2022-01-02T11:10:15.000Z</time>
    </trkpt>
    <trkpt lat="54.6794202" lon="25.3238898">
        <ele>159.0</ele>
        <time>2022-01-02T11:10:16.000Z</time>
    </trkpt>
    <trkpt lat="54.6794239" lon="25.3239348">
        <ele>159.0</ele>
        <time>2022-01-02T11:10:17.000Z</time>
    </trkpt>
    <trkpt lat="54.6794269" lon="25.3239807">
        <ele>159.0</ele>
        <time>2022-01-02T11:10:18.000Z</time>
    </trkpt>
    <trkpt lat="54.67943" lon="25.3240267">
        <ele>159.0</ele>
        <time>2022-01-02T11:10:19.000Z</time>
    </trkpt>
    <trkpt lat="54.6794353" lon="25.3240708">
        <ele>159.0</ele>
        <time>2022-01-02T11:10:20.000Z</time>
    </trkpt>
    <trkpt lat="54.6794407" lon="25.324115">
        <ele>159.0</ele>
        <time>2022-01-02T11:10:21.000Z</time>
    </trkpt>
    <trkpt lat="54.6794476" lon="25.3241568">
        <ele>159.0</ele>
        <time>2022-01-02T11:10:22.000Z</time>
    </trkpt>
    <trkpt lat="54.6794546" lon="25.3241987">
        <ele>159.0</ele>
        <time>2022-01-02T11:10:23.000Z</time>
    </trkpt>
    <trkpt lat="54.6794623" lon="25.3242406">
        <ele>160.0</ele>
        <time>2022-01-02T11:10:24.000Z</time>
    </trkpt>
    <trkpt lat="54.6794701" lon="25.3242826">
        <ele>159.0</ele>
        <time>2022-01-02T11:10:25.000Z</time>
    </trkpt>
    <trkpt lat="54.6794795" lon="25.3243239">
        <ele>159.0</ele>
        <time>2022-01-02T11:10:26.000Z</time>
    </trkpt>
    <trkpt lat="54.679489" lon="25.3243652">
        <ele>159.0</ele>
        <time>2022-01-02T11:10:27.000Z</time>
    </trkpt>
    <trkpt lat="54.6795036" lon="25.3244051">
        <ele>159.0</ele>
        <time>2022-01-02T11:10:28.000Z</time>
    </trkpt>
    <trkpt lat="54.6795183" lon="25.324445">
        <ele>159.0</ele>
        <time>2022-01-02T11:10:29.000Z</time>
    </trkpt>
    <trkpt lat="54.6795411" lon="25.3244825">
        <ele>159.0</ele>
        <time>2022-01-02T11:10:30.000Z</time>
    </trkpt>
    <trkpt lat="54.679564" lon="25.3245201">
        <ele>159.0</ele>
        <time>2022-01-02T11:10:31.000Z</time>
    </trkpt>
    <trkpt lat="54.6795898" lon="25.3245491">
        <ele>159.0</ele>
        <time>2022-01-02T11:10:32.000Z</time>
    </trkpt>
    <trkpt lat="54.6796156" lon="25.3245781">
        <ele>159.0</ele>
        <time>2022-01-02T11:10:33.000Z</time>
    </trkpt>
    <trkpt lat="54.6796397" lon="25.3245883">
        <ele>159.0</ele>
        <time>2022-01-02T11:10:34.000Z</time>
    </trkpt>
    <trkpt lat="54.6796639" lon="25.3245985">
        <ele>159.0</ele>
        <time>2022-01-02T11:10:35.000Z</time>
    </trkpt>
    <trkpt lat="54.6796888" lon="25.3245889">
        <ele>159.0</ele>
        <time>2022-01-02T11:10:36.000Z</time>
    </trkpt>
    <trkpt lat="54.6797137" lon="25.3245793">
        <ele>159.0</ele>
        <time>2022-01-02T11:10:37.000Z</time>
    </trkpt>
    <trkpt lat="54.6797366" lon="25.3245664">
        <ele>159.0</ele>
        <time>2022-01-02T11:10:38.000Z</time>
    </trkpt>
    <trkpt lat="54.6797595" lon="25.3245536">
        <ele>159.0</ele>
        <time>2022-01-02T11:10:39.000Z</time>
    </trkpt>
    <trkpt lat="54.6797757" lon="25.3245566">
        <ele>159.0</ele>
        <time>2022-01-02T11:10:40.000Z</time>
    </trkpt>
    <trkpt lat="54.679792" lon="25.3245597">
        <ele>159.0</ele>
        <time>2022-01-02T11:10:41.000Z</time>
    </trkpt>
    <trkpt lat="54.6798024" lon="25.3245853">
        <ele>159.0</ele>
        <time>2022-01-02T11:10:42.000Z</time>
    </trkpt>
    <trkpt lat="54.6798129" lon="25.3246109">
        <ele>159.0</ele>
        <time>2022-01-02T11:10:43.000Z</time>
    </trkpt>
    <trkpt lat="54.679821" lon="25.3246522">
        <ele>159.0</ele>
        <time>2022-01-02T11:10:44.000Z</time>
    </trkpt>
    <trkpt lat="54.6798292" lon="25.3246935">
        <ele>159.0</ele>
        <time>2022-01-02T11:10:45.000Z</time>
    </trkpt>
    <trkpt lat="54.6798353" lon="25.3247393">
        <ele>159.0</ele>
        <time>2022-01-02T11:10:46.000Z</time>
    </trkpt>
    <trkpt lat="54.6798414" lon="25.3247851">
        <ele>159.0</ele>
        <time>2022-01-02T11:10:47.000Z</time>
    </trkpt>
    <trkpt lat="54.6798453" lon="25.3248296">
        <ele>159.0</ele>
        <time>2022-01-02T11:10:48.000Z</time>
    </trkpt>
    <trkpt lat="54.6798492" lon="25.3248741">
        <ele>160.0</ele>
        <time>2022-01-02T11:10:49.000Z</time>
    </trkpt>
    <trkpt lat="54.6798502" lon="25.3249185">
        <ele>160.0</ele>
        <time>2022-01-02T11:10:50.000Z</time>
    </trkpt>
    <trkpt lat="54.6798513" lon="25.324963">
        <ele>160.0</ele>
        <time>2022-01-02T11:10:51.000Z</time>
    </trkpt>
    <trkpt lat="54.6798509" lon="25.3250117">
        <ele>160.0</ele>
        <time>2022-01-02T11:10:52.000Z</time>
    </trkpt>
    <trkpt lat="54.6798506" lon="25.3250605">
        <ele>160.0</ele>
        <time>2022-01-02T11:10:53.000Z</time>
    </trkpt>
    <trkpt lat="54.6798512" lon="25.3251125">
        <ele>161.0</ele>
        <time>2022-01-02T11:10:54.000Z</time>
    </trkpt>
    <trkpt lat="54.6798518" lon="25.3251646">
        <ele>161.0</ele>
        <time>2022-01-02T11:10:55.000Z</time>
    </trkpt>
    <trkpt lat="54.679854" lon="25.325219">
        <ele>161.0</ele>
        <time>2022-01-02T11:10:56.000Z</time>
    </trkpt>
    <trkpt lat="54.6798562" lon="25.3252735">
        <ele>161.0</ele>
        <time>2022-01-02T11:10:57.000Z</time>
    </trkpt>
    <trkpt lat="54.6798585" lon="25.3253268">
        <ele>161.0</ele>
        <time>2022-01-02T11:10:58.000Z</time>
    </trkpt>
    <trkpt lat="54.6798608" lon="25.3253801">
        <ele>161.0</ele>
        <time>2022-01-02T11:10:59.000Z</time>
    </trkpt>
    <trkpt lat="54.6798574" lon="25.3254266">
        <ele>161.0</ele>
        <time>2022-01-02T11:11:00.000Z</time>
    </trkpt>
    <trkpt lat="54.6798541" lon="25.3254732">
        <ele>161.0</ele>
        <time>2022-01-02T11:11:01.000Z</time>
    </trkpt>
    <trkpt lat="54.6798464" lon="25.3255171">
        <ele>161.0</ele>
        <time>2022-01-02T11:11:02.000Z</time>
    </trkpt>
    <trkpt lat="54.6798387" lon="25.3255611">
        <ele>161.0</ele>
        <time>2022-01-02T11:11:03.000Z</time>
    </trkpt>
    <trkpt lat="54.6798304" lon="25.3256088">
        <ele>162.0</ele>
        <time>2022-01-02T11:11:04.000Z</time>
    </trkpt>
    <trkpt lat="54.6798221" lon="25.3256565">
        <ele>162.0</ele>
        <time>2022-01-02T11:11:05.000Z</time>
    </trkpt>
    <trkpt lat="54.6798171" lon="25.3257118">
        <ele>162.0</ele>
        <time>2022-01-02T11:11:06.000Z</time>
    </trkpt>
    <trkpt lat="54.6798122" lon="25.3257671">
        <ele>162.0</ele>
        <time>2022-01-02T11:11:07.000Z</time>
    </trkpt>
    <trkpt lat="54.6798103" lon="25.3258268">
        <ele>162.0</ele>
        <time>2022-01-02T11:11:08.000Z</time>
    </trkpt>
    <trkpt lat="54.6798084" lon="25.3258866">
        <ele>162.0</ele>
        <time>2022-01-02T11:11:09.000Z</time>
    </trkpt>
    <trkpt lat="54.6798091" lon="25.3259431">
        <ele>162.0</ele>
        <time>2022-01-02T11:11:10.000Z</time>
    </trkpt>
    <trkpt lat="54.6798098" lon="25.3259997">
        <ele>162.0</ele>
        <time>2022-01-02T11:11:11.000Z</time>
    </trkpt>
    <trkpt lat="54.6798131" lon="25.3260533">
        <ele>162.0</ele>
        <time>2022-01-02T11:11:12.000Z</time>
    </trkpt>
    <trkpt lat="54.6798164" lon="25.326107">
        <ele>162.0</ele>
        <time>2022-01-02T11:11:13.000Z</time>
    </trkpt>
    <trkpt lat="54.6798192" lon="25.3261601">
        <ele>162.0</ele>
        <time>2022-01-02T11:11:14.000Z</time>
    </trkpt>
    <trkpt lat="54.679822" lon="25.3262133">
        <ele>161.0</ele>
        <time>2022-01-02T11:11:15.000Z</time>
    </trkpt>
    <trkpt lat="54.6798221" lon="25.3262658">
        <ele>161.0</ele>
        <time>2022-01-02T11:11:16.000Z</time>
    </trkpt>
    <trkpt lat="54.6798223" lon="25.3263184">
        <ele>161.0</ele>
        <time>2022-01-02T11:11:17.000Z</time>
    </trkpt>
    <trkpt lat="54.6798221" lon="25.3263697">
        <ele>161.0</ele>
        <time>2022-01-02T11:11:18.000Z</time>
    </trkpt>
    <trkpt lat="54.679822" lon="25.326421">
        <ele>161.0</ele>
        <time>2022-01-02T11:11:19.000Z</time>
    </trkpt>
    <trkpt lat="54.6798232" lon="25.326472">
        <ele>161.0</ele>
        <time>2022-01-02T11:11:20.000Z</time>
    </trkpt>
    <trkpt lat="54.6798245" lon="25.3265231">
        <ele>161.0</ele>
        <time>2022-01-02T11:11:21.000Z</time>
    </trkpt>
    <trkpt lat="54.679827" lon="25.3265716">
        <ele>161.0</ele>
        <time>2022-01-02T11:11:22.000Z</time>
    </trkpt>
    <trkpt lat="54.6798296" lon="25.3266202">
        <ele>161.0</ele>
        <time>2022-01-02T11:11:23.000Z</time>
    </trkpt>
    <trkpt lat="54.6798338" lon="25.3266644">
        <ele>161.0</ele>
        <time>2022-01-02T11:11:24.000Z</time>
    </trkpt>
    <trkpt lat="54.6798381" lon="25.3267086">
        <ele>160.0</ele>
        <time>2022-01-02T11:11:25.000Z</time>
    </trkpt>
    <trkpt lat="54.6798403" lon="25.3267502">
        <ele>160.0</ele>
        <time>2022-01-02T11:11:26.000Z</time>
    </trkpt>
    <trkpt lat="54.6798426" lon="25.3267918">
        <ele>160.0</ele>
        <time>2022-01-02T11:11:27.000Z</time>
    </trkpt>
    <trkpt lat="54.6798414" lon="25.3268366">
        <ele>160.0</ele>
        <time>2022-01-02T11:11:28.000Z</time>
    </trkpt>
    <trkpt lat="54.6798403" lon="25.3268815">
        <ele>160.0</ele>
        <time>2022-01-02T11:11:29.000Z</time>
    </trkpt>
    <trkpt lat="54.6798384" lon="25.3269341">
        <ele>159.0</ele>
        <time>2022-01-02T11:11:30.000Z</time>
    </trkpt>
    <trkpt lat="54.6798366" lon="25.3269868">
        <ele>159.0</ele>
        <time>2022-01-02T11:11:31.000Z</time>
    </trkpt>
    <trkpt lat="54.6798325" lon="25.3270435">
        <ele>158.0</ele>
        <time>2022-01-02T11:11:32.000Z</time>
    </trkpt>
    <trkpt lat="54.6798284" lon="25.3271003">
        <ele>158.0</ele>
        <time>2022-01-02T11:11:33.000Z</time>
    </trkpt>
    <trkpt lat="54.6798208" lon="25.3271573">
        <ele>158.0</ele>
        <time>2022-01-02T11:11:34.000Z</time>
    </trkpt>
    <trkpt lat="54.6798133" lon="25.3272143">
        <ele>157.0</ele>
        <time>2022-01-02T11:11:35.000Z</time>
    </trkpt>
    <trkpt lat="54.6798034" lon="25.3272648">
        <ele>157.0</ele>
        <time>2022-01-02T11:11:36.000Z</time>
    </trkpt>
    <trkpt lat="54.6797936" lon="25.3273154">
        <ele>157.0</ele>
        <time>2022-01-02T11:11:37.000Z</time>
    </trkpt>
    <trkpt lat="54.6797837" lon="25.3273557">
        <ele>157.0</ele>
        <time>2022-01-02T11:11:38.000Z</time>
    </trkpt>
    <trkpt lat="54.6797738" lon="25.327396">
        <ele>157.0</ele>
        <time>2022-01-02T11:11:39.000Z</time>
    </trkpt>
    <trkpt lat="54.6797634" lon="25.3274268">
        <ele>157.0</ele>
        <time>2022-01-02T11:11:40.000Z</time>
    </trkpt>
    <trkpt lat="54.6797531" lon="25.3274576">
        <ele>157.0</ele>
        <time>2022-01-02T11:11:41.000Z</time>
    </trkpt>
    <trkpt lat="54.6797415" lon="25.3274816">
        <ele>157.0</ele>
        <time>2022-01-02T11:11:42.000Z</time>
    </trkpt>
    <trkpt lat="54.6797299" lon="25.3275056">
        <ele>157.0</ele>
        <time>2022-01-02T11:11:43.000Z</time>
    </trkpt>
    <trkpt lat="54.6797162" lon="25.3275272">
        <ele>158.0</ele>
        <time>2022-01-02T11:11:44.000Z</time>
    </trkpt>
    <trkpt lat="54.6797026" lon="25.3275488">
        <ele>158.0</ele>
        <time>2022-01-02T11:11:45.000Z</time>
    </trkpt>
    <trkpt lat="54.6796858" lon="25.3275692">
        <ele>158.0</ele>
        <time>2022-01-02T11:11:46.000Z</time>
    </trkpt>
    <trkpt lat="54.6796691" lon="25.3275897">
        <ele>158.0</ele>
        <time>2022-01-02T11:11:47.000Z</time>
    </trkpt>
    <trkpt lat="54.67965" lon="25.327609">
        <ele>158.0</ele>
        <time>2022-01-02T11:11:48.000Z</time>
    </trkpt>
    <trkpt lat="54.6796309" lon="25.3276284">
        <ele>159.0</ele>
        <time>2022-01-02T11:11:49.000Z</time>
    </trkpt>
    <trkpt lat="54.6796093" lon="25.327649">
        <ele>159.0</ele>
        <time>2022-01-02T11:11:50.000Z</time>
    </trkpt>
    <trkpt lat="54.6795877" lon="25.3276696">
        <ele>159.0</ele>
        <time>2022-01-02T11:11:51.000Z</time>
    </trkpt>
    <trkpt lat="54.6795649" lon="25.3276924">
        <ele>159.0</ele>
        <time>2022-01-02T11:11:52.000Z</time>
    </trkpt>
    <trkpt lat="54.6795421" lon="25.3277153">
        <ele>159.0</ele>
        <time>2022-01-02T11:11:53.000Z</time>
    </trkpt>
    <trkpt lat="54.6795191" lon="25.3277346">
        <ele>160.0</ele>
        <time>2022-01-02T11:11:54.000Z</time>
    </trkpt>
    <trkpt lat="54.6794961" lon="25.327754">
        <ele>160.0</ele>
        <time>2022-01-02T11:11:55.000Z</time>
    </trkpt>
    <trkpt lat="54.6794719" lon="25.3277652">
        <ele>160.0</ele>
        <time>2022-01-02T11:11:56.000Z</time>
    </trkpt>
    <trkpt lat="54.6794477" lon="25.3277765">
        <ele>160.0</ele>
        <time>2022-01-02T11:11:57.000Z</time>
    </trkpt>
    <trkpt lat="54.6794199" lon="25.3277878">
        <ele>160.0</ele>
        <time>2022-01-02T11:11:58.000Z</time>
    </trkpt>
    <trkpt lat="54.6793922" lon="25.3277991">
        <ele>161.0</ele>
        <time>2022-01-02T11:11:59.000Z</time>
    </trkpt>
    <trkpt lat="54.6793615" lon="25.3278146">
        <ele>161.0</ele>
        <time>2022-01-02T11:12:00.000Z</time>
    </trkpt>
    <trkpt lat="54.6793308" lon="25.3278302">
        <ele>161.0</ele>
        <time>2022-01-02T11:12:01.000Z</time>
    </trkpt>
    <trkpt lat="54.6793008" lon="25.3278506">
        <ele>161.0</ele>
        <time>2022-01-02T11:12:02.000Z</time>
    </trkpt>
    <trkpt lat="54.6792708" lon="25.3278711">
        <ele>161.0</ele>
        <time>2022-01-02T11:12:03.000Z</time>
    </trkpt>
    <trkpt lat="54.6792425" lon="25.327897">
        <ele>161.0</ele>
        <time>2022-01-02T11:12:04.000Z</time>
    </trkpt>
    <trkpt lat="54.6792142" lon="25.3279229">
        <ele>161.0</ele>
        <time>2022-01-02T11:12:05.000Z</time>
    </trkpt>
    <trkpt lat="54.6791872" lon="25.3279481">
        <ele>161.0</ele>
        <time>2022-01-02T11:12:06.000Z</time>
    </trkpt>
    <trkpt lat="54.6791603" lon="25.3279733">
        <ele>161.0</ele>
        <time>2022-01-02T11:12:07.000Z</time>
    </trkpt>
    <trkpt lat="54.6791331" lon="25.327997">
        <ele>161.0</ele>
        <time>2022-01-02T11:12:08.000Z</time>
    </trkpt>
    <trkpt lat="54.679106" lon="25.3280207">
        <ele>162.0</ele>
        <time>2022-01-02T11:12:09.000Z</time>
    </trkpt>
    <trkpt lat="54.679079" lon="25.3280448">
        <ele>162.0</ele>
        <time>2022-01-02T11:12:10.000Z</time>
    </trkpt>
    <trkpt lat="54.679052" lon="25.328069">
        <ele>162.0</ele>
        <time>2022-01-02T11:12:11.000Z</time>
    </trkpt>
    <trkpt lat="54.6790251" lon="25.3280922">
        <ele>162.0</ele>
        <time>2022-01-02T11:12:12.000Z</time>
    </trkpt>
    <trkpt lat="54.6789983" lon="25.3281155">
        <ele>162.0</ele>
        <time>2022-01-02T11:12:13.000Z</time>
    </trkpt>
    <trkpt lat="54.6789747" lon="25.3281403">
        <ele>162.0</ele>
        <time>2022-01-02T11:12:14.000Z</time>
    </trkpt>
    <trkpt lat="54.6789511" lon="25.3281651">
        <ele>162.0</ele>
        <time>2022-01-02T11:12:15.000Z</time>
    </trkpt>
    <trkpt lat="54.6789309" lon="25.3281908">
        <ele>162.0</ele>
        <time>2022-01-02T11:12:16.000Z</time>
    </trkpt>
    <trkpt lat="54.6789108" lon="25.3282165">
        <ele>162.0</ele>
        <time>2022-01-02T11:12:17.000Z</time>
    </trkpt>
    <trkpt lat="54.6788922" lon="25.3282394">
        <ele>162.0</ele>
        <time>2022-01-02T11:12:18.000Z</time>
    </trkpt>
    <trkpt lat="54.6788737" lon="25.3282624">
        <ele>162.0</ele>
        <time>2022-01-02T11:12:19.000Z</time>
    </trkpt>
    <trkpt lat="54.6788554" lon="25.3282858">
        <ele>161.0</ele>
        <time>2022-01-02T11:12:20.000Z</time>
    </trkpt>
    <trkpt lat="54.6788371" lon="25.3283093">
        <ele>161.0</ele>
        <time>2022-01-02T11:12:21.000Z</time>
    </trkpt>
    <trkpt lat="54.6788212" lon="25.3283428">
        <ele>161.0</ele>
        <time>2022-01-02T11:12:22.000Z</time>
    </trkpt>
    <trkpt lat="54.6788053" lon="25.3283763">
        <ele>161.0</ele>
        <time>2022-01-02T11:12:23.000Z</time>
    </trkpt>
    <trkpt lat="54.6787895" lon="25.3284175">
        <ele>161.0</ele>
        <time>2022-01-02T11:12:24.000Z</time>
    </trkpt>
    <trkpt lat="54.6787738" lon="25.3284587">
        <ele>161.0</ele>
        <time>2022-01-02T11:12:25.000Z</time>
    </trkpt>
    <trkpt lat="54.6787577" lon="25.3285032">
        <ele>161.0</ele>
        <time>2022-01-02T11:12:26.000Z</time>
    </trkpt>
    <trkpt lat="54.6787416" lon="25.3285477">
        <ele>161.0</ele>
        <time>2022-01-02T11:12:27.000Z</time>
    </trkpt>
    <trkpt lat="54.678726" lon="25.328592">
        <ele>161.0</ele>
        <time>2022-01-02T11:12:28.000Z</time>
    </trkpt>
    <trkpt lat="54.6787105" lon="25.3286363">
        <ele>161.0</ele>
        <time>2022-01-02T11:12:29.000Z</time>
    </trkpt>
    <trkpt lat="54.6786924" lon="25.3286728">
        <ele>160.0</ele>
        <time>2022-01-02T11:12:30.000Z</time>
    </trkpt>
    <trkpt lat="54.6786743" lon="25.3287094">
        <ele>160.0</ele>
        <time>2022-01-02T11:12:31.000Z</time>
    </trkpt>
    <trkpt lat="54.6786521" lon="25.3287382">
        <ele>159.0</ele>
        <time>2022-01-02T11:12:32.000Z</time>
    </trkpt>
    <trkpt lat="54.67863" lon="25.3287671">
        <ele>159.0</ele>
        <time>2022-01-02T11:12:33.000Z</time>
    </trkpt>
    <trkpt lat="54.6786115" lon="25.3287974">
        <ele>159.0</ele>
        <time>2022-01-02T11:12:34.000Z</time>
    </trkpt>
    <trkpt lat="54.6785931" lon="25.3288277">
        <ele>159.0</ele>
        <time>2022-01-02T11:12:35.000Z</time>
    </trkpt>
    <trkpt lat="54.6785888" lon="25.3288617">
        <ele>159.0</ele>
        <time>2022-01-02T11:12:36.000Z</time>
    </trkpt>
    <trkpt lat="54.6785845" lon="25.3288957">
        <ele>159.0</ele>
        <time>2022-01-02T11:12:37.000Z</time>
    </trkpt>
    <trkpt lat="54.678595" lon="25.3289273">
        <ele>159.0</ele>
        <time>2022-01-02T11:12:38.000Z</time>
    </trkpt>
    <trkpt lat="54.6786056" lon="25.328959">
        <ele>159.0</ele>
        <time>2022-01-02T11:12:39.000Z</time>
    </trkpt>
    <trkpt lat="54.6786242" lon="25.3289853">
        <ele>159.0</ele>
        <time>2022-01-02T11:12:40.000Z</time>
    </trkpt>
    <trkpt lat="54.6786428" lon="25.3290116">
        <ele>159.0</ele>
        <time>2022-01-02T11:12:41.000Z</time>
    </trkpt>
    <trkpt lat="54.6786646" lon="25.3290308">
        <ele>159.0</ele>
        <time>2022-01-02T11:12:42.000Z</time>
    </trkpt>
    <trkpt lat="54.6786864" lon="25.32905">
        <ele>159.0</ele>
        <time>2022-01-02T11:12:43.000Z</time>
    </trkpt>
    <trkpt lat="54.6787083" lon="25.3290656">
        <ele>159.0</ele>
        <time>2022-01-02T11:12:44.000Z</time>
    </trkpt>
    <trkpt lat="54.6787303" lon="25.3290812">
        <ele>159.0</ele>
        <time>2022-01-02T11:12:45.000Z</time>
    </trkpt>
    <trkpt lat="54.6787525" lon="25.3290951">
        <ele>159.0</ele>
        <time>2022-01-02T11:12:46.000Z</time>
    </trkpt>
    <trkpt lat="54.6787748" lon="25.329109">
        <ele>159.0</ele>
        <time>2022-01-02T11:12:47.000Z</time>
    </trkpt>
    <trkpt lat="54.6787983" lon="25.3291242">
        <ele>159.0</ele>
        <time>2022-01-02T11:12:48.000Z</time>
    </trkpt>
    <trkpt lat="54.6788218" lon="25.3291394">
        <ele>160.0</ele>
        <time>2022-01-02T11:12:49.000Z</time>
    </trkpt>
    <trkpt lat="54.678845" lon="25.3291582">
        <ele>160.0</ele>
        <time>2022-01-02T11:12:50.000Z</time>
    </trkpt>
    <trkpt lat="54.6788683" lon="25.329177">
        <ele>160.0</ele>
        <time>2022-01-02T11:12:51.000Z</time>
    </trkpt>
    <trkpt lat="54.6788909" lon="25.3291998">
        <ele>160.0</ele>
        <time>2022-01-02T11:12:52.000Z</time>
    </trkpt>
    <trkpt lat="54.6789135" lon="25.3292227">
        <ele>160.0</ele>
        <time>2022-01-02T11:12:53.000Z</time>
    </trkpt>
    <trkpt lat="54.6789356" lon="25.329247">
        <ele>161.0</ele>
        <time>2022-01-02T11:12:54.000Z</time>
    </trkpt>
    <trkpt lat="54.6789577" lon="25.3292714">
        <ele>161.0</ele>
        <time>2022-01-02T11:12:55.000Z</time>
    </trkpt>
    <trkpt lat="54.678977" lon="25.3293054">
        <ele>161.0</ele>
        <time>2022-01-02T11:12:56.000Z</time>
    </trkpt>
    <trkpt lat="54.6789964" lon="25.3293394">
        <ele>161.0</ele>
        <time>2022-01-02T11:12:57.000Z</time>
    </trkpt>
    <trkpt lat="54.6790159" lon="25.3293771">
        <ele>161.0</ele>
        <time>2022-01-02T11:12:58.000Z</time>
    </trkpt>
    <trkpt lat="54.6790355" lon="25.3294149">
        <ele>162.0</ele>
        <time>2022-01-02T11:12:59.000Z</time>
    </trkpt>
    <trkpt lat="54.6790535" lon="25.3294544">
        <ele>162.0</ele>
        <time>2022-01-02T11:13:00.000Z</time>
    </trkpt>
    <trkpt lat="54.6790716" lon="25.3294939">
        <ele>162.0</ele>
        <time>2022-01-02T11:13:01.000Z</time>
    </trkpt>
    <trkpt lat="54.6790845" lon="25.3295366">
        <ele>162.0</ele>
        <time>2022-01-02T11:13:02.000Z</time>
    </trkpt>
    <trkpt lat="54.6790975" lon="25.3295794">
        <ele>162.0</ele>
        <time>2022-01-02T11:13:03.000Z</time>
    </trkpt>
    <trkpt lat="54.6791091" lon="25.3296243">
        <ele>163.0</ele>
        <time>2022-01-02T11:13:04.000Z</time>
    </trkpt>
    <trkpt lat="54.6791208" lon="25.3296693">
        <ele>163.0</ele>
        <time>2022-01-02T11:13:05.000Z</time>
    </trkpt>
    <trkpt lat="54.6791338" lon="25.3297135">
        <ele>163.0</ele>
        <time>2022-01-02T11:13:06.000Z</time>
    </trkpt>
    <trkpt lat="54.6791468" lon="25.3297577">
        <ele>163.0</ele>
        <time>2022-01-02T11:13:07.000Z</time>
    </trkpt>
    <trkpt lat="54.6791588" lon="25.3297995">
        <ele>163.0</ele>
        <time>2022-01-02T11:13:08.000Z</time>
    </trkpt>
    <trkpt lat="54.6791708" lon="25.3298413">
        <ele>163.0</ele>
        <time>2022-01-02T11:13:09.000Z</time>
    </trkpt>
    <trkpt lat="54.6791847" lon="25.3298936">
        <ele>163.0</ele>
        <time>2022-01-02T11:13:20.000Z</time>
    </trkpt>
    <trkpt lat="54.6791869" lon="25.3299053">
        <ele>163.0</ele>
        <time>2022-01-02T11:13:21.000Z</time>
    </trkpt>
    <trkpt lat="54.6791891" lon="25.3299171">
        <ele>163.0</ele>
        <time>2022-01-02T11:13:22.000Z</time>
    </trkpt>
    <trkpt lat="54.6791945" lon="25.3299345">
        <ele>163.0</ele>
        <time>2022-01-02T11:13:23.000Z</time>
    </trkpt>
    <trkpt lat="54.6792" lon="25.3299519">
        <ele>163.0</ele>
        <time>2022-01-02T11:13:24.000Z</time>
    </trkpt>
    <trkpt lat="54.6792122" lon="25.3299859">
        <ele>163.0</ele>
        <time>2022-01-02T11:13:25.000Z</time>
    </trkpt>
    <trkpt lat="54.6792245" lon="25.3300199">
        <ele>163.0</ele>
        <time>2022-01-02T11:13:26.000Z</time>
    </trkpt>
    <trkpt lat="54.6792416" lon="25.3300644">
        <ele>163.0</ele>
        <time>2022-01-02T11:13:27.000Z</time>
    </trkpt>
    <trkpt lat="54.6792588" lon="25.330109">
        <ele>163.0</ele>
        <time>2022-01-02T11:13:28.000Z</time>
    </trkpt>
    <trkpt lat="54.6792771" lon="25.3301571">
        <ele>163.0</ele>
        <time>2022-01-02T11:13:29.000Z</time>
    </trkpt>
    <trkpt lat="54.6792955" lon="25.3302053">
        <ele>163.0</ele>
        <time>2022-01-02T11:13:30.000Z</time>
    </trkpt>
    <trkpt lat="54.6793124" lon="25.3302521">
        <ele>163.0</ele>
        <time>2022-01-02T11:13:31.000Z</time>
    </trkpt>
    <trkpt lat="54.6793294" lon="25.330299">
        <ele>163.0</ele>
        <time>2022-01-02T11:13:32.000Z</time>
    </trkpt>
    <trkpt lat="54.6793444" lon="25.330349">
        <ele>163.0</ele>
        <time>2022-01-02T11:13:33.000Z</time>
    </trkpt>
    <trkpt lat="54.6793595" lon="25.3303991">
        <ele>163.0</ele>
        <time>2022-01-02T11:13:34.000Z</time>
    </trkpt>
    <trkpt lat="54.6793744" lon="25.3304545">
        <ele>163.0</ele>
        <time>2022-01-02T11:13:35.000Z</time>
    </trkpt>
    <trkpt lat="54.6793894" lon="25.33051">
        <ele>163.0</ele>
        <time>2022-01-02T11:13:36.000Z</time>
    </trkpt>
    <trkpt lat="54.6794055" lon="25.3305632">
        <ele>163.0</ele>
        <time>2022-01-02T11:13:37.000Z</time>
    </trkpt>
    <trkpt lat="54.6794216" lon="25.3306165">
        <ele>163.0</ele>
        <time>2022-01-02T11:13:38.000Z</time>
    </trkpt>
    <trkpt lat="54.679439" lon="25.3306641">
        <ele>164.0</ele>
        <time>2022-01-02T11:13:39.000Z</time>
    </trkpt>
    <trkpt lat="54.6794565" lon="25.3307117">
        <ele>164.0</ele>
        <time>2022-01-02T11:13:40.000Z</time>
    </trkpt>
    <trkpt lat="54.6794752" lon="25.3307551">
        <ele>164.0</ele>
        <time>2022-01-02T11:13:41.000Z</time>
    </trkpt>
    <trkpt lat="54.679494" lon="25.3307985">
        <ele>164.0</ele>
        <time>2022-01-02T11:13:42.000Z</time>
    </trkpt>
    <trkpt lat="54.6795133" lon="25.3308388">
        <ele>164.0</ele>
        <time>2022-01-02T11:13:43.000Z</time>
    </trkpt>
    <trkpt lat="54.6795326" lon="25.3308792">
        <ele>165.0</ele>
        <time>2022-01-02T11:13:44.000Z</time>
    </trkpt>
    <trkpt lat="54.6795515" lon="25.3309196">
        <ele>165.0</ele>
        <time>2022-01-02T11:13:45.000Z</time>
    </trkpt>
    <trkpt lat="54.6795704" lon="25.33096">
        <ele>165.0</ele>
        <time>2022-01-02T11:13:46.000Z</time>
    </trkpt>
    <trkpt lat="54.6795895" lon="25.3310011">
        <ele>165.0</ele>
        <time>2022-01-02T11:13:47.000Z</time>
    </trkpt>
    <trkpt lat="54.6796087" lon="25.3310422">
        <ele>165.0</ele>
        <time>2022-01-02T11:13:48.000Z</time>
    </trkpt>
    <trkpt lat="54.6796292" lon="25.3310826">
        <ele>165.0</ele>
        <time>2022-01-02T11:13:49.000Z</time>
    </trkpt>
    <trkpt lat="54.6796497" lon="25.3311231">
        <ele>165.0</ele>
        <time>2022-01-02T11:13:50.000Z</time>
    </trkpt>
    <trkpt lat="54.6796718" lon="25.3311615">
        <ele>165.0</ele>
        <time>2022-01-02T11:13:51.000Z</time>
    </trkpt>
    <trkpt lat="54.6796939" lon="25.3312">
        <ele>165.0</ele>
        <time>2022-01-02T11:13:52.000Z</time>
    </trkpt>
    <trkpt lat="54.679716" lon="25.3312385">
        <ele>165.0</ele>
        <time>2022-01-02T11:13:53.000Z</time>
    </trkpt>
    <trkpt lat="54.6797365" lon="25.3312776">
        <ele>165.0</ele>
        <time>2022-01-02T11:13:54.000Z</time>
    </trkpt>
    <trkpt lat="54.679757" lon="25.3313168">
        <ele>165.0</ele>
        <time>2022-01-02T11:13:55.000Z</time>
    </trkpt>
    <trkpt lat="54.679775" lon="25.3313578">
        <ele>165.0</ele>
        <time>2022-01-02T11:13:56.000Z</time>
    </trkpt>
    <trkpt lat="54.679793" lon="25.3313988">
        <ele>165.0</ele>
        <time>2022-01-02T11:13:57.000Z</time>
    </trkpt>
    <trkpt lat="54.6798085" lon="25.3314426">
        <ele>165.0</ele>
        <time>2022-01-02T11:13:58.000Z</time>
    </trkpt>
    <trkpt lat="54.6798241" lon="25.3314864">
        <ele>165.0</ele>
        <time>2022-01-02T11:13:59.000Z</time>
    </trkpt>
    <trkpt lat="54.6798382" lon="25.3315321">
        <ele>165.0</ele>
        <time>2022-01-02T11:14:00.000Z</time>
    </trkpt>
    <trkpt lat="54.6798524" lon="25.3315778">
        <ele>165.0</ele>
        <time>2022-01-02T11:14:01.000Z</time>
    </trkpt>
    <trkpt lat="54.6798669" lon="25.3316234">
        <ele>165.0</ele>
        <time>2022-01-02T11:14:02.000Z</time>
    </trkpt>
    <trkpt lat="54.6798814" lon="25.331669">
        <ele>165.0</ele>
        <time>2022-01-02T11:14:03.000Z</time>
    </trkpt>
    <trkpt lat="54.6798973" lon="25.3317123">
        <ele>165.0</ele>
        <time>2022-01-02T11:14:04.000Z</time>
    </trkpt>
    <trkpt lat="54.6799133" lon="25.3317557">
        <ele>165.0</ele>
        <time>2022-01-02T11:14:05.000Z</time>
    </trkpt>
    <trkpt lat="54.6799312" lon="25.3317942">
        <ele>165.0</ele>
        <time>2022-01-02T11:14:06.000Z</time>
    </trkpt>
    <trkpt lat="54.6799491" lon="25.3318327">
        <ele>165.0</ele>
        <time>2022-01-02T11:14:07.000Z</time>
    </trkpt>
    <trkpt lat="54.6799678" lon="25.3318699">
        <ele>165.0</ele>
        <time>2022-01-02T11:14:08.000Z</time>
    </trkpt>
    <trkpt lat="54.6799865" lon="25.3319072">
        <ele>166.0</ele>
        <time>2022-01-02T11:14:09.000Z</time>
    </trkpt>
    <trkpt lat="54.680003" lon="25.3319472">
        <ele>166.0</ele>
        <time>2022-01-02T11:14:10.000Z</time>
    </trkpt>
    <trkpt lat="54.6800196" lon="25.3319873">
        <ele>166.0</ele>
        <time>2022-01-02T11:14:11.000Z</time>
    </trkpt>
    <trkpt lat="54.6800365" lon="25.3320271">
        <ele>166.0</ele>
        <time>2022-01-02T11:14:12.000Z</time>
    </trkpt>
    <trkpt lat="54.6800534" lon="25.3320669">
        <ele>166.0</ele>
        <time>2022-01-02T11:14:13.000Z</time>
    </trkpt>
    <trkpt lat="54.6800729" lon="25.3321017">
        <ele>166.0</ele>
        <time>2022-01-02T11:14:14.000Z</time>
    </trkpt>
    <trkpt lat="54.6800924" lon="25.3321365">
        <ele>166.0</ele>
        <time>2022-01-02T11:14:15.000Z</time>
    </trkpt>
    <trkpt lat="54.6801129" lon="25.3321639">
        <ele>166.0</ele>
        <time>2022-01-02T11:14:16.000Z</time>
    </trkpt>
    <trkpt lat="54.6801334" lon="25.3321913">
        <ele>166.0</ele>
        <time>2022-01-02T11:14:17.000Z</time>
    </trkpt>
    <trkpt lat="54.680154" lon="25.332211">
        <ele>166.0</ele>
        <time>2022-01-02T11:14:18.000Z</time>
    </trkpt>
    <trkpt lat="54.6801746" lon="25.3322308">
        <ele>166.0</ele>
        <time>2022-01-02T11:14:19.000Z</time>
    </trkpt>
    <trkpt lat="54.680196" lon="25.332239">
        <ele>166.0</ele>
        <time>2022-01-02T11:14:20.000Z</time>
    </trkpt>
    <trkpt lat="54.6802174" lon="25.3322472">
        <ele>166.0</ele>
        <time>2022-01-02T11:14:21.000Z</time>
    </trkpt>
    <trkpt lat="54.680241" lon="25.3322482">
        <ele>166.0</ele>
        <time>2022-01-02T11:14:22.000Z</time>
    </trkpt>
    <trkpt lat="54.6802647" lon="25.3322493">
        <ele>166.0</ele>
        <time>2022-01-02T11:14:23.000Z</time>
    </trkpt>
    <trkpt lat="54.6802906" lon="25.3322468">
        <ele>167.0</ele>
        <time>2022-01-02T11:14:24.000Z</time>
    </trkpt>
    <trkpt lat="54.6803165" lon="25.3322443">
        <ele>167.0</ele>
        <time>2022-01-02T11:14:25.000Z</time>
    </trkpt>
    <trkpt lat="54.6803449" lon="25.3322404">
        <ele>167.0</ele>
        <time>2022-01-02T11:14:26.000Z</time>
    </trkpt>
    <trkpt lat="54.6803733" lon="25.3322366">
        <ele>167.0</ele>
        <time>2022-01-02T11:14:27.000Z</time>
    </trkpt>
    <trkpt lat="54.6804031" lon="25.3322289">
        <ele>167.0</ele>
        <time>2022-01-02T11:14:28.000Z</time>
    </trkpt>
    <trkpt lat="54.6804329" lon="25.3322212">
        <ele>167.0</ele>
        <time>2022-01-02T11:14:29.000Z</time>
    </trkpt>
    <trkpt lat="54.6804624" lon="25.3322104">
        <ele>166.0</ele>
        <time>2022-01-02T11:14:30.000Z</time>
    </trkpt>
    <trkpt lat="54.6804919" lon="25.3321996">
        <ele>166.0</ele>
        <time>2022-01-02T11:14:31.000Z</time>
    </trkpt>
    <trkpt lat="54.6805207" lon="25.3321843">
        <ele>166.0</ele>
        <time>2022-01-02T11:14:32.000Z</time>
    </trkpt>
    <trkpt lat="54.6805495" lon="25.3321691">
        <ele>166.0</ele>
        <time>2022-01-02T11:14:33.000Z</time>
    </trkpt>
    <trkpt lat="54.6805797" lon="25.3321493">
        <ele>166.0</ele>
        <time>2022-01-02T11:14:34.000Z</time>
    </trkpt>
    <trkpt lat="54.6806099" lon="25.3321296">
        <ele>166.0</ele>
        <time>2022-01-02T11:14:35.000Z</time>
    </trkpt>
    <trkpt lat="54.6806393" lon="25.3321083">
        <ele>166.0</ele>
        <time>2022-01-02T11:14:36.000Z</time>
    </trkpt>
    <trkpt lat="54.6806688" lon="25.332087">
        <ele>166.0</ele>
        <time>2022-01-02T11:14:37.000Z</time>
    </trkpt>
    <trkpt lat="54.6806952" lon="25.3320651">
        <ele>166.0</ele>
        <time>2022-01-02T11:14:38.000Z</time>
    </trkpt>
    <trkpt lat="54.6807216" lon="25.3320433">
        <ele>166.0</ele>
        <time>2022-01-02T11:14:39.000Z</time>
    </trkpt>
    <trkpt lat="54.6807456" lon="25.3320203">
        <ele>166.0</ele>
        <time>2022-01-02T11:14:40.000Z</time>
    </trkpt>
    <trkpt lat="54.6807697" lon="25.3319973">
        <ele>166.0</ele>
        <time>2022-01-02T11:14:41.000Z</time>
    </trkpt>
    <trkpt lat="54.6807914" lon="25.3319763">
        <ele>166.0</ele>
        <time>2022-01-02T11:14:42.000Z</time>
    </trkpt>
    <trkpt lat="54.6808131" lon="25.3319554">
        <ele>166.0</ele>
        <time>2022-01-02T11:14:43.000Z</time>
    </trkpt>
    <trkpt lat="54.6808339" lon="25.331945">
        <ele>166.0</ele>
        <time>2022-01-02T11:14:44.000Z</time>
    </trkpt>
    <trkpt lat="54.6808548" lon="25.3319346">
        <ele>166.0</ele>
        <time>2022-01-02T11:14:45.000Z</time>
    </trkpt>
    <trkpt lat="54.6808744" lon="25.3319408">
        <ele>166.0</ele>
        <time>2022-01-02T11:14:46.000Z</time>
    </trkpt>
    <trkpt lat="54.6808941" lon="25.331947">
        <ele>166.0</ele>
        <time>2022-01-02T11:14:47.000Z</time>
    </trkpt>
    <trkpt lat="54.6809069" lon="25.3319711">
        <ele>166.0</ele>
        <time>2022-01-02T11:14:48.000Z</time>
    </trkpt>
    <trkpt lat="54.6809197" lon="25.3319952">
        <ele>166.0</ele>
        <time>2022-01-02T11:14:49.000Z</time>
    </trkpt>
    <trkpt lat="54.6809291" lon="25.33203">
        <ele>166.0</ele>
        <time>2022-01-02T11:14:50.000Z</time>
    </trkpt>
    <trkpt lat="54.6809386" lon="25.3320649">
        <ele>166.0</ele>
        <time>2022-01-02T11:14:51.000Z</time>
    </trkpt>
    <trkpt lat="54.6809481" lon="25.3321025">
        <ele>166.0</ele>
        <time>2022-01-02T11:14:52.000Z</time>
    </trkpt>
    <trkpt lat="54.6809577" lon="25.3321401">
        <ele>166.0</ele>
        <time>2022-01-02T11:14:53.000Z</time>
    </trkpt>
    <trkpt lat="54.6809682" lon="25.332177">
        <ele>166.0</ele>
        <time>2022-01-02T11:14:54.000Z</time>
    </trkpt>
    <trkpt lat="54.6809788" lon="25.332214">
        <ele>166.0</ele>
        <time>2022-01-02T11:14:55.000Z</time>
    </trkpt>
    <trkpt lat="54.6809905" lon="25.3322526">
        <ele>166.0</ele>
        <time>2022-01-02T11:14:56.000Z</time>
    </trkpt>
    <trkpt lat="54.6810022" lon="25.3322912">
        <ele>166.0</ele>
        <time>2022-01-02T11:14:57.000Z</time>
    </trkpt>
    <trkpt lat="54.6810112" lon="25.3323308">
        <ele>166.0</ele>
        <time>2022-01-02T11:14:58.000Z</time>
    </trkpt>
    <trkpt lat="54.6810202" lon="25.3323705">
        <ele>166.0</ele>
        <time>2022-01-02T11:14:59.000Z</time>
    </trkpt>
    <trkpt lat="54.6810285" lon="25.3324108">
        <ele>166.0</ele>
        <time>2022-01-02T11:15:00.000Z</time>
    </trkpt>
    <trkpt lat="54.6810369" lon="25.3324511">
        <ele>166.0</ele>
        <time>2022-01-02T11:15:01.000Z</time>
    </trkpt>
    <trkpt lat="54.6810461" lon="25.3324903">
        <ele>166.0</ele>
        <time>2022-01-02T11:15:02.000Z</time>
    </trkpt>
    <trkpt lat="54.6810554" lon="25.3325295">
        <ele>166.0</ele>
        <time>2022-01-02T11:15:03.000Z</time>
    </trkpt>
    <trkpt lat="54.6810658" lon="25.3325664">
        <ele>166.0</ele>
        <time>2022-01-02T11:15:04.000Z</time>
    </trkpt>
    <trkpt lat="54.6810762" lon="25.3326033">
        <ele>166.0</ele>
        <time>2022-01-02T11:15:05.000Z</time>
    </trkpt>
    <trkpt lat="54.6810881" lon="25.3326384">
        <ele>166.0</ele>
        <time>2022-01-02T11:15:06.000Z</time>
    </trkpt>
    <trkpt lat="54.6811" lon="25.3326735">
        <ele>166.0</ele>
        <time>2022-01-02T11:15:07.000Z</time>
    </trkpt>
    <trkpt lat="54.6811134" lon="25.3327083">
        <ele>166.0</ele>
        <time>2022-01-02T11:15:08.000Z</time>
    </trkpt>
    <trkpt lat="54.6811268" lon="25.3327432">
        <ele>167.0</ele>
        <time>2022-01-02T11:15:09.000Z</time>
    </trkpt>
    <trkpt lat="54.6811408" lon="25.3327788">
        <ele>167.0</ele>
        <time>2022-01-02T11:15:10.000Z</time>
    </trkpt>
    <trkpt lat="54.6811548" lon="25.3328144">
        <ele>167.0</ele>
        <time>2022-01-02T11:15:11.000Z</time>
    </trkpt>
    <trkpt lat="54.6811705" lon="25.3328506">
        <ele>167.0</ele>
        <time>2022-01-02T11:15:12.000Z</time>
    </trkpt>
    <trkpt lat="54.6811863" lon="25.3328868">
        <ele>167.0</ele>
        <time>2022-01-02T11:15:13.000Z</time>
    </trkpt>
    <trkpt lat="54.681203" lon="25.3329235">
        <ele>168.0</ele>
        <time>2022-01-02T11:15:14.000Z</time>
    </trkpt>
    <trkpt lat="54.6812197" lon="25.3329602">
        <ele>168.0</ele>
        <time>2022-01-02T11:15:15.000Z</time>
    </trkpt>
    <trkpt lat="54.6812376" lon="25.3329977">
        <ele>168.0</ele>
        <time>2022-01-02T11:15:16.000Z</time>
    </trkpt>
    <trkpt lat="54.6812555" lon="25.3330352">
        <ele>168.0</ele>
        <time>2022-01-02T11:15:17.000Z</time>
    </trkpt>
    <trkpt lat="54.6812727" lon="25.3330753">
        <ele>168.0</ele>
        <time>2022-01-02T11:15:18.000Z</time>
    </trkpt>
    <trkpt lat="54.68129" lon="25.3331155">
        <ele>168.0</ele>
        <time>2022-01-02T11:15:19.000Z</time>
    </trkpt>
    <trkpt lat="54.6813063" lon="25.3331596">
        <ele>168.0</ele>
        <time>2022-01-02T11:15:20.000Z</time>
    </trkpt>
    <trkpt lat="54.6813226" lon="25.3332037">
        <ele>168.0</ele>
        <time>2022-01-02T11:15:21.000Z</time>
    </trkpt>
    <trkpt lat="54.6813387" lon="25.3332483">
        <ele>168.0</ele>
        <time>2022-01-02T11:15:22.000Z</time>
    </trkpt>
    <trkpt lat="54.6813549" lon="25.333293">
        <ele>168.0</ele>
        <time>2022-01-02T11:15:23.000Z</time>
    </trkpt>
    <trkpt lat="54.6813703" lon="25.333336">
        <ele>168.0</ele>
        <time>2022-01-02T11:15:24.000Z</time>
    </trkpt>
    <trkpt lat="54.6813858" lon="25.333379">
        <ele>168.0</ele>
        <time>2022-01-02T11:15:25.000Z</time>
    </trkpt>
    <trkpt lat="54.6813984" lon="25.3334204">
        <ele>168.0</ele>
        <time>2022-01-02T11:15:26.000Z</time>
    </trkpt>
    <trkpt lat="54.6814111" lon="25.3334618">
        <ele>168.0</ele>
        <time>2022-01-02T11:15:27.000Z</time>
    </trkpt>
    <trkpt lat="54.6814244" lon="25.3335037">
        <ele>168.0</ele>
        <time>2022-01-02T11:15:28.000Z</time>
    </trkpt>
    <trkpt lat="54.6814377" lon="25.3335457">
        <ele>168.0</ele>
        <time>2022-01-02T11:15:29.000Z</time>
    </trkpt>
    <trkpt lat="54.6814535" lon="25.3335879">
        <ele>168.0</ele>
        <time>2022-01-02T11:15:30.000Z</time>
    </trkpt>
    <trkpt lat="54.6814693" lon="25.3336301">
        <ele>168.0</ele>
        <time>2022-01-02T11:15:31.000Z</time>
    </trkpt>
    <trkpt lat="54.681487" lon="25.3336724">
        <ele>168.0</ele>
        <time>2022-01-02T11:15:32.000Z</time>
    </trkpt>
    <trkpt lat="54.6815048" lon="25.3337147">
        <ele>168.0</ele>
        <time>2022-01-02T11:15:33.000Z</time>
    </trkpt>
    <trkpt lat="54.6815259" lon="25.3337533">
        <ele>168.0</ele>
        <time>2022-01-02T11:15:34.000Z</time>
    </trkpt>
    <trkpt lat="54.6815471" lon="25.333792">
        <ele>167.0</ele>
        <time>2022-01-02T11:15:35.000Z</time>
    </trkpt>
    <trkpt lat="54.6815681" lon="25.3338269">
        <ele>167.0</ele>
        <time>2022-01-02T11:15:36.000Z</time>
    </trkpt>
    <trkpt lat="54.6815891" lon="25.3338619">
        <ele>167.0</ele>
        <time>2022-01-02T11:15:37.000Z</time>
    </trkpt>
    <trkpt lat="54.6816063" lon="25.3339001">
        <ele>167.0</ele>
        <time>2022-01-02T11:15:38.000Z</time>
    </trkpt>
    <trkpt lat="54.6816235" lon="25.3339384">
        <ele>167.0</ele>
        <time>2022-01-02T11:15:39.000Z</time>
    </trkpt>
    <trkpt lat="54.6816406" lon="25.3339789">
        <ele>167.0</ele>
        <time>2022-01-02T11:15:40.000Z</time>
    </trkpt>
    <trkpt lat="54.6816577" lon="25.3340194">
        <ele>167.0</ele>
        <time>2022-01-02T11:15:41.000Z</time>
    </trkpt>
    <trkpt lat="54.6816776" lon="25.3340574">
        <ele>167.0</ele>
        <time>2022-01-02T11:15:42.000Z</time>
    </trkpt>
    <trkpt lat="54.6816976" lon="25.3340954">
        <ele>167.0</ele>
        <time>2022-01-02T11:15:43.000Z</time>
    </trkpt>
    <trkpt lat="54.6817204" lon="25.3341272">
        <ele>167.0</ele>
        <time>2022-01-02T11:15:44.000Z</time>
    </trkpt>
    <trkpt lat="54.6817432" lon="25.334159">
        <ele>167.0</ele>
        <time>2022-01-02T11:15:45.000Z</time>
    </trkpt>
    <trkpt lat="54.681767" lon="25.3341832">
        <ele>167.0</ele>
        <time>2022-01-02T11:15:46.000Z</time>
    </trkpt>
    <trkpt lat="54.6817908" lon="25.3342075">
        <ele>167.0</ele>
        <time>2022-01-02T11:15:47.000Z</time>
    </trkpt>
    <trkpt lat="54.6818166" lon="25.3342256">
        <ele>167.0</ele>
        <time>2022-01-02T11:15:48.000Z</time>
    </trkpt>
    <trkpt lat="54.6818425" lon="25.3342438">
        <ele>168.0</ele>
        <time>2022-01-02T11:15:49.000Z</time>
    </trkpt>
    <trkpt lat="54.6818688" lon="25.3342594">
        <ele>168.0</ele>
        <time>2022-01-02T11:15:50.000Z</time>
    </trkpt>
    <trkpt lat="54.6818952" lon="25.334275">
        <ele>168.0</ele>
        <time>2022-01-02T11:15:51.000Z</time>
    </trkpt>
    <trkpt lat="54.681922" lon="25.3342857">
        <ele>168.0</ele>
        <time>2022-01-02T11:15:52.000Z</time>
    </trkpt>
    <trkpt lat="54.6819489" lon="25.3342964">
        <ele>168.0</ele>
        <time>2022-01-02T11:15:53.000Z</time>
    </trkpt>
    <trkpt lat="54.6819762" lon="25.334301">
        <ele>168.0</ele>
        <time>2022-01-02T11:15:54.000Z</time>
    </trkpt>
    <trkpt lat="54.6820036" lon="25.3343057">
        <ele>168.0</ele>
        <time>2022-01-02T11:15:55.000Z</time>
    </trkpt>
    <trkpt lat="54.6820307" lon="25.3343072">
        <ele>168.0</ele>
        <time>2022-01-02T11:15:56.000Z</time>
    </trkpt>
    <trkpt lat="54.6820579" lon="25.3343087">
        <ele>168.0</ele>
        <time>2022-01-02T11:15:57.000Z</time>
    </trkpt>
    <trkpt lat="54.6820854" lon="25.3343067">
        <ele>168.0</ele>
        <time>2022-01-02T11:15:58.000Z</time>
    </trkpt>
    <trkpt lat="54.6821129" lon="25.3343048">
        <ele>169.0</ele>
        <time>2022-01-02T11:15:59.000Z</time>
    </trkpt>
    <trkpt lat="54.6821397" lon="25.3343001">
        <ele>169.0</ele>
        <time>2022-01-02T11:16:00.000Z</time>
    </trkpt>
    <trkpt lat="54.6821665" lon="25.3342955">
        <ele>169.0</ele>
        <time>2022-01-02T11:16:01.000Z</time>
    </trkpt>
    <trkpt lat="54.6821928" lon="25.3342872">
        <ele>169.0</ele>
        <time>2022-01-02T11:16:02.000Z</time>
    </trkpt>
    <trkpt lat="54.6822191" lon="25.3342789">
        <ele>169.0</ele>
        <time>2022-01-02T11:16:03.000Z</time>
    </trkpt>
    <trkpt lat="54.6822436" lon="25.3342668">
        <ele>169.0</ele>
        <time>2022-01-02T11:16:04.000Z</time>
    </trkpt>
    <trkpt lat="54.6822682" lon="25.3342547">
        <ele>169.0</ele>
        <time>2022-01-02T11:16:05.000Z</time>
    </trkpt>
    <trkpt lat="54.6822928" lon="25.3342371">
        <ele>169.0</ele>
        <time>2022-01-02T11:16:06.000Z</time>
    </trkpt>
    <trkpt lat="54.6823174" lon="25.3342195">
        <ele>169.0</ele>
        <time>2022-01-02T11:16:07.000Z</time>
    </trkpt>
    <trkpt lat="54.6823425" lon="25.3341946">
        <ele>169.0</ele>
        <time>2022-01-02T11:16:08.000Z</time>
    </trkpt>
    <trkpt lat="54.6823677" lon="25.3341698">
        <ele>170.0</ele>
        <time>2022-01-02T11:16:09.000Z</time>
    </trkpt>
    <trkpt lat="54.6823932" lon="25.33414">
        <ele>170.0</ele>
        <time>2022-01-02T11:16:10.000Z</time>
    </trkpt>
    <trkpt lat="54.6824187" lon="25.3341103">
        <ele>170.0</ele>
        <time>2022-01-02T11:16:11.000Z</time>
    </trkpt>
    <trkpt lat="54.6824448" lon="25.334081">
        <ele>170.0</ele>
        <time>2022-01-02T11:16:12.000Z</time>
    </trkpt>
    <trkpt lat="54.6824709" lon="25.3340517">
        <ele>170.0</ele>
        <time>2022-01-02T11:16:13.000Z</time>
    </trkpt>
    <trkpt lat="54.682498" lon="25.3340254">
        <ele>170.0</ele>
        <time>2022-01-02T11:16:14.000Z</time>
    </trkpt>
    <trkpt lat="54.6825252" lon="25.3339991">
        <ele>170.0</ele>
        <time>2022-01-02T11:16:15.000Z</time>
    </trkpt>
    <trkpt lat="54.6825512" lon="25.3339774">
        <ele>170.0</ele>
        <time>2022-01-02T11:16:16.000Z</time>
    </trkpt>
    <trkpt lat="54.6825773" lon="25.3339557">
        <ele>170.0</ele>
        <time>2022-01-02T11:16:17.000Z</time>
    </trkpt>
    <trkpt lat="54.6826029" lon="25.3339378">
        <ele>170.0</ele>
        <time>2022-01-02T11:16:18.000Z</time>
    </trkpt>
    <trkpt lat="54.6826286" lon="25.33392">
        <ele>171.0</ele>
        <time>2022-01-02T11:16:19.000Z</time>
    </trkpt>
    <trkpt lat="54.6826528" lon="25.3339053">
        <ele>171.0</ele>
        <time>2022-01-02T11:16:20.000Z</time>
    </trkpt>
    <trkpt lat="54.682677" lon="25.3338907">
        <ele>171.0</ele>
        <time>2022-01-02T11:16:21.000Z</time>
    </trkpt>
    <trkpt lat="54.6827" lon="25.3338751">
        <ele>171.0</ele>
        <time>2022-01-02T11:16:22.000Z</time>
    </trkpt>
    <trkpt lat="54.6827231" lon="25.3338596">
        <ele>171.0</ele>
        <time>2022-01-02T11:16:23.000Z</time>
    </trkpt>
    <trkpt lat="54.6827427" lon="25.3338329">
        <ele>171.0</ele>
        <time>2022-01-02T11:16:24.000Z</time>
    </trkpt>
    <trkpt lat="54.6827623" lon="25.3338063">
        <ele>171.0</ele>
        <time>2022-01-02T11:16:25.000Z</time>
    </trkpt>
    <trkpt lat="54.6827767" lon="25.3337607">
        <ele>171.0</ele>
        <time>2022-01-02T11:16:26.000Z</time>
    </trkpt>
    <trkpt lat="54.6827911" lon="25.3337151">
        <ele>171.0</ele>
        <time>2022-01-02T11:16:27.000Z</time>
    </trkpt>
    <trkpt lat="54.6828018" lon="25.33366">
        <ele>171.0</ele>
        <time>2022-01-02T11:16:28.000Z</time>
    </trkpt>
    <trkpt lat="54.6828125" lon="25.333605">
        <ele>171.0</ele>
        <time>2022-01-02T11:16:29.000Z</time>
    </trkpt>
    <trkpt lat="54.6828218" lon="25.3335512">
        <ele>171.0</ele>
        <time>2022-01-02T11:16:30.000Z</time>
    </trkpt>
    <trkpt lat="54.6828312" lon="25.3334974">
        <ele>171.0</ele>
        <time>2022-01-02T11:16:31.000Z</time>
    </trkpt>
    <trkpt lat="54.6828428" lon="25.3334472">
        <ele>171.0</ele>
        <time>2022-01-02T11:16:32.000Z</time>
    </trkpt>
    <trkpt lat="54.6828544" lon="25.333397">
        <ele>171.0</ele>
        <time>2022-01-02T11:16:33.000Z</time>
    </trkpt>
    <trkpt lat="54.6828684" lon="25.3333497">
        <ele>171.0</ele>
        <time>2022-01-02T11:16:34.000Z</time>
    </trkpt>
    <trkpt lat="54.6828824" lon="25.3333024">
        <ele>171.0</ele>
        <time>2022-01-02T11:16:35.000Z</time>
    </trkpt>
    <trkpt lat="54.6828966" lon="25.333256">
        <ele>171.0</ele>
        <time>2022-01-02T11:16:36.000Z</time>
    </trkpt>
    <trkpt lat="54.6829109" lon="25.3332096">
        <ele>171.0</ele>
        <time>2022-01-02T11:16:37.000Z</time>
    </trkpt>
    <trkpt lat="54.6829274" lon="25.3331643">
        <ele>171.0</ele>
        <time>2022-01-02T11:16:38.000Z</time>
    </trkpt>
    <trkpt lat="54.682944" lon="25.333119">
        <ele>172.0</ele>
        <time>2022-01-02T11:16:39.000Z</time>
    </trkpt>
    <trkpt lat="54.6829638" lon="25.3330759">
        <ele>172.0</ele>
        <time>2022-01-02T11:16:40.000Z</time>
    </trkpt>
    <trkpt lat="54.6829837" lon="25.3330328">
        <ele>172.0</ele>
        <time>2022-01-02T11:16:41.000Z</time>
    </trkpt>
    <trkpt lat="54.6830027" lon="25.3329914">
        <ele>172.0</ele>
        <time>2022-01-02T11:16:42.000Z</time>
    </trkpt>
    <trkpt lat="54.6830218" lon="25.3329501">
        <ele>172.0</ele>
        <time>2022-01-02T11:16:43.000Z</time>
    </trkpt>
    <trkpt lat="54.6830374" lon="25.3329065">
        <ele>172.0</ele>
        <time>2022-01-02T11:16:44.000Z</time>
    </trkpt>
    <trkpt lat="54.683053" lon="25.3328629">
        <ele>172.0</ele>
        <time>2022-01-02T11:16:45.000Z</time>
    </trkpt>
    <trkpt lat="54.6830671" lon="25.3328165">
        <ele>172.0</ele>
        <time>2022-01-02T11:16:46.000Z</time>
    </trkpt>
    <trkpt lat="54.6830813" lon="25.3327702">
        <ele>172.0</ele>
        <time>2022-01-02T11:16:47.000Z</time>
    </trkpt>
    <trkpt lat="54.683095" lon="25.3327229">
        <ele>172.0</ele>
        <time>2022-01-02T11:16:48.000Z</time>
    </trkpt>
    <trkpt lat="54.6831087" lon="25.3326757">
        <ele>172.0</ele>
        <time>2022-01-02T11:16:49.000Z</time>
    </trkpt>
    <trkpt lat="54.6831191" lon="25.3326296">
        <ele>172.0</ele>
        <time>2022-01-02T11:16:50.000Z</time>
    </trkpt>
    <trkpt lat="54.6831296" lon="25.3325836">
        <ele>172.0</ele>
        <time>2022-01-02T11:16:51.000Z</time>
    </trkpt>
    <trkpt lat="54.6831392" lon="25.3325396">
        <ele>172.0</ele>
        <time>2022-01-02T11:16:52.000Z</time>
    </trkpt>
    <trkpt lat="54.6831489" lon="25.3324956">
        <ele>172.0</ele>
        <time>2022-01-02T11:16:53.000Z</time>
    </trkpt>
    <trkpt lat="54.683163" lon="25.3324511">
        <ele>172.0</ele>
        <time>2022-01-02T11:16:54.000Z</time>
    </trkpt>
    <trkpt lat="54.6831772" lon="25.3324066">
        <ele>172.0</ele>
        <time>2022-01-02T11:16:55.000Z</time>
    </trkpt>
    <trkpt lat="54.6831956" lon="25.3323631">
        <ele>172.0</ele>
        <time>2022-01-02T11:16:56.000Z</time>
    </trkpt>
    <trkpt lat="54.683214" lon="25.3323197">
        <ele>172.0</ele>
        <time>2022-01-02T11:16:57.000Z</time>
    </trkpt>
    <trkpt lat="54.6832316" lon="25.3322769">
        <ele>172.0</ele>
        <time>2022-01-02T11:16:58.000Z</time>
    </trkpt>
    <trkpt lat="54.6832493" lon="25.3322342">
        <ele>173.0</ele>
        <time>2022-01-02T11:16:59.000Z</time>
    </trkpt>
    <trkpt lat="54.6832634" lon="25.3321887">
        <ele>173.0</ele>
        <time>2022-01-02T11:17:00.000Z</time>
    </trkpt>
    <trkpt lat="54.6832776" lon="25.3321432">
        <ele>173.0</ele>
        <time>2022-01-02T11:17:01.000Z</time>
    </trkpt>
    <trkpt lat="54.6832887" lon="25.3320975">
        <ele>173.0</ele>
        <time>2022-01-02T11:17:02.000Z</time>
    </trkpt>
    <trkpt lat="54.6832998" lon="25.3320518">
        <ele>173.0</ele>
        <time>2022-01-02T11:17:03.000Z</time>
    </trkpt>
    <trkpt lat="54.683306" lon="25.3320164">
        <ele>173.0</ele>
        <time>2022-01-02T11:17:04.000Z</time>
    </trkpt>
    <trkpt lat="54.6833123" lon="25.331981">
        <ele>173.0</ele>
        <time>2022-01-02T11:17:05.000Z</time>
    </trkpt>
    <trkpt lat="54.6833156" lon="25.3319662">
        <ele>173.0</ele>
        <time>2022-01-02T11:17:06.000Z</time>
    </trkpt>
    <trkpt lat="54.683319" lon="25.3319514">
        <ele>173.0</ele>
        <time>2022-01-02T11:17:07.000Z</time>
    </trkpt>
    <trkpt lat="54.6833281" lon="25.3319549">
        <ele>173.0</ele>
        <time>2022-01-02T11:17:08.000Z</time>
    </trkpt>
    <trkpt lat="54.6833372" lon="25.3319585">
        <ele>174.0</ele>
        <time>2022-01-02T11:17:09.000Z</time>
    </trkpt>
    <trkpt lat="54.6833522" lon="25.3319723">
        <ele>174.0</ele>
        <time>2022-01-02T11:17:10.000Z</time>
    </trkpt>
    <trkpt lat="54.6833673" lon="25.3319861">
        <ele>174.0</ele>
        <time>2022-01-02T11:17:11.000Z</time>
    </trkpt>
    <trkpt lat="54.6833843" lon="25.3320103">
        <ele>174.0</ele>
        <time>2022-01-02T11:17:12.000Z</time>
    </trkpt>
    <trkpt lat="54.6834013" lon="25.3320346">
        <ele>174.0</ele>
        <time>2022-01-02T11:17:13.000Z</time>
    </trkpt>
    <trkpt lat="54.6834182" lon="25.3320657">
        <ele>174.0</ele>
        <time>2022-01-02T11:17:14.000Z</time>
    </trkpt>
    <trkpt lat="54.6834352" lon="25.3320968">
        <ele>174.0</ele>
        <time>2022-01-02T11:17:15.000Z</time>
    </trkpt>
    <trkpt lat="54.6834509" lon="25.3321308">
        <ele>174.0</ele>
        <time>2022-01-02T11:17:16.000Z</time>
    </trkpt>
    <trkpt lat="54.6834667" lon="25.3321648">
        <ele>174.0</ele>
        <time>2022-01-02T11:17:17.000Z</time>
    </trkpt>
    <trkpt lat="54.6834816" lon="25.3322001">
        <ele>174.0</ele>
        <time>2022-01-02T11:17:18.000Z</time>
    </trkpt>
    <trkpt lat="54.6834965" lon="25.3322355">
        <ele>174.0</ele>
        <time>2022-01-02T11:17:19.000Z</time>
    </trkpt>
    <trkpt lat="54.6835115" lon="25.3322731">
        <ele>174.0</ele>
        <time>2022-01-02T11:17:20.000Z</time>
    </trkpt>
    <trkpt lat="54.6835265" lon="25.3323107">
        <ele>174.0</ele>
        <time>2022-01-02T11:17:21.000Z</time>
    </trkpt>
    <trkpt lat="54.6835422" lon="25.3323508">
        <ele>174.0</ele>
        <time>2022-01-02T11:17:22.000Z</time>
    </trkpt>
    <trkpt lat="54.6835579" lon="25.332391">
        <ele>174.0</ele>
        <time>2022-01-02T11:17:23.000Z</time>
    </trkpt>
    <trkpt lat="54.6835724" lon="25.3324258">
        <ele>174.0</ele>
        <time>2022-01-02T11:17:24.000Z</time>
    </trkpt>
    <trkpt lat="54.6835869" lon="25.3324607">
        <ele>173.0</ele>
        <time>2022-01-02T11:17:25.000Z</time>
    </trkpt>
    <trkpt lat="54.6836011" lon="25.3324931">
        <ele>173.0</ele>
        <time>2022-01-02T11:17:26.000Z</time>
    </trkpt>
    <trkpt lat="54.6836154" lon="25.3325255">
        <ele>173.0</ele>
        <time>2022-01-02T11:17:27.000Z</time>
    </trkpt>
    <trkpt lat="54.6836314" lon="25.3325602">
        <ele>173.0</ele>
        <time>2022-01-02T11:17:28.000Z</time>
    </trkpt>
    <trkpt lat="54.6836475" lon="25.3325949">
        <ele>173.0</ele>
        <time>2022-01-02T11:17:29.000Z</time>
    </trkpt>
    <trkpt lat="54.6836654" lon="25.3326323">
        <ele>172.0</ele>
        <time>2022-01-02T11:17:30.000Z</time>
    </trkpt>
    <trkpt lat="54.6836834" lon="25.3326697">
        <ele>172.0</ele>
        <time>2022-01-02T11:17:31.000Z</time>
    </trkpt>
    <trkpt lat="54.6837035" lon="25.3327028">
        <ele>172.0</ele>
        <time>2022-01-02T11:17:32.000Z</time>
    </trkpt>
    <trkpt lat="54.6837236" lon="25.3327359">
        <ele>172.0</ele>
        <time>2022-01-02T11:17:33.000Z</time>
    </trkpt>
    <trkpt lat="54.6837445" lon="25.332764">
        <ele>172.0</ele>
        <time>2022-01-02T11:17:34.000Z</time>
    </trkpt>
    <trkpt lat="54.6837654" lon="25.3327922">
        <ele>171.0</ele>
        <time>2022-01-02T11:17:35.000Z</time>
    </trkpt>
    <trkpt lat="54.6837865" lon="25.3328199">
        <ele>171.0</ele>
        <time>2022-01-02T11:17:36.000Z</time>
    </trkpt>
    <trkpt lat="54.6838076" lon="25.3328476">
        <ele>170.0</ele>
        <time>2022-01-02T11:17:37.000Z</time>
    </trkpt>
    <trkpt lat="54.683832" lon="25.3328755">
        <ele>170.0</ele>
        <time>2022-01-02T11:17:38.000Z</time>
    </trkpt>
    <trkpt lat="54.6838564" lon="25.3329034">
        <ele>170.0</ele>
        <time>2022-01-02T11:17:39.000Z</time>
    </trkpt>
    <trkpt lat="54.6838826" lon="25.3329303">
        <ele>169.0</ele>
        <time>2022-01-02T11:17:40.000Z</time>
    </trkpt>
    <trkpt lat="54.6839088" lon="25.3329573">
        <ele>169.0</ele>
        <time>2022-01-02T11:17:41.000Z</time>
    </trkpt>
    <trkpt lat="54.6839323" lon="25.3329852">
        <ele>169.0</ele>
        <time>2022-01-02T11:17:42.000Z</time>
    </trkpt>
    <trkpt lat="54.6839559" lon="25.3330131">
        <ele>169.0</ele>
        <time>2022-01-02T11:17:43.000Z</time>
    </trkpt>
    <trkpt lat="54.6839755" lon="25.3330446">
        <ele>169.0</ele>
        <time>2022-01-02T11:17:44.000Z</time>
    </trkpt>
    <trkpt lat="54.6839952" lon="25.3330761">
        <ele>168.0</ele>
        <time>2022-01-02T11:17:45.000Z</time>
    </trkpt>
    <trkpt lat="54.6840132" lon="25.3331139">
        <ele>168.0</ele>
        <time>2022-01-02T11:17:46.000Z</time>
    </trkpt>
    <trkpt lat="54.6840312" lon="25.3331517">
        <ele>167.0</ele>
        <time>2022-01-02T11:17:47.000Z</time>
    </trkpt>
    <trkpt lat="54.6840484" lon="25.3331971">
        <ele>167.0</ele>
        <time>2022-01-02T11:17:48.000Z</time>
    </trkpt>
    <trkpt lat="54.6840656" lon="25.3332425">
        <ele>167.0</ele>
        <time>2022-01-02T11:17:49.000Z</time>
    </trkpt>
    <trkpt lat="54.6840804" lon="25.3332967">
        <ele>166.0</ele>
        <time>2022-01-02T11:17:50.000Z</time>
    </trkpt>
    <trkpt lat="54.6840953" lon="25.3333509">
        <ele>166.0</ele>
        <time>2022-01-02T11:17:51.000Z</time>
    </trkpt>
    <trkpt lat="54.6841075" lon="25.3334066">
        <ele>165.0</ele>
        <time>2022-01-02T11:17:52.000Z</time>
    </trkpt>
    <trkpt lat="54.6841198" lon="25.3334623">
        <ele>165.0</ele>
        <time>2022-01-02T11:17:53.000Z</time>
    </trkpt>
    <trkpt lat="54.6841312" lon="25.3335148">
        <ele>165.0</ele>
        <time>2022-01-02T11:17:54.000Z</time>
    </trkpt>
    <trkpt lat="54.6841427" lon="25.3335674">
        <ele>164.0</ele>
        <time>2022-01-02T11:17:55.000Z</time>
    </trkpt>
    <trkpt lat="54.6841569" lon="25.3336138">
        <ele>164.0</ele>
        <time>2022-01-02T11:17:56.000Z</time>
    </trkpt>
    <trkpt lat="54.6841712" lon="25.3336602">
        <ele>164.0</ele>
        <time>2022-01-02T11:17:57.000Z</time>
    </trkpt>
    <trkpt lat="54.6841883" lon="25.3337008">
        <ele>164.0</ele>
        <time>2022-01-02T11:17:58.000Z</time>
    </trkpt>
    <trkpt lat="54.6842055" lon="25.3337414">
        <ele>164.0</ele>
        <time>2022-01-02T11:17:59.000Z</time>
    </trkpt>
    <trkpt lat="54.6842211" lon="25.3337812">
        <ele>163.0</ele>
        <time>2022-01-02T11:18:00.000Z</time>
    </trkpt>
    <trkpt lat="54.6842368" lon="25.3338211">
        <ele>163.0</ele>
        <time>2022-01-02T11:18:01.000Z</time>
    </trkpt>
    <trkpt lat="54.6842486" lon="25.3338656">
        <ele>162.0</ele>
        <time>2022-01-02T11:18:02.000Z</time>
    </trkpt>
    <trkpt lat="54.6842604" lon="25.3339101">
        <ele>162.0</ele>
        <time>2022-01-02T11:18:03.000Z</time>
    </trkpt>
    <trkpt lat="54.6842689" lon="25.3339587">
        <ele>162.0</ele>
        <time>2022-01-02T11:18:04.000Z</time>
    </trkpt>
    <trkpt lat="54.6842775" lon="25.3340073">
        <ele>161.0</ele>
        <time>2022-01-02T11:18:05.000Z</time>
    </trkpt>
    <trkpt lat="54.6842841" lon="25.3340592">
        <ele>161.0</ele>
        <time>2022-01-02T11:18:06.000Z</time>
    </trkpt>
    <trkpt lat="54.6842908" lon="25.3341112">
        <ele>161.0</ele>
        <time>2022-01-02T11:18:07.000Z</time>
    </trkpt>
    <trkpt lat="54.6842916" lon="25.3341626">
        <ele>161.0</ele>
        <time>2022-01-02T11:18:08.000Z</time>
    </trkpt>
    <trkpt lat="54.6842924" lon="25.334214">
        <ele>161.0</ele>
        <time>2022-01-02T11:18:09.000Z</time>
    </trkpt>
    <trkpt lat="54.6842869" lon="25.3342576">
        <ele>160.0</ele>
        <time>2022-01-02T11:18:10.000Z</time>
    </trkpt>
    <trkpt lat="54.6842815" lon="25.3343013">
        <ele>160.0</ele>
        <time>2022-01-02T11:18:11.000Z</time>
    </trkpt>
    <trkpt lat="54.6842663" lon="25.3343384">
        <ele>160.0</ele>
        <time>2022-01-02T11:18:12.000Z</time>
    </trkpt>
    <trkpt lat="54.6842511" lon="25.3343756">
        <ele>160.0</ele>
        <time>2022-01-02T11:18:13.000Z</time>
    </trkpt>
    <trkpt lat="54.684225" lon="25.3344019">
        <ele>160.0</ele>
        <time>2022-01-02T11:18:14.000Z</time>
    </trkpt>
    <trkpt lat="54.684199" lon="25.3344282">
        <ele>159.0</ele>
        <time>2022-01-02T11:18:15.000Z</time>
    </trkpt>
    <trkpt lat="54.6841687" lon="25.3344461">
        <ele>159.0</ele>
        <time>2022-01-02T11:18:16.000Z</time>
    </trkpt>
    <trkpt lat="54.6841384" lon="25.334464">
        <ele>159.0</ele>
        <time>2022-01-02T11:18:17.000Z</time>
    </trkpt>
    <trkpt lat="54.6841075" lon="25.3344758">
        <ele>159.0</ele>
        <time>2022-01-02T11:18:18.000Z</time>
    </trkpt>
    <trkpt lat="54.6840766" lon="25.3344876">
        <ele>159.0</ele>
        <time>2022-01-02T11:18:19.000Z</time>
    </trkpt>
    <trkpt lat="54.684045" lon="25.3344963">
        <ele>159.0</ele>
        <time>2022-01-02T11:18:20.000Z</time>
    </trkpt>
    <trkpt lat="54.6840135" lon="25.3345051">
        <ele>159.0</ele>
        <time>2022-01-02T11:18:21.000Z</time>
    </trkpt>
    <trkpt lat="54.6839823" lon="25.3345114">
        <ele>159.0</ele>
        <time>2022-01-02T11:18:22.000Z</time>
    </trkpt>
    <trkpt lat="54.6839511" lon="25.3345177">
        <ele>159.0</ele>
        <time>2022-01-02T11:18:23.000Z</time>
    </trkpt>
    <trkpt lat="54.6839193" lon="25.3345225">
        <ele>159.0</ele>
        <time>2022-01-02T11:18:24.000Z</time>
    </trkpt>
    <trkpt lat="54.6838876" lon="25.3345274">
        <ele>158.0</ele>
        <time>2022-01-02T11:18:25.000Z</time>
    </trkpt>
    <trkpt lat="54.6838548" lon="25.3345357">
        <ele>158.0</ele>
        <time>2022-01-02T11:18:26.000Z</time>
    </trkpt>
    <trkpt lat="54.6838221" lon="25.334544">
        <ele>157.0</ele>
        <time>2022-01-02T11:18:27.000Z</time>
    </trkpt>
    <trkpt lat="54.6837887" lon="25.3345578">
        <ele>157.0</ele>
        <time>2022-01-02T11:18:28.000Z</time>
    </trkpt>
    <trkpt lat="54.6837553" lon="25.3345716">
        <ele>157.0</ele>
        <time>2022-01-02T11:18:29.000Z</time>
    </trkpt>
    <trkpt lat="54.6837225" lon="25.3345877">
        <ele>156.0</ele>
        <time>2022-01-02T11:18:30.000Z</time>
    </trkpt>
    <trkpt lat="54.6836898" lon="25.3346038">
        <ele>156.0</ele>
        <time>2022-01-02T11:18:31.000Z</time>
    </trkpt>
    <trkpt lat="54.6836588" lon="25.3346182">
        <ele>156.0</ele>
        <time>2022-01-02T11:18:32.000Z</time>
    </trkpt>
    <trkpt lat="54.6836279" lon="25.3346327">
        <ele>156.0</ele>
        <time>2022-01-02T11:18:33.000Z</time>
    </trkpt>
    <trkpt lat="54.6835959" lon="25.3346456">
        <ele>156.0</ele>
        <time>2022-01-02T11:18:34.000Z</time>
    </trkpt>
    <trkpt lat="54.6835639" lon="25.3346586">
        <ele>155.0</ele>
        <time>2022-01-02T11:18:35.000Z</time>
    </trkpt>
    <trkpt lat="54.6835315" lon="25.3346714">
        <ele>155.0</ele>
        <time>2022-01-02T11:18:36.000Z</time>
    </trkpt>
    <trkpt lat="54.6834992" lon="25.3346842">
        <ele>155.0</ele>
        <time>2022-01-02T11:18:37.000Z</time>
    </trkpt>
    <trkpt lat="54.6834687" lon="25.3346997">
        <ele>155.0</ele>
        <time>2022-01-02T11:18:38.000Z</time>
    </trkpt>
    <trkpt lat="54.6834383" lon="25.3347152">
        <ele>155.0</ele>
        <time>2022-01-02T11:18:39.000Z</time>
    </trkpt>
    <trkpt lat="54.683409" lon="25.3347354">
        <ele>154.0</ele>
        <time>2022-01-02T11:18:40.000Z</time>
    </trkpt>
    <trkpt lat="54.6833797" lon="25.3347556">
        <ele>154.0</ele>
        <time>2022-01-02T11:18:41.000Z</time>
    </trkpt>
    <trkpt lat="54.6833508" lon="25.3347816">
        <ele>153.0</ele>
        <time>2022-01-02T11:18:42.000Z</time>
    </trkpt>
    <trkpt lat="54.683322" lon="25.3348076">
        <ele>153.0</ele>
        <time>2022-01-02T11:18:43.000Z</time>
    </trkpt>
    <trkpt lat="54.6832958" lon="25.3348421">
        <ele>153.0</ele>
        <time>2022-01-02T11:18:44.000Z</time>
    </trkpt>
    <trkpt lat="54.6832697" lon="25.3348766">
        <ele>153.0</ele>
        <time>2022-01-02T11:18:45.000Z</time>
    </trkpt>
    <trkpt lat="54.6832471" lon="25.3349183">
        <ele>153.0</ele>
        <time>2022-01-02T11:18:46.000Z</time>
    </trkpt>
    <trkpt lat="54.6832246" lon="25.33496">
        <ele>153.0</ele>
        <time>2022-01-02T11:18:47.000Z</time>
    </trkpt>
    <trkpt lat="54.6832064" lon="25.3350057">
        <ele>153.0</ele>
        <time>2022-01-02T11:18:48.000Z</time>
    </trkpt>
    <trkpt lat="54.6831883" lon="25.3350515">
        <ele>153.0</ele>
        <time>2022-01-02T11:18:49.000Z</time>
    </trkpt>
    <trkpt lat="54.6831754" lon="25.3351022">
        <ele>152.0</ele>
        <time>2022-01-02T11:18:50.000Z</time>
    </trkpt>
    <trkpt lat="54.6831626" lon="25.335153">
        <ele>152.0</ele>
        <time>2022-01-02T11:18:51.000Z</time>
    </trkpt>
    <trkpt lat="54.6831583" lon="25.335209">
        <ele>152.0</ele>
        <time>2022-01-02T11:18:52.000Z</time>
    </trkpt>
    <trkpt lat="54.683154" lon="25.335265">
        <ele>152.0</ele>
        <time>2022-01-02T11:18:53.000Z</time>
    </trkpt>
    <trkpt lat="54.6831568" lon="25.3353211">
        <ele>152.0</ele>
        <time>2022-01-02T11:18:54.000Z</time>
    </trkpt>
    <trkpt lat="54.6831596" lon="25.3353772">
        <ele>151.0</ele>
        <time>2022-01-02T11:18:55.000Z</time>
    </trkpt>
    <trkpt lat="54.6831653" lon="25.335428">
        <ele>151.0</ele>
        <time>2022-01-02T11:18:56.000Z</time>
    </trkpt>
    <trkpt lat="54.683171" lon="25.3354788">
        <ele>151.0</ele>
        <time>2022-01-02T11:18:57.000Z</time>
    </trkpt>
    <trkpt lat="54.6831801" lon="25.3355224">
        <ele>151.0</ele>
        <time>2022-01-02T11:18:58.000Z</time>
    </trkpt>
    <trkpt lat="54.6831893" lon="25.335566">
        <ele>151.0</ele>
        <time>2022-01-02T11:18:59.000Z</time>
    </trkpt>
    <trkpt lat="54.6832016" lon="25.3355974">
        <ele>151.0</ele>
        <time>2022-01-02T11:19:00.000Z</time>
    </trkpt>
    <trkpt lat="54.6832139" lon="25.3356288">
        <ele>151.0</ele>
        <time>2022-01-02T11:19:01.000Z</time>
    </trkpt>
    <trkpt lat="54.6832295" lon="25.335647">
        <ele>151.0</ele>
        <time>2022-01-02T11:19:02.000Z</time>
    </trkpt>
    <trkpt lat="54.6832452" lon="25.3356653">
        <ele>151.0</ele>
        <time>2022-01-02T11:19:03.000Z</time>
    </trkpt>
    <trkpt lat="54.6832623" lon="25.3356751">
        <ele>151.0</ele>
        <time>2022-01-02T11:19:04.000Z</time>
    </trkpt>
    <trkpt lat="54.6832794" lon="25.3356849">
        <ele>151.0</ele>
        <time>2022-01-02T11:19:05.000Z</time>
    </trkpt>
    <trkpt lat="54.6832968" lon="25.3356879">
        <ele>151.0</ele>
        <time>2022-01-02T11:19:06.000Z</time>
    </trkpt>
    <trkpt lat="54.6833143" lon="25.3356909">
        <ele>151.0</ele>
        <time>2022-01-02T11:19:07.000Z</time>
    </trkpt>
    <trkpt lat="54.683332" lon="25.3356902">
        <ele>151.0</ele>
        <time>2022-01-02T11:19:08.000Z</time>
    </trkpt>
    <trkpt lat="54.6833497" lon="25.3356895">
        <ele>151.0</ele>
        <time>2022-01-02T11:19:09.000Z</time>
    </trkpt>
    <trkpt lat="54.6833665" lon="25.3356918">
        <ele>151.0</ele>
        <time>2022-01-02T11:19:10.000Z</time>
    </trkpt>
    <trkpt lat="54.6833833" lon="25.3356942">
        <ele>151.0</ele>
        <time>2022-01-02T11:19:11.000Z</time>
    </trkpt>
    <trkpt lat="54.6834004" lon="25.3356996">
        <ele>151.0</ele>
        <time>2022-01-02T11:19:12.000Z</time>
    </trkpt>
    <trkpt lat="54.6834175" lon="25.3357051">
        <ele>151.0</ele>
        <time>2022-01-02T11:19:13.000Z</time>
    </trkpt>
    <trkpt lat="54.6834366" lon="25.3357082">
        <ele>152.0</ele>
        <time>2022-01-02T11:19:14.000Z</time>
    </trkpt>
    <trkpt lat="54.6834557" lon="25.3357113">
        <ele>152.0</ele>
        <time>2022-01-02T11:19:15.000Z</time>
    </trkpt>
    <trkpt lat="54.683474" lon="25.3357185">
        <ele>152.0</ele>
        <time>2022-01-02T11:19:16.000Z</time>
    </trkpt>
    <trkpt lat="54.6834924" lon="25.3357258">
        <ele>153.0</ele>
        <time>2022-01-02T11:19:17.000Z</time>
    </trkpt>
    <trkpt lat="54.6835095" lon="25.3357387">
        <ele>153.0</ele>
        <time>2022-01-02T11:19:18.000Z</time>
    </trkpt>
    <trkpt lat="54.6835267" lon="25.3357516">
        <ele>154.0</ele>
        <time>2022-01-02T11:19:19.000Z</time>
    </trkpt>
    <trkpt lat="54.6835418" lon="25.3357664">
        <ele>154.0</ele>
        <time>2022-01-02T11:19:20.000Z</time>
    </trkpt>
    <trkpt lat="54.683557" lon="25.3357813">
        <ele>154.0</ele>
        <time>2022-01-02T11:19:21.000Z</time>
    </trkpt>
    <trkpt lat="54.6835695" lon="25.3357968">
        <ele>155.0</ele>
        <time>2022-01-02T11:19:22.000Z</time>
    </trkpt>
    <trkpt lat="54.683582" lon="25.3358123">
        <ele>155.0</ele>
        <time>2022-01-02T11:19:23.000Z</time>
    </trkpt>
    <trkpt lat="54.6835921" lon="25.3358247">
        <ele>156.0</ele>
        <time>2022-01-02T11:19:24.000Z</time>
    </trkpt>
    <trkpt lat="54.6836022" lon="25.3358371">
        <ele>156.0</ele>
        <time>2022-01-02T11:19:25.000Z</time>
    </trkpt>
    <trkpt lat="54.6836125" lon="25.3358451">
        <ele>156.0</ele>
        <time>2022-01-02T11:19:26.000Z</time>
    </trkpt>
    <trkpt lat="54.6836229" lon="25.3358532">
        <ele>156.0</ele>
        <time>2022-01-02T11:19:27.000Z</time>
    </trkpt>
    <trkpt lat="54.6836367" lon="25.3358577">
        <ele>156.0</ele>
        <time>2022-01-02T11:19:28.000Z</time>
    </trkpt>
    <trkpt lat="54.6836506" lon="25.3358622">
        <ele>157.0</ele>
        <time>2022-01-02T11:19:29.000Z</time>
    </trkpt>
    <trkpt lat="54.6836674" lon="25.3358655">
        <ele>157.0</ele>
        <time>2022-01-02T11:19:30.000Z</time>
    </trkpt>
    <trkpt lat="54.6836842" lon="25.3358688">
        <ele>157.0</ele>
        <time>2022-01-02T11:19:31.000Z</time>
    </trkpt>
    <trkpt lat="54.6837003" lon="25.3358727">
        <ele>158.0</ele>
        <time>2022-01-02T11:19:32.000Z</time>
    </trkpt>
    <trkpt lat="54.6837164" lon="25.3358766">
        <ele>158.0</ele>
        <time>2022-01-02T11:19:33.000Z</time>
    </trkpt>
    <trkpt lat="54.6837297" lon="25.3358804">
        <ele>159.0</ele>
        <time>2022-01-02T11:19:34.000Z</time>
    </trkpt>
    <trkpt lat="54.6837431" lon="25.3358842">
        <ele>159.0</ele>
        <time>2022-01-02T11:19:35.000Z</time>
    </trkpt>
    <trkpt lat="54.6837555" lon="25.335889">
        <ele>159.0</ele>
        <time>2022-01-02T11:19:36.000Z</time>
    </trkpt>
    <trkpt lat="54.6837679" lon="25.3358938">
        <ele>160.0</ele>
        <time>2022-01-02T11:19:37.000Z</time>
    </trkpt>
    <trkpt lat="54.6837804" lon="25.335899">
        <ele>160.0</ele>
        <time>2022-01-02T11:19:38.000Z</time>
    </trkpt>
    <trkpt lat="54.6837929" lon="25.3359043">
        <ele>161.0</ele>
        <time>2022-01-02T11:19:39.000Z</time>
    </trkpt>
    <trkpt lat="54.6838054" lon="25.3359084">
        <ele>161.0</ele>
        <time>2022-01-02T11:19:40.000Z</time>
    </trkpt>
    <trkpt lat="54.6838179" lon="25.3359126">
        <ele>162.0</ele>
        <time>2022-01-02T11:19:41.000Z</time>
    </trkpt>
    <trkpt lat="54.6838321" lon="25.335915">
        <ele>162.0</ele>
        <time>2022-01-02T11:19:42.000Z</time>
    </trkpt>
    <trkpt lat="54.6838464" lon="25.3359175">
        <ele>163.0</ele>
        <time>2022-01-02T11:19:43.000Z</time>
    </trkpt>
    <trkpt lat="54.6838577" lon="25.3359228">
        <ele>164.0</ele>
        <time>2022-01-02T11:19:44.000Z</time>
    </trkpt>
    <trkpt lat="54.6838691" lon="25.3359281">
        <ele>164.0</ele>
        <time>2022-01-02T11:19:45.000Z</time>
    </trkpt>
    <trkpt lat="54.6838773" lon="25.3359367">
        <ele>164.0</ele>
        <time>2022-01-02T11:19:46.000Z</time>
    </trkpt>
    <trkpt lat="54.6838855" lon="25.3359454">
        <ele>165.0</ele>
        <time>2022-01-02T11:19:47.000Z</time>
    </trkpt>
    <trkpt lat="54.6838941" lon="25.3359586">
        <ele>165.0</ele>
        <time>2022-01-02T11:19:48.000Z</time>
    </trkpt>
    <trkpt lat="54.6839028" lon="25.3359719">
        <ele>166.0</ele>
        <time>2022-01-02T11:19:49.000Z</time>
    </trkpt>
    <trkpt lat="54.6839105" lon="25.3359884">
        <ele>166.0</ele>
        <time>2022-01-02T11:19:50.000Z</time>
    </trkpt>
    <trkpt lat="54.6839183" lon="25.3360049">
        <ele>166.0</ele>
        <time>2022-01-02T11:19:51.000Z</time>
    </trkpt>
    <trkpt lat="54.6839245" lon="25.3360231">
        <ele>167.0</ele>
        <time>2022-01-02T11:19:52.000Z</time>
    </trkpt>
    <trkpt lat="54.6839308" lon="25.3360414">
        <ele>167.0</ele>
        <time>2022-01-02T11:19:53.000Z</time>
    </trkpt>
    <trkpt lat="54.6839353" lon="25.3360627">
        <ele>168.0</ele>
        <time>2022-01-02T11:19:54.000Z</time>
    </trkpt>
    <trkpt lat="54.6839398" lon="25.3360841">
        <ele>168.0</ele>
        <time>2022-01-02T11:19:55.000Z</time>
    </trkpt>
    <trkpt lat="54.6839431" lon="25.3361029">
        <ele>168.0</ele>
        <time>2022-01-02T11:19:56.000Z</time>
    </trkpt>
    <trkpt lat="54.6839465" lon="25.3361218">
        <ele>169.0</ele>
        <time>2022-01-02T11:19:57.000Z</time>
    </trkpt>
    <trkpt lat="54.683947" lon="25.3361376">
        <ele>169.0</ele>
        <time>2022-01-02T11:19:58.000Z</time>
    </trkpt>
    <trkpt lat="54.6839475" lon="25.3361535">
        <ele>170.0</ele>
        <time>2022-01-02T11:19:59.000Z</time>
    </trkpt>
    <trkpt lat="54.6839463" lon="25.336167">
        <ele>170.0</ele>
        <time>2022-01-02T11:20:00.000Z</time>
    </trkpt>
    <trkpt lat="54.6839452" lon="25.3361806">
        <ele>171.0</ele>
        <time>2022-01-02T11:20:01.000Z</time>
    </trkpt>
    <trkpt lat="54.6839422" lon="25.3361934">
        <ele>171.0</ele>
        <time>2022-01-02T11:20:02.000Z</time>
    </trkpt>
    <trkpt lat="54.6839393" lon="25.3362063">
        <ele>172.0</ele>
        <time>2022-01-02T11:20:03.000Z</time>
    </trkpt>
    <trkpt lat="54.6839302" lon="25.3362217">
        <ele>173.0</ele>
        <time>2022-01-02T11:20:04.000Z</time>
    </trkpt>
    <trkpt lat="54.6839211" lon="25.3362372">
        <ele>173.0</ele>
        <time>2022-01-02T11:20:05.000Z</time>
    </trkpt>
    <trkpt lat="54.6839039" lon="25.3362589">
        <ele>173.0</ele>
        <time>2022-01-02T11:20:06.000Z</time>
    </trkpt>
    <trkpt lat="54.6838867" lon="25.3362807">
        <ele>173.0</ele>
        <time>2022-01-02T11:20:07.000Z</time>
    </trkpt>
    <trkpt lat="54.6838712" lon="25.3363128">
        <ele>173.0</ele>
        <time>2022-01-02T11:20:08.000Z</time>
    </trkpt>
    <trkpt lat="54.6838558" lon="25.3363449">
        <ele>174.0</ele>
        <time>2022-01-02T11:20:09.000Z</time>
    </trkpt>
    <trkpt lat="54.6838499" lon="25.3363857">
        <ele>174.0</ele>
        <time>2022-01-02T11:20:10.000Z</time>
    </trkpt>
    <trkpt lat="54.683844" lon="25.3364266">
        <ele>174.0</ele>
        <time>2022-01-02T11:20:11.000Z</time>
    </trkpt>
    <trkpt lat="54.6838536" lon="25.3364674">
        <ele>174.0</ele>
        <time>2022-01-02T11:20:12.000Z</time>
    </trkpt>
    <trkpt lat="54.6838632" lon="25.3365083">
        <ele>174.0</ele>
        <time>2022-01-02T11:20:13.000Z</time>
    </trkpt>
    <trkpt lat="54.683883" lon="25.3365487">
        <ele>175.0</ele>
        <time>2022-01-02T11:20:14.000Z</time>
    </trkpt>
    <trkpt lat="54.6839028" lon="25.3365892">
        <ele>175.0</ele>
        <time>2022-01-02T11:20:15.000Z</time>
    </trkpt>
    <trkpt lat="54.683922" lon="25.3366324">
        <ele>175.0</ele>
        <time>2022-01-02T11:20:16.000Z</time>
    </trkpt>
    <trkpt lat="54.6839412" lon="25.3366756">
        <ele>175.0</ele>
        <time>2022-01-02T11:20:17.000Z</time>
    </trkpt>
    <trkpt lat="54.6839602" lon="25.3367174">
        <ele>175.0</ele>
        <time>2022-01-02T11:20:18.000Z</time>
    </trkpt>
    <trkpt lat="54.6839792" lon="25.3367593">
        <ele>176.0</ele>
        <time>2022-01-02T11:20:19.000Z</time>
    </trkpt>
    <trkpt lat="54.6839981" lon="25.3367984">
        <ele>176.0</ele>
        <time>2022-01-02T11:20:20.000Z</time>
    </trkpt>
    <trkpt lat="54.684017" lon="25.3368376">
        <ele>176.0</ele>
        <time>2022-01-02T11:20:21.000Z</time>
    </trkpt>
    <trkpt lat="54.6840343" lon="25.3368738">
        <ele>176.0</ele>
        <time>2022-01-02T11:20:22.000Z</time>
    </trkpt>
    <trkpt lat="54.6840517" lon="25.3369101">
        <ele>176.0</ele>
        <time>2022-01-02T11:20:23.000Z</time>
    </trkpt>
    <trkpt lat="54.684065" lon="25.3369447">
        <ele>177.0</ele>
        <time>2022-01-02T11:20:24.000Z</time>
    </trkpt>
    <trkpt lat="54.6840784" lon="25.3369794">
        <ele>177.0</ele>
        <time>2022-01-02T11:20:25.000Z</time>
    </trkpt>
    <trkpt lat="54.6840885" lon="25.3370136">
        <ele>177.0</ele>
        <time>2022-01-02T11:20:26.000Z</time>
    </trkpt>
    <trkpt lat="54.6840987" lon="25.3370478">
        <ele>177.0</ele>
        <time>2022-01-02T11:20:27.000Z</time>
    </trkpt>
    <trkpt lat="54.684105" lon="25.3370833">
        <ele>177.0</ele>
        <time>2022-01-02T11:20:28.000Z</time>
    </trkpt>
    <trkpt lat="54.6841114" lon="25.3371189">
        <ele>177.0</ele>
        <time>2022-01-02T11:20:29.000Z</time>
    </trkpt>
    <trkpt lat="54.6841176" lon="25.3371546">
        <ele>177.0</ele>
        <time>2022-01-02T11:20:30.000Z</time>
    </trkpt>
    <trkpt lat="54.6841239" lon="25.3371904">
        <ele>177.0</ele>
        <time>2022-01-02T11:20:31.000Z</time>
    </trkpt>
    <trkpt lat="54.6841321" lon="25.3372278">
        <ele>177.0</ele>
        <time>2022-01-02T11:20:32.000Z</time>
    </trkpt>
    <trkpt lat="54.6841404" lon="25.3372653">
        <ele>177.0</ele>
        <time>2022-01-02T11:20:33.000Z</time>
    </trkpt>
    <trkpt lat="54.6841446" lon="25.3373063">
        <ele>177.0</ele>
        <time>2022-01-02T11:20:34.000Z</time>
    </trkpt>
    <trkpt lat="54.6841489" lon="25.3373474">
        <ele>177.0</ele>
        <time>2022-01-02T11:20:35.000Z</time>
    </trkpt>
    <trkpt lat="54.6841492" lon="25.3373929">
        <ele>177.0</ele>
        <time>2022-01-02T11:20:36.000Z</time>
    </trkpt>
    <trkpt lat="54.6841495" lon="25.3374385">
        <ele>177.0</ele>
        <time>2022-01-02T11:20:37.000Z</time>
    </trkpt>
    <trkpt lat="54.68415" lon="25.3374816">
        <ele>177.0</ele>
        <time>2022-01-02T11:20:38.000Z</time>
    </trkpt>
    <trkpt lat="54.6841505" lon="25.3375248">
        <ele>178.0</ele>
        <time>2022-01-02T11:20:39.000Z</time>
    </trkpt>
    <trkpt lat="54.6841532" lon="25.3375657">
        <ele>178.0</ele>
        <time>2022-01-02T11:20:40.000Z</time>
    </trkpt>
    <trkpt lat="54.6841559" lon="25.3376067">
        <ele>178.0</ele>
        <time>2022-01-02T11:20:41.000Z</time>
    </trkpt>
    <trkpt lat="54.6841617" lon="25.3376505">
        <ele>178.0</ele>
        <time>2022-01-02T11:20:42.000Z</time>
    </trkpt>
    <trkpt lat="54.6841675" lon="25.3376944">
        <ele>178.0</ele>
        <time>2022-01-02T11:20:43.000Z</time>
    </trkpt>
    <trkpt lat="54.6841818" lon="25.3377284">
        <ele>178.0</ele>
        <time>2022-01-02T11:20:44.000Z</time>
    </trkpt>
    <trkpt lat="54.6841961" lon="25.3377624">
        <ele>178.0</ele>
        <time>2022-01-02T11:20:45.000Z</time>
    </trkpt>
    <trkpt lat="54.6842193" lon="25.3377861">
        <ele>178.0</ele>
        <time>2022-01-02T11:20:46.000Z</time>
    </trkpt>
    <trkpt lat="54.6842426" lon="25.3378099">
        <ele>178.0</ele>
        <time>2022-01-02T11:20:47.000Z</time>
    </trkpt>
    <trkpt lat="54.6842707" lon="25.3378218">
        <ele>178.0</ele>
        <time>2022-01-02T11:20:48.000Z</time>
    </trkpt>
    <trkpt lat="54.6842988" lon="25.3378338">
        <ele>178.0</ele>
        <time>2022-01-02T11:20:49.000Z</time>
    </trkpt>
    <trkpt lat="54.6843286" lon="25.3378366">
        <ele>178.0</ele>
        <time>2022-01-02T11:20:50.000Z</time>
    </trkpt>
    <trkpt lat="54.6843585" lon="25.3378395">
        <ele>178.0</ele>
        <time>2022-01-02T11:20:51.000Z</time>
    </trkpt>
    <trkpt lat="54.684386" lon="25.33784">
        <ele>178.0</ele>
        <time>2022-01-02T11:20:52.000Z</time>
    </trkpt>
    <trkpt lat="54.6844136" lon="25.3378405">
        <ele>178.0</ele>
        <time>2022-01-02T11:20:53.000Z</time>
    </trkpt>
    <trkpt lat="54.6844384" lon="25.3378479">
        <ele>179.0</ele>
        <time>2022-01-02T11:20:54.000Z</time>
    </trkpt>
    <trkpt lat="54.6844633" lon="25.3378553">
        <ele>179.0</ele>
        <time>2022-01-02T11:20:55.000Z</time>
    </trkpt>
    <trkpt lat="54.6844863" lon="25.3378725">
        <ele>179.0</ele>
        <time>2022-01-02T11:20:56.000Z</time>
    </trkpt>
    <trkpt lat="54.6845093" lon="25.3378897">
        <ele>179.0</ele>
        <time>2022-01-02T11:20:57.000Z</time>
    </trkpt>
    <trkpt lat="54.6845286" lon="25.3379119">
        <ele>179.0</ele>
        <time>2022-01-02T11:20:58.000Z</time>
    </trkpt>
    <trkpt lat="54.684548" lon="25.3379342">
        <ele>180.0</ele>
        <time>2022-01-02T11:20:59.000Z</time>
    </trkpt>
    <trkpt lat="54.6845628" lon="25.3379653">
        <ele>180.0</ele>
        <time>2022-01-02T11:21:00.000Z</time>
    </trkpt>
    <trkpt lat="54.6845777" lon="25.3379965">
        <ele>180.0</ele>
        <time>2022-01-02T11:21:01.000Z</time>
    </trkpt>
    <trkpt lat="54.6845899" lon="25.3380331">
        <ele>180.0</ele>
        <time>2022-01-02T11:21:02.000Z</time>
    </trkpt>
    <trkpt lat="54.6846021" lon="25.3380698">
        <ele>180.0</ele>
        <time>2022-01-02T11:21:03.000Z</time>
    </trkpt>
    <trkpt lat="54.6846139" lon="25.3381092">
        <ele>181.0</ele>
        <time>2022-01-02T11:21:04.000Z</time>
    </trkpt>
    <trkpt lat="54.6846257" lon="25.3381487">
        <ele>181.0</ele>
        <time>2022-01-02T11:21:05.000Z</time>
    </trkpt>
    <trkpt lat="54.6846361" lon="25.3381896">
        <ele>181.0</ele>
        <time>2022-01-02T11:21:06.000Z</time>
    </trkpt>
    <trkpt lat="54.6846465" lon="25.3382306">
        <ele>181.0</ele>
        <time>2022-01-02T11:21:07.000Z</time>
    </trkpt>
    <trkpt lat="54.6846545" lon="25.3382737">
        <ele>181.0</ele>
        <time>2022-01-02T11:21:08.000Z</time>
    </trkpt>
    <trkpt lat="54.6846626" lon="25.3383169">
        <ele>181.0</ele>
        <time>2022-01-02T11:21:09.000Z</time>
    </trkpt>
    <trkpt lat="54.6846717" lon="25.3383652">
        <ele>181.0</ele>
        <time>2022-01-02T11:21:10.000Z</time>
    </trkpt>
    <trkpt lat="54.6846809" lon="25.3384136">
        <ele>181.0</ele>
        <time>2022-01-02T11:21:11.000Z</time>
    </trkpt>
    <trkpt lat="54.684691" lon="25.3384605">
        <ele>181.0</ele>
        <time>2022-01-02T11:21:12.000Z</time>
    </trkpt>
    <trkpt lat="54.6847011" lon="25.3385074">
        <ele>181.0</ele>
        <time>2022-01-02T11:21:13.000Z</time>
    </trkpt>
    <trkpt lat="54.6847112" lon="25.338556">
        <ele>181.0</ele>
        <time>2022-01-02T11:21:14.000Z</time>
    </trkpt>
    <trkpt lat="54.6847214" lon="25.3386046">
        <ele>181.0</ele>
        <time>2022-01-02T11:21:15.000Z</time>
    </trkpt>
    <trkpt lat="54.6847297" lon="25.3386525">
        <ele>181.0</ele>
        <time>2022-01-02T11:21:16.000Z</time>
    </trkpt>
    <trkpt lat="54.6847381" lon="25.3387004">
        <ele>181.0</ele>
        <time>2022-01-02T11:21:17.000Z</time>
    </trkpt>
    <trkpt lat="54.6847426" lon="25.3387482">
        <ele>181.0</ele>
        <time>2022-01-02T11:21:18.000Z</time>
    </trkpt>
    <trkpt lat="54.6847472" lon="25.338796">
        <ele>181.0</ele>
        <time>2022-01-02T11:21:19.000Z</time>
    </trkpt>
    <trkpt lat="54.6847496" lon="25.3388423">
        <ele>181.0</ele>
        <time>2022-01-02T11:21:20.000Z</time>
    </trkpt>
    <trkpt lat="54.6847521" lon="25.3388886">
        <ele>181.0</ele>
        <time>2022-01-02T11:21:21.000Z</time>
    </trkpt>
    <trkpt lat="54.6847534" lon="25.3389351">
        <ele>181.0</ele>
        <time>2022-01-02T11:21:22.000Z</time>
    </trkpt>
    <trkpt lat="54.6847548" lon="25.3389817">
        <ele>181.0</ele>
        <time>2022-01-02T11:21:23.000Z</time>
    </trkpt>
    <trkpt lat="54.6847552" lon="25.3390282">
        <ele>181.0</ele>
        <time>2022-01-02T11:21:24.000Z</time>
    </trkpt>
    <trkpt lat="54.6847557" lon="25.3390748">
        <ele>181.0</ele>
        <time>2022-01-02T11:21:25.000Z</time>
    </trkpt>
    <trkpt lat="54.6847554" lon="25.3391223">
        <ele>181.0</ele>
        <time>2022-01-02T11:21:26.000Z</time>
    </trkpt>
    <trkpt lat="54.6847551" lon="25.3391699">
        <ele>181.0</ele>
        <time>2022-01-02T11:21:27.000Z</time>
    </trkpt>
    <trkpt lat="54.6847537" lon="25.3392181">
        <ele>181.0</ele>
        <time>2022-01-02T11:21:28.000Z</time>
    </trkpt>
    <trkpt lat="54.6847523" lon="25.3392663">
        <ele>181.0</ele>
        <time>2022-01-02T11:21:29.000Z</time>
    </trkpt>
    <trkpt lat="54.6847498" lon="25.3393146">
        <ele>181.0</ele>
        <time>2022-01-02T11:21:30.000Z</time>
    </trkpt>
    <trkpt lat="54.6847473" lon="25.339363">
        <ele>181.0</ele>
        <time>2022-01-02T11:21:31.000Z</time>
    </trkpt>
    <trkpt lat="54.6847437" lon="25.3394116">
        <ele>181.0</ele>
        <time>2022-01-02T11:21:32.000Z</time>
    </trkpt>
    <trkpt lat="54.6847402" lon="25.3394602">
        <ele>181.0</ele>
        <time>2022-01-02T11:21:33.000Z</time>
    </trkpt>
    <trkpt lat="54.6847342" lon="25.3395095">
        <ele>182.0</ele>
        <time>2022-01-02T11:21:34.000Z</time>
    </trkpt>
    <trkpt lat="54.6847282" lon="25.3395588">
        <ele>182.0</ele>
        <time>2022-01-02T11:21:35.000Z</time>
    </trkpt>
    <trkpt lat="54.6847196" lon="25.339612">
        <ele>182.0</ele>
        <time>2022-01-02T11:21:36.000Z</time>
    </trkpt>
    <trkpt lat="54.6847111" lon="25.3396653">
        <ele>182.0</ele>
        <time>2022-01-02T11:21:37.000Z</time>
    </trkpt>
    <trkpt lat="54.6847016" lon="25.339719">
        <ele>182.0</ele>
        <time>2022-01-02T11:21:38.000Z</time>
    </trkpt>
    <trkpt lat="54.6846922" lon="25.3397727">
        <ele>182.0</ele>
        <time>2022-01-02T11:21:39.000Z</time>
    </trkpt>
    <trkpt lat="54.6846832" lon="25.3398246">
        <ele>182.0</ele>
        <time>2022-01-02T11:21:40.000Z</time>
    </trkpt>
    <trkpt lat="54.6846742" lon="25.3398765">
        <ele>182.0</ele>
        <time>2022-01-02T11:21:41.000Z</time>
    </trkpt>
    <trkpt lat="54.6846658" lon="25.3399269">
        <ele>182.0</ele>
        <time>2022-01-02T11:21:42.000Z</time>
    </trkpt>
    <trkpt lat="54.6846575" lon="25.3399773">
        <ele>182.0</ele>
        <time>2022-01-02T11:21:43.000Z</time>
    </trkpt>
    <trkpt lat="54.6846496" lon="25.3400262">
        <ele>182.0</ele>
        <time>2022-01-02T11:21:44.000Z</time>
    </trkpt>
    <trkpt lat="54.6846418" lon="25.3400752">
        <ele>182.0</ele>
        <time>2022-01-02T11:21:45.000Z</time>
    </trkpt>
    <trkpt lat="54.6846331" lon="25.3401252">
        <ele>182.0</ele>
        <time>2022-01-02T11:21:46.000Z</time>
    </trkpt>
    <trkpt lat="54.6846244" lon="25.3401753">
        <ele>182.0</ele>
        <time>2022-01-02T11:21:47.000Z</time>
    </trkpt>
    <trkpt lat="54.6846148" lon="25.3402272">
        <ele>182.0</ele>
        <time>2022-01-02T11:21:48.000Z</time>
    </trkpt>
    <trkpt lat="54.6846052" lon="25.3402792">
        <ele>182.0</ele>
        <time>2022-01-02T11:21:49.000Z</time>
    </trkpt>
    <trkpt lat="54.6845957" lon="25.3403329">
        <ele>182.0</ele>
        <time>2022-01-02T11:21:50.000Z</time>
    </trkpt>
    <trkpt lat="54.6845862" lon="25.3403867">
        <ele>182.0</ele>
        <time>2022-01-02T11:21:51.000Z</time>
    </trkpt>
    <trkpt lat="54.6845778" lon="25.3404378">
        <ele>182.0</ele>
        <time>2022-01-02T11:21:52.000Z</time>
    </trkpt>
    <trkpt lat="54.6845694" lon="25.340489">
        <ele>182.0</ele>
        <time>2022-01-02T11:21:53.000Z</time>
    </trkpt>
    <trkpt lat="54.6845602" lon="25.3405428">
        <ele>182.0</ele>
        <time>2022-01-02T11:21:54.000Z</time>
    </trkpt>
    <trkpt lat="54.6845511" lon="25.3405966">
        <ele>182.0</ele>
        <time>2022-01-02T11:21:55.000Z</time>
    </trkpt>
    <trkpt lat="54.6845424" lon="25.3406514">
        <ele>182.0</ele>
        <time>2022-01-02T11:21:56.000Z</time>
    </trkpt>
    <trkpt lat="54.6845338" lon="25.3407062">
        <ele>182.0</ele>
        <time>2022-01-02T11:21:57.000Z</time>
    </trkpt>
    <trkpt lat="54.6845256" lon="25.3407615">
        <ele>182.0</ele>
        <time>2022-01-02T11:21:58.000Z</time>
    </trkpt>
    <trkpt lat="54.6845175" lon="25.3408168">
        <ele>182.0</ele>
        <time>2022-01-02T11:21:59.000Z</time>
    </trkpt>
    <trkpt lat="54.6845095" lon="25.3408709">
        <ele>182.0</ele>
        <time>2022-01-02T11:22:00.000Z</time>
    </trkpt>
    <trkpt lat="54.6845015" lon="25.340925">
        <ele>182.0</ele>
        <time>2022-01-02T11:22:01.000Z</time>
    </trkpt>
    <trkpt lat="54.6844939" lon="25.3409777">
        <ele>182.0</ele>
        <time>2022-01-02T11:22:02.000Z</time>
    </trkpt>
    <trkpt lat="54.6844863" lon="25.3410304">
        <ele>182.0</ele>
        <time>2022-01-02T11:22:03.000Z</time>
    </trkpt>
    <trkpt lat="54.6844783" lon="25.3410823">
        <ele>182.0</ele>
        <time>2022-01-02T11:22:04.000Z</time>
    </trkpt>
    <trkpt lat="54.6844704" lon="25.3411343">
        <ele>181.0</ele>
        <time>2022-01-02T11:22:05.000Z</time>
    </trkpt>
    <trkpt lat="54.6844619" lon="25.3411836">
        <ele>181.0</ele>
        <time>2022-01-02T11:22:06.000Z</time>
    </trkpt>
    <trkpt lat="54.6844534" lon="25.3412329">
        <ele>181.0</ele>
        <time>2022-01-02T11:22:07.000Z</time>
    </trkpt>
    <trkpt lat="54.6844451" lon="25.3412815">
        <ele>181.0</ele>
        <time>2022-01-02T11:22:08.000Z</time>
    </trkpt>
    <trkpt lat="54.6844369" lon="25.3413301">
        <ele>181.0</ele>
        <time>2022-01-02T11:22:09.000Z</time>
    </trkpt>
    <trkpt lat="54.6844295" lon="25.3413779">
        <ele>181.0</ele>
        <time>2022-01-02T11:22:10.000Z</time>
    </trkpt>
    <trkpt lat="54.6844221" lon="25.3414258">
        <ele>181.0</ele>
        <time>2022-01-02T11:22:11.000Z</time>
    </trkpt>
    <trkpt lat="54.6844192" lon="25.3414705">
        <ele>181.0</ele>
        <time>2022-01-02T11:22:12.000Z</time>
    </trkpt>
    <trkpt lat="54.6844164" lon="25.3415152">
        <ele>181.0</ele>
        <time>2022-01-02T11:22:13.000Z</time>
    </trkpt>
    <trkpt lat="54.6844232" lon="25.3415469">
        <ele>181.0</ele>
        <time>2022-01-02T11:22:14.000Z</time>
    </trkpt>
    <trkpt lat="54.68443" lon="25.3415787">
        <ele>181.0</ele>
        <time>2022-01-02T11:22:15.000Z</time>
    </trkpt>
    <trkpt lat="54.6844467" lon="25.3415919">
        <ele>181.0</ele>
        <time>2022-01-02T11:22:16.000Z</time>
    </trkpt>
    <trkpt lat="54.6844635" lon="25.3416052">
        <ele>181.0</ele>
        <time>2022-01-02T11:22:17.000Z</time>
    </trkpt>
    <trkpt lat="54.6844869" lon="25.3416039">
        <ele>181.0</ele>
        <time>2022-01-02T11:22:18.000Z</time>
    </trkpt>
    <trkpt lat="54.6845104" lon="25.3416026">
        <ele>182.0</ele>
        <time>2022-01-02T11:22:19.000Z</time>
    </trkpt>
    <trkpt lat="54.6845369" lon="25.3415941">
        <ele>182.0</ele>
        <time>2022-01-02T11:22:20.000Z</time>
    </trkpt>
    <trkpt lat="54.6845634" lon="25.3415857">
        <ele>182.0</ele>
        <time>2022-01-02T11:22:21.000Z</time>
    </trkpt>
    <trkpt lat="54.6845896" lon="25.3415758">
        <ele>182.0</ele>
        <time>2022-01-02T11:22:22.000Z</time>
    </trkpt>
    <trkpt lat="54.6846159" lon="25.3415659">
        <ele>182.0</ele>
        <time>2022-01-02T11:22:23.000Z</time>
    </trkpt>
    <trkpt lat="54.6846408" lon="25.3415586">
        <ele>182.0</ele>
        <time>2022-01-02T11:22:24.000Z</time>
    </trkpt>
    <trkpt lat="54.6846658" lon="25.3415514">
        <ele>182.0</ele>
        <time>2022-01-02T11:22:25.000Z</time>
    </trkpt>
    <trkpt lat="54.6846898" lon="25.3415474">
        <ele>182.0</ele>
        <time>2022-01-02T11:22:26.000Z</time>
    </trkpt>
    <trkpt lat="54.6847138" lon="25.3415434">
        <ele>183.0</ele>
        <time>2022-01-02T11:22:27.000Z</time>
    </trkpt>
    <trkpt lat="54.6847374" lon="25.3415423">
        <ele>183.0</ele>
        <time>2022-01-02T11:22:28.000Z</time>
    </trkpt>
    <trkpt lat="54.6847611" lon="25.3415412">
        <ele>184.0</ele>
        <time>2022-01-02T11:22:29.000Z</time>
    </trkpt>
    <trkpt lat="54.6847856" lon="25.3415418">
        <ele>184.0</ele>
        <time>2022-01-02T11:22:30.000Z</time>
    </trkpt>
    <trkpt lat="54.6848101" lon="25.3415424">
        <ele>184.0</ele>
        <time>2022-01-02T11:22:31.000Z</time>
    </trkpt>
    <trkpt lat="54.684835" lon="25.3415445">
        <ele>184.0</ele>
        <time>2022-01-02T11:22:32.000Z</time>
    </trkpt>
    <trkpt lat="54.68486" lon="25.3415466">
        <ele>184.0</ele>
        <time>2022-01-02T11:22:33.000Z</time>
    </trkpt>
    <trkpt lat="54.6848855" lon="25.3415469">
        <ele>185.0</ele>
        <time>2022-01-02T11:22:34.000Z</time>
    </trkpt>
    <trkpt lat="54.684911" lon="25.3415473">
        <ele>185.0</ele>
        <time>2022-01-02T11:22:35.000Z</time>
    </trkpt>
    <trkpt lat="54.6849364" lon="25.3415476">
        <ele>185.0</ele>
        <time>2022-01-02T11:22:36.000Z</time>
    </trkpt>
    <trkpt lat="54.6849618" lon="25.341548">
        <ele>186.0</ele>
        <time>2022-01-02T11:22:37.000Z</time>
    </trkpt>
    <trkpt lat="54.6849861" lon="25.3415459">
        <ele>186.0</ele>
        <time>2022-01-02T11:22:38.000Z</time>
    </trkpt>
    <trkpt lat="54.6850104" lon="25.3415439">
        <ele>187.0</ele>
        <time>2022-01-02T11:22:39.000Z</time>
    </trkpt>
    <trkpt lat="54.6850344" lon="25.3415385">
        <ele>187.0</ele>
        <time>2022-01-02T11:22:40.000Z</time>
    </trkpt>
    <trkpt lat="54.6850585" lon="25.3415332">
        <ele>187.0</ele>
        <time>2022-01-02T11:22:41.000Z</time>
    </trkpt>
    <trkpt lat="54.6850816" lon="25.3415244">
        <ele>187.0</ele>
        <time>2022-01-02T11:22:42.000Z</time>
    </trkpt>
    <trkpt lat="54.6851047" lon="25.3415157">
        <ele>187.0</ele>
        <time>2022-01-02T11:22:43.000Z</time>
    </trkpt>
    <trkpt lat="54.6851283" lon="25.3415058">
        <ele>188.0</ele>
        <time>2022-01-02T11:22:44.000Z</time>
    </trkpt>
    <trkpt lat="54.685152" lon="25.341496">
        <ele>188.0</ele>
        <time>2022-01-02T11:22:45.000Z</time>
    </trkpt>
    <trkpt lat="54.6851765" lon="25.3414878">
        <ele>188.0</ele>
        <time>2022-01-02T11:22:46.000Z</time>
    </trkpt>
    <trkpt lat="54.685201" lon="25.3414797">
        <ele>189.0</ele>
        <time>2022-01-02T11:22:47.000Z</time>
    </trkpt>
    <trkpt lat="54.6852253" lon="25.341472">
        <ele>189.0</ele>
        <time>2022-01-02T11:22:48.000Z</time>
    </trkpt>
    <trkpt lat="54.6852496" lon="25.3414644">
        <ele>190.0</ele>
        <time>2022-01-02T11:22:49.000Z</time>
    </trkpt>
    <trkpt lat="54.6852711" lon="25.3414571">
        <ele>190.0</ele>
        <time>2022-01-02T11:22:50.000Z</time>
    </trkpt>
    <trkpt lat="54.6852927" lon="25.3414498">
        <ele>190.0</ele>
        <time>2022-01-02T11:22:51.000Z</time>
    </trkpt>
    <trkpt lat="54.6853137" lon="25.3414411">
        <ele>191.0</ele>
        <time>2022-01-02T11:22:52.000Z</time>
    </trkpt>
    <trkpt lat="54.6853347" lon="25.3414324">
        <ele>191.0</ele>
        <time>2022-01-02T11:22:53.000Z</time>
    </trkpt>
    <trkpt lat="54.6853564" lon="25.3414247">
        <ele>192.0</ele>
        <time>2022-01-02T11:22:54.000Z</time>
    </trkpt>
    <trkpt lat="54.6853782" lon="25.3414171">
        <ele>192.0</ele>
        <time>2022-01-02T11:22:55.000Z</time>
    </trkpt>
    <trkpt lat="54.6854" lon="25.3414095">
        <ele>192.0</ele>
        <time>2022-01-02T11:22:56.000Z</time>
    </trkpt>
    <trkpt lat="54.6854218" lon="25.341402">
        <ele>193.0</ele>
        <time>2022-01-02T11:22:57.000Z</time>
    </trkpt>
    <trkpt lat="54.6854431" lon="25.3413949">
        <ele>193.0</ele>
        <time>2022-01-02T11:22:58.000Z</time>
    </trkpt>
    <trkpt lat="54.6854644" lon="25.3413879">
        <ele>194.0</ele>
        <time>2022-01-02T11:22:59.000Z</time>
    </trkpt>
    <trkpt lat="54.6854871" lon="25.3413827">
        <ele>194.0</ele>
        <time>2022-01-02T11:23:00.000Z</time>
    </trkpt>
    <trkpt lat="54.6855098" lon="25.3413775">
        <ele>194.0</ele>
        <time>2022-01-02T11:23:01.000Z</time>
    </trkpt>
    <trkpt lat="54.6855355" lon="25.341371">
        <ele>194.0</ele>
        <time>2022-01-02T11:23:02.000Z</time>
    </trkpt>
    <trkpt lat="54.6855613" lon="25.3413645">
        <ele>194.0</ele>
        <time>2022-01-02T11:23:03.000Z</time>
    </trkpt>
    <trkpt lat="54.6855887" lon="25.341357">
        <ele>195.0</ele>
        <time>2022-01-02T11:23:04.000Z</time>
    </trkpt>
    <trkpt lat="54.6856161" lon="25.3413496">
        <ele>195.0</ele>
        <time>2022-01-02T11:23:05.000Z</time>
    </trkpt>
    <trkpt lat="54.6856439" lon="25.3413414">
        <ele>195.0</ele>
        <time>2022-01-02T11:23:06.000Z</time>
    </trkpt>
    <trkpt lat="54.6856718" lon="25.3413332">
        <ele>195.0</ele>
        <time>2022-01-02T11:23:07.000Z</time>
    </trkpt>
    <trkpt lat="54.6857013" lon="25.3413242">
        <ele>195.0</ele>
        <time>2022-01-02T11:23:08.000Z</time>
    </trkpt>
    <trkpt lat="54.6857309" lon="25.3413153">
        <ele>195.0</ele>
        <time>2022-01-02T11:23:09.000Z</time>
    </trkpt>
    <trkpt lat="54.6857623" lon="25.3413063">
        <ele>195.0</ele>
        <time>2022-01-02T11:23:10.000Z</time>
    </trkpt>
    <trkpt lat="54.6857937" lon="25.3412973">
        <ele>195.0</ele>
        <time>2022-01-02T11:23:11.000Z</time>
    </trkpt>
    <trkpt lat="54.6858254" lon="25.3412903">
        <ele>195.0</ele>
        <time>2022-01-02T11:23:12.000Z</time>
    </trkpt>
    <trkpt lat="54.6858572" lon="25.3412833">
        <ele>195.0</ele>
        <time>2022-01-02T11:23:13.000Z</time>
    </trkpt>
    <trkpt lat="54.685887" lon="25.3412783">
        <ele>195.0</ele>
        <time>2022-01-02T11:23:14.000Z</time>
    </trkpt>
    <trkpt lat="54.6859169" lon="25.3412734">
        <ele>195.0</ele>
        <time>2022-01-02T11:23:15.000Z</time>
    </trkpt>
    <trkpt lat="54.6859457" lon="25.3412685">
        <ele>195.0</ele>
        <time>2022-01-02T11:23:16.000Z</time>
    </trkpt>
    <trkpt lat="54.6859745" lon="25.3412636">
        <ele>195.0</ele>
        <time>2022-01-02T11:23:17.000Z</time>
    </trkpt>
    <trkpt lat="54.6860056" lon="25.3412589">
        <ele>195.0</ele>
        <time>2022-01-02T11:23:18.000Z</time>
    </trkpt>
    <trkpt lat="54.6860368" lon="25.3412542">
        <ele>195.0</ele>
        <time>2022-01-02T11:23:19.000Z</time>
    </trkpt>
    <trkpt lat="54.6860694" lon="25.3412528">
        <ele>194.0</ele>
        <time>2022-01-02T11:23:20.000Z</time>
    </trkpt>
    <trkpt lat="54.686102" lon="25.3412514">
        <ele>194.0</ele>
        <time>2022-01-02T11:23:21.000Z</time>
    </trkpt>
    <trkpt lat="54.6861361" lon="25.341258">
        <ele>194.0</ele>
        <time>2022-01-02T11:23:22.000Z</time>
    </trkpt>
    <trkpt lat="54.6861702" lon="25.3412646">
        <ele>194.0</ele>
        <time>2022-01-02T11:23:23.000Z</time>
    </trkpt>
    <trkpt lat="54.686204" lon="25.3412794">
        <ele>194.0</ele>
        <time>2022-01-02T11:23:24.000Z</time>
    </trkpt>
    <trkpt lat="54.6862378" lon="25.3412942">
        <ele>193.0</ele>
        <time>2022-01-02T11:23:25.000Z</time>
    </trkpt>
    <trkpt lat="54.6862694" lon="25.341308">
        <ele>193.0</ele>
        <time>2022-01-02T11:23:26.000Z</time>
    </trkpt>
    <trkpt lat="54.686301" lon="25.3413218">
        <ele>193.0</ele>
        <time>2022-01-02T11:23:27.000Z</time>
    </trkpt>
    <trkpt lat="54.6863332" lon="25.3413279">
        <ele>193.0</ele>
        <time>2022-01-02T11:23:28.000Z</time>
    </trkpt>
    <trkpt lat="54.6863655" lon="25.3413341">
        <ele>193.0</ele>
        <time>2022-01-02T11:23:29.000Z</time>
    </trkpt>
    <trkpt lat="54.6863976" lon="25.341335">
        <ele>192.0</ele>
        <time>2022-01-02T11:23:30.000Z</time>
    </trkpt>
    <trkpt lat="54.6864297" lon="25.3413359">
        <ele>192.0</ele>
        <time>2022-01-02T11:23:31.000Z</time>
    </trkpt>
    <trkpt lat="54.6864631" lon="25.341333">
        <ele>192.0</ele>
        <time>2022-01-02T11:23:32.000Z</time>
    </trkpt>
    <trkpt lat="54.6864965" lon="25.3413302">
        <ele>192.0</ele>
        <time>2022-01-02T11:23:33.000Z</time>
    </trkpt>
    <trkpt lat="54.686531" lon="25.3413271">
        <ele>192.0</ele>
        <time>2022-01-02T11:23:34.000Z</time>
    </trkpt>
    <trkpt lat="54.6865656" lon="25.341324">
        <ele>191.0</ele>
        <time>2022-01-02T11:23:35.000Z</time>
    </trkpt>
    <trkpt lat="54.6866003" lon="25.3413234">
        <ele>191.0</ele>
        <time>2022-01-02T11:23:36.000Z</time>
    </trkpt>
    <trkpt lat="54.6866351" lon="25.3413228">
        <ele>191.0</ele>
        <time>2022-01-02T11:23:37.000Z</time>
    </trkpt>
    <trkpt lat="54.6866687" lon="25.3413249">
        <ele>191.0</ele>
        <time>2022-01-02T11:23:38.000Z</time>
    </trkpt>
    <trkpt lat="54.6867023" lon="25.3413271">
        <ele>191.0</ele>
        <time>2022-01-02T11:23:39.000Z</time>
    </trkpt>
    <trkpt lat="54.6867321" lon="25.3413297">
        <ele>191.0</ele>
        <time>2022-01-02T11:23:40.000Z</time>
    </trkpt>
    <trkpt lat="54.686762" lon="25.3413324">
        <ele>191.0</ele>
        <time>2022-01-02T11:23:41.000Z</time>
    </trkpt>
    <trkpt lat="54.6867904" lon="25.3413311">
        <ele>191.0</ele>
        <time>2022-01-02T11:23:42.000Z</time>
    </trkpt>
    <trkpt lat="54.6868189" lon="25.3413299">
        <ele>191.0</ele>
        <time>2022-01-02T11:23:43.000Z</time>
    </trkpt>
    <trkpt lat="54.6868428" lon="25.3413112">
        <ele>191.0</ele>
        <time>2022-01-02T11:23:44.000Z</time>
    </trkpt>
    <trkpt lat="54.6868667" lon="25.3412925">
        <ele>191.0</ele>
        <time>2022-01-02T11:23:45.000Z</time>
    </trkpt>
    <trkpt lat="54.6868816" lon="25.3412541">
        <ele>191.0</ele>
        <time>2022-01-02T11:23:46.000Z</time>
    </trkpt>
    <trkpt lat="54.6868966" lon="25.3412157">
        <ele>191.0</ele>
        <time>2022-01-02T11:23:47.000Z</time>
    </trkpt>
    <trkpt lat="54.6869027" lon="25.3411682">
        <ele>191.0</ele>
        <time>2022-01-02T11:23:48.000Z</time>
    </trkpt>
    <trkpt lat="54.6869089" lon="25.3411207">
        <ele>191.0</ele>
        <time>2022-01-02T11:23:49.000Z</time>
    </trkpt>
    <trkpt lat="54.6869068" lon="25.3410783">
        <ele>191.0</ele>
        <time>2022-01-02T11:23:50.000Z</time>
    </trkpt>
    <trkpt lat="54.6869047" lon="25.341036">
        <ele>191.0</ele>
        <time>2022-01-02T11:23:51.000Z</time>
    </trkpt>
    <trkpt lat="54.6868942" lon="25.3410117">
        <ele>191.0</ele>
        <time>2022-01-02T11:23:52.000Z</time>
    </trkpt>
    <trkpt lat="54.6868837" lon="25.3409875">
        <ele>191.0</ele>
        <time>2022-01-02T11:23:53.000Z</time>
    </trkpt>
    <trkpt lat="54.6868701" lon="25.340971">
        <ele>191.0</ele>
        <time>2022-01-02T11:23:54.000Z</time>
    </trkpt>
    <trkpt lat="54.6868566" lon="25.3409545">
        <ele>191.0</ele>
        <time>2022-01-02T11:23:55.000Z</time>
    </trkpt>
    <trkpt lat="54.6868428" lon="25.3409343">
        <ele>191.0</ele>
        <time>2022-01-02T11:23:56.000Z</time>
    </trkpt>
    <trkpt lat="54.6868291" lon="25.3409141">
        <ele>191.0</ele>
        <time>2022-01-02T11:23:57.000Z</time>
    </trkpt>
    <trkpt lat="54.6868151" lon="25.3408859">
        <ele>191.0</ele>
        <time>2022-01-02T11:23:58.000Z</time>
    </trkpt>
    <trkpt lat="54.6868012" lon="25.3408577">
        <ele>191.0</ele>
        <time>2022-01-02T11:23:59.000Z</time>
    </trkpt>
    <trkpt lat="54.6867937" lon="25.3408201">
        <ele>191.0</ele>
        <time>2022-01-02T11:24:00.000Z</time>
    </trkpt>
    <trkpt lat="54.6867862" lon="25.3407826">
        <ele>191.0</ele>
        <time>2022-01-02T11:24:01.000Z</time>
    </trkpt>
    <trkpt lat="54.6867883" lon="25.3407399">
        <ele>191.0</ele>
        <time>2022-01-02T11:24:02.000Z</time>
    </trkpt>
    <trkpt lat="54.6867905" lon="25.3406973">
        <ele>191.0</ele>
        <time>2022-01-02T11:24:03.000Z</time>
    </trkpt>
    <trkpt lat="54.6867982" lon="25.34065">
        <ele>191.0</ele>
        <time>2022-01-02T11:24:04.000Z</time>
    </trkpt>
    <trkpt lat="54.686806" lon="25.3406027">
        <ele>191.0</ele>
        <time>2022-01-02T11:24:05.000Z</time>
    </trkpt>
    <trkpt lat="54.6868187" lon="25.3405501">
        <ele>191.0</ele>
        <time>2022-01-02T11:24:06.000Z</time>
    </trkpt>
    <trkpt lat="54.6868314" lon="25.3404975">
        <ele>191.0</ele>
        <time>2022-01-02T11:24:07.000Z</time>
    </trkpt>
    <trkpt lat="54.6868443" lon="25.3404448">
        <ele>191.0</ele>
        <time>2022-01-02T11:24:08.000Z</time>
    </trkpt>
    <trkpt lat="54.6868573" lon="25.3403921">
        <ele>191.0</ele>
        <time>2022-01-02T11:24:09.000Z</time>
    </trkpt>
    <trkpt lat="54.6868686" lon="25.340341">
        <ele>191.0</ele>
        <time>2022-01-02T11:24:10.000Z</time>
    </trkpt>
    <trkpt lat="54.6868799" lon="25.34029">
        <ele>191.0</ele>
        <time>2022-01-02T11:24:11.000Z</time>
    </trkpt>
    <trkpt lat="54.6868932" lon="25.3402405">
        <ele>191.0</ele>
        <time>2022-01-02T11:24:12.000Z</time>
    </trkpt>
    <trkpt lat="54.6869066" lon="25.3401911">
        <ele>191.0</ele>
        <time>2022-01-02T11:24:13.000Z</time>
    </trkpt>
    <trkpt lat="54.6869221" lon="25.3401448">
        <ele>191.0</ele>
        <time>2022-01-02T11:24:14.000Z</time>
    </trkpt>
    <trkpt lat="54.6869376" lon="25.3400985">
        <ele>191.0</ele>
        <time>2022-01-02T11:24:15.000Z</time>
    </trkpt>
    <trkpt lat="54.6869543" lon="25.3400566">
        <ele>191.0</ele>
        <time>2022-01-02T11:24:16.000Z</time>
    </trkpt>
    <trkpt lat="54.6869711" lon="25.3400147">
        <ele>191.0</ele>
        <time>2022-01-02T11:24:17.000Z</time>
    </trkpt>
    <trkpt lat="54.6869886" lon="25.3399734">
        <ele>191.0</ele>
        <time>2022-01-02T11:24:18.000Z</time>
    </trkpt>
    <trkpt lat="54.6870061" lon="25.3399321">
        <ele>191.0</ele>
        <time>2022-01-02T11:24:19.000Z</time>
    </trkpt>
    <trkpt lat="54.6870236" lon="25.3398916">
        <ele>191.0</ele>
        <time>2022-01-02T11:24:20.000Z</time>
    </trkpt>
    <trkpt lat="54.6870411" lon="25.3398512">
        <ele>191.0</ele>
        <time>2022-01-02T11:24:21.000Z</time>
    </trkpt>
    <trkpt lat="54.6870581" lon="25.3398148">
        <ele>191.0</ele>
        <time>2022-01-02T11:24:22.000Z</time>
    </trkpt>
    <trkpt lat="54.6870752" lon="25.3397785">
        <ele>191.0</ele>
        <time>2022-01-02T11:24:23.000Z</time>
    </trkpt>
    <trkpt lat="54.6870924" lon="25.3397434">
        <ele>191.0</ele>
        <time>2022-01-02T11:24:24.000Z</time>
    </trkpt>
    <trkpt lat="54.6871097" lon="25.3397083">
        <ele>191.0</ele>
        <time>2022-01-02T11:24:25.000Z</time>
    </trkpt>
    <trkpt lat="54.6871283" lon="25.3396731">
        <ele>191.0</ele>
        <time>2022-01-02T11:24:26.000Z</time>
    </trkpt>
    <trkpt lat="54.687147" lon="25.3396379">
        <ele>191.0</ele>
        <time>2022-01-02T11:24:27.000Z</time>
    </trkpt>
    <trkpt lat="54.6871654" lon="25.3396003">
        <ele>191.0</ele>
        <time>2022-01-02T11:24:28.000Z</time>
    </trkpt>
    <trkpt lat="54.6871839" lon="25.3395628">
        <ele>191.0</ele>
        <time>2022-01-02T11:24:29.000Z</time>
    </trkpt>
    <trkpt lat="54.6871997" lon="25.3395161">
        <ele>191.0</ele>
        <time>2022-01-02T11:24:30.000Z</time>
    </trkpt>
    <trkpt lat="54.6872155" lon="25.3394695">
        <ele>191.0</ele>
        <time>2022-01-02T11:24:31.000Z</time>
    </trkpt>
    <trkpt lat="54.6872256" lon="25.3394111">
        <ele>191.0</ele>
        <time>2022-01-02T11:24:32.000Z</time>
    </trkpt>
    <trkpt lat="54.6872358" lon="25.3393528">
        <ele>191.0</ele>
        <time>2022-01-02T11:24:33.000Z</time>
    </trkpt>
    <trkpt lat="54.6872403" lon="25.3392919">
        <ele>191.0</ele>
        <time>2022-01-02T11:24:34.000Z</time>
    </trkpt>
    <trkpt lat="54.6872448" lon="25.3392311">
        <ele>191.0</ele>
        <time>2022-01-02T11:24:35.000Z</time>
    </trkpt>
    <trkpt lat="54.6872494" lon="25.3391724">
        <ele>191.0</ele>
        <time>2022-01-02T11:24:36.000Z</time>
    </trkpt>
    <trkpt lat="54.6872541" lon="25.3391138">
        <ele>191.0</ele>
        <time>2022-01-02T11:24:37.000Z</time>
    </trkpt>
    <trkpt lat="54.687262" lon="25.3390587">
        <ele>191.0</ele>
        <time>2022-01-02T11:24:38.000Z</time>
    </trkpt>
    <trkpt lat="54.6872699" lon="25.3390036">
        <ele>192.0</ele>
        <time>2022-01-02T11:24:39.000Z</time>
    </trkpt>
    <trkpt lat="54.687279" lon="25.3389513">
        <ele>192.0</ele>
        <time>2022-01-02T11:24:40.000Z</time>
    </trkpt>
    <trkpt lat="54.6872881" lon="25.338899">
        <ele>192.0</ele>
        <time>2022-01-02T11:24:41.000Z</time>
    </trkpt>
    <trkpt lat="54.6872967" lon="25.3388483">
        <ele>192.0</ele>
        <time>2022-01-02T11:24:42.000Z</time>
    </trkpt>
    <trkpt lat="54.6873054" lon="25.3387977">
        <ele>192.0</ele>
        <time>2022-01-02T11:24:43.000Z</time>
    </trkpt>
    <trkpt lat="54.6873135" lon="25.3387475">
        <ele>192.0</ele>
        <time>2022-01-02T11:24:44.000Z</time>
    </trkpt>
    <trkpt lat="54.6873217" lon="25.3386973">
        <ele>192.0</ele>
        <time>2022-01-02T11:24:45.000Z</time>
    </trkpt>
    <trkpt lat="54.6873303" lon="25.3386504">
        <ele>192.0</ele>
        <time>2022-01-02T11:24:46.000Z</time>
    </trkpt>
    <trkpt lat="54.687339" lon="25.3386035">
        <ele>192.0</ele>
        <time>2022-01-02T11:24:47.000Z</time>
    </trkpt>
    <trkpt lat="54.6873505" lon="25.3385598">
        <ele>192.0</ele>
        <time>2022-01-02T11:24:48.000Z</time>
    </trkpt>
    <trkpt lat="54.687362" lon="25.3385162">
        <ele>193.0</ele>
        <time>2022-01-02T11:24:49.000Z</time>
    </trkpt>
    <trkpt lat="54.6873758" lon="25.3384733">
        <ele>193.0</ele>
        <time>2022-01-02T11:24:50.000Z</time>
    </trkpt>
    <trkpt lat="54.6873897" lon="25.3384305">
        <ele>193.0</ele>
        <time>2022-01-02T11:24:51.000Z</time>
    </trkpt>
    <trkpt lat="54.6874048" lon="25.3383868">
        <ele>193.0</ele>
        <time>2022-01-02T11:24:52.000Z</time>
    </trkpt>
    <trkpt lat="54.68742" lon="25.3383432">
        <ele>193.0</ele>
        <time>2022-01-02T11:24:53.000Z</time>
    </trkpt>
    <trkpt lat="54.6874328" lon="25.3382973">
        <ele>193.0</ele>
        <time>2022-01-02T11:24:54.000Z</time>
    </trkpt>
    <trkpt lat="54.6874456" lon="25.3382515">
        <ele>193.0</ele>
        <time>2022-01-02T11:24:55.000Z</time>
    </trkpt>
    <trkpt lat="54.6874533" lon="25.3382026">
        <ele>193.0</ele>
        <time>2022-01-02T11:24:56.000Z</time>
    </trkpt>
    <trkpt lat="54.6874611" lon="25.3381538">
        <ele>193.0</ele>
        <time>2022-01-02T11:24:57.000Z</time>
    </trkpt>
    <trkpt lat="54.6874641" lon="25.3381065">
        <ele>193.0</ele>
        <time>2022-01-02T11:24:58.000Z</time>
    </trkpt>
    <trkpt lat="54.6874672" lon="25.3380592">
        <ele>194.0</ele>
        <time>2022-01-02T11:24:59.000Z</time>
    </trkpt>
    <trkpt lat="54.6874699" lon="25.3380149">
        <ele>194.0</ele>
        <time>2022-01-02T11:25:00.000Z</time>
    </trkpt>
    <trkpt lat="54.6874726" lon="25.3379707">
        <ele>194.0</ele>
        <time>2022-01-02T11:25:01.000Z</time>
    </trkpt>
    <trkpt lat="54.687477" lon="25.3379273">
        <ele>194.0</ele>
        <time>2022-01-02T11:25:02.000Z</time>
    </trkpt>
    <trkpt lat="54.6874815" lon="25.337884">
        <ele>194.0</ele>
        <time>2022-01-02T11:25:03.000Z</time>
    </trkpt>
    <trkpt lat="54.6874855" lon="25.337837">
        <ele>195.0</ele>
        <time>2022-01-02T11:25:04.000Z</time>
    </trkpt>
    <trkpt lat="54.6874895" lon="25.3377901">
        <ele>195.0</ele>
        <time>2022-01-02T11:25:05.000Z</time>
    </trkpt>
    <trkpt lat="54.6874908" lon="25.3377397">
        <ele>195.0</ele>
        <time>2022-01-02T11:25:06.000Z</time>
    </trkpt>
    <trkpt lat="54.6874921" lon="25.3376894">
        <ele>196.0</ele>
        <time>2022-01-02T11:25:07.000Z</time>
    </trkpt>
    <trkpt lat="54.6874931" lon="25.3376385">
        <ele>196.0</ele>
        <time>2022-01-02T11:25:08.000Z</time>
    </trkpt>
    <trkpt lat="54.6874942" lon="25.3375876">
        <ele>197.0</ele>
        <time>2022-01-02T11:25:09.000Z</time>
    </trkpt>
    <trkpt lat="54.6874975" lon="25.3375365">
        <ele>197.0</ele>
        <time>2022-01-02T11:25:10.000Z</time>
    </trkpt>
    <trkpt lat="54.6875008" lon="25.3374855">
        <ele>197.0</ele>
        <time>2022-01-02T11:25:11.000Z</time>
    </trkpt>
    <trkpt lat="54.687507" lon="25.3374356">
        <ele>197.0</ele>
        <time>2022-01-02T11:25:12.000Z</time>
    </trkpt>
    <trkpt lat="54.6875133" lon="25.3373857">
        <ele>197.0</ele>
        <time>2022-01-02T11:25:13.000Z</time>
    </trkpt>
    <trkpt lat="54.6875204" lon="25.3373366">
        <ele>198.0</ele>
        <time>2022-01-02T11:25:14.000Z</time>
    </trkpt>
    <trkpt lat="54.6875275" lon="25.3372875">
        <ele>198.0</ele>
        <time>2022-01-02T11:25:15.000Z</time>
    </trkpt>
    <trkpt lat="54.6875323" lon="25.3372373">
        <ele>198.0</ele>
        <time>2022-01-02T11:25:16.000Z</time>
    </trkpt>
    <trkpt lat="54.6875372" lon="25.3371872">
        <ele>198.0</ele>
        <time>2022-01-02T11:25:17.000Z</time>
    </trkpt>
    <trkpt lat="54.6875416" lon="25.337136">
        <ele>198.0</ele>
        <time>2022-01-02T11:25:18.000Z</time>
    </trkpt>
    <trkpt lat="54.687546" lon="25.3370848">
        <ele>198.0</ele>
        <time>2022-01-02T11:25:19.000Z</time>
    </trkpt>
    <trkpt lat="54.6875527" lon="25.3370324">
        <ele>198.0</ele>
        <time>2022-01-02T11:25:20.000Z</time>
    </trkpt>
    <trkpt lat="54.6875595" lon="25.3369801">
        <ele>198.0</ele>
        <time>2022-01-02T11:25:21.000Z</time>
    </trkpt>
    <trkpt lat="54.6875652" lon="25.3369272">
        <ele>198.0</ele>
        <time>2022-01-02T11:25:22.000Z</time>
    </trkpt>
    <trkpt lat="54.687571" lon="25.3368743">
        <ele>198.0</ele>
        <time>2022-01-02T11:25:23.000Z</time>
    </trkpt>
    <trkpt lat="54.6875722" lon="25.3368233">
        <ele>199.0</ele>
        <time>2022-01-02T11:25:24.000Z</time>
    </trkpt>
    <trkpt lat="54.6875735" lon="25.3367724">
        <ele>199.0</ele>
        <time>2022-01-02T11:25:25.000Z</time>
    </trkpt>
    <trkpt lat="54.6875706" lon="25.3367188">
        <ele>199.0</ele>
        <time>2022-01-02T11:25:26.000Z</time>
    </trkpt>
    <trkpt lat="54.6875677" lon="25.3366653">
        <ele>199.0</ele>
        <time>2022-01-02T11:25:27.000Z</time>
    </trkpt>
    <trkpt lat="54.6875625" lon="25.3366132">
        <ele>199.0</ele>
        <time>2022-01-02T11:25:28.000Z</time>
    </trkpt>
    <trkpt lat="54.6875573" lon="25.3365611">
        <ele>199.0</ele>
        <time>2022-01-02T11:25:29.000Z</time>
    </trkpt>
    <trkpt lat="54.6875498" lon="25.3365116">
        <ele>199.0</ele>
        <time>2022-01-02T11:25:30.000Z</time>
    </trkpt>
    <trkpt lat="54.6875423" lon="25.3364622">
        <ele>199.0</ele>
        <time>2022-01-02T11:25:31.000Z</time>
    </trkpt>
    <trkpt lat="54.6875319" lon="25.3364159">
        <ele>199.0</ele>
        <time>2022-01-02T11:25:32.000Z</time>
    </trkpt>
    <trkpt lat="54.6875215" lon="25.3363696">
        <ele>199.0</ele>
        <time>2022-01-02T11:25:33.000Z</time>
    </trkpt>
    <trkpt lat="54.6875095" lon="25.3363266">
        <ele>200.0</ele>
        <time>2022-01-02T11:25:34.000Z</time>
    </trkpt>
    <trkpt lat="54.6874975" lon="25.3362836">
        <ele>200.0</ele>
        <time>2022-01-02T11:25:35.000Z</time>
    </trkpt>
    <trkpt lat="54.6874867" lon="25.3362416">
        <ele>200.0</ele>
        <time>2022-01-02T11:25:36.000Z</time>
    </trkpt>
    <trkpt lat="54.687476" lon="25.3361997">
        <ele>200.0</ele>
        <time>2022-01-02T11:25:37.000Z</time>
    </trkpt>
    <trkpt lat="54.6874671" lon="25.3361575">
        <ele>200.0</ele>
        <time>2022-01-02T11:25:38.000Z</time>
    </trkpt>
    <trkpt lat="54.6874583" lon="25.3361153">
        <ele>200.0</ele>
        <time>2022-01-02T11:25:39.000Z</time>
    </trkpt>
    <trkpt lat="54.68745" lon="25.3360723">
        <ele>200.0</ele>
        <time>2022-01-02T11:25:40.000Z</time>
    </trkpt>
    <trkpt lat="54.6874417" lon="25.3360293">
        <ele>200.0</ele>
        <time>2022-01-02T11:25:41.000Z</time>
    </trkpt>
    <trkpt lat="54.6874327" lon="25.3359855">
        <ele>200.0</ele>
        <time>2022-01-02T11:25:42.000Z</time>
    </trkpt>
    <trkpt lat="54.6874237" lon="25.3359417">
        <ele>200.0</ele>
        <time>2022-01-02T11:25:43.000Z</time>
    </trkpt>
    <trkpt lat="54.6874144" lon="25.3358972">
        <ele>201.0</ele>
        <time>2022-01-02T11:25:44.000Z</time>
    </trkpt>
    <trkpt lat="54.6874051" lon="25.3358527">
        <ele>201.0</ele>
        <time>2022-01-02T11:25:45.000Z</time>
    </trkpt>
    <trkpt lat="54.6873965" lon="25.3358099">
        <ele>201.0</ele>
        <time>2022-01-02T11:25:46.000Z</time>
    </trkpt>
    <trkpt lat="54.6873879" lon="25.3357671">
        <ele>201.0</ele>
        <time>2022-01-02T11:25:47.000Z</time>
    </trkpt>
    <trkpt lat="54.6873783" lon="25.335726">
        <ele>201.0</ele>
        <time>2022-01-02T11:25:48.000Z</time>
    </trkpt>
    <trkpt lat="54.6873688" lon="25.3356849">
        <ele>202.0</ele>
        <time>2022-01-02T11:25:49.000Z</time>
    </trkpt>
    <trkpt lat="54.6873577" lon="25.3356441">
        <ele>202.0</ele>
        <time>2022-01-02T11:25:50.000Z</time>
    </trkpt>
    <trkpt lat="54.6873466" lon="25.3356033">
        <ele>202.0</ele>
        <time>2022-01-02T11:25:51.000Z</time>
    </trkpt>
    <trkpt lat="54.687334" lon="25.3355626">
        <ele>202.0</ele>
        <time>2022-01-02T11:25:52.000Z</time>
    </trkpt>
    <trkpt lat="54.6873215" lon="25.3355219">
        <ele>202.0</ele>
        <time>2022-01-02T11:25:53.000Z</time>
    </trkpt>
    <trkpt lat="54.6873067" lon="25.3354845">
        <ele>203.0</ele>
        <time>2022-01-02T11:25:54.000Z</time>
    </trkpt>
    <trkpt lat="54.687292" lon="25.3354472">
        <ele>203.0</ele>
        <time>2022-01-02T11:25:55.000Z</time>
    </trkpt>
    <trkpt lat="54.6872754" lon="25.3354138">
        <ele>203.0</ele>
        <time>2022-01-02T11:25:56.000Z</time>
    </trkpt>
    <trkpt lat="54.6872589" lon="25.3353804">
        <ele>203.0</ele>
        <time>2022-01-02T11:25:57.000Z</time>
    </trkpt>
    <trkpt lat="54.6872406" lon="25.3353478">
        <ele>203.0</ele>
        <time>2022-01-02T11:25:58.000Z</time>
    </trkpt>
    <trkpt lat="54.6872224" lon="25.3353152">
        <ele>203.0</ele>
        <time>2022-01-02T11:25:59.000Z</time>
    </trkpt>
    <trkpt lat="54.6872026" lon="25.3352881">
        <ele>202.0</ele>
        <time>2022-01-02T11:26:00.000Z</time>
    </trkpt>
    <trkpt lat="54.6871828" lon="25.335261">
        <ele>202.0</ele>
        <time>2022-01-02T11:26:01.000Z</time>
    </trkpt>
    <trkpt lat="54.6871626" lon="25.3352374">
        <ele>202.0</ele>
        <time>2022-01-02T11:26:02.000Z</time>
    </trkpt>
    <trkpt lat="54.6871424" lon="25.3352139">
        <ele>202.0</ele>
        <time>2022-01-02T11:26:03.000Z</time>
    </trkpt>
    <trkpt lat="54.6871203" lon="25.3351871">
        <ele>202.0</ele>
        <time>2022-01-02T11:26:04.000Z</time>
    </trkpt>
    <trkpt lat="54.6870983" lon="25.3351604">
        <ele>201.0</ele>
        <time>2022-01-02T11:26:05.000Z</time>
    </trkpt>
    <trkpt lat="54.6870728" lon="25.3351268">
        <ele>201.0</ele>
        <time>2022-01-02T11:26:06.000Z</time>
    </trkpt>
    <trkpt lat="54.6870473" lon="25.3350932">
        <ele>201.0</ele>
        <time>2022-01-02T11:26:07.000Z</time>
    </trkpt>
    <trkpt lat="54.6870161" lon="25.3350473">
        <ele>201.0</ele>
        <time>2022-01-02T11:26:08.000Z</time>
    </trkpt>
    <trkpt lat="54.6869849" lon="25.3350015">
        <ele>201.0</ele>
        <time>2022-01-02T11:26:09.000Z</time>
    </trkpt>
    <trkpt lat="54.6869523" lon="25.3349488">
        <ele>200.0</ele>
        <time>2022-01-02T11:26:10.000Z</time>
    </trkpt>
    <trkpt lat="54.6869198" lon="25.3348961">
        <ele>199.0</ele>
        <time>2022-01-02T11:26:11.000Z</time>
    </trkpt>
    <trkpt lat="54.6868894" lon="25.3348447">
        <ele>198.0</ele>
        <time>2022-01-02T11:26:12.000Z</time>
    </trkpt>
    <trkpt lat="54.686859" lon="25.3347934">
        <ele>197.0</ele>
        <time>2022-01-02T11:26:13.000Z</time>
    </trkpt>
    <trkpt lat="54.6868304" lon="25.3347499">
        <ele>197.0</ele>
        <time>2022-01-02T11:26:14.000Z</time>
    </trkpt>
    <trkpt lat="54.6868019" lon="25.3347065">
        <ele>196.0</ele>
        <time>2022-01-02T11:26:15.000Z</time>
    </trkpt>
    <trkpt lat="54.6867779" lon="25.3346737">
        <ele>196.0</ele>
        <time>2022-01-02T11:26:16.000Z</time>
    </trkpt>
    <trkpt lat="54.686754" lon="25.3346409">
        <ele>195.0</ele>
        <time>2022-01-02T11:26:17.000Z</time>
    </trkpt>
    <trkpt lat="54.686736" lon="25.3346156">
        <ele>195.0</ele>
        <time>2022-01-02T11:26:18.000Z</time>
    </trkpt>
    <trkpt lat="54.686718" lon="25.3345903">
        <ele>195.0</ele>
        <time>2022-01-02T11:26:19.000Z</time>
    </trkpt>
    <trkpt lat="54.6867069" lon="25.3345687">
        <ele>194.0</ele>
        <time>2022-01-02T11:26:20.000Z</time>
    </trkpt>
    <trkpt lat="54.6866958" lon="25.3345471">
        <ele>194.0</ele>
        <time>2022-01-02T11:26:21.000Z</time>
    </trkpt>
    <trkpt lat="54.6866883" lon="25.3345266">
        <ele>194.0</ele>
        <time>2022-01-02T11:26:22.000Z</time>
    </trkpt>
    <trkpt lat="54.6866808" lon="25.3345061">
        <ele>194.0</ele>
        <time>2022-01-02T11:26:23.000Z</time>
    </trkpt>
    <trkpt lat="54.6866767" lon="25.3344841">
        <ele>194.0</ele>
        <time>2022-01-02T11:26:24.000Z</time>
    </trkpt>
    <trkpt lat="54.6866727" lon="25.3344621">
        <ele>194.0</ele>
        <time>2022-01-02T11:26:25.000Z</time>
    </trkpt>
    <trkpt lat="54.6866687" lon="25.3344391">
        <ele>194.0</ele>
        <time>2022-01-02T11:26:26.000Z</time>
    </trkpt>
    <trkpt lat="54.6866648" lon="25.3344161">
        <ele>194.0</ele>
        <time>2022-01-02T11:26:27.000Z</time>
    </trkpt>
    <trkpt lat="54.6866589" lon="25.3343949">
        <ele>194.0</ele>
        <time>2022-01-02T11:26:28.000Z</time>
    </trkpt>
    <trkpt lat="54.6866531" lon="25.3343737">
        <ele>194.0</ele>
        <time>2022-01-02T11:26:29.000Z</time>
    </trkpt>
    <trkpt lat="54.6866452" lon="25.334354">
        <ele>194.0</ele>
        <time>2022-01-02T11:26:30.000Z</time>
    </trkpt>
    <trkpt lat="54.6866374" lon="25.3343344">
        <ele>194.0</ele>
        <time>2022-01-02T11:26:31.000Z</time>
    </trkpt>
    <trkpt lat="54.68663" lon="25.3343105">
        <ele>194.0</ele>
        <time>2022-01-02T11:26:32.000Z</time>
    </trkpt>
    <trkpt lat="54.6866226" lon="25.3342866">
        <ele>194.0</ele>
        <time>2022-01-02T11:26:33.000Z</time>
    </trkpt>
    <trkpt lat="54.6866168" lon="25.3342559">
        <ele>195.0</ele>
        <time>2022-01-02T11:26:34.000Z</time>
    </trkpt>
    <trkpt lat="54.6866111" lon="25.3342252">
        <ele>195.0</ele>
        <time>2022-01-02T11:26:35.000Z</time>
    </trkpt>
    <trkpt lat="54.686607" lon="25.3341889">
        <ele>195.0</ele>
        <time>2022-01-02T11:26:36.000Z</time>
    </trkpt>
    <trkpt lat="54.6866029" lon="25.3341526">
        <ele>195.0</ele>
        <time>2022-01-02T11:26:37.000Z</time>
    </trkpt>
    <trkpt lat="54.6865983" lon="25.3341138">
        <ele>195.0</ele>
        <time>2022-01-02T11:26:38.000Z</time>
    </trkpt>
    <trkpt lat="54.6865938" lon="25.3340751">
        <ele>196.0</ele>
        <time>2022-01-02T11:26:39.000Z</time>
    </trkpt>
    <trkpt lat="54.6865853" lon="25.3340346">
        <ele>196.0</ele>
        <time>2022-01-02T11:26:40.000Z</time>
    </trkpt>
    <trkpt lat="54.6865768" lon="25.3339941">
        <ele>196.0</ele>
        <time>2022-01-02T11:26:41.000Z</time>
    </trkpt>
    <trkpt lat="54.6865617" lon="25.3339524">
        <ele>196.0</ele>
        <time>2022-01-02T11:26:42.000Z</time>
    </trkpt>
    <trkpt lat="54.6865467" lon="25.3339107">
        <ele>196.0</ele>
        <time>2022-01-02T11:26:43.000Z</time>
    </trkpt>
    <trkpt lat="54.6865225" lon="25.3338684">
        <ele>197.0</ele>
        <time>2022-01-02T11:26:44.000Z</time>
    </trkpt>
    <trkpt lat="54.6864984" lon="25.3338261">
        <ele>197.0</ele>
        <time>2022-01-02T11:26:45.000Z</time>
    </trkpt>
    <trkpt lat="54.6864721" lon="25.3337873">
        <ele>197.0</ele>
        <time>2022-01-02T11:26:46.000Z</time>
    </trkpt>
    <trkpt lat="54.6864459" lon="25.3337485">
        <ele>197.0</ele>
        <time>2022-01-02T11:26:47.000Z</time>
    </trkpt>
    <trkpt lat="54.6864214" lon="25.3337146">
        <ele>197.0</ele>
        <time>2022-01-02T11:26:48.000Z</time>
    </trkpt>
    <trkpt lat="54.686397" lon="25.3336808">
        <ele>198.0</ele>
        <time>2022-01-02T11:26:49.000Z</time>
    </trkpt>
    <trkpt lat="54.6863754" lon="25.3336461">
        <ele>198.0</ele>
        <time>2022-01-02T11:26:50.000Z</time>
    </trkpt>
    <trkpt lat="54.6863538" lon="25.3336115">
        <ele>198.0</ele>
        <time>2022-01-02T11:26:51.000Z</time>
    </trkpt>
    <trkpt lat="54.6863372" lon="25.3335712">
        <ele>198.0</ele>
        <time>2022-01-02T11:26:52.000Z</time>
    </trkpt>
    <trkpt lat="54.6863206" lon="25.333531">
        <ele>198.0</ele>
        <time>2022-01-02T11:26:53.000Z</time>
    </trkpt>
    <trkpt lat="54.6863077" lon="25.3334842">
        <ele>198.0</ele>
        <time>2022-01-02T11:26:54.000Z</time>
    </trkpt>
    <trkpt lat="54.6862949" lon="25.3334374">
        <ele>198.0</ele>
        <time>2022-01-02T11:26:55.000Z</time>
    </trkpt>
    <trkpt lat="54.6862832" lon="25.3333839">
        <ele>198.0</ele>
        <time>2022-01-02T11:26:56.000Z</time>
    </trkpt>
    <trkpt lat="54.6862715" lon="25.3333304">
        <ele>198.0</ele>
        <time>2022-01-02T11:26:57.000Z</time>
    </trkpt>
    <trkpt lat="54.6862574" lon="25.3332717">
        <ele>198.0</ele>
        <time>2022-01-02T11:26:58.000Z</time>
    </trkpt>
    <trkpt lat="54.6862434" lon="25.3332131">
        <ele>198.0</ele>
        <time>2022-01-02T11:26:59.000Z</time>
    </trkpt>
    <trkpt lat="54.6862264" lon="25.333154">
        <ele>197.0</ele>
        <time>2022-01-02T11:27:00.000Z</time>
    </trkpt>
    <trkpt lat="54.6862094" lon="25.3330949">
        <ele>197.0</ele>
        <time>2022-01-02T11:27:01.000Z</time>
    </trkpt>
    <trkpt lat="54.6861909" lon="25.3330428">
        <ele>197.0</ele>
        <time>2022-01-02T11:27:02.000Z</time>
    </trkpt>
    <trkpt lat="54.6861725" lon="25.3329908">
        <ele>197.0</ele>
        <time>2022-01-02T11:27:03.000Z</time>
    </trkpt>
    <trkpt lat="54.6861543" lon="25.3329485">
        <ele>197.0</ele>
        <time>2022-01-02T11:27:04.000Z</time>
    </trkpt>
    <trkpt lat="54.6861361" lon="25.3329063">
        <ele>197.0</ele>
        <time>2022-01-02T11:27:05.000Z</time>
    </trkpt>
    <trkpt lat="54.6861197" lon="25.3328695">
        <ele>197.0</ele>
        <time>2022-01-02T11:27:06.000Z</time>
    </trkpt>
    <trkpt lat="54.6861034" lon="25.3328328">
        <ele>197.0</ele>
        <time>2022-01-02T11:27:07.000Z</time>
    </trkpt>
    <trkpt lat="54.6860892" lon="25.3327986">
        <ele>197.0</ele>
        <time>2022-01-02T11:27:08.000Z</time>
    </trkpt>
    <trkpt lat="54.686075" lon="25.3327644">
        <ele>198.0</ele>
        <time>2022-01-02T11:27:09.000Z</time>
    </trkpt>
    <trkpt lat="54.6860621" lon="25.3327313">
        <ele>198.0</ele>
        <time>2022-01-02T11:27:10.000Z</time>
    </trkpt>
    <trkpt lat="54.6860493" lon="25.3326983">
        <ele>198.0</ele>
        <time>2022-01-02T11:27:11.000Z</time>
    </trkpt>
    <trkpt lat="54.6860357" lon="25.3326671">
        <ele>198.0</ele>
        <time>2022-01-02T11:27:12.000Z</time>
    </trkpt>
    <trkpt lat="54.6860221" lon="25.332636">
        <ele>198.0</ele>
        <time>2022-01-02T11:27:13.000Z</time>
    </trkpt>
    <trkpt lat="54.686008" lon="25.3326057">
        <ele>198.0</ele>
        <time>2022-01-02T11:27:14.000Z</time>
    </trkpt>
    <trkpt lat="54.685994" lon="25.3325754">
        <ele>198.0</ele>
        <time>2022-01-02T11:27:15.000Z</time>
    </trkpt>
    <trkpt lat="54.685979" lon="25.332548">
        <ele>198.0</ele>
        <time>2022-01-02T11:27:16.000Z</time>
    </trkpt>
    <trkpt lat="54.685964" lon="25.3325206">
        <ele>199.0</ele>
        <time>2022-01-02T11:27:17.000Z</time>
    </trkpt>
    <trkpt lat="54.6859454" lon="25.3324958">
        <ele>199.0</ele>
        <time>2022-01-02T11:27:18.000Z</time>
    </trkpt>
    <trkpt lat="54.6859268" lon="25.3324711">
        <ele>200.0</ele>
        <time>2022-01-02T11:27:19.000Z</time>
    </trkpt>
    <trkpt lat="54.6859039" lon="25.3324482">
        <ele>200.0</ele>
        <time>2022-01-02T11:27:20.000Z</time>
    </trkpt>
    <trkpt lat="54.685881" lon="25.3324254">
        <ele>200.0</ele>
        <time>2022-01-02T11:27:21.000Z</time>
    </trkpt>
    <trkpt lat="54.6858538" lon="25.3324072">
        <ele>200.0</ele>
        <time>2022-01-02T11:27:22.000Z</time>
    </trkpt>
    <trkpt lat="54.6858266" lon="25.332389">
        <ele>200.0</ele>
        <time>2022-01-02T11:27:23.000Z</time>
    </trkpt>
    <trkpt lat="54.6857961" lon="25.3323739">
        <ele>200.0</ele>
        <time>2022-01-02T11:27:24.000Z</time>
    </trkpt>
    <trkpt lat="54.6857656" lon="25.3323588">
        <ele>200.0</ele>
        <time>2022-01-02T11:27:25.000Z</time>
    </trkpt>
    <trkpt lat="54.6857374" lon="25.3323398">
        <ele>200.0</ele>
        <time>2022-01-02T11:27:26.000Z</time>
    </trkpt>
    <trkpt lat="54.6857092" lon="25.3323208">
        <ele>200.0</ele>
        <time>2022-01-02T11:27:27.000Z</time>
    </trkpt>
    <trkpt lat="54.6856873" lon="25.332293">
        <ele>200.0</ele>
        <time>2022-01-02T11:27:28.000Z</time>
    </trkpt>
    <trkpt lat="54.6856655" lon="25.3322652">
        <ele>200.0</ele>
        <time>2022-01-02T11:27:29.000Z</time>
    </trkpt>
    <trkpt lat="54.6856481" lon="25.3322315">
        <ele>199.0</ele>
        <time>2022-01-02T11:27:30.000Z</time>
    </trkpt>
    <trkpt lat="54.6856308" lon="25.3321978">
        <ele>199.0</ele>
        <time>2022-01-02T11:27:31.000Z</time>
    </trkpt>
    <trkpt lat="54.685614" lon="25.3321638">
        <ele>199.0</ele>
        <time>2022-01-02T11:27:32.000Z</time>
    </trkpt>
    <trkpt lat="54.6855973" lon="25.3321299">
        <ele>199.0</ele>
        <time>2022-01-02T11:27:33.000Z</time>
    </trkpt>
    <trkpt lat="54.6855785" lon="25.3320955">
        <ele>199.0</ele>
        <time>2022-01-02T11:27:34.000Z</time>
    </trkpt>
    <trkpt lat="54.6855598" lon="25.3320611">
        <ele>198.0</ele>
        <time>2022-01-02T11:27:35.000Z</time>
    </trkpt>
    <trkpt lat="54.6855406" lon="25.3320283">
        <ele>198.0</ele>
        <time>2022-01-02T11:27:36.000Z</time>
    </trkpt>
    <trkpt lat="54.6855215" lon="25.3319956">
        <ele>198.0</ele>
        <time>2022-01-02T11:27:37.000Z</time>
    </trkpt>
    <trkpt lat="54.6855037" lon="25.3319665">
        <ele>198.0</ele>
        <time>2022-01-02T11:27:38.000Z</time>
    </trkpt>
    <trkpt lat="54.685486" lon="25.3319374">
        <ele>198.0</ele>
        <time>2022-01-02T11:27:39.000Z</time>
    </trkpt>
    <trkpt lat="54.6854691" lon="25.3319101">
        <ele>197.0</ele>
        <time>2022-01-02T11:27:40.000Z</time>
    </trkpt>
    <trkpt lat="54.6854523" lon="25.3318828">
        <ele>197.0</ele>
        <time>2022-01-02T11:27:41.000Z</time>
    </trkpt>
    <trkpt lat="54.6854338" lon="25.3318526">
        <ele>197.0</ele>
        <time>2022-01-02T11:27:42.000Z</time>
    </trkpt>
    <trkpt lat="54.6854154" lon="25.3318224">
        <ele>197.0</ele>
        <time>2022-01-02T11:27:43.000Z</time>
    </trkpt>
    <trkpt lat="54.685395" lon="25.3317866">
        <ele>197.0</ele>
        <time>2022-01-02T11:27:44.000Z</time>
    </trkpt>
    <trkpt lat="54.6853746" lon="25.3317508">
        <ele>196.0</ele>
        <time>2022-01-02T11:27:45.000Z</time>
    </trkpt>
    <trkpt lat="54.6853521" lon="25.3317159">
        <ele>196.0</ele>
        <time>2022-01-02T11:27:46.000Z</time>
    </trkpt>
    <trkpt lat="54.6853296" lon="25.331681">
        <ele>196.0</ele>
        <time>2022-01-02T11:27:47.000Z</time>
    </trkpt>
    <trkpt lat="54.6853043" lon="25.331647">
        <ele>196.0</ele>
        <time>2022-01-02T11:27:48.000Z</time>
    </trkpt>
    <trkpt lat="54.6852791" lon="25.3316131">
        <ele>196.0</ele>
        <time>2022-01-02T11:27:49.000Z</time>
    </trkpt>
    <trkpt lat="54.6852509" lon="25.3315819">
        <ele>195.0</ele>
        <time>2022-01-02T11:27:50.000Z</time>
    </trkpt>
    <trkpt lat="54.6852227" lon="25.3315507">
        <ele>195.0</ele>
        <time>2022-01-02T11:27:51.000Z</time>
    </trkpt>
    <trkpt lat="54.6851955" lon="25.3315159">
        <ele>194.0</ele>
        <time>2022-01-02T11:27:52.000Z</time>
    </trkpt>
    <trkpt lat="54.6851684" lon="25.3314811">
        <ele>194.0</ele>
        <time>2022-01-02T11:27:53.000Z</time>
    </trkpt>
    <trkpt lat="54.6851472" lon="25.3314409">
        <ele>194.0</ele>
        <time>2022-01-02T11:27:54.000Z</time>
    </trkpt>
    <trkpt lat="54.6851261" lon="25.3314007">
        <ele>194.0</ele>
        <time>2022-01-02T11:27:55.000Z</time>
    </trkpt>
    <trkpt lat="54.6851116" lon="25.3313568">
        <ele>194.0</ele>
        <time>2022-01-02T11:27:56.000Z</time>
    </trkpt>
    <trkpt lat="54.6850972" lon="25.331313">
        <ele>194.0</ele>
        <time>2022-01-02T11:27:57.000Z</time>
    </trkpt>
    <trkpt lat="54.6850837" lon="25.331265">
        <ele>194.0</ele>
        <time>2022-01-02T11:27:58.000Z</time>
    </trkpt>
    <trkpt lat="54.6850703" lon="25.331217">
        <ele>194.0</ele>
        <time>2022-01-02T11:27:59.000Z</time>
    </trkpt>
    <trkpt lat="54.6850612" lon="25.3311734">
        <ele>193.0</ele>
        <time>2022-01-02T11:28:00.000Z</time>
    </trkpt>
    <trkpt lat="54.6850521" lon="25.3311299">
        <ele>193.0</ele>
        <time>2022-01-02T11:28:01.000Z</time>
    </trkpt>
    <trkpt lat="54.6850516" lon="25.3310913">
        <ele>193.0</ele>
        <time>2022-01-02T11:28:02.000Z</time>
    </trkpt>
    <trkpt lat="54.6850511" lon="25.3310527">
        <ele>193.0</ele>
        <time>2022-01-02T11:28:03.000Z</time>
    </trkpt>
    <trkpt lat="54.6850569" lon="25.3310155">
        <ele>193.0</ele>
        <time>2022-01-02T11:28:04.000Z</time>
    </trkpt>
    <trkpt lat="54.6850628" lon="25.3309784">
        <ele>193.0</ele>
        <time>2022-01-02T11:28:05.000Z</time>
    </trkpt>
    <trkpt lat="54.6850691" lon="25.3309406">
        <ele>193.0</ele>
        <time>2022-01-02T11:28:06.000Z</time>
    </trkpt>
    <trkpt lat="54.6850754" lon="25.3309028">
        <ele>193.0</ele>
        <time>2022-01-02T11:28:07.000Z</time>
    </trkpt>
    <trkpt lat="54.6850746" lon="25.3308622">
        <ele>193.0</ele>
        <time>2022-01-02T11:28:08.000Z</time>
    </trkpt>
    <trkpt lat="54.6850739" lon="25.3308216">
        <ele>194.0</ele>
        <time>2022-01-02T11:28:09.000Z</time>
    </trkpt>
    <trkpt lat="54.6850666" lon="25.3307806">
        <ele>194.0</ele>
        <time>2022-01-02T11:28:10.000Z</time>
    </trkpt>
    <trkpt lat="54.6850594" lon="25.3307397">
        <ele>194.0</ele>
        <time>2022-01-02T11:28:11.000Z</time>
    </trkpt>
    <trkpt lat="54.6850503" lon="25.3307018">
        <ele>194.0</ele>
        <time>2022-01-02T11:28:12.000Z</time>
    </trkpt>
    <trkpt lat="54.6850413" lon="25.330664">
        <ele>194.0</ele>
        <time>2022-01-02T11:28:13.000Z</time>
    </trkpt>
    <trkpt lat="54.6850331" lon="25.330629">
        <ele>195.0</ele>
        <time>2022-01-02T11:28:14.000Z</time>
    </trkpt>
    <trkpt lat="54.685025" lon="25.3305941">
        <ele>195.0</ele>
        <time>2022-01-02T11:28:15.000Z</time>
    </trkpt>
    <trkpt lat="54.6850205" lon="25.3305545">
        <ele>195.0</ele>
        <time>2022-01-02T11:28:16.000Z</time>
    </trkpt>
    <trkpt lat="54.6850161" lon="25.330515">
        <ele>195.0</ele>
        <time>2022-01-02T11:28:17.000Z</time>
    </trkpt>
    <trkpt lat="54.6850125" lon="25.3304696">
        <ele>195.0</ele>
        <time>2022-01-02T11:28:18.000Z</time>
    </trkpt>
    <trkpt lat="54.6850089" lon="25.3304242">
        <ele>196.0</ele>
        <time>2022-01-02T11:28:19.000Z</time>
    </trkpt>
    <trkpt lat="54.6850019" lon="25.3303753">
        <ele>195.0</ele>
        <time>2022-01-02T11:28:20.000Z</time>
    </trkpt>
    <trkpt lat="54.684995" lon="25.3303264">
        <ele>195.0</ele>
        <time>2022-01-02T11:28:21.000Z</time>
    </trkpt>
    <trkpt lat="54.6849857" lon="25.3302731">
        <ele>195.0</ele>
        <time>2022-01-02T11:28:22.000Z</time>
    </trkpt>
    <trkpt lat="54.6849764" lon="25.3302198">
        <ele>195.0</ele>
        <time>2022-01-02T11:28:23.000Z</time>
    </trkpt>
    <trkpt lat="54.6849657" lon="25.3301594">
        <ele>195.0</ele>
        <time>2022-01-02T11:28:24.000Z</time>
    </trkpt>
    <trkpt lat="54.6849551" lon="25.3300991">
        <ele>194.0</ele>
        <time>2022-01-02T11:28:25.000Z</time>
    </trkpt>
    <trkpt lat="54.6849438" lon="25.3300433">
        <ele>194.0</ele>
        <time>2022-01-02T11:28:26.000Z</time>
    </trkpt>
    <trkpt lat="54.6849325" lon="25.3299876">
        <ele>194.0</ele>
        <time>2022-01-02T11:28:27.000Z</time>
    </trkpt>
    <trkpt lat="54.6849198" lon="25.3299399">
        <ele>194.0</ele>
        <time>2022-01-02T11:28:28.000Z</time>
    </trkpt>
    <trkpt lat="54.6849071" lon="25.3298922">
        <ele>194.0</ele>
        <time>2022-01-02T11:28:29.000Z</time>
    </trkpt>
    <trkpt lat="54.6848937" lon="25.329843">
        <ele>193.0</ele>
        <time>2022-01-02T11:28:30.000Z</time>
    </trkpt>
    <trkpt lat="54.6848803" lon="25.3297938">
        <ele>193.0</ele>
        <time>2022-01-02T11:28:31.000Z</time>
    </trkpt>
    <trkpt lat="54.6848688" lon="25.3297379">
        <ele>193.0</ele>
        <time>2022-01-02T11:28:32.000Z</time>
    </trkpt>
    <trkpt lat="54.6848574" lon="25.3296821">
        <ele>193.0</ele>
        <time>2022-01-02T11:28:33.000Z</time>
    </trkpt>
    <trkpt lat="54.6848487" lon="25.329624">
        <ele>193.0</ele>
        <time>2022-01-02T11:28:34.000Z</time>
    </trkpt>
    <trkpt lat="54.68484" lon="25.3295659">
        <ele>192.0</ele>
        <time>2022-01-02T11:28:35.000Z</time>
    </trkpt>
    <trkpt lat="54.6848273" lon="25.3295089">
        <ele>192.0</ele>
        <time>2022-01-02T11:28:36.000Z</time>
    </trkpt>
    <trkpt lat="54.6848146" lon="25.329452">
        <ele>191.0</ele>
        <time>2022-01-02T11:28:37.000Z</time>
    </trkpt>
    <trkpt lat="54.6847955" lon="25.3293983">
        <ele>191.0</ele>
        <time>2022-01-02T11:28:38.000Z</time>
    </trkpt>
    <trkpt lat="54.6847764" lon="25.3293446">
        <ele>191.0</ele>
        <time>2022-01-02T11:28:39.000Z</time>
    </trkpt>
    <trkpt lat="54.6847511" lon="25.329296">
        <ele>190.0</ele>
        <time>2022-01-02T11:28:40.000Z</time>
    </trkpt>
    <trkpt lat="54.6847259" lon="25.3292474">
        <ele>190.0</ele>
        <time>2022-01-02T11:28:41.000Z</time>
    </trkpt>
    <trkpt lat="54.6846957" lon="25.329205">
        <ele>189.0</ele>
        <time>2022-01-02T11:28:42.000Z</time>
    </trkpt>
    <trkpt lat="54.6846656" lon="25.3291627">
        <ele>189.0</ele>
        <time>2022-01-02T11:28:43.000Z</time>
    </trkpt>
    <trkpt lat="54.6846331" lon="25.3291295">
        <ele>189.0</ele>
        <time>2022-01-02T11:28:44.000Z</time>
    </trkpt>
    <trkpt lat="54.6846006" lon="25.3290964">
        <ele>188.0</ele>
        <time>2022-01-02T11:28:45.000Z</time>
    </trkpt>
    <trkpt lat="54.6845704" lon="25.3290713">
        <ele>188.0</ele>
        <time>2022-01-02T11:28:46.000Z</time>
    </trkpt>
    <trkpt lat="54.6845403" lon="25.3290462">
        <ele>188.0</ele>
        <time>2022-01-02T11:28:47.000Z</time>
    </trkpt>
    <trkpt lat="54.6845131" lon="25.3290244">
        <ele>188.0</ele>
        <time>2022-01-02T11:28:48.000Z</time>
    </trkpt>
    <trkpt lat="54.6844859" lon="25.3290027">
        <ele>188.0</ele>
        <time>2022-01-02T11:28:49.000Z</time>
    </trkpt>
    <trkpt lat="54.6844594" lon="25.3289794">
        <ele>187.0</ele>
        <time>2022-01-02T11:28:50.000Z</time>
    </trkpt>
    <trkpt lat="54.684433" lon="25.3289561">
        <ele>186.0</ele>
        <time>2022-01-02T11:28:51.000Z</time>
    </trkpt>
    <trkpt lat="54.684407" lon="25.3289259">
        <ele>186.0</ele>
        <time>2022-01-02T11:28:52.000Z</time>
    </trkpt>
    <trkpt lat="54.6843811" lon="25.3288957">
        <ele>185.0</ele>
        <time>2022-01-02T11:28:53.000Z</time>
    </trkpt>
    <trkpt lat="54.6843623" lon="25.3288587">
        <ele>185.0</ele>
        <time>2022-01-02T11:28:54.000Z</time>
    </trkpt>
    <trkpt lat="54.6843436" lon="25.3288217">
        <ele>184.0</ele>
        <time>2022-01-02T11:28:55.000Z</time>
    </trkpt>
    <trkpt lat="54.6843397" lon="25.3287838">
        <ele>183.0</ele>
        <time>2022-01-02T11:28:56.000Z</time>
    </trkpt>
    <trkpt lat="54.6843358" lon="25.3287459">
        <ele>183.0</ele>
        <time>2022-01-02T11:28:57.000Z</time>
    </trkpt>
    <trkpt lat="54.6843464" lon="25.3287084">
        <ele>182.0</ele>
        <time>2022-01-02T11:28:58.000Z</time>
    </trkpt>
    <trkpt lat="54.6843571" lon="25.3286709">
        <ele>182.0</ele>
        <time>2022-01-02T11:28:59.000Z</time>
    </trkpt>
    <trkpt lat="54.6843775" lon="25.328635">
        <ele>181.0</ele>
        <time>2022-01-02T11:29:00.000Z</time>
    </trkpt>
    <trkpt lat="54.6843979" lon="25.3285991">
        <ele>181.0</ele>
        <time>2022-01-02T11:29:01.000Z</time>
    </trkpt>
    <trkpt lat="54.6844209" lon="25.3285648">
        <ele>180.0</ele>
        <time>2022-01-02T11:29:02.000Z</time>
    </trkpt>
    <trkpt lat="54.6844439" lon="25.3285306">
        <ele>180.0</ele>
        <time>2022-01-02T11:29:03.000Z</time>
    </trkpt>
    <trkpt lat="54.684465" lon="25.3284964">
        <ele>180.0</ele>
        <time>2022-01-02T11:29:04.000Z</time>
    </trkpt>
    <trkpt lat="54.6844861" lon="25.3284623">
        <ele>179.0</ele>
        <time>2022-01-02T11:29:05.000Z</time>
    </trkpt>
    <trkpt lat="54.6845026" lon="25.3284308">
        <ele>179.0</ele>
        <time>2022-01-02T11:29:06.000Z</time>
    </trkpt>
    <trkpt lat="54.6845191" lon="25.3283993">
        <ele>179.0</ele>
        <time>2022-01-02T11:29:07.000Z</time>
    </trkpt>
    <trkpt lat="54.6845267" lon="25.3283767">
        <ele>179.0</ele>
        <time>2022-01-02T11:29:08.000Z</time>
    </trkpt>
    <trkpt lat="54.6845343" lon="25.3283541">
        <ele>179.0</ele>
        <time>2022-01-02T11:29:09.000Z</time>
    </trkpt>
    <trkpt lat="54.6845356" lon="25.3283373">
        <ele>178.0</ele>
        <time>2022-01-02T11:29:10.000Z</time>
    </trkpt>
    <trkpt lat="54.6845369" lon="25.3283205">
        <ele>178.0</ele>
        <time>2022-01-02T11:29:11.000Z</time>
    </trkpt>
    <trkpt lat="54.6845377" lon="25.3283025">
        <ele>177.0</ele>
        <time>2022-01-02T11:29:12.000Z</time>
    </trkpt>
    <trkpt lat="54.6845386" lon="25.3282845">
        <ele>177.0</ele>
        <time>2022-01-02T11:29:13.000Z</time>
    </trkpt>
    <trkpt lat="54.6845427" lon="25.3282633">
        <ele>177.0</ele>
        <time>2022-01-02T11:29:14.000Z</time>
    </trkpt>
    <trkpt lat="54.6845468" lon="25.3282421">
        <ele>177.0</ele>
        <time>2022-01-02T11:29:15.000Z</time>
    </trkpt>
    <trkpt lat="54.6845519" lon="25.3282184">
        <ele>177.0</ele>
        <time>2022-01-02T11:29:16.000Z</time>
    </trkpt>
    <trkpt lat="54.684557" lon="25.3281947">
        <ele>177.0</ele>
        <time>2022-01-02T11:29:17.000Z</time>
    </trkpt>
    <trkpt lat="54.6845619" lon="25.3281707">
        <ele>177.0</ele>
        <time>2022-01-02T11:29:18.000Z</time>
    </trkpt>
    <trkpt lat="54.6845668" lon="25.3281468">
        <ele>177.0</ele>
        <time>2022-01-02T11:29:19.000Z</time>
    </trkpt>
    <trkpt lat="54.6845728" lon="25.3281232">
        <ele>176.0</ele>
        <time>2022-01-02T11:29:20.000Z</time>
    </trkpt>
    <trkpt lat="54.6845789" lon="25.3280996">
        <ele>176.0</ele>
        <time>2022-01-02T11:29:21.000Z</time>
    </trkpt>
    <trkpt lat="54.6845859" lon="25.3280754">
        <ele>176.0</ele>
        <time>2022-01-02T11:29:22.000Z</time>
    </trkpt>
    <trkpt lat="54.684593" lon="25.3280512">
        <ele>176.0</ele>
        <time>2022-01-02T11:29:23.000Z</time>
    </trkpt>
    <trkpt lat="54.6845995" lon="25.3280253">
        <ele>176.0</ele>
        <time>2022-01-02T11:29:24.000Z</time>
    </trkpt>
    <trkpt lat="54.6846061" lon="25.3279995">
        <ele>175.0</ele>
        <time>2022-01-02T11:29:25.000Z</time>
    </trkpt>
    </trkseg>
</trk>
</gpx>