<?xml version="1.0" encoding="UTF-8"?>
<gpx creator="Suunto app" version="1.1" schemaLocation="http://www.topografix.com/GPX/1/1 http://www.topografix.com/GPX/1/1/gpx.xsd http://www.garmin.com/xmlschemas/GpxExtensions/v3 http://www.garmin.com/xmlschemas/GpxExtensionsv3.xsd http://www.garmin.com/xmlschemas/TrackPointExtension/v1 http://www.garmin.com/xmlschemas/TrackPointExtensionv1.xsd http://www.garmin.com/xmlschemas/PowerExtension/v1 http://www.garmin.com/xmlschemas/PowerExtensionv1.xsd http://www.topografix.com/GPX/gpx_style/0/2 http://www.topografix.com/GPX/gpx_style/0/2/gpx_style.xsd" xmlns="http://www.topografix.com/GPX/1/1" xmlns:xsi="http://www.w3.org/2001/XMLSchema-instance" xsi:schemaLocation="http://www.topografix.com/GPX/1/1 http://www.topografix.com/GPX/1/1/gpx.xsd http://www.garmin.com/xmlschemas/GpxExtensions/v3 http://www.garmin.com/xmlschemas/GpxExtensionsv3.xsd http://www.garmin.com/xmlschemas/TrackPointExtension/v1 http://www.garmin.com/xmlschemas/TrackPointExtensionv1.xsd http://www.garmin.com/xmlschemas/PowerExtension/v1 http://www.garmin.com/xmlschemas/PowerExtensionv1.xsd http://www.topografix.com/GPX/gpx_style/0/2 http://www.topografix.com/GPX/gpx_style/0/2/gpx_style.xsd" xmlns:gpxtpx="http://www.garmin.com/xmlschemas/TrackPointExtension/v1" xmlns:gpxx="http://www.garmin.com/xmlschemas/GpxExtensions/v3" xmlns:gpxpx="http://www.garmin.com/xmlschemas/PowerExtension/v1" xmlns:gpx_style="http://www.topografix.com/GPX/gpx_style/0/2">
  <metadata>
    <name>gr221_day3</name>
    <author>
      <name>gpx.studio</name>
      <link href="https://gpx.studio"/>
    </author>
  </metadata>
  <trk>
    <name>gr221_day3</name>
    <extensions>
      <gpx_style:line>
        <gpx_style:color>fff700</gpx_style:color>
        <gpx_style:opacity>1</gpx_style:opacity>
        <gpx_style:width>3</gpx_style:width>
      </gpx_style:line>
    </extensions>
    <trkseg>
      <trkpt lat="39.768138" lon="2.714383">
        <ele>31.75</ele>
      </trkpt>
      <trkpt lat="39.768252" lon="2.714489">
        <ele>31</ele>
      </trkpt>
      <trkpt lat="39.768272" lon="2.714533">
        <ele>30.75</ele>
      </trkpt>
      <trkpt lat="39.768223" lon="2.714693">
        <ele>30.75</ele>
      </trkpt>
      <trkpt lat="39.768305" lon="2.714789">
        <ele>30.25</ele>
      </trkpt>
      <trkpt lat="39.768468" lon="2.714978">
        <ele>29.5</ele>
      </trkpt>
      <trkpt lat="39.768659" lon="2.715158">
        <ele>28.75</ele>
      </trkpt>
      <trkpt lat="39.768754" lon="2.715248">
        <ele>28.5</ele>
      </trkpt>
      <trkpt lat="39.768702" lon="2.715419">
        <ele>28.75</ele>
      </trkpt>
      <trkpt lat="39.768642" lon="2.715619">
        <ele>29</ele>
      </trkpt>
      <trkpt lat="39.768642" lon="2.715619">
        <ele>29</ele>
      </trkpt>
      <trkpt lat="39.768941" lon="2.715753">
        <ele>28.25</ele>
      </trkpt>
      <trkpt lat="39.769059" lon="2.715853">
        <ele>28.25</ele>
      </trkpt>
      <trkpt lat="39.769152" lon="2.715955">
        <ele>28</ele>
      </trkpt>
      <trkpt lat="39.769244" lon="2.716091">
        <ele>28</ele>
      </trkpt>
      <trkpt lat="39.769316" lon="2.716141">
        <ele>28</ele>
      </trkpt>
      <trkpt lat="39.769577" lon="2.716295">
        <ele>27.5</ele>
      </trkpt>
      <trkpt lat="39.769714" lon="2.716377">
        <ele>27.25</ele>
      </trkpt>
      <trkpt lat="39.770098" lon="2.716647">
        <ele>26.75</ele>
      </trkpt>
      <trkpt lat="39.770474" lon="2.716942">
        <ele>26.5</ele>
      </trkpt>
      <trkpt lat="39.770835" lon="2.716954">
        <ele>26.25</ele>
      </trkpt>
      <trkpt lat="39.771076" lon="2.716962">
        <ele>26.5</ele>
      </trkpt>
      <trkpt lat="39.771376" lon="2.716968">
        <ele>27</ele>
      </trkpt>
      <trkpt lat="39.771398" lon="2.716968">
        <ele>27</ele>
      </trkpt>
      <trkpt lat="39.77147" lon="2.71697">
        <ele>27</ele>
      </trkpt>
      <trkpt lat="39.771501" lon="2.716969">
        <ele>27</ele>
      </trkpt>
      <trkpt lat="39.771546" lon="2.717121">
        <ele>27.25</ele>
      </trkpt>
      <trkpt lat="39.771905" lon="2.718047">
        <ele>28.25</ele>
      </trkpt>
      <trkpt lat="39.772268" lon="2.719001">
        <ele>31.75</ele>
      </trkpt>
      <trkpt lat="39.772267" lon="2.719">
        <ele>31</ele>
      </trkpt>
      <trkpt lat="39.772344" lon="2.719201">
        <ele>31.75</ele>
      </trkpt>
      <trkpt lat="39.772358" lon="2.719275">
        <ele>31.75</ele>
      </trkpt>
      <trkpt lat="39.772376" lon="2.719471">
        <ele>32.25</ele>
      </trkpt>
      <trkpt lat="39.772361" lon="2.719588">
        <ele>32.25</ele>
      </trkpt>
      <trkpt lat="39.772419" lon="2.719678">
        <ele>32.5</ele>
      </trkpt>
      <trkpt lat="39.772611" lon="2.719653">
        <ele>33.75</ele>
      </trkpt>
      <trkpt lat="39.772757" lon="2.719596">
        <ele>35.25</ele>
      </trkpt>
      <trkpt lat="39.773116" lon="2.719543">
        <ele>39</ele>
      </trkpt>
      <trkpt lat="39.773294" lon="2.719537">
        <ele>41</ele>
      </trkpt>
      <trkpt lat="39.773406" lon="2.719528">
        <ele>42.5</ele>
      </trkpt>
      <trkpt lat="39.773475" lon="2.71953">
        <ele>43.5</ele>
      </trkpt>
      <trkpt lat="39.773583" lon="2.720241">
        <ele>45.75</ele>
      </trkpt>
      <trkpt lat="39.773659" lon="2.720583">
        <ele>47.75</ele>
      </trkpt>
      <trkpt lat="39.773768" lon="2.72098">
        <ele>50.75</ele>
      </trkpt>
      <trkpt lat="39.773851" lon="2.721575">
        <ele>52</ele>
      </trkpt>
      <trkpt lat="39.773881" lon="2.721698">
        <ele>52.25</ele>
      </trkpt>
      <trkpt lat="39.773909" lon="2.72178">
        <ele>52.25</ele>
      </trkpt>
      <trkpt lat="39.773937" lon="2.721841">
        <ele>52.25</ele>
      </trkpt>
      <trkpt lat="39.773991" lon="2.721947">
        <ele>52.5</ele>
      </trkpt>
      <trkpt lat="39.774174" lon="2.722305">
        <ele>52.75</ele>
      </trkpt>
      <trkpt lat="39.774407" lon="2.722737">
        <ele>52.5</ele>
      </trkpt>
      <trkpt lat="39.77502" lon="2.723781">
        <ele>51</ele>
      </trkpt>
      <trkpt lat="39.775036" lon="2.723855">
        <ele>50.75</ele>
      </trkpt>
      <trkpt lat="39.775028" lon="2.72394">
        <ele>50</ele>
      </trkpt>
      <trkpt lat="39.77501" lon="2.724032">
        <ele>49</ele>
      </trkpt>
      <trkpt lat="39.775019" lon="2.724139">
        <ele>48.5</ele>
      </trkpt>
      <trkpt lat="39.775037" lon="2.724267">
        <ele>48.25</ele>
      </trkpt>
      <trkpt lat="39.775069" lon="2.724365">
        <ele>48.75</ele>
      </trkpt>
      <trkpt lat="39.775096" lon="2.724403">
        <ele>49.25</ele>
      </trkpt>
      <trkpt lat="39.775362" lon="2.724444">
        <ele>53.5</ele>
      </trkpt>
      <trkpt lat="39.775458" lon="2.724467">
        <ele>55</ele>
      </trkpt>
      <trkpt lat="39.775567" lon="2.72453">
        <ele>56.75</ele>
      </trkpt>
      <trkpt lat="39.775619" lon="2.724597">
        <ele>57.25</ele>
      </trkpt>
      <trkpt lat="39.775657" lon="2.724661">
        <ele>57.75</ele>
      </trkpt>
      <trkpt lat="39.775799" lon="2.725268">
        <ele>59</ele>
      </trkpt>
      <trkpt lat="39.775818" lon="2.725326">
        <ele>59.25</ele>
      </trkpt>
      <trkpt lat="39.775869" lon="2.725392">
        <ele>59.75</ele>
      </trkpt>
      <trkpt lat="39.776131" lon="2.725608">
        <ele>62.5</ele>
      </trkpt>
      <trkpt lat="39.776318" lon="2.725658">
        <ele>64.5</ele>
      </trkpt>
      <trkpt lat="39.776456" lon="2.725685">
        <ele>66</ele>
      </trkpt>
      <trkpt lat="39.776772" lon="2.725909">
        <ele>70.25</ele>
      </trkpt>
      <trkpt lat="39.776962" lon="2.726076">
        <ele>74.75</ele>
      </trkpt>
      <trkpt lat="39.777055" lon="2.725948">
        <ele>77</ele>
      </trkpt>
      <trkpt lat="39.777266" lon="2.725805">
        <ele>81.75</ele>
      </trkpt>
      <trkpt lat="39.777322" lon="2.725867">
        <ele>83</ele>
      </trkpt>
      <trkpt lat="39.777348" lon="2.725944">
        <ele>83.75</ele>
      </trkpt>
      <trkpt lat="39.777366" lon="2.726136">
        <ele>85</ele>
      </trkpt>
      <trkpt lat="39.777356" lon="2.726324">
        <ele>85.5</ele>
      </trkpt>
      <trkpt lat="39.777382" lon="2.726449">
        <ele>87.25</ele>
      </trkpt>
      <trkpt lat="39.777382" lon="2.726447">
        <ele>86.5</ele>
      </trkpt>
      <trkpt lat="39.777394" lon="2.726505">
        <ele>87.25</ele>
      </trkpt>
      <trkpt lat="39.777402" lon="2.726617">
        <ele>87.75</ele>
      </trkpt>
      <trkpt lat="39.777372" lon="2.726797">
        <ele>88</ele>
      </trkpt>
      <trkpt lat="39.777366" lon="2.726925">
        <ele>88.75</ele>
      </trkpt>
      <trkpt lat="39.777382" lon="2.727041">
        <ele>90</ele>
      </trkpt>
      <trkpt lat="39.77736" lon="2.727205">
        <ele>90.5</ele>
      </trkpt>
      <trkpt lat="39.777392" lon="2.727375">
        <ele>92.75</ele>
      </trkpt>
      <trkpt lat="39.777408" lon="2.727552">
        <ele>94.5</ele>
      </trkpt>
      <trkpt lat="39.777287" lon="2.727697">
        <ele>92</ele>
      </trkpt>
      <trkpt lat="39.777254" lon="2.727832">
        <ele>92.25</ele>
      </trkpt>
      <trkpt lat="39.777269" lon="2.727902">
        <ele>93.25</ele>
      </trkpt>
      <trkpt lat="39.777324" lon="2.728011">
        <ele>95.5</ele>
      </trkpt>
      <trkpt lat="39.777358" lon="2.72811">
        <ele>97</ele>
      </trkpt>
      <trkpt lat="39.777195" lon="2.728238">
        <ele>94</ele>
      </trkpt>
      <trkpt lat="39.777164" lon="2.728353">
        <ele>94.25</ele>
      </trkpt>
      <trkpt lat="39.777163" lon="2.728513">
        <ele>94.5</ele>
      </trkpt>
      <trkpt lat="39.777146" lon="2.728938">
        <ele>95.25</ele>
      </trkpt>
      <trkpt lat="39.777096" lon="2.729292">
        <ele>93.75</ele>
      </trkpt>
      <trkpt lat="39.777084" lon="2.729386">
        <ele>93.75</ele>
      </trkpt>
      <trkpt lat="39.777041" lon="2.729561">
        <ele>92.25</ele>
      </trkpt>
      <trkpt lat="39.776888" lon="2.72984">
        <ele>87.25</ele>
      </trkpt>
      <trkpt lat="39.776748" lon="2.730159">
        <ele>83.75</ele>
      </trkpt>
      <trkpt lat="39.776646" lon="2.730355">
        <ele>82.5</ele>
      </trkpt>
      <trkpt lat="39.776557" lon="2.730499">
        <ele>82.25</ele>
      </trkpt>
      <trkpt lat="39.776523" lon="2.730521">
        <ele>82</ele>
      </trkpt>
      <trkpt lat="39.776489" lon="2.730532">
        <ele>81.5</ele>
      </trkpt>
      <trkpt lat="39.776236" lon="2.730537">
        <ele>77.5</ele>
      </trkpt>
      <trkpt lat="39.776162" lon="2.730531">
        <ele>76.25</ele>
      </trkpt>
      <trkpt lat="39.775871" lon="2.730407">
        <ele>71</ele>
      </trkpt>
      <trkpt lat="39.775678" lon="2.730307">
        <ele>68.75</ele>
      </trkpt>
      <trkpt lat="39.77529" lon="2.730128">
        <ele>65.25</ele>
      </trkpt>
      <trkpt lat="39.774915" lon="2.729991">
        <ele>62.25</ele>
      </trkpt>
      <trkpt lat="39.774773" lon="2.729952">
        <ele>61</ele>
      </trkpt>
      <trkpt lat="39.774728" lon="2.729939">
        <ele>60.75</ele>
      </trkpt>
      <trkpt lat="39.774431" lon="2.72997">
        <ele>58.75</ele>
      </trkpt>
      <trkpt lat="39.774242" lon="2.730009">
        <ele>57.5</ele>
      </trkpt>
      <trkpt lat="39.774159" lon="2.730026">
        <ele>57</ele>
      </trkpt>
      <trkpt lat="39.773692" lon="2.730112">
        <ele>57.75</ele>
      </trkpt>
      <trkpt lat="39.773703" lon="2.730292">
        <ele>59.5</ele>
      </trkpt>
      <trkpt lat="39.773703" lon="2.730294">
        <ele>59.5</ele>
      </trkpt>
      <trkpt lat="39.773703" lon="2.730292">
        <ele>58.25</ele>
      </trkpt>
      <trkpt lat="39.773722" lon="2.730596">
        <ele>59.5</ele>
      </trkpt>
      <trkpt lat="39.773711" lon="2.730775">
        <ele>60</ele>
      </trkpt>
      <trkpt lat="39.773637" lon="2.730837">
        <ele>60.25</ele>
      </trkpt>
      <trkpt lat="39.773371" lon="2.731223">
        <ele>61</ele>
      </trkpt>
      <trkpt lat="39.773318" lon="2.731431">
        <ele>61.25</ele>
      </trkpt>
      <trkpt lat="39.77328" lon="2.731514">
        <ele>61.5</ele>
      </trkpt>
      <trkpt lat="39.773155" lon="2.731658">
        <ele>61.75</ele>
      </trkpt>
      <trkpt lat="39.77292" lon="2.73196">
        <ele>62.5</ele>
      </trkpt>
      <trkpt lat="39.772592" lon="2.732479">
        <ele>64.75</ele>
      </trkpt>
      <trkpt lat="39.772371" lon="2.732812">
        <ele>65.5</ele>
      </trkpt>
      <trkpt lat="39.772264" lon="2.733462">
        <ele>68</ele>
      </trkpt>
      <trkpt lat="39.772279" lon="2.733699">
        <ele>70.25</ele>
      </trkpt>
      <trkpt lat="39.772344" lon="2.734059">
        <ele>73</ele>
      </trkpt>
      <trkpt lat="39.772275" lon="2.734099">
        <ele>74.25</ele>
      </trkpt>
      <trkpt lat="39.772238" lon="2.734217">
        <ele>76.25</ele>
      </trkpt>
      <trkpt lat="39.772126" lon="2.734207">
        <ele>77.5</ele>
      </trkpt>
      <trkpt lat="39.772007" lon="2.734227">
        <ele>79.5</ele>
      </trkpt>
      <trkpt lat="39.771892" lon="2.734268">
        <ele>81.75</ele>
      </trkpt>
      <trkpt lat="39.771761" lon="2.734354">
        <ele>85</ele>
      </trkpt>
      <trkpt lat="39.77162" lon="2.7346">
        <ele>90.5</ele>
      </trkpt>
      <trkpt lat="39.771543" lon="2.73462">
        <ele>90.75</ele>
      </trkpt>
      <trkpt lat="39.771439" lon="2.734592">
        <ele>90.25</ele>
      </trkpt>
      <trkpt lat="39.771338" lon="2.734524">
        <ele>89.25</ele>
      </trkpt>
      <trkpt lat="39.771119" lon="2.734776">
        <ele>92</ele>
      </trkpt>
      <trkpt lat="39.77119" lon="2.734969">
        <ele>94.75</ele>
      </trkpt>
      <trkpt lat="39.771287" lon="2.735215">
        <ele>96.25</ele>
      </trkpt>
      <trkpt lat="39.771393" lon="2.73559">
        <ele>98.25</ele>
      </trkpt>
      <trkpt lat="39.771483" lon="2.735995">
        <ele>102.25</ele>
      </trkpt>
      <trkpt lat="39.7715" lon="2.736061">
        <ele>103.25</ele>
      </trkpt>
      <trkpt lat="39.771481" lon="2.736082">
        <ele>103.5</ele>
      </trkpt>
      <trkpt lat="39.771319" lon="2.736149">
        <ele>103.5</ele>
      </trkpt>
      <trkpt lat="39.771236" lon="2.736189">
        <ele>103.75</ele>
      </trkpt>
      <trkpt lat="39.771114" lon="2.736337">
        <ele>105.25</ele>
      </trkpt>
      <trkpt lat="39.771003" lon="2.7365">
        <ele>107.25</ele>
      </trkpt>
      <trkpt lat="39.770933" lon="2.736646">
        <ele>109</ele>
      </trkpt>
      <trkpt lat="39.770894" lon="2.736681">
        <ele>109.5</ele>
      </trkpt>
      <trkpt lat="39.77075" lon="2.736741">
        <ele>109.25</ele>
      </trkpt>
      <trkpt lat="39.770493" lon="2.736908">
        <ele>108.75</ele>
      </trkpt>
      <trkpt lat="39.770351" lon="2.737052">
        <ele>109.25</ele>
      </trkpt>
      <trkpt lat="39.770298" lon="2.737214">
        <ele>111.25</ele>
      </trkpt>
      <trkpt lat="39.770227" lon="2.737297">
        <ele>111.5</ele>
      </trkpt>
      <trkpt lat="39.770035" lon="2.737383">
        <ele>109.75</ele>
      </trkpt>
      <trkpt lat="39.76969" lon="2.737566">
        <ele>109.5</ele>
      </trkpt>
      <trkpt lat="39.769644" lon="2.737606">
        <ele>110</ele>
      </trkpt>
      <trkpt lat="39.769602" lon="2.737663">
        <ele>111</ele>
      </trkpt>
      <trkpt lat="39.769524" lon="2.737703">
        <ele>111</ele>
      </trkpt>
      <trkpt lat="39.769465" lon="2.737829">
        <ele>113</ele>
      </trkpt>
      <trkpt lat="39.769088" lon="2.737859">
        <ele>111</ele>
      </trkpt>
      <trkpt lat="39.768797" lon="2.737868">
        <ele>115.75</ele>
      </trkpt>
      <trkpt lat="39.768735" lon="2.737864">
        <ele>116.75</ele>
      </trkpt>
      <trkpt lat="39.768707" lon="2.737886">
        <ele>117.5</ele>
      </trkpt>
      <trkpt lat="39.768632" lon="2.737838">
        <ele>118</ele>
      </trkpt>
      <trkpt lat="39.768609" lon="2.737853">
        <ele>118.5</ele>
      </trkpt>
      <trkpt lat="39.76854" lon="2.737986">
        <ele>121</ele>
      </trkpt>
      <trkpt lat="39.768506" lon="2.738091">
        <ele>122.25</ele>
      </trkpt>
      <trkpt lat="39.768451" lon="2.738228">
        <ele>124</ele>
      </trkpt>
      <trkpt lat="39.76825" lon="2.738656">
        <ele>129.75</ele>
      </trkpt>
      <trkpt lat="39.76824" lon="2.738666">
        <ele>130</ele>
      </trkpt>
      <trkpt lat="39.768227" lon="2.738656">
        <ele>130.5</ele>
      </trkpt>
      <trkpt lat="39.768226" lon="2.738621">
        <ele>130.5</ele>
      </trkpt>
      <trkpt lat="39.768237" lon="2.738591">
        <ele>130</ele>
      </trkpt>
      <trkpt lat="39.768232" lon="2.73857">
        <ele>130.25</ele>
      </trkpt>
      <trkpt lat="39.768194" lon="2.738565">
        <ele>131.5</ele>
      </trkpt>
      <trkpt lat="39.768174" lon="2.738608">
        <ele>132.25</ele>
      </trkpt>
      <trkpt lat="39.76817" lon="2.738642">
        <ele>132.5</ele>
      </trkpt>
      <trkpt lat="39.768158" lon="2.738658">
        <ele>133</ele>
      </trkpt>
      <trkpt lat="39.768144" lon="2.738662">
        <ele>133.5</ele>
      </trkpt>
      <trkpt lat="39.768124" lon="2.738587">
        <ele>134.25</ele>
      </trkpt>
      <trkpt lat="39.768035" lon="2.738682">
        <ele>137.25</ele>
      </trkpt>
      <trkpt lat="39.768008" lon="2.738717">
        <ele>142.25</ele>
      </trkpt>
      <trkpt lat="39.768008" lon="2.738717">
        <ele>138</ele>
      </trkpt>
      <trkpt lat="39.76786" lon="2.738917">
        <ele>142.25</ele>
      </trkpt>
      <trkpt lat="39.767749" lon="2.739133">
        <ele>144.25</ele>
      </trkpt>
      <trkpt lat="39.767675" lon="2.739326">
        <ele>146.25</ele>
      </trkpt>
      <trkpt lat="39.767396" lon="2.739447">
        <ele>153.5</ele>
      </trkpt>
      <trkpt lat="39.767376" lon="2.739564">
        <ele>153.75</ele>
      </trkpt>
      <trkpt lat="39.76741" lon="2.739917">
        <ele>151.75</ele>
      </trkpt>
      <trkpt lat="39.767461" lon="2.740047">
        <ele>150.25</ele>
      </trkpt>
      <trkpt lat="39.767541" lon="2.740222">
        <ele>150</ele>
      </trkpt>
      <trkpt lat="39.767602" lon="2.740318">
        <ele>150.5</ele>
      </trkpt>
      <trkpt lat="39.767597" lon="2.74036">
        <ele>151</ele>
      </trkpt>
      <trkpt lat="39.76753" lon="2.740472">
        <ele>151.75</ele>
      </trkpt>
      <trkpt lat="39.767326" lon="2.740755">
        <ele>159.5</ele>
      </trkpt>
      <trkpt lat="39.767306" lon="2.74081">
        <ele>160.5</ele>
      </trkpt>
      <trkpt lat="39.767321" lon="2.740968">
        <ele>161.75</ele>
      </trkpt>
      <trkpt lat="39.767334" lon="2.741039">
        <ele>162.25</ele>
      </trkpt>
      <trkpt lat="39.767362" lon="2.741162">
        <ele>163</ele>
      </trkpt>
      <trkpt lat="39.76741" lon="2.741278">
        <ele>162.5</ele>
      </trkpt>
      <trkpt lat="39.767455" lon="2.741537">
        <ele>164</ele>
      </trkpt>
      <trkpt lat="39.767471" lon="2.741669">
        <ele>165</ele>
      </trkpt>
      <trkpt lat="39.767458" lon="2.741932">
        <ele>169.75</ele>
      </trkpt>
      <trkpt lat="39.767433" lon="2.742112">
        <ele>173.5</ele>
      </trkpt>
      <trkpt lat="39.767398" lon="2.742245">
        <ele>176.75</ele>
      </trkpt>
      <trkpt lat="39.767333" lon="2.742368">
        <ele>180.5</ele>
      </trkpt>
      <trkpt lat="39.767292" lon="2.742575">
        <ele>185</ele>
      </trkpt>
      <trkpt lat="39.767252" lon="2.742707">
        <ele>188.5</ele>
      </trkpt>
      <trkpt lat="39.767109" lon="2.742996">
        <ele>195.5</ele>
      </trkpt>
      <trkpt lat="39.767039" lon="2.743271">
        <ele>199.5</ele>
      </trkpt>
      <trkpt lat="39.767089" lon="2.74339">
        <ele>201.75</ele>
      </trkpt>
      <trkpt lat="39.767123" lon="2.743397">
        <ele>202</ele>
      </trkpt>
      <trkpt lat="39.767161" lon="2.743389">
        <ele>201.75</ele>
      </trkpt>
      <trkpt lat="39.767025" lon="2.743582">
        <ele>205.5</ele>
      </trkpt>
      <trkpt lat="39.767012" lon="2.743612">
        <ele>206.25</ele>
      </trkpt>
      <trkpt lat="39.76703" lon="2.743613">
        <ele>206.25</ele>
      </trkpt>
      <trkpt lat="39.767107" lon="2.743584">
        <ele>206.25</ele>
      </trkpt>
      <trkpt lat="39.767119" lon="2.743587">
        <ele>206.5</ele>
      </trkpt>
      <trkpt lat="39.76702" lon="2.743748">
        <ele>209</ele>
      </trkpt>
      <trkpt lat="39.767021" lon="2.743806">
        <ele>210.25</ele>
      </trkpt>
      <trkpt lat="39.766987" lon="2.743977">
        <ele>213.25</ele>
      </trkpt>
      <trkpt lat="39.766972" lon="2.74418">
        <ele>217.25</ele>
      </trkpt>
      <trkpt lat="39.766974" lon="2.744272">
        <ele>219.75</ele>
      </trkpt>
      <trkpt lat="39.766974" lon="2.744372">
        <ele>222.5</ele>
      </trkpt>
      <trkpt lat="39.766985" lon="2.744416">
        <ele>224.25</ele>
      </trkpt>
      <trkpt lat="39.767035" lon="2.744437">
        <ele>226</ele>
      </trkpt>
      <trkpt lat="39.767033" lon="2.744577">
        <ele>230</ele>
      </trkpt>
      <trkpt lat="39.766921" lon="2.744856">
        <ele>234.5</ele>
      </trkpt>
      <trkpt lat="39.766917" lon="2.744893">
        <ele>235.25</ele>
      </trkpt>
      <trkpt lat="39.766949" lon="2.744899">
        <ele>236.5</ele>
      </trkpt>
      <trkpt lat="39.767007" lon="2.744811">
        <ele>236</ele>
      </trkpt>
      <trkpt lat="39.767029" lon="2.744802">
        <ele>236.25</ele>
      </trkpt>
      <trkpt lat="39.767031" lon="2.744825">
        <ele>237</ele>
      </trkpt>
      <trkpt lat="39.766954" lon="2.745062">
        <ele>241.75</ele>
      </trkpt>
      <trkpt lat="39.766826" lon="2.745173">
        <ele>241</ele>
      </trkpt>
      <trkpt lat="39.766837" lon="2.745188">
        <ele>241.75</ele>
      </trkpt>
      <trkpt lat="39.766873" lon="2.745171">
        <ele>242.5</ele>
      </trkpt>
      <trkpt lat="39.766949" lon="2.745167">
        <ele>245</ele>
      </trkpt>
      <trkpt lat="39.767033" lon="2.745101">
        <ele>245.75</ele>
      </trkpt>
      <trkpt lat="39.767044" lon="2.745122">
        <ele>247</ele>
      </trkpt>
      <trkpt lat="39.767017" lon="2.745173">
        <ele>247.75</ele>
      </trkpt>
      <trkpt lat="39.766863" lon="2.745343">
        <ele>248</ele>
      </trkpt>
      <trkpt lat="39.766867" lon="2.745354">
        <ele>248.5</ele>
      </trkpt>
      <trkpt lat="39.767032" lon="2.745294">
        <ele>252.5</ele>
      </trkpt>
      <trkpt lat="39.767083" lon="2.745252">
        <ele>253</ele>
      </trkpt>
      <trkpt lat="39.76707" lon="2.745286">
        <ele>253.75</ele>
      </trkpt>
      <trkpt lat="39.766998" lon="2.745362">
        <ele>253.75</ele>
      </trkpt>
      <trkpt lat="39.766928" lon="2.745454">
        <ele>254.25</ele>
      </trkpt>
      <trkpt lat="39.766843" lon="2.745525">
        <ele>253.25</ele>
      </trkpt>
      <trkpt lat="39.766759" lon="2.745568">
        <ele>251.25</ele>
      </trkpt>
      <trkpt lat="39.766694" lon="2.745626">
        <ele>250.5</ele>
      </trkpt>
      <trkpt lat="39.766624" lon="2.745707">
        <ele>253.75</ele>
      </trkpt>
      <trkpt lat="39.766592" lon="2.745939">
        <ele>260.5</ele>
      </trkpt>
      <trkpt lat="39.76661" lon="2.745991">
        <ele>260.75</ele>
      </trkpt>
      <trkpt lat="39.76662" lon="2.74606">
        <ele>261.5</ele>
      </trkpt>
      <trkpt lat="39.766729" lon="2.746301">
        <ele>265.25</ele>
      </trkpt>
      <trkpt lat="39.766765" lon="2.746631">
        <ele>271.75</ele>
      </trkpt>
      <trkpt lat="39.766768" lon="2.746745">
        <ele>274.75</ele>
      </trkpt>
      <trkpt lat="39.766785" lon="2.746808">
        <ele>277.5</ele>
      </trkpt>
      <trkpt lat="39.76679" lon="2.746889">
        <ele>280.5</ele>
      </trkpt>
      <trkpt lat="39.766801" lon="2.746942">
        <ele>282.75</ele>
      </trkpt>
      <trkpt lat="39.767001" lon="2.747147">
        <ele>301.25</ele>
      </trkpt>
      <trkpt lat="39.767024" lon="2.747201">
        <ele>304.75</ele>
      </trkpt>
      <trkpt lat="39.76719" lon="2.747344">
        <ele>321.5</ele>
      </trkpt>
      <trkpt lat="39.767202" lon="2.74742">
        <ele>325.75</ele>
      </trkpt>
      <trkpt lat="39.76712" lon="2.747546">
        <ele>323.5</ele>
      </trkpt>
      <trkpt lat="39.767128" lon="2.747595">
        <ele>323.75</ele>
      </trkpt>
      <trkpt lat="39.767211" lon="2.747609">
        <ele>328.75</ele>
      </trkpt>
      <trkpt lat="39.767211" lon="2.747793">
        <ele>326.75</ele>
      </trkpt>
      <trkpt lat="39.767253" lon="2.747986">
        <ele>325.75</ele>
      </trkpt>
      <trkpt lat="39.767281" lon="2.748164">
        <ele>323.25</ele>
      </trkpt>
      <trkpt lat="39.767296" lon="2.748334">
        <ele>320</ele>
      </trkpt>
      <trkpt lat="39.767339" lon="2.748466">
        <ele>326.25</ele>
      </trkpt>
      <trkpt lat="39.767341" lon="2.748521">
        <ele>329</ele>
      </trkpt>
      <trkpt lat="39.767324" lon="2.748671">
        <ele>336.25</ele>
      </trkpt>
      <trkpt lat="39.767313" lon="2.748717">
        <ele>339.25</ele>
      </trkpt>
      <trkpt lat="39.767313" lon="2.748717">
        <ele>338.25</ele>
      </trkpt>
      <trkpt lat="39.767309" lon="2.748736">
        <ele>339.25</ele>
      </trkpt>
      <trkpt lat="39.767283" lon="2.748799">
        <ele>341.5</ele>
      </trkpt>
      <trkpt lat="39.767214" lon="2.748864">
        <ele>342.25</ele>
      </trkpt>
      <trkpt lat="39.76718" lon="2.748889">
        <ele>342</ele>
      </trkpt>
      <trkpt lat="39.767142" lon="2.748904">
        <ele>341.25</ele>
      </trkpt>
      <trkpt lat="39.767089" lon="2.74891">
        <ele>339.5</ele>
      </trkpt>
      <trkpt lat="39.767035" lon="2.748903">
        <ele>337.5</ele>
      </trkpt>
      <trkpt lat="39.766854" lon="2.74879">
        <ele>329.75</ele>
      </trkpt>
      <trkpt lat="39.76666" lon="2.748799">
        <ele>325</ele>
      </trkpt>
      <trkpt lat="39.766588" lon="2.748846">
        <ele>329.25</ele>
      </trkpt>
      <trkpt lat="39.76655" lon="2.748913">
        <ele>331</ele>
      </trkpt>
      <trkpt lat="39.766523" lon="2.749077">
        <ele>331</ele>
      </trkpt>
      <trkpt lat="39.766518" lon="2.749142">
        <ele>330.75</ele>
      </trkpt>
      <trkpt lat="39.766472" lon="2.749202">
        <ele>333</ele>
      </trkpt>
      <trkpt lat="39.76644" lon="2.749224">
        <ele>334.75</ele>
      </trkpt>
      <trkpt lat="39.766436" lon="2.749312">
        <ele>335</ele>
      </trkpt>
      <trkpt lat="39.766488" lon="2.749428">
        <ele>333.25</ele>
      </trkpt>
      <trkpt lat="39.766538" lon="2.749634">
        <ele>332.5</ele>
      </trkpt>
      <trkpt lat="39.766531" lon="2.749737">
        <ele>333.5</ele>
      </trkpt>
      <trkpt lat="39.766502" lon="2.74979">
        <ele>334.5</ele>
      </trkpt>
      <trkpt lat="39.766357" lon="2.749976">
        <ele>337.75</ele>
      </trkpt>
      <trkpt lat="39.766302" lon="2.749996">
        <ele>338.5</ele>
      </trkpt>
      <trkpt lat="39.766221" lon="2.750128">
        <ele>341</ele>
      </trkpt>
      <trkpt lat="39.766236" lon="2.750183">
        <ele>341.5</ele>
      </trkpt>
      <trkpt lat="39.766248" lon="2.750239">
        <ele>342</ele>
      </trkpt>
      <trkpt lat="39.766231" lon="2.750296">
        <ele>342.75</ele>
      </trkpt>
      <trkpt lat="39.766134" lon="2.750371">
        <ele>344</ele>
      </trkpt>
      <trkpt lat="39.766096" lon="2.750552">
        <ele>345.25</ele>
      </trkpt>
      <trkpt lat="39.766134" lon="2.750602">
        <ele>345.75</ele>
      </trkpt>
      <trkpt lat="39.766178" lon="2.750626">
        <ele>346</ele>
      </trkpt>
      <trkpt lat="39.766149" lon="2.750697">
        <ele>346.5</ele>
      </trkpt>
      <trkpt lat="39.766168" lon="2.750733">
        <ele>346.75</ele>
      </trkpt>
      <trkpt lat="39.766278" lon="2.750833">
        <ele>348.5</ele>
      </trkpt>
      <trkpt lat="39.766355" lon="2.750861">
        <ele>349.5</ele>
      </trkpt>
      <trkpt lat="39.766339" lon="2.750916">
        <ele>350</ele>
      </trkpt>
      <trkpt lat="39.766348" lon="2.750973">
        <ele>350.75</ele>
      </trkpt>
      <trkpt lat="39.76639" lon="2.750959">
        <ele>351</ele>
      </trkpt>
      <trkpt lat="39.766432" lon="2.750974">
        <ele>351.75</ele>
      </trkpt>
      <trkpt lat="39.766454" lon="2.751049">
        <ele>352.75</ele>
      </trkpt>
      <trkpt lat="39.766421" lon="2.751107">
        <ele>353.25</ele>
      </trkpt>
      <trkpt lat="39.766357" lon="2.751198">
        <ele>353.5</ele>
      </trkpt>
      <trkpt lat="39.766275" lon="2.751286">
        <ele>353.5</ele>
      </trkpt>
      <trkpt lat="39.766289" lon="2.751397">
        <ele>355</ele>
      </trkpt>
      <trkpt lat="39.766278" lon="2.751516">
        <ele>356.25</ele>
      </trkpt>
      <trkpt lat="39.766243" lon="2.751611">
        <ele>356.75</ele>
      </trkpt>
      <trkpt lat="39.766214" lon="2.751701">
        <ele>357.5</ele>
      </trkpt>
      <trkpt lat="39.766326" lon="2.751804">
        <ele>361.5</ele>
      </trkpt>
      <trkpt lat="39.766272" lon="2.751892">
        <ele>362.5</ele>
      </trkpt>
      <trkpt lat="39.766289" lon="2.751917">
        <ele>363.25</ele>
      </trkpt>
      <trkpt lat="39.766325" lon="2.751924">
        <ele>364</ele>
      </trkpt>
      <trkpt lat="39.766337" lon="2.751943">
        <ele>364.75</ele>
      </trkpt>
      <trkpt lat="39.766328" lon="2.751958">
        <ele>364.75</ele>
      </trkpt>
      <trkpt lat="39.766323" lon="2.752043">
        <ele>366.5</ele>
      </trkpt>
      <trkpt lat="39.766276" lon="2.752214">
        <ele>369.25</ele>
      </trkpt>
      <trkpt lat="39.766212" lon="2.752329">
        <ele>370</ele>
      </trkpt>
      <trkpt lat="39.766114" lon="2.752399">
        <ele>368.75</ele>
      </trkpt>
      <trkpt lat="39.766036" lon="2.752432">
        <ele>367.25</ele>
      </trkpt>
      <trkpt lat="39.766007" lon="2.75247">
        <ele>367.25</ele>
      </trkpt>
      <trkpt lat="39.765985" lon="2.752543">
        <ele>368</ele>
      </trkpt>
      <trkpt lat="39.765939" lon="2.752631">
        <ele>369</ele>
      </trkpt>
      <trkpt lat="39.76581" lon="2.752778">
        <ele>370</ele>
      </trkpt>
      <trkpt lat="39.765792" lon="2.752826">
        <ele>371.5</ele>
      </trkpt>
      <trkpt lat="39.765765" lon="2.752875">
        <ele>373</ele>
      </trkpt>
      <trkpt lat="39.765729" lon="2.7529">
        <ele>374</ele>
      </trkpt>
      <trkpt lat="39.765684" lon="2.75291">
        <ele>374.5</ele>
      </trkpt>
      <trkpt lat="39.765385" lon="2.752892">
        <ele>377</ele>
      </trkpt>
      <trkpt lat="39.765243" lon="2.75307">
        <ele>381.75</ele>
      </trkpt>
      <trkpt lat="39.765163" lon="2.753088">
        <ele>382.5</ele>
      </trkpt>
      <trkpt lat="39.765032" lon="2.753099">
        <ele>383.75</ele>
      </trkpt>
      <trkpt lat="39.764976" lon="2.753178">
        <ele>385.75</ele>
      </trkpt>
      <trkpt lat="39.764921" lon="2.753199">
        <ele>386.75</ele>
      </trkpt>
      <trkpt lat="39.764745" lon="2.753314">
        <ele>391</ele>
      </trkpt>
      <trkpt lat="39.76447" lon="2.753342">
        <ele>395.25</ele>
      </trkpt>
      <trkpt lat="39.764301" lon="2.753306">
        <ele>397</ele>
      </trkpt>
      <trkpt lat="39.764101" lon="2.753302">
        <ele>402.5</ele>
      </trkpt>
      <trkpt lat="39.764115" lon="2.753339">
        <ele>402</ele>
      </trkpt>
      <trkpt lat="39.764247" lon="2.753429">
        <ele>403</ele>
      </trkpt>
      <trkpt lat="39.764325" lon="2.753529">
        <ele>407.25</ele>
      </trkpt>
      <trkpt lat="39.764391" lon="2.753649">
        <ele>413.75</ele>
      </trkpt>
      <trkpt lat="39.764391" lon="2.753647">
        <ele>412.25</ele>
      </trkpt>
      <trkpt lat="39.764408" lon="2.753678">
        <ele>413.75</ele>
      </trkpt>
      <trkpt lat="39.764498" lon="2.753769">
        <ele>417</ele>
      </trkpt>
      <trkpt lat="39.764594" lon="2.753822">
        <ele>418</ele>
      </trkpt>
      <trkpt lat="39.764646" lon="2.753811">
        <ele>416.75</ele>
      </trkpt>
      <trkpt lat="39.764713" lon="2.753771">
        <ele>413.5</ele>
      </trkpt>
      <trkpt lat="39.764808" lon="2.753783">
        <ele>412.5</ele>
      </trkpt>
      <trkpt lat="39.765047" lon="2.753935">
        <ele>416</ele>
      </trkpt>
      <trkpt lat="39.765209" lon="2.754129">
        <ele>422.25</ele>
      </trkpt>
      <trkpt lat="39.765402" lon="2.754333">
        <ele>429</ele>
      </trkpt>
      <trkpt lat="39.765397" lon="2.754348">
        <ele>430</ele>
      </trkpt>
      <trkpt lat="39.76531" lon="2.754348">
        <ele>431.75</ele>
      </trkpt>
      <trkpt lat="39.765375" lon="2.754425">
        <ele>434.5</ele>
      </trkpt>
      <trkpt lat="39.765284" lon="2.754462">
        <ele>438.5</ele>
      </trkpt>
      <trkpt lat="39.765425" lon="2.754628">
        <ele>444.25</ele>
      </trkpt>
      <trkpt lat="39.765346" lon="2.754666">
        <ele>448.25</ele>
      </trkpt>
      <trkpt lat="39.765281" lon="2.754668">
        <ele>450</ele>
      </trkpt>
      <trkpt lat="39.765176" lon="2.754595">
        <ele>448.5</ele>
      </trkpt>
      <trkpt lat="39.765159" lon="2.754608">
        <ele>449.5</ele>
      </trkpt>
      <trkpt lat="39.765263" lon="2.754825">
        <ele>459</ele>
      </trkpt>
      <trkpt lat="39.765423" lon="2.755003">
        <ele>464.25</ele>
      </trkpt>
      <trkpt lat="39.765486" lon="2.755107">
        <ele>468.25</ele>
      </trkpt>
      <trkpt lat="39.765416" lon="2.755127">
        <ele>471.5</ele>
      </trkpt>
      <trkpt lat="39.765221" lon="2.755139">
        <ele>478.25</ele>
      </trkpt>
      <trkpt lat="39.76535" lon="2.755278">
        <ele>482.25</ele>
      </trkpt>
      <trkpt lat="39.765238" lon="2.755297">
        <ele>487.25</ele>
      </trkpt>
      <trkpt lat="39.765256" lon="2.755379">
        <ele>491.5</ele>
      </trkpt>
      <trkpt lat="39.765231" lon="2.75541">
        <ele>494.25</ele>
      </trkpt>
      <trkpt lat="39.765245" lon="2.755475">
        <ele>497.5</ele>
      </trkpt>
      <trkpt lat="39.765354" lon="2.755544">
        <ele>497.25</ele>
      </trkpt>
      <trkpt lat="39.765421" lon="2.755624">
        <ele>499</ele>
      </trkpt>
      <trkpt lat="39.765667" lon="2.755699">
        <ele>492.25</ele>
      </trkpt>
      <trkpt lat="39.765886" lon="2.755795">
        <ele>488.75</ele>
      </trkpt>
      <trkpt lat="39.765981" lon="2.755861">
        <ele>493</ele>
      </trkpt>
      <trkpt lat="39.766062" lon="2.755848">
        <ele>490.5</ele>
      </trkpt>
      <trkpt lat="39.766096" lon="2.755855">
        <ele>491</ele>
      </trkpt>
      <trkpt lat="39.766034" lon="2.755932">
        <ele>501.25</ele>
      </trkpt>
      <trkpt lat="39.765932" lon="2.755996">
        <ele>512.5</ele>
      </trkpt>
      <trkpt lat="39.765816" lon="2.75603">
        <ele>521.5</ele>
      </trkpt>
      <trkpt lat="39.765796" lon="2.756032">
        <ele>531</ele>
      </trkpt>
      <trkpt lat="39.765796" lon="2.756032">
        <ele>522.5</ele>
      </trkpt>
      <trkpt lat="39.765631" lon="2.756052">
        <ele>531</ele>
      </trkpt>
      <trkpt lat="39.765758" lon="2.756143">
        <ele>540.25</ele>
      </trkpt>
      <trkpt lat="39.765595" lon="2.756212">
        <ele>554.25</ele>
      </trkpt>
      <trkpt lat="39.765557" lon="2.756284">
        <ele>564.75</ele>
      </trkpt>
      <trkpt lat="39.765562" lon="2.756385">
        <ele>578.25</ele>
      </trkpt>
      <trkpt lat="39.765519" lon="2.756447">
        <ele>587</ele>
      </trkpt>
      <trkpt lat="39.765474" lon="2.756431">
        <ele>585.25</ele>
      </trkpt>
      <trkpt lat="39.765454" lon="2.75638">
        <ele>579</ele>
      </trkpt>
      <trkpt lat="39.765435" lon="2.756245">
        <ele>562</ele>
      </trkpt>
      <trkpt lat="39.765294" lon="2.756083">
        <ele>546</ele>
      </trkpt>
      <trkpt lat="39.765305" lon="2.756244">
        <ele>564.75</ele>
      </trkpt>
      <trkpt lat="39.765181" lon="2.756043">
        <ele>545.25</ele>
      </trkpt>
      <trkpt lat="39.765155" lon="2.755898">
        <ele>530.5</ele>
      </trkpt>
      <trkpt lat="39.765117" lon="2.755853">
        <ele>527.25</ele>
      </trkpt>
      <trkpt lat="39.765008" lon="2.755758">
        <ele>525.5</ele>
      </trkpt>
      <trkpt lat="39.76493" lon="2.755717">
        <ele>525.5</ele>
      </trkpt>
      <trkpt lat="39.764815" lon="2.755819">
        <ele>536.25</ele>
      </trkpt>
      <trkpt lat="39.76474" lon="2.755835">
        <ele>539.75</ele>
      </trkpt>
      <trkpt lat="39.764597" lon="2.755801">
        <ele>542.25</ele>
      </trkpt>
      <trkpt lat="39.764539" lon="2.755773">
        <ele>542.25</ele>
      </trkpt>
      <trkpt lat="39.764439" lon="2.755748">
        <ele>544</ele>
      </trkpt>
      <trkpt lat="39.764333" lon="2.75564">
        <ele>540.25</ele>
      </trkpt>
      <trkpt lat="39.764265" lon="2.755524">
        <ele>534.75</ele>
      </trkpt>
      <trkpt lat="39.764224" lon="2.75551">
        <ele>535.25</ele>
      </trkpt>
      <trkpt lat="39.764176" lon="2.755532">
        <ele>538.25</ele>
      </trkpt>
      <trkpt lat="39.764059" lon="2.755718">
        <ele>557</ele>
      </trkpt>
      <trkpt lat="39.764022" lon="2.755758">
        <ele>561.75</ele>
      </trkpt>
      <trkpt lat="39.763913" lon="2.755833">
        <ele>572.5</ele>
      </trkpt>
      <trkpt lat="39.763865" lon="2.755851">
        <ele>578.25</ele>
      </trkpt>
      <trkpt lat="39.763866" lon="2.755886">
        <ele>584.75</ele>
      </trkpt>
      <trkpt lat="39.763906" lon="2.755907">
        <ele>586.75</ele>
      </trkpt>
      <trkpt lat="39.763915" lon="2.755952">
        <ele>594.75</ele>
      </trkpt>
      <trkpt lat="39.76389" lon="2.755962">
        <ele>597.5</ele>
      </trkpt>
      <trkpt lat="39.763786" lon="2.755952">
        <ele>600</ele>
      </trkpt>
      <trkpt lat="39.763671" lon="2.755877">
        <ele>592.75</ele>
      </trkpt>
      <trkpt lat="39.763608" lon="2.755774">
        <ele>585.5</ele>
      </trkpt>
      <trkpt lat="39.763589" lon="2.75577">
        <ele>586.25</ele>
      </trkpt>
      <trkpt lat="39.763609" lon="2.755846">
        <ele>591</ele>
      </trkpt>
      <trkpt lat="39.763605" lon="2.755873">
        <ele>595.25</ele>
      </trkpt>
      <trkpt lat="39.763531" lon="2.755817">
        <ele>592.25</ele>
      </trkpt>
      <trkpt lat="39.763507" lon="2.755782">
        <ele>591.5</ele>
      </trkpt>
      <trkpt lat="39.763492" lon="2.755699">
        <ele>587.25</ele>
      </trkpt>
      <trkpt lat="39.763478" lon="2.755682">
        <ele>587</ele>
      </trkpt>
      <trkpt lat="39.763469" lon="2.755697">
        <ele>588.5</ele>
      </trkpt>
      <trkpt lat="39.763454" lon="2.755768">
        <ele>593.5</ele>
      </trkpt>
      <trkpt lat="39.763443" lon="2.75576">
        <ele>593.75</ele>
      </trkpt>
      <trkpt lat="39.763408" lon="2.755669">
        <ele>590.25</ele>
      </trkpt>
      <trkpt lat="39.763339" lon="2.75556">
        <ele>587.75</ele>
      </trkpt>
      <trkpt lat="39.763274" lon="2.755517">
        <ele>586</ele>
      </trkpt>
      <trkpt lat="39.763262" lon="2.755526">
        <ele>586.75</ele>
      </trkpt>
      <trkpt lat="39.763262" lon="2.755541">
        <ele>587.5</ele>
      </trkpt>
      <trkpt lat="39.763296" lon="2.755577">
        <ele>589.5</ele>
      </trkpt>
      <trkpt lat="39.763287" lon="2.755591">
        <ele>590.25</ele>
      </trkpt>
      <trkpt lat="39.763266" lon="2.755598">
        <ele>590.75</ele>
      </trkpt>
      <trkpt lat="39.763168" lon="2.755553">
        <ele>589</ele>
      </trkpt>
      <trkpt lat="39.762996" lon="2.755365">
        <ele>579</ele>
      </trkpt>
      <trkpt lat="39.762958" lon="2.75539">
        <ele>580.75</ele>
      </trkpt>
      <trkpt lat="39.762927" lon="2.755377">
        <ele>580.25</ele>
      </trkpt>
      <trkpt lat="39.762896" lon="2.755349">
        <ele>578.75</ele>
      </trkpt>
      <trkpt lat="39.762851" lon="2.755348">
        <ele>579</ele>
      </trkpt>
      <trkpt lat="39.762831" lon="2.755395">
        <ele>582</ele>
      </trkpt>
      <trkpt lat="39.762841" lon="2.755429">
        <ele>583.75</ele>
      </trkpt>
      <trkpt lat="39.762892" lon="2.755482">
        <ele>586.75</ele>
      </trkpt>
      <trkpt lat="39.762809" lon="2.755589">
        <ele>593.75</ele>
      </trkpt>
      <trkpt lat="39.762796" lon="2.755618">
        <ele>595.5</ele>
      </trkpt>
      <trkpt lat="39.762905" lon="2.755663">
        <ele>597.25</ele>
      </trkpt>
      <trkpt lat="39.762901" lon="2.755687">
        <ele>598.75</ele>
      </trkpt>
      <trkpt lat="39.762791" lon="2.755763">
        <ele>604.25</ele>
      </trkpt>
      <trkpt lat="39.762721" lon="2.75586">
        <ele>611.25</ele>
      </trkpt>
      <trkpt lat="39.762589" lon="2.755937">
        <ele>617.5</ele>
      </trkpt>
      <trkpt lat="39.762524" lon="2.755927">
        <ele>617</ele>
      </trkpt>
      <trkpt lat="39.762476" lon="2.755859">
        <ele>613.25</ele>
      </trkpt>
      <trkpt lat="39.762462" lon="2.75588">
        <ele>615</ele>
      </trkpt>
      <trkpt lat="39.762465" lon="2.755956">
        <ele>619.75</ele>
      </trkpt>
      <trkpt lat="39.762543" lon="2.756071">
        <ele>626.75</ele>
      </trkpt>
      <trkpt lat="39.762592" lon="2.75609">
        <ele>628.5</ele>
      </trkpt>
      <trkpt lat="39.762723" lon="2.756115">
        <ele>631.75</ele>
      </trkpt>
      <trkpt lat="39.762737" lon="2.756132">
        <ele>633.25</ele>
      </trkpt>
      <trkpt lat="39.762721" lon="2.756149">
        <ele>634.5</ele>
      </trkpt>
      <trkpt lat="39.762614" lon="2.756204">
        <ele>637</ele>
      </trkpt>
      <trkpt lat="39.762507" lon="2.75616">
        <ele>632.25</ele>
      </trkpt>
      <trkpt lat="39.762465" lon="2.756176">
        <ele>634</ele>
      </trkpt>
      <trkpt lat="39.762413" lon="2.756248">
        <ele>640.25</ele>
      </trkpt>
      <trkpt lat="39.76241" lon="2.756314">
        <ele>644.5</ele>
      </trkpt>
      <trkpt lat="39.762419" lon="2.756403">
        <ele>650</ele>
      </trkpt>
      <trkpt lat="39.762472" lon="2.756539">
        <ele>657.5</ele>
      </trkpt>
      <trkpt lat="39.762534" lon="2.756751">
        <ele>675.5</ele>
      </trkpt>
      <trkpt lat="39.762484" lon="2.756815">
        <ele>681.25</ele>
      </trkpt>
      <trkpt lat="39.762397" lon="2.75687">
        <ele>689.25</ele>
      </trkpt>
      <trkpt lat="39.762323" lon="2.75689">
        <ele>693.25</ele>
      </trkpt>
      <trkpt lat="39.762144" lon="2.75691">
        <ele>699.75</ele>
      </trkpt>
      <trkpt lat="39.762129" lon="2.756906">
        <ele>699.75</ele>
      </trkpt>
      <trkpt lat="39.762064" lon="2.756836">
        <ele>694.25</ele>
      </trkpt>
      <trkpt lat="39.762037" lon="2.756757">
        <ele>686.75</ele>
      </trkpt>
      <trkpt lat="39.76199" lon="2.756658">
        <ele>678.5</ele>
      </trkpt>
      <trkpt lat="39.761789" lon="2.756329">
        <ele>663</ele>
      </trkpt>
      <trkpt lat="39.761733" lon="2.756248">
        <ele>659.5</ele>
      </trkpt>
      <trkpt lat="39.7616" lon="2.75617">
        <ele>657.75</ele>
      </trkpt>
      <trkpt lat="39.761494" lon="2.756126">
        <ele>657.5</ele>
      </trkpt>
      <trkpt lat="39.76138" lon="2.756004">
        <ele>652.75</ele>
      </trkpt>
      <trkpt lat="39.761196" lon="2.755926">
        <ele>652.75</ele>
      </trkpt>
      <trkpt lat="39.761068" lon="2.756045">
        <ele>662.5</ele>
      </trkpt>
      <trkpt lat="39.760955" lon="2.756113">
        <ele>668.75</ele>
      </trkpt>
      <trkpt lat="39.760845" lon="2.756152">
        <ele>673.5</ele>
      </trkpt>
      <trkpt lat="39.760735" lon="2.756177">
        <ele>676.25</ele>
      </trkpt>
      <trkpt lat="39.760644" lon="2.756162">
        <ele>676.75</ele>
      </trkpt>
      <trkpt lat="39.760559" lon="2.756137">
        <ele>676.5</ele>
      </trkpt>
      <trkpt lat="39.760218" lon="2.755939">
        <ele>673.5</ele>
      </trkpt>
      <trkpt lat="39.760165" lon="2.755932">
        <ele>674.25</ele>
      </trkpt>
      <trkpt lat="39.75985" lon="2.75592">
        <ele>678.5</ele>
      </trkpt>
      <trkpt lat="39.75972" lon="2.755999">
        <ele>681.75</ele>
      </trkpt>
      <trkpt lat="39.759636" lon="2.756011">
        <ele>682.75</ele>
      </trkpt>
      <trkpt lat="39.759589" lon="2.756008">
        <ele>683.25</ele>
      </trkpt>
      <trkpt lat="39.759491" lon="2.755975">
        <ele>683.5</ele>
      </trkpt>
      <trkpt lat="39.759418" lon="2.755972">
        <ele>684.25</ele>
      </trkpt>
      <trkpt lat="39.759367" lon="2.756002">
        <ele>685</ele>
      </trkpt>
      <trkpt lat="39.759279" lon="2.756038">
        <ele>686</ele>
      </trkpt>
      <trkpt lat="39.759146" lon="2.756023">
        <ele>686.75</ele>
      </trkpt>
      <trkpt lat="39.759052" lon="2.756044">
        <ele>686.75</ele>
      </trkpt>
      <trkpt lat="39.759011" lon="2.756072">
        <ele>686.75</ele>
      </trkpt>
      <trkpt lat="39.758997" lon="2.756121">
        <ele>687</ele>
      </trkpt>
      <trkpt lat="39.75901" lon="2.756175">
        <ele>687.25</ele>
      </trkpt>
      <trkpt lat="39.759045" lon="2.7562">
        <ele>687.5</ele>
      </trkpt>
      <trkpt lat="39.759093" lon="2.756159">
        <ele>687.25</ele>
      </trkpt>
      <trkpt lat="39.759138" lon="2.756169">
        <ele>687.5</ele>
      </trkpt>
      <trkpt lat="39.759202" lon="2.756211">
        <ele>688</ele>
      </trkpt>
      <trkpt lat="39.759201" lon="2.756211">
        <ele>687.5</ele>
      </trkpt>
      <trkpt lat="39.75927" lon="2.756257">
        <ele>688</ele>
      </trkpt>
      <trkpt lat="39.759381" lon="2.756356">
        <ele>689.25</ele>
      </trkpt>
      <trkpt lat="39.759511" lon="2.756536">
        <ele>692.75</ele>
      </trkpt>
      <trkpt lat="39.759581" lon="2.756594">
        <ele>694.5</ele>
      </trkpt>
      <trkpt lat="39.75977" lon="2.756707">
        <ele>699</ele>
      </trkpt>
      <trkpt lat="39.759885" lon="2.756699">
        <ele>700.5</ele>
      </trkpt>
      <trkpt lat="39.759984" lon="2.756663">
        <ele>701.5</ele>
      </trkpt>
      <trkpt lat="39.760017" lon="2.756664">
        <ele>701.75</ele>
      </trkpt>
      <trkpt lat="39.760064" lon="2.756652">
        <ele>701.25</ele>
      </trkpt>
      <trkpt lat="39.760084" lon="2.756667">
        <ele>701.75</ele>
      </trkpt>
      <trkpt lat="39.760122" lon="2.756772">
        <ele>703.5</ele>
      </trkpt>
      <trkpt lat="39.760133" lon="2.756862">
        <ele>705.25</ele>
      </trkpt>
      <trkpt lat="39.760204" lon="2.757156">
        <ele>711.75</ele>
      </trkpt>
      <trkpt lat="39.76024" lon="2.757524">
        <ele>720</ele>
      </trkpt>
      <trkpt lat="39.760489" lon="2.758379">
        <ele>735</ele>
      </trkpt>
      <trkpt lat="39.760662" lon="2.758674">
        <ele>741</ele>
      </trkpt>
      <trkpt lat="39.760772" lon="2.75878">
        <ele>744.5</ele>
      </trkpt>
      <trkpt lat="39.76083" lon="2.758868">
        <ele>745.75</ele>
      </trkpt>
      <trkpt lat="39.760895" lon="2.759015">
        <ele>747.25</ele>
      </trkpt>
      <trkpt lat="39.761011" lon="2.759175">
        <ele>749.75</ele>
      </trkpt>
      <trkpt lat="39.761015" lon="2.759272">
        <ele>751</ele>
      </trkpt>
      <trkpt lat="39.761002" lon="2.759337">
        <ele>751.5</ele>
      </trkpt>
      <trkpt lat="39.760948" lon="2.759404">
        <ele>751</ele>
      </trkpt>
      <trkpt lat="39.760879" lon="2.759451">
        <ele>749.75</ele>
      </trkpt>
      <trkpt lat="39.760784" lon="2.75948">
        <ele>748</ele>
      </trkpt>
      <trkpt lat="39.760743" lon="2.759504">
        <ele>747.25</ele>
      </trkpt>
      <trkpt lat="39.760721" lon="2.759553">
        <ele>747.5</ele>
      </trkpt>
      <trkpt lat="39.760737" lon="2.759595">
        <ele>748.5</ele>
      </trkpt>
      <trkpt lat="39.760912" lon="2.759637">
        <ele>753.25</ele>
      </trkpt>
      <trkpt lat="39.760883" lon="2.759679">
        <ele>753</ele>
      </trkpt>
      <trkpt lat="39.760802" lon="2.759767">
        <ele>752.25</ele>
      </trkpt>
      <trkpt lat="39.760814" lon="2.759856">
        <ele>753.5</ele>
      </trkpt>
      <trkpt lat="39.760923" lon="2.759907">
        <ele>757</ele>
      </trkpt>
      <trkpt lat="39.761147" lon="2.759946">
        <ele>763.5</ele>
      </trkpt>
      <trkpt lat="39.761422" lon="2.759891">
        <ele>770</ele>
      </trkpt>
      <trkpt lat="39.76144" lon="2.759983">
        <ele>771.75</ele>
      </trkpt>
      <trkpt lat="39.761729" lon="2.759834">
        <ele>777.25</ele>
      </trkpt>
      <trkpt lat="39.761938" lon="2.759862">
        <ele>782.75</ele>
      </trkpt>
      <trkpt lat="39.762189" lon="2.760106">
        <ele>791</ele>
      </trkpt>
      <trkpt lat="39.762401" lon="2.760373">
        <ele>798.5</ele>
      </trkpt>
      <trkpt lat="39.762373" lon="2.760475">
        <ele>799.5</ele>
      </trkpt>
      <trkpt lat="39.762411" lon="2.760529">
        <ele>800.75</ele>
      </trkpt>
      <trkpt lat="39.762392" lon="2.760685">
        <ele>802.5</ele>
      </trkpt>
      <trkpt lat="39.762693" lon="2.760847">
        <ele>808.5</ele>
      </trkpt>
      <trkpt lat="39.762847" lon="2.760939">
        <ele>812.75</ele>
      </trkpt>
      <trkpt lat="39.762938" lon="2.761034">
        <ele>816</ele>
      </trkpt>
      <trkpt lat="39.762907" lon="2.7611">
        <ele>816.75</ele>
      </trkpt>
      <trkpt lat="39.762948" lon="2.761147">
        <ele>818</ele>
      </trkpt>
      <trkpt lat="39.763069" lon="2.761238">
        <ele>821</ele>
      </trkpt>
      <trkpt lat="39.763066" lon="2.761292">
        <ele>821.75</ele>
      </trkpt>
      <trkpt lat="39.763019" lon="2.76129">
        <ele>821.25</ele>
      </trkpt>
      <trkpt lat="39.762977" lon="2.761313">
        <ele>821.25</ele>
      </trkpt>
      <trkpt lat="39.763001" lon="2.761351">
        <ele>822.25</ele>
      </trkpt>
      <trkpt lat="39.763123" lon="2.761418">
        <ele>824.25</ele>
      </trkpt>
      <trkpt lat="39.763303" lon="2.761395">
        <ele>825.25</ele>
      </trkpt>
      <trkpt lat="39.763625" lon="2.761621">
        <ele>835.5</ele>
      </trkpt>
      <trkpt lat="39.763614" lon="2.76173">
        <ele>836.5</ele>
      </trkpt>
      <trkpt lat="39.763721" lon="2.761759">
        <ele>839.25</ele>
      </trkpt>
      <trkpt lat="39.764043" lon="2.761772">
        <ele>846</ele>
      </trkpt>
      <trkpt lat="39.764169" lon="2.761743">
        <ele>848.5</ele>
      </trkpt>
      <trkpt lat="39.764424" lon="2.761873">
        <ele>853.5</ele>
      </trkpt>
      <trkpt lat="39.764534" lon="2.761877">
        <ele>855.5</ele>
      </trkpt>
      <trkpt lat="39.764627" lon="2.762047">
        <ele>858</ele>
      </trkpt>
      <trkpt lat="39.764654" lon="2.762113">
        <ele>859</ele>
      </trkpt>
      <trkpt lat="39.764873" lon="2.761993">
        <ele>861.75</ele>
      </trkpt>
      <trkpt lat="39.764907" lon="2.762067">
        <ele>862.75</ele>
      </trkpt>
      <trkpt lat="39.764878" lon="2.762121">
        <ele>862.75</ele>
      </trkpt>
      <trkpt lat="39.764906" lon="2.762118">
        <ele>863</ele>
      </trkpt>
      <trkpt lat="39.764925" lon="2.762142">
        <ele>863.5</ele>
      </trkpt>
      <trkpt lat="39.76493" lon="2.762215">
        <ele>864</ele>
      </trkpt>
      <trkpt lat="39.764917" lon="2.762252">
        <ele>864</ele>
      </trkpt>
      <trkpt lat="39.76486" lon="2.762328">
        <ele>863.5</ele>
      </trkpt>
      <trkpt lat="39.764816" lon="2.762432">
        <ele>863.5</ele>
      </trkpt>
      <trkpt lat="39.764842" lon="2.762454">
        <ele>864</ele>
      </trkpt>
      <trkpt lat="39.765005" lon="2.762497">
        <ele>867</ele>
      </trkpt>
      <trkpt lat="39.765071" lon="2.762577">
        <ele>868.75</ele>
      </trkpt>
      <trkpt lat="39.765234" lon="2.762455">
        <ele>868.5</ele>
      </trkpt>
      <trkpt lat="39.765303" lon="2.762393">
        <ele>868.25</ele>
      </trkpt>
      <trkpt lat="39.765321" lon="2.762386">
        <ele>868.5</ele>
      </trkpt>
      <trkpt lat="39.765339" lon="2.762392">
        <ele>868.5</ele>
      </trkpt>
      <trkpt lat="39.765411" lon="2.762476">
        <ele>870.5</ele>
      </trkpt>
      <trkpt lat="39.765445" lon="2.762537">
        <ele>871.5</ele>
      </trkpt>
      <trkpt lat="39.765468" lon="2.762612">
        <ele>872.5</ele>
      </trkpt>
      <trkpt lat="39.765483" lon="2.762709">
        <ele>873.5</ele>
      </trkpt>
      <trkpt lat="39.765542" lon="2.762766">
        <ele>874.5</ele>
      </trkpt>
      <trkpt lat="39.765678" lon="2.762824">
        <ele>875.75</ele>
      </trkpt>
      <trkpt lat="39.76595" lon="2.76295">
        <ele>877.75</ele>
      </trkpt>
      <trkpt lat="39.76604" lon="2.763028">
        <ele>878.25</ele>
      </trkpt>
      <trkpt lat="39.766057" lon="2.763046">
        <ele>878.25</ele>
      </trkpt>
      <trkpt lat="39.766075" lon="2.763087">
        <ele>878.5</ele>
      </trkpt>
      <trkpt lat="39.766123" lon="2.763153">
        <ele>878.5</ele>
      </trkpt>
      <trkpt lat="39.766119" lon="2.763264">
        <ele>878.25</ele>
      </trkpt>
      <trkpt lat="39.766196" lon="2.763491">
        <ele>878</ele>
      </trkpt>
      <trkpt lat="39.766221" lon="2.763515">
        <ele>877.75</ele>
      </trkpt>
      <trkpt lat="39.76626" lon="2.763501">
        <ele>877.5</ele>
      </trkpt>
      <trkpt lat="39.7663" lon="2.763473">
        <ele>877.5</ele>
      </trkpt>
      <trkpt lat="39.766323" lon="2.763487">
        <ele>877.25</ele>
      </trkpt>
      <trkpt lat="39.766323" lon="2.763534">
        <ele>877</ele>
      </trkpt>
      <trkpt lat="39.766377" lon="2.763588">
        <ele>876.25</ele>
      </trkpt>
      <trkpt lat="39.766384" lon="2.763594">
        <ele>876.25</ele>
      </trkpt>
      <trkpt lat="39.766384" lon="2.763594">
        <ele>876.25</ele>
      </trkpt>
      <trkpt lat="39.766523" lon="2.763837">
        <ele>873</ele>
      </trkpt>
      <trkpt lat="39.76655" lon="2.763924">
        <ele>871.75</ele>
      </trkpt>
      <trkpt lat="39.766661" lon="2.763967">
        <ele>869.5</ele>
      </trkpt>
      <trkpt lat="39.766727" lon="2.764032">
        <ele>868.25</ele>
      </trkpt>
      <trkpt lat="39.766873" lon="2.764327">
        <ele>865</ele>
      </trkpt>
      <trkpt lat="39.766943" lon="2.764516">
        <ele>863.5</ele>
      </trkpt>
      <trkpt lat="39.767075" lon="2.764708">
        <ele>860.25</ele>
      </trkpt>
      <trkpt lat="39.767199" lon="2.764846">
        <ele>857</ele>
      </trkpt>
      <trkpt lat="39.76731" lon="2.764953">
        <ele>853.5</ele>
      </trkpt>
      <trkpt lat="39.767473" lon="2.765014">
        <ele>849.5</ele>
      </trkpt>
      <trkpt lat="39.76775" lon="2.765208">
        <ele>845.75</ele>
      </trkpt>
      <trkpt lat="39.768071" lon="2.765496">
        <ele>840</ele>
      </trkpt>
      <trkpt lat="39.768228" lon="2.76569">
        <ele>836.5</ele>
      </trkpt>
      <trkpt lat="39.768393" lon="2.76586">
        <ele>833.75</ele>
      </trkpt>
      <trkpt lat="39.768562" lon="2.766093">
        <ele>832.75</ele>
      </trkpt>
      <trkpt lat="39.768703" lon="2.766396">
        <ele>830.75</ele>
      </trkpt>
      <trkpt lat="39.768765" lon="2.766572">
        <ele>829.5</ele>
      </trkpt>
      <trkpt lat="39.76887" lon="2.766782">
        <ele>827.25</ele>
      </trkpt>
      <trkpt lat="39.769049" lon="2.767056">
        <ele>824.25</ele>
      </trkpt>
      <trkpt lat="39.769494" lon="2.767567">
        <ele>817</ele>
      </trkpt>
      <trkpt lat="39.769732" lon="2.767756">
        <ele>813</ele>
      </trkpt>
      <trkpt lat="39.769849" lon="2.767915">
        <ele>810.75</ele>
      </trkpt>
      <trkpt lat="39.769887" lon="2.768002">
        <ele>809.75</ele>
      </trkpt>
      <trkpt lat="39.769877" lon="2.768067">
        <ele>809.75</ele>
      </trkpt>
      <trkpt lat="39.769754" lon="2.768231">
        <ele>811</ele>
      </trkpt>
      <trkpt lat="39.769883" lon="2.768344">
        <ele>808.75</ele>
      </trkpt>
      <trkpt lat="39.770209" lon="2.768787">
        <ele>809.25</ele>
      </trkpt>
      <trkpt lat="39.77031" lon="2.768843">
        <ele>808.5</ele>
      </trkpt>
      <trkpt lat="39.770373" lon="2.768903">
        <ele>808</ele>
      </trkpt>
      <trkpt lat="39.770507" lon="2.769078">
        <ele>806.25</ele>
      </trkpt>
      <trkpt lat="39.770604" lon="2.769167">
        <ele>804.5</ele>
      </trkpt>
      <trkpt lat="39.770941" lon="2.769377">
        <ele>803</ele>
      </trkpt>
      <trkpt lat="39.771454" lon="2.770105">
        <ele>799</ele>
      </trkpt>
      <trkpt lat="39.771807" lon="2.770643">
        <ele>798.25</ele>
      </trkpt>
      <trkpt lat="39.771897" lon="2.770699">
        <ele>797.75</ele>
      </trkpt>
      <trkpt lat="39.772109" lon="2.770783">
        <ele>796</ele>
      </trkpt>
      <trkpt lat="39.772314" lon="2.770924">
        <ele>794.25</ele>
      </trkpt>
      <trkpt lat="39.772376" lon="2.770997">
        <ele>794.25</ele>
      </trkpt>
      <trkpt lat="39.772434" lon="2.771076">
        <ele>794</ele>
      </trkpt>
      <trkpt lat="39.772964" lon="2.771968">
        <ele>795.25</ele>
      </trkpt>
      <trkpt lat="39.773113" lon="2.77226">
        <ele>793.5</ele>
      </trkpt>
      <trkpt lat="39.773267" lon="2.772604">
        <ele>790</ele>
      </trkpt>
      <trkpt lat="39.773331" lon="2.772697">
        <ele>788.75</ele>
      </trkpt>
      <trkpt lat="39.773528" lon="2.772803">
        <ele>789.25</ele>
      </trkpt>
      <trkpt lat="39.77359" lon="2.77286">
        <ele>789.5</ele>
      </trkpt>
      <trkpt lat="39.773868" lon="2.773331">
        <ele>787</ele>
      </trkpt>
      <trkpt lat="39.774136" lon="2.773649">
        <ele>784.75</ele>
      </trkpt>
      <trkpt lat="39.774405" lon="2.773904">
        <ele>784.25</ele>
      </trkpt>
      <trkpt lat="39.774436" lon="2.773978">
        <ele>783.75</ele>
      </trkpt>
      <trkpt lat="39.774436" lon="2.774046">
        <ele>783.25</ele>
      </trkpt>
      <trkpt lat="39.774326" lon="2.774243">
        <ele>782.75</ele>
      </trkpt>
      <trkpt lat="39.77429" lon="2.77433">
        <ele>783</ele>
      </trkpt>
      <trkpt lat="39.774267" lon="2.774451">
        <ele>783.25</ele>
      </trkpt>
      <trkpt lat="39.77431" lon="2.774785">
        <ele>782.5</ele>
      </trkpt>
      <trkpt lat="39.774366" lon="2.774865">
        <ele>781.75</ele>
      </trkpt>
      <trkpt lat="39.774428" lon="2.774901">
        <ele>780.75</ele>
      </trkpt>
      <trkpt lat="39.774727" lon="2.775135">
        <ele>776.5</ele>
      </trkpt>
      <trkpt lat="39.774824" lon="2.775235">
        <ele>775.75</ele>
      </trkpt>
      <trkpt lat="39.774855" lon="2.775285">
        <ele>775.5</ele>
      </trkpt>
      <trkpt lat="39.774912" lon="2.775435">
        <ele>775.5</ele>
      </trkpt>
      <trkpt lat="39.774962" lon="2.775464">
        <ele>775</ele>
      </trkpt>
      <trkpt lat="39.775053" lon="2.775451">
        <ele>773.5</ele>
      </trkpt>
      <trkpt lat="39.775201" lon="2.775475">
        <ele>772</ele>
      </trkpt>
      <trkpt lat="39.775444" lon="2.775622">
        <ele>769.25</ele>
      </trkpt>
      <trkpt lat="39.775609" lon="2.775735">
        <ele>766.75</ele>
      </trkpt>
      <trkpt lat="39.775782" lon="2.775929">
        <ele>765.25</ele>
      </trkpt>
      <trkpt lat="39.775924" lon="2.776126">
        <ele>767.25</ele>
      </trkpt>
      <trkpt lat="39.776194" lon="2.776367">
        <ele>768.5</ele>
      </trkpt>
      <trkpt lat="39.776397" lon="2.776687">
        <ele>768</ele>
      </trkpt>
      <trkpt lat="39.776666" lon="2.776872">
        <ele>766</ele>
      </trkpt>
      <trkpt lat="39.777006" lon="2.777159">
        <ele>766</ele>
      </trkpt>
      <trkpt lat="39.777298" lon="2.777318">
        <ele>764</ele>
      </trkpt>
      <trkpt lat="39.777389" lon="2.777424">
        <ele>763.25</ele>
      </trkpt>
      <trkpt lat="39.777583" lon="2.777567">
        <ele>762.25</ele>
      </trkpt>
      <trkpt lat="39.777638" lon="2.777638">
        <ele>762.5</ele>
      </trkpt>
      <trkpt lat="39.777773" lon="2.777897">
        <ele>763.25</ele>
      </trkpt>
      <trkpt lat="39.777898" lon="2.778213">
        <ele>763.75</ele>
      </trkpt>
      <trkpt lat="39.777996" lon="2.778405">
        <ele>763.75</ele>
      </trkpt>
      <trkpt lat="39.778069" lon="2.77853">
        <ele>763.5</ele>
      </trkpt>
      <trkpt lat="39.778124" lon="2.778485">
        <ele>762.75</ele>
      </trkpt>
      <trkpt lat="39.77814" lon="2.778508">
        <ele>762.75</ele>
      </trkpt>
      <trkpt lat="39.7782" lon="2.778543">
        <ele>762.25</ele>
      </trkpt>
      <trkpt lat="39.778312" lon="2.778685">
        <ele>760.75</ele>
      </trkpt>
      <trkpt lat="39.778373" lon="2.778729">
        <ele>760.5</ele>
      </trkpt>
      <trkpt lat="39.778481" lon="2.778758">
        <ele>760.5</ele>
      </trkpt>
      <trkpt lat="39.778599" lon="2.778938">
        <ele>759.75</ele>
      </trkpt>
      <trkpt lat="39.778633" lon="2.778991">
        <ele>759.25</ele>
      </trkpt>
      <trkpt lat="39.779195" lon="2.779493">
        <ele>755.75</ele>
      </trkpt>
      <trkpt lat="39.779236" lon="2.779594">
        <ele>756</ele>
      </trkpt>
      <trkpt lat="39.779434" lon="2.780206">
        <ele>756</ele>
      </trkpt>
      <trkpt lat="39.779545" lon="2.78037">
        <ele>755.75</ele>
      </trkpt>
      <trkpt lat="39.779678" lon="2.78052">
        <ele>755</ele>
      </trkpt>
      <trkpt lat="39.779832" lon="2.780634">
        <ele>753.5</ele>
      </trkpt>
      <trkpt lat="39.780077" lon="2.780731">
        <ele>752</ele>
      </trkpt>
      <trkpt lat="39.780159" lon="2.780751">
        <ele>752.25</ele>
      </trkpt>
      <trkpt lat="39.780258" lon="2.780827">
        <ele>752</ele>
      </trkpt>
      <trkpt lat="39.780494" lon="2.781066">
        <ele>751</ele>
      </trkpt>
      <trkpt lat="39.780728" lon="2.781289">
        <ele>750</ele>
      </trkpt>
      <trkpt lat="39.780993" lon="2.781564">
        <ele>749.75</ele>
      </trkpt>
      <trkpt lat="39.781396" lon="2.781902">
        <ele>751.25</ele>
      </trkpt>
      <trkpt lat="39.781839" lon="2.782571">
        <ele>751</ele>
      </trkpt>
      <trkpt lat="39.782152" lon="2.782957">
        <ele>750</ele>
      </trkpt>
      <trkpt lat="39.782559" lon="2.783283">
        <ele>748</ele>
      </trkpt>
      <trkpt lat="39.783435" lon="2.783789">
        <ele>754.75</ele>
      </trkpt>
      <trkpt lat="39.783617" lon="2.784003">
        <ele>753.75</ele>
      </trkpt>
      <trkpt lat="39.783703" lon="2.784051">
        <ele>753.75</ele>
      </trkpt>
      <trkpt lat="39.784069" lon="2.784459">
        <ele>751.5</ele>
      </trkpt>
      <trkpt lat="39.784304" lon="2.784625">
        <ele>754.5</ele>
      </trkpt>
      <trkpt lat="39.784572" lon="2.784791">
        <ele>760</ele>
      </trkpt>
      <trkpt lat="39.784803" lon="2.785097">
        <ele>759.75</ele>
      </trkpt>
      <trkpt lat="39.784874" lon="2.785225">
        <ele>759.75</ele>
      </trkpt>
      <trkpt lat="39.784873" lon="2.785224">
        <ele>759.75</ele>
      </trkpt>
      <trkpt lat="39.785522" lon="2.7864">
        <ele>759.75</ele>
      </trkpt>
      <trkpt lat="39.786133" lon="2.787437">
        <ele>749.25</ele>
      </trkpt>
      <trkpt lat="39.787104" lon="2.789087">
        <ele>745.5</ele>
      </trkpt>
      <trkpt lat="39.787737" lon="2.790147">
        <ele>743.25</ele>
      </trkpt>
      <trkpt lat="39.787855" lon="2.790309">
        <ele>744</ele>
      </trkpt>
      <trkpt lat="39.787982" lon="2.790388">
        <ele>744.75</ele>
      </trkpt>
      <trkpt lat="39.788243" lon="2.790433">
        <ele>746.25</ele>
      </trkpt>
      <trkpt lat="39.788289" lon="2.790476">
        <ele>746.25</ele>
      </trkpt>
      <trkpt lat="39.7883" lon="2.790521">
        <ele>746</ele>
      </trkpt>
      <trkpt lat="39.788274" lon="2.790672">
        <ele>744.75</ele>
      </trkpt>
      <trkpt lat="39.788206" lon="2.790981">
        <ele>743.5</ele>
      </trkpt>
      <trkpt lat="39.788213" lon="2.791094">
        <ele>743.25</ele>
      </trkpt>
      <trkpt lat="39.788259" lon="2.791192">
        <ele>743.25</ele>
      </trkpt>
      <trkpt lat="39.788643" lon="2.791912">
        <ele>744.5</ele>
      </trkpt>
      <trkpt lat="39.789044" lon="2.792592">
        <ele>747</ele>
      </trkpt>
      <trkpt lat="39.789062" lon="2.792625">
        <ele>747.25</ele>
      </trkpt>
      <trkpt lat="39.789102" lon="2.792715">
        <ele>748</ele>
      </trkpt>
      <trkpt lat="39.789111" lon="2.792793">
        <ele>748.5</ele>
      </trkpt>
      <trkpt lat="39.789102" lon="2.792819">
        <ele>748.5</ele>
      </trkpt>
      <trkpt lat="39.789082" lon="2.792963">
        <ele>749.25</ele>
      </trkpt>
      <trkpt lat="39.78907" lon="2.793199">
        <ele>751</ele>
      </trkpt>
      <trkpt lat="39.78907" lon="2.793199">
        <ele>750.5</ele>
      </trkpt>
      <trkpt lat="39.789067" lon="2.793269">
        <ele>751</ele>
      </trkpt>
      <trkpt lat="39.789048" lon="2.793308">
        <ele>751.25</ele>
      </trkpt>
      <trkpt lat="39.788999" lon="2.793343">
        <ele>751.25</ele>
      </trkpt>
      <trkpt lat="39.78888" lon="2.79345">
        <ele>751.5</ele>
      </trkpt>
      <trkpt lat="39.78875" lon="2.793535">
        <ele>751.5</ele>
      </trkpt>
      <trkpt lat="39.788685" lon="2.793599">
        <ele>751.5</ele>
      </trkpt>
      <trkpt lat="39.788601" lon="2.793662">
        <ele>751.25</ele>
      </trkpt>
      <trkpt lat="39.788467" lon="2.793735">
        <ele>750.75</ele>
      </trkpt>
      <trkpt lat="39.788395" lon="2.793788">
        <ele>750.5</ele>
      </trkpt>
      <trkpt lat="39.788348" lon="2.793836">
        <ele>750.5</ele>
      </trkpt>
      <trkpt lat="39.788315" lon="2.793908">
        <ele>750.5</ele>
      </trkpt>
      <trkpt lat="39.788257" lon="2.794118">
        <ele>751.25</ele>
      </trkpt>
      <trkpt lat="39.788221" lon="2.794223">
        <ele>751.75</ele>
      </trkpt>
      <trkpt lat="39.788131" lon="2.794375">
        <ele>752.25</ele>
      </trkpt>
      <trkpt lat="39.788085" lon="2.794495">
        <ele>752.75</ele>
      </trkpt>
      <trkpt lat="39.788059" lon="2.794628">
        <ele>753.5</ele>
      </trkpt>
      <trkpt lat="39.788039" lon="2.794785">
        <ele>754.5</ele>
      </trkpt>
      <trkpt lat="39.788048" lon="2.79491">
        <ele>755.5</ele>
      </trkpt>
      <trkpt lat="39.788105" lon="2.795329">
        <ele>758</ele>
      </trkpt>
      <trkpt lat="39.788086" lon="2.795437">
        <ele>758.25</ele>
      </trkpt>
      <trkpt lat="39.788054" lon="2.795487">
        <ele>758.25</ele>
      </trkpt>
      <trkpt lat="39.787955" lon="2.795607">
        <ele>757.75</ele>
      </trkpt>
      <trkpt lat="39.787855" lon="2.795941">
        <ele>758.25</ele>
      </trkpt>
      <trkpt lat="39.787767" lon="2.796129">
        <ele>758.5</ele>
      </trkpt>
      <trkpt lat="39.787695" lon="2.796237">
        <ele>758.5</ele>
      </trkpt>
      <trkpt lat="39.787623" lon="2.796261">
        <ele>758.25</ele>
      </trkpt>
      <trkpt lat="39.787492" lon="2.796431">
        <ele>758.5</ele>
      </trkpt>
      <trkpt lat="39.787428" lon="2.796612">
        <ele>760</ele>
      </trkpt>
      <trkpt lat="39.787343" lon="2.796781">
        <ele>761.5</ele>
      </trkpt>
      <trkpt lat="39.787256" lon="2.796838">
        <ele>762.25</ele>
      </trkpt>
      <trkpt lat="39.787072" lon="2.797032">
        <ele>764</ele>
      </trkpt>
      <trkpt lat="39.786958" lon="2.797206">
        <ele>765.25</ele>
      </trkpt>
      <trkpt lat="39.786896" lon="2.797303">
        <ele>766</ele>
      </trkpt>
      <trkpt lat="39.786779" lon="2.797446">
        <ele>767</ele>
      </trkpt>
      <trkpt lat="39.786798" lon="2.797664">
        <ele>766.75</ele>
      </trkpt>
      <trkpt lat="39.786856" lon="2.797839">
        <ele>766</ele>
      </trkpt>
      <trkpt lat="39.786711" lon="2.798021">
        <ele>767.25</ele>
      </trkpt>
      <trkpt lat="39.786486" lon="2.79816">
        <ele>774.75</ele>
      </trkpt>
      <trkpt lat="39.786477" lon="2.798253">
        <ele>775.25</ele>
      </trkpt>
      <trkpt lat="39.7864" lon="2.798279">
        <ele>778.25</ele>
      </trkpt>
      <trkpt lat="39.786232" lon="2.79845">
        <ele>785.5</ele>
      </trkpt>
      <trkpt lat="39.786176" lon="2.798473">
        <ele>787.75</ele>
      </trkpt>
      <trkpt lat="39.786109" lon="2.798538">
        <ele>790.75</ele>
      </trkpt>
      <trkpt lat="39.786082" lon="2.798574">
        <ele>792</ele>
      </trkpt>
      <trkpt lat="39.786081" lon="2.798671">
        <ele>792.25</ele>
      </trkpt>
      <trkpt lat="39.786066" lon="2.798682">
        <ele>793</ele>
      </trkpt>
      <trkpt lat="39.78604" lon="2.798638">
        <ele>793.75</ele>
      </trkpt>
      <trkpt lat="39.786015" lon="2.798617">
        <ele>794.75</ele>
      </trkpt>
      <trkpt lat="39.786002" lon="2.798631">
        <ele>795.25</ele>
      </trkpt>
      <trkpt lat="39.785985" lon="2.798671">
        <ele>796</ele>
      </trkpt>
      <trkpt lat="39.78597" lon="2.798756">
        <ele>797</ele>
      </trkpt>
      <trkpt lat="39.785957" lon="2.798755">
        <ele>797.5</ele>
      </trkpt>
      <trkpt lat="39.785949" lon="2.798727">
        <ele>797.75</ele>
      </trkpt>
      <trkpt lat="39.785939" lon="2.798745">
        <ele>798.25</ele>
      </trkpt>
      <trkpt lat="39.785918" lon="2.798927">
        <ele>799.75</ele>
      </trkpt>
      <trkpt lat="39.785909" lon="2.798938">
        <ele>800</ele>
      </trkpt>
      <trkpt lat="39.785782" lon="2.798861">
        <ele>805</ele>
      </trkpt>
      <trkpt lat="39.785717" lon="2.798841">
        <ele>808</ele>
      </trkpt>
      <trkpt lat="39.785706" lon="2.798878">
        <ele>808.75</ele>
      </trkpt>
      <trkpt lat="39.78571" lon="2.798946">
        <ele>808.75</ele>
      </trkpt>
      <trkpt lat="39.785697" lon="2.79901">
        <ele>809.75</ele>
      </trkpt>
      <trkpt lat="39.785666" lon="2.798973">
        <ele>811</ele>
      </trkpt>
      <trkpt lat="39.785598" lon="2.798919">
        <ele>813.75</ele>
      </trkpt>
      <trkpt lat="39.785594" lon="2.798939">
        <ele>814.25</ele>
      </trkpt>
      <trkpt lat="39.785613" lon="2.799035">
        <ele>813.75</ele>
      </trkpt>
      <trkpt lat="39.785612" lon="2.799054">
        <ele>814</ele>
      </trkpt>
      <trkpt lat="39.785589" lon="2.799049">
        <ele>815</ele>
      </trkpt>
      <trkpt lat="39.785555" lon="2.799004">
        <ele>816.5</ele>
      </trkpt>
      <trkpt lat="39.785529" lon="2.798989">
        <ele>817.5</ele>
      </trkpt>
      <trkpt lat="39.785524" lon="2.799009">
        <ele>818</ele>
      </trkpt>
      <trkpt lat="39.785536" lon="2.799106">
        <ele>818</ele>
      </trkpt>
      <trkpt lat="39.785522" lon="2.799122">
        <ele>818.75</ele>
      </trkpt>
      <trkpt lat="39.78546" lon="2.799068">
        <ele>821.5</ele>
      </trkpt>
      <trkpt lat="39.785447" lon="2.799076">
        <ele>822</ele>
      </trkpt>
      <trkpt lat="39.785426" lon="2.799217">
        <ele>824.75</ele>
      </trkpt>
      <trkpt lat="39.785411" lon="2.799262">
        <ele>826.25</ele>
      </trkpt>
      <trkpt lat="39.78538" lon="2.79919">
        <ele>826.5</ele>
      </trkpt>
      <trkpt lat="39.785362" lon="2.799233">
        <ele>828.25</ele>
      </trkpt>
      <trkpt lat="39.785336" lon="2.799188">
        <ele>828.75</ele>
      </trkpt>
      <trkpt lat="39.785322" lon="2.799194">
        <ele>829.5</ele>
      </trkpt>
      <trkpt lat="39.785324" lon="2.799373">
        <ele>832.5</ele>
      </trkpt>
      <trkpt lat="39.785293" lon="2.799319">
        <ele>833.25</ele>
      </trkpt>
      <trkpt lat="39.785284" lon="2.799328">
        <ele>833.75</ele>
      </trkpt>
      <trkpt lat="39.785275" lon="2.79941">
        <ele>835.75</ele>
      </trkpt>
      <trkpt lat="39.785258" lon="2.7994">
        <ele>836.5</ele>
      </trkpt>
      <trkpt lat="39.785231" lon="2.799322">
        <ele>836.5</ele>
      </trkpt>
      <trkpt lat="39.785215" lon="2.799303">
        <ele>836.75</ele>
      </trkpt>
      <trkpt lat="39.785213" lon="2.799326">
        <ele>837.5</ele>
      </trkpt>
      <trkpt lat="39.785232" lon="2.799431">
        <ele>838.5</ele>
      </trkpt>
      <trkpt lat="39.785236" lon="2.799511">
        <ele>839.75</ele>
      </trkpt>
      <trkpt lat="39.785227" lon="2.799525">
        <ele>840.5</ele>
      </trkpt>
      <trkpt lat="39.785143" lon="2.799433">
        <ele>843</ele>
      </trkpt>
      <trkpt lat="39.785126" lon="2.799434">
        <ele>844</ele>
      </trkpt>
      <trkpt lat="39.785133" lon="2.799502">
        <ele>845</ele>
      </trkpt>
      <trkpt lat="39.785243" lon="2.799714">
        <ele>843</ele>
      </trkpt>
      <trkpt lat="39.785265" lon="2.799856">
        <ele>844.25</ele>
      </trkpt>
      <trkpt lat="39.785222" lon="2.799794">
        <ele>845.75</ele>
      </trkpt>
      <trkpt lat="39.785157" lon="2.799734">
        <ele>848.25</ele>
      </trkpt>
      <trkpt lat="39.785174" lon="2.799822">
        <ele>849</ele>
      </trkpt>
      <trkpt lat="39.785186" lon="2.79997">
        <ele>851.25</ele>
      </trkpt>
      <trkpt lat="39.784992" lon="2.799707">
        <ele>857</ele>
      </trkpt>
      <trkpt lat="39.784972" lon="2.799699">
        <ele>858</ele>
      </trkpt>
      <trkpt lat="39.784987" lon="2.799739">
        <ele>858</ele>
      </trkpt>
      <trkpt lat="39.784995" lon="2.799862">
        <ele>860.25</ele>
      </trkpt>
      <trkpt lat="39.784969" lon="2.799844">
        <ele>861.5</ele>
      </trkpt>
      <trkpt lat="39.784966" lon="2.799828">
        <ele>861.25</ele>
      </trkpt>
      <trkpt lat="39.784952" lon="2.799811">
        <ele>861.75</ele>
      </trkpt>
      <trkpt lat="39.784841" lon="2.799751">
        <ele>867.25</ele>
      </trkpt>
      <trkpt lat="39.784816" lon="2.799746">
        <ele>868.75</ele>
      </trkpt>
      <trkpt lat="39.784816" lon="2.799771">
        <ele>869.25</ele>
      </trkpt>
      <trkpt lat="39.784882" lon="2.799945">
        <ele>868.75</ele>
      </trkpt>
      <trkpt lat="39.784881" lon="2.799967">
        <ele>869.25</ele>
      </trkpt>
      <trkpt lat="39.784798" lon="2.799892">
        <ele>872.75</ele>
      </trkpt>
      <trkpt lat="39.784724" lon="2.79986">
        <ele>876.5</ele>
      </trkpt>
      <trkpt lat="39.784716" lon="2.799871">
        <ele>877.25</ele>
      </trkpt>
      <trkpt lat="39.784753" lon="2.799942">
        <ele>876.5</ele>
      </trkpt>
      <trkpt lat="39.784753" lon="2.799956">
        <ele>876.75</ele>
      </trkpt>
      <trkpt lat="39.784705" lon="2.79994">
        <ele>879.25</ele>
      </trkpt>
      <trkpt lat="39.784701" lon="2.799954">
        <ele>880</ele>
      </trkpt>
      <trkpt lat="39.784722" lon="2.799987">
        <ele>879.25</ele>
      </trkpt>
      <trkpt lat="39.784737" lon="2.800055">
        <ele>878.75</ele>
      </trkpt>
      <trkpt lat="39.784714" lon="2.800066">
        <ele>880.25</ele>
      </trkpt>
      <trkpt lat="39.784719" lon="2.800112">
        <ele>880</ele>
      </trkpt>
      <trkpt lat="39.784696" lon="2.800113">
        <ele>881.25</ele>
      </trkpt>
      <trkpt lat="39.784689" lon="2.800178">
        <ele>881.75</ele>
      </trkpt>
      <trkpt lat="39.78467" lon="2.800163">
        <ele>882.75</ele>
      </trkpt>
      <trkpt lat="39.78465" lon="2.80013">
        <ele>884</ele>
      </trkpt>
      <trkpt lat="39.784633" lon="2.800077">
        <ele>884.75</ele>
      </trkpt>
      <trkpt lat="39.784603" lon="2.800057">
        <ele>886.5</ele>
      </trkpt>
      <trkpt lat="39.784571" lon="2.800057">
        <ele>888.5</ele>
      </trkpt>
      <trkpt lat="39.784552" lon="2.800069">
        <ele>889.5</ele>
      </trkpt>
      <trkpt lat="39.784555" lon="2.800154">
        <ele>889</ele>
      </trkpt>
      <trkpt lat="39.784546" lon="2.800168">
        <ele>889.5</ele>
      </trkpt>
      <trkpt lat="39.78454" lon="2.800219">
        <ele>889.5</ele>
      </trkpt>
      <trkpt lat="39.784577" lon="2.800292">
        <ele>887.5</ele>
      </trkpt>
      <trkpt lat="39.78459" lon="2.800331">
        <ele>886.75</ele>
      </trkpt>
      <trkpt lat="39.784585" lon="2.800349">
        <ele>887</ele>
      </trkpt>
      <trkpt lat="39.784601" lon="2.800399">
        <ele>886.25</ele>
      </trkpt>
      <trkpt lat="39.784578" lon="2.800435">
        <ele>887</ele>
      </trkpt>
      <trkpt lat="39.784573" lon="2.800506">
        <ele>887</ele>
      </trkpt>
      <trkpt lat="39.784594" lon="2.800573">
        <ele>886</ele>
      </trkpt>
      <trkpt lat="39.784596" lon="2.800634">
        <ele>886</ele>
      </trkpt>
      <trkpt lat="39.784567" lon="2.800716">
        <ele>886.75</ele>
      </trkpt>
      <trkpt lat="39.78455" lon="2.800743">
        <ele>887.25</ele>
      </trkpt>
      <trkpt lat="39.784559" lon="2.800797">
        <ele>886.75</ele>
      </trkpt>
      <trkpt lat="39.784521" lon="2.800915">
        <ele>887.25</ele>
      </trkpt>
      <trkpt lat="39.784482" lon="2.800991">
        <ele>887.75</ele>
      </trkpt>
      <trkpt lat="39.784509" lon="2.801065">
        <ele>886.75</ele>
      </trkpt>
      <trkpt lat="39.784475" lon="2.801125">
        <ele>886.75</ele>
      </trkpt>
      <trkpt lat="39.784512" lon="2.801298">
        <ele>885.25</ele>
      </trkpt>
      <trkpt lat="39.78445" lon="2.801328">
        <ele>885.25</ele>
      </trkpt>
      <trkpt lat="39.784455" lon="2.801437">
        <ele>884.25</ele>
      </trkpt>
      <trkpt lat="39.78447" lon="2.801481">
        <ele>884</ele>
      </trkpt>
      <trkpt lat="39.784478" lon="2.801539">
        <ele>883.75</ele>
      </trkpt>
      <trkpt lat="39.784474" lon="2.801617">
        <ele>883</ele>
      </trkpt>
      <trkpt lat="39.784509" lon="2.801707">
        <ele>882.5</ele>
      </trkpt>
      <trkpt lat="39.784502" lon="2.801766">
        <ele>881.5</ele>
      </trkpt>
      <trkpt lat="39.784419" lon="2.801714">
        <ele>881</ele>
      </trkpt>
      <trkpt lat="39.784343" lon="2.801677">
        <ele>880.5</ele>
      </trkpt>
      <trkpt lat="39.784308" lon="2.801692">
        <ele>879.5</ele>
      </trkpt>
      <trkpt lat="39.784286" lon="2.801728">
        <ele>878.5</ele>
      </trkpt>
      <trkpt lat="39.784284" lon="2.801804">
        <ele>876.75</ele>
      </trkpt>
      <trkpt lat="39.784296" lon="2.801884">
        <ele>875.25</ele>
      </trkpt>
      <trkpt lat="39.784281" lon="2.80192">
        <ele>874.25</ele>
      </trkpt>
      <trkpt lat="39.784232" lon="2.80191">
        <ele>873.5</ele>
      </trkpt>
      <trkpt lat="39.784122" lon="2.801824">
        <ele>872.25</ele>
      </trkpt>
      <trkpt lat="39.784038" lon="2.801732">
        <ele>871</ele>
      </trkpt>
      <trkpt lat="39.783984" lon="2.80172">
        <ele>869</ele>
      </trkpt>
      <trkpt lat="39.783964" lon="2.801738">
        <ele>867.75</ele>
      </trkpt>
      <trkpt lat="39.783957" lon="2.801829">
        <ele>865.5</ele>
      </trkpt>
      <trkpt lat="39.783986" lon="2.801905">
        <ele>865</ele>
      </trkpt>
      <trkpt lat="39.783958" lon="2.801946">
        <ele>863</ele>
      </trkpt>
      <trkpt lat="39.783933" lon="2.801955">
        <ele>861.75</ele>
      </trkpt>
      <trkpt lat="39.783923" lon="2.802008">
        <ele>860.25</ele>
      </trkpt>
      <trkpt lat="39.783986" lon="2.802126">
        <ele>860</ele>
      </trkpt>
      <trkpt lat="39.784027" lon="2.802178">
        <ele>860.5</ele>
      </trkpt>
      <trkpt lat="39.784027" lon="2.802257">
        <ele>858.75</ele>
      </trkpt>
      <trkpt lat="39.784057" lon="2.80232">
        <ele>858.25</ele>
      </trkpt>
      <trkpt lat="39.784149" lon="2.802452">
        <ele>858.5</ele>
      </trkpt>
      <trkpt lat="39.783971" lon="2.802477">
        <ele>851.75</ele>
      </trkpt>
      <trkpt lat="39.783988" lon="2.802521">
        <ele>851.75</ele>
      </trkpt>
      <trkpt lat="39.784061" lon="2.802582">
        <ele>854</ele>
      </trkpt>
      <trkpt lat="39.783983" lon="2.802602">
        <ele>851.25</ele>
      </trkpt>
      <trkpt lat="39.783988" lon="2.802662">
        <ele>851.25</ele>
      </trkpt>
      <trkpt lat="39.784019" lon="2.802721">
        <ele>852</ele>
      </trkpt>
      <trkpt lat="39.784019" lon="2.802798">
        <ele>851.75</ele>
      </trkpt>
      <trkpt lat="39.784005" lon="2.802859">
        <ele>851</ele>
      </trkpt>
      <trkpt lat="39.783943" lon="2.802867">
        <ele>849.5</ele>
      </trkpt>
      <trkpt lat="39.783901" lon="2.802941">
        <ele>848.25</ele>
      </trkpt>
      <trkpt lat="39.783865" lon="2.802951">
        <ele>847.5</ele>
      </trkpt>
      <trkpt lat="39.783796" lon="2.802992">
        <ele>845.75</ele>
      </trkpt>
      <trkpt lat="39.783722" lon="2.802977">
        <ele>843.5</ele>
      </trkpt>
      <trkpt lat="39.783721" lon="2.802976">
        <ele>844</ele>
      </trkpt>
      <trkpt lat="39.783698" lon="2.802972">
        <ele>843.5</ele>
      </trkpt>
      <trkpt lat="39.783623" lon="2.802988">
        <ele>841.75</ele>
      </trkpt>
      <trkpt lat="39.783467" lon="2.802982">
        <ele>838.25</ele>
      </trkpt>
      <trkpt lat="39.783407" lon="2.802931">
        <ele>836.25</ele>
      </trkpt>
      <trkpt lat="39.783318" lon="2.802926">
        <ele>834.25</ele>
      </trkpt>
      <trkpt lat="39.783189" lon="2.802968">
        <ele>832.75</ele>
      </trkpt>
      <trkpt lat="39.783128" lon="2.80297">
        <ele>832</ele>
      </trkpt>
      <trkpt lat="39.783078" lon="2.802951">
        <ele>831</ele>
      </trkpt>
      <trkpt lat="39.783045" lon="2.802899">
        <ele>829.5</ele>
      </trkpt>
      <trkpt lat="39.782914" lon="2.802846">
        <ele>826.5</ele>
      </trkpt>
      <trkpt lat="39.782901" lon="2.802816">
        <ele>825.75</ele>
      </trkpt>
      <trkpt lat="39.782827" lon="2.8028">
        <ele>824</ele>
      </trkpt>
      <trkpt lat="39.782759" lon="2.802818">
        <ele>823.25</ele>
      </trkpt>
      <trkpt lat="39.782691" lon="2.802793">
        <ele>821.5</ele>
      </trkpt>
      <trkpt lat="39.78261" lon="2.802804">
        <ele>820.25</ele>
      </trkpt>
      <trkpt lat="39.782489" lon="2.802758">
        <ele>816.75</ele>
      </trkpt>
      <trkpt lat="39.782319" lon="2.802863">
        <ele>817.75</ele>
      </trkpt>
      <trkpt lat="39.782223" lon="2.802865">
        <ele>816.75</ele>
      </trkpt>
      <trkpt lat="39.782003" lon="2.802909">
        <ele>815.5</ele>
      </trkpt>
      <trkpt lat="39.781901" lon="2.802877">
        <ele>813.5</ele>
      </trkpt>
      <trkpt lat="39.781847" lon="2.802886">
        <ele>813</ele>
      </trkpt>
      <trkpt lat="39.781635" lon="2.802969">
        <ele>813</ele>
      </trkpt>
      <trkpt lat="39.781513" lon="2.803037">
        <ele>813.25</ele>
      </trkpt>
      <trkpt lat="39.781337" lon="2.803179">
        <ele>814</ele>
      </trkpt>
      <trkpt lat="39.781265" lon="2.803255">
        <ele>814.5</ele>
      </trkpt>
      <trkpt lat="39.781186" lon="2.803311">
        <ele>814.25</ele>
      </trkpt>
      <trkpt lat="39.781033" lon="2.80346">
        <ele>814.75</ele>
      </trkpt>
      <trkpt lat="39.780938" lon="2.803566">
        <ele>815.25</ele>
      </trkpt>
      <trkpt lat="39.780864" lon="2.803582">
        <ele>814.25</ele>
      </trkpt>
      <trkpt lat="39.780674" lon="2.803728">
        <ele>816</ele>
      </trkpt>
      <trkpt lat="39.780654" lon="2.803726">
        <ele>815.75</ele>
      </trkpt>
      <trkpt lat="39.780694" lon="2.803466">
        <ele>809.25</ele>
      </trkpt>
      <trkpt lat="39.780677" lon="2.803408">
        <ele>807.5</ele>
      </trkpt>
      <trkpt lat="39.78036" lon="2.803318">
        <ele>800.75</ele>
      </trkpt>
      <trkpt lat="39.780319" lon="2.803279">
        <ele>799.5</ele>
      </trkpt>
      <trkpt lat="39.78025" lon="2.803268">
        <ele>798.25</ele>
      </trkpt>
      <trkpt lat="39.780239" lon="2.80325">
        <ele>797.75</ele>
      </trkpt>
      <trkpt lat="39.780226" lon="2.803204">
        <ele>796.75</ele>
      </trkpt>
      <trkpt lat="39.78018" lon="2.803167">
        <ele>795.5</ele>
      </trkpt>
      <trkpt lat="39.780006" lon="2.803077">
        <ele>791</ele>
      </trkpt>
      <trkpt lat="39.779957" lon="2.803013">
        <ele>789.25</ele>
      </trkpt>
      <trkpt lat="39.779831" lon="2.802941">
        <ele>786.5</ele>
      </trkpt>
      <trkpt lat="39.779731" lon="2.802856">
        <ele>783.5</ele>
      </trkpt>
      <trkpt lat="39.779589" lon="2.802801">
        <ele>780.25</ele>
      </trkpt>
      <trkpt lat="39.779399" lon="2.80275">
        <ele>776.25</ele>
      </trkpt>
      <trkpt lat="39.779293" lon="2.802673">
        <ele>772.5</ele>
      </trkpt>
      <trkpt lat="39.779191" lon="2.802541">
        <ele>766.5</ele>
      </trkpt>
      <trkpt lat="39.779112" lon="2.802478">
        <ele>763.25</ele>
      </trkpt>
      <trkpt lat="39.77893" lon="2.80238">
        <ele>757.75</ele>
      </trkpt>
      <trkpt lat="39.778864" lon="2.80237">
        <ele>756.25</ele>
      </trkpt>
      <trkpt lat="39.778761" lon="2.8024">
        <ele>755.25</ele>
      </trkpt>
      <trkpt lat="39.778667" lon="2.80246">
        <ele>755</ele>
      </trkpt>
      <trkpt lat="39.778476" lon="2.802533">
        <ele>753</ele>
      </trkpt>
      <trkpt lat="39.778471" lon="2.802478">
        <ele>752</ele>
      </trkpt>
      <trkpt lat="39.778514" lon="2.802387">
        <ele>750.75</ele>
      </trkpt>
      <trkpt lat="39.778465" lon="2.802363">
        <ele>749.5</ele>
      </trkpt>
      <trkpt lat="39.778441" lon="2.802319">
        <ele>748.25</ele>
      </trkpt>
      <trkpt lat="39.778438" lon="2.80224">
        <ele>746.75</ele>
      </trkpt>
      <trkpt lat="39.778396" lon="2.802227">
        <ele>746</ele>
      </trkpt>
      <trkpt lat="39.778398" lon="2.802156">
        <ele>744.5</ele>
      </trkpt>
      <trkpt lat="39.778316" lon="2.802099">
        <ele>742.25</ele>
      </trkpt>
      <trkpt lat="39.777912" lon="2.801875">
        <ele>731.75</ele>
      </trkpt>
      <trkpt lat="39.777838" lon="2.801859">
        <ele>730.5</ele>
      </trkpt>
      <trkpt lat="39.777633" lon="2.801898">
        <ele>727.25</ele>
      </trkpt>
      <trkpt lat="39.777532" lon="2.801961">
        <ele>724.75</ele>
      </trkpt>
      <trkpt lat="39.777489" lon="2.801989">
        <ele>724.75</ele>
      </trkpt>
      <trkpt lat="39.777406" lon="2.80211">
        <ele>721</ele>
      </trkpt>
      <trkpt lat="39.777384" lon="2.802127">
        <ele>720</ele>
      </trkpt>
      <trkpt lat="39.77736" lon="2.802108">
        <ele>718.75</ele>
      </trkpt>
      <trkpt lat="39.777298" lon="2.80195">
        <ele>715.75</ele>
      </trkpt>
      <trkpt lat="39.777218" lon="2.801912">
        <ele>712</ele>
      </trkpt>
      <trkpt lat="39.777086" lon="2.801999">
        <ele>705.75</ele>
      </trkpt>
      <trkpt lat="39.777044" lon="2.802067">
        <ele>703.75</ele>
      </trkpt>
      <trkpt lat="39.777034" lon="2.802204">
        <ele>703.25</ele>
      </trkpt>
      <trkpt lat="39.777049" lon="2.802356">
        <ele>703.75</ele>
      </trkpt>
      <trkpt lat="39.777057" lon="2.802793">
        <ele>706.75</ele>
      </trkpt>
      <trkpt lat="39.777014" lon="2.802834">
        <ele>705.25</ele>
      </trkpt>
      <trkpt lat="39.777055" lon="2.802931">
        <ele>708</ele>
      </trkpt>
      <trkpt lat="39.77696" lon="2.802978">
        <ele>704.25</ele>
      </trkpt>
      <trkpt lat="39.776897" lon="2.803163">
        <ele>703.5</ele>
      </trkpt>
      <trkpt lat="39.77684" lon="2.803281">
        <ele>702.25</ele>
      </trkpt>
      <trkpt lat="39.776746" lon="2.803373">
        <ele>701.5</ele>
      </trkpt>
      <trkpt lat="39.776644" lon="2.803432">
        <ele>700.25</ele>
      </trkpt>
      <trkpt lat="39.776693" lon="2.803345">
        <ele>697.75</ele>
      </trkpt>
      <trkpt lat="39.776684" lon="2.803303">
        <ele>696.25</ele>
      </trkpt>
      <trkpt lat="39.776598" lon="2.803351">
        <ele>692.75</ele>
      </trkpt>
      <trkpt lat="39.776542" lon="2.803327">
        <ele>688.25</ele>
      </trkpt>
      <trkpt lat="39.776438" lon="2.80341">
        <ele>686.75</ele>
      </trkpt>
      <trkpt lat="39.776431" lon="2.803295">
        <ele>681.25</ele>
      </trkpt>
      <trkpt lat="39.776444" lon="2.80317">
        <ele>680</ele>
      </trkpt>
      <trkpt lat="39.776412" lon="2.80308">
        <ele>676.75</ele>
      </trkpt>
      <trkpt lat="39.776357" lon="2.803084">
        <ele>673.5</ele>
      </trkpt>
      <trkpt lat="39.776174" lon="2.803299">
        <ele>665.75</ele>
      </trkpt>
      <trkpt lat="39.776086" lon="2.803343">
        <ele>661.5</ele>
      </trkpt>
      <trkpt lat="39.775991" lon="2.803278">
        <ele>654.25</ele>
      </trkpt>
      <trkpt lat="39.77587" lon="2.803237">
        <ele>646.25</ele>
      </trkpt>
      <trkpt lat="39.775594" lon="2.803224">
        <ele>635.25</ele>
      </trkpt>
      <trkpt lat="39.775566" lon="2.803271">
        <ele>634</ele>
      </trkpt>
      <trkpt lat="39.775536" lon="2.803394">
        <ele>635.5</ele>
      </trkpt>
      <trkpt lat="39.775356" lon="2.803616">
        <ele>635.5</ele>
      </trkpt>
      <trkpt lat="39.775307" lon="2.803582">
        <ele>631.5</ele>
      </trkpt>
      <trkpt lat="39.775273" lon="2.803675">
        <ele>632.75</ele>
      </trkpt>
      <trkpt lat="39.775207" lon="2.803723">
        <ele>630.5</ele>
      </trkpt>
      <trkpt lat="39.775085" lon="2.803717">
        <ele>622.75</ele>
      </trkpt>
      <trkpt lat="39.774868" lon="2.803803">
        <ele>621</ele>
      </trkpt>
      <trkpt lat="39.774868" lon="2.803803">
        <ele>621</ele>
      </trkpt>
      <trkpt lat="39.774868" lon="2.803803">
        <ele>621.5</ele>
      </trkpt>
      <trkpt lat="39.774765" lon="2.803845">
        <ele>621</ele>
      </trkpt>
      <trkpt lat="39.774752" lon="2.804008">
        <ele>620</ele>
      </trkpt>
      <trkpt lat="39.774701" lon="2.804074">
        <ele>618.25</ele>
      </trkpt>
      <trkpt lat="39.774555" lon="2.804433">
        <ele>613.25</ele>
      </trkpt>
      <trkpt lat="39.774593" lon="2.804472">
        <ele>615.5</ele>
      </trkpt>
      <trkpt lat="39.77465" lon="2.80448">
        <ele>618.75</ele>
      </trkpt>
      <trkpt lat="39.774668" lon="2.804549">
        <ele>620.75</ele>
      </trkpt>
      <trkpt lat="39.774615" lon="2.804629">
        <ele>618.25</ele>
      </trkpt>
      <trkpt lat="39.774623" lon="2.804687">
        <ele>619.25</ele>
      </trkpt>
      <trkpt lat="39.774665" lon="2.804747">
        <ele>622.75</ele>
      </trkpt>
      <trkpt lat="39.774693" lon="2.804949">
        <ele>627.75</ele>
      </trkpt>
      <trkpt lat="39.774651" lon="2.805086">
        <ele>626.5</ele>
      </trkpt>
      <trkpt lat="39.774569" lon="2.805223">
        <ele>622</ele>
      </trkpt>
      <trkpt lat="39.774531" lon="2.805459">
        <ele>623</ele>
      </trkpt>
      <trkpt lat="39.774478" lon="2.805549">
        <ele>620</ele>
      </trkpt>
      <trkpt lat="39.774346" lon="2.805585">
        <ele>608.75</ele>
      </trkpt>
      <trkpt lat="39.774267" lon="2.805771">
        <ele>605</ele>
      </trkpt>
      <trkpt lat="39.774264" lon="2.805864">
        <ele>606.25</ele>
      </trkpt>
      <trkpt lat="39.774296" lon="2.806103">
        <ele>613.75</ele>
      </trkpt>
      <trkpt lat="39.774395" lon="2.806273">
        <ele>625.5</ele>
      </trkpt>
      <trkpt lat="39.77442" lon="2.806407">
        <ele>630</ele>
      </trkpt>
      <trkpt lat="39.774401" lon="2.806564">
        <ele>631.25</ele>
      </trkpt>
      <trkpt lat="39.774366" lon="2.806724">
        <ele>631.5</ele>
      </trkpt>
      <trkpt lat="39.774206" lon="2.806785">
        <ele>619.75</ele>
      </trkpt>
      <trkpt lat="39.774161" lon="2.806843">
        <ele>617.25</ele>
      </trkpt>
      <trkpt lat="39.774198" lon="2.807082">
        <ele>625.5</ele>
      </trkpt>
      <trkpt lat="39.774183" lon="2.807248">
        <ele>627.75</ele>
      </trkpt>
      <trkpt lat="39.774219" lon="2.807393">
        <ele>634</ele>
      </trkpt>
      <trkpt lat="39.774184" lon="2.807505">
        <ele>633.25</ele>
      </trkpt>
      <trkpt lat="39.774082" lon="2.807495">
        <ele>624.75</ele>
      </trkpt>
      <trkpt lat="39.774037" lon="2.807607">
        <ele>619.25</ele>
      </trkpt>
      <trkpt lat="39.774083" lon="2.807728">
        <ele>620.75</ele>
      </trkpt>
      <trkpt lat="39.774099" lon="2.80793">
        <ele>618.25</ele>
      </trkpt>
      <trkpt lat="39.774069" lon="2.808067">
        <ele>614</ele>
      </trkpt>
      <trkpt lat="39.77405" lon="2.80823">
        <ele>610</ele>
      </trkpt>
      <trkpt lat="39.774173" lon="2.808343">
        <ele>615.5</ele>
      </trkpt>
      <trkpt lat="39.77419" lon="2.808462">
        <ele>618.75</ele>
      </trkpt>
      <trkpt lat="39.774112" lon="2.808659">
        <ele>617</ele>
      </trkpt>
      <trkpt lat="39.774075" lon="2.808683">
        <ele>610.5</ele>
      </trkpt>
      <trkpt lat="39.774075" lon="2.808683">
        <ele>615.5</ele>
      </trkpt>
      <trkpt lat="39.773941" lon="2.808775">
        <ele>610.5</ele>
      </trkpt>
      <trkpt lat="39.773763" lon="2.809026">
        <ele>607.25</ele>
      </trkpt>
      <trkpt lat="39.773641" lon="2.809095">
        <ele>603.5</ele>
      </trkpt>
      <trkpt lat="39.773583" lon="2.809171">
        <ele>603</ele>
      </trkpt>
      <trkpt lat="39.773312" lon="2.809388">
        <ele>602.75</ele>
      </trkpt>
      <trkpt lat="39.773059" lon="2.809646">
        <ele>606.5</ele>
      </trkpt>
      <trkpt lat="39.772998" lon="2.809636">
        <ele>603.75</ele>
      </trkpt>
      <trkpt lat="39.772825" lon="2.809787">
        <ele>604.75</ele>
      </trkpt>
      <trkpt lat="39.772648" lon="2.809865">
        <ele>601.75</ele>
      </trkpt>
      <trkpt lat="39.772507" lon="2.810044">
        <ele>605.5</ele>
      </trkpt>
      <trkpt lat="39.77222" lon="2.810194">
        <ele>602.75</ele>
      </trkpt>
      <trkpt lat="39.771891" lon="2.810642">
        <ele>609.25</ele>
      </trkpt>
      <trkpt lat="39.771804" lon="2.810699">
        <ele>607.5</ele>
      </trkpt>
      <trkpt lat="39.771719" lon="2.810731">
        <ele>604.5</ele>
      </trkpt>
      <trkpt lat="39.771519" lon="2.810948">
        <ele>599.25</ele>
      </trkpt>
      <trkpt lat="39.771499" lon="2.811048">
        <ele>600.75</ele>
      </trkpt>
      <trkpt lat="39.771417" lon="2.811269">
        <ele>600.75</ele>
      </trkpt>
      <trkpt lat="39.771448" lon="2.811516">
        <ele>609.5</ele>
      </trkpt>
      <trkpt lat="39.771452" lon="2.811779">
        <ele>615.75</ele>
      </trkpt>
      <trkpt lat="39.771441" lon="2.812126">
        <ele>621.5</ele>
      </trkpt>
      <trkpt lat="39.771441" lon="2.812126">
        <ele>621.5</ele>
      </trkpt>
      <trkpt lat="39.77141" lon="2.812367">
        <ele>624</ele>
      </trkpt>
      <trkpt lat="39.771413" lon="2.812707">
        <ele>628.25</ele>
      </trkpt>
      <trkpt lat="39.771428" lon="2.812827">
        <ele>629.75</ele>
      </trkpt>
      <trkpt lat="39.771357" lon="2.813063">
        <ele>628.25</ele>
      </trkpt>
      <trkpt lat="39.771244" lon="2.81315">
        <ele>624</ele>
      </trkpt>
      <trkpt lat="39.771242" lon="2.813169">
        <ele>624.25</ele>
      </trkpt>
      <trkpt lat="39.771271" lon="2.813185">
        <ele>625.5</ele>
      </trkpt>
      <trkpt lat="39.771275" lon="2.813196">
        <ele>626</ele>
      </trkpt>
      <trkpt lat="39.771263" lon="2.813216">
        <ele>625.5</ele>
      </trkpt>
      <trkpt lat="39.771263" lon="2.813241">
        <ele>625.75</ele>
      </trkpt>
      <trkpt lat="39.771376" lon="2.813256">
        <ele>630.75</ele>
      </trkpt>
      <trkpt lat="39.771382" lon="2.813267">
        <ele>631</ele>
      </trkpt>
      <trkpt lat="39.771216" lon="2.813541">
        <ele>622.75</ele>
      </trkpt>
      <trkpt lat="39.771174" lon="2.813578">
        <ele>620.5</ele>
      </trkpt>
      <trkpt lat="39.771164" lon="2.813646">
        <ele>619.25</ele>
      </trkpt>
      <trkpt lat="39.771263" lon="2.813962">
        <ele>620.25</ele>
      </trkpt>
      <trkpt lat="39.771378" lon="2.814179">
        <ele>623</ele>
      </trkpt>
      <trkpt lat="39.771581" lon="2.814657">
        <ele>615.5</ele>
      </trkpt>
      <trkpt lat="39.771824" lon="2.815186">
        <ele>614.5</ele>
      </trkpt>
      <trkpt lat="39.771758" lon="2.815465">
        <ele>606.5</ele>
      </trkpt>
      <trkpt lat="39.771773" lon="2.815578">
        <ele>605.75</ele>
      </trkpt>
      <trkpt lat="39.771852" lon="2.815765">
        <ele>607.5</ele>
      </trkpt>
      <trkpt lat="39.771921" lon="2.815864">
        <ele>610</ele>
      </trkpt>
      <trkpt lat="39.771947" lon="2.815892">
        <ele>611.25</ele>
      </trkpt>
      <trkpt lat="39.771942" lon="2.815934">
        <ele>610.25</ele>
      </trkpt>
      <trkpt lat="39.771848" lon="2.816021">
        <ele>603.75</ele>
      </trkpt>
      <trkpt lat="39.771804" lon="2.816211">
        <ele>598.5</ele>
      </trkpt>
      <trkpt lat="39.771781" lon="2.816239">
        <ele>596.75</ele>
      </trkpt>
      <trkpt lat="39.771752" lon="2.816235">
        <ele>595</ele>
      </trkpt>
      <trkpt lat="39.771751" lon="2.816266">
        <ele>594.5</ele>
      </trkpt>
      <trkpt lat="39.771761" lon="2.816299">
        <ele>594.75</ele>
      </trkpt>
      <trkpt lat="39.771815" lon="2.816383">
        <ele>596.5</ele>
      </trkpt>
      <trkpt lat="39.771882" lon="2.816518">
        <ele>598.5</ele>
      </trkpt>
      <trkpt lat="39.772046" lon="2.81717">
        <ele>595.25</ele>
      </trkpt>
      <trkpt lat="39.772157" lon="2.81743">
        <ele>596.25</ele>
      </trkpt>
      <trkpt lat="39.772083" lon="2.817639">
        <ele>587</ele>
      </trkpt>
      <trkpt lat="39.772107" lon="2.817836">
        <ele>584</ele>
      </trkpt>
      <trkpt lat="39.772083" lon="2.818001">
        <ele>578.75</ele>
      </trkpt>
      <trkpt lat="39.772014" lon="2.818076">
        <ele>573</ele>
      </trkpt>
      <trkpt lat="39.771976" lon="2.818256">
        <ele>566.75</ele>
      </trkpt>
      <trkpt lat="39.771988" lon="2.818546">
        <ele>563.75</ele>
      </trkpt>
      <trkpt lat="39.772011" lon="2.818623">
        <ele>564.25</ele>
      </trkpt>
      <trkpt lat="39.772025" lon="2.818807">
        <ele>563.25</ele>
      </trkpt>
      <trkpt lat="39.771979" lon="2.818863">
        <ele>560.25</ele>
      </trkpt>
      <trkpt lat="39.771953" lon="2.818841">
        <ele>559.25</ele>
      </trkpt>
      <trkpt lat="39.771871" lon="2.818669">
        <ele>556.25</ele>
      </trkpt>
      <trkpt lat="39.7718" lon="2.818798">
        <ele>551.5</ele>
      </trkpt>
      <trkpt lat="39.771794" lon="2.819015">
        <ele>549.25</ele>
      </trkpt>
      <trkpt lat="39.771794" lon="2.819015">
        <ele>549.5</ele>
      </trkpt>
      <trkpt lat="39.771794" lon="2.819049">
        <ele>549.25</ele>
      </trkpt>
      <trkpt lat="39.771753" lon="2.819136">
        <ele>546.5</ele>
      </trkpt>
      <trkpt lat="39.77158" lon="2.819018">
        <ele>541.75</ele>
      </trkpt>
      <trkpt lat="39.771361" lon="2.818796">
        <ele>538.75</ele>
      </trkpt>
      <trkpt lat="39.77129" lon="2.818885">
        <ele>537.75</ele>
      </trkpt>
      <trkpt lat="39.771241" lon="2.819088">
        <ele>538</ele>
      </trkpt>
      <trkpt lat="39.771194" lon="2.819143">
        <ele>537.75</ele>
      </trkpt>
      <trkpt lat="39.771158" lon="2.819155">
        <ele>537.5</ele>
      </trkpt>
      <trkpt lat="39.771071" lon="2.819117">
        <ele>536.5</ele>
      </trkpt>
      <trkpt lat="39.770917" lon="2.819031">
        <ele>533.75</ele>
      </trkpt>
      <trkpt lat="39.770837" lon="2.818961">
        <ele>531.75</ele>
      </trkpt>
      <trkpt lat="39.770651" lon="2.81885">
        <ele>533.25</ele>
      </trkpt>
      <trkpt lat="39.770458" lon="2.818696">
        <ele>533.25</ele>
      </trkpt>
      <trkpt lat="39.770371" lon="2.818673">
        <ele>534</ele>
      </trkpt>
      <trkpt lat="39.770134" lon="2.818501">
        <ele>532.5</ele>
      </trkpt>
      <trkpt lat="39.770095" lon="2.818505">
        <ele>533.25</ele>
      </trkpt>
      <trkpt lat="39.770029" lon="2.818464">
        <ele>532.75</ele>
      </trkpt>
      <trkpt lat="39.769992" lon="2.818401">
        <ele>531</ele>
      </trkpt>
      <trkpt lat="39.769968" lon="2.818396">
        <ele>531.25</ele>
      </trkpt>
      <trkpt lat="39.769934" lon="2.818367">
        <ele>530.75</ele>
      </trkpt>
      <trkpt lat="39.769876" lon="2.818351">
        <ele>530.75</ele>
      </trkpt>
      <trkpt lat="39.769826" lon="2.818397">
        <ele>532.5</ele>
      </trkpt>
      <trkpt lat="39.769843" lon="2.818473">
        <ele>534.5</ele>
      </trkpt>
      <trkpt lat="39.769842" lon="2.818519">
        <ele>535.75</ele>
      </trkpt>
      <trkpt lat="39.769868" lon="2.818574">
        <ele>537</ele>
      </trkpt>
      <trkpt lat="39.769866" lon="2.818599">
        <ele>537.75</ele>
      </trkpt>
      <trkpt lat="39.769409" lon="2.818094">
        <ele>533</ele>
      </trkpt>
      <trkpt lat="39.769312" lon="2.818037">
        <ele>534</ele>
      </trkpt>
      <trkpt lat="39.769236" lon="2.818069">
        <ele>535.75</ele>
      </trkpt>
      <trkpt lat="39.769209" lon="2.818069">
        <ele>536.25</ele>
      </trkpt>
      <trkpt lat="39.769194" lon="2.818022">
        <ele>536</ele>
      </trkpt>
      <trkpt lat="39.769148" lon="2.818">
        <ele>536.25</ele>
      </trkpt>
      <trkpt lat="39.769126" lon="2.817998">
        <ele>536</ele>
      </trkpt>
      <trkpt lat="39.769106" lon="2.818014">
        <ele>535.75</ele>
      </trkpt>
      <trkpt lat="39.769116" lon="2.818261">
        <ele>537.25</ele>
      </trkpt>
      <trkpt lat="39.769035" lon="2.818242">
        <ele>535.5</ele>
      </trkpt>
      <trkpt lat="39.76901" lon="2.81837">
        <ele>535.25</ele>
      </trkpt>
      <trkpt lat="39.768978" lon="2.818481">
        <ele>535</ele>
      </trkpt>
      <trkpt lat="39.768978" lon="2.818481">
        <ele>535</ele>
      </trkpt>
      <trkpt lat="39.768975" lon="2.818492">
        <ele>535</ele>
      </trkpt>
      <trkpt lat="39.768926" lon="2.818624">
        <ele>534.25</ele>
      </trkpt>
      <trkpt lat="39.768892" lon="2.81864">
        <ele>533.5</ele>
      </trkpt>
      <trkpt lat="39.768839" lon="2.818798">
        <ele>532.75</ele>
      </trkpt>
      <trkpt lat="39.768794" lon="2.818992">
        <ele>532</ele>
      </trkpt>
      <trkpt lat="39.768942" lon="2.819112">
        <ele>537</ele>
      </trkpt>
      <trkpt lat="39.768974" lon="2.819119">
        <ele>537.75</ele>
      </trkpt>
      <trkpt lat="39.769073" lon="2.818922">
        <ele>539.75</ele>
      </trkpt>
      <trkpt lat="39.769201" lon="2.818978">
        <ele>543</ele>
      </trkpt>
      <trkpt lat="39.769253" lon="2.819075">
        <ele>544.25</ele>
      </trkpt>
      <trkpt lat="39.769254" lon="2.819175">
        <ele>545.25</ele>
      </trkpt>
      <trkpt lat="39.76924" lon="2.819223">
        <ele>545.75</ele>
      </trkpt>
      <trkpt lat="39.769259" lon="2.81922">
        <ele>546</ele>
      </trkpt>
      <trkpt lat="39.769267" lon="2.81922">
        <ele>546</ele>
      </trkpt>
      <trkpt lat="39.769267" lon="2.81922">
        <ele>546</ele>
      </trkpt>
      <trkpt lat="39.769312" lon="2.819172">
        <ele>546</ele>
      </trkpt>
      <trkpt lat="39.769332" lon="2.819341">
        <ele>549</ele>
      </trkpt>
      <trkpt lat="39.769207" lon="2.81965">
        <ele>552.25</ele>
      </trkpt>
      <trkpt lat="39.769162" lon="2.819903">
        <ele>555.25</ele>
      </trkpt>
      <trkpt lat="39.769142" lon="2.819962">
        <ele>555.75</ele>
      </trkpt>
      <trkpt lat="39.76915" lon="2.820026">
        <ele>557.25</ele>
      </trkpt>
      <trkpt lat="39.769202" lon="2.820016">
        <ele>558</ele>
      </trkpt>
      <trkpt lat="39.769375" lon="2.819825">
        <ele>558.5</ele>
      </trkpt>
      <trkpt lat="39.769556" lon="2.819469">
        <ele>555</ele>
      </trkpt>
      <trkpt lat="39.769579" lon="2.819457">
        <ele>555.25</ele>
      </trkpt>
      <trkpt lat="39.769603" lon="2.819501">
        <ele>556.5</ele>
      </trkpt>
      <trkpt lat="39.769601" lon="2.819546">
        <ele>557.5</ele>
      </trkpt>
      <trkpt lat="39.769671" lon="2.819544">
        <ele>558.5</ele>
      </trkpt>
      <trkpt lat="39.76971" lon="2.819468">
        <ele>557.75</ele>
      </trkpt>
      <trkpt lat="39.769788" lon="2.819462">
        <ele>558.75</ele>
      </trkpt>
      <trkpt lat="39.769836" lon="2.819496">
        <ele>560.5</ele>
      </trkpt>
      <trkpt lat="39.769892" lon="2.819435">
        <ele>559.75</ele>
      </trkpt>
      <trkpt lat="39.769939" lon="2.819448">
        <ele>561</ele>
      </trkpt>
      <trkpt lat="39.769939" lon="2.819505">
        <ele>562.25</ele>
      </trkpt>
      <trkpt lat="39.769917" lon="2.819528">
        <ele>562.5</ele>
      </trkpt>
      <trkpt lat="39.769865" lon="2.819635">
        <ele>564.25</ele>
      </trkpt>
      <trkpt lat="39.769813" lon="2.819673">
        <ele>564</ele>
      </trkpt>
      <trkpt lat="39.769772" lon="2.819777">
        <ele>565.75</ele>
      </trkpt>
      <trkpt lat="39.769762" lon="2.819885">
        <ele>568.75</ele>
      </trkpt>
      <trkpt lat="39.769762" lon="2.819885">
        <ele>567.75</ele>
      </trkpt>
      <trkpt lat="39.769759" lon="2.819927">
        <ele>568.75</ele>
      </trkpt>
      <trkpt lat="39.769725" lon="2.820048">
        <ele>571</ele>
      </trkpt>
      <trkpt lat="39.769501" lon="2.820348">
        <ele>574.25</ele>
      </trkpt>
      <trkpt lat="39.769472" lon="2.820434">
        <ele>576</ele>
      </trkpt>
      <trkpt lat="39.769476" lon="2.820588">
        <ele>580.5</ele>
      </trkpt>
      <trkpt lat="39.769418" lon="2.820711">
        <ele>582.5</ele>
      </trkpt>
      <trkpt lat="39.769422" lon="2.820734">
        <ele>583.25</ele>
      </trkpt>
      <trkpt lat="39.769472" lon="2.820723">
        <ele>584</ele>
      </trkpt>
      <trkpt lat="39.769485" lon="2.820734">
        <ele>584.75</ele>
      </trkpt>
      <trkpt lat="39.769449" lon="2.820881">
        <ele>587.75</ele>
      </trkpt>
      <trkpt lat="39.769312" lon="2.821149">
        <ele>591.5</ele>
      </trkpt>
      <trkpt lat="39.769196" lon="2.821307">
        <ele>594</ele>
      </trkpt>
      <trkpt lat="39.769166" lon="2.8214">
        <ele>596.25</ele>
      </trkpt>
      <trkpt lat="39.769085" lon="2.821422">
        <ele>596.5</ele>
      </trkpt>
      <trkpt lat="39.768972" lon="2.82155">
        <ele>600</ele>
      </trkpt>
      <trkpt lat="39.768976" lon="2.821602">
        <ele>601.75</ele>
      </trkpt>
      <trkpt lat="39.768998" lon="2.821636">
        <ele>602.75</ele>
      </trkpt>
      <trkpt lat="39.76895" lon="2.821699">
        <ele>604</ele>
      </trkpt>
      <trkpt lat="39.768946" lon="2.821766">
        <ele>605.25</ele>
      </trkpt>
      <trkpt lat="39.769001" lon="2.821851">
        <ele>606.25</ele>
      </trkpt>
      <trkpt lat="39.769014" lon="2.821925">
        <ele>607.5</ele>
      </trkpt>
      <trkpt lat="39.769002" lon="2.822007">
        <ele>608.75</ele>
      </trkpt>
      <trkpt lat="39.769041" lon="2.822167">
        <ele>610.75</ele>
      </trkpt>
      <trkpt lat="39.769051" lon="2.822243">
        <ele>611.75</ele>
      </trkpt>
      <trkpt lat="39.769003" lon="2.822454">
        <ele>615.25</ele>
      </trkpt>
      <trkpt lat="39.769029" lon="2.82263">
        <ele>617.5</ele>
      </trkpt>
      <trkpt lat="39.769091" lon="2.822801">
        <ele>619.25</ele>
      </trkpt>
      <trkpt lat="39.769325" lon="2.822947">
        <ele>618.75</ele>
      </trkpt>
      <trkpt lat="39.769324" lon="2.822946">
        <ele>618.75</ele>
      </trkpt>
      <trkpt lat="39.769345" lon="2.822959">
        <ele>618.75</ele>
      </trkpt>
      <trkpt lat="39.769429" lon="2.823125">
        <ele>620.25</ele>
      </trkpt>
      <trkpt lat="39.76955" lon="2.823267">
        <ele>620.75</ele>
      </trkpt>
      <trkpt lat="39.770216" lon="2.823735">
        <ele>620</ele>
      </trkpt>
      <trkpt lat="39.770259" lon="2.823794">
        <ele>620.5</ele>
      </trkpt>
      <trkpt lat="39.770268" lon="2.823841">
        <ele>621.25</ele>
      </trkpt>
      <trkpt lat="39.77021" lon="2.823881">
        <ele>622.75</ele>
      </trkpt>
      <trkpt lat="39.770209" lon="2.823932">
        <ele>623.75</ele>
      </trkpt>
      <trkpt lat="39.770262" lon="2.823993">
        <ele>624</ele>
      </trkpt>
      <trkpt lat="39.770357" lon="2.824024">
        <ele>623.25</ele>
      </trkpt>
      <trkpt lat="39.770421" lon="2.82421">
        <ele>625.5</ele>
      </trkpt>
      <trkpt lat="39.770427" lon="2.824522">
        <ele>631.25</ele>
      </trkpt>
      <trkpt lat="39.770484" lon="2.824682">
        <ele>634</ele>
      </trkpt>
      <trkpt lat="39.77042" lon="2.824861">
        <ele>637.5</ele>
      </trkpt>
      <trkpt lat="39.770474" lon="2.824921">
        <ele>638.75</ele>
      </trkpt>
      <trkpt lat="39.770695" lon="2.82527">
        <ele>647.75</ele>
      </trkpt>
      <trkpt lat="39.771088" lon="2.825456">
        <ele>651.25</ele>
      </trkpt>
      <trkpt lat="39.771264" lon="2.825633">
        <ele>654.25</ele>
      </trkpt>
      <trkpt lat="39.771568" lon="2.825873">
        <ele>658.25</ele>
      </trkpt>
      <trkpt lat="39.771865" lon="2.826302">
        <ele>664.5</ele>
      </trkpt>
      <trkpt lat="39.772116" lon="2.8266">
        <ele>664.25</ele>
      </trkpt>
      <trkpt lat="39.772226" lon="2.826918">
        <ele>670</ele>
      </trkpt>
      <trkpt lat="39.772265" lon="2.827092">
        <ele>674.25</ele>
      </trkpt>
      <trkpt lat="39.77234" lon="2.827208">
        <ele>675.25</ele>
      </trkpt>
      <trkpt lat="39.772497" lon="2.827417">
        <ele>676</ele>
      </trkpt>
      <trkpt lat="39.77256" lon="2.827512">
        <ele>676.75</ele>
      </trkpt>
      <trkpt lat="39.772624" lon="2.82774">
        <ele>682</ele>
      </trkpt>
      <trkpt lat="39.772714" lon="2.827981">
        <ele>686.75</ele>
      </trkpt>
      <trkpt lat="39.773438" lon="2.828934">
        <ele>697</ele>
      </trkpt>
      <trkpt lat="39.773652" lon="2.82913">
        <ele>699.5</ele>
      </trkpt>
      <trkpt lat="39.773741" lon="2.829209">
        <ele>700.75</ele>
      </trkpt>
      <trkpt lat="39.77386" lon="2.829269">
        <ele>700.5</ele>
      </trkpt>
      <trkpt lat="39.774013" lon="2.82927">
        <ele>696.5</ele>
      </trkpt>
      <trkpt lat="39.774011" lon="2.82927">
        <ele>697.25</ele>
      </trkpt>
      <trkpt lat="39.774052" lon="2.829271">
        <ele>696.5</ele>
      </trkpt>
      <trkpt lat="39.774253" lon="2.829368">
        <ele>697.5</ele>
      </trkpt>
      <trkpt lat="39.774376" lon="2.829396">
        <ele>698</ele>
      </trkpt>
      <trkpt lat="39.774628" lon="2.829478">
        <ele>700.25</ele>
      </trkpt>
      <trkpt lat="39.77493" lon="2.829531">
        <ele>701</ele>
      </trkpt>
      <trkpt lat="39.775786" lon="2.829612">
        <ele>699.25</ele>
      </trkpt>
      <trkpt lat="39.775921" lon="2.829636">
        <ele>700</ele>
      </trkpt>
      <trkpt lat="39.776214" lon="2.829817">
        <ele>705.25</ele>
      </trkpt>
      <trkpt lat="39.776433" lon="2.82999">
        <ele>707.75</ele>
      </trkpt>
      <trkpt lat="39.776567" lon="2.830149">
        <ele>709.25</ele>
      </trkpt>
      <trkpt lat="39.776656" lon="2.830296">
        <ele>710.5</ele>
      </trkpt>
      <trkpt lat="39.77685" lon="2.830459">
        <ele>713</ele>
      </trkpt>
      <trkpt lat="39.77691" lon="2.830492">
        <ele>713</ele>
      </trkpt>
      <trkpt lat="39.777069" lon="2.830553">
        <ele>713</ele>
      </trkpt>
      <trkpt lat="39.777174" lon="2.830636">
        <ele>712.5</ele>
      </trkpt>
      <trkpt lat="39.777291" lon="2.830712">
        <ele>711.25</ele>
      </trkpt>
      <trkpt lat="39.777369" lon="2.830798">
        <ele>710</ele>
      </trkpt>
      <trkpt lat="39.777444" lon="2.830831">
        <ele>708.75</ele>
      </trkpt>
      <trkpt lat="39.777643" lon="2.830875">
        <ele>709.25</ele>
      </trkpt>
      <trkpt lat="39.777694" lon="2.83086">
        <ele>710.25</ele>
      </trkpt>
      <trkpt lat="39.778071" lon="2.831044">
        <ele>709.25</ele>
      </trkpt>
      <trkpt lat="39.778371" lon="2.831113">
        <ele>709</ele>
      </trkpt>
      <trkpt lat="39.778736" lon="2.831092">
        <ele>717.25</ele>
      </trkpt>
      <trkpt lat="39.778908" lon="2.831122">
        <ele>719.5</ele>
      </trkpt>
      <trkpt lat="39.779047" lon="2.831207">
        <ele>718.75</ele>
      </trkpt>
      <trkpt lat="39.779474" lon="2.831769">
        <ele>705</ele>
      </trkpt>
      <trkpt lat="39.779818" lon="2.832016">
        <ele>703.75</ele>
      </trkpt>
      <trkpt lat="39.780057" lon="2.832344">
        <ele>696.5</ele>
      </trkpt>
      <trkpt lat="39.78009" lon="2.832364">
        <ele>694.75</ele>
      </trkpt>
      <trkpt lat="39.780089" lon="2.832363">
        <ele>696</ele>
      </trkpt>
      <trkpt lat="39.780186" lon="2.832421">
        <ele>694.75</ele>
      </trkpt>
      <trkpt lat="39.780307" lon="2.832455">
        <ele>694.75</ele>
      </trkpt>
      <trkpt lat="39.78037" lon="2.832386">
        <ele>697.75</ele>
      </trkpt>
      <trkpt lat="39.780428" lon="2.832371">
        <ele>698.75</ele>
      </trkpt>
      <trkpt lat="39.780544" lon="2.832418">
        <ele>698.5</ele>
      </trkpt>
      <trkpt lat="39.780655" lon="2.832377">
        <ele>700.75</ele>
      </trkpt>
      <trkpt lat="39.78091" lon="2.83242">
        <ele>701.5</ele>
      </trkpt>
      <trkpt lat="39.780989" lon="2.832418">
        <ele>702</ele>
      </trkpt>
      <trkpt lat="39.781057" lon="2.832351">
        <ele>704.25</ele>
      </trkpt>
      <trkpt lat="39.781111" lon="2.832339">
        <ele>705</ele>
      </trkpt>
      <trkpt lat="39.781319" lon="2.832291">
        <ele>707.5</ele>
      </trkpt>
      <trkpt lat="39.781709" lon="2.832321">
        <ele>708.75</ele>
      </trkpt>
      <trkpt lat="39.781879" lon="2.832431">
        <ele>706.5</ele>
      </trkpt>
      <trkpt lat="39.782009" lon="2.832341">
        <ele>710.75</ele>
      </trkpt>
      <trkpt lat="39.782349" lon="2.832321">
        <ele>714.5</ele>
      </trkpt>
      <trkpt lat="39.782509" lon="2.832171">
        <ele>722.5</ele>
      </trkpt>
      <trkpt lat="39.782472" lon="2.832127">
        <ele>724</ele>
      </trkpt>
      <trkpt lat="39.782779" lon="2.831871">
        <ele>733.75</ele>
      </trkpt>
      <trkpt lat="39.783416" lon="2.831478">
        <ele>742.75</ele>
      </trkpt>
      <trkpt lat="39.78375" lon="2.8313">
        <ele>747.75</ele>
      </trkpt>
      <trkpt lat="39.784034" lon="2.831198">
        <ele>748.25</ele>
      </trkpt>
      <trkpt lat="39.784279" lon="2.831161">
        <ele>748.75</ele>
      </trkpt>
      <trkpt lat="39.784474" lon="2.831195">
        <ele>749.75</ele>
      </trkpt>
      <trkpt lat="39.784546" lon="2.831191">
        <ele>750.5</ele>
      </trkpt>
      <trkpt lat="39.784673" lon="2.831099">
        <ele>753.25</ele>
      </trkpt>
      <trkpt lat="39.784889" lon="2.831158">
        <ele>754.25</ele>
      </trkpt>
      <trkpt lat="39.785166" lon="2.831401">
        <ele>755.25</ele>
      </trkpt>
      <trkpt lat="39.785244" lon="2.831507">
        <ele>756</ele>
      </trkpt>
      <trkpt lat="39.785707" lon="2.831408">
        <ele>762.75</ele>
      </trkpt>
      <trkpt lat="39.785775" lon="2.831343">
        <ele>763</ele>
      </trkpt>
      <trkpt lat="39.785776" lon="2.831303">
        <ele>762.75</ele>
      </trkpt>
      <trkpt lat="39.785769" lon="2.831226">
        <ele>762</ele>
      </trkpt>
      <trkpt lat="39.785812" lon="2.831208">
        <ele>762.25</ele>
      </trkpt>
      <trkpt lat="39.785853" lon="2.831128">
        <ele>761.75</ele>
      </trkpt>
      <trkpt lat="39.78597" lon="2.831081">
        <ele>760.5</ele>
      </trkpt>
      <trkpt lat="39.78597" lon="2.831081">
        <ele>761</ele>
      </trkpt>
      <trkpt lat="39.786127" lon="2.83102">
        <ele>760.5</ele>
      </trkpt>
      <trkpt lat="39.786482" lon="2.830655">
        <ele>760.75</ele>
      </trkpt>
      <trkpt lat="39.786974" lon="2.83008">
        <ele>762.75</ele>
      </trkpt>
      <trkpt lat="39.787037" lon="2.829911">
        <ele>764.25</ele>
      </trkpt>
      <trkpt lat="39.787119" lon="2.829473">
        <ele>770.75</ele>
      </trkpt>
      <trkpt lat="39.787285" lon="2.829285">
        <ele>768.75</ele>
      </trkpt>
      <trkpt lat="39.787426" lon="2.829086">
        <ele>767.5</ele>
      </trkpt>
      <trkpt lat="39.787538" lon="2.828889">
        <ele>769.75</ele>
      </trkpt>
      <trkpt lat="39.78758" lon="2.828519">
        <ele>778.25</ele>
      </trkpt>
      <trkpt lat="39.78761" lon="2.828436">
        <ele>780</ele>
      </trkpt>
      <trkpt lat="39.787681" lon="2.828321">
        <ele>782.25</ele>
      </trkpt>
      <trkpt lat="39.787767" lon="2.828266">
        <ele>782.5</ele>
      </trkpt>
      <trkpt lat="39.787877" lon="2.828283">
        <ele>781.75</ele>
      </trkpt>
      <trkpt lat="39.787889" lon="2.828475">
        <ele>778.25</ele>
      </trkpt>
      <trkpt lat="39.787893" lon="2.828552">
        <ele>776.75</ele>
      </trkpt>
      <trkpt lat="39.787907" lon="2.828575">
        <ele>772.25</ele>
      </trkpt>
      <trkpt lat="39.787906" lon="2.828574">
        <ele>776.25</ele>
      </trkpt>
      <trkpt lat="39.788047" lon="2.828806">
        <ele>772.25</ele>
      </trkpt>
      <trkpt lat="39.788068" lon="2.8289">
        <ele>770.75</ele>
      </trkpt>
      <trkpt lat="39.788231" lon="2.82914">
        <ele>767.75</ele>
      </trkpt>
      <trkpt lat="39.788382" lon="2.829287">
        <ele>768</ele>
      </trkpt>
      <trkpt lat="39.788505" lon="2.829447">
        <ele>769</ele>
      </trkpt>
      <trkpt lat="39.788622" lon="2.829758">
        <ele>769.25</ele>
      </trkpt>
      <trkpt lat="39.78869" lon="2.829909">
        <ele>769.5</ele>
      </trkpt>
      <trkpt lat="39.788769" lon="2.830164">
        <ele>768.75</ele>
      </trkpt>
      <trkpt lat="39.788811" lon="2.83021">
        <ele>769</ele>
      </trkpt>
      <trkpt lat="39.78885" lon="2.830227">
        <ele>769.5</ele>
      </trkpt>
      <trkpt lat="39.788941" lon="2.830215">
        <ele>770.75</ele>
      </trkpt>
      <trkpt lat="39.788993" lon="2.830278">
        <ele>770.75</ele>
      </trkpt>
      <trkpt lat="39.789212" lon="2.830414">
        <ele>772.25</ele>
      </trkpt>
      <trkpt lat="39.789498" lon="2.830676">
        <ele>772.5</ele>
      </trkpt>
      <trkpt lat="39.789548" lon="2.830769">
        <ele>771.5</ele>
      </trkpt>
      <trkpt lat="39.789573" lon="2.830863">
        <ele>771</ele>
      </trkpt>
      <trkpt lat="39.789572" lon="2.830936">
        <ele>771.25</ele>
      </trkpt>
      <trkpt lat="39.789558" lon="2.83109">
        <ele>772</ele>
      </trkpt>
      <trkpt lat="39.789555" lon="2.831227">
        <ele>772.75</ele>
      </trkpt>
      <trkpt lat="39.789569" lon="2.831631">
        <ele>774.75</ele>
      </trkpt>
      <trkpt lat="39.791098" lon="2.833124">
        <ele>799.25</ele>
      </trkpt>
      <trkpt lat="39.791812" lon="2.833499">
        <ele>803.5</ele>
      </trkpt>
      <trkpt lat="39.791976" lon="2.833635">
        <ele>805.25</ele>
      </trkpt>
      <trkpt lat="39.792076" lon="2.833801">
        <ele>807.75</ele>
      </trkpt>
      <trkpt lat="39.792118" lon="2.834064">
        <ele>812.5</ele>
      </trkpt>
      <trkpt lat="39.792323" lon="2.834397">
        <ele>818.5</ele>
      </trkpt>
      <trkpt lat="39.792848" lon="2.834669">
        <ele>820.75</ele>
      </trkpt>
      <trkpt lat="39.793393" lon="2.835067">
        <ele>826.75</ele>
      </trkpt>
      <trkpt lat="39.79383" lon="2.83531">
        <ele>831.5</ele>
      </trkpt>
      <trkpt lat="39.793828" lon="2.83531">
        <ele>831.25</ele>
      </trkpt>
      <trkpt lat="39.793845" lon="2.835319">
        <ele>831.5</ele>
      </trkpt>
      <trkpt lat="39.79539" lon="2.836581">
        <ele>850.75</ele>
      </trkpt>
      <trkpt lat="39.79578" lon="2.836833">
        <ele>853.5</ele>
      </trkpt>
      <trkpt lat="39.795948" lon="2.837097">
        <ele>861.5</ele>
      </trkpt>
      <trkpt lat="39.796185" lon="2.837166">
        <ele>864.75</ele>
      </trkpt>
      <trkpt lat="39.7976" lon="2.838351">
        <ele>901.75</ele>
      </trkpt>
      <trkpt lat="39.7978" lon="2.838609">
        <ele>912.75</ele>
      </trkpt>
      <trkpt lat="39.797907" lon="2.838761">
        <ele>919</ele>
      </trkpt>
      <trkpt lat="39.798023" lon="2.8388">
        <ele>921.25</ele>
      </trkpt>
      <trkpt lat="39.798044" lon="2.83904">
        <ele>929.25</ele>
      </trkpt>
      <trkpt lat="39.798092" lon="2.839094">
        <ele>931.5</ele>
      </trkpt>
      <trkpt lat="39.798293" lon="2.838998">
        <ele>930.25</ele>
      </trkpt>
      <trkpt lat="39.798455" lon="2.839068">
        <ele>934.5</ele>
      </trkpt>
      <trkpt lat="39.798617" lon="2.839033">
        <ele>936</ele>
      </trkpt>
      <trkpt lat="39.799021" lon="2.839094">
        <ele>943.75</ele>
      </trkpt>
      <trkpt lat="39.799468" lon="2.839186">
        <ele>953.25</ele>
      </trkpt>
      <trkpt lat="39.799557" lon="2.839225">
        <ele>955.75</ele>
      </trkpt>
      <trkpt lat="39.799508" lon="2.839389">
        <ele>959.75</ele>
      </trkpt>
      <trkpt lat="39.799581" lon="2.83946">
        <ele>963.25</ele>
      </trkpt>
      <trkpt lat="39.799896" lon="2.839399">
        <ele>966.25</ele>
      </trkpt>
      <trkpt lat="39.80009" lon="2.839293">
        <ele>965</ele>
      </trkpt>
      <trkpt lat="39.800301" lon="2.83929">
        <ele>965.5</ele>
      </trkpt>
      <trkpt lat="39.800285" lon="2.839418">
        <ele>969</ele>
      </trkpt>
      <trkpt lat="39.800179" lon="2.839605">
        <ele>974</ele>
      </trkpt>
      <trkpt lat="39.800199" lon="2.839667">
        <ele>976</ele>
      </trkpt>
      <trkpt lat="39.800432" lon="2.839678">
        <ele>976.25</ele>
      </trkpt>
      <trkpt lat="39.800586" lon="2.839759">
        <ele>980.25</ele>
      </trkpt>
      <trkpt lat="39.800585" lon="2.839758">
        <ele>978</ele>
      </trkpt>
      <trkpt lat="39.800752" lon="2.839847">
        <ele>980.25</ele>
      </trkpt>
      <trkpt lat="39.801276" lon="2.840655">
        <ele>996.25</ele>
      </trkpt>
      <trkpt lat="39.801422" lon="2.840807">
        <ele>997.5</ele>
      </trkpt>
      <trkpt lat="39.80142" lon="2.84084">
        <ele>998.25</ele>
      </trkpt>
      <trkpt lat="39.801109" lon="2.840785">
        <ele>1001</ele>
      </trkpt>
      <trkpt lat="39.800932" lon="2.840553">
        <ele>997.5</ele>
      </trkpt>
      <trkpt lat="39.800779" lon="2.840431">
        <ele>995.5</ele>
      </trkpt>
      <trkpt lat="39.800778" lon="2.840465">
        <ele>996.5</ele>
      </trkpt>
      <trkpt lat="39.800935" lon="2.841004">
        <ele>1009.75</ele>
      </trkpt>
      <trkpt lat="39.801388" lon="2.841497">
        <ele>1015</ele>
      </trkpt>
      <trkpt lat="39.801402" lon="2.841593">
        <ele>1017</ele>
      </trkpt>
      <trkpt lat="39.801432" lon="2.841685">
        <ele>1018.75</ele>
      </trkpt>
      <trkpt lat="39.801585" lon="2.841897">
        <ele>1021.5</ele>
      </trkpt>
      <trkpt lat="39.801701" lon="2.841977">
        <ele>1021.75</ele>
      </trkpt>
      <trkpt lat="39.801801" lon="2.842069">
        <ele>1023.75</ele>
      </trkpt>
      <trkpt lat="39.802021" lon="2.842328">
        <ele>1029.5</ele>
      </trkpt>
      <trkpt lat="39.802045" lon="2.842389">
        <ele>1030.75</ele>
      </trkpt>
      <trkpt lat="39.802102" lon="2.842408">
        <ele>1030.75</ele>
      </trkpt>
      <trkpt lat="39.802256" lon="2.842561">
        <ele>1033.25</ele>
      </trkpt>
      <trkpt lat="39.802324" lon="2.842648">
        <ele>1034.25</ele>
      </trkpt>
      <trkpt lat="39.802351" lon="2.842716">
        <ele>1035.25</ele>
      </trkpt>
      <trkpt lat="39.802397" lon="2.842766">
        <ele>1035.5</ele>
      </trkpt>
      <trkpt lat="39.802492" lon="2.842929">
        <ele>1036.75</ele>
      </trkpt>
      <trkpt lat="39.802547" lon="2.843002">
        <ele>1037.75</ele>
      </trkpt>
      <trkpt lat="39.802688" lon="2.843257">
        <ele>1041.25</ele>
      </trkpt>
      <trkpt lat="39.80272" lon="2.84338">
        <ele>1042.75</ele>
      </trkpt>
      <trkpt lat="39.802771" lon="2.843447">
        <ele>1043.75</ele>
      </trkpt>
      <trkpt lat="39.802831" lon="2.843545">
        <ele>1045</ele>
      </trkpt>
      <trkpt lat="39.803003" lon="2.843919">
        <ele>1049</ele>
      </trkpt>
      <trkpt lat="39.803052" lon="2.844042">
        <ele>1050.25</ele>
      </trkpt>
      <trkpt lat="39.803092" lon="2.844181">
        <ele>1051.75</ele>
      </trkpt>
      <trkpt lat="39.803264" lon="2.844509">
        <ele>1057</ele>
      </trkpt>
      <trkpt lat="39.803708" lon="2.845269">
        <ele>1070.25</ele>
      </trkpt>
      <trkpt lat="39.803757" lon="2.845336">
        <ele>1071.5</ele>
      </trkpt>
      <trkpt lat="39.803874" lon="2.845388">
        <ele>1071.5</ele>
      </trkpt>
      <trkpt lat="39.803961" lon="2.845464">
        <ele>1072</ele>
      </trkpt>
      <trkpt lat="39.804075" lon="2.845581">
        <ele>1072.75</ele>
      </trkpt>
      <trkpt lat="39.804154" lon="2.845686">
        <ele>1073.5</ele>
      </trkpt>
      <trkpt lat="39.804266" lon="2.845859">
        <ele>1077.25</ele>
      </trkpt>
      <trkpt lat="39.804338" lon="2.846012">
        <ele>1081.5</ele>
      </trkpt>
      <trkpt lat="39.804427" lon="2.846103">
        <ele>1084.25</ele>
      </trkpt>
      <trkpt lat="39.804524" lon="2.846227">
        <ele>1087.5</ele>
      </trkpt>
      <trkpt lat="39.804689" lon="2.846348">
        <ele>1090.5</ele>
      </trkpt>
      <trkpt lat="39.804731" lon="2.846405">
        <ele>1091.75</ele>
      </trkpt>
      <trkpt lat="39.80488" lon="2.846436">
        <ele>1092.5</ele>
      </trkpt>
      <trkpt lat="39.804931" lon="2.846476">
        <ele>1093.5</ele>
      </trkpt>
      <trkpt lat="39.804901" lon="2.846522">
        <ele>1094.25</ele>
      </trkpt>
      <trkpt lat="39.804831" lon="2.846568">
        <ele>1095.25</ele>
      </trkpt>
      <trkpt lat="39.804801" lon="2.846613">
        <ele>1096</ele>
      </trkpt>
      <trkpt lat="39.804809" lon="2.846635">
        <ele>1096.5</ele>
      </trkpt>
      <trkpt lat="39.804818" lon="2.846653">
        <ele>1096.75</ele>
      </trkpt>
      <trkpt lat="39.804901" lon="2.846699">
        <ele>1097.75</ele>
      </trkpt>
      <trkpt lat="39.804937" lon="2.846749">
        <ele>1099</ele>
      </trkpt>
      <trkpt lat="39.805086" lon="2.846831">
        <ele>1101</ele>
      </trkpt>
      <trkpt lat="39.805163" lon="2.846928">
        <ele>1103.75</ele>
      </trkpt>
      <trkpt lat="39.805231" lon="2.84699">
        <ele>1105.25</ele>
      </trkpt>
      <trkpt lat="39.805262" lon="2.84707">
        <ele>1107.25</ele>
      </trkpt>
      <trkpt lat="39.805379" lon="2.847082">
        <ele>1108</ele>
      </trkpt>
      <trkpt lat="39.805508" lon="2.84712">
        <ele>1109.25</ele>
      </trkpt>
      <trkpt lat="39.805644" lon="2.847176">
        <ele>1111</ele>
      </trkpt>
      <trkpt lat="39.80572" lon="2.847165">
        <ele>1111</ele>
      </trkpt>
      <trkpt lat="39.805785" lon="2.847169">
        <ele>1111.25</ele>
      </trkpt>
      <trkpt lat="39.805869" lon="2.847233">
        <ele>1113</ele>
      </trkpt>
      <trkpt lat="39.80588" lon="2.847281">
        <ele>1114</ele>
      </trkpt>
      <trkpt lat="39.805845" lon="2.847356">
        <ele>1115.25</ele>
      </trkpt>
      <trkpt lat="39.8058" lon="2.847456">
        <ele>1117</ele>
      </trkpt>
      <trkpt lat="39.805749" lon="2.847541">
        <ele>1118.75</ele>
      </trkpt>
      <trkpt lat="39.805667" lon="2.847635">
        <ele>1121.25</ele>
      </trkpt>
      <trkpt lat="39.805664" lon="2.847674">
        <ele>1122.5</ele>
      </trkpt>
      <trkpt lat="39.805666" lon="2.847713">
        <ele>1123.5</ele>
      </trkpt>
      <trkpt lat="39.805694" lon="2.847737">
        <ele>1124.25</ele>
      </trkpt>
      <trkpt lat="39.805778" lon="2.847722">
        <ele>1123.75</ele>
      </trkpt>
      <trkpt lat="39.805823" lon="2.847749">
        <ele>1124.5</ele>
      </trkpt>
      <trkpt lat="39.805791" lon="2.847845">
        <ele>1127</ele>
      </trkpt>
      <trkpt lat="39.805726" lon="2.847941">
        <ele>1129.75</ele>
      </trkpt>
      <trkpt lat="39.805718" lon="2.84805">
        <ele>1132.75</ele>
      </trkpt>
      <trkpt lat="39.805763" lon="2.848046">
        <ele>1132.5</ele>
      </trkpt>
      <trkpt lat="39.805837" lon="2.84801">
        <ele>1131.25</ele>
      </trkpt>
      <trkpt lat="39.805891" lon="2.84802">
        <ele>1131.5</ele>
      </trkpt>
      <trkpt lat="39.805944" lon="2.84812">
        <ele>1134</ele>
      </trkpt>
      <trkpt lat="39.805996" lon="2.848173">
        <ele>1135.25</ele>
      </trkpt>
      <trkpt lat="39.806035" lon="2.848242">
        <ele>1137</ele>
      </trkpt>
      <trkpt lat="39.806102" lon="2.848412">
        <ele>1141.25</ele>
      </trkpt>
      <trkpt lat="39.806086" lon="2.848452">
        <ele>1142.75</ele>
      </trkpt>
      <trkpt lat="39.806045" lon="2.848503">
        <ele>1144.5</ele>
      </trkpt>
      <trkpt lat="39.806084" lon="2.848553">
        <ele>1145.75</ele>
      </trkpt>
      <trkpt lat="39.806133" lon="2.848575">
        <ele>1146.25</ele>
      </trkpt>
      <trkpt lat="39.806235" lon="2.848665">
        <ele>1148</ele>
      </trkpt>
      <trkpt lat="39.806259" lon="2.848786">
        <ele>1151.25</ele>
      </trkpt>
      <trkpt lat="39.806319" lon="2.848866">
        <ele>1153</ele>
      </trkpt>
      <trkpt lat="39.806368" lon="2.848986">
        <ele>1155.75</ele>
      </trkpt>
      <trkpt lat="39.806433" lon="2.84906">
        <ele>1156.75</ele>
      </trkpt>
      <trkpt lat="39.806486" lon="2.849064">
        <ele>1156</ele>
      </trkpt>
      <trkpt lat="39.806541" lon="2.849057">
        <ele>1155.25</ele>
      </trkpt>
      <trkpt lat="39.806744" lon="2.849209">
        <ele>1157.5</ele>
      </trkpt>
      <trkpt lat="39.806854" lon="2.849272">
        <ele>1160</ele>
      </trkpt>
      <trkpt lat="39.806917" lon="2.849319">
        <ele>1161.5</ele>
      </trkpt>
      <trkpt lat="39.806948" lon="2.849371">
        <ele>1163</ele>
      </trkpt>
      <trkpt lat="39.806942" lon="2.849405">
        <ele>1164</ele>
      </trkpt>
      <trkpt lat="39.806911" lon="2.849427">
        <ele>1164.5</ele>
      </trkpt>
      <trkpt lat="39.806843" lon="2.849432">
        <ele>1164.75</ele>
      </trkpt>
      <trkpt lat="39.806755" lon="2.849451">
        <ele>1165.5</ele>
      </trkpt>
      <trkpt lat="39.806737" lon="2.849486">
        <ele>1166.5</ele>
      </trkpt>
      <trkpt lat="39.806765" lon="2.849553">
        <ele>1168.5</ele>
      </trkpt>
      <trkpt lat="39.806866" lon="2.849685">
        <ele>1172.25</ele>
      </trkpt>
      <trkpt lat="39.806941" lon="2.849839">
        <ele>1176.25</ele>
      </trkpt>
      <trkpt lat="39.806942" lon="2.849892">
        <ele>1177.75</ele>
      </trkpt>
      <trkpt lat="39.80687" lon="2.849872">
        <ele>1177.75</ele>
      </trkpt>
      <trkpt lat="39.806793" lon="2.849872">
        <ele>1178.5</ele>
      </trkpt>
      <trkpt lat="39.806668" lon="2.849908">
        <ele>1180.75</ele>
      </trkpt>
      <trkpt lat="39.806566" lon="2.849915">
        <ele>1183.25</ele>
      </trkpt>
      <trkpt lat="39.806779" lon="2.850089">
        <ele>1185.75</ele>
      </trkpt>
      <trkpt lat="39.806831" lon="2.850163">
        <ele>1187.5</ele>
      </trkpt>
      <trkpt lat="39.806859" lon="2.850237">
        <ele>1189.5</ele>
      </trkpt>
      <trkpt lat="39.806945" lon="2.850306">
        <ele>1190.5</ele>
      </trkpt>
      <trkpt lat="39.806993" lon="2.850365">
        <ele>1191.5</ele>
      </trkpt>
      <trkpt lat="39.807012" lon="2.850434">
        <ele>1193.25</ele>
      </trkpt>
      <trkpt lat="39.807113" lon="2.850594">
        <ele>1196.25</ele>
      </trkpt>
      <trkpt lat="39.807244" lon="2.850648">
        <ele>1195.25</ele>
      </trkpt>
      <trkpt lat="39.807249" lon="2.850673">
        <ele>1196</ele>
      </trkpt>
      <trkpt lat="39.807244" lon="2.850696">
        <ele>1196.75</ele>
      </trkpt>
      <trkpt lat="39.807176" lon="2.850695">
        <ele>1198</ele>
      </trkpt>
      <trkpt lat="39.807165" lon="2.850709">
        <ele>1198.5</ele>
      </trkpt>
      <trkpt lat="39.807178" lon="2.850733">
        <ele>1199</ele>
      </trkpt>
      <trkpt lat="39.80732" lon="2.850763">
        <ele>1197</ele>
      </trkpt>
      <trkpt lat="39.807501" lon="2.85093">
        <ele>1197.75</ele>
      </trkpt>
      <trkpt lat="39.807589" lon="2.851049">
        <ele>1201</ele>
      </trkpt>
      <trkpt lat="39.80763" lon="2.851139">
        <ele>1203.25</ele>
      </trkpt>
      <trkpt lat="39.807687" lon="2.851187">
        <ele>1204.5</ele>
      </trkpt>
      <trkpt lat="39.807686" lon="2.851186">
        <ele>1204</ele>
      </trkpt>
      <trkpt lat="39.80771" lon="2.851207">
        <ele>1204.5</ele>
      </trkpt>
      <trkpt lat="39.807741" lon="2.851272">
        <ele>1206</ele>
      </trkpt>
      <trkpt lat="39.807837" lon="2.851371">
        <ele>1207.25</ele>
      </trkpt>
      <trkpt lat="39.807894" lon="2.851457">
        <ele>1208.5</ele>
      </trkpt>
      <trkpt lat="39.808017" lon="2.851541">
        <ele>1208.25</ele>
      </trkpt>
      <trkpt lat="39.808095" lon="2.851625">
        <ele>1208.5</ele>
      </trkpt>
      <trkpt lat="39.808172" lon="2.851672">
        <ele>1207.75</ele>
      </trkpt>
      <trkpt lat="39.80828" lon="2.851836">
        <ele>1207.5</ele>
      </trkpt>
      <trkpt lat="39.808366" lon="2.851927">
        <ele>1207.25</ele>
      </trkpt>
      <trkpt lat="39.808515" lon="2.852004">
        <ele>1208</ele>
      </trkpt>
      <trkpt lat="39.808551" lon="2.85205">
        <ele>1208.25</ele>
      </trkpt>
      <trkpt lat="39.808552" lon="2.852083">
        <ele>1208.25</ele>
      </trkpt>
      <trkpt lat="39.808833" lon="2.852112">
        <ele>1208</ele>
      </trkpt>
      <trkpt lat="39.808887" lon="2.852147">
        <ele>1207.5</ele>
      </trkpt>
      <trkpt lat="39.809093" lon="2.852236">
        <ele>1206</ele>
      </trkpt>
      <trkpt lat="39.809183" lon="2.852277">
        <ele>1204.5</ele>
      </trkpt>
      <trkpt lat="39.809217" lon="2.852259">
        <ele>1203.5</ele>
      </trkpt>
      <trkpt lat="39.80926" lon="2.852295">
        <ele>1201.5</ele>
      </trkpt>
      <trkpt lat="39.809328" lon="2.852269">
        <ele>1199.5</ele>
      </trkpt>
      <trkpt lat="39.809409" lon="2.8523">
        <ele>1196.25</ele>
      </trkpt>
      <trkpt lat="39.809536" lon="2.852271">
        <ele>1192.25</ele>
      </trkpt>
      <trkpt lat="39.8096" lon="2.852307">
        <ele>1189.25</ele>
      </trkpt>
      <trkpt lat="39.809627" lon="2.852285">
        <ele>1188.75</ele>
      </trkpt>
      <trkpt lat="39.809649" lon="2.852249">
        <ele>1188.5</ele>
      </trkpt>
      <trkpt lat="39.809658" lon="2.852184">
        <ele>1189.25</ele>
      </trkpt>
      <trkpt lat="39.809686" lon="2.852104">
        <ele>1189.5</ele>
      </trkpt>
      <trkpt lat="39.809702" lon="2.852038">
        <ele>1190</ele>
      </trkpt>
      <trkpt lat="39.809713" lon="2.851956">
        <ele>1191</ele>
      </trkpt>
      <trkpt lat="39.809777" lon="2.851842">
        <ele>1190.5</ele>
      </trkpt>
      <trkpt lat="39.809834" lon="2.851781">
        <ele>1189.5</ele>
      </trkpt>
      <trkpt lat="39.809876" lon="2.851761">
        <ele>1188.5</ele>
      </trkpt>
      <trkpt lat="39.809893" lon="2.851778">
        <ele>1187.75</ele>
      </trkpt>
      <trkpt lat="39.809892" lon="2.851843">
        <ele>1186.5</ele>
      </trkpt>
      <trkpt lat="39.809875" lon="2.851961">
        <ele>1185.25</ele>
      </trkpt>
      <trkpt lat="39.809845" lon="2.852014">
        <ele>1185.5</ele>
      </trkpt>
      <trkpt lat="39.809853" lon="2.852172">
        <ele>1182.5</ele>
      </trkpt>
      <trkpt lat="39.809848" lon="2.852226">
        <ele>1181.75</ele>
      </trkpt>
      <trkpt lat="39.80987" lon="2.852265">
        <ele>1180.5</ele>
      </trkpt>
      <trkpt lat="39.809949" lon="2.85218">
        <ele>1179</ele>
      </trkpt>
      <trkpt lat="39.810008" lon="2.852104">
        <ele>1178.25</ele>
      </trkpt>
      <trkpt lat="39.810103" lon="2.852033">
        <ele>1174.5</ele>
      </trkpt>
      <trkpt lat="39.810161" lon="2.851958">
        <ele>1172.5</ele>
      </trkpt>
      <trkpt lat="39.810237" lon="2.851893">
        <ele>1169.5</ele>
      </trkpt>
      <trkpt lat="39.810372" lon="2.851868">
        <ele>1162.75</ele>
      </trkpt>
      <trkpt lat="39.810425" lon="2.851887">
        <ele>1159.75</ele>
      </trkpt>
      <trkpt lat="39.810473" lon="2.851858">
        <ele>1157.5</ele>
      </trkpt>
      <trkpt lat="39.810507" lon="2.851823">
        <ele>1156</ele>
      </trkpt>
      <trkpt lat="39.810558" lon="2.851809">
        <ele>1153.5</ele>
      </trkpt>
      <trkpt lat="39.810592" lon="2.85181">
        <ele>1151.75</ele>
      </trkpt>
      <trkpt lat="39.81063" lon="2.851924">
        <ele>1148.5</ele>
      </trkpt>
      <trkpt lat="39.810634" lon="2.851963">
        <ele>1147.75</ele>
      </trkpt>
      <trkpt lat="39.810659" lon="2.852025">
        <ele>1145.75</ele>
      </trkpt>
      <trkpt lat="39.810596" lon="2.852145">
        <ele>1147.75</ele>
      </trkpt>
      <trkpt lat="39.810713" lon="2.852182">
        <ele>1141.5</ele>
      </trkpt>
      <trkpt lat="39.810826" lon="2.852239">
        <ele>1135.5</ele>
      </trkpt>
      <trkpt lat="39.810958" lon="2.852105">
        <ele>1133.75</ele>
      </trkpt>
      <trkpt lat="39.811054" lon="2.852169">
        <ele>1131.75</ele>
      </trkpt>
      <trkpt lat="39.811073" lon="2.852221">
        <ele>1131.25</ele>
      </trkpt>
      <trkpt lat="39.811086" lon="2.852284">
        <ele>1130.75</ele>
      </trkpt>
      <trkpt lat="39.811157" lon="2.852355">
        <ele>1129.75</ele>
      </trkpt>
      <trkpt lat="39.811268" lon="2.852426">
        <ele>1128.25</ele>
      </trkpt>
      <trkpt lat="39.811285" lon="2.852489">
        <ele>1128</ele>
      </trkpt>
      <trkpt lat="39.811292" lon="2.852558">
        <ele>1127.25</ele>
      </trkpt>
      <trkpt lat="39.811338" lon="2.852553">
        <ele>1126.75</ele>
      </trkpt>
      <trkpt lat="39.811385" lon="2.85245">
        <ele>1126.75</ele>
      </trkpt>
      <trkpt lat="39.811423" lon="2.852434">
        <ele>1126.25</ele>
      </trkpt>
      <trkpt lat="39.811444" lon="2.85245">
        <ele>1126</ele>
      </trkpt>
      <trkpt lat="39.811487" lon="2.852527">
        <ele>1125.5</ele>
      </trkpt>
      <trkpt lat="39.811547" lon="2.852523">
        <ele>1125</ele>
      </trkpt>
      <trkpt lat="39.811549" lon="2.852665">
        <ele>1123.75</ele>
      </trkpt>
      <trkpt lat="39.811467" lon="2.852895">
        <ele>1122</ele>
      </trkpt>
      <trkpt lat="39.811467" lon="2.852895">
        <ele>1122.25</ele>
      </trkpt>
      <trkpt lat="39.811452" lon="2.85294">
        <ele>1122</ele>
      </trkpt>
      <trkpt lat="39.811486" lon="2.853168">
        <ele>1119.75</ele>
      </trkpt>
      <trkpt lat="39.811502" lon="2.853237">
        <ele>1119.25</ele>
      </trkpt>
      <trkpt lat="39.811494" lon="2.853371">
        <ele>1117.75</ele>
      </trkpt>
      <trkpt lat="39.811517" lon="2.853576">
        <ele>1114.75</ele>
      </trkpt>
      <trkpt lat="39.811484" lon="2.853595">
        <ele>1114.25</ele>
      </trkpt>
      <trkpt lat="39.811443" lon="2.853594">
        <ele>1114</ele>
      </trkpt>
      <trkpt lat="39.811416" lon="2.853613">
        <ele>1113.5</ele>
      </trkpt>
      <trkpt lat="39.811379" lon="2.853625">
        <ele>1113.25</ele>
      </trkpt>
      <trkpt lat="39.811252" lon="2.853748">
        <ele>1110.25</ele>
      </trkpt>
      <trkpt lat="39.811145" lon="2.853902">
        <ele>1106.5</ele>
      </trkpt>
      <trkpt lat="39.811116" lon="2.853909">
        <ele>1106</ele>
      </trkpt>
      <trkpt lat="39.811091" lon="2.853943">
        <ele>1105.25</ele>
      </trkpt>
      <trkpt lat="39.811083" lon="2.854">
        <ele>1104</ele>
      </trkpt>
      <trkpt lat="39.810991" lon="2.854055">
        <ele>1102</ele>
      </trkpt>
      <trkpt lat="39.810965" lon="2.8542">
        <ele>1099</ele>
      </trkpt>
      <trkpt lat="39.81096" lon="2.854328">
        <ele>1096.75</ele>
      </trkpt>
      <trkpt lat="39.810942" lon="2.854389">
        <ele>1095.5</ele>
      </trkpt>
      <trkpt lat="39.810878" lon="2.854512">
        <ele>1092.25</ele>
      </trkpt>
      <trkpt lat="39.810829" lon="2.85464">
        <ele>1089.5</ele>
      </trkpt>
      <trkpt lat="39.810824" lon="2.854753">
        <ele>1087.75</ele>
      </trkpt>
      <trkpt lat="39.810799" lon="2.854863">
        <ele>1087</ele>
      </trkpt>
      <trkpt lat="39.810734" lon="2.854996">
        <ele>1087.75</ele>
      </trkpt>
      <trkpt lat="39.810714" lon="2.855091">
        <ele>1086.75</ele>
      </trkpt>
      <trkpt lat="39.810715" lon="2.855163">
        <ele>1085.25</ele>
      </trkpt>
      <trkpt lat="39.810671" lon="2.855338">
        <ele>1083.5</ele>
      </trkpt>
      <trkpt lat="39.810652" lon="2.855381">
        <ele>1083.5</ele>
      </trkpt>
      <trkpt lat="39.810629" lon="2.855504">
        <ele>1082</ele>
      </trkpt>
      <trkpt lat="39.81061" lon="2.855532">
        <ele>1082.5</ele>
      </trkpt>
      <trkpt lat="39.810608" lon="2.855584">
        <ele>1081.5</ele>
      </trkpt>
      <trkpt lat="39.810618" lon="2.855598">
        <ele>1080.75</ele>
      </trkpt>
      <trkpt lat="39.810566" lon="2.855824">
        <ele>1078.25</ele>
      </trkpt>
      <trkpt lat="39.81055" lon="2.856065">
        <ele>1073.5</ele>
      </trkpt>
      <trkpt lat="39.810538" lon="2.856156">
        <ele>1071.75</ele>
      </trkpt>
      <trkpt lat="39.810549" lon="2.856258">
        <ele>1069</ele>
      </trkpt>
      <trkpt lat="39.81053" lon="2.856533">
        <ele>1063.25</ele>
      </trkpt>
      <trkpt lat="39.810541" lon="2.856563">
        <ele>1062</ele>
      </trkpt>
      <trkpt lat="39.810539" lon="2.856723">
        <ele>1058.75</ele>
      </trkpt>
      <trkpt lat="39.810529" lon="2.856792">
        <ele>1058</ele>
      </trkpt>
      <trkpt lat="39.81059" lon="2.856761">
        <ele>1056.75</ele>
      </trkpt>
      <trkpt lat="39.810622" lon="2.856715">
        <ele>1056.5</ele>
      </trkpt>
      <trkpt lat="39.810631" lon="2.856691">
        <ele>1057.5</ele>
      </trkpt>
      <trkpt lat="39.810631" lon="2.856691">
        <ele>1056.5</ele>
      </trkpt>
      <trkpt lat="39.810678" lon="2.856578">
        <ele>1057.5</ele>
      </trkpt>
      <trkpt lat="39.810702" lon="2.856539">
        <ele>1057.5</ele>
      </trkpt>
      <trkpt lat="39.810733" lon="2.856456">
        <ele>1058</ele>
      </trkpt>
      <trkpt lat="39.810773" lon="2.856402">
        <ele>1057.75</ele>
      </trkpt>
      <trkpt lat="39.81078" lon="2.856365">
        <ele>1058.25</ele>
      </trkpt>
      <trkpt lat="39.81081" lon="2.856308">
        <ele>1058.25</ele>
      </trkpt>
      <trkpt lat="39.810856" lon="2.856299">
        <ele>1058.25</ele>
      </trkpt>
      <trkpt lat="39.811001" lon="2.856385">
        <ele>1062.25</ele>
      </trkpt>
      <trkpt lat="39.811058" lon="2.856421">
        <ele>1063.75</ele>
      </trkpt>
      <trkpt lat="39.81117" lon="2.856531">
        <ele>1066.25</ele>
      </trkpt>
      <trkpt lat="39.81124" lon="2.856671">
        <ele>1067</ele>
      </trkpt>
      <trkpt lat="39.811329" lon="2.856791">
        <ele>1069</ele>
      </trkpt>
      <trkpt lat="39.811373" lon="2.856878">
        <ele>1069.75</ele>
      </trkpt>
      <trkpt lat="39.8114" lon="2.856989">
        <ele>1069.75</ele>
      </trkpt>
      <trkpt lat="39.81143" lon="2.857163">
        <ele>1069</ele>
      </trkpt>
      <trkpt lat="39.811475" lon="2.857262">
        <ele>1069.75</ele>
      </trkpt>
      <trkpt lat="39.81149" lon="2.857346">
        <ele>1069.25</ele>
      </trkpt>
      <trkpt lat="39.811488" lon="2.857381">
        <ele>1069</ele>
      </trkpt>
      <trkpt lat="39.811503" lon="2.857455">
        <ele>1068.75</ele>
      </trkpt>
      <trkpt lat="39.811509" lon="2.857522">
        <ele>1068.25</ele>
      </trkpt>
      <trkpt lat="39.811529" lon="2.857606">
        <ele>1068.5</ele>
      </trkpt>
      <trkpt lat="39.811557" lon="2.857684">
        <ele>1069</ele>
      </trkpt>
      <trkpt lat="39.811612" lon="2.857788">
        <ele>1070.75</ele>
      </trkpt>
      <trkpt lat="39.811616" lon="2.857859">
        <ele>1070.5</ele>
      </trkpt>
      <trkpt lat="39.811639" lon="2.857919">
        <ele>1071</ele>
      </trkpt>
      <trkpt lat="39.811656" lon="2.857985">
        <ele>1071.5</ele>
      </trkpt>
      <trkpt lat="39.811638" lon="2.858081">
        <ele>1070</ele>
      </trkpt>
      <trkpt lat="39.811645" lon="2.858202">
        <ele>1069.5</ele>
      </trkpt>
      <trkpt lat="39.811694" lon="2.858404">
        <ele>1071.5</ele>
      </trkpt>
      <trkpt lat="39.811729" lon="2.858509">
        <ele>1073.5</ele>
      </trkpt>
      <trkpt lat="39.811827" lon="2.858608">
        <ele>1079.25</ele>
      </trkpt>
      <trkpt lat="39.811835" lon="2.858668">
        <ele>1079.5</ele>
      </trkpt>
      <trkpt lat="39.811817" lon="2.858724">
        <ele>1078.25</ele>
      </trkpt>
      <trkpt lat="39.811856" lon="2.858895">
        <ele>1080.25</ele>
      </trkpt>
      <trkpt lat="39.811917" lon="2.859021">
        <ele>1083.5</ele>
      </trkpt>
      <trkpt lat="39.811958" lon="2.85906">
        <ele>1086</ele>
      </trkpt>
      <trkpt lat="39.811997" lon="2.859129">
        <ele>1088</ele>
      </trkpt>
      <trkpt lat="39.812015" lon="2.859146">
        <ele>1089</ele>
      </trkpt>
      <trkpt lat="39.812041" lon="2.859114">
        <ele>1090.5</ele>
      </trkpt>
      <trkpt lat="39.812066" lon="2.859011">
        <ele>1092.25</ele>
      </trkpt>
      <trkpt lat="39.812082" lon="2.858977">
        <ele>1093.25</ele>
      </trkpt>
      <trkpt lat="39.812128" lon="2.858957">
        <ele>1096</ele>
      </trkpt>
      <trkpt lat="39.812139" lon="2.858967">
        <ele>1096.75</ele>
      </trkpt>
      <trkpt lat="39.812146" lon="2.859012">
        <ele>1097</ele>
      </trkpt>
      <trkpt lat="39.812142" lon="2.859112">
        <ele>1096.5</ele>
      </trkpt>
      <trkpt lat="39.812169" lon="2.859241">
        <ele>1098</ele>
      </trkpt>
      <trkpt lat="39.812185" lon="2.859584">
        <ele>1099.75</ele>
      </trkpt>
      <trkpt lat="39.812225" lon="2.859676">
        <ele>1102.25</ele>
      </trkpt>
      <trkpt lat="39.812276" lon="2.85971">
        <ele>1105.25</ele>
      </trkpt>
      <trkpt lat="39.812402" lon="2.859876">
        <ele>1113</ele>
      </trkpt>
      <trkpt lat="39.812454" lon="2.859974">
        <ele>1116.25</ele>
      </trkpt>
      <trkpt lat="39.812476" lon="2.859983">
        <ele>1117.5</ele>
      </trkpt>
      <trkpt lat="39.812488" lon="2.860016">
        <ele>1118</ele>
      </trkpt>
      <trkpt lat="39.812513" lon="2.860033">
        <ele>1119</ele>
      </trkpt>
      <trkpt lat="39.812575" lon="2.860159">
        <ele>1119.25</ele>
      </trkpt>
      <trkpt lat="39.812591" lon="2.860228">
        <ele>1119.25</ele>
      </trkpt>
      <trkpt lat="39.812595" lon="2.860321">
        <ele>1118.5</ele>
      </trkpt>
      <trkpt lat="39.812627" lon="2.860417">
        <ele>1118.5</ele>
      </trkpt>
      <trkpt lat="39.812641" lon="2.86049">
        <ele>1118.25</ele>
      </trkpt>
      <trkpt lat="39.812684" lon="2.860606">
        <ele>1118.5</ele>
      </trkpt>
      <trkpt lat="39.812716" lon="2.860656">
        <ele>1119</ele>
      </trkpt>
      <trkpt lat="39.812827" lon="2.860649">
        <ele>1122</ele>
      </trkpt>
      <trkpt lat="39.812854" lon="2.860701">
        <ele>1122.25</ele>
      </trkpt>
      <trkpt lat="39.812911" lon="2.860849">
        <ele>1122.5</ele>
      </trkpt>
      <trkpt lat="39.812926" lon="2.860927">
        <ele>1122.25</ele>
      </trkpt>
      <trkpt lat="39.812956" lon="2.860958">
        <ele>1123</ele>
      </trkpt>
      <trkpt lat="39.813036" lon="2.860999">
        <ele>1124.75</ele>
      </trkpt>
      <trkpt lat="39.813079" lon="2.861003">
        <ele>1125.75</ele>
      </trkpt>
      <trkpt lat="39.813114" lon="2.860994">
        <ele>1126.75</ele>
      </trkpt>
      <trkpt lat="39.813181" lon="2.861064">
        <ele>1128</ele>
      </trkpt>
      <trkpt lat="39.813291" lon="2.86114">
        <ele>1130.5</ele>
      </trkpt>
      <trkpt lat="39.813329" lon="2.861127">
        <ele>1131.75</ele>
      </trkpt>
      <trkpt lat="39.813407" lon="2.861074">
        <ele>1128.5</ele>
      </trkpt>
      <trkpt lat="39.813455" lon="2.861073">
        <ele>1126</ele>
      </trkpt>
      <trkpt lat="39.813458" lon="2.86104">
        <ele>1126</ele>
      </trkpt>
      <trkpt lat="39.813432" lon="2.860966">
        <ele>1127.5</ele>
      </trkpt>
      <trkpt lat="39.81342" lon="2.860882">
        <ele>1128.5</ele>
      </trkpt>
      <trkpt lat="39.813434" lon="2.860845">
        <ele>1125.5</ele>
      </trkpt>
      <trkpt lat="39.813434" lon="2.860845">
        <ele>1127.75</ele>
      </trkpt>
      <trkpt lat="39.813492" lon="2.860703">
        <ele>1125.5</ele>
      </trkpt>
      <trkpt lat="39.813487" lon="2.860616">
        <ele>1126.5</ele>
      </trkpt>
      <trkpt lat="39.81351" lon="2.860411">
        <ele>1127</ele>
      </trkpt>
      <trkpt lat="39.813525" lon="2.860377">
        <ele>1126.5</ele>
      </trkpt>
      <trkpt lat="39.813519" lon="2.860213">
        <ele>1128</ele>
      </trkpt>
      <trkpt lat="39.8135" lon="2.86003">
        <ele>1130.75</ele>
      </trkpt>
      <trkpt lat="39.813522" lon="2.859901">
        <ele>1130</ele>
      </trkpt>
      <trkpt lat="39.813566" lon="2.859756">
        <ele>1128.25</ele>
      </trkpt>
      <trkpt lat="39.813603" lon="2.859536">
        <ele>1127.25</ele>
      </trkpt>
      <trkpt lat="39.813613" lon="2.859403">
        <ele>1127.25</ele>
      </trkpt>
      <trkpt lat="39.813606" lon="2.859305">
        <ele>1127.75</ele>
      </trkpt>
      <trkpt lat="39.813613" lon="2.859256">
        <ele>1127.5</ele>
      </trkpt>
      <trkpt lat="39.813637" lon="2.859231">
        <ele>1126.5</ele>
      </trkpt>
      <trkpt lat="39.813674" lon="2.859131">
        <ele>1125.5</ele>
      </trkpt>
      <trkpt lat="39.813679" lon="2.859084">
        <ele>1125.5</ele>
      </trkpt>
      <trkpt lat="39.813695" lon="2.859039">
        <ele>1125</ele>
      </trkpt>
      <trkpt lat="39.813732" lon="2.859012">
        <ele>1123.5</ele>
      </trkpt>
      <trkpt lat="39.813748" lon="2.858982">
        <ele>1123</ele>
      </trkpt>
      <trkpt lat="39.813729" lon="2.858902">
        <ele>1124.5</ele>
      </trkpt>
      <trkpt lat="39.81373" lon="2.858795">
        <ele>1125</ele>
      </trkpt>
      <trkpt lat="39.813753" lon="2.858757">
        <ele>1124.25</ele>
      </trkpt>
      <trkpt lat="39.813773" lon="2.858689">
        <ele>1123.75</ele>
      </trkpt>
      <trkpt lat="39.813776" lon="2.858651">
        <ele>1123.75</ele>
      </trkpt>
      <trkpt lat="39.813733" lon="2.858584">
        <ele>1126</ele>
      </trkpt>
      <trkpt lat="39.813705" lon="2.858532">
        <ele>1127.75</ele>
      </trkpt>
      <trkpt lat="39.8137" lon="2.85847">
        <ele>1128.25</ele>
      </trkpt>
      <trkpt lat="39.81375" lon="2.858398">
        <ele>1126.5</ele>
      </trkpt>
      <trkpt lat="39.813753" lon="2.858362">
        <ele>1126.5</ele>
      </trkpt>
      <trkpt lat="39.813765" lon="2.858342">
        <ele>1126.25</ele>
      </trkpt>
      <trkpt lat="39.813766" lon="2.858287">
        <ele>1126.5</ele>
      </trkpt>
      <trkpt lat="39.813795" lon="2.858174">
        <ele>1125.75</ele>
      </trkpt>
      <trkpt lat="39.81377" lon="2.858104">
        <ele>1127</ele>
      </trkpt>
      <trkpt lat="39.813763" lon="2.858055">
        <ele>1127.75</ele>
      </trkpt>
      <trkpt lat="39.813784" lon="2.85797">
        <ele>1127</ele>
      </trkpt>
      <trkpt lat="39.81377" lon="2.857911">
        <ele>1128</ele>
      </trkpt>
      <trkpt lat="39.813777" lon="2.85787">
        <ele>1128</ele>
      </trkpt>
      <trkpt lat="39.813788" lon="2.857856">
        <ele>1127.5</ele>
      </trkpt>
      <trkpt lat="39.813784" lon="2.857827">
        <ele>1127.75</ele>
      </trkpt>
      <trkpt lat="39.813767" lon="2.857804">
        <ele>1128.75</ele>
      </trkpt>
      <trkpt lat="39.813757" lon="2.857614">
        <ele>1130</ele>
      </trkpt>
      <trkpt lat="39.81377" lon="2.857535">
        <ele>1129.75</ele>
      </trkpt>
      <trkpt lat="39.813783" lon="2.857518">
        <ele>1129.25</ele>
      </trkpt>
      <trkpt lat="39.813787" lon="2.857495">
        <ele>1129.25</ele>
      </trkpt>
      <trkpt lat="39.813741" lon="2.857328">
        <ele>1131.75</ele>
      </trkpt>
      <trkpt lat="39.813723" lon="2.856831">
        <ele>1134.25</ele>
      </trkpt>
      <trkpt lat="39.813741" lon="2.856728">
        <ele>1133.5</ele>
      </trkpt>
      <trkpt lat="39.813851" lon="2.856471">
        <ele>1129</ele>
      </trkpt>
      <trkpt lat="39.813879" lon="2.856464">
        <ele>1127.75</ele>
      </trkpt>
      <trkpt lat="39.81388" lon="2.856433">
        <ele>1127.75</ele>
      </trkpt>
      <trkpt lat="39.813899" lon="2.856388">
        <ele>1127</ele>
      </trkpt>
      <trkpt lat="39.81394" lon="2.856454">
        <ele>1125</ele>
      </trkpt>
      <trkpt lat="39.813936" lon="2.856508">
        <ele>1125</ele>
      </trkpt>
      <trkpt lat="39.813951" lon="2.856515">
        <ele>1124.25</ele>
      </trkpt>
      <trkpt lat="39.813971" lon="2.856498">
        <ele>1123.5</ele>
      </trkpt>
      <trkpt lat="39.813979" lon="2.856383">
        <ele>1123.25</ele>
      </trkpt>
      <trkpt lat="39.813989" lon="2.856375">
        <ele>1123</ele>
      </trkpt>
      <trkpt lat="39.814011" lon="2.85638">
        <ele>1121.75</ele>
      </trkpt>
      <trkpt lat="39.814037" lon="2.856321">
        <ele>1120.75</ele>
      </trkpt>
      <trkpt lat="39.814081" lon="2.856248">
        <ele>1119</ele>
      </trkpt>
      <trkpt lat="39.814113" lon="2.85614">
        <ele>1117.75</ele>
      </trkpt>
      <trkpt lat="39.814166" lon="2.856028">
        <ele>1115.5</ele>
      </trkpt>
      <trkpt lat="39.814186" lon="2.856018">
        <ele>1115</ele>
      </trkpt>
      <trkpt lat="39.814236" lon="2.856044">
        <ele>1113.5</ele>
      </trkpt>
      <trkpt lat="39.814262" lon="2.856">
        <ele>1112.75</ele>
      </trkpt>
      <trkpt lat="39.814275" lon="2.85594">
        <ele>1112.5</ele>
      </trkpt>
      <trkpt lat="39.814307" lon="2.855862">
        <ele>1111.75</ele>
      </trkpt>
      <trkpt lat="39.814333" lon="2.855851">
        <ele>1111</ele>
      </trkpt>
      <trkpt lat="39.814397" lon="2.8558">
        <ele>1109.5</ele>
      </trkpt>
      <trkpt lat="39.814441" lon="2.855704">
        <ele>1108.5</ele>
      </trkpt>
      <trkpt lat="39.814556" lon="2.855555">
        <ele>1105.75</ele>
      </trkpt>
      <trkpt lat="39.814557" lon="2.855531">
        <ele>1105.75</ele>
      </trkpt>
      <trkpt lat="39.814675" lon="2.855308">
        <ele>1102.75</ele>
      </trkpt>
      <trkpt lat="39.814733" lon="2.855225">
        <ele>1101.25</ele>
      </trkpt>
      <trkpt lat="39.8148" lon="2.855093">
        <ele>1099.5</ele>
      </trkpt>
      <trkpt lat="39.814841" lon="2.855031">
        <ele>1098.25</ele>
      </trkpt>
      <trkpt lat="39.814906" lon="2.854972">
        <ele>1096</ele>
      </trkpt>
      <trkpt lat="39.814987" lon="2.854977">
        <ele>1093.25</ele>
      </trkpt>
      <trkpt lat="39.814998" lon="2.854951">
        <ele>1093</ele>
      </trkpt>
      <trkpt lat="39.81502" lon="2.85493">
        <ele>1092.25</ele>
      </trkpt>
      <trkpt lat="39.815086" lon="2.854888">
        <ele>1090.75</ele>
      </trkpt>
      <trkpt lat="39.815109" lon="2.854862">
        <ele>1090</ele>
      </trkpt>
      <trkpt lat="39.815117" lon="2.854824">
        <ele>1090</ele>
      </trkpt>
      <trkpt lat="39.815115" lon="2.854722">
        <ele>1090</ele>
      </trkpt>
      <trkpt lat="39.815177" lon="2.8546">
        <ele>1088.75</ele>
      </trkpt>
      <trkpt lat="39.815284" lon="2.85444">
        <ele>1086.5</ele>
      </trkpt>
      <trkpt lat="39.81531" lon="2.854508">
        <ele>1085.75</ele>
      </trkpt>
      <trkpt lat="39.815274" lon="2.854645">
        <ele>1086.25</ele>
      </trkpt>
      <trkpt lat="39.815264" lon="2.854705">
        <ele>1086.5</ele>
      </trkpt>
      <trkpt lat="39.815264" lon="2.854705">
        <ele>1086.25</ele>
      </trkpt>
      <trkpt lat="39.815264" lon="2.854706">
        <ele>1086.5</ele>
      </trkpt>
      <trkpt lat="39.815305" lon="2.854907">
        <ele>1085</ele>
      </trkpt>
      <trkpt lat="39.815306" lon="2.854994">
        <ele>1084.75</ele>
      </trkpt>
      <trkpt lat="39.815327" lon="2.855074">
        <ele>1084.25</ele>
      </trkpt>
      <trkpt lat="39.815363" lon="2.855138">
        <ele>1083.5</ele>
      </trkpt>
      <trkpt lat="39.815489" lon="2.855286">
        <ele>1080.5</ele>
      </trkpt>
      <trkpt lat="39.815515" lon="2.855377">
        <ele>1080</ele>
      </trkpt>
      <trkpt lat="39.815521" lon="2.855484">
        <ele>1080</ele>
      </trkpt>
      <trkpt lat="39.815438" lon="2.855771">
        <ele>1082.25</ele>
      </trkpt>
      <trkpt lat="39.815445" lon="2.855838">
        <ele>1082.25</ele>
      </trkpt>
      <trkpt lat="39.815464" lon="2.855906">
        <ele>1081.75</ele>
      </trkpt>
      <trkpt lat="39.815543" lon="2.855966">
        <ele>1080</ele>
      </trkpt>
      <trkpt lat="39.815729" lon="2.856208">
        <ele>1075.75</ele>
      </trkpt>
      <trkpt lat="39.815757" lon="2.856271">
        <ele>1075</ele>
      </trkpt>
      <trkpt lat="39.815757" lon="2.856343">
        <ele>1075</ele>
      </trkpt>
      <trkpt lat="39.815775" lon="2.856388">
        <ele>1074.5</ele>
      </trkpt>
      <trkpt lat="39.81582" lon="2.856637">
        <ele>1073.25</ele>
      </trkpt>
      <trkpt lat="39.815786" lon="2.856982">
        <ele>1066</ele>
      </trkpt>
      <trkpt lat="39.815655" lon="2.857484">
        <ele>1058</ele>
      </trkpt>
      <trkpt lat="39.815603" lon="2.857602">
        <ele>1055.75</ele>
      </trkpt>
      <trkpt lat="39.815571" lon="2.857787">
        <ele>1050</ele>
      </trkpt>
      <trkpt lat="39.815494" lon="2.858079">
        <ele>1042.25</ele>
      </trkpt>
      <trkpt lat="39.815452" lon="2.858107">
        <ele>1043</ele>
      </trkpt>
      <trkpt lat="39.815354" lon="2.858055">
        <ele>1049.25</ele>
      </trkpt>
      <trkpt lat="39.815175" lon="2.858078">
        <ele>1056.5</ele>
      </trkpt>
      <trkpt lat="39.815124" lon="2.858097">
        <ele>1058</ele>
      </trkpt>
      <trkpt lat="39.815089" lon="2.858128">
        <ele>1058.5</ele>
      </trkpt>
      <trkpt lat="39.815049" lon="2.8582">
        <ele>1058</ele>
      </trkpt>
      <trkpt lat="39.815005" lon="2.858519">
        <ele>1048.5</ele>
      </trkpt>
      <trkpt lat="39.814889" lon="2.858771">
        <ele>1048</ele>
      </trkpt>
      <trkpt lat="39.814867" lon="2.858909">
        <ele>1045.25</ele>
      </trkpt>
      <trkpt lat="39.814898" lon="2.85914">
        <ele>1034.5</ele>
      </trkpt>
      <trkpt lat="39.815" lon="2.858956">
        <ele>1032</ele>
      </trkpt>
      <trkpt lat="39.815017" lon="2.858926">
        <ele>1032</ele>
      </trkpt>
      <trkpt lat="39.81524" lon="2.858798">
        <ele>1022.75</ele>
      </trkpt>
      <trkpt lat="39.815209" lon="2.85893">
        <ele>1018.5</ele>
      </trkpt>
      <trkpt lat="39.815159" lon="2.859026">
        <ele>1017.75</ele>
      </trkpt>
      <trkpt lat="39.815117" lon="2.859136">
        <ele>1016</ele>
      </trkpt>
      <trkpt lat="39.81525" lon="2.859077">
        <ele>1008.75</ele>
      </trkpt>
      <trkpt lat="39.815298" lon="2.859087">
        <ele>1004.5</ele>
      </trkpt>
      <trkpt lat="39.815235" lon="2.85922">
        <ele>1004.75</ele>
      </trkpt>
      <trkpt lat="39.815194" lon="2.85934">
        <ele>1006.5</ele>
      </trkpt>
      <trkpt lat="39.815245" lon="2.859349">
        <ele>1002.25</ele>
      </trkpt>
      <trkpt lat="39.815296" lon="2.859328">
        <ele>998.25</ele>
      </trkpt>
      <trkpt lat="39.815453" lon="2.85922">
        <ele>987.5</ele>
      </trkpt>
      <trkpt lat="39.815612" lon="2.858991">
        <ele>987</ele>
      </trkpt>
      <trkpt lat="39.815661" lon="2.858966">
        <ele>985</ele>
      </trkpt>
      <trkpt lat="39.815621" lon="2.859174">
        <ele>975.25</ele>
      </trkpt>
      <trkpt lat="39.815646" lon="2.859478">
        <ele>966.75</ele>
      </trkpt>
      <trkpt lat="39.815679" lon="2.859465">
        <ele>964.25</ele>
      </trkpt>
      <trkpt lat="39.815733" lon="2.859316">
        <ele>963.25</ele>
      </trkpt>
      <trkpt lat="39.815791" lon="2.859189">
        <ele>961.75</ele>
      </trkpt>
      <trkpt lat="39.815875" lon="2.859113">
        <ele>960.25</ele>
      </trkpt>
      <trkpt lat="39.816124" lon="2.858924">
        <ele>957.75</ele>
      </trkpt>
      <trkpt lat="39.816168" lon="2.858863">
        <ele>959</ele>
      </trkpt>
      <trkpt lat="39.816205" lon="2.858847">
        <ele>957.5</ele>
      </trkpt>
      <trkpt lat="39.816192" lon="2.858988">
        <ele>949.25</ele>
      </trkpt>
      <trkpt lat="39.816174" lon="2.85907">
        <ele>945</ele>
      </trkpt>
      <trkpt lat="39.816238" lon="2.859065">
        <ele>941.5</ele>
      </trkpt>
      <trkpt lat="39.816255" lon="2.859127">
        <ele>936.5</ele>
      </trkpt>
      <trkpt lat="39.816308" lon="2.859112">
        <ele>934.5</ele>
      </trkpt>
      <trkpt lat="39.816301" lon="2.859164">
        <ele>931.5</ele>
      </trkpt>
      <trkpt lat="39.816302" lon="2.859261">
        <ele>929</ele>
      </trkpt>
      <trkpt lat="39.816327" lon="2.859303">
        <ele>926.25</ele>
      </trkpt>
      <trkpt lat="39.816376" lon="2.85925">
        <ele>924.75</ele>
      </trkpt>
      <trkpt lat="39.816411" lon="2.859246">
        <ele>922.75</ele>
      </trkpt>
      <trkpt lat="39.816517" lon="2.859045">
        <ele>926</ele>
      </trkpt>
      <trkpt lat="39.816528" lon="2.859086">
        <ele>922.75</ele>
      </trkpt>
      <trkpt lat="39.816512" lon="2.859229">
        <ele>917.25</ele>
      </trkpt>
      <trkpt lat="39.816564" lon="2.859175">
        <ele>915.75</ele>
      </trkpt>
      <trkpt lat="39.816583" lon="2.859183">
        <ele>914.25</ele>
      </trkpt>
      <trkpt lat="39.816589" lon="2.859257">
        <ele>912</ele>
      </trkpt>
      <trkpt lat="39.816577" lon="2.859351">
        <ele>910.25</ele>
      </trkpt>
      <trkpt lat="39.816544" lon="2.859422">
        <ele>910.5</ele>
      </trkpt>
      <trkpt lat="39.816544" lon="2.859422">
        <ele>910.5</ele>
      </trkpt>
      <trkpt lat="39.816544" lon="2.859422">
        <ele>910.25</ele>
      </trkpt>
      <trkpt lat="39.816507" lon="2.859503">
        <ele>910.5</ele>
      </trkpt>
      <trkpt lat="39.816478" lon="2.859599">
        <ele>909.75</ele>
      </trkpt>
      <trkpt lat="39.816496" lon="2.859749">
        <ele>904.75</ele>
      </trkpt>
      <trkpt lat="39.816532" lon="2.859757">
        <ele>902.25</ele>
      </trkpt>
      <trkpt lat="39.816526" lon="2.859816">
        <ele>901.25</ele>
      </trkpt>
      <trkpt lat="39.816539" lon="2.859847">
        <ele>899.5</ele>
      </trkpt>
      <trkpt lat="39.816538" lon="2.859887">
        <ele>898.5</ele>
      </trkpt>
      <trkpt lat="39.816471" lon="2.860064">
        <ele>898.75</ele>
      </trkpt>
      <trkpt lat="39.816488" lon="2.860083">
        <ele>897.25</ele>
      </trkpt>
      <trkpt lat="39.816533" lon="2.860068">
        <ele>894.75</ele>
      </trkpt>
      <trkpt lat="39.816576" lon="2.860014">
        <ele>893</ele>
      </trkpt>
      <trkpt lat="39.816622" lon="2.859927">
        <ele>892.5</ele>
      </trkpt>
      <trkpt lat="39.816623" lon="2.860029">
        <ele>890</ele>
      </trkpt>
      <trkpt lat="39.816607" lon="2.860102">
        <ele>890</ele>
      </trkpt>
      <trkpt lat="39.816604" lon="2.860219">
        <ele>888.25</ele>
      </trkpt>
      <trkpt lat="39.816683" lon="2.86014">
        <ele>885</ele>
      </trkpt>
      <trkpt lat="39.816723" lon="2.860127">
        <ele>883.5</ele>
      </trkpt>
      <trkpt lat="39.816743" lon="2.860199">
        <ele>881.5</ele>
      </trkpt>
      <trkpt lat="39.816745" lon="2.860258">
        <ele>880.5</ele>
      </trkpt>
      <trkpt lat="39.816848" lon="2.860468">
        <ele>873.5</ele>
      </trkpt>
      <trkpt lat="39.816815" lon="2.86079">
        <ele>870.25</ele>
      </trkpt>
      <trkpt lat="39.81674" lon="2.860988">
        <ele>870.75</ele>
      </trkpt>
      <trkpt lat="39.816751" lon="2.861208">
        <ele>868.5</ele>
      </trkpt>
      <trkpt lat="39.816773" lon="2.861433">
        <ele>865.75</ele>
      </trkpt>
      <trkpt lat="39.816794" lon="2.861524">
        <ele>864.5</ele>
      </trkpt>
      <trkpt lat="39.816781" lon="2.861589">
        <ele>864.25</ele>
      </trkpt>
      <trkpt lat="39.816843" lon="2.861878">
        <ele>861.25</ele>
      </trkpt>
      <trkpt lat="39.816868" lon="2.861954">
        <ele>860.5</ele>
      </trkpt>
      <trkpt lat="39.816881" lon="2.862082">
        <ele>859.75</ele>
      </trkpt>
      <trkpt lat="39.816975" lon="2.862324">
        <ele>856</ele>
      </trkpt>
      <trkpt lat="39.817111" lon="2.862474">
        <ele>851</ele>
      </trkpt>
      <trkpt lat="39.817173" lon="2.862556">
        <ele>849.25</ele>
      </trkpt>
      <trkpt lat="39.817191" lon="2.862674">
        <ele>849</ele>
      </trkpt>
      <trkpt lat="39.817134" lon="2.862729">
        <ele>851.5</ele>
      </trkpt>
      <trkpt lat="39.817105" lon="2.862809">
        <ele>853</ele>
      </trkpt>
      <trkpt lat="39.81728" lon="2.862871">
        <ele>846.75</ele>
      </trkpt>
      <trkpt lat="39.817363" lon="2.863005">
        <ele>844</ele>
      </trkpt>
      <trkpt lat="39.817424" lon="2.863139">
        <ele>841.75</ele>
      </trkpt>
      <trkpt lat="39.817614" lon="2.863246">
        <ele>835.5</ele>
      </trkpt>
      <trkpt lat="39.817668" lon="2.863362">
        <ele>834</ele>
      </trkpt>
      <trkpt lat="39.817719" lon="2.863614">
        <ele>834.25</ele>
      </trkpt>
      <trkpt lat="39.817857" lon="2.863965">
        <ele>831.75</ele>
      </trkpt>
      <trkpt lat="39.817931" lon="2.864191">
        <ele>829.75</ele>
      </trkpt>
      <trkpt lat="39.818026" lon="2.864368">
        <ele>825.75</ele>
      </trkpt>
      <trkpt lat="39.818092" lon="2.864539">
        <ele>823</ele>
      </trkpt>
      <trkpt lat="39.818103" lon="2.864904">
        <ele>822</ele>
      </trkpt>
      <trkpt lat="39.818091" lon="2.865098">
        <ele>821.75</ele>
      </trkpt>
      <trkpt lat="39.818048" lon="2.86531">
        <ele>821.75</ele>
      </trkpt>
      <trkpt lat="39.818073" lon="2.865408">
        <ele>820</ele>
      </trkpt>
      <trkpt lat="39.818228" lon="2.865349">
        <ele>814</ele>
      </trkpt>
      <trkpt lat="39.818389" lon="2.865245">
        <ele>808.75</ele>
      </trkpt>
      <trkpt lat="39.818549" lon="2.86506">
        <ele>805.25</ele>
      </trkpt>
      <trkpt lat="39.818599" lon="2.865039">
        <ele>804</ele>
      </trkpt>
      <trkpt lat="39.818622" lon="2.865104">
        <ele>802.5</ele>
      </trkpt>
      <trkpt lat="39.81855" lon="2.865496">
        <ele>801</ele>
      </trkpt>
      <trkpt lat="39.818504" lon="2.865752">
        <ele>800.25</ele>
      </trkpt>
      <trkpt lat="39.818512" lon="2.865972">
        <ele>796.75</ele>
      </trkpt>
      <trkpt lat="39.818484" lon="2.86621">
        <ele>794</ele>
      </trkpt>
      <trkpt lat="39.818273" lon="2.866681">
        <ele>794.75</ele>
      </trkpt>
      <trkpt lat="39.818306" lon="2.866932">
        <ele>790</ele>
      </trkpt>
      <trkpt lat="39.81834" lon="2.867114">
        <ele>785</ele>
      </trkpt>
      <trkpt lat="39.818339" lon="2.867113">
        <ele>786.25</ele>
      </trkpt>
      <trkpt lat="39.818352" lon="2.867179">
        <ele>785</ele>
      </trkpt>
      <trkpt lat="39.818383" lon="2.867252">
        <ele>783</ele>
      </trkpt>
      <trkpt lat="39.818438" lon="2.867382">
        <ele>779.5</ele>
      </trkpt>
      <trkpt lat="39.818446" lon="2.867554">
        <ele>777.25</ele>
      </trkpt>
      <trkpt lat="39.81836" lon="2.867736">
        <ele>779.5</ele>
      </trkpt>
      <trkpt lat="39.818273" lon="2.868123">
        <ele>781</ele>
      </trkpt>
      <trkpt lat="39.818261" lon="2.868546">
        <ele>777.5</ele>
      </trkpt>
      <trkpt lat="39.818207" lon="2.868697">
        <ele>777.75</ele>
      </trkpt>
      <trkpt lat="39.818096" lon="2.868847">
        <ele>780</ele>
      </trkpt>
      <trkpt lat="39.818014" lon="2.869035">
        <ele>780.5</ele>
      </trkpt>
      <trkpt lat="39.817804" lon="2.86941">
        <ele>781.75</ele>
      </trkpt>
      <trkpt lat="39.817721" lon="2.869501">
        <ele>782.75</ele>
      </trkpt>
      <trkpt lat="39.81761" lon="2.869576">
        <ele>785</ele>
      </trkpt>
      <trkpt lat="39.817544" lon="2.869684">
        <ele>785</ele>
      </trkpt>
      <trkpt lat="39.817412" lon="2.869802">
        <ele>787</ele>
      </trkpt>
      <trkpt lat="39.817268" lon="2.870247">
        <ele>783.25</ele>
      </trkpt>
      <trkpt lat="39.817128" lon="2.870758">
        <ele>777.5</ele>
      </trkpt>
      <trkpt lat="39.816988" lon="2.871191">
        <ele>776</ele>
      </trkpt>
      <trkpt lat="39.817017" lon="2.871304">
        <ele>774.75</ele>
      </trkpt>
      <trkpt lat="39.81704" lon="2.871363">
        <ele>774</ele>
      </trkpt>
      <trkpt lat="39.817218" lon="2.871395">
        <ele>771.25</ele>
      </trkpt>
      <trkpt lat="39.817375" lon="2.871363">
        <ele>769</ele>
      </trkpt>
      <trkpt lat="39.817433" lon="2.871361">
        <ele>768</ele>
      </trkpt>
      <trkpt lat="39.817502" lon="2.871439">
        <ele>766.75</ele>
      </trkpt>
      <trkpt lat="39.817759" lon="2.871442">
        <ele>761.75</ele>
      </trkpt>
      <trkpt lat="39.817762" lon="2.871443">
        <ele>761.75</ele>
      </trkpt>
      <trkpt lat="39.817762" lon="2.871443">
        <ele>761.75</ele>
      </trkpt>
      <trkpt lat="39.817852" lon="2.871365">
        <ele>760</ele>
      </trkpt>
      <trkpt lat="39.818022" lon="2.871155">
        <ele>756.75</ele>
      </trkpt>
      <trkpt lat="39.818096" lon="2.871092">
        <ele>755.25</ele>
      </trkpt>
      <trkpt lat="39.818125" lon="2.871076">
        <ele>754.75</ele>
      </trkpt>
      <trkpt lat="39.818162" lon="2.871222">
        <ele>753.75</ele>
      </trkpt>
      <trkpt lat="39.81814" lon="2.87147">
        <ele>754.25</ele>
      </trkpt>
      <trkpt lat="39.818191" lon="2.87176">
        <ele>753</ele>
      </trkpt>
      <trkpt lat="39.818244" lon="2.871878">
        <ele>751.25</ele>
      </trkpt>
      <trkpt lat="39.818286" lon="2.871915">
        <ele>750.25</ele>
      </trkpt>
      <trkpt lat="39.81834" lon="2.871923">
        <ele>749.25</ele>
      </trkpt>
      <trkpt lat="39.818455" lon="2.871866">
        <ele>746</ele>
      </trkpt>
      <trkpt lat="39.818508" lon="2.871921">
        <ele>744</ele>
      </trkpt>
      <trkpt lat="39.818537" lon="2.87199">
        <ele>742.5</ele>
      </trkpt>
      <trkpt lat="39.818537" lon="2.872071">
        <ele>742</ele>
      </trkpt>
      <trkpt lat="39.81838" lon="2.872559">
        <ele>743.75</ele>
      </trkpt>
      <trkpt lat="39.818349" lon="2.872747">
        <ele>743.5</ele>
      </trkpt>
      <trkpt lat="39.818308" lon="2.873007">
        <ele>742.75</ele>
      </trkpt>
      <trkpt lat="39.818343" lon="2.873176">
        <ele>740.75</ele>
      </trkpt>
      <trkpt lat="39.818401" lon="2.873235">
        <ele>738.5</ele>
      </trkpt>
      <trkpt lat="39.818563" lon="2.873498">
        <ele>732.5</ele>
      </trkpt>
      <trkpt lat="39.818825" lon="2.873745">
        <ele>724.25</ele>
      </trkpt>
      <trkpt lat="39.819085" lon="2.873965">
        <ele>716.25</ele>
      </trkpt>
      <trkpt lat="39.81918" lon="2.873943">
        <ele>713.5</ele>
      </trkpt>
      <trkpt lat="39.819329" lon="2.873749">
        <ele>705.75</ele>
      </trkpt>
      <trkpt lat="39.819329" lon="2.873749">
        <ele>708.5</ele>
      </trkpt>
      <trkpt lat="39.819417" lon="2.873636">
        <ele>705.75</ele>
      </trkpt>
      <trkpt lat="39.819496" lon="2.873407">
        <ele>703</ele>
      </trkpt>
      <trkpt lat="39.819513" lon="2.873235">
        <ele>702.25</ele>
      </trkpt>
      <trkpt lat="39.819472" lon="2.873144">
        <ele>703.75</ele>
      </trkpt>
      <trkpt lat="39.819377" lon="2.873036">
        <ele>707.25</ele>
      </trkpt>
      <trkpt lat="39.819331" lon="2.872958">
        <ele>709</ele>
      </trkpt>
      <trkpt lat="39.819336" lon="2.872877">
        <ele>709</ele>
      </trkpt>
      <trkpt lat="39.81941" lon="2.87272">
        <ele>706.5</ele>
      </trkpt>
      <trkpt lat="39.819534" lon="2.872543">
        <ele>702.25</ele>
      </trkpt>
      <trkpt lat="39.819761" lon="2.872377">
        <ele>695.25</ele>
      </trkpt>
      <trkpt lat="39.819905" lon="2.872307">
        <ele>690.75</ele>
      </trkpt>
      <trkpt lat="39.820119" lon="2.872383">
        <ele>684.25</ele>
      </trkpt>
      <trkpt lat="39.820328" lon="2.872433">
        <ele>680.25</ele>
      </trkpt>
      <trkpt lat="39.82049" lon="2.872339">
        <ele>678.5</ele>
      </trkpt>
      <trkpt lat="39.820636" lon="2.872302">
        <ele>676.5</ele>
      </trkpt>
      <trkpt lat="39.820692" lon="2.872366">
        <ele>674.75</ele>
      </trkpt>
      <trkpt lat="39.820654" lon="2.872602">
        <ele>673.75</ele>
      </trkpt>
      <trkpt lat="39.820661" lon="2.872741">
        <ele>673.5</ele>
      </trkpt>
      <trkpt lat="39.820688" lon="2.872929">
        <ele>673</ele>
      </trkpt>
      <trkpt lat="39.820712" lon="2.873015">
        <ele>672.5</ele>
      </trkpt>
      <trkpt lat="39.82082" lon="2.873197">
        <ele>670.25</ele>
      </trkpt>
      <trkpt lat="39.821054" lon="2.873857">
        <ele>664</ele>
      </trkpt>
      <trkpt lat="39.821091" lon="2.873991">
        <ele>662.75</ele>
      </trkpt>
      <trkpt lat="39.821091" lon="2.874072">
        <ele>662.75</ele>
      </trkpt>
      <trkpt lat="39.82112" lon="2.874217">
        <ele>661</ele>
      </trkpt>
      <trkpt lat="39.821203" lon="2.874335">
        <ele>656.75</ele>
      </trkpt>
      <trkpt lat="39.821285" lon="2.874426">
        <ele>652.75</ele>
      </trkpt>
      <trkpt lat="39.821351" lon="2.874581">
        <ele>648.5</ele>
      </trkpt>
      <trkpt lat="39.821384" lon="2.874748">
        <ele>645.25</ele>
      </trkpt>
      <trkpt lat="39.821363" lon="2.874866">
        <ele>644.75</ele>
      </trkpt>
      <trkpt lat="39.821147" lon="2.875162">
        <ele>650.5</ele>
      </trkpt>
      <trkpt lat="39.821147" lon="2.875162">
        <ele>647.75</ele>
      </trkpt>
      <trkpt lat="39.820959" lon="2.875423">
        <ele>650.5</ele>
      </trkpt>
      <trkpt lat="39.820819" lon="2.875885">
        <ele>647.75</ele>
      </trkpt>
      <trkpt lat="39.820811" lon="2.876223">
        <ele>644.25</ele>
      </trkpt>
      <trkpt lat="39.820877" lon="2.876716">
        <ele>635.75</ele>
      </trkpt>
      <trkpt lat="39.820857" lon="2.877092">
        <ele>629.25</ele>
      </trkpt>
      <trkpt lat="39.820739" lon="2.877306">
        <ele>628</ele>
      </trkpt>
      <trkpt lat="39.820861" lon="2.877248">
        <ele>625.75</ele>
      </trkpt>
      <trkpt lat="39.820935" lon="2.877248">
        <ele>622.75</ele>
      </trkpt>
      <trkpt lat="39.821297" lon="2.876904">
        <ele>611.75</ele>
      </trkpt>
      <trkpt lat="39.821343" lon="2.876883">
        <ele>609.75</ele>
      </trkpt>
      <trkpt lat="39.821363" lon="2.876931">
        <ele>608.25</ele>
      </trkpt>
      <trkpt lat="39.821359" lon="2.877071">
        <ele>606.5</ele>
      </trkpt>
      <trkpt lat="39.821322" lon="2.877304">
        <ele>605.25</ele>
      </trkpt>
      <trkpt lat="39.821201" lon="2.87762">
        <ele>604.75</ele>
      </trkpt>
      <trkpt lat="39.82119" lon="2.877706">
        <ele>603.5</ele>
      </trkpt>
      <trkpt lat="39.821227" lon="2.877835">
        <ele>599.75</ele>
      </trkpt>
      <trkpt lat="39.821209" lon="2.877964">
        <ele>597.5</ele>
      </trkpt>
      <trkpt lat="39.821166" lon="2.878047">
        <ele>597</ele>
      </trkpt>
      <trkpt lat="39.82111" lon="2.878312">
        <ele>592.5</ele>
      </trkpt>
      <trkpt lat="39.820933" lon="2.878495">
        <ele>591.5</ele>
      </trkpt>
      <trkpt lat="39.820811" lon="2.878811">
        <ele>586.5</ele>
      </trkpt>
      <trkpt lat="39.82056" lon="2.87912">
        <ele>582.5</ele>
      </trkpt>
      <trkpt lat="39.820451" lon="2.879299">
        <ele>578.75</ele>
      </trkpt>
      <trkpt lat="39.820418" lon="2.879364">
        <ele>577.25</ele>
      </trkpt>
      <trkpt lat="39.820418" lon="2.879407">
        <ele>576</ele>
      </trkpt>
      <trkpt lat="39.820527" lon="2.879527">
        <ele>571.75</ele>
      </trkpt>
      <trkpt lat="39.820529" lon="2.879549">
        <ele>571.25</ele>
      </trkpt>
      <trkpt lat="39.820418" lon="2.879597">
        <ele>570.75</ele>
      </trkpt>
      <trkpt lat="39.820377" lon="2.879667">
        <ele>569</ele>
      </trkpt>
      <trkpt lat="39.820375" lon="2.879755">
        <ele>566.5</ele>
      </trkpt>
      <trkpt lat="39.820329" lon="2.879753">
        <ele>567</ele>
      </trkpt>
      <trkpt lat="39.82029" lon="2.879777">
        <ele>566.5</ele>
      </trkpt>
      <trkpt lat="39.820249" lon="2.879881">
        <ele>563.5</ele>
      </trkpt>
      <trkpt lat="39.820208" lon="2.880059">
        <ele>559.25</ele>
      </trkpt>
      <trkpt lat="39.820129" lon="2.880137">
        <ele>558.25</ele>
      </trkpt>
      <trkpt lat="39.820006" lon="2.880262">
        <ele>557</ele>
      </trkpt>
      <trkpt lat="39.819794" lon="2.880608">
        <ele>554</ele>
      </trkpt>
      <trkpt lat="39.819732" lon="2.88074">
        <ele>552.5</ele>
      </trkpt>
      <trkpt lat="39.81967" lon="2.880938">
        <ele>550.25</ele>
      </trkpt>
      <trkpt lat="39.819649" lon="2.881003">
        <ele>549.75</ele>
      </trkpt>
      <trkpt lat="39.819583" lon="2.881083">
        <ele>549.25</ele>
      </trkpt>
      <trkpt lat="39.819357" lon="2.881282">
        <ele>548.25</ele>
      </trkpt>
      <trkpt lat="39.819312" lon="2.881437">
        <ele>546.25</ele>
      </trkpt>
      <trkpt lat="39.819287" lon="2.88178">
        <ele>540.5</ele>
      </trkpt>
      <trkpt lat="39.819312" lon="2.881958">
        <ele>536.25</ele>
      </trkpt>
      <trkpt lat="39.819299" lon="2.882124">
        <ele>532.25</ele>
      </trkpt>
      <trkpt lat="39.819344" lon="2.88236">
        <ele>526.25</ele>
      </trkpt>
      <trkpt lat="39.819386" lon="2.882446">
        <ele>523.75</ele>
      </trkpt>
      <trkpt lat="39.819354" lon="2.882531">
        <ele>522.25</ele>
      </trkpt>
      <trkpt lat="39.819226" lon="2.882779">
        <ele>518</ele>
      </trkpt>
      <trkpt lat="39.819266" lon="2.882869">
        <ele>516</ele>
      </trkpt>
      <trkpt lat="39.81934" lon="2.882934">
        <ele>514.25</ele>
      </trkpt>
      <trkpt lat="39.819336" lon="2.882987">
        <ele>513.25</ele>
      </trkpt>
      <trkpt lat="39.819299" lon="2.883025">
        <ele>512.75</ele>
      </trkpt>
      <trkpt lat="39.818915" lon="2.883099">
        <ele>512.75</ele>
      </trkpt>
      <trkpt lat="39.818925" lon="2.883126">
        <ele>512.25</ele>
      </trkpt>
      <trkpt lat="39.819152" lon="2.883302">
        <ele>508.5</ele>
      </trkpt>
      <trkpt lat="39.819269" lon="2.88335">
        <ele>506.75</ele>
      </trkpt>
      <trkpt lat="39.819464" lon="2.883417">
        <ele>504.5</ele>
      </trkpt>
      <trkpt lat="39.819537" lon="2.883464">
        <ele>503.25</ele>
      </trkpt>
      <trkpt lat="39.820122" lon="2.883802">
        <ele>494.25</ele>
      </trkpt>
      <trkpt lat="39.820739" lon="2.884162">
        <ele>485.5</ele>
      </trkpt>
      <trkpt lat="39.820776" lon="2.88418">
        <ele>483</ele>
      </trkpt>
      <trkpt lat="39.820775" lon="2.884179">
        <ele>485</ele>
      </trkpt>
      <trkpt lat="39.821067" lon="2.88432">
        <ele>483</ele>
      </trkpt>
      <trkpt lat="39.821154" lon="2.884376">
        <ele>482.5</ele>
      </trkpt>
      <trkpt lat="39.821214" lon="2.884374">
        <ele>482</ele>
      </trkpt>
      <trkpt lat="39.821399" lon="2.8843">
        <ele>481.25</ele>
      </trkpt>
      <trkpt lat="39.82147" lon="2.884613">
        <ele>480</ele>
      </trkpt>
      <trkpt lat="39.821475" lon="2.884714">
        <ele>479.75</ele>
      </trkpt>
      <trkpt lat="39.82141" lon="2.884786">
        <ele>480</ele>
      </trkpt>
      <trkpt lat="39.821393" lon="2.884789">
        <ele>480</ele>
      </trkpt>
      <trkpt lat="39.821359" lon="2.884794">
        <ele>480.25</ele>
      </trkpt>
      <trkpt lat="39.821274" lon="2.884771">
        <ele>480.75</ele>
      </trkpt>
      <trkpt lat="39.821194" lon="2.884785">
        <ele>481.25</ele>
      </trkpt>
      <trkpt lat="39.82109" lon="2.884859">
        <ele>481.75</ele>
      </trkpt>
      <trkpt lat="39.821008" lon="2.885002">
        <ele>481.75</ele>
      </trkpt>
      <trkpt lat="39.820999" lon="2.885176">
        <ele>481.5</ele>
      </trkpt>
      <trkpt lat="39.821018" lon="2.885314">
        <ele>481.25</ele>
      </trkpt>
      <trkpt lat="39.821128" lon="2.885575">
        <ele>480.25</ele>
      </trkpt>
      <trkpt lat="39.821355" lon="2.886044">
        <ele>479</ele>
      </trkpt>
      <trkpt lat="39.821842" lon="2.887008">
        <ele>479.25</ele>
      </trkpt>
      <trkpt lat="39.821815" lon="2.887071">
        <ele>479.5</ele>
      </trkpt>
      <trkpt lat="39.821791" lon="2.887131">
        <ele>479.5</ele>
      </trkpt>
      <trkpt lat="39.821473" lon="2.887814">
        <ele>482.25</ele>
      </trkpt>
      <trkpt lat="39.821473" lon="2.887814">
        <ele>480.75</ele>
      </trkpt>
      <trkpt lat="39.821126" lon="2.888562">
        <ele>482.25</ele>
      </trkpt>
      <trkpt lat="39.820562" lon="2.889437">
        <ele>487.75</ele>
      </trkpt>
      <trkpt lat="39.820169" lon="2.889802">
        <ele>490.75</ele>
      </trkpt>
      <trkpt lat="39.819847" lon="2.890236">
        <ele>494.75</ele>
      </trkpt>
      <trkpt lat="39.81953" lon="2.890504">
        <ele>499</ele>
      </trkpt>
      <trkpt lat="39.819452" lon="2.890668">
        <ele>500.5</ele>
      </trkpt>
      <trkpt lat="39.819412" lon="2.890727">
        <ele>501</ele>
      </trkpt>
      <trkpt lat="39.819433" lon="2.890781">
        <ele>501.25</ele>
      </trkpt>
      <trkpt lat="39.819571" lon="2.890829">
        <ele>501.25</ele>
      </trkpt>
      <trkpt lat="39.819608" lon="2.890958">
        <ele>503</ele>
      </trkpt>
      <trkpt lat="39.819542" lon="2.891091">
        <ele>505</ele>
      </trkpt>
      <trkpt lat="39.819479" lon="2.891308">
        <ele>508.5</ele>
      </trkpt>
      <trkpt lat="39.819397" lon="2.891395">
        <ele>510.5</ele>
      </trkpt>
      <trkpt lat="39.819322" lon="2.89144">
        <ele>512</ele>
      </trkpt>
      <trkpt lat="39.819252" lon="2.891439">
        <ele>512.75</ele>
      </trkpt>
      <trkpt lat="39.819028" lon="2.891349">
        <ele>515</ele>
      </trkpt>
      <trkpt lat="39.818874" lon="2.891269">
        <ele>517</ele>
      </trkpt>
      <trkpt lat="39.818808" lon="2.89129">
        <ele>518.75</ele>
      </trkpt>
      <trkpt lat="39.818989" lon="2.891475">
        <ele>518.25</ele>
      </trkpt>
      <trkpt lat="39.819076" lon="2.891743">
        <ele>519.75</ele>
      </trkpt>
      <trkpt lat="39.819028" lon="2.89176">
        <ele>520.75</ele>
      </trkpt>
      <trkpt lat="39.818819" lon="2.891574">
        <ele>524.25</ele>
      </trkpt>
      <trkpt lat="39.818923" lon="2.89174">
        <ele>523.25</ele>
      </trkpt>
      <trkpt lat="39.81892" lon="2.891831">
        <ele>523</ele>
      </trkpt>
      <trkpt lat="39.81889" lon="2.891846">
        <ele>523.5</ele>
      </trkpt>
      <trkpt lat="39.818775" lon="2.891722">
        <ele>526.75</ele>
      </trkpt>
      <trkpt lat="39.818687" lon="2.891663">
        <ele>529.25</ele>
      </trkpt>
      <trkpt lat="39.818558" lon="2.8916">
        <ele>531</ele>
      </trkpt>
      <trkpt lat="39.818571" lon="2.891695">
        <ele>532</ele>
      </trkpt>
      <trkpt lat="39.818565" lon="2.891872">
        <ele>530.25</ele>
      </trkpt>
      <trkpt lat="39.818584" lon="2.891946">
        <ele>529</ele>
      </trkpt>
      <trkpt lat="39.818548" lon="2.892014">
        <ele>529</ele>
      </trkpt>
      <trkpt lat="39.818341" lon="2.892009">
        <ele>533.25</ele>
      </trkpt>
      <trkpt lat="39.818204" lon="2.892031">
        <ele>533</ele>
      </trkpt>
      <trkpt lat="39.818031" lon="2.89197">
        <ele>534</ele>
      </trkpt>
      <trkpt lat="39.817882" lon="2.891984">
        <ele>533.75</ele>
      </trkpt>
      <trkpt lat="39.817813" lon="2.892013">
        <ele>533.5</ele>
      </trkpt>
      <trkpt lat="39.817725" lon="2.892038">
        <ele>533.25</ele>
      </trkpt>
      <trkpt lat="39.817649" lon="2.892096">
        <ele>532.75</ele>
      </trkpt>
      <trkpt lat="39.81748" lon="2.892179">
        <ele>531.75</ele>
      </trkpt>
      <trkpt lat="39.817334" lon="2.892529">
        <ele>527.5</ele>
      </trkpt>
      <trkpt lat="39.817276" lon="2.892702">
        <ele>526.25</ele>
      </trkpt>
      <trkpt lat="39.817147" lon="2.893003">
        <ele>524.75</ele>
      </trkpt>
      <trkpt lat="39.817028" lon="2.892996">
        <ele>524.5</ele>
      </trkpt>
      <trkpt lat="39.816851" lon="2.892972">
        <ele>524.25</ele>
      </trkpt>
      <trkpt lat="39.816723" lon="2.893037">
        <ele>524.25</ele>
      </trkpt>
      <trkpt lat="39.816688" lon="2.893061">
        <ele>524.25</ele>
      </trkpt>
      <trkpt lat="39.816712" lon="2.89342">
        <ele>525</ele>
      </trkpt>
      <trkpt lat="39.816709" lon="2.893582">
        <ele>525.25</ele>
      </trkpt>
      <trkpt lat="39.816735" lon="2.893801">
        <ele>525.75</ele>
      </trkpt>
      <trkpt lat="39.816776" lon="2.89393">
        <ele>526</ele>
      </trkpt>
      <trkpt lat="39.816632" lon="2.894237">
        <ele>527.5</ele>
      </trkpt>
      <trkpt lat="39.816524" lon="2.894744">
        <ele>531.5</ele>
      </trkpt>
      <trkpt lat="39.816524" lon="2.894744">
        <ele>529.5</ele>
      </trkpt>
      <trkpt lat="39.816437" lon="2.895155">
        <ele>531.5</ele>
      </trkpt>
      <trkpt lat="39.816502" lon="2.895195">
        <ele>531.25</ele>
      </trkpt>
      <trkpt lat="39.816569" lon="2.895236">
        <ele>530.75</ele>
      </trkpt>
      <trkpt lat="39.816436" lon="2.895815">
        <ele>534</ele>
      </trkpt>
      <trkpt lat="39.816402" lon="2.89612">
        <ele>535</ele>
      </trkpt>
      <trkpt lat="39.816395" lon="2.896494">
        <ele>536</ele>
      </trkpt>
      <trkpt lat="39.816352" lon="2.896495">
        <ele>536.25</ele>
      </trkpt>
      <trkpt lat="39.816327" lon="2.896584">
        <ele>536.75</ele>
      </trkpt>
      <trkpt lat="39.8161" lon="2.897141">
        <ele>539.75</ele>
      </trkpt>
      <trkpt lat="39.816088" lon="2.897401">
        <ele>540.75</ele>
      </trkpt>
      <trkpt lat="39.816116" lon="2.897772">
        <ele>543.5</ele>
      </trkpt>
      <trkpt lat="39.816124" lon="2.898356">
        <ele>549</ele>
      </trkpt>
      <trkpt lat="39.816123" lon="2.898528">
        <ele>551.5</ele>
      </trkpt>
      <trkpt lat="39.816116" lon="2.898563">
        <ele>555.25</ele>
      </trkpt>
      <trkpt lat="39.816116" lon="2.898563">
        <ele>552</ele>
      </trkpt>
      <trkpt lat="39.816075" lon="2.898773">
        <ele>555.25</ele>
      </trkpt>
      <trkpt lat="39.816088" lon="2.898972">
        <ele>557.75</ele>
      </trkpt>
      <trkpt lat="39.816134" lon="2.899261">
        <ele>561.75</ele>
      </trkpt>
      <trkpt lat="39.816207" lon="2.899416">
        <ele>563.75</ele>
      </trkpt>
      <trkpt lat="39.816307" lon="2.89948">
        <ele>563.75</ele>
      </trkpt>
      <trkpt lat="39.816376" lon="2.899584">
        <ele>565</ele>
      </trkpt>
      <trkpt lat="39.816398" lon="2.899843">
        <ele>569</ele>
      </trkpt>
      <trkpt lat="39.816641" lon="2.900211">
        <ele>571.75</ele>
      </trkpt>
      <trkpt lat="39.816727" lon="2.900291">
        <ele>572.25</ele>
      </trkpt>
      <trkpt lat="39.816768" lon="2.900371">
        <ele>573.25</ele>
      </trkpt>
      <trkpt lat="39.816755" lon="2.900415">
        <ele>574</ele>
      </trkpt>
      <trkpt lat="39.816651" lon="2.900375">
        <ele>574.5</ele>
      </trkpt>
      <trkpt lat="39.816611" lon="2.900392">
        <ele>575.5</ele>
      </trkpt>
      <trkpt lat="39.816592" lon="2.900475">
        <ele>577.25</ele>
      </trkpt>
      <trkpt lat="39.816629" lon="2.900581">
        <ele>578.25</ele>
      </trkpt>
      <trkpt lat="39.816738" lon="2.900741">
        <ele>579.5</ele>
      </trkpt>
      <trkpt lat="39.816797" lon="2.900845">
        <ele>580.75</ele>
      </trkpt>
      <trkpt lat="39.816811" lon="2.900895">
        <ele>581.5</ele>
      </trkpt>
      <trkpt lat="39.816792" lon="2.900933">
        <ele>582.5</ele>
      </trkpt>
      <trkpt lat="39.816761" lon="2.900915">
        <ele>582.5</ele>
      </trkpt>
      <trkpt lat="39.816697" lon="2.900915">
        <ele>583</ele>
      </trkpt>
      <trkpt lat="39.816677" lon="2.900953">
        <ele>584</ele>
      </trkpt>
      <trkpt lat="39.81674" lon="2.901015">
        <ele>584.5</ele>
      </trkpt>
      <trkpt lat="39.816879" lon="2.901194">
        <ele>586.25</ele>
      </trkpt>
      <trkpt lat="39.817082" lon="2.901562">
        <ele>590</ele>
      </trkpt>
      <trkpt lat="39.817429" lon="2.901881">
        <ele>592.25</ele>
      </trkpt>
      <trkpt lat="39.817545" lon="2.901923">
        <ele>592.25</ele>
      </trkpt>
      <trkpt lat="39.817593" lon="2.901977">
        <ele>593.5</ele>
      </trkpt>
      <trkpt lat="39.817626" lon="2.902047">
        <ele>595</ele>
      </trkpt>
      <trkpt lat="39.817689" lon="2.90205">
        <ele>594.75</ele>
      </trkpt>
      <trkpt lat="39.817842" lon="2.902245">
        <ele>598</ele>
      </trkpt>
      <trkpt lat="39.818007" lon="2.902405">
        <ele>599.75</ele>
      </trkpt>
      <trkpt lat="39.818137" lon="2.9025">
        <ele>600.75</ele>
      </trkpt>
      <trkpt lat="39.818136" lon="2.902499">
        <ele>600.25</ele>
      </trkpt>
      <trkpt lat="39.818236" lon="2.902572">
        <ele>600.75</ele>
      </trkpt>
      <trkpt lat="39.818427" lon="2.902687">
        <ele>603.25</ele>
      </trkpt>
      <trkpt lat="39.81858" lon="2.902703">
        <ele>605</ele>
      </trkpt>
      <trkpt lat="39.81876" lon="2.902615">
        <ele>604.25</ele>
      </trkpt>
      <trkpt lat="39.818861" lon="2.902484">
        <ele>602.25</ele>
      </trkpt>
      <trkpt lat="39.819002" lon="2.902302">
        <ele>601.75</ele>
      </trkpt>
      <trkpt lat="39.819131" lon="2.902264">
        <ele>602.75</ele>
      </trkpt>
      <trkpt lat="39.819131" lon="2.902264">
        <ele>602.75</ele>
      </trkpt>
      <trkpt lat="39.819153" lon="2.902288">
        <ele>603.25</ele>
      </trkpt>
      <trkpt lat="39.819162" lon="2.902362">
        <ele>603.75</ele>
      </trkpt>
      <trkpt lat="39.819135" lon="2.902578">
        <ele>606.5</ele>
      </trkpt>
      <trkpt lat="39.819084" lon="2.902711">
        <ele>609</ele>
      </trkpt>
      <trkpt lat="39.819058" lon="2.902924">
        <ele>613.75</ele>
      </trkpt>
      <trkpt lat="39.818986" lon="2.903166">
        <ele>619</ele>
      </trkpt>
      <trkpt lat="39.818839" lon="2.903326">
        <ele>621.75</ele>
      </trkpt>
      <trkpt lat="39.818467" lon="2.903477">
        <ele>624.25</ele>
      </trkpt>
      <trkpt lat="39.818325" lon="2.903499">
        <ele>624.25</ele>
      </trkpt>
      <trkpt lat="39.818528" lon="2.903682">
        <ele>631</ele>
      </trkpt>
      <trkpt lat="39.81893" lon="2.903892">
        <ele>640.25</ele>
      </trkpt>
      <trkpt lat="39.819116" lon="2.904021">
        <ele>645.75</ele>
      </trkpt>
      <trkpt lat="39.819261" lon="2.904023">
        <ele>647.25</ele>
      </trkpt>
      <trkpt lat="39.819379" lon="2.903908">
        <ele>645.25</ele>
      </trkpt>
      <trkpt lat="39.819434" lon="2.903826">
        <ele>643.5</ele>
      </trkpt>
      <trkpt lat="39.81953" lon="2.903832">
        <ele>644.75</ele>
      </trkpt>
      <trkpt lat="39.819665" lon="2.90383">
        <ele>647.75</ele>
      </trkpt>
      <trkpt lat="39.819665" lon="2.90383">
        <ele>646.25</ele>
      </trkpt>
      <trkpt lat="39.819763" lon="2.903829">
        <ele>647.75</ele>
      </trkpt>
      <trkpt lat="39.819858" lon="2.903865">
        <ele>650</ele>
      </trkpt>
      <trkpt lat="39.820007" lon="2.903994">
        <ele>655.5</ele>
      </trkpt>
      <trkpt lat="39.820271" lon="2.904036">
        <ele>662.75</ele>
      </trkpt>
      <trkpt lat="39.820759" lon="2.904033">
        <ele>674.25</ele>
      </trkpt>
      <trkpt lat="39.820938" lon="2.903944">
        <ele>676</ele>
      </trkpt>
      <trkpt lat="39.821128" lon="2.903726">
        <ele>675.75</ele>
      </trkpt>
      <trkpt lat="39.821225" lon="2.903556">
        <ele>675.25</ele>
      </trkpt>
      <trkpt lat="39.821282" lon="2.903515">
        <ele>676.25</ele>
      </trkpt>
      <trkpt lat="39.821313" lon="2.903463">
        <ele>676.25</ele>
      </trkpt>
      <trkpt lat="39.821346" lon="2.903466">
        <ele>677.25</ele>
      </trkpt>
      <trkpt lat="39.82138" lon="2.903555">
        <ele>679.25</ele>
      </trkpt>
      <trkpt lat="39.821393" lon="2.903656">
        <ele>680.5</ele>
      </trkpt>
      <trkpt lat="39.821399" lon="2.903785">
        <ele>682.25</ele>
      </trkpt>
      <trkpt lat="39.821459" lon="2.903877">
        <ele>684.25</ele>
      </trkpt>
      <trkpt lat="39.821792" lon="2.904038">
        <ele>689.75</ele>
      </trkpt>
      <trkpt lat="39.821888" lon="2.904171">
        <ele>690.75</ele>
      </trkpt>
      <trkpt lat="39.821986" lon="2.904243">
        <ele>691.75</ele>
      </trkpt>
      <trkpt lat="39.82206" lon="2.904359">
        <ele>692.5</ele>
      </trkpt>
      <trkpt lat="39.822125" lon="2.904404">
        <ele>692.75</ele>
      </trkpt>
      <trkpt lat="39.822212" lon="2.904408">
        <ele>692.25</ele>
      </trkpt>
      <trkpt lat="39.822463" lon="2.904312">
        <ele>691.75</ele>
      </trkpt>
      <trkpt lat="39.822609" lon="2.904289">
        <ele>691.25</ele>
      </trkpt>
      <trkpt lat="39.822823" lon="2.904217">
        <ele>690.25</ele>
      </trkpt>
      <trkpt lat="39.823243" lon="2.904134">
        <ele>687.5</ele>
      </trkpt>
      <trkpt lat="39.823385" lon="2.904167">
        <ele>686</ele>
      </trkpt>
      <trkpt lat="39.823473" lon="2.904276">
        <ele>684.25</ele>
      </trkpt>
      <trkpt lat="39.823734" lon="2.904675">
        <ele>683.25</ele>
      </trkpt>
      <trkpt lat="39.823854" lon="2.904951">
        <ele>685.75</ele>
      </trkpt>
      <trkpt lat="39.824015" lon="2.905102">
        <ele>686.75</ele>
      </trkpt>
      <trkpt lat="39.824044" lon="2.905141">
        <ele>686.75</ele>
      </trkpt>
      <trkpt lat="39.824067" lon="2.905172">
        <ele>686.75</ele>
      </trkpt>
      <trkpt lat="39.824074" lon="2.905186">
        <ele>687.25</ele>
      </trkpt>
      <trkpt lat="39.824073" lon="2.905185">
        <ele>686.75</ele>
      </trkpt>
      <trkpt lat="39.824202" lon="2.905443">
        <ele>687.25</ele>
      </trkpt>
      <trkpt lat="39.824618" lon="2.906477">
        <ele>690.5</ele>
      </trkpt>
      <trkpt lat="39.824707" lon="2.906633">
        <ele>691.25</ele>
      </trkpt>
      <trkpt lat="39.824775" lon="2.90685">
        <ele>692</ele>
      </trkpt>
      <trkpt lat="39.824828" lon="2.907101">
        <ele>692.25</ele>
      </trkpt>
      <trkpt lat="39.824864" lon="2.907383">
        <ele>691.5</ele>
      </trkpt>
      <trkpt lat="39.824907" lon="2.907493">
        <ele>691.25</ele>
      </trkpt>
      <trkpt lat="39.824951" lon="2.907538">
        <ele>691.5</ele>
      </trkpt>
      <trkpt lat="39.825503" lon="2.90783">
        <ele>688.75</ele>
      </trkpt>
      <trkpt lat="39.825548" lon="2.907908">
        <ele>687</ele>
      </trkpt>
      <trkpt lat="39.825628" lon="2.907912">
        <ele>686</ele>
      </trkpt>
      <trkpt lat="39.825707" lon="2.907987">
        <ele>683</ele>
      </trkpt>
      <trkpt lat="39.825876" lon="2.908093">
        <ele>677.5</ele>
      </trkpt>
      <trkpt lat="39.826006" lon="2.908134">
        <ele>675.25</ele>
      </trkpt>
      <trkpt lat="39.826055" lon="2.908084">
        <ele>676.5</ele>
      </trkpt>
      <trkpt lat="39.826108" lon="2.907977">
        <ele>679.25</ele>
      </trkpt>
      <trkpt lat="39.826168" lon="2.907938">
        <ele>680.25</ele>
      </trkpt>
      <trkpt lat="39.826247" lon="2.907928">
        <ele>680</ele>
      </trkpt>
      <trkpt lat="39.826457" lon="2.908082">
        <ele>673.5</ele>
      </trkpt>
      <trkpt lat="39.826595" lon="2.908149">
        <ele>670</ele>
      </trkpt>
      <trkpt lat="39.826758" lon="2.908191">
        <ele>669</ele>
      </trkpt>
      <trkpt lat="39.827019" lon="2.908408">
        <ele>664.5</ele>
      </trkpt>
      <trkpt lat="39.827306" lon="2.908742">
        <ele>659</ele>
      </trkpt>
      <trkpt lat="39.827589" lon="2.908917">
        <ele>660</ele>
      </trkpt>
      <trkpt lat="39.827683" lon="2.909004">
        <ele>660.75</ele>
      </trkpt>
      <trkpt lat="39.827722" lon="2.90908">
        <ele>660.25</ele>
      </trkpt>
      <trkpt lat="39.827781" lon="2.909312">
        <ele>657</ele>
      </trkpt>
      <trkpt lat="39.827821" lon="2.909415">
        <ele>656.25</ele>
      </trkpt>
      <trkpt lat="39.828039" lon="2.909707">
        <ele>656.75</ele>
      </trkpt>
      <trkpt lat="39.828166" lon="2.909919">
        <ele>655.75</ele>
      </trkpt>
      <trkpt lat="39.82834" lon="2.910138">
        <ele>657.25</ele>
      </trkpt>
      <trkpt lat="39.82862" lon="2.910709">
        <ele>654.75</ele>
      </trkpt>
      <trkpt lat="39.828673" lon="2.910785">
        <ele>654</ele>
      </trkpt>
      <trkpt lat="39.828775" lon="2.910855">
        <ele>654.5</ele>
      </trkpt>
      <trkpt lat="39.82898" lon="2.91094">
        <ele>656</ele>
      </trkpt>
      <trkpt lat="39.829315" lon="2.911018">
        <ele>658</ele>
      </trkpt>
      <trkpt lat="39.829758" lon="2.911168">
        <ele>658.25</ele>
      </trkpt>
      <trkpt lat="39.8301" lon="2.911234">
        <ele>659</ele>
      </trkpt>
      <trkpt lat="39.8301" lon="2.911234">
        <ele>658.5</ele>
      </trkpt>
      <trkpt lat="39.830556" lon="2.911322">
        <ele>659</ele>
      </trkpt>
      <trkpt lat="39.830975" lon="2.911381">
        <ele>659</ele>
      </trkpt>
      <trkpt lat="39.831168" lon="2.911334">
        <ele>661.5</ele>
      </trkpt>
      <trkpt lat="39.831305" lon="2.911279">
        <ele>664</ele>
      </trkpt>
      <trkpt lat="39.831592" lon="2.911086">
        <ele>671.75</ele>
      </trkpt>
      <trkpt lat="39.831728" lon="2.911029">
        <ele>674</ele>
      </trkpt>
      <trkpt lat="39.831878" lon="2.910995">
        <ele>674.75</ele>
      </trkpt>
      <trkpt lat="39.832197" lon="2.91084">
        <ele>678.75</ele>
      </trkpt>
      <trkpt lat="39.83232" lon="2.910841">
        <ele>678.25</ele>
      </trkpt>
      <trkpt lat="39.832784" lon="2.911053">
        <ele>674.25</ele>
      </trkpt>
      <trkpt lat="39.832865" lon="2.911105">
        <ele>673.5</ele>
      </trkpt>
      <trkpt lat="39.832927" lon="2.91117">
        <ele>672.5</ele>
      </trkpt>
      <trkpt lat="39.833061" lon="2.911445">
        <ele>666.75</ele>
      </trkpt>
      <trkpt lat="39.833157" lon="2.911598">
        <ele>664</ele>
      </trkpt>
      <trkpt lat="39.833448" lon="2.911962">
        <ele>664.5</ele>
      </trkpt>
      <trkpt lat="39.833535" lon="2.912044">
        <ele>664.75</ele>
      </trkpt>
      <trkpt lat="39.83385" lon="2.912214">
        <ele>667.25</ele>
      </trkpt>
      <trkpt lat="39.833905" lon="2.912212">
        <ele>667.75</ele>
      </trkpt>
      <trkpt lat="39.833939" lon="2.912207">
        <ele>668</ele>
      </trkpt>
      <trkpt lat="39.833994" lon="2.912199">
        <ele>668.5</ele>
      </trkpt>
      <trkpt lat="39.834075" lon="2.912133">
        <ele>669.5</ele>
      </trkpt>
      <trkpt lat="39.834499" lon="2.912035">
        <ele>667</ele>
      </trkpt>
      <trkpt lat="39.834693" lon="2.91206">
        <ele>665</ele>
      </trkpt>
      <trkpt lat="39.834994" lon="2.912114">
        <ele>662</ele>
      </trkpt>
      <trkpt lat="39.835216" lon="2.91212">
        <ele>659.5</ele>
      </trkpt>
      <trkpt lat="39.835663" lon="2.912087">
        <ele>654</ele>
      </trkpt>
      <trkpt lat="39.835843" lon="2.912064">
        <ele>651.5</ele>
      </trkpt>
      <trkpt lat="39.836316" lon="2.911956">
        <ele>648.25</ele>
      </trkpt>
      <trkpt lat="39.836912" lon="2.911849">
        <ele>643</ele>
      </trkpt>
      <trkpt lat="39.836978" lon="2.911831">
        <ele>637.75</ele>
      </trkpt>
      <trkpt lat="39.836978" lon="2.911831">
        <ele>642</ele>
      </trkpt>
      <trkpt lat="39.837345" lon="2.911734">
        <ele>637.75</ele>
      </trkpt>
      <trkpt lat="39.837554" lon="2.911723">
        <ele>636.25</ele>
      </trkpt>
      <trkpt lat="39.837619" lon="2.9117">
        <ele>635.5</ele>
      </trkpt>
      <trkpt lat="39.837644" lon="2.911654">
        <ele>634.25</ele>
      </trkpt>
      <trkpt lat="39.837633" lon="2.911584">
        <ele>633</ele>
      </trkpt>
      <trkpt lat="39.837592" lon="2.91154">
        <ele>632.25</ele>
      </trkpt>
      <trkpt lat="39.837398" lon="2.911468">
        <ele>632.5</ele>
      </trkpt>
      <trkpt lat="39.837122" lon="2.911414">
        <ele>634</ele>
      </trkpt>
      <trkpt lat="39.837014" lon="2.911376">
        <ele>634.5</ele>
      </trkpt>
      <trkpt lat="39.836855" lon="2.911304">
        <ele>635.25</ele>
      </trkpt>
      <trkpt lat="39.836807" lon="2.911262">
        <ele>635.5</ele>
      </trkpt>
      <trkpt lat="39.836782" lon="2.911221">
        <ele>635.5</ele>
      </trkpt>
      <trkpt lat="39.836685" lon="2.911179">
        <ele>636.25</ele>
      </trkpt>
      <trkpt lat="39.836613" lon="2.91116">
        <ele>637</ele>
      </trkpt>
      <trkpt lat="39.836777" lon="2.910967">
        <ele>633.25</ele>
      </trkpt>
      <trkpt lat="39.836842" lon="2.910891">
        <ele>631.75</ele>
      </trkpt>
      <trkpt lat="39.837021" lon="2.910781">
        <ele>629.5</ele>
      </trkpt>
      <trkpt lat="39.837321" lon="2.910783">
        <ele>624.5</ele>
      </trkpt>
      <trkpt lat="39.83766" lon="2.910706">
        <ele>620.5</ele>
      </trkpt>
      <trkpt lat="39.837798" lon="2.910553">
        <ele>619.5</ele>
      </trkpt>
      <trkpt lat="39.837966" lon="2.910306">
        <ele>616.75</ele>
      </trkpt>
      <trkpt lat="39.838127" lon="2.91001">
        <ele>612</ele>
      </trkpt>
      <trkpt lat="39.838283" lon="2.909799">
        <ele>609.25</ele>
      </trkpt>
      <trkpt lat="39.838501" lon="2.909451">
        <ele>608</ele>
      </trkpt>
      <trkpt lat="39.838526" lon="2.909444">
        <ele>607.5</ele>
      </trkpt>
      <trkpt lat="39.838726" lon="2.909386">
        <ele>604.5</ele>
      </trkpt>
      <trkpt lat="39.838736" lon="2.909265">
        <ele>604.75</ele>
      </trkpt>
      <trkpt lat="39.838744" lon="2.909237">
        <ele>604.75</ele>
      </trkpt>
      <trkpt lat="39.838816" lon="2.909225">
        <ele>603.5</ele>
      </trkpt>
      <trkpt lat="39.839088" lon="2.909052">
        <ele>597.75</ele>
      </trkpt>
      <trkpt lat="39.839409" lon="2.908799">
        <ele>592</ele>
      </trkpt>
      <trkpt lat="39.839489" lon="2.90879">
        <ele>591.25</ele>
      </trkpt>
      <trkpt lat="39.839539" lon="2.908802">
        <ele>590.75</ele>
      </trkpt>
      <trkpt lat="39.840987" lon="2.909593">
        <ele>590.5</ele>
      </trkpt>
      <trkpt lat="39.841038" lon="2.909627">
        <ele>591</ele>
      </trkpt>
      <trkpt lat="39.841379" lon="2.909866">
        <ele>593.75</ele>
      </trkpt>
      <trkpt lat="39.841525" lon="2.909897">
        <ele>594.5</ele>
      </trkpt>
      <trkpt lat="39.841631" lon="2.909895">
        <ele>595</ele>
      </trkpt>
      <trkpt lat="39.841776" lon="2.909852">
        <ele>595.5</ele>
      </trkpt>
      <trkpt lat="39.84196" lon="2.909836">
        <ele>596</ele>
      </trkpt>
      <trkpt lat="39.842155" lon="2.909853">
        <ele>596.75</ele>
      </trkpt>
      <trkpt lat="39.84234" lon="2.909867">
        <ele>597.75</ele>
      </trkpt>
      <trkpt lat="39.842837" lon="2.909936">
        <ele>597.25</ele>
      </trkpt>
      <trkpt lat="39.843272" lon="2.910193">
        <ele>598</ele>
      </trkpt>
      <trkpt lat="39.84346" lon="2.910499">
        <ele>599.25</ele>
      </trkpt>
      <trkpt lat="39.843639" lon="2.910696">
        <ele>598.5</ele>
      </trkpt>
      <trkpt lat="39.843777" lon="2.910896">
        <ele>598.75</ele>
      </trkpt>
      <trkpt lat="39.843958" lon="2.911092">
        <ele>599.25</ele>
      </trkpt>
      <trkpt lat="39.84401" lon="2.911262">
        <ele>601</ele>
      </trkpt>
      <trkpt lat="39.844146" lon="2.911435">
        <ele>601</ele>
      </trkpt>
      <trkpt lat="39.844275" lon="2.911551">
        <ele>600.25</ele>
      </trkpt>
      <trkpt lat="39.844602" lon="2.911683">
        <ele>595.25</ele>
      </trkpt>
      <trkpt lat="39.844736" lon="2.911769">
        <ele>593.75</ele>
      </trkpt>
      <trkpt lat="39.844889" lon="2.911932">
        <ele>592.5</ele>
      </trkpt>
      <trkpt lat="39.845273" lon="2.912458">
        <ele>592.25</ele>
      </trkpt>
      <trkpt lat="39.845332" lon="2.912584">
        <ele>594</ele>
      </trkpt>
      <trkpt lat="39.845331" lon="2.912583">
        <ele>592.75</ele>
      </trkpt>
      <trkpt lat="39.845454" lon="2.912844">
        <ele>594</ele>
      </trkpt>
      <trkpt lat="39.845748" lon="2.913236">
        <ele>593.25</ele>
      </trkpt>
      <trkpt lat="39.845973" lon="2.913664">
        <ele>595.75</ele>
      </trkpt>
      <trkpt lat="39.846049" lon="2.913837">
        <ele>597.25</ele>
      </trkpt>
      <trkpt lat="39.846202" lon="2.914007">
        <ele>598</ele>
      </trkpt>
      <trkpt lat="39.846332" lon="2.91422">
        <ele>600</ele>
      </trkpt>
      <trkpt lat="39.846405" lon="2.914233">
        <ele>599.5</ele>
      </trkpt>
      <trkpt lat="39.846563" lon="2.914088">
        <ele>595.75</ele>
      </trkpt>
      <trkpt lat="39.846727" lon="2.914029">
        <ele>593.25</ele>
      </trkpt>
      <trkpt lat="39.847043" lon="2.91412">
        <ele>592</ele>
      </trkpt>
      <trkpt lat="39.847403" lon="2.914464">
        <ele>593.5</ele>
      </trkpt>
      <trkpt lat="39.847764" lon="2.914885">
        <ele>592.5</ele>
      </trkpt>
      <trkpt lat="39.847833" lon="2.914966">
        <ele>592.25</ele>
      </trkpt>
      <trkpt lat="39.847853" lon="2.914999">
        <ele>592</ele>
      </trkpt>
      <trkpt lat="39.848083" lon="2.915373">
        <ele>588.75</ele>
      </trkpt>
      <trkpt lat="39.84825" lon="2.915611">
        <ele>586</ele>
      </trkpt>
      <trkpt lat="39.848479" lon="2.915888">
        <ele>581.5</ele>
      </trkpt>
      <trkpt lat="39.848457" lon="2.915973">
        <ele>582.5</ele>
      </trkpt>
      <trkpt lat="39.848341" lon="2.916106">
        <ele>585.75</ele>
      </trkpt>
      <trkpt lat="39.848293" lon="2.916255">
        <ele>587.25</ele>
      </trkpt>
      <trkpt lat="39.848286" lon="2.916461">
        <ele>588.25</ele>
      </trkpt>
      <trkpt lat="39.848319" lon="2.916546">
        <ele>587.75</ele>
      </trkpt>
      <trkpt lat="39.848408" lon="2.916608">
        <ele>586</ele>
      </trkpt>
      <trkpt lat="39.848771" lon="2.916698">
        <ele>578.5</ele>
      </trkpt>
      <trkpt lat="39.848959" lon="2.91684">
        <ele>576</ele>
      </trkpt>
      <trkpt lat="39.849129" lon="2.917012">
        <ele>573.5</ele>
      </trkpt>
      <trkpt lat="39.849276" lon="2.917235">
        <ele>573</ele>
      </trkpt>
      <trkpt lat="39.849315" lon="2.917401">
        <ele>574</ele>
      </trkpt>
      <trkpt lat="39.849425" lon="2.917634">
        <ele>573.75</ele>
      </trkpt>
      <trkpt lat="39.84958" lon="2.917782">
        <ele>571.25</ele>
      </trkpt>
      <trkpt lat="39.849745" lon="2.917889">
        <ele>567.75</ele>
      </trkpt>
      <trkpt lat="39.849961" lon="2.918216">
        <ele>563</ele>
      </trkpt>
      <trkpt lat="39.850115" lon="2.918107">
        <ele>561</ele>
      </trkpt>
      <trkpt lat="39.850387" lon="2.918138">
        <ele>559</ele>
      </trkpt>
      <trkpt lat="39.850423" lon="2.918238">
        <ele>559</ele>
      </trkpt>
      <trkpt lat="39.850372" lon="2.918307">
        <ele>559.25</ele>
      </trkpt>
      <trkpt lat="39.850372" lon="2.918307">
        <ele>559</ele>
      </trkpt>
      <trkpt lat="39.850247" lon="2.91848">
        <ele>559.25</ele>
      </trkpt>
      <trkpt lat="39.850215" lon="2.918578">
        <ele>559</ele>
      </trkpt>
      <trkpt lat="39.850248" lon="2.918793">
        <ele>557</ele>
      </trkpt>
      <trkpt lat="39.850159" lon="2.918947">
        <ele>557.5</ele>
      </trkpt>
      <trkpt lat="39.8501" lon="2.919099">
        <ele>558</ele>
      </trkpt>
      <trkpt lat="39.85017" lon="2.919435">
        <ele>554.25</ele>
      </trkpt>
      <trkpt lat="39.850249" lon="2.919566">
        <ele>551.75</ele>
      </trkpt>
      <trkpt lat="39.850287" lon="2.919674">
        <ele>550</ele>
      </trkpt>
      <trkpt lat="39.850285" lon="2.919714">
        <ele>549.75</ele>
      </trkpt>
      <trkpt lat="39.850302" lon="2.919729">
        <ele>549.25</ele>
      </trkpt>
      <trkpt lat="39.850294" lon="2.919809">
        <ele>549</ele>
      </trkpt>
      <trkpt lat="39.850382" lon="2.919779">
        <ele>547.25</ele>
      </trkpt>
      <trkpt lat="39.850422" lon="2.919846">
        <ele>545.75</ele>
      </trkpt>
      <trkpt lat="39.850426" lon="2.919928">
        <ele>545.25</ele>
      </trkpt>
      <trkpt lat="39.850445" lon="2.919999">
        <ele>544.25</ele>
      </trkpt>
      <trkpt lat="39.85048" lon="2.920352">
        <ele>539.75</ele>
      </trkpt>
      <trkpt lat="39.850545" lon="2.920573">
        <ele>536.5</ele>
      </trkpt>
      <trkpt lat="39.850412" lon="2.921202">
        <ele>528</ele>
      </trkpt>
      <trkpt lat="39.850271" lon="2.921316">
        <ele>527.25</ele>
      </trkpt>
      <trkpt lat="39.850347" lon="2.921462">
        <ele>523.5</ele>
      </trkpt>
      <trkpt lat="39.850287" lon="2.921712">
        <ele>519.5</ele>
      </trkpt>
      <trkpt lat="39.85006" lon="2.921794">
        <ele>521.75</ele>
      </trkpt>
      <trkpt lat="39.849935" lon="2.92189">
        <ele>523.25</ele>
      </trkpt>
      <trkpt lat="39.849984" lon="2.922022">
        <ele>520.5</ele>
      </trkpt>
      <trkpt lat="39.850047" lon="2.922079">
        <ele>518.5</ele>
      </trkpt>
      <trkpt lat="39.849972" lon="2.922157">
        <ele>519.25</ele>
      </trkpt>
      <trkpt lat="39.850021" lon="2.922237">
        <ele>517.25</ele>
      </trkpt>
      <trkpt lat="39.84995" lon="2.922314">
        <ele>518.25</ele>
      </trkpt>
      <trkpt lat="39.849947" lon="2.922415">
        <ele>517.25</ele>
      </trkpt>
      <trkpt lat="39.850002" lon="2.922485">
        <ele>515</ele>
      </trkpt>
      <trkpt lat="39.850023" lon="2.922497">
        <ele>514.5</ele>
      </trkpt>
      <trkpt lat="39.850105" lon="2.922541">
        <ele>512.75</ele>
      </trkpt>
      <trkpt lat="39.850189" lon="2.922571">
        <ele>511</ele>
      </trkpt>
      <trkpt lat="39.850295" lon="2.922637">
        <ele>508.75</ele>
      </trkpt>
      <trkpt lat="39.85041" lon="2.922813">
        <ele>506</ele>
      </trkpt>
      <trkpt lat="39.850444" lon="2.923051">
        <ele>505</ele>
      </trkpt>
      <trkpt lat="39.850399" lon="2.923319">
        <ele>506.5</ele>
      </trkpt>
      <trkpt lat="39.850411" lon="2.923479">
        <ele>507.75</ele>
      </trkpt>
      <trkpt lat="39.850535" lon="2.923897">
        <ele>506.75</ele>
      </trkpt>
      <trkpt lat="39.850578" lon="2.923962">
        <ele>505.5</ele>
      </trkpt>
      <trkpt lat="39.850888" lon="2.924111">
        <ele>493.25</ele>
      </trkpt>
      <trkpt lat="39.850976" lon="2.924243">
        <ele>491.75</ele>
      </trkpt>
      <trkpt lat="39.851123" lon="2.924638">
        <ele>492.25</ele>
      </trkpt>
      <trkpt lat="39.851201" lon="2.924786">
        <ele>491.75</ele>
      </trkpt>
      <trkpt lat="39.851282" lon="2.924854">
        <ele>490.25</ele>
      </trkpt>
      <trkpt lat="39.851582" lon="2.925039">
        <ele>484.25</ele>
      </trkpt>
      <trkpt lat="39.851707" lon="2.925266">
        <ele>481.75</ele>
      </trkpt>
      <trkpt lat="39.85177" lon="2.925733">
        <ele>482.25</ele>
      </trkpt>
      <trkpt lat="39.851715" lon="2.925824">
        <ele>483.25</ele>
      </trkpt>
      <trkpt lat="39.85177" lon="2.925912">
        <ele>481.25</ele>
      </trkpt>
      <trkpt lat="39.851804" lon="2.926008">
        <ele>479.25</ele>
      </trkpt>
      <trkpt lat="39.851801" lon="2.926156">
        <ele>477</ele>
      </trkpt>
      <trkpt lat="39.851777" lon="2.926281">
        <ele>475.25</ele>
      </trkpt>
      <trkpt lat="39.851337" lon="2.927139">
        <ele>468</ele>
      </trkpt>
      <trkpt lat="39.851332" lon="2.927197">
        <ele>466.75</ele>
      </trkpt>
      <trkpt lat="39.851445" lon="2.927223">
        <ele>463.75</ele>
      </trkpt>
      <trkpt lat="39.85148" lon="2.927299">
        <ele>461.5</ele>
      </trkpt>
      <trkpt lat="39.851439" lon="2.927349">
        <ele>461.25</ele>
      </trkpt>
      <trkpt lat="39.851332" lon="2.9274">
        <ele>462.25</ele>
      </trkpt>
      <trkpt lat="39.851325" lon="2.927465">
        <ele>460.75</ele>
      </trkpt>
      <trkpt lat="39.851449" lon="2.927566">
        <ele>456</ele>
      </trkpt>
      <trkpt lat="39.851323" lon="2.927626">
        <ele>456.5</ele>
      </trkpt>
      <trkpt lat="39.851142" lon="2.927885">
        <ele>451.75</ele>
      </trkpt>
      <trkpt lat="39.851064" lon="2.927973">
        <ele>450.25</ele>
      </trkpt>
      <trkpt lat="39.850956" lon="2.928196">
        <ele>444.75</ele>
      </trkpt>
      <trkpt lat="39.850609" lon="2.92847">
        <ele>450.5</ele>
      </trkpt>
      <trkpt lat="39.85058" lon="2.928596">
        <ele>451.5</ele>
      </trkpt>
      <trkpt lat="39.850527" lon="2.928743">
        <ele>454</ele>
      </trkpt>
      <trkpt lat="39.850597" lon="2.928949">
        <ele>450.25</ele>
      </trkpt>
      <trkpt lat="39.850673" lon="2.928989">
        <ele>446.25</ele>
      </trkpt>
      <trkpt lat="39.850716" lon="2.929173">
        <ele>443.5</ele>
      </trkpt>
      <trkpt lat="39.850825" lon="2.929518">
        <ele>443.75</ele>
      </trkpt>
      <trkpt lat="39.851004" lon="2.929679">
        <ele>438.5</ele>
      </trkpt>
      <trkpt lat="39.851181" lon="2.930048">
        <ele>433.75</ele>
      </trkpt>
      <trkpt lat="39.851295" lon="2.930179">
        <ele>429</ele>
      </trkpt>
      <trkpt lat="39.851386" lon="2.930379">
        <ele>426.5</ele>
      </trkpt>
      <trkpt lat="39.851454" lon="2.930732">
        <ele>426.75</ele>
      </trkpt>
      <trkpt lat="39.851532" lon="2.931134">
        <ele>422.5</ele>
      </trkpt>
      <trkpt lat="39.851455" lon="2.931781">
        <ele>423</ele>
      </trkpt>
      <trkpt lat="39.851417" lon="2.932178">
        <ele>419.75</ele>
      </trkpt>
      <trkpt lat="39.851435" lon="2.932274">
        <ele>417.75</ele>
      </trkpt>
      <trkpt lat="39.85129" lon="2.932794">
        <ele>416.75</ele>
      </trkpt>
      <trkpt lat="39.851244" lon="2.933046">
        <ele>414.75</ele>
      </trkpt>
      <trkpt lat="39.851203" lon="2.933357">
        <ele>411.5</ele>
      </trkpt>
      <trkpt lat="39.851034" lon="2.933922">
        <ele>408.5</ele>
      </trkpt>
      <trkpt lat="39.851095" lon="2.934269">
        <ele>399.5</ele>
      </trkpt>
      <trkpt lat="39.851024" lon="2.934427">
        <ele>399.75</ele>
      </trkpt>
      <trkpt lat="39.851076" lon="2.934563">
        <ele>396</ele>
      </trkpt>
      <trkpt lat="39.850897" lon="2.934599">
        <ele>401.5</ele>
      </trkpt>
      <trkpt lat="39.851022" lon="2.934782">
        <ele>394.25</ele>
      </trkpt>
      <trkpt lat="39.851116" lon="2.934993">
        <ele>388.25</ele>
      </trkpt>
      <trkpt lat="39.851054" lon="2.935136">
        <ele>388.75</ele>
      </trkpt>
      <trkpt lat="39.851188" lon="2.93535">
        <ele>382.25</ele>
      </trkpt>
      <trkpt lat="39.851308" lon="2.935707">
        <ele>374.75</ele>
      </trkpt>
      <trkpt lat="39.851461" lon="2.93615">
        <ele>366.25</ele>
      </trkpt>
      <trkpt lat="39.851479" lon="2.936441">
        <ele>363.75</ele>
      </trkpt>
      <trkpt lat="39.851394" lon="2.936674">
        <ele>365.25</ele>
      </trkpt>
      <trkpt lat="39.851436" lon="2.936681">
        <ele>363.5</ele>
      </trkpt>
      <trkpt lat="39.851571" lon="2.936629">
        <ele>359.5</ele>
      </trkpt>
      <trkpt lat="39.851599" lon="2.936648">
        <ele>358.25</ele>
      </trkpt>
      <trkpt lat="39.851472" lon="2.936819">
        <ele>359.25</ele>
      </trkpt>
      <trkpt lat="39.851601" lon="2.93684">
        <ele>354.25</ele>
      </trkpt>
      <trkpt lat="39.851632" lon="2.936872">
        <ele>352.5</ele>
      </trkpt>
      <trkpt lat="39.851434" lon="2.937006">
        <ele>356.75</ele>
      </trkpt>
      <trkpt lat="39.851409" lon="2.937085">
        <ele>356</ele>
      </trkpt>
      <trkpt lat="39.851431" lon="2.93713">
        <ele>354.25</ele>
      </trkpt>
      <trkpt lat="39.85147" lon="2.937116">
        <ele>353</ele>
      </trkpt>
      <trkpt lat="39.851521" lon="2.937045">
        <ele>352.75</ele>
      </trkpt>
      <trkpt lat="39.851548" lon="2.937069">
        <ele>351</ele>
      </trkpt>
      <trkpt lat="39.851383" lon="2.937467">
        <ele>348.75</ele>
      </trkpt>
      <trkpt lat="39.8514" lon="2.937545">
        <ele>347.25</ele>
      </trkpt>
      <trkpt lat="39.851518" lon="2.937374">
        <ele>345.5</ele>
      </trkpt>
      <trkpt lat="39.851558" lon="2.937364">
        <ele>344.25</ele>
      </trkpt>
      <trkpt lat="39.851535" lon="2.937561">
        <ele>341.5</ele>
      </trkpt>
      <trkpt lat="39.851545" lon="2.937635">
        <ele>339</ele>
      </trkpt>
      <trkpt lat="39.851545" lon="2.937633">
        <ele>340.25</ele>
      </trkpt>
      <trkpt lat="39.851559" lon="2.937725">
        <ele>339</ele>
      </trkpt>
      <trkpt lat="39.851643" lon="2.937721">
        <ele>335.25</ele>
      </trkpt>
      <trkpt lat="39.851664" lon="2.937567">
        <ele>336.25</ele>
      </trkpt>
      <trkpt lat="39.851792" lon="2.937406">
        <ele>337</ele>
      </trkpt>
      <trkpt lat="39.851807" lon="2.937453">
        <ele>335.75</ele>
      </trkpt>
      <trkpt lat="39.851732" lon="2.937644">
        <ele>334</ele>
      </trkpt>
      <trkpt lat="39.851763" lon="2.937668">
        <ele>333</ele>
      </trkpt>
      <trkpt lat="39.851791" lon="2.937561">
        <ele>334</ele>
      </trkpt>
      <trkpt lat="39.851854" lon="2.937498">
        <ele>334</ele>
      </trkpt>
      <trkpt lat="39.851896" lon="2.937542">
        <ele>332.75</ele>
      </trkpt>
      <trkpt lat="39.851852" lon="2.937597">
        <ele>332.5</ele>
      </trkpt>
      <trkpt lat="39.851826" lon="2.937758">
        <ele>330.75</ele>
      </trkpt>
      <trkpt lat="39.851863" lon="2.937784">
        <ele>329.5</ele>
      </trkpt>
      <trkpt lat="39.851913" lon="2.937693">
        <ele>330</ele>
      </trkpt>
      <trkpt lat="39.851966" lon="2.937713">
        <ele>328.75</ele>
      </trkpt>
      <trkpt lat="39.85206" lon="2.937933">
        <ele>322.75</ele>
      </trkpt>
      <trkpt lat="39.852072" lon="2.938038">
        <ele>320.75</ele>
      </trkpt>
      <trkpt lat="39.851963" lon="2.937992">
        <ele>324</ele>
      </trkpt>
      <trkpt lat="39.851891" lon="2.938042">
        <ele>325</ele>
      </trkpt>
      <trkpt lat="39.851877" lon="2.938122">
        <ele>324</ele>
      </trkpt>
      <trkpt lat="39.852054" lon="2.938441">
        <ele>315.25</ele>
      </trkpt>
      <trkpt lat="39.852154" lon="2.93827">
        <ele>314</ele>
      </trkpt>
      <trkpt lat="39.852411" lon="2.938355">
        <ele>305.25</ele>
      </trkpt>
      <trkpt lat="39.852329" lon="2.938517">
        <ele>305.75</ele>
      </trkpt>
      <trkpt lat="39.852466" lon="2.939254">
        <ele>291.75</ele>
      </trkpt>
      <trkpt lat="39.852625" lon="2.93962">
        <ele>287.25</ele>
      </trkpt>
      <trkpt lat="39.852866" lon="2.940049">
        <ele>278.25</ele>
      </trkpt>
      <trkpt lat="39.854041" lon="2.941408">
        <ele>237.25</ele>
      </trkpt>
      <trkpt lat="39.85458" lon="2.942541">
        <ele>225.5</ele>
      </trkpt>
      <trkpt lat="39.854609" lon="2.942597">
        <ele>217.25</ele>
      </trkpt>
      <trkpt lat="39.85462" lon="2.94259">
        <ele>217.8</ele>
      </trkpt>
      <trkpt lat="39.854609" lon="2.942597">
        <ele>224.75</ele>
      </trkpt>
      <trkpt lat="39.854982" lon="2.943319">
        <ele>217.25</ele>
      </trkpt>
      <trkpt lat="39.855151" lon="2.943603">
        <ele>213.75</ele>
      </trkpt>
      <trkpt lat="39.855242" lon="2.943882">
        <ele>211.75</ele>
      </trkpt>
      <trkpt lat="39.855258" lon="2.94407">
        <ele>211.25</ele>
      </trkpt>
      <trkpt lat="39.855192" lon="2.944756">
        <ele>204</ele>
      </trkpt>
      <trkpt lat="39.855221" lon="2.944815">
        <ele>202.75</ele>
      </trkpt>
      <trkpt lat="39.855254" lon="2.944794">
        <ele>202.5</ele>
      </trkpt>
      <trkpt lat="39.85537" lon="2.944553">
        <ele>203.75</ele>
      </trkpt>
      <trkpt lat="39.855687" lon="2.944005">
        <ele>203.75</ele>
      </trkpt>
      <trkpt lat="39.855757" lon="2.94392">
        <ele>202.5</ele>
      </trkpt>
      <trkpt lat="39.85581" lon="2.94393">
        <ele>201.5</ele>
      </trkpt>
      <trkpt lat="39.855839" lon="2.944011">
        <ele>201</ele>
      </trkpt>
      <trkpt lat="39.855884" lon="2.944225">
        <ele>199</ele>
      </trkpt>
      <trkpt lat="39.85593" lon="2.94452">
        <ele>194.25</ele>
      </trkpt>
      <trkpt lat="39.855938" lon="2.944676">
        <ele>192.25</ele>
      </trkpt>
      <trkpt lat="39.855938" lon="2.944676">
        <ele>192.25</ele>
      </trkpt>
      <trkpt lat="39.85593" lon="2.944767">
        <ele>191.25</ele>
      </trkpt>
      <trkpt lat="39.855967" lon="2.944789">
        <ele>190.25</ele>
      </trkpt>
      <trkpt lat="39.856037" lon="2.944714">
        <ele>190</ele>
      </trkpt>
      <trkpt lat="39.856065" lon="2.944622">
        <ele>190.5</ele>
      </trkpt>
      <trkpt lat="39.856226" lon="2.94437">
        <ele>190.25</ele>
      </trkpt>
      <trkpt lat="39.856263" lon="2.944397">
        <ele>189.25</ele>
      </trkpt>
      <trkpt lat="39.856335" lon="2.944795">
        <ele>184</ele>
      </trkpt>
      <trkpt lat="39.85637" lon="2.944824">
        <ele>183.25</ele>
      </trkpt>
      <trkpt lat="39.856415" lon="2.944813">
        <ele>182.5</ele>
      </trkpt>
      <trkpt lat="39.856506" lon="2.944628">
        <ele>182.5</ele>
      </trkpt>
      <trkpt lat="39.856551" lon="2.944617">
        <ele>181.75</ele>
      </trkpt>
      <trkpt lat="39.856578" lon="2.944667">
        <ele>180.75</ele>
      </trkpt>
      <trkpt lat="39.85658" lon="2.944714">
        <ele>180.5</ele>
      </trkpt>
      <trkpt lat="39.856551" lon="2.944858">
        <ele>179.75</ele>
      </trkpt>
      <trkpt lat="39.85642" lon="2.944987">
        <ele>180.75</ele>
      </trkpt>
      <trkpt lat="39.856432" lon="2.945052">
        <ele>180</ele>
      </trkpt>
      <trkpt lat="39.856654" lon="2.944912">
        <ele>177.75</ele>
      </trkpt>
      <trkpt lat="39.856978" lon="2.94489">
        <ele>174.25</ele>
      </trkpt>
      <trkpt lat="39.857443" lon="2.94486">
        <ele>169.25</ele>
      </trkpt>
      <trkpt lat="39.857641" lon="2.944864">
        <ele>166.75</ele>
      </trkpt>
      <trkpt lat="39.857778" lon="2.94491">
        <ele>165</ele>
      </trkpt>
      <trkpt lat="39.85804" lon="2.945069">
        <ele>160.75</ele>
      </trkpt>
      <trkpt lat="39.858266" lon="2.945239">
        <ele>157.25</ele>
      </trkpt>
      <trkpt lat="39.85911" lon="2.945969">
        <ele>151.25</ele>
      </trkpt>
      <trkpt lat="39.859869" lon="2.9466">
        <ele>142</ele>
      </trkpt>
      <trkpt lat="39.860374" lon="2.946987">
        <ele>138.5</ele>
      </trkpt>
      <trkpt lat="39.860423" lon="2.946981">
        <ele>138.25</ele>
      </trkpt>
      <trkpt lat="39.861088" lon="2.946724">
        <ele>136</ele>
      </trkpt>
      <trkpt lat="39.861155" lon="2.946742">
        <ele>136</ele>
      </trkpt>
      <trkpt lat="39.861234" lon="2.947063">
        <ele>134.75</ele>
      </trkpt>
      <trkpt lat="39.861541" lon="2.948233">
        <ele>131.5</ele>
      </trkpt>
      <trkpt lat="39.86158" lon="2.948315">
        <ele>129.5</ele>
      </trkpt>
      <trkpt lat="39.861579" lon="2.948314">
        <ele>131</ele>
      </trkpt>
      <trkpt lat="39.861787" lon="2.948753">
        <ele>129.5</ele>
      </trkpt>
      <trkpt lat="39.862094" lon="2.949082">
        <ele>128</ele>
      </trkpt>
      <trkpt lat="39.862407" lon="2.949484">
        <ele>126.75</ele>
      </trkpt>
      <trkpt lat="39.86289" lon="2.950193">
        <ele>125.5</ele>
      </trkpt>
      <trkpt lat="39.862986" lon="2.950565">
        <ele>125.5</ele>
      </trkpt>
      <trkpt lat="39.863007" lon="2.950644">
        <ele>125.5</ele>
      </trkpt>
      <trkpt lat="39.863381" lon="2.951386">
        <ele>122.75</ele>
      </trkpt>
      <trkpt lat="39.863395" lon="2.951375">
        <ele>122.75</ele>
      </trkpt>
      <trkpt lat="39.863466" lon="2.951318">
        <ele>122.5</ele>
      </trkpt>
      <trkpt lat="39.86351" lon="2.95131">
        <ele>122.5</ele>
      </trkpt>
      <trkpt lat="39.863545" lon="2.951414">
        <ele>122</ele>
      </trkpt>
      <trkpt lat="39.863785" lon="2.951963">
        <ele>120.5</ele>
      </trkpt>
      <trkpt lat="39.863901" lon="2.952182">
        <ele>120.5</ele>
      </trkpt>
      <trkpt lat="39.863911" lon="2.952234">
        <ele>120.5</ele>
      </trkpt>
      <trkpt lat="39.863899" lon="2.952341">
        <ele>120.75</ele>
      </trkpt>
      <trkpt lat="39.863942" lon="2.952426">
        <ele>120.5</ele>
      </trkpt>
      <trkpt lat="39.86405" lon="2.95261">
        <ele>120.5</ele>
      </trkpt>
      <trkpt lat="39.864156" lon="2.952699">
        <ele>120.25</ele>
      </trkpt>
      <trkpt lat="39.864293" lon="2.952854">
        <ele>120</ele>
      </trkpt>
      <trkpt lat="39.864384" lon="2.953056">
        <ele>119.75</ele>
      </trkpt>
      <trkpt lat="39.864409" lon="2.953207">
        <ele>120</ele>
      </trkpt>
      <trkpt lat="39.864437" lon="2.953508">
        <ele>120</ele>
      </trkpt>
      <trkpt lat="39.864477" lon="2.953725">
        <ele>120</ele>
      </trkpt>
      <trkpt lat="39.86455" lon="2.953858">
        <ele>119.75</ele>
      </trkpt>
      <trkpt lat="39.864618" lon="2.953927">
        <ele>119.5</ele>
      </trkpt>
      <trkpt lat="39.864803" lon="2.954082">
        <ele>118.75</ele>
      </trkpt>
      <trkpt lat="39.865085" lon="2.954249">
        <ele>117.5</ele>
      </trkpt>
      <trkpt lat="39.865261" lon="2.954393">
        <ele>117</ele>
      </trkpt>
      <trkpt lat="39.865319" lon="2.954489">
        <ele>116.5</ele>
      </trkpt>
      <trkpt lat="39.865434" lon="2.954823">
        <ele>115.75</ele>
      </trkpt>
      <trkpt lat="39.865668" lon="2.955459">
        <ele>113.25</ele>
      </trkpt>
      <trkpt lat="39.865748" lon="2.955707">
        <ele>112.5</ele>
      </trkpt>
      <trkpt lat="39.866007" lon="2.956262">
        <ele>112.25</ele>
      </trkpt>
      <trkpt lat="39.866241" lon="2.957046">
        <ele>113</ele>
      </trkpt>
      <trkpt lat="39.866454" lon="2.957754">
        <ele>112.75</ele>
      </trkpt>
      <trkpt lat="39.866486" lon="2.957801">
        <ele>112.75</ele>
      </trkpt>
      <trkpt lat="39.866692" lon="2.958015">
        <ele>111.5</ele>
      </trkpt>
      <trkpt lat="39.866884" lon="2.958383">
        <ele>109.75</ele>
      </trkpt>
      <trkpt lat="39.867188" lon="2.958969">
        <ele>107.75</ele>
      </trkpt>
      <trkpt lat="39.867599" lon="2.959696">
        <ele>106.25</ele>
      </trkpt>
      <trkpt lat="39.867931" lon="2.96028">
        <ele>105.5</ele>
      </trkpt>
      <trkpt lat="39.867972" lon="2.960351">
        <ele>105.25</ele>
      </trkpt>
      <trkpt lat="39.867955" lon="2.96037">
        <ele>105.2</ele>
      </trkpt>
      <trkpt lat="39.867972" lon="2.960351">
        <ele>105.25</ele>
      </trkpt>
      <trkpt lat="39.867979" lon="2.960364">
        <ele>105.25</ele>
      </trkpt>
      <trkpt lat="39.868014" lon="2.960741">
        <ele>104.75</ele>
      </trkpt>
      <trkpt lat="39.86833" lon="2.96317">
        <ele>102.25</ele>
      </trkpt>
      <trkpt lat="39.868421" lon="2.963311">
        <ele>101.75</ele>
      </trkpt>
      <trkpt lat="39.868517" lon="2.963395">
        <ele>101.5</ele>
      </trkpt>
      <trkpt lat="39.868564" lon="2.963552">
        <ele>101.25</ele>
      </trkpt>
      <trkpt lat="39.868538" lon="2.96386">
        <ele>101.5</ele>
      </trkpt>
      <trkpt lat="39.868547" lon="2.964691">
        <ele>101.25</ele>
      </trkpt>
      <trkpt lat="39.868612" lon="2.965075">
        <ele>101</ele>
      </trkpt>
      <trkpt lat="39.868729" lon="2.965345">
        <ele>100.5</ele>
      </trkpt>
      <trkpt lat="39.86879" lon="2.965526">
        <ele>100.25</ele>
      </trkpt>
      <trkpt lat="39.868799" lon="2.965747">
        <ele>99.75</ele>
      </trkpt>
      <trkpt lat="39.868789" lon="2.966605">
        <ele>99</ele>
      </trkpt>
      <trkpt lat="39.86883" lon="2.966686">
        <ele>98.5</ele>
      </trkpt>
      <trkpt lat="39.868814" lon="2.966688">
        <ele>98.5</ele>
      </trkpt>
      <trkpt lat="39.86879" lon="2.966778">
        <ele>98.25</ele>
      </trkpt>
      <trkpt lat="39.868688" lon="2.967002">
        <ele>98.25</ele>
      </trkpt>
      <trkpt lat="39.868631" lon="2.9671">
        <ele>97.75</ele>
      </trkpt>
      <trkpt lat="39.868499" lon="2.967477">
        <ele>96.5</ele>
      </trkpt>
      <trkpt lat="39.868369" lon="2.967777">
        <ele>95.75</ele>
      </trkpt>
      <trkpt lat="39.868356" lon="2.967825">
        <ele>95.5</ele>
      </trkpt>
      <trkpt lat="39.868244" lon="2.968271">
        <ele>95.25</ele>
      </trkpt>
      <trkpt lat="39.868162" lon="2.968727">
        <ele>95.75</ele>
      </trkpt>
      <trkpt lat="39.868177" lon="2.968835">
        <ele>95.75</ele>
      </trkpt>
      <trkpt lat="39.868098" lon="2.968946">
        <ele>96</ele>
      </trkpt>
      <trkpt lat="39.867832" lon="2.969913">
        <ele>97.5</ele>
      </trkpt>
      <trkpt lat="39.867734" lon="2.970448">
        <ele>97.75</ele>
      </trkpt>
      <trkpt lat="39.867634" lon="2.971254">
        <ele>98.5</ele>
      </trkpt>
      <trkpt lat="39.867618" lon="2.971468">
        <ele>98.75</ele>
      </trkpt>
      <trkpt lat="39.867362" lon="2.972144">
        <ele>97</ele>
      </trkpt>
      <trkpt lat="39.867348" lon="2.972229">
        <ele>97.25</ele>
      </trkpt>
      <trkpt lat="39.867305" lon="2.972487">
        <ele>97.5</ele>
      </trkpt>
      <trkpt lat="39.867041" lon="2.97341">
        <ele>95</ele>
      </trkpt>
      <trkpt lat="39.867028" lon="2.97421">
        <ele>91.75</ele>
      </trkpt>
      <trkpt lat="39.867141" lon="2.974601">
        <ele>90.5</ele>
      </trkpt>
      <trkpt lat="39.86756" lon="2.975223">
        <ele>88.75</ele>
      </trkpt>
      <trkpt lat="39.867816" lon="2.975676">
        <ele>88</ele>
      </trkpt>
      <trkpt lat="39.867963" lon="2.976189">
        <ele>87.5</ele>
      </trkpt>
      <trkpt lat="39.867848" lon="2.976919">
        <ele>87</ele>
      </trkpt>
      <trkpt lat="39.867798" lon="2.977055">
        <ele>86.75</ele>
      </trkpt>
      <trkpt lat="39.867765" lon="2.977166">
        <ele>86.5</ele>
      </trkpt>
      <trkpt lat="39.867772" lon="2.977466">
        <ele>86</ele>
      </trkpt>
      <trkpt lat="39.867807" lon="2.97827">
        <ele>85.5</ele>
      </trkpt>
      <trkpt lat="39.868317" lon="2.978882">
        <ele>85.5</ele>
      </trkpt>
      <trkpt lat="39.868425" lon="2.979225">
        <ele>85.75</ele>
      </trkpt>
      <trkpt lat="39.86868" lon="2.979536">
        <ele>85</ele>
      </trkpt>
      <trkpt lat="39.868836" lon="2.980598">
        <ele>84</ele>
      </trkpt>
      <trkpt lat="39.869001" lon="2.981146">
        <ele>82.75</ele>
      </trkpt>
      <trkpt lat="39.869742" lon="2.982154">
        <ele>82.75</ele>
      </trkpt>
      <trkpt lat="39.869981" lon="2.982261">
        <ele>83.5</ele>
      </trkpt>
      <trkpt lat="39.870261" lon="2.982239">
        <ele>84.5</ele>
      </trkpt>
      <trkpt lat="39.870338" lon="2.982251">
        <ele>84.75</ele>
      </trkpt>
      <trkpt lat="39.870738" lon="2.982562">
        <ele>85.75</ele>
      </trkpt>
      <trkpt lat="39.87134" lon="2.983281">
        <ele>83.5</ele>
      </trkpt>
      <trkpt lat="39.87162" lon="2.983656">
        <ele>82.75</ele>
      </trkpt>
      <trkpt lat="39.871891" lon="2.984493">
        <ele>85</ele>
      </trkpt>
      <trkpt lat="39.871906" lon="2.98456">
        <ele>85</ele>
      </trkpt>
      <trkpt lat="39.872045" lon="2.985533">
        <ele>85</ele>
      </trkpt>
      <trkpt lat="39.872134" lon="2.985793">
        <ele>84.75</ele>
      </trkpt>
      <trkpt lat="39.872176" lon="2.985863">
        <ele>84.75</ele>
      </trkpt>
      <trkpt lat="39.872205" lon="2.985894">
        <ele>84.75</ele>
      </trkpt>
      <trkpt lat="39.87227" lon="2.985964">
        <ele>84.5</ele>
      </trkpt>
      <trkpt lat="39.872476" lon="2.986232">
        <ele>83.5</ele>
      </trkpt>
      <trkpt lat="39.872567" lon="2.986339">
        <ele>83</ele>
      </trkpt>
      <trkpt lat="39.872831" lon="2.986739">
        <ele>82</ele>
      </trkpt>
      <trkpt lat="39.873307" lon="2.98802">
        <ele>79</ele>
      </trkpt>
      <trkpt lat="39.87358" lon="2.988737">
        <ele>81</ele>
      </trkpt>
      <trkpt lat="39.873704" lon="2.989092">
        <ele>81</ele>
      </trkpt>
      <trkpt lat="39.873768" lon="2.989202">
        <ele>81.75</ele>
      </trkpt>
      <trkpt lat="39.873779" lon="2.989275">
        <ele>81.75</ele>
      </trkpt>
      <trkpt lat="39.873909" lon="2.989608">
        <ele>84</ele>
      </trkpt>
      <trkpt lat="39.874077" lon="2.990063">
        <ele>86.25</ele>
      </trkpt>
      <trkpt lat="39.87417" lon="2.990459">
        <ele>84</ele>
      </trkpt>
      <trkpt lat="39.874402" lon="2.991532">
        <ele>81.25</ele>
      </trkpt>
      <trkpt lat="39.874475" lon="2.991721">
        <ele>81</ele>
      </trkpt>
      <trkpt lat="39.874474" lon="2.99177">
        <ele>80.75</ele>
      </trkpt>
      <trkpt lat="39.874514" lon="2.991913">
        <ele>80.75</ele>
      </trkpt>
      <trkpt lat="39.874779" lon="2.993163">
        <ele>76.5</ele>
      </trkpt>
      <trkpt lat="39.874838" lon="2.993326">
        <ele>75.75</ele>
      </trkpt>
      <trkpt lat="39.874806" lon="2.993395">
        <ele>75.25</ele>
      </trkpt>
      <trkpt lat="39.875054" lon="2.994118">
        <ele>73.25</ele>
      </trkpt>
      <trkpt lat="39.875155" lon="2.994337">
        <ele>72.75</ele>
      </trkpt>
      <trkpt lat="39.875202" lon="2.99456">
        <ele>72</ele>
      </trkpt>
      <trkpt lat="39.875205" lon="2.994702">
        <ele>71.5</ele>
      </trkpt>
      <trkpt lat="39.875173" lon="2.994842">
        <ele>71.25</ele>
      </trkpt>
      <trkpt lat="39.875161" lon="2.995019">
        <ele>70.75</ele>
      </trkpt>
      <trkpt lat="39.875173" lon="2.995267">
        <ele>70</ele>
      </trkpt>
      <trkpt lat="39.875185" lon="2.995877">
        <ele>68.25</ele>
      </trkpt>
      <trkpt lat="39.875232" lon="2.996388">
        <ele>66.75</ele>
      </trkpt>
      <trkpt lat="39.875255" lon="2.996461">
        <ele>66.5</ele>
      </trkpt>
      <trkpt lat="39.876387" lon="2.9984">
        <ele>64.25</ele>
      </trkpt>
      <trkpt lat="39.876521" lon="2.998584">
        <ele>63.75</ele>
      </trkpt>
      <trkpt lat="39.87716" lon="2.999536">
        <ele>63</ele>
      </trkpt>
      <trkpt lat="39.877482" lon="3.000005">
        <ele>62.75</ele>
      </trkpt>
      <trkpt lat="39.878122" lon="3.000981">
        <ele>63</ele>
      </trkpt>
      <trkpt lat="39.878159" lon="3.001189">
        <ele>62.25</ele>
      </trkpt>
      <trkpt lat="39.878225" lon="3.00238">
        <ele>60.75</ele>
      </trkpt>
      <trkpt lat="39.878232" lon="3.002544">
        <ele>60.75</ele>
      </trkpt>
      <trkpt lat="39.878198" lon="3.002683">
        <ele>61</ele>
      </trkpt>
      <trkpt lat="39.878247" lon="3.002776">
        <ele>60.5</ele>
      </trkpt>
      <trkpt lat="39.878347" lon="3.003027">
        <ele>59.75</ele>
      </trkpt>
      <trkpt lat="39.878358" lon="3.003102">
        <ele>59.75</ele>
      </trkpt>
      <trkpt lat="39.878733" lon="3.004477">
        <ele>61</ele>
      </trkpt>
      <trkpt lat="39.878898" lon="3.005009">
        <ele>61.5</ele>
      </trkpt>
      <trkpt lat="39.879045" lon="3.005414">
        <ele>61</ele>
      </trkpt>
      <trkpt lat="39.879188" lon="3.005893">
        <ele>59.75</ele>
      </trkpt>
      <trkpt lat="39.87924" lon="3.006127">
        <ele>59.5</ele>
      </trkpt>
      <trkpt lat="39.879349" lon="3.006619">
        <ele>58.75</ele>
      </trkpt>
      <trkpt lat="39.87943" lon="3.007125">
        <ele>57.5</ele>
      </trkpt>
      <trkpt lat="39.879409" lon="3.007989">
        <ele>58.25</ele>
      </trkpt>
      <trkpt lat="39.879397" lon="3.008641">
        <ele>62.25</ele>
      </trkpt>
      <trkpt lat="39.8794" lon="3.008909">
        <ele>64.75</ele>
      </trkpt>
      <trkpt lat="39.879468" lon="3.009064">
        <ele>65</ele>
      </trkpt>
      <trkpt lat="39.879576" lon="3.009195">
        <ele>64.5</ele>
      </trkpt>
      <trkpt lat="39.879769" lon="3.009403">
        <ele>63.5</ele>
      </trkpt>
      <trkpt lat="39.880146" lon="3.009888">
        <ele>61.75</ele>
      </trkpt>
      <trkpt lat="39.880575" lon="3.01032">
        <ele>65.5</ele>
      </trkpt>
      <trkpt lat="39.880716" lon="3.010448">
        <ele>66</ele>
      </trkpt>
      <trkpt lat="39.880826" lon="3.010546">
        <ele>66.25</ele>
      </trkpt>
      <trkpt lat="39.881442" lon="3.011186">
        <ele>65.75</ele>
      </trkpt>
      <trkpt lat="39.88166" lon="3.011447">
        <ele>63.5</ele>
      </trkpt>
      <trkpt lat="39.881867" lon="3.011688">
        <ele>64</ele>
      </trkpt>
      <trkpt lat="39.882176" lon="3.01212">
        <ele>64</ele>
      </trkpt>
      <trkpt lat="39.882323" lon="3.012431">
        <ele>62.5</ele>
      </trkpt>
      <trkpt lat="39.882432" lon="3.012609">
        <ele>59</ele>
      </trkpt>
      <trkpt lat="39.882418" lon="3.012625">
        <ele>52.6</ele>
      </trkpt>
      <trkpt lat="39.882432" lon="3.012609">
        <ele>59.25</ele>
      </trkpt>
      <trkpt lat="39.882448" lon="3.012636">
        <ele>59</ele>
      </trkpt>
      <trkpt lat="39.882475" lon="3.012966">
        <ele>57.5</ele>
      </trkpt>
      <trkpt lat="39.882454" lon="3.013399">
        <ele>56.75</ele>
      </trkpt>
      <trkpt lat="39.882378" lon="3.013627">
        <ele>57</ele>
      </trkpt>
      <trkpt lat="39.882298" lon="3.013906">
        <ele>56.5</ele>
      </trkpt>
      <trkpt lat="39.882265" lon="3.014102">
        <ele>55.5</ele>
      </trkpt>
      <trkpt lat="39.882283" lon="3.014159">
        <ele>55</ele>
      </trkpt>
      <trkpt lat="39.881914" lon="3.014451">
        <ele>57.25</ele>
      </trkpt>
      <trkpt lat="39.881795" lon="3.014535">
        <ele>57.75</ele>
      </trkpt>
      <trkpt lat="39.881682" lon="3.01463">
        <ele>58</ele>
      </trkpt>
      <trkpt lat="39.881448" lon="3.014911">
        <ele>57.25</ele>
      </trkpt>
      <trkpt lat="39.88107" lon="3.015128">
        <ele>57</ele>
      </trkpt>
      <trkpt lat="39.880637" lon="3.015389">
        <ele>57.25</ele>
      </trkpt>
      <trkpt lat="39.880566" lon="3.015435">
        <ele>57.5</ele>
      </trkpt>
      <trkpt lat="39.880472" lon="3.015501">
        <ele>57.5</ele>
      </trkpt>
      <trkpt lat="39.879963" lon="3.01585">
        <ele>57</ele>
      </trkpt>
      <trkpt lat="39.87978" lon="3.016033">
        <ele>57</ele>
      </trkpt>
      <trkpt lat="39.879599" lon="3.016104">
        <ele>57.25</ele>
      </trkpt>
      <trkpt lat="39.87956" lon="3.01611">
        <ele>57.25</ele>
      </trkpt>
      <trkpt lat="39.879473" lon="3.01615">
        <ele>57.25</ele>
      </trkpt>
      <trkpt lat="39.879353" lon="3.016141">
        <ele>57.5</ele>
      </trkpt>
      <trkpt lat="39.879193" lon="3.016074">
        <ele>58</ele>
      </trkpt>
      <trkpt lat="39.879022" lon="3.016017">
        <ele>58</ele>
      </trkpt>
      <trkpt lat="39.878819" lon="3.016029">
        <ele>57</ele>
      </trkpt>
      <trkpt lat="39.878819" lon="3.016029">
        <ele>57</ele>
      </trkpt>
      <trkpt lat="39.878797" lon="3.016031">
        <ele>57</ele>
      </trkpt>
      <trkpt lat="39.878551" lon="3.015878">
        <ele>56.75</ele>
      </trkpt>
      <trkpt lat="39.878407" lon="3.015744">
        <ele>56.5</ele>
      </trkpt>
      <trkpt lat="39.878233" lon="3.015562">
        <ele>56.5</ele>
      </trkpt>
      <trkpt lat="39.877992" lon="3.015084">
        <ele>56.25</ele>
      </trkpt>
      <trkpt lat="39.877886" lon="3.014903">
        <ele>56</ele>
      </trkpt>
      <trkpt lat="39.87786" lon="3.014854">
        <ele>56</ele>
      </trkpt>
      <trkpt lat="39.877683" lon="3.015061">
        <ele>54.25</ele>
      </trkpt>
      <trkpt lat="39.877652" lon="3.015118">
        <ele>54</ele>
      </trkpt>
      <trkpt lat="39.877641" lon="3.015141">
        <ele>54</ele>
      </trkpt>
      <trkpt lat="39.87755" lon="3.015287">
        <ele>53.5</ele>
      </trkpt>
      <trkpt lat="39.877424" lon="3.015496">
        <ele>53.25</ele>
      </trkpt>
      <trkpt lat="39.877215" lon="3.015741">
        <ele>52.75</ele>
      </trkpt>
      <trkpt lat="39.877166" lon="3.015799">
        <ele>52.75</ele>
      </trkpt>
      <trkpt lat="39.877063" lon="3.015891">
        <ele>52</ele>
      </trkpt>
      <trkpt lat="39.877031" lon="3.015907">
        <ele>51.75</ele>
      </trkpt>
      <trkpt lat="39.876875" lon="3.015992">
        <ele>50.75</ele>
      </trkpt>
      <trkpt lat="39.876781" lon="3.01603">
        <ele>50.25</ele>
      </trkpt>
      <trkpt lat="39.876599" lon="3.016182">
        <ele>49</ele>
      </trkpt>
      <trkpt lat="39.876501" lon="3.016266">
        <ele>48.5</ele>
      </trkpt>
      <trkpt lat="39.876462" lon="3.016284">
        <ele>48.25</ele>
      </trkpt>
      <trkpt lat="39.876267" lon="3.016363">
        <ele>47.75</ele>
      </trkpt>
      <trkpt lat="39.876035" lon="3.016413">
        <ele>47.25</ele>
      </trkpt>
      <trkpt lat="39.876098" lon="3.016116">
        <ele>48.75</ele>
      </trkpt>
    </trkseg>
  </trk>
</gpx>
