<?xml version="1.0" encoding="UTF-8"?>
<gpx creator="Garmin Connect" version="1.1"
  xsi:schemaLocation="http://www.topografix.com/GPX/1/1 http://www.topografix.com/GPX/11.xsd"
  xmlns:ns3="http://www.garmin.com/xmlschemas/TrackPointExtension/v1"
  xmlns="http://www.topografix.com/GPX/1/1"
  xmlns:xsi="http://www.w3.org/2001/XMLSchema-instance" xmlns:ns2="http://www.garmin.com/xmlschemas/GpxExtensions/v3">
  <metadata>
    <name>Dukstos (laukinis)</name>
    <link href="connect.garmin.com">
      <text>Garmin Connect</text>
    </link>
    <time>2021-10-30T08:32:29.000Z</time>
  </metadata>
  <trk>
    <name>Dukstos (laukinis)</name>
    <trkseg>
      <trkpt lat="54.81391595676541" lon="24.961748952046037">
        <ele>107.0</ele>
      </trkpt>
      <trkpt lat="54.813963985070586" lon="24.961633952334523">
        <ele>107.0</ele>
      </trkpt>
      <trkpt lat="54.81406398117542" lon="24.961201949045062">
        <ele>107.0</ele>
      </trkpt>
      <trkpt lat="54.814095916226506" lon="24.960954934358597">
        <ele>108.0</ele>
      </trkpt>
      <trkpt lat="54.81410798616707" lon="24.96059593744576">
        <ele>108.0</ele>
      </trkpt>
      <trkpt lat="54.81410396285355" lon="24.9604419618845">
        <ele>108.0</ele>
      </trkpt>
      <trkpt lat="54.814069932326674" lon="24.960219925269485">
        <ele>108.0</ele>
      </trkpt>
      <trkpt lat="54.814071943983436" lon="24.960070978850126">
        <ele>108.0</ele>
      </trkpt>
      <trkpt lat="54.81397597119212" lon="24.95969396084547">
        <ele>108.0</ele>
      </trkpt>
      <trkpt lat="54.81395593844354" lon="24.959558928385377">
        <ele>108.0</ele>
      </trkpt>
      <trkpt lat="54.813936995342374" lon="24.959130948409438">
        <ele>108.0</ele>
      </trkpt>
      <trkpt lat="54.81395199894905" lon="24.959067916497588">
        <ele>108.0</ele>
      </trkpt>
      <trkpt lat="54.81406096369028" lon="24.95887496508658">
        <ele>109.0</ele>
      </trkpt>
      <trkpt lat="54.81448098085821" lon="24.958330979570746">
        <ele>111.0</ele>
      </trkpt>
      <trkpt lat="54.81454996392131" lon="24.958215979859233">
        <ele>112.0</ele>
      </trkpt>
      <trkpt lat="54.814692959189415" lon="24.9580639321357">
        <ele>114.0</ele>
      </trkpt>
      <trkpt lat="54.81482991948724" lon="24.957852959632874">
        <ele>115.0</ele>
      </trkpt>
      <trkpt lat="54.81487895362079" lon="24.957656990736723">
        <ele>117.0</ele>
      </trkpt>
      <trkpt lat="54.814884988591075" lon="24.957475941628218">
        <ele>118.0</ele>
      </trkpt>
      <trkpt lat="54.81496193446219" lon="24.956973949447274">
        <ele>120.0</ele>
      </trkpt>
      <trkpt lat="54.81501096859574" lon="24.956821985542774">
        <ele>121.0</ele>
      </trkpt>
      <trkpt lat="54.8152619227767" lon="24.95653892867267">
        <ele>123.0</ele>
      </trkpt>
      <trkpt lat="54.8153639305383" lon="24.956486960873008">
        <ele>124.0</ele>
      </trkpt>
      <trkpt lat="54.815553948283195" lon="24.956497941166162">
        <ele>126.0</ele>
      </trkpt>
      <trkpt lat="54.81565293855965" lon="24.956540940329432">
        <ele>128.0</ele>
      </trkpt>
      <trkpt lat="54.81575896963477" lon="24.956561978906393">
        <ele>129.0</ele>
      </trkpt>
      <trkpt lat="54.81599994935095" lon="24.95653892867267">
        <ele>131.0</ele>
      </trkpt>
      <trkpt lat="54.8162289429456" lon="24.95642594061792">
        <ele>133.0</ele>
      </trkpt>
      <trkpt lat="54.816434970125556" lon="24.95621496811509">
        <ele>134.0</ele>
      </trkpt>
      <trkpt lat="54.81666496954858" lon="24.956076918169856">
        <ele>136.0</ele>
      </trkpt>
      <trkpt lat="54.81682891957462" lon="24.956026962026954">
        <ele>137.0</ele>
      </trkpt>
      <trkpt lat="54.8170199431479" lon="24.95608597062528">
        <ele>138.0</ele>
      </trkpt>
      <trkpt lat="54.817311968654394" lon="24.95606099255383">
        <ele>138.0</ele>
      </trkpt>
      <trkpt lat="54.81743099167943" lon="24.956077923998237">
        <ele>139.0</ele>
      </trkpt>
      <trkpt lat="54.81743199750781" lon="24.956031991168857">
        <ele>140.0</ele>
      </trkpt>
      <trkpt lat="54.81738698668778" lon="24.95590995065868">
        <ele>140.0</ele>
      </trkpt>
      <trkpt lat="54.817185988649726" lon="24.95565396733582">
        <ele>140.0</ele>
      </trkpt>
      <trkpt lat="54.81714692898095" lon="24.95556897483766">
        <ele>140.0</ele>
      </trkpt>
      <trkpt lat="54.817032935097814" lon="24.955089949071407">
        <ele>140.0</ele>
      </trkpt>
      <trkpt lat="54.81698398478329" lon="24.954757941886783">
        <ele>140.0</ele>
      </trkpt>
      <trkpt lat="54.81698096729815" lon="24.95464394800365">
        <ele>140.0</ele>
      </trkpt>
      <trkpt lat="54.8169869184494" lon="24.954477986320853">
        <ele>139.0</ele>
      </trkpt>
      <trkpt lat="54.81702798977494" lon="24.954203981906176">
        <ele>139.0</ele>
      </trkpt>
      <trkpt lat="54.81702899560332" lon="24.95388999581337">
        <ele>139.0</ele>
      </trkpt>
      <trkpt lat="54.816924976184964" lon="24.95335196144879">
        <ele>138.0</ele>
      </trkpt>
      <trkpt lat="54.81687594205141" lon="24.95294996537268">
        <ele>137.0</ele>
      </trkpt>
      <trkpt lat="54.81682498008013" lon="24.952721977606416">
        <ele>136.0</ele>
      </trkpt>
      <trkpt lat="54.81661794707179" lon="24.952265918254852">
        <ele>135.0</ele>
      </trkpt>
      <trkpt lat="54.81640395708382" lon="24.95185394771397">
        <ele>134.0</ele>
      </trkpt>
      <trkpt lat="54.81633195653558" lon="24.95163392275572">
        <ele>132.0</ele>
      </trkpt>
      <trkpt lat="54.816280994564295" lon="24.951321948319674">
        <ele>131.0</ele>
      </trkpt>
      <trkpt lat="54.816323993727565" lon="24.951025983318686">
        <ele>129.0</ele>
      </trkpt>
      <trkpt lat="54.81642792932689" lon="24.950655922293663">
        <ele>128.0</ele>
      </trkpt>
      <trkpt lat="54.816494984552264" lon="24.950290974229574">
        <ele>126.0</ele>
      </trkpt>
      <trkpt lat="54.81659095734358" lon="24.950115960091352">
        <ele>124.0</ele>
      </trkpt>
      <trkpt lat="54.81657897122204" lon="24.949997942894697">
        <ele>123.0</ele>
      </trkpt>
      <trkpt lat="54.81661099009216" lon="24.949954943731427">
        <ele>122.0</ele>
      </trkpt>
      <trkpt lat="54.81669799424708" lon="24.949935916811228">
        <ele>121.0</ele>
      </trkpt>
      <trkpt lat="54.816708974540234" lon="24.949887972325087">
        <ele>120.0</ele>
      </trkpt>
      <trkpt lat="54.816665975376964" lon="24.94981194846332">
        <ele>118.0</ele>
      </trkpt>
      <trkpt lat="54.816665975376964" lon="24.94958999566734">
        <ele>117.0</ele>
      </trkpt>
      <trkpt lat="54.81672598980367" lon="24.94944599457085">
        <ele>117.0</ele>
      </trkpt>
      <trkpt lat="54.81673898175359" lon="24.949302999302745">
        <ele>116.0</ele>
      </trkpt>
      <trkpt lat="54.816798996180296" lon="24.94912094436586">
        <ele>116.0</ele>
      </trkpt>
      <trkpt lat="54.81672699563205" lon="24.94893293827772">
        <ele>115.0</ele>
      </trkpt>
      <trkpt lat="54.8166829906404" lon="24.94892497546971">
        <ele>115.0</ele>
      </trkpt>
      <trkpt lat="54.81661593541503" lon="24.948832942172885">
        <ele>115.0</ele>
      </trkpt>
      <trkpt lat="54.81660193763673" lon="24.948750967159867">
        <ele>114.0</ele>
      </trkpt>
      <trkpt lat="54.816537983715534" lon="24.94858492165804">
        <ele>114.0</ele>
      </trkpt>
      <trkpt lat="54.81653396040201" lon="24.94840999133885">
        <ele>114.0</ele>
      </trkpt>
      <trkpt lat="54.816498924046755" lon="24.948274958878756">
        <ele>114.0</ele>
      </trkpt>
      <trkpt lat="54.816477969288826" lon="24.948257943615317">
        <ele>114.0</ele>
      </trkpt>
      <trkpt lat="54.81637596152723" lon="24.948299936950207">
        <ele>114.0</ele>
      </trkpt>
      <trkpt lat="54.81631494127214" lon="24.94828795082867">
        <ele>114.0</ele>
      </trkpt>
      <trkpt lat="54.816242940723896" lon="24.94813397526741">
        <ele>114.0</ele>
      </trkpt>
      <trkpt lat="54.81613498181105" lon="24.9480049777776">
        <ele>114.0</ele>
      </trkpt>
      <trkpt lat="54.81605694629252" lon="24.947947980836034">
        <ele>115.0</ele>
      </trkpt>
      <trkpt lat="54.81603096239269" lon="24.947945969179273">
        <ele>115.0</ele>
      </trkpt>
      <trkpt lat="54.81590699404478" lon="24.94800598360598">
        <ele>115.0</ele>
      </trkpt>
      <trkpt lat="54.81584798544645" lon="24.94797899387777">
        <ele>115.0</ele>
      </trkpt>
      <trkpt lat="54.815724939107895" lon="24.947851924225688">
        <ele>116.0</ele>
      </trkpt>
      <trkpt lat="54.81569199822843" lon="24.947711946442723">
        <ele>116.0</ele>
      </trkpt>
      <trkpt lat="54.81570993550122" lon="24.947557970881462">
        <ele>117.0</ele>
      </trkpt>
      <trkpt lat="54.81579492799938" lon="24.94727692566812">
        <ele>117.0</ele>
      </trkpt>
      <trkpt lat="54.81583499349654" lon="24.946960927918553">
        <ele>118.0</ele>
      </trkpt>
      <trkpt lat="54.815916968509555" lon="24.946572929620743">
        <ele>119.0</ele>
      </trkpt>
      <trkpt lat="54.81595393270254" lon="24.946174956858158">
        <ele>120.0</ele>
      </trkpt>
      <trkpt lat="54.81600598432124" lon="24.94596297852695">
        <ele>120.0</ele>
      </trkpt>
      <trkpt lat="54.816219974309206" lon="24.945387979969382">
        <ele>121.0</ele>
      </trkpt>
      <trkpt lat="54.816216956824064" lon="24.945179941132665">
        <ele>122.0</ele>
      </trkpt>
      <trkpt lat="54.81617999263108" lon="24.94484399445355">
        <ele>123.0</ele>
      </trkpt>
      <trkpt lat="54.81618896126747" lon="24.944684989750385">
        <ele>123.0</ele>
      </trkpt>
      <trkpt lat="54.81616599485278" lon="24.944322975352407">
        <ele>124.0</ele>
      </trkpt>
      <trkpt lat="54.816193990409374" lon="24.943974958732724">
        <ele>124.0</ele>
      </trkpt>
      <trkpt lat="54.816106986254454" lon="24.9434029776603">
        <ele>124.0</ele>
      </trkpt>
      <trkpt lat="54.816151997074485" lon="24.94334296323359">
        <ele>125.0</ele>
      </trkpt>
      <trkpt lat="54.81617798097432" lon="24.943353943526745">
        <ele>125.0</ele>
      </trkpt>
      <trkpt lat="54.81620396487415" lon="24.94334195740521">
        <ele>126.0</ele>
      </trkpt>
      <trkpt lat="54.816345954313874" lon="24.943244978785515">
        <ele>126.0</ele>
      </trkpt>
      <trkpt lat="54.81645994819701" lon="24.94312696158886">
        <ele>127.0</ele>
      </trkpt>
      <trkpt lat="54.81654795818031" lon="24.943098966032267">
        <ele>127.0</ele>
      </trkpt>
      <trkpt lat="54.8166589345783" lon="24.943136936053634">
        <ele>127.0</ele>
      </trkpt>
      <trkpt lat="54.8168349545449" lon="24.942986983805895">
        <ele>127.0</ele>
      </trkpt>
      <trkpt lat="54.81685792095959" lon="24.94293199852109">
        <ele>127.0</ele>
      </trkpt>
      <trkpt lat="54.81689396314323" lon="24.942707950249314">
        <ele>127.0</ele>
      </trkpt>
      <trkpt lat="54.816882982850075" lon="24.94256797246635">
        <ele>126.0</ele>
      </trkpt>
      <trkpt lat="54.816862950101495" lon="24.94252597913146">
        <ele>126.0</ele>
      </trkpt>
      <trkpt lat="54.81686999090016" lon="24.942453978583217">
        <ele>126.0</ele>
      </trkpt>
      <trkpt lat="54.81691692955792" lon="24.94237393140793">
        <ele>125.0</ele>
      </trkpt>
      <trkpt lat="54.816966969519854" lon="24.94237896054983">
        <ele>125.0</ele>
      </trkpt>
      <trkpt lat="54.817058918997645" lon="24.942341996356845">
        <ele>125.0</ele>
      </trkpt>
      <trkpt lat="54.81713091954589" lon="24.942281981930137">
        <ele>124.0</ele>
      </trkpt>
      <trkpt lat="54.81716092675924" lon="24.94222397916019">
        <ele>124.0</ele>
      </trkpt>
      <trkpt lat="54.81719696894288" lon="24.94205399416387">
        <ele>123.0</ele>
      </trkpt>
      <trkpt lat="54.8171959631145" lon="24.941653925925493">
        <ele>123.0</ele>
      </trkpt>
      <trkpt lat="54.81723594479263" lon="24.941313955932856">
        <ele>122.0</ele>
      </trkpt>
      <trkpt lat="54.817231921479106" lon="24.94122091680765">
        <ele>122.0</ele>
      </trkpt>
      <trkpt lat="54.81713494285941" lon="24.940751949325204">
        <ele>121.0</ele>
      </trkpt>
      <trkpt lat="54.81710694730282" lon="24.94070492684841">
        <ele>120.0</ele>
      </trkpt>
      <trkpt lat="54.81702296063304" lon="24.94063795544207">
        <ele>120.0</ele>
      </trkpt>
      <trkpt lat="54.816927993670106" lon="24.94039999321103">
        <ele>119.0</ele>
      </trkpt>
      <trkpt lat="54.81686999090016" lon="24.940194971859455">
        <ele>119.0</ele>
      </trkpt>
      <trkpt lat="54.816844929009676" lon="24.940003948286176">
        <ele>118.0</ele>
      </trkpt>
      <trkpt lat="54.81677091680467" lon="24.939761962741613">
        <ele>118.0</ele>
      </trkpt>
      <trkpt lat="54.81672892346978" lon="24.939383938908577">
        <ele>118.0</ele>
      </trkpt>
      <trkpt lat="54.816797990351915" lon="24.939295928925276">
        <ele>118.0</ele>
      </trkpt>
      <trkpt lat="54.81696395203471" lon="24.939157962799072">
        <ele>118.0</ele>
      </trkpt>
      <trkpt lat="54.81708599254489" lon="24.939081938937306">
        <ele>119.0</ele>
      </trkpt>
      <trkpt lat="54.81713393703103" lon="24.939083950594068">
        <ele>119.0</ele>
      </trkpt>
      <trkpt lat="54.81730693951249" lon="24.939157962799072">
        <ele>120.0</ele>
      </trkpt>
      <trkpt lat="54.81736795976758" lon="24.93915595114231">
        <ele>120.0</ele>
      </trkpt>
      <trkpt lat="54.81747591868043" lon="24.93921898305416">
        <ele>121.0</ele>
      </trkpt>
      <trkpt lat="54.81752193532884" lon="24.939187970012426">
        <ele>121.0</ele>
      </trkpt>
      <trkpt lat="54.81755998916924" lon="24.939032988622785">
        <ele>122.0</ele>
      </trkpt>
      <trkpt lat="54.81765093281865" lon="24.938865937292576">
        <ele>122.0</ele>
      </trkpt>
      <trkpt lat="54.81768798083067" lon="24.93883199058473">
        <ele>122.0</ele>
      </trkpt>
      <trkpt lat="54.81788193807006" lon="24.938860991969705">
        <ele>123.0</ele>
      </trkpt>
      <trkpt lat="54.81798998080194" lon="24.938842970877886">
        <ele>123.0</ele>
      </trkpt>
      <trkpt lat="54.81803993694484" lon="24.938804917037487">
        <ele>123.0</ele>
      </trkpt>
      <trkpt lat="54.818151919171214" lon="24.93859293870628">
        <ele>123.0</ele>
      </trkpt>
      <trkpt lat="54.81823397800326" lon="24.938126988708973">
        <ele>123.0</ele>
      </trkpt>
      <trkpt lat="54.818278988823295" lon="24.938022969290614">
        <ele>123.0</ele>
      </trkpt>
      <trkpt lat="54.818321987986565" lon="24.93779992684722">
        <ele>123.0</ele>
      </trkpt>
      <trkpt lat="54.81839692220092" lon="24.93764796294272">
        <ele>122.0</ele>
      </trkpt>
      <trkpt lat="54.81844796799123" lon="24.937594989314675">
        <ele>122.0</ele>
      </trkpt>
      <trkpt lat="54.818585934117436" lon="24.937522988766432">
        <ele>121.0</ele>
      </trkpt>
      <trkpt lat="54.8186569288373" lon="24.93745299987495">
        <ele>120.0</ele>
      </trkpt>
      <trkpt lat="54.81878198683262" lon="24.93743891827762">
        <ele>120.0</ele>
      </trkpt>
      <trkpt lat="54.81885298155248" lon="24.93739591911435">
        <ele>119.0</ele>
      </trkpt>
      <trkpt lat="54.819008968770504" lon="24.937096936628222">
        <ele>117.0</ele>
      </trkpt>
      <trkpt lat="54.81902992352843" lon="24.937080927193165">
        <ele>116.0</ele>
      </trkpt>
      <trkpt lat="54.819101924076676" lon="24.937121998518705">
        <ele>115.0</ele>
      </trkpt>
      <trkpt lat="54.819206949323416" lon="24.93721696548164">
        <ele>114.0</ele>
      </trkpt>
      <trkpt lat="54.819246931001544" lon="24.93719693273306">
        <ele>113.0</ele>
      </trkpt>
      <trkpt lat="54.81949696317315" lon="24.93670198135078">
        <ele>111.0</ele>
      </trkpt>
      <trkpt lat="54.819761998951435" lon="24.93629797361791">
        <ele>109.0</ele>
      </trkpt>
      <trkpt lat="54.819868952035904" lon="24.93599697947502">
        <ele>108.0</ele>
      </trkpt>
      <trkpt lat="54.8199709597975" lon="24.93593193590641">
        <ele>107.0</ele>
      </trkpt>
      <trkpt lat="54.82001094147563" lon="24.935813918709755">
        <ele>106.0</ele>
      </trkpt>
      <trkpt lat="54.8200399428606" lon="24.935787934809923">
        <ele>105.0</ele>
      </trkpt>
      <trkpt lat="54.820066932588816" lon="24.93578198365867">
        <ele>105.0</ele>
      </trkpt>
      <trkpt lat="54.820085959509015" lon="24.93580193258822">
        <ele>104.0</ele>
      </trkpt>
      <trkpt lat="54.82011395506561" lon="24.935892960056663">
        <ele>104.0</ele>
      </trkpt>
      <trkpt lat="54.8201369214803" lon="24.936203928664327">
        <ele>104.0</ele>
      </trkpt>
      <trkpt lat="54.820020999759436" lon="24.936605924740434">
        <ele>105.0</ele>
      </trkpt>
      <trkpt lat="54.819935923442245" lon="24.93715594522655">
        <ele>106.0</ele>
      </trkpt>
      <trkpt lat="54.81992796063423" lon="24.93749599903822">
        <ele>106.0</ele>
      </trkpt>
      <trkpt lat="54.81990398839116" lon="24.937697919085622">
        <ele>107.0</ele>
      </trkpt>
      <trkpt lat="54.819849925115705" lon="24.937939988449216">
        <ele>108.0</ele>
      </trkpt>
      <trkpt lat="54.81989996507764" lon="24.93809999898076">
        <ele>109.0</ele>
      </trkpt>
      <trkpt lat="54.820190984755754" lon="24.938349947333336">
        <ele>110.0</ele>
      </trkpt>
      <trkpt lat="54.820262985304" lon="24.938428988680243">
        <ele>111.0</ele>
      </trkpt>
      <trkpt lat="54.82039994560182" lon="24.938667956739664">
        <ele>112.0</ele>
      </trkpt>
      <trkpt lat="54.82052894309163" lon="24.938839953392744">
        <ele>113.0</ele>
      </trkpt>
      <trkpt lat="54.820556938648224" lon="24.938903991132975">
        <ele>114.0</ele>
      </trkpt>
      <trkpt lat="54.82063497416675" lon="24.939342951402068">
        <ele>115.0</ele>
      </trkpt>
      <trkpt lat="54.82068493030965" lon="24.939443953335285">
        <ele>116.0</ele>
      </trkpt>
      <trkpt lat="54.820940997451544" lon="24.93962994776666">
        <ele>117.0</ele>
      </trkpt>
      <trkpt lat="54.82110494747758" lon="24.939658949151635">
        <ele>117.0</ele>
      </trkpt>
      <trkpt lat="54.82125699520111" lon="24.93971494026482">
        <ele>118.0</ele>
      </trkpt>
      <trkpt lat="54.821462938562036" lon="24.93992691859603">
        <ele>119.0</ele>
      </trkpt>
      <trkpt lat="54.82177499681711" lon="24.940148955211043">
        <ele>120.0</ele>
      </trkpt>
      <trkpt lat="54.822020921856165" lon="24.94022992439568">
        <ele>120.0</ele>
      </trkpt>
      <trkpt lat="54.82218696735799" lon="24.940237971022725">
        <ele>121.0</ele>
      </trkpt>
      <trkpt lat="54.82226894237101" lon="24.940304942429066">
        <ele>122.0</ele>
      </trkpt>
      <trkpt lat="54.822300961241126" lon="24.940364956855774">
        <ele>122.0</ele>
      </trkpt>
      <trkpt lat="54.82228595763445" lon="24.940387923270464">
        <ele>123.0</ele>
      </trkpt>
      <trkpt lat="54.82222996652126" lon="24.940393958240747">
        <ele>123.0</ele>
      </trkpt>
      <trkpt lat="54.822190990671515" lon="24.940514992922544">
        <ele>124.0</ele>
      </trkpt>
      <trkpt lat="54.82206995598972" lon="24.94063594378531">
        <ele>125.0</ele>
      </trkpt>
      <trkpt lat="54.82201195321977" lon="24.940757984295487">
        <ele>125.0</ele>
      </trkpt>
      <trkpt lat="54.82193995267153" lon="24.940811963751912">
        <ele>126.0</ele>
      </trkpt>
      <trkpt lat="54.821911957114935" lon="24.94081095792353">
        <ele>126.0</ele>
      </trkpt>
      <trkpt lat="54.8217979632318" lon="24.940757984295487">
        <ele>126.0</ele>
      </trkpt>
      <trkpt lat="54.821651950478554" lon="24.94056997820735">
        <ele>127.0</ele>
      </trkpt>
      <trkpt lat="54.821565952152014" lon="24.94054793380201">
        <ele>127.0</ele>
      </trkpt>
      <trkpt lat="54.821417927742004" lon="24.940474927425385">
        <ele>127.0</ele>
      </trkpt>
      <trkpt lat="54.82116999104619" lon="24.94027099572122">
        <ele>127.0</ele>
      </trkpt>
      <trkpt lat="54.82108198106289" lon="24.94023193605244">
        <ele>128.0</ele>
      </trkpt>
      <trkpt lat="54.82099195942283" lon="24.94022397324443">
        <ele>128.0</ele>
      </trkpt>
      <trkpt lat="54.820963963866234" lon="24.94022799655795">
        <ele>128.0</ele>
      </trkpt>
      <trkpt lat="54.82093596830964" lon="24.94029195047915">
        <ele>128.0</ele>
      </trkpt>
      <trkpt lat="54.82090696692467" lon="24.941030982881784">
        <ele>128.0</ele>
      </trkpt>
      <trkpt lat="54.82085692696273" lon="24.94141093455255">
        <ele>127.0</ele>
      </trkpt>
      <trkpt lat="54.82086497358978" lon="24.941909993067384">
        <ele>127.0</ele>
      </trkpt>
      <trkpt lat="54.820902943611145" lon="24.942536959424615">
        <ele>127.0</ele>
      </trkpt>
      <trkpt lat="54.820990953594446" lon="24.943497944623232">
        <ele>127.0</ele>
      </trkpt>
      <trkpt lat="54.821136966347694" lon="24.944496983662248">
        <ele>126.0</ele>
      </trkpt>
      <trkpt lat="54.8211729247123" lon="24.944945918396115">
        <ele>126.0</ele>
      </trkpt>
      <trkpt lat="54.821182982996106" lon="24.94575292803347">
        <ele>125.0</ele>
      </trkpt>
      <trkpt lat="54.821204943582416" lon="24.945913944393396">
        <ele>124.0</ele>
      </trkpt>
      <trkpt lat="54.82125791721046" lon="24.94596499018371">
        <ele>123.0</ele>
      </trkpt>
      <trkpt lat="54.82132497243583" lon="24.945971947163343">
        <ele>122.0</ele>
      </trkpt>
      <trkpt lat="54.821803998202085" lon="24.9458169657737">
        <ele>121.0</ele>
      </trkpt>
      <trkpt lat="54.822359969839454" lon="24.945716969668865">
        <ele>120.0</ele>
      </trkpt>
      <trkpt lat="54.82275794260204" lon="24.945610938593745">
        <ele>118.0</ele>
      </trkpt>
      <trkpt lat="54.82282499782741" lon="24.945560982450843">
        <ele>117.0</ele>
      </trkpt>
      <trkpt lat="54.822982996702194" lon="24.945388985797763">
        <ele>115.0</ele>
      </trkpt>
      <trkpt lat="54.82316295616329" lon="24.945159992203116">
        <ele>114.0</ele>
      </trkpt>
      <trkpt lat="54.82332196086645" lon="24.944901997223496">
        <ele>112.0</ele>
      </trkpt>
      <trkpt lat="54.82345196418464" lon="24.944604942575097">
        <ele>111.0</ele>
      </trkpt>
      <trkpt lat="54.82353595085442" lon="24.94450092315674">
        <ele>109.0</ele>
      </trkpt>
      <trkpt lat="54.82364298775792" lon="24.944474939256907">
        <ele>108.0</ele>
      </trkpt>
      <trkpt lat="54.82372596859932" lon="24.944509975612164">
        <ele>106.0</ele>
      </trkpt>
      <trkpt lat="54.82392193749547" lon="24.944640984758735">
        <ele>104.0</ele>
      </trkpt>
      <trkpt lat="54.823994943872094" lon="24.944661939516664">
        <ele>103.0</ele>
      </trkpt>
      <trkpt lat="54.82402696274221" lon="24.94465095922351">
        <ele>101.0</ele>
      </trkpt>
      <trkpt lat="54.82412897050381" lon="24.94454693980515">
        <ele>100.0</ele>
      </trkpt>
      <trkpt lat="54.82421798631549" lon="24.944499917328358">
        <ele>99.0</ele>
      </trkpt>
      <trkpt lat="54.82445796020329" lon="24.944499917328358">
        <ele>97.0</ele>
      </trkpt>
      <trkpt lat="54.82452199794352" lon="24.944476950913668">
        <ele>96.0</ele>
      </trkpt>
      <trkpt lat="54.82458293437958" lon="24.944426994770765">
        <ele>95.0</ele>
      </trkpt>
      <trkpt lat="54.8246559407562" lon="24.944231947883964">
        <ele>94.0</ele>
      </trkpt>
      <trkpt lat="54.82467899098992" lon="24.944234965369105">
        <ele>93.0</ele>
      </trkpt>
      <trkpt lat="54.82469298876822" lon="24.94426597841084">
        <ele>92.0</ele>
      </trkpt>
      <trkpt lat="54.8247249238193" lon="24.944431940093637">
        <ele>91.0</ele>
      </trkpt>
      <trkpt lat="54.82479591853917" lon="24.944609971717">
        <ele>90.0</ele>
      </trkpt>
      <trkpt lat="54.824808994308114" lon="24.944924963638186">
        <ele>90.0</ele>
      </trkpt>
      <trkpt lat="54.82483095489442" lon="24.945011967793107">
        <ele>89.0</ele>
      </trkpt>
      <trkpt lat="54.82505693100393" lon="24.945508930832148">
        <ele>88.0</ele>
      </trkpt>
      <trkpt lat="54.82514393515885" lon="24.945608926936984">
        <ele>88.0</ele>
      </trkpt>
      <trkpt lat="54.82519498094916" lon="24.94564396329224">
        <ele>88.0</ele>
      </trkpt>
      <trkpt lat="54.825282990932465" lon="24.94566592387855">
        <ele>87.0</ele>
      </trkpt>
      <trkpt lat="54.8254849947989" lon="24.945658966898918">
        <ele>87.0</ele>
      </trkpt>
      <trkpt lat="54.825588930398226" lon="24.945679921656847">
        <ele>87.0</ele>
      </trkpt>
      <trkpt lat="54.82593795284629" lon="24.945799950510263">
        <ele>87.0</ele>
      </trkpt>
      <trkpt lat="54.82610793784261" lon="24.945820989087224">
        <ele>87.0</ele>
      </trkpt>
      <trkpt lat="54.826297955587506" lon="24.945807997137308">
        <ele>88.0</ele>
      </trkpt>
      <trkpt lat="54.82646198943257" lon="24.945826940238476">
        <ele>88.0</ele>
      </trkpt>
      <trkpt lat="54.826553938910365" lon="24.94585694745183">
        <ele>88.0</ele>
      </trkpt>
      <trkpt lat="54.826680924743414" lon="24.945946969091892">
        <ele>88.0</ele>
      </trkpt>
      <trkpt lat="54.82669894583523" lon="24.945939928293228">
        <ele>89.0</ele>
      </trkpt>
      <trkpt lat="54.82673096470535" lon="24.94587999768555">
        <ele>89.0</ele>
      </trkpt>
      <trkpt lat="54.826597943902016" lon="24.944555992260575">
        <ele>89.0</ele>
      </trkpt>
      <trkpt lat="54.826598949730396" lon="24.944315934553742">
        <ele>89.0</ele>
      </trkpt>
      <trkpt lat="54.826660975813866" lon="24.943917961791158">
        <ele>90.0</ele>
      </trkpt>
      <trkpt lat="54.826657958328724" lon="24.94378997012973">
        <ele>90.0</ele>
      </trkpt>
      <trkpt lat="54.82660699635744" lon="24.94357598014176">
        <ele>91.0</ele>
      </trkpt>
      <trkpt lat="54.82650792226195" lon="24.943287977948785">
        <ele>91.0</ele>
      </trkpt>
      <trkpt lat="54.8264829441905" lon="24.94325394742191">
        <ele>92.0</ele>
      </trkpt>
      <trkpt lat="54.82639292255044" lon="24.94332393631339">
        <ele>92.0</ele>
      </trkpt>
      <trkpt lat="54.82632695697248" lon="24.94334396906197">
        <ele>93.0</ele>
      </trkpt>
      <trkpt lat="54.826294938102365" lon="24.943327959626913">
        <ele>93.0</ele>
      </trkpt>
      <trkpt lat="54.82624699361622" lon="24.94325495325029">
        <ele>94.0</ele>
      </trkpt>
      <trkpt lat="54.82611891813576" lon="24.94265195913613">
        <ele>95.0</ele>
      </trkpt>
      <trkpt lat="54.82611699029803" lon="24.942541988566518">
        <ele>95.0</ele>
      </trkpt>
      <trkpt lat="54.826142974197865" lon="24.942387929186225">
        <ele>96.0</ele>
      </trkpt>
      <trkpt lat="54.82612998224795" lon="24.942251974716783">
        <ele>97.0</ele>
      </trkpt>
      <trkpt lat="54.826105926185846" lon="24.942121971398592">
        <ele>98.0</ele>
      </trkpt>
      <trkpt lat="54.82598992064595" lon="24.94175291620195">
        <ele>99.0</ele>
      </trkpt>
      <trkpt lat="54.825970977544785" lon="24.941741935908794">
        <ele>100.0</ele>
      </trkpt>
      <trkpt lat="54.82592496089637" lon="24.941762974485755">
        <ele>101.0</ele>
      </trkpt>
      <trkpt lat="54.82589394785464" lon="24.94175392203033">
        <ele>101.0</ele>
      </trkpt>
      <trkpt lat="54.825823958963156" lon="24.941635988652706">
        <ele>102.0</ele>
      </trkpt>
      <trkpt lat="54.82576897367835" lon="24.941483940929174">
        <ele>103.0</ele>
      </trkpt>
      <trkpt lat="54.825583985075355" lon="24.941317979246378">
        <ele>104.0</ele>
      </trkpt>
      <trkpt lat="54.825458927080035" lon="24.941047998145223">
        <ele>105.0</ele>
      </trkpt>
      <trkpt lat="54.82540997676551" lon="24.94098094291985">
        <ele>106.0</ele>
      </trkpt>
      <trkpt lat="54.82531693764031" lon="24.94091497734189">
        <ele>107.0</ele>
      </trkpt>
      <trkpt lat="54.825179977342486" lon="24.940776927396655">
        <ele>108.0</ele>
      </trkpt>
      <trkpt lat="54.82505399733782" lon="24.94057098403573">
        <ele>109.0</ele>
      </trkpt>
      <trkpt lat="54.82503396458924" lon="24.940425977110863">
        <ele>110.0</ele>
      </trkpt>
      <trkpt lat="54.82503899373114" lon="24.94022598490119">
        <ele>110.0</ele>
      </trkpt>
      <trkpt lat="54.82502097263932" lon="24.940158929675817">
        <ele>111.0</ele>
      </trkpt>
      <trkpt lat="54.825029941275716" lon="24.940037978813052">
        <ele>111.0</ele>
      </trkpt>
      <trkpt lat="54.82505994848907" lon="24.939952986314893">
        <ele>111.0</ele>
      </trkpt>
      <trkpt lat="54.82516396790743" lon="24.9397989269346">
        <ele>111.0</ele>
      </trkpt>
      <trkpt lat="54.82514795847237" lon="24.939770931378007">
        <ele>111.0</ele>
      </trkpt>
      <trkpt lat="54.82504393905401" lon="24.939984921365976">
        <ele>111.0</ele>
      </trkpt>
      <trkpt lat="54.82498291879892" lon="24.940190948545933">
        <ele>110.0</ele>
      </trkpt>
      <trkpt lat="54.824877977371216" lon="24.940345929935575">
        <ele>110.0</ele>
      </trkpt>
      <trkpt lat="54.82482198625803" lon="24.940370991826057">
        <ele>109.0</ele>
      </trkpt>
      <trkpt lat="54.82470195740461" lon="24.940383983775973">
        <ele>108.0</ele>
      </trkpt>
      <trkpt lat="54.824573965743184" lon="24.940362945199013">
        <ele>107.0</ele>
      </trkpt>
      <trkpt lat="54.82452291995287" lon="24.940370991826057">
        <ele>106.0</ele>
      </trkpt>
      <trkpt lat="54.82434597797692" lon="24.94050493463874">
        <ele>105.0</ele>
      </trkpt>
      <trkpt lat="54.824321921914816" lon="24.940562937408686">
        <ele>104.0</ele>
      </trkpt>
      <trkpt lat="54.82425997965038" lon="24.941078927367926">
        <ele>102.0</ele>
      </trkpt>
      <trkpt lat="54.824231984093785" lon="24.941226951777935">
        <ele>101.0</ele>
      </trkpt>
      <trkpt lat="54.824212957173586" lon="24.941246984526515">
        <ele>100.0</ele>
      </trkpt>
      <trkpt lat="54.82410994358361" lon="24.941026959568262">
        <ele>99.0</ele>
      </trkpt>
      <trkpt lat="54.82395797967911" lon="24.94057198986411">
        <ele>98.0</ele>
      </trkpt>
      <trkpt lat="54.82392294332385" lon="24.940415918827057">
        <ele>97.0</ele>
      </trkpt>
      <trkpt lat="54.82386996969581" lon="24.940322963520885">
        <ele>96.0</ele>
      </trkpt>
      <trkpt lat="54.82376896776259" lon="24.94003596715629">
        <ele>94.0</ele>
      </trkpt>
      <trkpt lat="54.82367995195091" lon="24.9397349730134">
        <ele>93.0</ele>
      </trkpt>
      <trkpt lat="54.82364298775792" lon="24.93941394612193">
        <ele>92.0</ele>
      </trkpt>
      <trkpt lat="54.82353595085442" lon="24.939247984439135">
        <ele>91.0</ele>
      </trkpt>
      <trkpt lat="54.823501920327544" lon="24.93926097638905">
        <ele>90.0</ele>
      </trkpt>
      <trkpt lat="54.823454981669784" lon="24.939311938360333">
        <ele>90.0</ele>
      </trkpt>
      <trkpt lat="54.82339999638498" lon="24.939317973330617">
        <ele>89.0</ele>
      </trkpt>
      <trkpt lat="54.823371917009354" lon="24.939266927540302">
        <ele>88.0</ele>
      </trkpt>
      <trkpt lat="54.82331894338131" lon="24.939100965857506">
        <ele>87.0</ele>
      </trkpt>
      <trkpt lat="54.82325498946011" lon="24.938666950911283">
        <ele>87.0</ele>
      </trkpt>
      <trkpt lat="54.82325297780335" lon="24.93846695870161">
        <ele>86.0</ele>
      </trkpt>
      <trkpt lat="54.823203943669796" lon="24.9383189342916">
        <ele>86.0</ele>
      </trkpt>
      <trkpt lat="54.82315197587013" lon="24.938286999240518">
        <ele>85.0</ele>
      </trkpt>
      <trkpt lat="54.82305399142206" lon="24.938258919864893">
        <ele>85.0</ele>
      </trkpt>
      <trkpt lat="54.82287193648517" lon="24.938159929588437">
        <ele>84.0</ele>
      </trkpt>
      <trkpt lat="54.82267496176064" lon="24.93820896372199">
        <ele>84.0</ele>
      </trkpt>
      <trkpt lat="54.82259592041373" lon="24.938193960115314">
        <ele>84.0</ele>
      </trkpt>
      <trkpt lat="54.82252995483577" lon="24.938157917931676">
        <ele>84.0</ele>
      </trkpt>
      <trkpt lat="54.8223989456892" lon="24.938267972320318">
        <ele>83.0</ele>
      </trkpt>
      <trkpt lat="54.822334991768" lon="24.93829496204853">
        <ele>83.0</ele>
      </trkpt>
      <trkpt lat="54.822300961241126" lon="24.938301919028163">
        <ele>83.0</ele>
      </trkpt>
      <trkpt lat="54.82223893515766" lon="24.938265960663557">
        <ele>83.0</ele>
      </trkpt>
      <trkpt lat="54.8222089279443" lon="24.938237965106964">
        <ele>83.0</ele>
      </trkpt>
      <trkpt lat="54.822041960433125" lon="24.937958931550384">
        <ele>83.0</ele>
      </trkpt>
      <trkpt lat="54.82187298126519" lon="24.93779799900949">
        <ele>83.0</ele>
      </trkpt>
      <trkpt lat="54.82174792326987" lon="24.93771694600582">
        <ele>82.0</ele>
      </trkpt>
      <trkpt lat="54.82166494242847" lon="24.93760798126459">
        <ele>82.0</ele>
      </trkpt>
      <trkpt lat="54.82153192162514" lon="24.937386950477958">
        <ele>82.0</ele>
      </trkpt>
      <trkpt lat="54.8213679715991" lon="24.936996940523386">
        <ele>82.0</ele>
      </trkpt>
      <trkpt lat="54.82128691859543" lon="24.936888981610537">
        <ele>82.0</ele>
      </trkpt>
      <trkpt lat="54.821221958845854" lon="24.936761995777488">
        <ele>82.0</ele>
      </trkpt>
      <trkpt lat="54.821178959682584" lon="24.936625957489014">
        <ele>82.0</ele>
      </trkpt>
      <trkpt lat="54.82112598605454" lon="24.936538953334093">
        <ele>82.0</ele>
      </trkpt>
      <trkpt lat="54.82099296525121" lon="24.93650995194912">
        <ele>82.0</ele>
      </trkpt>
      <trkpt lat="54.820966981351376" lon="24.936472987756133">
        <ele>81.0</ele>
      </trkpt>
      <trkpt lat="54.82084695249796" lon="24.93612396530807">
        <ele>81.0</ele>
      </trkpt>
      <trkpt lat="54.82079096138477" lon="24.935805955901742">
        <ele>81.0</ele>
      </trkpt>
      <trkpt lat="54.82078794389963" lon="24.93556195870042">
        <ele>81.0</ele>
      </trkpt>
      <trkpt lat="54.82095398940146" lon="24.93513992987573">
        <ele>81.0</ele>
      </trkpt>
      <trkpt lat="54.820986930280924" lon="24.9348739720881">
        <ele>80.0</ele>
      </trkpt>
      <trkpt lat="54.82098491862416" lon="24.93455395102501">
        <ele>80.0</ele>
      </trkpt>
      <trkpt lat="54.82091593556106" lon="24.934119936078787">
        <ele>80.0</ele>
      </trkpt>
      <trkpt lat="54.82087394222617" lon="24.93397392332554">
        <ele>80.0</ele>
      </trkpt>
      <trkpt lat="54.82076891697943" lon="24.933813996613026">
        <ele>80.0</ele>
      </trkpt>
      <trkpt lat="54.82067998498678" lon="24.933635964989662">
        <ele>79.0</ele>
      </trkpt>
      <trkpt lat="54.82048099860549" lon="24.933405965566635">
        <ele>79.0</ele>
      </trkpt>
      <trkpt lat="54.82037195004523" lon="24.933191975578666">
        <ele>78.0</ele>
      </trkpt>
      <trkpt lat="54.8202249314636" lon="24.933099942281842">
        <ele>78.0</ele>
      </trkpt>
      <trkpt lat="54.82011999003589" lon="24.93309197947383">
        <ele>78.0</ele>
      </trkpt>
      <trkpt lat="54.82002594508231" lon="24.933174960315228">
        <ele>77.0</ele>
      </trkpt>
      <trkpt lat="54.81992393732071" lon="24.933295994997025">
        <ele>77.0</ele>
      </trkpt>
      <trkpt lat="54.819829976186156" lon="24.933490958064795">
        <ele>77.0</ele>
      </trkpt>
      <trkpt lat="54.81982394121587" lon="24.933530939742923">
        <ele>77.0</ele>
      </trkpt>
      <trkpt lat="54.81987699866295" lon="24.933767979964614">
        <ele>76.0</ele>
      </trkpt>
      <trkpt lat="54.81992192566395" lon="24.93412295356393">
        <ele>76.0</ele>
      </trkpt>
      <trkpt lat="54.81992393732071" lon="24.934395952150226">
        <ele>76.0</ele>
      </trkpt>
      <trkpt lat="54.819895941764116" lon="24.934473987668753">
        <ele>76.0</ele>
      </trkpt>
      <trkpt lat="54.819818995893" lon="24.934457978233695">
        <ele>76.0</ele>
      </trkpt>
      <trkpt lat="54.819743977859616" lon="24.934409949928522">
        <ele>76.0</ele>
      </trkpt>
      <trkpt lat="54.81964699923992" lon="24.93431498296559">
        <ele>76.0</ele>
      </trkpt>
      <trkpt lat="54.819569969549775" lon="24.93421096354723">
        <ele>76.0</ele>
      </trkpt>
      <trkpt lat="54.819442983716726" lon="24.93410292081535">
        <ele>76.0</ele>
      </trkpt>
      <trkpt lat="54.81919697485864" lon="24.9339759349823">
        <ele>77.0</ele>
      </trkpt>
      <trkpt lat="54.81891995295882" lon="24.9338049441576">
        <ele>77.0</ele>
      </trkpt>
      <trkpt lat="54.81878098100424" lon="24.93374392390251">
        <ele>77.0</ele>
      </trkpt>
      <trkpt lat="54.81867394410074" lon="24.93371894583106">
        <ele>77.0</ele>
      </trkpt>
      <trkpt lat="54.81854494661093" lon="24.933628924190998">
        <ele>78.0</ele>
      </trkpt>
      <trkpt lat="54.81833992525935" lon="24.933542925864458">
        <ele>78.0</ele>
      </trkpt>
      <trkpt lat="54.817938935011625" lon="24.933427926152945">
        <ele>79.0</ele>
      </trkpt>
      <trkpt lat="54.81776995584369" lon="24.933346956968307">
        <ele>79.0</ele>
      </trkpt>
      <trkpt lat="54.81770399026573" lon="24.93335198611021">
        <ele>80.0</ele>
      </trkpt>
      <trkpt lat="54.81766593642533" lon="24.933381993323565">
        <ele>81.0</ele>
      </trkpt>
      <trkpt lat="54.817634923383594" lon="24.933559941127896">
        <ele>82.0</ele>
      </trkpt>
      <trkpt lat="54.817552948370576" lon="24.93382891640067">
        <ele>84.0</ele>
      </trkpt>
      <trkpt lat="54.81755797751248" lon="24.93386797606945">
        <ele>85.0</ele>
      </trkpt>
      <trkpt lat="54.81753098778427" lon="24.933916926383972">
        <ele>86.0</ele>
      </trkpt>
      <trkpt lat="54.817551942542195" lon="24.933999991044402">
        <ele>88.0</ele>
      </trkpt>
      <trkpt lat="54.81747893616557" lon="24.934112979099154">
        <ele>89.0</ele>
      </trkpt>
      <trkpt lat="54.817484971135855" lon="24.93414499796927">
        <ele>91.0</ele>
      </trkpt>
      <trkpt lat="54.81745194643736" lon="24.93419294245541">
        <ele>92.0</ele>
      </trkpt>
      <trkpt lat="54.817483965307474" lon="24.934284975752234">
        <ele>93.0</ele>
      </trkpt>
      <trkpt lat="54.817465944215655" lon="24.934306936338544">
        <ele>95.0</ele>
      </trkpt>
      <trkpt lat="54.81744599528611" lon="24.934411961585283">
        <ele>96.0</ele>
      </trkpt>
      <trkpt lat="54.81745596975088" lon="24.934544982388616">
        <ele>97.0</ele>
      </trkpt>
      <trkpt lat="54.81752495281398" lon="24.934697952121496">
        <ele>99.0</ele>
      </trkpt>
      <trkpt lat="54.81758396141231" lon="24.934782944619656">
        <ele>100.0</ele>
      </trkpt>
      <trkpt lat="54.81764297001064" lon="24.93483692407608">
        <ele>101.0</ele>
      </trkpt>
      <trkpt lat="54.81765998527408" lon="24.934904985129833">
        <ele>102.0</ele>
      </trkpt>
      <trkpt lat="54.81766493059695" lon="24.935281919315457">
        <ele>103.0</ele>
      </trkpt>
      <trkpt lat="54.81757398694754" lon="24.935744935646653">
        <ele>103.0</ele>
      </trkpt>
      <trkpt lat="54.81740794144571" lon="24.935983987525105">
        <ele>103.0</ele>
      </trkpt>
      <trkpt lat="54.817353961989284" lon="24.93612396530807">
        <ele>103.0</ele>
      </trkpt>
      <trkpt lat="54.817226976156235" lon="24.936172999441624">
        <ele>103.0</ele>
      </trkpt>
      <trkpt lat="54.81712999753654" lon="24.936242988333106">
        <ele>103.0</ele>
      </trkpt>
      <trkpt lat="54.81698197312653" lon="24.93629596196115">
        <ele>102.0</ele>
      </trkpt>
      <trkpt lat="54.81689999811351" lon="24.936305936425924">
        <ele>102.0</ele>
      </trkpt>
      <trkpt lat="54.81682699173689" lon="24.936342984437943">
        <ele>102.0</ele>
      </trkpt>
      <trkpt lat="54.81674593873322" lon="24.93648899719119">
        <ele>101.0</ele>
      </trkpt>
      <trkpt lat="54.81666195206344" lon="24.936586981639266">
        <ele>101.0</ele>
      </trkpt>
      <trkpt lat="54.81663194485009" lon="24.936645990237594">
        <ele>100.0</ele>
      </trkpt>
      <trkpt lat="54.81661199592054" lon="24.936760989949107">
        <ele>100.0</ele>
      </trkpt>
      <trkpt lat="54.81654695235193" lon="24.936949918046594">
        <ele>100.0</ele>
      </trkpt>
      <trkpt lat="54.81648199260235" lon="24.937075981870294">
        <ele>99.0</ele>
      </trkpt>
      <trkpt lat="54.81648098677397" lon="24.937117975205183">
        <ele>99.0</ele>
      </trkpt>
      <trkpt lat="54.81654594652355" lon="24.937237920239568">
        <ele>98.0</ele>
      </trkpt>
      <trkpt lat="54.81661099009216" lon="24.937294917181134">
        <ele>98.0</ele>
      </trkpt>
      <trkpt lat="54.81663697399199" lon="24.937399942427874">
        <ele>98.0</ele>
      </trkpt>
      <trkpt lat="54.81676798313856" lon="24.937480995431542">
        <ele>98.0</ele>
      </trkpt>
      <trkpt lat="54.81680897064507" lon="24.937461968511343">
        <ele>97.0</ele>
      </trkpt>
      <trkpt lat="54.81683696620166" lon="24.937508990988135">
        <ele>97.0</ele>
      </trkpt>
      <trkpt lat="54.81691491790116" lon="24.93768995627761">
        <ele>96.0</ele>
      </trkpt>
      <trkpt lat="54.816926987841725" lon="24.937764974310994">
        <ele>96.0</ele>
      </trkpt>
      <trkpt lat="54.81691299006343" lon="24.93788399733603">
        <ele>95.0</ele>
      </trkpt>
      <trkpt lat="54.81689698062837" lon="24.937918949872255">
        <ele>94.0</ele>
      </trkpt>
      <trkpt lat="54.816843923181295" lon="24.93794694542885">
        <ele>93.0</ele>
      </trkpt>
      <trkpt lat="54.81670293956995" lon="24.93799497373402">
        <ele>91.0</ele>
      </trkpt>
      <trkpt lat="54.81665792874992" lon="24.937985921278596">
        <ele>90.0</ele>
      </trkpt>
      <trkpt lat="54.81661392375827" lon="24.938061945140362">
        <ele>89.0</ele>
      </trkpt>
      <trkpt lat="54.81657394208014" lon="24.938193960115314">
        <ele>87.0</ele>
      </trkpt>
      <trkpt lat="54.816477969288826" lon="24.938306948170066">
        <ele>86.0</ele>
      </trkpt>
      <trkpt lat="54.816431952640414" lon="24.938310971483588">
        <ele>85.0</ele>
      </trkpt>
      <trkpt lat="54.81634193100035" lon="24.93827199563384">
        <ele>83.0</ele>
      </trkpt>
      <trkpt lat="54.81625794433057" lon="24.938283981755376">
        <ele>82.0</ele>
      </trkpt>
      <trkpt lat="54.81611796654761" lon="24.938375931233168">
        <ele>80.0</ele>
      </trkpt>
      <trkpt lat="54.81597698293626" lon="24.938436951488256">
        <ele>79.0</ele>
      </trkpt>
      <trkpt lat="54.81571194715798" lon="24.93840392678976">
        <ele>78.0</ele>
      </trkpt>
      <trkpt lat="54.815597953274846" lon="24.938544994220138">
        <ele>77.0</ele>
      </trkpt>
      <trkpt lat="54.81558194383979" lon="24.93862093426287">
        <ele>76.0</ele>
      </trkpt>
      <trkpt lat="54.81557993218303" lon="24.93882796727121">
        <ele>76.0</ele>
      </trkpt>
      <trkpt lat="54.81542796827853" lon="24.939595917239785">
        <ele>75.0</ele>
      </trkpt>
      <trkpt lat="54.81517793610692" lon="24.940544916316867">
        <ele>75.0</ele>
      </trkpt>
      <trkpt lat="54.81513393111527" lon="24.940812969580293">
        <ele>75.0</ele>
      </trkpt>
      <trkpt lat="54.81497995555401" lon="24.941413952037692">
        <ele>75.0</ele>
      </trkpt>
      <trkpt lat="54.81464392505586" lon="24.94302193634212">
        <ele>75.0</ele>
      </trkpt>
      <trkpt lat="54.81452599167824" lon="24.94390396401286">
        <ele>76.0</ele>
      </trkpt>
      <trkpt lat="54.81455398723483" lon="24.944091970101">
        <ele>76.0</ele>
      </trkpt>
      <trkpt lat="54.8148699849844" lon="24.944726983085275">
        <ele>77.0</ele>
      </trkpt>
      <trkpt lat="54.81510593555868" lon="24.94478498585522">
        <ele>78.0</ele>
      </trkpt>
      <trkpt lat="54.815206937491894" lon="24.944862937554717">
        <ele>79.0</ele>
      </trkpt>
      <trkpt lat="54.81530793942511" lon="24.944861931726336">
        <ele>80.0</ele>
      </trkpt>
      <trkpt lat="54.815402990207076" lon="24.94493694975972">
        <ele>81.0</ele>
      </trkpt>
      <trkpt lat="54.81542092747986" lon="24.94497491978109">
        <ele>82.0</ele>
      </trkpt>
      <trkpt lat="54.815400978550315" lon="24.945240961387753">
        <ele>83.0</ele>
      </trkpt>
      <trkpt lat="54.81542897410691" lon="24.94534296914935">
        <ele>84.0</ele>
      </trkpt>
      <trkpt lat="54.81543995440006" lon="24.945602975785732">
        <ele>85.0</ele>
      </trkpt>
      <trkpt lat="54.815382957458496" lon="24.945807997137308">
        <ele>86.0</ele>
      </trkpt>
      <trkpt lat="54.81530693359673" lon="24.945977982133627">
        <ele>86.0</ele>
      </trkpt>
      <trkpt lat="54.815276926383376" lon="24.946280987933278">
        <ele>87.0</ele>
      </trkpt>
      <trkpt lat="54.81519495137036" lon="24.946422977373004">
        <ele>87.0</ele>
      </trkpt>
      <trkpt lat="54.81519495137036" lon="24.946472933515906">
        <ele>87.0</ele>
      </trkpt>
      <trkpt lat="54.81515899300575" lon="24.94656697846949">
        <ele>88.0</ele>
      </trkpt>
      <trkpt lat="54.81510794721544" lon="24.946623975411057">
        <ele>88.0</ele>
      </trkpt>
      <trkpt lat="54.81481198221445" lon="24.946745932102203">
        <ele>88.0</ele>
      </trkpt>
      <trkpt lat="54.81477594003081" lon="24.94688993319869">
        <ele>88.0</ele>
      </trkpt>
      <trkpt lat="54.814692959189415" lon="24.94735797867179">
        <ele>88.0</ele>
      </trkpt>
      <trkpt lat="54.81469597667456" lon="24.947609938681126">
        <ele>88.0</ele>
      </trkpt>
      <trkpt lat="54.814778957515955" lon="24.94770599529147">
        <ele>89.0</ele>
      </trkpt>
      <trkpt lat="54.814864955842495" lon="24.947893917560577">
        <ele>89.0</ele>
      </trkpt>
      <trkpt lat="54.814863950014114" lon="24.94802593253553">
        <ele>89.0</ele>
      </trkpt>
      <trkpt lat="54.81471894308925" lon="24.948233971372247">
        <ele>89.0</ele>
      </trkpt>
      <trkpt lat="54.814563961699605" lon="24.948354922235012">
        <ele>89.0</ele>
      </trkpt>
      <trkpt lat="54.814458936452866" lon="24.948614928871393">
        <ele>89.0</ele>
      </trkpt>
      <trkpt lat="54.814520962536335" lon="24.948744932189584">
        <ele>89.0</ele>
      </trkpt>
      <trkpt lat="54.814607966691256" lon="24.948814921081066">
        <ele>89.0</ele>
      </trkpt>
      <trkpt lat="54.814668986946344" lon="24.948962945491076">
        <ele>89.0</ele>
      </trkpt>
      <trkpt lat="54.81466395780444" lon="24.9490359518677">
        <ele>88.0</ele>
      </trkpt>
      <trkpt lat="54.81474593281746" lon="24.949204931035638">
        <ele>88.0</ele>
      </trkpt>
      <trkpt lat="54.814760936424136" lon="24.949267962947488">
        <ele>88.0</ele>
      </trkpt>
      <trkpt lat="54.81473897583783" lon="24.949500979855657">
        <ele>88.0</ele>
      </trkpt>
      <trkpt lat="54.81462196446955" lon="24.949738942086697">
        <ele>87.0</ele>
      </trkpt>
      <trkpt lat="54.81456697918475" lon="24.94993499480188">
        <ele>86.0</ele>
      </trkpt>
      <trkpt lat="54.81448098085821" lon="24.95002795010805">
        <ele>86.0</ele>
      </trkpt>
      <trkpt lat="54.81443898752332" lon="24.950035996735096">
        <ele>85.0</ele>
      </trkpt>
      <trkpt lat="54.81438299641013" lon="24.949947986751795">
        <ele>84.0</ele>
      </trkpt>
      <trkpt lat="54.81432298198342" lon="24.949935916811228">
        <ele>83.0</ele>
      </trkpt>
      <trkpt lat="54.81426699087024" lon="24.949903981760144">
        <ele>82.0</ele>
      </trkpt>
      <trkpt lat="54.81414193287492" lon="24.94994094595313">
        <ele>81.0</ele>
      </trkpt>
      <trkpt lat="54.81401595287025" lon="24.950060974806547">
        <ele>80.0</ele>
      </trkpt>
      <trkpt lat="54.81400094926357" lon="24.95008997619152">
        <ele>79.0</ele>
      </trkpt>
      <trkpt lat="54.813962979242206" lon="24.950471939519048">
        <ele>78.0</ele>
      </trkpt>
      <trkpt lat="54.81392593123019" lon="24.95049498975277">
        <ele>76.0</ele>
      </trkpt>
      <trkpt lat="54.81388594955206" lon="24.95049398392439">
        <ele>75.0</ele>
      </trkpt>
      <trkpt lat="54.81384999118745" lon="24.950469927862287">
        <ele>74.0</ele>
      </trkpt>
      <trkpt lat="54.813641952350736" lon="24.950227942317724">
        <ele>73.0</ele>
      </trkpt>
      <trkpt lat="54.81358696706593" lon="24.95023498311639">
        <ele>72.0</ele>
      </trkpt>
      <trkpt lat="54.81356693431735" lon="24.95026096701622">
        <ele>71.0</ele>
      </trkpt>
      <trkpt lat="54.81334397569299" lon="24.95075893588364">
        <ele>70.0</ele>
      </trkpt>
      <trkpt lat="54.8130789399147" lon="24.951412975788116">
        <ele>69.0</ele>
      </trkpt>
      <trkpt lat="54.812952959910035" lon="24.951864928007126">
        <ele>68.0</ele>
      </trkpt>
      <trkpt lat="54.81279395520687" lon="24.95230497792363">
        <ele>67.0</ele>
      </trkpt>
      <trkpt lat="54.812631933018565" lon="24.952672943472862">
        <ele>66.0</ele>
      </trkpt>
      <trkpt lat="54.812524979934096" lon="24.953150963410735">
        <ele>66.0</ele>
      </trkpt>
      <trkpt lat="54.8123849183321" lon="24.953618925064802">
        <ele>65.0</ele>
      </trkpt>
      <trkpt lat="54.81231098994613" lon="24.953757980838418">
        <ele>65.0</ele>
      </trkpt>
      <trkpt lat="54.81216598302126" lon="24.953971970826387">
        <ele>64.0</ele>
      </trkpt>
      <trkpt lat="54.811924919486046" lon="24.954417971894145">
        <ele>64.0</ele>
      </trkpt>
      <trkpt lat="54.81173498556018" lon="24.954800941050053">
        <ele>64.0</ele>
      </trkpt>
      <trkpt lat="54.81158897280693" lon="24.955190951004624">
        <ele>64.0</ele>
      </trkpt>
      <trkpt lat="54.811361990869045" lon="24.955635946244">
        <ele>63.0</ele>
      </trkpt>
      <trkpt lat="54.811212960630655" lon="24.956199964508414">
        <ele>63.0</ele>
      </trkpt>
      <trkpt lat="54.81104297563434" lon="24.95657497085631">
        <ele>63.0</ele>
      </trkpt>
      <trkpt lat="54.8109929356724" lon="24.956724923104048">
        <ele>63.0</ele>
      </trkpt>
      <trkpt lat="54.810954965651035" lon="24.956999933347106">
        <ele>64.0</ele>
      </trkpt>
      <trkpt lat="54.81086192652583" lon="24.957297993823886">
        <ele>64.0</ele>
      </trkpt>
      <trkpt lat="54.810802917927504" lon="24.957788921892643">
        <ele>64.0</ele>
      </trkpt>
      <trkpt lat="54.810634944587946" lon="24.95840691961348">
        <ele>65.0</ele>
      </trkpt>
      <trkpt lat="54.81047392822802" lon="24.959375951439142">
        <ele>65.0</ele>
      </trkpt>
      <trkpt lat="54.81032196432352" lon="24.959814995527267">
        <ele>66.0</ele>
      </trkpt>
      <trkpt lat="54.81009799987078" lon="24.960713954642415">
        <ele>67.0</ele>
      </trkpt>
      <trkpt lat="54.810006972402334" lon="24.9611999373883">
        <ele>67.0</ele>
      </trkpt>
      <trkpt lat="54.80994092300534" lon="24.961461955681443">
        <ele>68.0</ele>
      </trkpt>
      <trkpt lat="54.80970195494592" lon="24.962233928963542">
        <ele>69.0</ele>
      </trkpt>
      <trkpt lat="54.809662979096174" lon="24.962451942265034">
        <ele>69.0</ele>
      </trkpt>
      <trkpt lat="54.80963498353958" lon="24.962794929742813">
        <ele>70.0</ele>
      </trkpt>
      <trkpt lat="54.80963699519634" lon="24.96295695193112">
        <ele>71.0</ele>
      </trkpt>
      <trkpt lat="54.80967798270285" lon="24.96321494691074">
        <ele>72.0</ele>
      </trkpt>
      <trkpt lat="54.80967898853123" lon="24.963548965752125">
        <ele>73.0</ele>
      </trkpt>
      <trkpt lat="54.80965794995427" lon="24.96375298127532">
        <ele>74.0</ele>
      </trkpt>
      <trkpt lat="54.80967395938933" lon="24.96390494517982">
        <ele>75.0</ele>
      </trkpt>
      <trkpt lat="54.80965392664075" lon="24.963975939899683">
        <ele>76.0</ele>
      </trkpt>
      <trkpt lat="54.80956097133458" lon="24.964128993451595">
        <ele>76.0</ele>
      </trkpt>
      <trkpt lat="54.809469943866134" lon="24.9643359426409">
        <ele>77.0</ele>
      </trkpt>
      <trkpt lat="54.80938998050988" lon="24.964650934562087">
        <ele>78.0</ele>
      </trkpt>
      <trkpt lat="54.809256959706545" lon="24.96493893675506">
        <ele>78.0</ele>
      </trkpt>
      <trkpt lat="54.80917599052191" lon="24.965038932859898">
        <ele>79.0</ele>
      </trkpt>
      <trkpt lat="54.80910097248852" lon="24.965209923684597">
        <ele>79.0</ele>
      </trkpt>
      <trkpt lat="54.808973986655474" lon="24.965399941429496">
        <ele>79.0</ele>
      </trkpt>
      <trkpt lat="54.80881397612393" lon="24.965572943910956">
        <ele>79.0</ele>
      </trkpt>
      <trkpt lat="54.808715991675854" lon="24.96572893112898">
        <ele>80.0</ele>
      </trkpt>
      <trkpt lat="54.80863192118704" lon="24.965823981910944">
        <ele>80.0</ele>
      </trkpt>
      <trkpt lat="54.808566961437464" lon="24.96594493277371">
        <ele>80.0</ele>
      </trkpt>
      <trkpt lat="54.8084269836545" lon="24.966043923050165">
        <ele>80.0</ele>
      </trkpt>
      <trkpt lat="54.80812498368323" lon="24.96637299656868">
        <ele>80.0</ele>
      </trkpt>
      <trkpt lat="54.807816948741674" lon="24.96680692769587">
        <ele>79.0</ele>
      </trkpt>
      <trkpt lat="54.807753916829824" lon="24.966861996799707">
        <ele>79.0</ele>
      </trkpt>
      <trkpt lat="54.807645957916975" lon="24.966918993741274">
        <ele>79.0</ele>
      </trkpt>
      <trkpt lat="54.807602958753705" lon="24.966919999569654">
        <ele>79.0</ele>
      </trkpt>
      <trkpt lat="54.80752794072032" lon="24.966883957386017">
        <ele>78.0</ele>
      </trkpt>
      <trkpt lat="54.807491982355714" lon="24.966841964051127">
        <ele>78.0</ele>
      </trkpt>
      <trkpt lat="54.80738092213869" lon="24.966577934101224">
        <ele>77.0</ele>
      </trkpt>
      <trkpt lat="54.807325936853886" lon="24.966487996280193">
        <ele>77.0</ele>
      </trkpt>
      <trkpt lat="54.80728997848928" lon="24.966442985460162">
        <ele>77.0</ele>
      </trkpt>
      <trkpt lat="54.80721093714237" lon="24.96641993522644">
        <ele>77.0</ele>
      </trkpt>
      <trkpt lat="54.80708294548094" lon="24.966468969359994">
        <ele>77.0</ele>
      </trkpt>
      <trkpt lat="54.80696995742619" lon="24.966575922444463">
        <ele>77.0</ele>
      </trkpt>
      <trkpt lat="54.806846994906664" lon="24.96678094379604">
        <ele>77.0</ele>
      </trkpt>
      <trkpt lat="54.80678094550967" lon="24.966948917135596">
        <ele>77.0</ele>
      </trkpt>
      <trkpt lat="54.80654692277312" lon="24.968042923137546">
        <ele>78.0</ele>
      </trkpt>
      <trkpt lat="54.80645597912371" lon="24.969065934419632">
        <ele>78.0</ele>
      </trkpt>
      <trkpt lat="54.806317929178476" lon="24.96979096904397">
        <ele>79.0</ele>
      </trkpt>
      <trkpt lat="54.80628792196512" lon="24.970042929053307">
        <ele>80.0</ele>
      </trkpt>
      <trkpt lat="54.80629898607731" lon="24.9701089784503">
        <ele>81.0</ele>
      </trkpt>
      <trkpt lat="54.806357994675636" lon="24.970247950404882">
        <ele>82.0</ele>
      </trkpt>
      <trkpt lat="54.806379955261946" lon="24.970362950116396">
        <ele>83.0</ele>
      </trkpt>
      <trkpt lat="54.806445920839906" lon="24.97047593817115">
        <ele>85.0</ele>
      </trkpt>
      <trkpt lat="54.806466959416866" lon="24.970613988116384">
        <ele>86.0</ele>
      </trkpt>
      <trkpt lat="54.80649093165994" lon="24.97067299671471">
        <ele>88.0</ele>
      </trkpt>
      <trkpt lat="54.806527979671955" lon="24.970719935372472">
        <ele>90.0</ele>
      </trkpt>
      <trkpt lat="54.80654692277312" lon="24.97071297839284">
        <ele>91.0</ele>
      </trkpt>
      <trkpt lat="54.80655798688531" lon="24.97077693231404">
        <ele>93.0</ele>
      </trkpt>
      <trkpt lat="54.80657994747162" lon="24.970808951184154">
        <ele>95.0</ele>
      </trkpt>
      <trkpt lat="54.806661922484636" lon="24.97086293064058">
        <ele>97.0</ele>
      </trkpt>
      <trkpt lat="54.80670793913305" lon="24.97094599530101">
        <ele>99.0</ele>
      </trkpt>
      <trkpt lat="54.80676292441785" lon="24.971069963648915">
        <ele>102.0</ele>
      </trkpt>
      <trkpt lat="54.80677792802453" lon="24.97121094726026">
        <ele>104.0</ele>
      </trkpt>
      <trkpt lat="54.806743981316686" lon="24.97140096500516">
        <ele>106.0</ele>
      </trkpt>
      <trkpt lat="54.806697964668274" lon="24.97153197415173">
        <ele>108.0</ele>
      </trkpt>
      <trkpt lat="54.80667198076844" lon="24.971751999109983">
        <ele>110.0</ele>
      </trkpt>
      <trkpt lat="54.80650291778147" lon="24.972230941057205">
        <ele>111.0</ele>
      </trkpt>
      <trkpt lat="54.80643896386027" lon="24.972526989877224">
        <ele>113.0</ele>
      </trkpt>
      <trkpt lat="54.806421948596835" lon="24.972997969016433">
        <ele>115.0</ele>
      </trkpt>
      <trkpt lat="54.80637098662555" lon="24.973113974556327">
        <ele>117.0</ele>
      </trkpt>
      <trkpt lat="54.806268978863955" lon="24.973502978682518">
        <ele>119.0</ele>
      </trkpt>
      <trkpt lat="54.80628297664225" lon="24.97372392565012">
        <ele>120.0</ele>
      </trkpt>
      <trkpt lat="54.806267973035574" lon="24.973949985578656">
        <ele>121.0</ele>
      </trkpt>
      <trkpt lat="54.80621592141688" lon="24.974142936989665">
        <ele>123.0</ele>
      </trkpt>
      <trkpt lat="54.806118942797184" lon="24.974306970834732">
        <ele>123.0</ele>
      </trkpt>
      <trkpt lat="54.80595993809402" lon="24.9745159316808">
        <ele>124.0</ele>
      </trkpt>
      <trkpt lat="54.805778972804546" lon="24.97479798272252">
        <ele>125.0</ele>
      </trkpt>
      <trkpt lat="54.805757934227586" lon="24.974914994090796">
        <ele>125.0</ele>
      </trkpt>
      <trkpt lat="54.80556498281658" lon="24.975187992677093">
        <ele>126.0</ele>
      </trkpt>
      <trkpt lat="54.80552399531007" lon="24.97529092244804">
        <ele>126.0</ele>
      </trkpt>
      <trkpt lat="54.80542299337685" lon="24.97546291910112">
        <ele>125.0</ele>
      </trkpt>
      <trkpt lat="54.80536197312176" lon="24.97552997432649">
        <ele>125.0</ele>
      </trkpt>
      <trkpt lat="54.805284943431616" lon="24.97571697458625">
        <ele>124.0</ele>
      </trkpt>
      <trkpt lat="54.8051199875772" lon="24.975883942097425">
        <ele>124.0</ele>
      </trkpt>
      <trkpt lat="54.805063996464014" lon="24.9759129434824">
        <ele>123.0</ele>
      </trkpt>
      <trkpt lat="54.80492795817554" lon="24.975942950695753">
        <ele>121.0</ele>
      </trkpt>
      <trkpt lat="54.804786974564195" lon="24.976032972335815">
        <ele>120.0</ele>
      </trkpt>
      <trkpt lat="54.804681949317455" lon="24.97613095678389">
        <ele>118.0</ele>
      </trkpt>
      <trkpt lat="54.80455798096955" lon="24.97619499452412">
        <ele>116.0</ele>
      </trkpt>
      <trkpt lat="54.80445798486471" lon="24.976182924583554">
        <ele>114.0</ele>
      </trkpt>
      <trkpt lat="54.80434499680996" lon="24.97612793929875">
        <ele>112.0</ele>
      </trkpt>
      <trkpt lat="54.80427693575621" lon="24.976071948185563">
        <ele>110.0</ele>
      </trkpt>
      <trkpt lat="54.80419093742967" lon="24.975946974009275">
        <ele>108.0</ele>
      </trkpt>
      <trkpt lat="54.804163947701454" lon="24.97593297623098">
        <ele>106.0</ele>
      </trkpt>
      <trkpt lat="54.804059928283095" lon="24.97595996595919">
        <ele>103.0</ele>
      </trkpt>
      <trkpt lat="54.80399698019028" lon="24.975993996486068">
        <ele>101.0</ele>
      </trkpt>
      <trkpt lat="54.803929924964905" lon="24.975995924323797">
        <ele>98.0</ele>
      </trkpt>
      <trkpt lat="54.803888937458396" lon="24.97597999870777">
        <ele>96.0</ele>
      </trkpt>
      <trkpt lat="54.80385096743703" lon="24.97604596428573">
        <ele>94.0</ele>
      </trkpt>
      <trkpt lat="54.803690956905484" lon="24.976207986474037">
        <ele>91.0</ele>
      </trkpt>
      <trkpt lat="54.80355491861701" lon="24.976261965930462">
        <ele>89.0</ele>
      </trkpt>
      <trkpt lat="54.80349398218095" lon="24.976243944838643">
        <ele>87.0</ele>
      </trkpt>
      <trkpt lat="54.803435979411006" lon="24.976175967603922">
        <ele>85.0</ele>
      </trkpt>
      <trkpt lat="54.80335299856961" lon="24.97617395594716">
        <ele>83.0</ele>
      </trkpt>
      <trkpt lat="54.80322894640267" lon="24.976135985925794">
        <ele>81.0</ele>
      </trkpt>
      <trkpt lat="54.80316398665309" lon="24.976055938750505">
        <ele>79.0</ele>
      </trkpt>
      <trkpt lat="54.80312299914658" lon="24.975967928767204">
        <ele>77.0</ele>
      </trkpt>
      <trkpt lat="54.80305996723473" lon="24.975901963189244">
        <ele>76.0</ele>
      </trkpt>
      <trkpt lat="54.80294496752322" lon="24.975520921871066">
        <ele>74.0</ele>
      </trkpt>
      <trkpt lat="54.802833991125226" lon="24.9753999710083">
        <ele>73.0</ele>
      </trkpt>
      <trkpt lat="54.80269895866513" lon="24.975435929372907">
        <ele>72.0</ele>
      </trkpt>
      <trkpt lat="54.80256199836731" lon="24.975562999024987">
        <ele>71.0</ele>
      </trkpt>
      <trkpt lat="54.80239092372358" lon="24.975626952946186">
        <ele>71.0</ele>
      </trkpt>
      <trkpt lat="54.80232696980238" lon="24.975685961544514">
        <ele>71.0</ele>
      </trkpt>
      <trkpt lat="54.80220694094896" lon="24.97584798373282">
        <ele>71.0</ele>
      </trkpt>
      <trkpt lat="54.80213896371424" lon="24.976137997582555">
        <ele>71.0</ele>
      </trkpt>
      <trkpt lat="54.80194492265582" lon="24.976504957303405">
        <ele>72.0</ele>
      </trkpt>
      <trkpt lat="54.80178399011493" lon="24.976736968383193">
        <ele>72.0</ele>
      </trkpt>
      <trkpt lat="54.8016559984535" lon="24.97686294838786">
        <ele>73.0</ele>
      </trkpt>
      <trkpt lat="54.801589949056506" lon="24.97698691673577">
        <ele>75.0</ele>
      </trkpt>
      <trkpt lat="54.80150897987187" lon="24.977344991639256">
        <ele>76.0</ele>
      </trkpt>
      <trkpt lat="54.80146992020309" lon="24.977446999400854">
        <ele>78.0</ele>
      </trkpt>
      <trkpt lat="54.8014469537884" lon="24.977486981078982">
        <ele>80.0</ele>
      </trkpt>
      <trkpt lat="54.801393980160356" lon="24.97752696275711">
        <ele>82.0</ele>
      </trkpt>
      <trkpt lat="54.80135592631996" lon="24.977625953033566">
        <ele>84.0</ele>
      </trkpt>
      <trkpt lat="54.801327930763364" lon="24.977811947464943">
        <ele>87.0</ele>
      </trkpt>
      <trkpt lat="54.80135693214834" lon="24.977855952456594">
        <ele>89.0</ele>
      </trkpt>
      <trkpt lat="54.80134192854166" lon="24.97793197631836">
        <ele>92.0</ele>
      </trkpt>
      <trkpt lat="54.80135994963348" lon="24.977987967431545">
        <ele>95.0</ele>
      </trkpt>
      <trkpt lat="54.80129993520677" lon="24.97808595187962">
        <ele>98.0</ele>
      </trkpt>
      <trkpt lat="54.801281997933984" lon="24.9781939946115">
        <ele>101.0</ele>
      </trkpt>
      <trkpt lat="54.80120597407222" lon="24.97836196795106">
        <ele>104.0</ele>
      </trkpt>
      <trkpt lat="54.801113940775394" lon="24.978478979319334">
        <ele>107.0</ele>
      </trkpt>
      <trkpt lat="54.80093599297106" lon="24.978764969855547">
        <ele>110.0</ele>
      </trkpt>
      <trkpt lat="54.800855945795774" lon="24.978995975106955">
        <ele>113.0</ele>
      </trkpt>
      <trkpt lat="54.800702976062894" lon="24.97924491763115">
        <ele>116.0</ele>
      </trkpt>
      <trkpt lat="54.80055293999612" lon="24.979556975886226">
        <ele>119.0</ele>
      </trkpt>
      <trkpt lat="54.8004799336195" lon="24.979914966970682">
        <ele>121.0</ele>
      </trkpt>
      <trkpt lat="54.8005179874599" lon="24.98019391670823">
        <ele>124.0</ele>
      </trkpt>
      <trkpt lat="54.800491919741035" lon="24.980486948043108">
        <ele>126.0</ele>
      </trkpt>
      <trkpt lat="54.80050792917609" lon="24.98066296800971">
        <ele>128.0</ele>
      </trkpt>
      <trkpt lat="54.80049795471132" lon="24.980755923315883">
        <ele>130.0</ele>
      </trkpt>
      <trkpt lat="54.80044196359813" lon="24.98096496798098">
        <ele>132.0</ele>
      </trkpt>
      <trkpt lat="54.80029092170298" lon="24.98128297738731">
        <ele>133.0</ele>
      </trkpt>
      <trkpt lat="54.800230991095304" lon="24.98139194212854">
        <ele>134.0</ele>
      </trkpt>
      <trkpt lat="54.80015396140516" lon="24.98145597986877">
        <ele>136.0</ele>
      </trkpt>
      <trkpt lat="54.800060922279954" lon="24.98147894628346">
        <ele>137.0</ele>
      </trkpt>
      <trkpt lat="54.79996595531702" lon="24.981529992073774">
        <ele>138.0</ele>
      </trkpt>
      <trkpt lat="54.79981197975576" lon="24.98156293295324">
        <ele>138.0</ele>
      </trkpt>
      <trkpt lat="54.79968993924558" lon="24.981511970981956">
        <ele>139.0</ele>
      </trkpt>
      <trkpt lat="54.799633948132396" lon="24.98150493018329">
        <ele>140.0</ele>
      </trkpt>
      <trkpt lat="54.799588937312365" lon="24.981537954881787">
        <ele>140.0</ele>
      </trkpt>
      <trkpt lat="54.79948399588466" lon="24.98167592100799">
        <ele>140.0</ele>
      </trkpt>
      <trkpt lat="54.79939095675945" lon="24.981725960969925">
        <ele>141.0</ele>
      </trkpt>
      <trkpt lat="54.79935994371772" lon="24.981721937656403">
        <ele>141.0</ele>
      </trkpt>
      <trkpt lat="54.799226922914386" lon="24.981687990948558">
        <ele>141.0</ele>
      </trkpt>
      <trkpt lat="54.799135979264975" lon="24.981597969308496">
        <ele>141.0</ele>
      </trkpt>
      <trkpt lat="54.799007987603545" lon="24.981271997094154">
        <ele>140.0</ele>
      </trkpt>
      <trkpt lat="54.79890899732709" lon="24.98113394714892">
        <ele>140.0</ele>
      </trkpt>
      <trkpt lat="54.79884998872876" lon="24.981141993775964">
        <ele>140.0</ele>
      </trkpt>
      <trkpt lat="54.79876591823995" lon="24.98119798488915">
        <ele>140.0</ele>
      </trkpt>
      <trkpt lat="54.79860699735582" lon="24.981270991265774">
        <ele>140.0</ele>
      </trkpt>
      <trkpt lat="54.798298962414265" lon="24.981272919103503">
        <ele>139.0</ele>
      </trkpt>
      <trkpt lat="54.798170970752835" lon="24.98130493797362">
        <ele>139.0</ele>
      </trkpt>
      <trkpt lat="54.79810098186135" lon="24.981300998479128">
        <ele>139.0</ele>
      </trkpt>
      <trkpt lat="54.79803392663598" lon="24.981359923258424">
        <ele>138.0</ele>
      </trkpt>
      <trkpt lat="54.79800391942263" lon="24.98136796988547">
        <ele>138.0</ele>
      </trkpt>
      <trkpt lat="54.79783494025469" lon="24.981205947697163">
        <ele>137.0</ele>
      </trkpt>
      <trkpt lat="54.79766797274351" lon="24.981078961864114">
        <ele>136.0</ele>
      </trkpt>
      <trkpt lat="54.79761793278158" lon="24.98106798157096">
        <ele>136.0</ele>
      </trkpt>
      <trkpt lat="54.797547943890095" lon="24.981185998767614">
        <ele>135.0</ele>
      </trkpt>
      <trkpt lat="54.79749698191881" lon="24.981409963220358">
        <ele>134.0</ele>
      </trkpt>
      <trkpt lat="54.79734191671014" lon="24.981763930991292">
        <ele>133.0</ele>
      </trkpt>
      <trkpt lat="54.797270921990275" lon="24.98186795040965">
        <ele>132.0</ele>
      </trkpt>
      <trkpt lat="54.797202944755554" lon="24.98186392709613">
        <ele>131.0</ele>
      </trkpt>
      <trkpt lat="54.796878984197974" lon="24.98154197819531">
        <ele>130.0</ele>
      </trkpt>
      <trkpt lat="54.79678393341601" lon="24.981401916593313">
        <ele>129.0</ele>
      </trkpt>
      <trkpt lat="54.79663398116827" lon="24.981087930500507">
        <ele>127.0</ele>
      </trkpt>
      <trkpt lat="54.79652099311352" lon="24.980761958286166">
        <ele>126.0</ele>
      </trkpt>
      <trkpt lat="54.79642393067479" lon="24.980547968298197">
        <ele>125.0</ele>
      </trkpt>
      <trkpt lat="54.79603299871087" lon="24.979879930615425">
        <ele>123.0</ele>
      </trkpt>
      <trkpt lat="54.79519598186016" lon="24.979017935693264">
        <ele>122.0</ele>
      </trkpt>
      <trkpt lat="54.795094979926944" lon="24.97893998399377">
        <ele>120.0</ele>
      </trkpt>
      <trkpt lat="54.79487294331193" lon="24.978693975135684">
        <ele>119.0</ele>
      </trkpt>
      <trkpt lat="54.7945739608258" lon="24.978288961574435">
        <ele>118.0</ele>
      </trkpt>
      <trkpt lat="54.79412393644452" lon="24.97760994359851">
        <ele>117.0</ele>
      </trkpt>
      <trkpt lat="54.794022934511304" lon="24.977474994957447">
        <ele>116.0</ele>
      </trkpt>
      <trkpt lat="54.79384699836373" lon="24.97728698886931">
        <ele>115.0</ele>
      </trkpt>
      <trkpt lat="54.79377097450197" lon="24.97716293670237">
        <ele>114.0</ele>
      </trkpt>
      <trkpt lat="54.79348297230899" lon="24.97677695006132">
        <ele>113.0</ele>
      </trkpt>
      <trkpt lat="54.79288098402321" lon="24.97567598707974">
        <ele>112.0</ele>
      </trkpt>
      <trkpt lat="54.79274393990636" lon="24.975474989041686">
        <ele>112.0</ele>
      </trkpt>
      <trkpt lat="54.792518969625235" lon="24.975085984915495">
        <ele>111.0</ele>
      </trkpt>
      <trkpt lat="54.79246499016881" lon="24.97507492080331">
        <ele>110.0</ele>
      </trkpt>
      <trkpt lat="54.792454931885004" lon="24.97520894743502">
        <ele>110.0</ele>
      </trkpt>
      <trkpt lat="54.79246499016881" lon="24.975317995995283">
        <ele>109.0</ele>
      </trkpt>
      <trkpt lat="54.792371951043606" lon="24.975426960736513">
        <ele>109.0</ele>
      </trkpt>
      <trkpt lat="54.79227698408067" lon="24.97544196434319">
        <ele>108.0</ele>
      </trkpt>
      <trkpt lat="54.792174976319075" lon="24.975436935201287">
        <ele>108.0</ele>
      </trkpt>
      <trkpt lat="54.79211797937751" lon="24.975404916331172">
        <ele>107.0</ele>
      </trkpt>
      <trkpt lat="54.7920389380306" lon="24.97529192827642">
        <ele>106.0</ele>
      </trkpt>
      <trkpt lat="54.79197699576616" lon="24.9751029163599">
        <ele>106.0</ele>
      </trkpt>
      <trkpt lat="54.79188898578286" lon="24.975024964660406">
        <ele>105.0</ele>
      </trkpt>
      <trkpt lat="54.791615987196565" lon="24.975152956321836">
        <ele>104.0</ele>
      </trkpt>
      <trkpt lat="54.79152395389974" lon="24.975178940221667">
        <ele>104.0</ele>
      </trkpt>
      <trkpt lat="54.79141096584499" lon="24.97529092244804">
        <ele>103.0</ele>
      </trkpt>
      <trkpt lat="54.7913639433682" lon="24.97528798878193">
        <ele>102.0</ele>
      </trkpt>
      <trkpt lat="54.79128498584032" lon="24.975186986848712">
        <ele>101.0</ele>
      </trkpt>
      <trkpt lat="54.79112698696554" lon="24.974296996369958">
        <ele>100.0</ele>
      </trkpt>
      <trkpt lat="54.79104995727539" lon="24.974008994176984">
        <ele>99.0</ele>
      </trkpt>
      <trkpt lat="54.790994971990585" lon="24.973882930353284">
        <ele>98.0</ele>
      </trkpt>
      <trkpt lat="54.790799925103784" lon="24.9737249314785">
        <ele>97.0</ele>
      </trkpt>
      <trkpt lat="54.79072096757591" lon="24.97367899864912">
        <ele>97.0</ele>
      </trkpt>
      <trkpt lat="54.79069598950446" lon="24.973642956465483">
        <ele>96.0</ele>
      </trkpt>
      <trkpt lat="54.790674950927496" lon="24.973538937047124">
        <ele>95.0</ele>
      </trkpt>
      <trkpt lat="54.79065994732082" lon="24.973310949280858">
        <ele>94.0</ele>
      </trkpt>
      <trkpt lat="54.790673945099115" lon="24.97310198843479">
        <ele>93.0</ele>
      </trkpt>
      <trkpt lat="54.790711998939514" lon="24.973065946251154">
        <ele>92.0</ele>
      </trkpt>
      <trkpt lat="54.79074192233384" lon="24.972998974844813">
        <ele>92.0</ele>
      </trkpt>
      <trkpt lat="54.790778970345855" lon="24.97275598347187">
        <ele>91.0</ele>
      </trkpt>
      <trkpt lat="54.790839990600944" lon="24.972534952685237">
        <ele>90.0</ele>
      </trkpt>
      <trkpt lat="54.790908973664045" lon="24.97232699766755">
        <ele>89.0</ele>
      </trkpt>
      <trkpt lat="54.79102992452681" lon="24.972055926918983">
        <ele>88.0</ele>
      </trkpt>
      <trkpt lat="54.79115095920861" lon="24.971837997436523">
        <ele>88.0</ele>
      </trkpt>
      <trkpt lat="54.79122195392847" lon="24.971664994955063">
        <ele>87.0</ele>
      </trkpt>
      <trkpt lat="54.79132195003331" lon="24.971517976373434">
        <ele>86.0</ele>
      </trkpt>
      <trkpt lat="54.791530994698405" lon="24.97140197083354">
        <ele>86.0</ele>
      </trkpt>
      <trkpt lat="54.791683964431286" lon="24.971223939210176">
        <ele>85.0</ele>
      </trkpt>
      <trkpt lat="54.79178597219288" lon="24.971131989732385">
        <ele>85.0</ele>
      </trkpt>
      <trkpt lat="54.79201295413077" lon="24.97103492729366">
        <ele>84.0</ele>
      </trkpt>
      <trkpt lat="54.792222920805216" lon="24.97097591869533">
        <ele>84.0</ele>
      </trkpt>
      <trkpt lat="54.79236499406397" lon="24.970894949510694">
        <ele>83.0</ele>
      </trkpt>
      <trkpt lat="54.792432971298695" lon="24.97090592980385">
        <ele>83.0</ele>
      </trkpt>
      <trkpt lat="54.79247094132006" lon="24.970941971987486">
        <ele>82.0</ele>
      </trkpt>
      <trkpt lat="54.79261393658817" lon="24.97114992700517">
        <ele>82.0</ele>
      </trkpt>
      <trkpt lat="54.7927419282496" lon="24.971410939469934">
        <ele>81.0</ele>
      </trkpt>
      <trkpt lat="54.79280898347497" lon="24.97150699608028">
        <ele>81.0</ele>
      </trkpt>
      <trkpt lat="54.79284091852605" lon="24.971494926139712">
        <ele>80.0</ele>
      </trkpt>
      <trkpt lat="54.793097991496325" lon="24.9712089356035">
        <ele>80.0</ele>
      </trkpt>
      <trkpt lat="54.793249955400825" lon="24.970955969765782">
        <ele>79.0</ele>
      </trkpt>
      <trkpt lat="54.79346293956041" lon="24.97067593038082">
        <ele>79.0</ele>
      </trkpt>
      <trkpt lat="54.79351691901684" lon="24.970557997003198">
        <ele>78.0</ele>
      </trkpt>
      <trkpt lat="54.79358196258545" lon="24.970486918464303">
        <ele>78.0</ele>
      </trkpt>
      <trkpt lat="54.79359998367727" lon="24.970423970371485">
        <ele>77.0</ele>
      </trkpt>
      <trkpt lat="54.793484983965755" lon="24.97013596817851">
        <ele>77.0</ele>
      </trkpt>
      <trkpt lat="54.793447935953736" lon="24.969969922676682">
        <ele>77.0</ele>
      </trkpt>
      <trkpt lat="54.79342698119581" lon="24.96976791881025">
        <ele>77.0</ele>
      </trkpt>
      <trkpt lat="54.79343896731734" lon="24.969548983499408">
        <ele>76.0</ele>
      </trkpt>
      <trkpt lat="54.793488923460245" lon="24.969439934939146">
        <ele>76.0</ele>
      </trkpt>
      <trkpt lat="54.793526977300644" lon="24.969283947721124">
        <ele>76.0</ele>
      </trkpt>
      <trkpt lat="54.79346092790365" lon="24.969141958281398">
        <ele>76.0</ele>
      </trkpt>
      <trkpt lat="54.79340795427561" lon="24.96910692192614">
        <ele>76.0</ele>
      </trkpt>
      <trkpt lat="54.79336596094072" lon="24.968992928043008">
        <ele>76.0</ele>
      </trkpt>
      <trkpt lat="54.793356992304325" lon="24.9687809497118">
        <ele>76.0</ele>
      </trkpt>
      <trkpt lat="54.79323696345091" lon="24.968450954183936">
        <ele>76.0</ele>
      </trkpt>
      <trkpt lat="54.79321097955108" lon="24.968428993597627">
        <ele>77.0</ele>
      </trkpt>
      <trkpt lat="54.79319295845926" lon="24.968445925042033">
        <ele>77.0</ele>
      </trkpt>
      <trkpt lat="54.793079970404506" lon="24.968467969447374">
        <ele>77.0</ele>
      </trkpt>
      <trkpt lat="54.79296698234975" lon="24.968424970284104">
        <ele>77.0</ele>
      </trkpt>
      <trkpt lat="54.79287696070969" lon="24.968208968639374">
        <ele>77.0</ele>
      </trkpt>
      <trkpt lat="54.792862962931395" lon="24.96805096976459">
        <ele>78.0</ele>
      </trkpt>
      <trkpt lat="54.7927469573915" lon="24.967649979516864">
        <ele>78.0</ele>
      </trkpt>
      <trkpt lat="54.7927279304713" lon="24.967313949018717">
        <ele>78.0</ele>
      </trkpt>
      <trkpt lat="54.79274997487664" lon="24.96712694875896">
        <ele>79.0</ele>
      </trkpt>
      <trkpt lat="54.79270898737013" lon="24.966875994578004">
        <ele>79.0</ele>
      </trkpt>
      <trkpt lat="54.79265995323658" lon="24.966725958511233">
        <ele>79.0</ele>
      </trkpt>
      <trkpt lat="54.79257395491004" lon="24.96673995628953">
        <ele>80.0</ele>
      </trkpt>
      <trkpt lat="54.79241796769202" lon="24.966816985979676">
        <ele>80.0</ele>
      </trkpt>
      <trkpt lat="54.79229894466698" lon="24.966834923252463">
        <ele>81.0</ele>
      </trkpt>
      <trkpt lat="54.79212292470038" lon="24.966905917972326">
        <ele>81.0</ele>
      </trkpt>
      <trkpt lat="54.792007924988866" lon="24.96690994128585">
        <ele>82.0</ele>
      </trkpt>
      <trkpt lat="54.791874988004565" lon="24.966938942670822">
        <ele>82.0</ele>
      </trkpt>
      <trkpt lat="54.79180893860757" lon="24.966992922127247">
        <ele>83.0</ele>
      </trkpt>
      <trkpt lat="54.79143493808806" lon="24.967456944286823">
        <ele>84.0</ele>
      </trkpt>
      <trkpt lat="54.79130292311311" lon="24.967570938169956">
        <ele>84.0</ele>
      </trkpt>
      <trkpt lat="54.79123695753515" lon="24.967552917078137">
        <ele>85.0</ele>
      </trkpt>
      <trkpt lat="54.79109496809542" lon="24.96741092763841">
        <ele>85.0</ele>
      </trkpt>
      <trkpt lat="54.79102598503232" lon="24.96721596457064">
        <ele>86.0</ele>
      </trkpt>
      <trkpt lat="54.79100997559726" lon="24.96693693101406">
        <ele>86.0</ele>
      </trkpt>
      <trkpt lat="54.79104291647673" lon="24.966409960761666">
        <ele>87.0</ele>
      </trkpt>
      <trkpt lat="54.79103093035519" lon="24.966172920539975">
        <ele>87.0</ele>
      </trkpt>
      <trkpt lat="54.79100394062698" lon="24.966016933321953">
        <ele>88.0</ele>
      </trkpt>
      <trkpt lat="54.79089698754251" lon="24.96570998802781">
        <ele>88.0</ele>
      </trkpt>
      <trkpt lat="54.790821969509125" lon="24.965618960559368">
        <ele>89.0</ele>
      </trkpt>
      <trkpt lat="54.790713926777244" lon="24.965567998588085">
        <ele>89.0</ele>
      </trkpt>
      <trkpt lat="54.79047194123268" lon="24.965589959174395">
        <ele>89.0</ele>
      </trkpt>
      <trkpt lat="54.7903519961983" lon="24.965634969994426">
        <ele>89.0</ele>
      </trkpt>
      <trkpt lat="54.79005393572152" lon="24.965681992471218">
        <ele>90.0</ele>
      </trkpt>
      <trkpt lat="54.78987297043204" lon="24.965745946392417">
        <ele>90.0</ele>
      </trkpt>
      <trkpt lat="54.78960994631052" lon="24.965797998011112">
        <ele>90.0</ele>
      </trkpt>
      <trkpt lat="54.78930392302573" lon="24.9659039452672">
        <ele>90.0</ele>
      </trkpt>
      <trkpt lat="54.7889269888401" lon="24.966282974928617">
        <ele>90.0</ele>
      </trkpt>
      <trkpt lat="54.788719955831766" lon="24.96654499322176">
        <ele>90.0</ele>
      </trkpt>
      <trkpt lat="54.78833598084748" lon="24.96697498485446">
        <ele>91.0</ele>
      </trkpt>
      <trkpt lat="54.78810992091894" lon="24.967186963185668">
        <ele>91.0</ele>
      </trkpt>
      <trkpt lat="54.78783097118139" lon="24.967509917914867">
        <ele>91.0</ele>
      </trkpt>
      <trkpt lat="54.78728195652366" lon="24.96807091869414">
        <ele>91.0</ele>
      </trkpt>
      <trkpt lat="54.78685699403286" lon="24.96854198165238">
        <ele>91.0</ele>
      </trkpt>
      <trkpt lat="54.785921992734075" lon="24.96968192048371">
        <ele>91.0</ele>
      </trkpt>
      <trkpt lat="54.78537691757083" lon="24.970278963446617">
        <ele>91.0</ele>
      </trkpt>
      <trkpt lat="54.785318998619914" lon="24.97037191875279">
        <ele>91.0</ele>
      </trkpt>
      <trkpt lat="54.78513694368303" lon="24.970552967861295">
        <ele>91.0</ele>
      </trkpt>
      <trkpt lat="54.785089921206236" lon="24.97056696563959">
        <ele>92.0</ele>
      </trkpt>
      <trkpt lat="54.78493393398821" lon="24.970494965091348">
        <ele>92.0</ele>
      </trkpt>
      <trkpt lat="54.78463998064399" lon="24.97030494734645">
        <ele>92.0</ele>
      </trkpt>
      <trkpt lat="54.784397995099425" lon="24.970169998705387">
        <ele>93.0</ele>
      </trkpt>
      <trkpt lat="54.784186938777566" lon="24.969951985403895">
        <ele>93.0</ele>
      </trkpt>
      <trkpt lat="54.78412793017924" lon="24.969927929341793">
        <ele>93.0</ele>
      </trkpt>
      <trkpt lat="54.78406892158091" lon="24.969930946826935">
        <ele>94.0</ele>
      </trkpt>
      <trkpt lat="54.78388896211982" lon="24.969978975132108">
        <ele>94.0</ele>
      </trkpt>
      <trkpt lat="54.78367195464671" lon="24.970119958743453">
        <ele>95.0</ele>
      </trkpt>
      <trkpt lat="54.78327892720699" lon="24.9701969884336">
        <ele>96.0</ele>
      </trkpt>
      <trkpt lat="54.78294893167913" lon="24.97028893791139">
        <ele>96.0</ele>
      </trkpt>
      <trkpt lat="54.782806942239404" lon="24.97041692957282">
        <ele>97.0</ele>
      </trkpt>
      <trkpt lat="54.78271096944809" lon="24.97058792039752">
        <ele>98.0</ele>
      </trkpt>
      <trkpt lat="54.782613990828395" lon="24.970699986442924">
        <ele>99.0</ele>
      </trkpt>
      <trkpt lat="54.78251894004643" lon="24.970747930929065">
        <ele>99.0</ele>
      </trkpt>
      <trkpt lat="54.78241693228483" lon="24.970751954242587">
        <ele>100.0</ele>
      </trkpt>
      <trkpt lat="54.78216798976064" lon="24.970917999744415">
        <ele>101.0</ele>
      </trkpt>
      <trkpt lat="54.781991969794035" lon="24.970894949510694">
        <ele>102.0</ele>
      </trkpt>
      <trkpt lat="54.78179591707885" lon="24.970815991982818">
        <ele>102.0</ele>
      </trkpt>
      <trkpt lat="54.781692987307906" lon="24.97082395479083">
        <ele>103.0</ele>
      </trkpt>
      <trkpt lat="54.78155694901943" lon="24.970895955339074">
        <ele>103.0</ele>
      </trkpt>
      <trkpt lat="54.781480925157666" lon="24.971001986414194">
        <ele>104.0</ele>
      </trkpt>
      <trkpt lat="54.781370954588056" lon="24.971215976402164">
        <ele>105.0</ele>
      </trkpt>
      <trkpt lat="54.78101698681712" lon="24.971953919157386">
        <ele>105.0</ele>
      </trkpt>
      <trkpt lat="54.78090399876237" lon="24.972253991290927">
        <ele>106.0</ele>
      </trkpt>
      <trkpt lat="54.7807589918375" lon="24.972510980442166">
        <ele>107.0</ele>
      </trkpt>
      <trkpt lat="54.78067894466221" lon="24.972828989848495">
        <ele>107.0</ele>
      </trkpt>
      <trkpt lat="54.7806019987911" lon="24.97303099371493">
        <ele>108.0</ele>
      </trkpt>
      <trkpt lat="54.78006295859814" lon="24.973837919533253">
        <ele>109.0</ele>
      </trkpt>
      <trkpt lat="54.77984796278179" lon="24.974335972219706">
        <ele>110.0</ele>
      </trkpt>
      <trkpt lat="54.77962592616677" lon="24.974972996860743">
        <ele>111.0</ele>
      </trkpt>
      <trkpt lat="54.77955794893205" lon="24.975255969911814">
        <ele>111.0</ele>
      </trkpt>
      <trkpt lat="54.77954898029566" lon="24.975393936038017">
        <ele>112.0</ele>
      </trkpt>
      <trkpt lat="54.77950497530401" lon="24.97559099458158">
        <ele>113.0</ele>
      </trkpt>
      <trkpt lat="54.77946599945426" lon="24.97568193823099">
        <ele>114.0</ele>
      </trkpt>
      <trkpt lat="54.779369942843914" lon="24.975818982347846">
        <ele>114.0</ele>
      </trkpt>
      <trkpt lat="54.779266929253936" lon="24.97601796872914">
        <ele>115.0</ele>
      </trkpt>
      <trkpt lat="54.77907791733742" lon="24.97649791650474">
        <ele>116.0</ele>
      </trkpt>
      <trkpt lat="54.778793938457966" lon="24.97696395032108">
        <ele>116.0</ele>
      </trkpt>
      <trkpt lat="54.77826998569071" lon="24.97795896604657">
        <ele>117.0</ele>
      </trkpt>
      <trkpt lat="54.778147945180535" lon="24.978162981569767">
        <ele>117.0</ele>
      </trkpt>
      <trkpt lat="54.777932949364185" lon="24.978627925738692">
        <ele>118.0</ele>
      </trkpt>
      <trkpt lat="54.777502957731485" lon="24.979363940656185">
        <ele>118.0</ele>
      </trkpt>
      <trkpt lat="54.777284944429994" lon="24.97979996725917">
        <ele>119.0</ele>
      </trkpt>
      <trkpt lat="54.77720892056823" lon="24.97990599833429">
        <ele>119.0</ele>
      </trkpt>
      <trkpt lat="54.77715091779828" lon="24.97990993782878">
        <ele>119.0</ele>
      </trkpt>
      <trkpt lat="54.77702292613685" lon="24.979731990024447">
        <ele>119.0</ele>
      </trkpt>
      <trkpt lat="54.77672193199396" lon="24.979143999516964">
        <ele>119.0</ele>
      </trkpt>
      <trkpt lat="54.77663593366742" lon="24.979057917371392">
        <ele>120.0</ele>
      </trkpt>
      <trkpt lat="54.77657591924071" lon="24.979018941521645">
        <ele>120.0</ele>
      </trkpt>
      <trkpt lat="54.77654297836125" lon="24.979014918208122">
        <ele>119.0</ele>
      </trkpt>
      <trkpt lat="54.77611499838531" lon="24.97907392680645">
        <ele>119.0</ele>
      </trkpt>
      <trkpt lat="54.77551594376564" lon="24.97920191846788">
        <ele>119.0</ele>
      </trkpt>
      <trkpt lat="54.77492895908654" lon="24.97939495369792">
        <ele>119.0</ele>
      </trkpt>
      <trkpt lat="54.77473399601877" lon="24.9793959595263">
        <ele>119.0</ele>
      </trkpt>
      <trkpt lat="54.77441498078406" lon="24.9794839695096">
        <ele>119.0</ele>
      </trkpt>
      <trkpt lat="54.77417995221913" lon="24.9795029964298">
        <ele>118.0</ele>
      </trkpt>
      <trkpt lat="54.773808969184756" lon="24.979593940079212">
        <ele>118.0</ele>
      </trkpt>
      <trkpt lat="54.77367494255304" lon="24.979598969221115">
        <ele>118.0</ele>
      </trkpt>
      <trkpt lat="54.773529935628176" lon="24.97967197559774">
        <ele>117.0</ele>
      </trkpt>
      <trkpt lat="54.77339096367359" lon="24.979790998622775">
        <ele>117.0</ele>
      </trkpt>
      <trkpt lat="54.77333991788328" lon="24.979855958372355">
        <ele>116.0</ele>
      </trkpt>
      <trkpt lat="54.77328099310398" lon="24.979984955862164">
        <ele>116.0</ele>
      </trkpt>
      <trkpt lat="54.7732419334352" lon="24.980185953900218">
        <ele>116.0</ele>
      </trkpt>
      <trkpt lat="54.773077983409166" lon="24.98064394108951">
        <ele>115.0</ele>
      </trkpt>
      <trkpt lat="54.77299399673939" lon="24.980762964114547">
        <ele>115.0</ele>
      </trkpt>
      <trkpt lat="54.77293197065592" lon="24.98083395883441">
        <ele>114.0</ele>
      </trkpt>
      <trkpt lat="54.772687973454595" lon="24.980970919132233">
        <ele>114.0</ele>
      </trkpt>
      <trkpt lat="54.77255595847964" lon="24.981021964922547">
        <ele>113.0</ele>
      </trkpt>
      <trkpt lat="54.7724889870733" lon="24.98102397657931">
        <ele>113.0</ele>
      </trkpt>
      <trkpt lat="54.77240592241287" lon="24.980928925797343">
        <ele>112.0</ele>
      </trkpt>
      <trkpt lat="54.77234196849167" lon="24.980797916650772">
        <ele>112.0</ele>
      </trkpt>
      <trkpt lat="54.77210291661322" lon="24.98019391670823">
        <ele>111.0</ele>
      </trkpt>
      <trkpt lat="54.77198992855847" lon="24.97962998226285">
        <ele>110.0</ele>
      </trkpt>
      <trkpt lat="54.771998981013894" lon="24.979255981743336">
        <ele>109.0</ele>
      </trkpt>
      <trkpt lat="54.771978948265314" lon="24.97890293598175">
        <ele>109.0</ele>
      </trkpt>
      <trkpt lat="54.771958999335766" lon="24.97883395291865">
        <ele>109.0</ele>
      </trkpt>
      <trkpt lat="54.77192295715213" lon="24.97879598289728">
        <ele>109.0</ele>
      </trkpt>
      <trkpt lat="54.77184299379587" lon="24.978629937395453">
        <ele>108.0</ele>
      </trkpt>
      <trkpt lat="54.77173796854913" lon="24.97857796959579">
        <ele>108.0</ele>
      </trkpt>
      <trkpt lat="54.77142599411309" lon="24.977967934682965">
        <ele>109.0</ele>
      </trkpt>
      <trkpt lat="54.77137092500925" lon="24.97793197631836">
        <ele>109.0</ele>
      </trkpt>
      <trkpt lat="54.771312922239304" lon="24.977917978540063">
        <ele>109.0</ele>
      </trkpt>
      <trkpt lat="54.7712579369545" lon="24.97786693274975">
        <ele>109.0</ele>
      </trkpt>
      <trkpt lat="54.77120295166969" lon="24.977842960506678">
        <ele>109.0</ele>
      </trkpt>
      <trkpt lat="54.77095493115485" lon="24.977771965786815">
        <ele>110.0</ele>
      </trkpt>
      <trkpt lat="54.770859964191914" lon="24.9777209199965">
        <ele>110.0</ele>
      </trkpt>
      <trkpt lat="54.770798943936825" lon="24.977648919448256">
        <ele>110.0</ele>
      </trkpt>
      <trkpt lat="54.7706759814173" lon="24.977403916418552">
        <ele>111.0</ele>
      </trkpt>
      <trkpt lat="54.770624935626984" lon="24.977253964170814">
        <ele>111.0</ele>
      </trkpt>
      <trkpt lat="54.77039493620396" lon="24.97686194255948">
        <ele>111.0</ele>
      </trkpt>
      <trkpt lat="54.770348919555545" lon="24.976735962554812">
        <ele>111.0</ele>
      </trkpt>
      <trkpt lat="54.770343974232674" lon="24.976637978106737">
        <ele>111.0</ele>
      </trkpt>
      <trkpt lat="54.77038596756756" lon="24.97632591985166">
        <ele>111.0</ele>
      </trkpt>
      <trkpt lat="54.77042695507407" lon="24.97619792819023">
        <ele>111.0</ele>
      </trkpt>
      <trkpt lat="54.770587971434" lon="24.975781934335828">
        <ele>111.0</ele>
      </trkpt>
      <trkpt lat="54.7707589622587" lon="24.97544397599995">
        <ele>111.0</ele>
      </trkpt>
      <trkpt lat="54.77086893282831" lon="24.97518095187843">
        <ele>111.0</ele>
      </trkpt>
      <trkpt lat="54.77091696113348" lon="24.97499395161867">
        <ele>111.0</ele>
      </trkpt>
      <trkpt lat="54.77096691727638" lon="24.97462891973555">
        <ele>111.0</ele>
      </trkpt>
      <trkpt lat="54.77099399082363" lon="24.974225917831063">
        <ele>111.0</ele>
      </trkpt>
      <trkpt lat="54.770992984995246" lon="24.973777988925576">
        <ele>110.0</ele>
      </trkpt>
      <trkpt lat="54.77101092226803" lon="24.973534997552633">
        <ele>110.0</ele>
      </trkpt>
      <trkpt lat="54.77104294113815" lon="24.973437935113907">
        <ele>110.0</ele>
      </trkpt>
      <trkpt lat="54.77112592197955" lon="24.973275996744633">
        <ele>109.0</ele>
      </trkpt>
      <trkpt lat="54.77117797359824" lon="24.973200978711247">
        <ele>109.0</ele>
      </trkpt>
      <trkpt lat="54.77128492668271" lon="24.973093941807747">
        <ele>109.0</ele>
      </trkpt>
      <trkpt lat="54.771402943879366" lon="24.973001992329955">
        <ele>108.0</ele>
      </trkpt>
      <trkpt lat="54.77151299826801" lon="24.972830917686224">
        <ele>108.0</ele>
      </trkpt>
      <trkpt lat="54.771570917218924" lon="24.97269093990326">
        <ele>107.0</ele>
      </trkpt>
      <trkpt lat="54.771611988544464" lon="24.972533946856856">
        <ele>107.0</ele>
      </trkpt>
      <trkpt lat="54.77166999131441" lon="24.972179979085922">
        <ele>107.0</ele>
      </trkpt>
      <trkpt lat="54.77170997299254" lon="24.971715956926346">
        <ele>106.0</ele>
      </trkpt>
      <trkpt lat="54.771783985197544" lon="24.9712969455868">
        <ele>105.0</ele>
      </trkpt>
      <trkpt lat="54.771807957440615" lon="24.970858991146088">
        <ele>105.0</ele>
      </trkpt>
      <trkpt lat="54.77186294272542" lon="24.970487924292684">
        <ele>104.0</ele>
      </trkpt>
      <trkpt lat="54.77187694050372" lon="24.970268988981843">
        <ele>104.0</ele>
      </trkpt>
      <trkpt lat="54.77192496880889" lon="24.97011099010706">
        <ele>104.0</ele>
      </trkpt>
      <trkpt lat="54.77216796018183" lon="24.969629952684045">
        <ele>103.0</ele>
      </trkpt>
      <trkpt lat="54.77231992408633" lon="24.969154950231314">
        <ele>102.0</ele>
      </trkpt>
      <trkpt lat="54.772391924634576" lon="24.96867299079895">
        <ele>102.0</ele>
      </trkpt>
      <trkpt lat="54.772387985140085" lon="24.96839395724237">
        <ele>101.0</ele>
      </trkpt>
      <trkpt lat="54.77243794128299" lon="24.967757938429713">
        <ele>101.0</ele>
      </trkpt>
      <trkpt lat="54.77240097709" lon="24.96699694544077">
        <ele>100.0</ele>
      </trkpt>
      <trkpt lat="54.77242796681821" lon="24.966450948268175">
        <ele>99.0</ele>
      </trkpt>
      <trkpt lat="54.77248798124492" lon="24.96592892333865">
        <ele>98.0</ele>
      </trkpt>
      <trkpt lat="54.772580936551094" lon="24.965543942525983">
        <ele>98.0</ele>
      </trkpt>
      <trkpt lat="54.77262292988598" lon="24.96514697559178">
        <ele>97.0</ele>
      </trkpt>
      <trkpt lat="54.77270599454641" lon="24.964779932051897">
        <ele>96.0</ele>
      </trkpt>
      <trkpt lat="54.772730972617865" lon="24.964580945670605">
        <ele>95.0</ele>
      </trkpt>
      <trkpt lat="54.772712951526046" lon="24.964492935687304">
        <ele>95.0</ele>
      </trkpt>
      <trkpt lat="54.772386979311705" lon="24.96371098794043">
        <ele>94.0</ele>
      </trkpt>
      <trkpt lat="54.77224599570036" lon="24.963315948843956">
        <ele>93.0</ele>
      </trkpt>
      <trkpt lat="54.77201892994344" lon="24.962823931127787">
        <ele>93.0</ele>
      </trkpt>
      <trkpt lat="54.77187895216048" lon="24.962451942265034">
        <ele>92.0</ele>
      </trkpt>
      <trkpt lat="54.77119892835617" lon="24.960948983207345">
        <ele>91.0</ele>
      </trkpt>
      <trkpt lat="54.77109096944332" lon="24.960622927173972">
        <ele>91.0</ele>
      </trkpt>
      <trkpt lat="54.771055933088064" lon="24.96044992469251">
        <ele>90.0</ele>
      </trkpt>
      <trkpt lat="54.771014945581555" lon="24.95996997691691">
        <ele>89.0</ele>
      </trkpt>
      <trkpt lat="54.770992984995246" lon="24.95989093557">
        <ele>88.0</ele>
      </trkpt>
      <trkpt lat="54.77094395086169" lon="24.959874926134944">
        <ele>88.0</ele>
      </trkpt>
      <trkpt lat="54.770773965865374" lon="24.959874926134944">
        <ele>87.0</ele>
      </trkpt>
      <trkpt lat="54.770603980869055" lon="24.959830921143293">
        <ele>87.0</ele>
      </trkpt>
      <trkpt lat="54.770472971722484" lon="24.959832932800055">
        <ele>86.0</ele>
      </trkpt>
      <trkpt lat="54.770409939810634" lon="24.959855983033776">
        <ele>86.0</ele>
      </trkpt>
      <trkpt lat="54.77037196978927" lon="24.959919936954975">
        <ele>85.0</ele>
      </trkpt>
      <trkpt lat="54.77033894509077" lon="24.96005999855697">
        <ele>85.0</ele>
      </trkpt>
      <trkpt lat="54.77023593150079" lon="24.96081294491887">
        <ele>85.0</ele>
      </trkpt>
      <trkpt lat="54.770173989236355" lon="24.961053924635053">
        <ele>85.0</ele>
      </trkpt>
      <trkpt lat="54.76982194930315" lon="24.961694972589612">
        <ele>84.0</ele>
      </trkpt>
      <trkpt lat="54.76964592933655" lon="24.96210392564535">
        <ele>84.0</ele>
      </trkpt>
      <trkpt lat="54.769569989293814" lon="24.9623569753021">
        <ele>84.0</ele>
      </trkpt>
      <trkpt lat="54.76947393268347" lon="24.96284899301827">
        <ele>84.0</ele>
      </trkpt>
      <trkpt lat="54.76934099569917" lon="24.963396918028593">
        <ele>83.0</ele>
      </trkpt>
      <trkpt lat="54.76926597766578" lon="24.96360596269369">
        <ele>83.0</ele>
      </trkpt>
      <trkpt lat="54.769036984071136" lon="24.964103931561112">
        <ele>83.0</ele>
      </trkpt>
      <trkpt lat="54.76887295022607" lon="24.964647917076945">
        <ele>83.0</ele>
      </trkpt>
      <trkpt lat="54.76876691915095" lon="24.965245965868235">
        <ele>82.0</ele>
      </trkpt>
      <trkpt lat="54.76856893859804" lon="24.966023974120617">
        <ele>82.0</ele>
      </trkpt>
      <trkpt lat="54.76843994110823" lon="24.96695495210588">
        <ele>82.0</ele>
      </trkpt>
      <trkpt lat="54.768404988572" lon="24.967111945152283">
        <ele>82.0</ele>
      </trkpt>
      <trkpt lat="54.76837799884379" lon="24.967157961800694">
        <ele>82.0</ele>
      </trkpt>
      <trkpt lat="54.768303986638784" lon="24.967217976227403">
        <ele>81.0</ele>
      </trkpt>
      <trkpt lat="54.76806191727519" lon="24.967199955135584">
        <ele>81.0</ele>
      </trkpt>
      <trkpt lat="54.768006931990385" lon="24.967177994549274">
        <ele>81.0</ele>
      </trkpt>
      <trkpt lat="54.767959993332624" lon="24.967132983729243">
        <ele>81.0</ele>
      </trkpt>
      <trkpt lat="54.767915988340974" lon="24.967121919617057">
        <ele>81.0</ele>
      </trkpt>
      <trkpt lat="54.76788899861276" lon="24.967138934880495">
        <ele>81.0</ele>
      </trkpt>
      <trkpt lat="54.76778397336602" lon="24.967346973717213">
        <ele>81.0</ele>
      </trkpt>
      <trkpt lat="54.76767098531127" lon="24.967627935111523">
        <ele>81.0</ele>
      </trkpt>
      <trkpt lat="54.76762999780476" lon="24.967682920396328">
        <ele>81.0</ele>
      </trkpt>
      <trkpt lat="54.767492953687906" lon="24.967786939814687">
        <ele>81.0</ele>
      </trkpt>
      <trkpt lat="54.767383988946676" lon="24.9679019395262">
        <ele>81.0</ele>
      </trkpt>
      <trkpt lat="54.767337972298265" lon="24.96798793785274">
        <ele>81.0</ele>
      </trkpt>
      <trkpt lat="54.76715097203851" lon="24.968169992789626">
        <ele>81.0</ele>
      </trkpt>
      <trkpt lat="54.76705692708492" lon="24.968233946710825">
        <ele>81.0</ele>
      </trkpt>
      <trkpt lat="54.766997918486595" lon="24.96832991950214">
        <ele>82.0</ele>
      </trkpt>
      <trkpt lat="54.76689197123051" lon="24.96841398999095">
        <ele>82.0</ele>
      </trkpt>
      <trkpt lat="54.76680899038911" lon="24.968431927263737">
        <ele>82.0</ele>
      </trkpt>
      <trkpt lat="54.76664395071566" lon="24.96852496638894">
        <ele>83.0</ele>
      </trkpt>
      <trkpt lat="54.76649198681116" lon="24.968667961657047">
        <ele>83.0</ele>
      </trkpt>
      <trkpt lat="54.76633599959314" lon="24.968879939988256">
        <ele>84.0</ele>
      </trkpt>
      <trkpt lat="54.76627196185291" lon="24.969055959954858">
        <ele>84.0</ele>
      </trkpt>
      <trkpt lat="54.766267938539386" lon="24.969111951068044">
        <ele>85.0</ele>
      </trkpt>
      <trkpt lat="54.76627799682319" lon="24.96914396993816">
        <ele>86.0</ele>
      </trkpt>
      <trkpt lat="54.76634396240115" lon="24.969179928302765">
        <ele>86.0</ele>
      </trkpt>
      <trkpt lat="54.766353936865926" lon="24.969237931072712">
        <ele>87.0</ele>
      </trkpt>
      <trkpt lat="54.76637799292803" lon="24.969241954386234">
        <ele>88.0</ele>
      </trkpt>
      <trkpt lat="54.766371957957745" lon="24.96927397325635">
        <ele>88.0</ele>
      </trkpt>
      <trkpt lat="54.76642996072769" lon="24.969349997118115">
        <ele>89.0</ele>
      </trkpt>
      <trkpt lat="54.76642996072769" lon="24.969417974352837">
        <ele>90.0</ele>
      </trkpt>
      <trkpt lat="54.76644798181951" lon="24.969432977959514">
        <ele>90.0</ele>
      </trkpt>
      <trkpt lat="54.76650992408395" lon="24.969602962955832">
        <ele>91.0</ele>
      </trkpt>
      <trkpt lat="54.76649299263954" lon="24.969717962667346">
        <ele>92.0</ele>
      </trkpt>
      <trkpt lat="54.766439935192466" lon="24.96976498514414">
        <ele>93.0</ele>
      </trkpt>
      <trkpt lat="54.766331976279616" lon="24.969929940998554">
        <ele>93.0</ele>
      </trkpt>
      <trkpt lat="54.76621798239648" lon="24.97004695236683">
        <ele>93.0</ele>
      </trkpt>
      <trkpt lat="54.76606593467295" lon="24.970256919041276">
        <ele>94.0</ele>
      </trkpt>
      <trkpt lat="54.76591095328331" lon="24.97036999091506">
        <ele>94.0</ele>
      </trkpt>
      <trkpt lat="54.765768963843584" lon="24.970526983961463">
        <ele>95.0</ele>
      </trkpt>
      <trkpt lat="54.765629991889" lon="24.970769975334406">
        <ele>95.0</ele>
      </trkpt>
      <trkpt lat="54.76554793305695" lon="24.970854967832565">
        <ele>95.0</ele>
      </trkpt>
      <trkpt lat="54.76534592919052" lon="24.97114992700517">
        <ele>96.0</ele>
      </trkpt>
      <trkpt lat="54.765321956947446" lon="24.971176916733384">
        <ele>96.0</ele>
      </trkpt>
      <trkpt lat="54.76512799970806" lon="24.971282947808504">
        <ele>96.0</ele>
      </trkpt>
      <trkpt lat="54.76499196141958" lon="24.97142493724823">
        <ele>96.0</ele>
      </trkpt>
      <trkpt lat="54.76492499001324" lon="24.971603974699974">
        <ele>96.0</ele>
      </trkpt>
      <trkpt lat="54.76482097059488" lon="24.971717968583107">
        <ele>96.0</ele>
      </trkpt>
      <trkpt lat="54.76472793146968" lon="24.971865992993116">
        <ele>97.0</ele>
      </trkpt>
      <trkpt lat="54.76467998698354" lon="24.972190959379077">
        <ele>97.0</ele>
      </trkpt>
      <trkpt lat="54.764563981443644" lon="24.97223798185587">
        <ele>97.0</ele>
      </trkpt>
      <trkpt lat="54.76445593871176" lon="24.972321968525648">
        <ele>97.0</ele>
      </trkpt>
      <trkpt lat="54.764203978702426" lon="24.972599996253848">
        <ele>98.0</ele>
      </trkpt>
      <trkpt lat="54.76365898735821" lon="24.973395941779017">
        <ele>98.0</ele>
      </trkpt>
      <trkpt lat="54.76348891854286" lon="24.973693918436766">
        <ele>98.0</ele>
      </trkpt>
      <trkpt lat="54.76325296796858" lon="24.97398292645812">
        <ele>98.0</ele>
      </trkpt>
      <trkpt lat="54.763106955215335" lon="24.974207980558276">
        <ele>99.0</ele>
      </trkpt>
      <trkpt lat="54.76296094246209" lon="24.974373942241073">
        <ele>99.0</ele>
      </trkpt>
      <trkpt lat="54.76269397884607" lon="24.97458592057228">
        <ele>99.0</ele>
      </trkpt>
      <trkpt lat="54.76260697469115" lon="24.974696980789304">
        <ele>100.0</ele>
      </trkpt>
      <trkpt lat="54.76236691698432" lon="24.97490694746375">
        <ele>100.0</ele>
      </trkpt>
      <trkpt lat="54.762294916436076" lon="24.97501691803336">
        <ele>100.0</ele>
      </trkpt>
      <trkpt lat="54.76226096972823" lon="24.97514298185706">
        <ele>101.0</ele>
      </trkpt>
      <trkpt lat="54.76226096972823" lon="24.97556895017624">
        <ele>101.0</ele>
      </trkpt>
      <trkpt lat="54.76227999664843" lon="24.975799955427647">
        <ele>102.0</ele>
      </trkpt>
      <trkpt lat="54.7623229958117" lon="24.976016962900758">
        <ele>102.0</ele>
      </trkpt>
      <trkpt lat="54.76232492364943" lon="24.976185942068696">
        <ele>103.0</ele>
      </trkpt>
      <trkpt lat="54.76229399442673" lon="24.976525995880365">
        <ele>103.0</ele>
      </trkpt>
      <trkpt lat="54.76218896917999" lon="24.97696696780622">
        <ele>104.0</ele>
      </trkpt>
      <trkpt lat="54.76217396557331" lon="24.977110968902707">
        <ele>104.0</ele>
      </trkpt>
      <trkpt lat="54.76218796335161" lon="24.977324958890676">
        <ele>105.0</ele>
      </trkpt>
      <trkpt lat="54.76223993115127" lon="24.977577924728394">
        <ele>106.0</ele>
      </trkpt>
      <trkpt lat="54.76225795224309" lon="24.97829893603921">
        <ele>106.0</ele>
      </trkpt>
      <trkpt lat="54.762247977778316" lon="24.978673942387104">
        <ele>107.0</ele>
      </trkpt>
      <trkpt lat="54.76227396167815" lon="24.97885691933334">
        <ele>108.0</ele>
      </trkpt>
      <trkpt lat="54.76226692087948" lon="24.97896797955036">
        <ele>109.0</ele>
      </trkpt>
      <trkpt lat="54.76219492033124" lon="24.979273919016123">
        <ele>109.0</ele>
      </trkpt>
      <trkpt lat="54.762097941711545" lon="24.980047987774014">
        <ele>110.0</ele>
      </trkpt>
      <trkpt lat="54.76202292367816" lon="24.980160975828767">
        <ele>111.0</ele>
      </trkpt>
      <trkpt lat="54.76187992841005" lon="24.980263989418745">
        <ele>112.0</ele>
      </trkpt>
      <trkpt lat="54.761771969497204" lon="24.980400949716568">
        <ele>112.0</ele>
      </trkpt>
      <trkpt lat="54.76147994399071" lon="24.98100394383073">
        <ele>113.0</ele>
      </trkpt>
      <trkpt lat="54.761453960090876" lon="24.981164960190654">
        <ele>113.0</ele>
      </trkpt>
      <trkpt lat="54.76141892373562" lon="24.98124391771853">
        <ele>114.0</ele>
      </trkpt>
      <trkpt lat="54.76122396066785" lon="24.981362940743566">
        <ele>114.0</ele>
      </trkpt>
      <trkpt lat="54.76110099814832" lon="24.98141792602837">
        <ele>114.0</ele>
      </trkpt>
      <trkpt lat="54.760848954319954" lon="24.981448939070106">
        <ele>115.0</ele>
      </trkpt>
      <trkpt lat="54.760660948231816" lon="24.981377944350243">
        <ele>115.0</ele>
      </trkpt>
      <trkpt lat="54.760531950742006" lon="24.981378950178623">
        <ele>115.0</ele>
      </trkpt>
      <trkpt lat="54.760246966034174" lon="24.981452962383628">
        <ele>115.0</ele>
      </trkpt>
      <trkpt lat="54.76005393080413" lon="24.981447933241725">
        <ele>115.0</ele>
      </trkpt>
      <trkpt lat="54.75970298051834" lon="24.98155999928713">
        <ele>114.0</ele>
      </trkpt>
      <trkpt lat="54.75946292281151" lon="24.981661923229694">
        <ele>114.0</ele>
      </trkpt>
      <trkpt lat="54.75922797806561" lon="24.98195294290781">
        <ele>113.0</ele>
      </trkpt>
      <trkpt lat="54.75914591923356" lon="24.982031984254718">
        <ele>113.0</ele>
      </trkpt>
      <trkpt lat="54.75901993922889" lon="24.982071965932846">
        <ele>113.0</ele>
      </trkpt>
      <trkpt lat="54.75891591981053" lon="24.98207699507475">
        <ele>112.0</ele>
      </trkpt>
      <trkpt lat="54.75879195146263" lon="24.981967946514487">
        <ele>111.0</ele>
      </trkpt>
      <trkpt lat="54.75865297950804" lon="24.981806930154562">
        <ele>110.0</ele>
      </trkpt>
      <trkpt lat="54.75860897451639" lon="24.981732917949557">
        <ele>110.0</ele>
      </trkpt>
      <trkpt lat="54.75850093178451" lon="24.98145597986877">
        <ele>109.0</ele>
      </trkpt>
      <trkpt lat="54.75824293680489" lon="24.980951976031065">
        <ele>108.0</ele>
      </trkpt>
      <trkpt lat="54.75811494514346" lon="24.980605971068144">
        <ele>107.0</ele>
      </trkpt>
      <trkpt lat="54.75791394710541" lon="24.980281926691532">
        <ele>106.0</ele>
      </trkpt>
      <trkpt lat="54.75766793824732" lon="24.979691924527287">
        <ele>104.0</ele>
      </trkpt>
      <trkpt lat="54.757565930485725" lon="24.97935195453465">
        <ele>103.0</ele>
      </trkpt>
      <trkpt lat="54.75752494297922" lon="24.979276936501265">
        <ele>102.0</ele>
      </trkpt>
      <trkpt lat="54.75750398822129" lon="24.97926495037973">
        <ele>101.0</ele>
      </trkpt>
      <trkpt lat="54.75733995437622" lon="24.979324964806437">
        <ele>100.0</ele>
      </trkpt>
      <trkpt lat="54.7572479210794" lon="24.979378944262862">
        <ele>98.0</ele>
      </trkpt>
      <trkpt lat="54.75705195218325" lon="24.979411968961358">
        <ele>97.0</ele>
      </trkpt>
      <trkpt lat="54.75697198882699" lon="24.979404928162694">
        <ele>96.0</ele>
      </trkpt>
      <trkpt lat="54.756682980805635" lon="24.97931096702814">
        <ele>95.0</ele>
      </trkpt>
      <trkpt lat="54.75656596943736" lon="24.979314990341663">
        <ele>93.0</ele>
      </trkpt>
      <trkpt lat="54.75640797056258" lon="24.979280959814787">
        <ele>92.0</ele>
      </trkpt>
      <trkpt lat="54.75619398057461" lon="24.979347931221128">
        <ele>90.0</ele>
      </trkpt>
      <trkpt lat="54.756080992519855" lon="24.979409957304597">
        <ele>89.0</ele>
      </trkpt>
      <trkpt lat="54.75595995783806" lon="24.979434935376048">
        <ele>88.0</ele>
      </trkpt>
      <trkpt lat="54.755906984210014" lon="24.979494949802756">
        <ele>87.0</ele>
      </trkpt>
      <trkpt lat="54.75579097867012" lon="24.979690918698907">
        <ele>86.0</ele>
      </trkpt>
      <trkpt lat="54.75567899644375" lon="24.97980399057269">
        <ele>85.0</ele>
      </trkpt>
      <trkpt lat="54.75542393513024" lon="24.98027798719704">
        <ele>83.0</ele>
      </trkpt>
      <trkpt lat="54.755390994250774" lon="24.9803629796952">
        <ele>83.0</ele>
      </trkpt>
      <trkpt lat="54.755304995924234" lon="24.9807929713279">
        <ele>82.0</ele>
      </trkpt>
      <trkpt lat="54.755284963175654" lon="24.980826918035746">
        <ele>81.0</ele>
      </trkpt>
      <trkpt lat="54.755008947104216" lon="24.981037974357605">
        <ele>80.0</ele>
      </trkpt>
      <trkpt lat="54.75493694655597" lon="24.981186920776963">
        <ele>79.0</ele>
      </trkpt>
      <trkpt lat="54.75474491715431" lon="24.981377944350243">
        <ele>79.0</ele>
      </trkpt>
      <trkpt lat="54.754682974889874" lon="24.981510965153575">
        <ele>78.0</ele>
      </trkpt>
      <trkpt lat="54.75454199127853" lon="24.982138937339187">
        <ele>78.0</ele>
      </trkpt>
      <trkpt lat="54.75454995408654" lon="24.982396932318807">
        <ele>78.0</ele>
      </trkpt>
      <trkpt lat="54.75453796796501" lon="24.98254898004234">
        <ele>78.0</ele>
      </trkpt>
      <trkpt lat="54.7545519657433" lon="24.98272097669542">
        <ele>78.0</ele>
      </trkpt>
      <trkpt lat="54.75453092716634" lon="24.982861960306764">
        <ele>78.0</ele>
      </trkpt>
      <trkpt lat="54.754554983228445" lon="24.983012918382883">
        <ele>78.0</ele>
      </trkpt>
      <trkpt lat="54.754552971571684" lon="24.983214922249317">
        <ele>78.0</ele>
      </trkpt>
      <trkpt lat="54.75454199127853" lon="24.98345598578453">
        <ele>79.0</ele>
      </trkpt>
      <trkpt lat="54.75450393743813" lon="24.983676932752132">
        <ele>79.0</ele>
      </trkpt>
      <trkpt lat="54.75452698767185" lon="24.983806936070323">
        <ele>80.0</ele>
      </trkpt>
      <trkpt lat="54.754516929388046" lon="24.9839929305017">
        <ele>80.0</ele>
      </trkpt>
      <trkpt lat="54.75452992133796" lon="24.98408194631338">
        <ele>81.0</ele>
      </trkpt>
      <trkpt lat="54.75449899211526" lon="24.984216978773475">
        <ele>82.0</ele>
      </trkpt>
      <trkpt lat="54.75439296104014" lon="24.984368942677975">
        <ele>82.0</ele>
      </trkpt>
      <trkpt lat="54.75435499101877" lon="24.98446399345994">
        <ele>83.0</ele>
      </trkpt>
      <trkpt lat="54.75433294661343" lon="24.984619980677962">
        <ele>84.0</ele>
      </trkpt>
      <trkpt lat="54.75433495827019" lon="24.984843945130706">
        <ele>85.0</ele>
      </trkpt>
      <trkpt lat="54.7541999258101" lon="24.985124990344048">
        <ele>86.0</ele>
      </trkpt>
      <trkpt lat="54.75417695939541" lon="24.985479963943362">
        <ele>88.0</ele>
      </trkpt>
      <trkpt lat="54.754105964675546" lon="24.985653972253203">
        <ele>89.0</ele>
      </trkpt>
      <trkpt lat="54.75408894941211" lon="24.985768971964717">
        <ele>91.0</ele>
      </trkpt>
      <trkpt lat="54.754104958847165" lon="24.98583996668458">
        <ele>92.0</ele>
      </trkpt>
      <trkpt lat="54.754254994913936" lon="24.986088993027806">
        <ele>95.0</ele>
      </trkpt>
      <trkpt lat="54.75428299047053" lon="24.986231988295913">
        <ele>97.0</ele>
      </trkpt>
      <trkpt lat="54.7543709166348" lon="24.986391998827457">
        <ele>99.0</ele>
      </trkpt>
      <trkpt lat="54.75436597131193" lon="24.98646793887019">
        <ele>101.0</ele>
      </trkpt>
      <trkpt lat="54.75440192967653" lon="24.9865089263767">
        <ele>103.0</ele>
      </trkpt>
      <trkpt lat="54.754449957981706" lon="24.986645970493555">
        <ele>105.0</ele>
      </trkpt>
      <trkpt lat="54.754468984901905" lon="24.986664997413754">
        <ele>107.0</ele>
      </trkpt>
      <trkpt lat="54.75452899932861" lon="24.986661979928613">
        <ele>109.0</ele>
      </trkpt>
      <trkpt lat="54.754553977400064" lon="24.9866799172014">
        <ele>111.0</ele>
      </trkpt>
      <trkpt lat="54.75458993576467" lon="24.986776979640126">
        <ele>112.0</ele>
      </trkpt>
      <trkpt lat="54.75467492826283" lon="24.98689692467451">
        <ele>114.0</ele>
      </trkpt>
      <trkpt lat="54.75475497543812" lon="24.986945958808064">
        <ele>116.0</ele>
      </trkpt>
      <trkpt lat="54.75489193573594" lon="24.987071938812733">
        <ele>117.0</ele>
      </trkpt>
      <trkpt lat="54.754982963204384" lon="24.987270925194025">
        <ele>119.0</ele>
      </trkpt>
      <trkpt lat="54.755051946267486" lon="24.98738299123943">
        <ele>120.0</ele>
      </trkpt>
      <trkpt lat="54.75508497096598" lon="24.98751299455762">
        <ele>121.0</ele>
      </trkpt>
      <trkpt lat="54.755052952095866" lon="24.98760393820703">
        <ele>121.0</ele>
      </trkpt>
      <trkpt lat="54.75496795959771" lon="24.98762497678399">
        <ele>122.0</ele>
      </trkpt>
      <trkpt lat="54.754900988191366" lon="24.98773293569684">
        <ele>122.0</ele>
      </trkpt>
      <trkpt lat="54.75479797460139" lon="24.987994953989983">
        <ele>122.0</ele>
      </trkpt>
      <trkpt lat="54.75475992076099" lon="24.988049939274788">
        <ele>122.0</ele>
      </trkpt>
      <trkpt lat="54.7546679712832" lon="24.988125963136554">
        <ele>121.0</ele>
      </trkpt>
      <trkpt lat="54.75460594519973" lon="24.988261917605996">
        <ele>120.0</ele>
      </trkpt>
      <trkpt lat="54.75452698767185" lon="24.988323943689466">
        <ele>119.0</ele>
      </trkpt>
      <trkpt lat="54.754467979073524" lon="24.988321932032704">
        <ele>118.0</ele>
      </trkpt>
      <trkpt lat="54.7543709166348" lon="24.988360991701484">
        <ele>117.0</ele>
      </trkpt>
      <trkpt lat="54.75425097160041" lon="24.988608928397298">
        <ele>115.0</ele>
      </trkpt>
      <trkpt lat="54.75422792136669" lon="24.988708924502134">
        <ele>113.0</ele>
      </trkpt>
      <trkpt lat="54.75422599352896" lon="24.98891394585371">
        <ele>112.0</ele>
      </trkpt>
      <trkpt lat="54.75412096828222" lon="24.989078985527158">
        <ele>110.0</ele>
      </trkpt>
      <trkpt lat="54.75407595746219" lon="24.98908393085003">
        <ele>107.0</ele>
      </trkpt>
      <trkpt lat="54.75405399687588" lon="24.98906498774886">
        <ele>105.0</ele>
      </trkpt>
      <trkpt lat="54.753957940265536" lon="24.988925931975245">
        <ele>103.0</ele>
      </trkpt>
      <trkpt lat="54.75390194915235" lon="24.988770950585604">
        <ele>100.0</ele>
      </trkpt>
      <trkpt lat="54.75372794084251" lon="24.988494934514165">
        <ele>98.0</ele>
      </trkpt>
      <trkpt lat="54.75364797748625" lon="24.988425951451063">
        <ele>95.0</ele>
      </trkpt>
      <trkpt lat="54.753586957231164" lon="24.98839493840933">
        <ele>93.0</ele>
      </trkpt>
      <trkpt lat="54.75349995307624" lon="24.988380940631032">
        <ele>91.0</ele>
      </trkpt>
      <trkpt lat="54.753434993326664" lon="24.98841899447143">
        <ele>90.0</ele>
      </trkpt>
      <trkpt lat="54.75336994975805" lon="24.988560983911157">
        <ele>88.0</ele>
      </trkpt>
      <trkpt lat="54.753351928666234" lon="24.988661985844374">
        <ele>87.0</ele>
      </trkpt>
      <trkpt lat="54.75330792367458" lon="24.988780925050378">
        <ele>86.0</ele>
      </trkpt>
      <trkpt lat="54.75328395143151" lon="24.989025928080082">
        <ele>86.0</ele>
      </trkpt>
      <trkpt lat="54.75324095226824" lon="24.98914998024702">
        <ele>85.0</ele>
      </trkpt>
      <trkpt lat="54.75318596698344" lon="24.98940395191312">
        <ele>85.0</ele>
      </trkpt>
      <trkpt lat="54.753096951171756" lon="24.98962196521461">
        <ele>85.0</ele>
      </trkpt>
      <trkpt lat="54.753071973100305" lon="24.98981198295951">
        <ele>86.0</ele>
      </trkpt>
      <trkpt lat="54.75310298614204" lon="24.990102918818593">
        <ele>87.0</ele>
      </trkpt>
      <trkpt lat="54.75308395922184" lon="24.990175925195217">
        <ele>88.0</ele>
      </trkpt>
      <trkpt lat="54.75312997587025" lon="24.990183971822262">
        <ele>89.0</ele>
      </trkpt>
      <trkpt lat="54.75314598530531" lon="24.990168968215585">
        <ele>90.0</ele>
      </trkpt>
      <trkpt lat="54.7531359270215" lon="24.990385975688696">
        <ele>92.0</ele>
      </trkpt>
      <trkpt lat="54.7531499247998" lon="24.99041992239654">
        <ele>93.0</ele>
      </trkpt>
      <trkpt lat="54.75325092673302" lon="24.99046099372208">
        <ele>95.0</ele>
      </trkpt>
      <trkpt lat="54.75329694338143" lon="24.990595942363143">
        <ele>97.0</ele>
      </trkpt>
      <trkpt lat="54.753310941159725" lon="24.99093096703291">
        <ele>99.0</ele>
      </trkpt>
      <trkpt lat="54.753331979736686" lon="24.991009924560785">
        <ele>101.0</ele>
      </trkpt>
      <trkpt lat="54.75332393310964" lon="24.9910799972713">
        <ele>103.0</ele>
      </trkpt>
      <trkpt lat="54.75327397696674" lon="24.991180999204516">
        <ele>105.0</ele>
      </trkpt>
      <trkpt lat="54.753329968079925" lon="24.9914029520005">
        <ele>107.0</ele>
      </trkpt>
      <trkpt lat="54.753438932821155" lon="24.9919899366796">
        <ele>110.0</ele>
      </trkpt>
      <trkpt lat="54.75371394306421" lon="24.992827959358692">
        <ele>112.0</ele>
      </trkpt>
      <trkpt lat="54.75376691669226" lon="24.993049995973706">
        <ele>114.0</ele>
      </trkpt>
      <trkpt lat="54.7537939902395" lon="24.99329994432628">
        <ele>116.0</ele>
      </trkpt>
      <trkpt lat="54.75385392084718" lon="24.99355592764914">
        <ele>118.0</ele>
      </trkpt>
      <trkpt lat="54.753914941102266" lon="24.993713926523924">
        <ele>119.0</ele>
      </trkpt>
      <trkpt lat="54.75398199632764" lon="24.99397996813059">
        <ele>121.0</ele>
      </trkpt>
      <trkpt lat="54.75410797633231" lon="24.99436897225678">
        <ele>123.0</ele>
      </trkpt>
      <trkpt lat="54.75415198132396" lon="24.994745990261436">
        <ele>125.0</ele>
      </trkpt>
      <trkpt lat="54.75417897105217" lon="24.995305985212326">
        <ele>127.0</ele>
      </trkpt>
      <trkpt lat="54.754295982420444" lon="24.995804959908128">
        <ele>128.0</ele>
      </trkpt>
      <trkpt lat="54.754448952153325" lon="24.996269987896085">
        <ele>130.0</ele>
      </trkpt>
      <trkpt lat="54.7546159196645" lon="24.996701991185546">
        <ele>131.0</ele>
      </trkpt>
      <trkpt lat="54.75480291992426" lon="24.997297944501042">
        <ele>133.0</ele>
      </trkpt>
      <trkpt lat="54.75484097376466" lon="24.99746399000287">
        <ele>134.0</ele>
      </trkpt>
      <trkpt lat="54.75489193573594" lon="24.997853999957442">
        <ele>135.0</ele>
      </trkpt>
      <trkpt lat="54.755006935447454" lon="24.99821995384991">
        <ele>136.0</ele>
      </trkpt>
      <trkpt lat="54.75517096929252" lon="24.998870976269245">
        <ele>138.0</ele>
      </trkpt>
      <trkpt lat="54.7553379368037" lon="24.999316977337003">
        <ele>139.0</ele>
      </trkpt>
      <trkpt lat="54.7554209176451" lon="24.99967698007822">
        <ele>140.0</ele>
      </trkpt>
      <trkpt lat="54.755566930398345" lon="25.000112922862172">
        <ele>141.0</ele>
      </trkpt>
      <trkpt lat="54.755759965628386" lon="25.000458927825093">
        <ele>142.0</ele>
      </trkpt>
      <trkpt lat="54.75581897422671" lon="25.000614998862147">
        <ele>143.0</ele>
      </trkpt>
      <trkpt lat="54.755993988364935" lon="25.00122595578432">
        <ele>144.0</ele>
      </trkpt>
      <trkpt lat="54.75605693645775" lon="25.00156299211085">
        <ele>144.0</ele>
      </trkpt>
      <trkpt lat="54.75612994283438" lon="25.001807995140553">
        <ele>145.0</ele>
      </trkpt>
      <trkpt lat="54.756427919492126" lon="25.00255197286606">
        <ele>146.0</ele>
      </trkpt>
      <trkpt lat="54.756532944738865" lon="25.00285598449409">
        <ele>147.0</ele>
      </trkpt>
      <trkpt lat="54.75665397942066" lon="25.003080954775214">
        <ele>147.0</ele>
      </trkpt>
      <trkpt lat="54.756748946383595" lon="25.00358495861292">
        <ele>148.0</ele>
      </trkpt>
      <trkpt lat="54.75682195276022" lon="25.003817975521088">
        <ele>149.0</ele>
      </trkpt>
      <trkpt lat="54.75688498467207" lon="25.004114946350455">
        <ele>149.0</ele>
      </trkpt>
      <trkpt lat="54.75694499909878" lon="25.004270933568478">
        <ele>150.0</ele>
      </trkpt>
      <trkpt lat="54.75699093192816" lon="25.004262970760465">
        <ele>150.0</ele>
      </trkpt>
      <trkpt lat="54.7570129763335" lon="25.004239920526743">
        <ele>151.0</ele>
      </trkpt>
      <trkpt lat="54.75720492191613" lon="25.003982931375504">
        <ele>151.0</ele>
      </trkpt>
      <trkpt lat="54.75729896686971" lon="25.003902968019247">
        <ele>152.0</ele>
      </trkpt>
      <trkpt lat="54.75742494687438" lon="25.00382493250072">
        <ele>152.0</ele>
      </trkpt>
      <trkpt lat="54.757519997656345" lon="25.003723930567503">
        <ele>152.0</ele>
      </trkpt>
      <trkpt lat="54.75770993158221" lon="25.003447998315096">
        <ele>153.0</ele>
      </trkpt>
      <trkpt lat="54.757885951548815" lon="25.00313099473715">
        <ele>153.0</ele>
      </trkpt>
      <trkpt lat="54.75793892517686" lon="25.002996968105435">
        <ele>153.0</ele>
      </trkpt>
      <trkpt lat="54.758035987615585" lon="25.00259597785771">
        <ele>153.0</ele>
      </trkpt>
      <trkpt lat="54.75804596208036" lon="25.002463962882757">
        <ele>153.0</ele>
      </trkpt>
      <trkpt lat="54.758032970130444" lon="25.002186940982938">
        <ele>153.0</ele>
      </trkpt>
      <trkpt lat="54.758076975122094" lon="25.001798942685127">
        <ele>152.0</ele>
      </trkpt>
      <trkpt lat="54.75814092904329" lon="25.00161093659699">
        <ele>152.0</ele>
      </trkpt>
      <trkpt lat="54.75827797316015" lon="25.00133592635393">
        <ele>151.0</ele>
      </trkpt>
      <trkpt lat="54.75839397870004" lon="25.001143980771303">
        <ele>151.0</ele>
      </trkpt>
      <trkpt lat="54.758445946499705" lon="25.000994950532913">
        <ele>150.0</ele>
      </trkpt>
      <trkpt lat="54.75847695954144" lon="25.000786995515227">
        <ele>149.0</ele>
      </trkpt>
      <trkpt lat="54.75847293622792" lon="25.00045096501708">
        <ele>148.0</ele>
      </trkpt>
      <trkpt lat="54.75844795815647" lon="25.00030092895031">
        <ele>147.0</ele>
      </trkpt>
      <trkpt lat="54.758294988423586" lon="24.999738922342658">
        <ele>146.0</ele>
      </trkpt>
      <trkpt lat="54.75821292959154" lon="24.999069962650537">
        <ele>145.0</ele>
      </trkpt>
      <trkpt lat="54.7582249995321" lon="24.998392956331372">
        <ele>144.0</ele>
      </trkpt>
      <trkpt lat="54.758271938189864" lon="24.997853999957442">
        <ele>143.0</ele>
      </trkpt>
      <trkpt lat="54.758423985913396" lon="24.997189985588193">
        <ele>142.0</ele>
      </trkpt>
      <trkpt lat="54.758569998666644" lon="24.99670995399356">
        <ele>141.0</ele>
      </trkpt>
      <trkpt lat="54.75873394869268" lon="24.996265964582562">
        <ele>140.0</ele>
      </trkpt>
      <trkpt lat="54.75884693674743" lon="24.99589598737657">
        <ele>139.0</ele>
      </trkpt>
      <trkpt lat="54.759086994454265" lon="24.994939947500825">
        <ele>137.0</ele>
      </trkpt>
      <trkpt lat="54.75914591923356" lon="24.994769962504506">
        <ele>136.0</ele>
      </trkpt>
      <trkpt lat="54.759197970852256" lon="24.9946909211576">
        <ele>136.0</ele>
      </trkpt>
      <trkpt lat="54.75925396196544" lon="24.9946459941566">
        <ele>135.0</ele>
      </trkpt>
      <trkpt lat="54.759386982768774" lon="24.994580950587988">
        <ele>135.0</ele>
      </trkpt>
      <trkpt lat="54.75953299552202" lon="24.994544992223382">
        <ele>134.0</ele>
      </trkpt>
      <trkpt lat="54.75972594693303" lon="24.99445798806846">
        <ele>134.0</ele>
      </trkpt>
      <trkpt lat="54.7600229177624" lon="24.99420292675495">
        <ele>134.0</ele>
      </trkpt>
      <trkpt lat="54.7600609716028" lon="24.99420192092657">
        <ele>134.0</ele>
      </trkpt>
      <trkpt lat="54.76009592413902" lon="24.994230922311544">
        <ele>134.0</ele>
      </trkpt>
      <trkpt lat="54.76014998741448" lon="24.994338965043426">
        <ele>134.0</ele>
      </trkpt>
      <trkpt lat="54.760339921340346" lon="24.994897954165936">
        <ele>134.0</ele>
      </trkpt>
      <trkpt lat="54.76048392243683" lon="24.995172964408994">
        <ele>134.0</ele>
      </trkpt>
      <trkpt lat="54.76077192462981" lon="24.99540195800364">
        <ele>135.0</ele>
      </trkpt>
      <trkpt lat="54.760938975960016" lon="24.995717955753207">
        <ele>135.0</ele>
      </trkpt>
      <trkpt lat="54.761040983721614" lon="24.995854999870062">
        <ele>136.0</ele>
      </trkpt>
      <trkpt lat="54.761213986203074" lon="24.996214918792248">
        <ele>136.0</ele>
      </trkpt>
      <trkpt lat="54.761474998667836" lon="24.996596965938807">
        <ele>137.0</ele>
      </trkpt>
      <trkpt lat="54.761561919003725" lon="24.996805926784873">
        <ele>137.0</ele>
      </trkpt>
      <trkpt lat="54.76172796450555" lon="24.99731495976448">
        <ele>138.0</ele>
      </trkpt>
      <trkpt lat="54.76195595227182" lon="24.99771896749735">
        <ele>139.0</ele>
      </trkpt>
      <trkpt lat="54.762290976941586" lon="24.998435955494642">
        <ele>139.0</ele>
      </trkpt>
      <trkpt lat="54.76241393946111" lon="24.998804926872253">
        <ele>139.0</ele>
      </trkpt>
      <trkpt lat="54.762462973594666" lon="24.998999973759055">
        <ele>140.0</ele>
      </trkpt>
      <trkpt lat="54.762589959427714" lon="24.99928797595203">
        <ele>140.0</ele>
      </trkpt>
      <trkpt lat="54.762677969411016" lon="24.99955292791128">
        <ele>140.0</ele>
      </trkpt>
      <trkpt lat="54.762781988829374" lon="25.00006296671927">
        <ele>141.0</ele>
      </trkpt>
      <trkpt lat="54.762829933315516" lon="25.000228928402066">
        <ele>141.0</ele>
      </trkpt>
      <trkpt lat="54.76298592053354" lon="25.000607958063483">
        <ele>141.0</ele>
      </trkpt>
      <trkpt lat="54.76304995827377" lon="25.00070996582508">
        <ele>142.0</ele>
      </trkpt>
      <trkpt lat="54.763193959370255" lon="25.00086192972958">
        <ele>142.0</ele>
      </trkpt>
      <trkpt lat="54.76326394826174" lon="25.00098397023976">
        <ele>142.0</ele>
      </trkpt>
      <trkpt lat="54.76339495740831" lon="25.001280941069126">
        <ele>142.0</ele>
      </trkpt>
      <trkpt lat="54.76344793103635" lon="25.001452937722206">
        <ele>142.0</ele>
      </trkpt>
      <trkpt lat="54.763535941019654" lon="25.00186993740499">
        <ele>142.0</ele>
      </trkpt>
      <trkpt lat="54.76354692131281" lon="25.002657920122147">
        <ele>142.0</ele>
      </trkpt>
      <trkpt lat="54.76357097737491" lon="25.0029159989208">
        <ele>142.0</ele>
      </trkpt>
      <trkpt lat="54.76362898014486" lon="25.003127977252007">
        <ele>141.0</ele>
      </trkpt>
      <trkpt lat="54.763683965429664" lon="25.00324297696352">
        <ele>141.0</ele>
      </trkpt>
      <trkpt lat="54.76382897235453" lon="25.003447998315096">
        <ele>141.0</ele>
      </trkpt>
      <trkpt lat="54.76399895735085" lon="25.00363298691809">
        <ele>141.0</ele>
      </trkpt>
      <trkpt lat="54.76415494456887" lon="25.003848988562822">
        <ele>140.0</ele>
      </trkpt>
      <trkpt lat="54.76432492956519" lon="25.003968933597207">
        <ele>140.0</ele>
      </trkpt>
      <trkpt lat="54.76446993649006" lon="25.00403699465096">
        <ele>140.0</ele>
      </trkpt>
      <trkpt lat="54.76455199532211" lon="25.00405694358051">
        <ele>140.0</ele>
      </trkpt>
      <trkpt lat="54.764693984761834" lon="25.004049986600876">
        <ele>140.0</ele>
      </trkpt>
      <trkpt lat="54.7647319547832" lon="25.004064990207553">
        <ele>139.0</ele>
      </trkpt>
      <trkpt lat="54.76481191813946" lon="25.004133973270655">
        <ele>139.0</ele>
      </trkpt>
      <trkpt lat="54.76503697223961" lon="25.004271939396858">
        <ele>139.0</ele>
      </trkpt>
      <trkpt lat="54.76521693170071" lon="25.00450797379017">
        <ele>139.0</ele>
      </trkpt>
      <trkpt lat="54.76526596583426" lon="25.004538986831903">
        <ele>139.0</ele>
      </trkpt>
      <trkpt lat="54.76531097665429" lon="25.004502944648266">
        <ele>139.0</ele>
      </trkpt>
      <trkpt lat="54.765343917533755" lon="25.004416946321726">
        <ele>138.0</ele>
      </trkpt>
      <trkpt lat="54.76547794416547" lon="25.00373994000256">
        <ele>138.0</ele>
      </trkpt>
      <trkpt lat="54.76556897163391" lon="25.00339393503964">
        <ele>138.0</ele>
      </trkpt>
      <trkpt lat="54.76557492278516" lon="25.003206934779882">
        <ele>138.0</ele>
      </trkpt>
      <trkpt lat="54.7655229549855" lon="25.00266194343567">
        <ele>138.0</ele>
      </trkpt>
      <trkpt lat="54.76550694555044" lon="25.002288948744535">
        <ele>138.0</ele>
      </trkpt>
      <trkpt lat="54.76548699662089" lon="25.002186940982938">
        <ele>138.0</ele>
      </trkpt>
      <trkpt lat="54.76536797359586" lon="25.00187194906175">
        <ele>139.0</ele>
      </trkpt>
      <trkpt lat="54.7653469350189" lon="25.001668939366937">
        <ele>139.0</ele>
      </trkpt>
      <trkpt lat="54.76527996361256" lon="25.00137498602271">
        <ele>139.0</ele>
      </trkpt>
      <trkpt lat="54.76524895057082" lon="25.000951951369643">
        <ele>139.0</ele>
      </trkpt>
      <trkpt lat="54.76527392864227" lon="25.000809961929917">
        <ele>139.0</ele>
      </trkpt>
      <trkpt lat="54.7653329372406" lon="25.00073192641139">
        <ele>139.0</ele>
      </trkpt>
      <trkpt lat="54.765430921688676" lon="25.000649951398373">
        <ele>139.0</ele>
      </trkpt>
      <trkpt lat="54.76571498438716" lon="25.000270921736956">
        <ele>139.0</ele>
      </trkpt>
      <trkpt lat="54.765795953571796" lon="25.000184923410416">
        <ele>139.0</ele>
      </trkpt>
      <trkpt lat="54.766010949388146" lon="25.000289948657155">
        <ele>139.0</ele>
      </trkpt>
      <trkpt lat="54.766147993505" lon="25.00046798028052">
        <ele>139.0</ele>
      </trkpt>
      <trkpt lat="54.76625494658947" lon="25.0004689861089">
        <ele>140.0</ele>
      </trkpt>
      <trkpt lat="54.76649098098278" lon="25.000572921708226">
        <ele>140.0</ele>
      </trkpt>
      <trkpt lat="54.76653892546892" lon="25.000562947243452">
        <ele>140.0</ele>
      </trkpt>
      <trkpt lat="54.766654931008816" lon="25.000479966402054">
        <ele>140.0</ele>
      </trkpt>
      <trkpt lat="54.76673196069896" lon="25.000396985560656">
        <ele>140.0</ele>
      </trkpt>
      <trkpt lat="54.76680597290397" lon="25.000247955322266">
        <ele>140.0</ele>
      </trkpt>
      <trkpt lat="54.76684997789562" lon="25.000075958669186">
        <ele>140.0</ele>
      </trkpt>
      <trkpt lat="54.76689498871565" lon="25.000014938414097">
        <ele>139.0</ele>
      </trkpt>
      <trkpt lat="54.766949974000454" lon="24.999980991706252">
        <ele>139.0</ele>
      </trkpt>
      <trkpt lat="54.767058938741684" lon="24.99999993480742">
        <ele>139.0</ele>
      </trkpt>
      <trkpt lat="54.767145942896605" lon="24.999983925372362">
        <ele>139.0</ele>
      </trkpt>
      <trkpt lat="54.76742899976671" lon="24.9998299498111">
        <ele>139.0</ele>
      </trkpt>
      <trkpt lat="54.76751692593098" lon="24.999796925112605">
        <ele>138.0</ele>
      </trkpt>
      <trkpt lat="54.76756897754967" lon="24.999758955091238">
        <ele>138.0</ele>
      </trkpt>
      <trkpt lat="54.76771197281778" lon="24.999574972316623">
        <ele>138.0</ele>
      </trkpt>
      <trkpt lat="54.767836946994066" lon="24.999455949291587">
        <ele>137.0</ele>
      </trkpt>
      <trkpt lat="54.767919927835464" lon="24.999341955408454">
        <ele>137.0</ele>
      </trkpt>
      <trkpt lat="54.76808195002377" lon="24.999023946002126">
        <ele>136.0</ele>
      </trkpt>
      <trkpt lat="54.768518982455134" lon="24.998369989916682">
        <ele>136.0</ele>
      </trkpt>
      <trkpt lat="54.76857899688184" lon="24.99800395220518">
        <ele>135.0</ele>
      </trkpt>
      <trkpt lat="54.76853691972792" lon="24.99768191948533">
        <ele>135.0</ele>
      </trkpt>
      <trkpt lat="54.76854798384011" lon="24.997601956129074">
        <ele>134.0</ele>
      </trkpt>
      <trkpt lat="54.76859793998301" lon="24.997521992772818">
        <ele>134.0</ele>
      </trkpt>
      <trkpt lat="54.768780916929245" lon="24.99731194227934">
        <ele>133.0</ele>
      </trkpt>
      <trkpt lat="54.76893296465278" lon="24.99707498587668">
        <ele>133.0</ele>
      </trkpt>
      <trkpt lat="54.76900496520102" lon="24.996915981173515">
        <ele>132.0</ele>
      </trkpt>
      <trkpt lat="54.76909599266946" lon="24.99656192958355">
        <ele>132.0</ele>
      </trkpt>
      <trkpt lat="54.769143937155604" lon="24.99647391960025">
        <ele>131.0</ele>
      </trkpt>
      <trkpt lat="54.76917796768248" lon="24.99634299427271">
        <ele>131.0</ele>
      </trkpt>
      <trkpt lat="54.76930797100067" lon="24.99613093212247">
        <ele>131.0</ele>
      </trkpt>
      <trkpt lat="54.76936496794224" lon="24.996096985414624">
        <ele>130.0</ele>
      </trkpt>
      <trkpt lat="54.76962296292186" lon="24.996007969602942">
        <ele>130.0</ele>
      </trkpt>
      <trkpt lat="54.7697589173913" lon="24.995923982933164">
        <ele>130.0</ele>
      </trkpt>
      <trkpt lat="54.76985899731517" lon="24.99593999236822">
        <ele>129.0</ele>
      </trkpt>
      <trkpt lat="54.769960921257734" lon="24.99602297320962">
        <ele>129.0</ele>
      </trkpt>
      <trkpt lat="54.77003392763436" lon="24.99615792185068">
        <ele>129.0</ele>
      </trkpt>
      <trkpt lat="54.77007692679763" lon="24.996313992887735">
        <ele>129.0</ele>
      </trkpt>
      <trkpt lat="54.7701059281826" lon="24.99652094207704">
        <ele>129.0</ele>
      </trkpt>
      <trkpt lat="54.7701389528811" lon="24.997028969228268">
        <ele>129.0</ele>
      </trkpt>
      <trkpt lat="54.770172983407974" lon="24.997215969488025">
        <ele>129.0</ele>
      </trkpt>
      <trkpt lat="54.77029695175588" lon="24.99753096140921">
        <ele>129.0</ele>
      </trkpt>
      <trkpt lat="54.77044799365103" lon="24.997836984694004">
        <ele>129.0</ele>
      </trkpt>
      <trkpt lat="54.770754938945174" lon="24.99832397326827">
        <ele>129.0</ele>
      </trkpt>
      <trkpt lat="54.770945962518454" lon="24.998553972691298">
        <ele>129.0</ele>
      </trkpt>
      <trkpt lat="54.77149799466133" lon="24.999133916571736">
        <ele>129.0</ele>
      </trkpt>
      <trkpt lat="54.77166999131441" lon="24.99924598261714">
        <ele>129.0</ele>
      </trkpt>
      <trkpt lat="54.7717119846493" lon="24.999234918504953">
        <ele>129.0</ele>
      </trkpt>
      <trkpt lat="54.77174794301391" lon="24.999190997332335">
        <ele>129.0</ele>
      </trkpt>
      <trkpt lat="54.771763952448964" lon="24.99892495572567">
        <ele>129.0</ele>
      </trkpt>
      <trkpt lat="54.77174894884229" lon="24.998696967959404">
        <ele>129.0</ele>
      </trkpt>
      <trkpt lat="54.77175196632743" lon="24.99821693636477">
        <ele>128.0</ele>
      </trkpt>
      <trkpt lat="54.77181298658252" lon="24.997393917292356">
        <ele>129.0</ele>
      </trkpt>
      <trkpt lat="54.77185397408903" lon="24.99709996394813">
        <ele>129.0</ele>
      </trkpt>
      <trkpt lat="54.771893955767155" lon="24.99694598838687">
        <ele>129.0</ele>
      </trkpt>
      <trkpt lat="54.771959921345115" lon="24.996789917349815">
        <ele>128.0</ele>
      </trkpt>
      <trkpt lat="54.772044997662306" lon="24.99664993956685">
        <ele>128.0</ele>
      </trkpt>
      <trkpt lat="54.77225194685161" lon="24.99640996567905">
        <ele>128.0</ele>
      </trkpt>
      <trkpt lat="54.77244095876813" lon="24.996257917955518">
        <ele>128.0</ele>
      </trkpt>
      <trkpt lat="54.772559981793165" lon="24.99619597569108">
        <ele>128.0</ele>
      </trkpt>
      <trkpt lat="54.77261496707797" lon="24.996211985126138">
        <ele>128.0</ele>
      </trkpt>
      <trkpt lat="54.77262997068465" lon="24.99623998068273">
        <ele>128.0</ele>
      </trkpt>
      <trkpt lat="54.772687973454595" lon="24.996244926005602">
        <ele>128.0</ele>
      </trkpt>
      <trkpt lat="54.772710939869285" lon="24.99626294709742">
        <ele>128.0</ele>
      </trkpt>
      <trkpt lat="54.77289198897779" lon="24.996468974277377">
        <ele>128.0</ele>
      </trkpt>
      <trkpt lat="54.77297899313271" lon="24.99653896316886">
        <ele>128.0</ele>
      </trkpt>
      <trkpt lat="54.77303892374039" lon="24.99656494706869">
        <ele>128.0</ele>
      </trkpt>
      <trkpt lat="54.77313397452235" lon="24.996571987867355">
        <ele>128.0</ele>
      </trkpt>
      <trkpt lat="54.7732799872756" lon="24.996620938181877">
        <ele>128.0</ele>
      </trkpt>
      <trkpt lat="54.77337294258177" lon="24.996630996465683">
        <ele>128.0</ele>
      </trkpt>
      <trkpt lat="54.77349397726357" lon="24.99670894816518">
        <ele>128.0</ele>
      </trkpt>
      <trkpt lat="54.77365097030997" lon="24.996849931776524">
        <ele>128.0</ele>
      </trkpt>
      <trkpt lat="54.77390192449093" lon="24.996867952868342">
        <ele>128.0</ele>
      </trkpt>
      <trkpt lat="54.774130918085575" lon="24.996918998658657">
        <ele>128.0</ele>
      </trkpt>
      <trkpt lat="54.77450894191861" lon="24.997129971161485">
        <ele>128.0</ele>
      </trkpt>
      <trkpt lat="54.77484296076" lon="24.99711899086833">
        <ele>128.0</ele>
      </trkpt>
      <trkpt lat="54.77502292022109" lon="24.99707498587668">
        <ele>128.0</ele>
      </trkpt>
      <trkpt lat="54.77512895129621" lon="24.997027963399887">
        <ele>129.0</ele>
      </trkpt>
      <trkpt lat="54.77534897625446" lon="24.997007930651307">
        <ele>129.0</ele>
      </trkpt>
      <trkpt lat="54.775437992066145" lon="24.997023940086365">
        <ele>129.0</ele>
      </trkpt>
      <trkpt lat="54.77549792267382" lon="24.99700994230807">
        <ele>129.0</ele>
      </trkpt>
      <trkpt lat="54.77554092183709" lon="24.9969669431448">
        <ele>129.0</ele>
      </trkpt>
      <trkpt lat="54.77566296234727" lon="24.9967129714787">
        <ele>129.0</ele>
      </trkpt>
      <trkpt lat="54.7757579293102" lon="24.996640970930457">
        <ele>129.0</ele>
      </trkpt>
      <trkpt lat="54.77585298009217" lon="24.99662797898054">
        <ele>129.0</ele>
      </trkpt>
      <trkpt lat="54.775913916528225" lon="24.996639965102077">
        <ele>130.0</ele>
      </trkpt>
      <trkpt lat="54.77620795369148" lon="24.996852949261665">
        <ele>130.0</ele>
      </trkpt>
      <trkpt lat="54.776315996423364" lon="24.99685797840357">
        <ele>130.0</ele>
      </trkpt>
      <trkpt lat="54.77641892619431" lon="24.996913969516754">
        <ele>130.0</ele>
      </trkpt>
      <trkpt lat="54.77650593034923" lon="24.99692796729505">
        <ele>130.0</ele>
      </trkpt>
      <trkpt lat="54.776537949219346" lon="24.9969479162246">
        <ele>131.0</ele>
      </trkpt>
      <trkpt lat="54.776574997231364" lon="24.996978929266334">
        <ele>131.0</ele>
      </trkpt>
      <trkpt lat="54.776749927550554" lon="24.997266931459308">
        <ele>131.0</ele>
      </trkpt>
      <trkpt lat="54.77685294114053" lon="24.997350918129086">
        <ele>131.0</ele>
      </trkpt>
      <trkpt lat="54.7768959403038" lon="24.99735997058451">
        <ele>131.0</ele>
      </trkpt>
      <trkpt lat="54.77692695334554" lon="24.997344966977835">
        <ele>131.0</ele>
      </trkpt>
      <trkpt lat="54.77697992697358" lon="24.997347984462976">
        <ele>131.0</ele>
      </trkpt>
      <trkpt lat="54.777113953605294" lon="24.99722694978118">
        <ele>131.0</ele>
      </trkpt>
      <trkpt lat="54.77768895216286" lon="24.997003991156816">
        <ele>132.0</ele>
      </trkpt>
      <trkpt lat="54.77787796407938" lon="24.99703492037952">
        <ele>132.0</ele>
      </trkpt>
      <trkpt lat="54.778039986267686" lon="24.997172970324755">
        <ele>132.0</ele>
      </trkpt>
      <trkpt lat="54.77820293046534" lon="24.99729098752141">
        <ele>132.0</ele>
      </trkpt>
      <trkpt lat="54.77822799235582" lon="24.99729199334979">
        <ele>132.0</ele>
      </trkpt>
      <trkpt lat="54.77824391797185" lon="24.997262991964817">
        <ele>132.0</ele>
      </trkpt>
      <trkpt lat="54.778251964598894" lon="24.99714497476816">
        <ele>132.0</ele>
      </trkpt>
      <trkpt lat="54.77819899097085" lon="24.996743984520435">
        <ele>132.0</ele>
      </trkpt>
      <trkpt lat="54.77819396182895" lon="24.996570982038975">
        <ele>132.0</ele>
      </trkpt>
      <trkpt lat="54.77822598069906" lon="24.996275939047337">
        <ele>131.0</ele>
      </trkpt>
      <trkpt lat="54.77825598791242" lon="24.996158927679062">
        <ele>131.0</ele>
      </trkpt>
      <trkpt lat="54.778320947661996" lon="24.996031941846013">
        <ele>131.0</ele>
      </trkpt>
      <trkpt lat="54.77839898318052" lon="24.995965976268053">
        <ele>131.0</ele>
      </trkpt>
      <trkpt lat="54.77852496318519" lon="24.995932951569557">
        <ele>131.0</ele>
      </trkpt>
      <trkpt lat="54.77865295484662" lon="24.99597997404635">
        <ele>131.0</ele>
      </trkpt>
      <trkpt lat="54.77873291820288" lon="24.99596295878291">
        <ele>130.0</ele>
      </trkpt>
      <trkpt lat="54.77875697426498" lon="24.995943931862712">
        <ele>130.0</ele>
      </trkpt>
      <trkpt lat="54.778813971206546" lon="24.995854999870062">
        <ele>130.0</ele>
      </trkpt>
      <trkpt lat="54.778877925127745" lon="24.99568291939795">
        <ele>130.0</ele>
      </trkpt>
      <trkpt lat="54.77898797951639" lon="24.995505977422">
        <ele>130.0</ele>
      </trkpt>
      <trkpt lat="54.779027961194515" lon="24.995387960225344">
        <ele>129.0</ele>
      </trkpt>
      <trkpt lat="54.779027961194515" lon="24.99529492110014">
        <ele>129.0</ele>
      </trkpt>
      <trkpt lat="54.77899099700153" lon="24.9951449688524">
        <ele>129.0</ele>
      </trkpt>
      <trkpt lat="54.77896895259619" lon="24.994963919743896">
        <ele>129.0</ele>
      </trkpt>
      <trkpt lat="54.77897297590971" lon="24.994532922282815">
        <ele>129.0</ele>
      </trkpt>
      <trkpt lat="54.77889494039118" lon="24.994318932294846">
        <ele>129.0</ele>
      </trkpt>
      <trkpt lat="54.778813971206546" lon="24.994169985875487">
        <ele>128.0</ele>
      </trkpt>
      <trkpt lat="54.778661923483014" lon="24.993997989222407">
        <ele>128.0</ele>
      </trkpt>
      <trkpt lat="54.77859394624829" lon="24.99389799311757">
        <ele>128.0</ele>
      </trkpt>
      <trkpt lat="54.77849797345698" lon="24.99354997649789">
        <ele>128.0</ele>
      </trkpt>
      <trkpt lat="54.77843997068703" lon="24.992923932150006">
        <ele>128.0</ele>
      </trkpt>
      <trkpt lat="54.778444999828935" lon="24.992863917723298">
        <ele>127.0</ele>
      </trkpt>
      <trkpt lat="54.77848498150706" lon="24.992765933275223">
        <ele>127.0</ele>
      </trkpt>
      <trkpt lat="54.77854499593377" lon="24.992699967697263">
        <ele>127.0</ele>
      </trkpt>
      <trkpt lat="54.778575925156474" lon="24.99268999323249">
        <ele>126.0</ele>
      </trkpt>
      <trkpt lat="54.77886199951172" lon="24.99271991662681">
        <ele>126.0</ele>
      </trkpt>
      <trkpt lat="54.77901597507298" lon="24.99276392161846">
        <ele>126.0</ele>
      </trkpt>
      <trkpt lat="54.7790789231658" lon="24.992753947153687">
        <ele>125.0</ele>
      </trkpt>
      <trkpt lat="54.77920892648399" lon="24.992683958262205">
        <ele>125.0</ele>
      </trkpt>
      <trkpt lat="54.7793429531157" lon="24.992577927187085">
        <ele>125.0</ele>
      </trkpt>
      <trkpt lat="54.77985098026693" lon="24.992107953876257">
        <ele>124.0</ele>
      </trkpt>
      <trkpt lat="54.78004896081984" lon="24.991980968043208">
        <ele>124.0</ele>
      </trkpt>
      <trkpt lat="54.78011199273169" lon="24.991948949173093">
        <ele>123.0</ele>
      </trkpt>
      <trkpt lat="54.780146945267916" lon="24.991949955001473">
        <ele>123.0</ele>
      </trkpt>
      <trkpt lat="54.780231937766075" lon="24.9919899366796">
        <ele>122.0</ele>
      </trkpt>
      <trkpt lat="54.78030695579946" lon="24.992066966369748">
        <ele>121.0</ele>
      </trkpt>
      <trkpt lat="54.780425978824496" lon="24.992251954972744">
        <ele>121.0</ele>
      </trkpt>
      <trkpt lat="54.78056696243584" lon="24.992573987692595">
        <ele>120.0</ele>
      </trkpt>
      <trkpt lat="54.78079897351563" lon="24.992857966572046">
        <ele>120.0</ele>
      </trkpt>
      <trkpt lat="54.78094791993499" lon="24.992963997647166">
        <ele>119.0</ele>
      </trkpt>
      <trkpt lat="54.78104297071695" lon="24.99295595102012">
        <ele>119.0</ele>
      </trkpt>
      <trkpt lat="54.78107297793031" lon="24.99293097294867">
        <ele>118.0</ele>
      </trkpt>
      <trkpt lat="54.781217984855175" lon="24.992773979902267">
        <ele>118.0</ele>
      </trkpt>
      <trkpt lat="54.78131697513163" lon="24.99254892580211">
        <ele>117.0</ele>
      </trkpt>
      <trkpt lat="54.781497940421104" lon="24.992281962186098">
        <ele>116.0</ele>
      </trkpt>
      <trkpt lat="54.7818039637059" lon="24.991628928110003">
        <ele>116.0</ele>
      </trkpt>
      <trkpt lat="54.78186892345548" lon="24.991432959213853">
        <ele>115.0</ele>
      </trkpt>
      <trkpt lat="54.78194595314562" lon="24.99103699810803">
        <ele>114.0</ele>
      </trkpt>
      <trkpt lat="54.78194293566048" lon="24.99097597785294">
        <ele>114.0</ele>
      </trkpt>
      <trkpt lat="54.78202692233026" lon="24.990644976496696">
        <ele>113.0</ele>
      </trkpt>
      <trkpt lat="54.78205097839236" lon="24.990488989278674">
        <ele>113.0</ele>
      </trkpt>
      <trkpt lat="54.78208299726248" lon="24.990408942103386">
        <ele>112.0</ele>
      </trkpt>
      <trkpt lat="54.7821509744972" lon="24.990345994010568">
        <ele>112.0</ele>
      </trkpt>
      <trkpt lat="54.7822009306401" lon="24.990250943228602">
        <ele>112.0</ele>
      </trkpt>
      <trkpt lat="54.78228692896664" lon="24.990296959877014">
        <ele>112.0</ele>
      </trkpt>
      <trkpt lat="54.78233193978667" lon="24.990383964031935">
        <ele>111.0</ele>
      </trkpt>
      <trkpt lat="54.78238994255662" lon="24.99041296541691">
        <ele>111.0</ele>
      </trkpt>
      <trkpt lat="54.7826829738915" lon="24.99031095765531">
        <ele>111.0</ele>
      </trkpt>
      <trkpt lat="54.78286092169583" lon="24.99032998457551">
        <ele>111.0</ele>
      </trkpt>
      <trkpt lat="54.78298396803439" lon="24.99030693434179">
        <ele>111.0</ele>
      </trkpt>
      <trkpt lat="54.783048927783966" lon="24.99032998457551">
        <ele>111.0</ele>
      </trkpt>
      <trkpt lat="54.78310491889715" lon="24.990388993173838">
        <ele>110.0</ele>
      </trkpt>
      <trkpt lat="54.783151941373944" lon="24.99041296541691">
        <ele>110.0</ele>
      </trkpt>
      <trkpt lat="54.78320399299264" lon="24.990378934890032">
        <ele>110.0</ele>
      </trkpt>
      <trkpt lat="54.78338395245373" lon="24.990165950730443">
        <ele>109.0</ele>
      </trkpt>
      <trkpt lat="54.7834219224751" lon="24.99009596183896">
        <ele>109.0</ele>
      </trkpt>
      <trkpt lat="54.78348797187209" lon="24.989850958809257">
        <ele>108.0</ele>
      </trkpt>
      <trkpt lat="54.78355695493519" lon="24.989718943834305">
        <ele>108.0</ele>
      </trkpt>
      <trkpt lat="54.7835479862988" lon="24.989572931081057">
        <ele>107.0</ele>
      </trkpt>
      <trkpt lat="54.783581933006644" lon="24.98942792415619">
        <ele>107.0</ele>
      </trkpt>
      <trkpt lat="54.783539939671755" lon="24.989238996058702">
        <ele>107.0</ele>
      </trkpt>
      <trkpt lat="54.783541951328516" lon="24.989183926954865">
        <ele>106.0</ele>
      </trkpt>
      <trkpt lat="54.78359593078494" lon="24.988901959732175">
        <ele>106.0</ele>
      </trkpt>
      <trkpt lat="54.783711936324835" lon="24.98855092562735">
        <ele>107.0</ele>
      </trkpt>
      <trkpt lat="54.78369793854654" lon="24.988486971706152">
        <ele>107.0</ele>
      </trkpt>
      <trkpt lat="54.783756947144866" lon="24.988215984776616">
        <ele>107.0</ele>
      </trkpt>
      <trkpt lat="54.783755941316485" lon="24.98811699450016">
        <ele>107.0</ele>
      </trkpt>
      <trkpt lat="54.783713947981596" lon="24.987888922914863">
        <ele>107.0</ele>
      </trkpt>
      <trkpt lat="54.78370891883969" lon="24.987442921847105">
        <ele>107.0</ele>
      </trkpt>
      <trkpt lat="54.78375795297325" lon="24.98725994490087">
        <ele>108.0</ele>
      </trkpt>
      <trkpt lat="54.78381293825805" lon="24.98715098015964">
        <ele>108.0</ele>
      </trkpt>
      <trkpt lat="54.7838379163295" lon="24.987133964896202">
        <ele>108.0</ele>
      </trkpt>
      <trkpt lat="54.78393196128309" lon="24.98712499625981">
        <ele>109.0</ele>
      </trkpt>
      <trkpt lat="54.784008990973234" lon="24.987140921875834">
        <ele>109.0</ele>
      </trkpt>
      <trkpt lat="54.78410697542131" lon="24.987188950181007">
        <ele>110.0</ele>
      </trkpt>
      <trkpt lat="54.784179981797934" lon="24.987169923260808">
        <ele>111.0</ele>
      </trkpt>
      <trkpt lat="54.78432691656053" lon="24.987075962126255">
        <ele>112.0</ele>
      </trkpt>
      <trkpt lat="54.78443093597889" lon="24.987030951306224">
        <ele>112.0</ele>
      </trkpt>
      <trkpt lat="54.78459496982396" lon="24.986905977129936">
        <ele>113.0</ele>
      </trkpt>
      <trkpt lat="54.78466898202896" lon="24.986877981573343">
        <ele>114.0</ele>
      </trkpt>
      <trkpt lat="54.784848941490054" lon="24.986731968820095">
        <ele>115.0</ele>
      </trkpt>
      <trkpt lat="54.78501892648637" lon="24.98668293468654">
        <ele>117.0</ele>
      </trkpt>
      <trkpt lat="54.78516695089638" lon="24.986737919971347">
        <ele>118.0</ele>
      </trkpt>
      <trkpt lat="54.78533492423594" lon="24.9867679271847">
        <ele>119.0</ele>
      </trkpt>
      <trkpt lat="54.78565293364227" lon="24.986775973811746">
        <ele>120.0</ele>
      </trkpt>
      <trkpt lat="54.7857029736042" lon="24.986794916912913">
        <ele>122.0</ele>
      </trkpt>
      <trkpt lat="54.785791989415884" lon="24.98687094077468">
        <ele>123.0</ele>
      </trkpt>
      <trkpt lat="54.78586994111538" lon="24.986868929117918">
        <ele>124.0</ele>
      </trkpt>
      <trkpt lat="54.78597295470536" lon="24.98691595159471">
        <ele>126.0</ele>
      </trkpt>
      <trkpt lat="54.786095917224884" lon="24.98691796325147">
        <ele>127.0</ele>
      </trkpt>
      <trkpt lat="54.78612299077213" lon="24.986931961029768">
        <ele>128.0</ele>
      </trkpt>
      <trkpt lat="54.78621494024992" lon="24.98706992715597">
        <ele>129.0</ele>
      </trkpt>
      <trkpt lat="54.786270931363106" lon="24.98708694241941">
        <ele>130.0</ele>
      </trkpt>
      <trkpt lat="54.78634092025459" lon="24.98708199709654">
        <ele>132.0</ele>
      </trkpt>
      <trkpt lat="54.78644996881485" lon="24.987138994038105">
        <ele>133.0</ele>
      </trkpt>
      <trkpt lat="54.786611991003156" lon="24.987349966540933">
        <ele>134.0</ele>
      </trkpt>
      <trkpt lat="54.78672296740115" lon="24.987438982352614">
        <ele>135.0</ele>
      </trkpt>
      <trkpt lat="54.787019938230515" lon="24.98757996596396">
        <ele>135.0</ele>
      </trkpt>
      <trkpt lat="54.78711096569896" lon="24.98764199204743">
        <ele>136.0</ele>
      </trkpt>
      <trkpt lat="54.78731892071664" lon="24.987724972888827">
        <ele>137.0</ele>
      </trkpt>
      <trkpt lat="54.78775494731963" lon="24.987993948161602">
        <ele>138.0</ele>
      </trkpt>
      <trkpt lat="54.78780892677605" lon="24.9880079459399">
        <ele>138.0</ele>
      </trkpt>
      <trkpt lat="54.78791194036603" lon="24.98798799701035">
        <ele>138.0</ele>
      </trkpt>
      <trkpt lat="54.787968937307596" lon="24.988003922626376">
        <ele>139.0</ele>
      </trkpt>
      <trkpt lat="54.78809994645417" lon="24.988105930387974">
        <ele>139.0</ele>
      </trkpt>
      <trkpt lat="54.78827395476401" lon="24.98829192481935">
        <ele>139.0</ele>
      </trkpt>
      <trkpt lat="54.788500936701894" lon="24.988641953095794">
        <ele>139.0</ele>
      </trkpt>
      <trkpt lat="54.7887459397316" lon="24.988929955288768">
        <ele>138.0</ele>
      </trkpt>
      <trkpt lat="54.788846941664815" lon="24.989151991903782">
        <ele>138.0</ele>
      </trkpt>
      <trkpt lat="54.78887292556465" lon="24.989249976351857">
        <ele>138.0</ele>
      </trkpt>
      <trkpt lat="54.78887996636331" lon="24.989359946921468">
        <ele>138.0</ele>
      </trkpt>
      <trkpt lat="54.788823975250125" lon="24.989741994068027">
        <ele>138.0</ele>
      </trkpt>
      <trkpt lat="54.78884099051356" lon="24.990003928542137">
        <ele>138.0</ele>
      </trkpt>
      <trkpt lat="54.789082976058125" lon="24.990465939044952">
        <ele>138.0</ele>
      </trkpt>
      <trkpt lat="54.789103930816054" lon="24.990560989826918">
        <ele>137.0</ele>
      </trkpt>
      <trkpt lat="54.78894199244678" lon="24.9911249242723">
        <ele>137.0</ele>
      </trkpt>
      <trkpt lat="54.78886093944311" lon="24.9917499627918">
        <ele>137.0</ele>
      </trkpt>
      <trkpt lat="54.78878692723811" lon="24.992003934457898">
        <ele>137.0</ele>
      </trkpt>
      <trkpt lat="54.78877292945981" lon="24.992357986047864">
        <ele>137.0</ele>
      </trkpt>
      <trkpt lat="54.78867896832526" lon="24.99314295127988">
        <ele>137.0</ele>
      </trkpt>
      <trkpt lat="54.78868693113327" lon="24.994768956676126">
        <ele>137.0</ele>
      </trkpt>
      <trkpt lat="54.78861995972693" lon="24.995793979614973">
        <ele>137.0</ele>
      </trkpt>
      <trkpt lat="54.78861794807017" lon="24.995996989309788">
        <ele>137.0</ele>
      </trkpt>
      <trkpt lat="54.788632951676846" lon="24.996081981807947">
        <ele>137.0</ele>
      </trkpt>
      <trkpt lat="54.788653990253806" lon="24.996102936565876">
        <ele>137.0</ele>
      </trkpt>
      <trkpt lat="54.78870796971023" lon="24.99611391685903">
        <ele>137.0</ele>
      </trkpt>
      <trkpt lat="54.788933945819736" lon="24.99608893878758">
        <ele>137.0</ele>
      </trkpt>
      <trkpt lat="54.78904693387449" lon="24.99613294377923">
        <ele>137.0</ele>
      </trkpt>
      <trkpt lat="54.78910191915929" lon="24.996136967092752">
        <ele>137.0</ele>
      </trkpt>
      <trkpt lat="54.78921599686146" lon="24.996125986799598">
        <ele>137.0</ele>
      </trkpt>
      <trkpt lat="54.789271987974644" lon="24.996099919080734">
        <ele>137.0</ele>
      </trkpt>
      <trkpt lat="54.789605922997" lon="24.995797919109464">
        <ele>137.0</ele>
      </trkpt>
      <trkpt lat="54.78982293047011" lon="24.995569931343198">
        <ele>137.0</ele>
      </trkpt>
      <trkpt lat="54.79013096541166" lon="24.995409920811653">
        <ele>137.0</ele>
      </trkpt>
      <trkpt lat="54.790369933471084" lon="24.995348984375596">
        <ele>137.0</ele>
      </trkpt>
      <trkpt lat="54.790519969537854" lon="24.99527195468545">
        <ele>138.0</ele>
      </trkpt>
      <trkpt lat="54.790651984512806" lon="24.99514094553888">
        <ele>138.0</ele>
      </trkpt>
      <trkpt lat="54.79078995063901" lon="24.99492896720767">
        <ele>138.0</ele>
      </trkpt>
      <trkpt lat="54.79087192565203" lon="24.994847998023033">
        <ele>138.0</ele>
      </trkpt>
      <trkpt lat="54.79104693979025" lon="24.99471891671419">
        <ele>138.0</ele>
      </trkpt>
      <trkpt lat="54.79162395000458" lon="24.994359919801354">
        <ele>139.0</ele>
      </trkpt>
      <trkpt lat="54.79181698523462" lon="24.99415196478367">
        <ele>139.0</ele>
      </trkpt>
      <trkpt lat="54.791963919997215" lon="24.993932945653796">
        <ele>139.0</ele>
      </trkpt>
      <trkpt lat="54.792067939415574" lon="24.993825992569327">
        <ele>139.0</ele>
      </trkpt>
      <trkpt lat="54.792153937742114" lon="24.99377092346549">
        <ele>140.0</ele>
      </trkpt>
      <trkpt lat="54.79221395216882" lon="24.993751980364323">
        <ele>140.0</ele>
      </trkpt>
      <trkpt lat="54.79235895909369" lon="24.993799924850464">
        <ele>140.0</ele>
      </trkpt>
      <trkpt lat="54.7924049757421" lon="24.993859939277172">
        <ele>141.0</ele>
      </trkpt>
      <trkpt lat="54.79246993549168" lon="24.994037970900536">
        <ele>141.0</ele>
      </trkpt>
      <trkpt lat="54.7927419282496" lon="24.995139939710498">
        <ele>141.0</ele>
      </trkpt>
      <trkpt lat="54.79303998872638" lon="24.99668799340725">
        <ele>142.0</ele>
      </trkpt>
      <trkpt lat="54.793157922104" lon="24.997173976153135">
        <ele>142.0</ele>
      </trkpt>
      <trkpt lat="54.79341499507427" lon="24.998055920004845">
        <ele>142.0</ele>
      </trkpt>
      <trkpt lat="54.79345799423754" lon="24.998111994937062">
        <ele>143.0</ele>
      </trkpt>
      <trkpt lat="54.79348297230899" lon="24.998111994937062">
        <ele>143.0</ele>
      </trkpt>
      <trkpt lat="54.7935239598155" lon="24.99806597828865">
        <ele>143.0</ele>
      </trkpt>
      <trkpt lat="54.79364298284054" lon="24.99782994389534">
        <ele>143.0</ele>
      </trkpt>
      <trkpt lat="54.793853955343366" lon="24.99748796224594">
        <ele>143.0</ele>
      </trkpt>
      <trkpt lat="54.79397398419678" lon="24.997148998081684">
        <ele>143.0</ele>
      </trkpt>
      <trkpt lat="54.7941769938916" lon="24.996964931488037">
        <ele>143.0</ele>
      </trkpt>
      <trkpt lat="54.79454797692597" lon="24.996277950704098">
        <ele>143.0</ele>
      </trkpt>
      <trkpt lat="54.794730953872204" lon="24.99600193463266">
        <ele>143.0</ele>
      </trkpt>
      <trkpt lat="54.79485098272562" lon="24.995860951021314">
        <ele>143.0</ele>
      </trkpt>
      <trkpt lat="54.795013926923275" lon="24.995566997677088">
        <ele>142.0</ele>
      </trkpt>
      <trkpt lat="54.79516899213195" lon="24.995363987982273">
        <ele>142.0</ele>
      </trkpt>
      <trkpt lat="54.79531995020807" lon="24.995067939162254">
        <ele>142.0</ele>
      </trkpt>
      <trkpt lat="54.79538197629154" lon="24.994987975805998">
        <ele>142.0</ele>
      </trkpt>
      <trkpt lat="54.7954479418695" lon="24.994853949174285">
        <ele>141.0</ele>
      </trkpt>
      <trkpt lat="54.79561599902809" lon="24.994621938094497">
        <ele>141.0</ele>
      </trkpt>
      <trkpt lat="54.796152943745255" lon="24.993674950674176">
        <ele>141.0</ele>
      </trkpt>
      <trkpt lat="54.796341955661774" lon="24.993394995108247">
        <ele>140.0</ele>
      </trkpt>
      <trkpt lat="54.79646399617195" lon="24.993139933794737">
        <ele>140.0</ele>
      </trkpt>
      <trkpt lat="54.796619983389974" lon="24.992850925773382">
        <ele>139.0</ele>
      </trkpt>
      <trkpt lat="54.79669994674623" lon="24.99273299239576">
        <ele>139.0</ele>
      </trkpt>
      <trkpt lat="54.79672593064606" lon="24.992657974362373">
        <ele>138.0</ele>
      </trkpt>
      <trkpt lat="54.79690697975457" lon="24.992318926379085">
        <ele>138.0</ele>
      </trkpt>
      <trkpt lat="54.797178972512484" lon="24.99194492585957">
        <ele>137.0</ele>
      </trkpt>
      <trkpt lat="54.79740394279361" lon="24.991483921185136">
        <ele>136.0</ele>
      </trkpt>
      <trkpt lat="54.7976029291749" lon="24.991151997819543">
        <ele>136.0</ele>
      </trkpt>
      <trkpt lat="54.79773393832147" lon="24.991003973409534">
        <ele>135.0</ele>
      </trkpt>
      <trkpt lat="54.79787995107472" lon="24.99078193679452">
        <ele>135.0</ele>
      </trkpt>
      <trkpt lat="54.7978999838233" lon="24.99069795012474">
        <ele>134.0</ele>
      </trkpt>
      <trkpt lat="54.797893948853016" lon="24.990657968446612">
        <ele>134.0</ele>
      </trkpt>
      <trkpt lat="54.79784399271011" lon="24.99052193015814">
        <ele>134.0</ele>
      </trkpt>
      <trkpt lat="54.7977979760617" lon="24.990261923521757">
        <ele>133.0</ele>
      </trkpt>
      <trkpt lat="54.79785799048841" lon="24.989981967955828">
        <ele>133.0</ele>
      </trkpt>
      <trkpt lat="54.7978619299829" lon="24.989679967984557">
        <ele>133.0</ele>
      </trkpt>
      <trkpt lat="54.79789797216654" lon="24.989591958001256">
        <ele>133.0</ele>
      </trkpt>
      <trkpt lat="54.797887997701764" lon="24.98949397355318">
        <ele>133.0</ele>
      </trkpt>
      <trkpt lat="54.797913981601596" lon="24.989416943863034">
        <ele>133.0</ele>
      </trkpt>
      <trkpt lat="54.79791699908674" lon="24.989336980506778">
        <ele>134.0</ele>
      </trkpt>
      <trkpt lat="54.79794197715819" lon="24.98932591639459">
        <ele>134.0</ele>
      </trkpt>
      <trkpt lat="54.79799092747271" lon="24.989242935553193">
        <ele>134.0</ele>
      </trkpt>
      <trkpt lat="54.79803694412112" lon="24.989050989970565">
        <ele>135.0</ele>
      </trkpt>
      <trkpt lat="54.79813694022596" lon="24.9888039752841">
        <ele>135.0</ele>
      </trkpt>
      <trkpt lat="54.7982419654727" lon="24.988776985555887">
        <ele>136.0</ele>
      </trkpt>
      <trkpt lat="54.798257974907756" lon="24.988751923665404">
        <ele>136.0</ele>
      </trkpt>
      <trkpt lat="54.798323940485716" lon="24.98871998861432">
        <ele>137.0</ele>
      </trkpt>
      <trkpt lat="54.79839694686234" lon="24.988638935610652">
        <ele>137.0</ele>
      </trkpt>
      <trkpt lat="54.79848898015916" lon="24.988581938669086">
        <ele>138.0</ele>
      </trkpt>
      <trkpt lat="54.79855494573712" lon="24.98858897946775">
        <ele>138.0</ele>
      </trkpt>
      <trkpt lat="54.79868193157017" lon="24.98850197531283">
        <ele>139.0</ele>
      </trkpt>
      <trkpt lat="54.79879894293845" lon="24.988453947007656">
        <ele>139.0</ele>
      </trkpt>
      <trkpt lat="54.79890597984195" lon="24.988386975601315">
        <ele>140.0</ele>
      </trkpt>
      <trkpt lat="54.79901796206832" lon="24.988348921760917">
        <ele>140.0</ele>
      </trkpt>
      <trkpt lat="54.79916397482157" lon="24.988259989768267">
        <ele>141.0</ele>
      </trkpt>
      <trkpt lat="54.799504950642586" lon="24.988132920116186">
        <ele>141.0</ele>
      </trkpt>
      <trkpt lat="54.799632942304015" lon="24.987996965646744">
        <ele>141.0</ele>
      </trkpt>
      <trkpt lat="54.799890937283635" lon="24.98762397095561">
        <ele>142.0</ele>
      </trkpt>
      <trkpt lat="54.799976935610175" lon="24.987531937658787">
        <ele>142.0</ele>
      </trkpt>
      <trkpt lat="54.800064945593476" lon="24.98738994821906">
        <ele>142.0</ele>
      </trkpt>
      <trkpt lat="54.80013099499047" lon="24.987313924357295">
        <ele>142.0</ele>
      </trkpt>
      <trkpt lat="54.80021892115474" lon="24.98729699291289">
        <ele>142.0</ele>
      </trkpt>
      <trkpt lat="54.80067196302116" lon="24.987438982352614">
        <ele>142.0</ele>
      </trkpt>
      <trkpt lat="54.80080397799611" lon="24.987434959039092">
        <ele>142.0</ele>
      </trkpt>
      <trkpt lat="54.80108393356204" lon="24.98734795488417">
        <ele>141.0</ele>
      </trkpt>
      <trkpt lat="54.80122793465853" lon="24.987285928800702">
        <ele>141.0</ele>
      </trkpt>
      <trkpt lat="54.80142298154533" lon="24.987161960452795">
        <ele>141.0</ele>
      </trkpt>
      <trkpt lat="54.80161995626986" lon="24.987006979063153">
        <ele>141.0</ele>
      </trkpt>
      <trkpt lat="54.80178792960942" lon="24.986929949373007">
        <ele>141.0</ele>
      </trkpt>
      <trkpt lat="54.80206495150924" lon="24.986835988238454">
        <ele>141.0</ele>
      </trkpt>
      <trkpt lat="54.80212094262242" lon="24.98683095909655">
        <ele>140.0</ele>
      </trkpt>
      <trkpt lat="54.80230098590255" lon="24.986867923289537">
        <ele>140.0</ele>
      </trkpt>
      <trkpt lat="54.80258295312524" lon="24.98697998933494">
        <ele>140.0</ele>
      </trkpt>
      <trkpt lat="54.802750926464796" lon="24.986945958808064">
        <ele>139.0</ele>
      </trkpt>
      <trkpt lat="54.802855951711535" lon="24.98696096241474">
        <ele>139.0</ele>
      </trkpt>
      <trkpt lat="54.80297799222171" lon="24.98704293742776">
        <ele>139.0</ele>
      </trkpt>
      <trkpt lat="54.803239926695824" lon="24.987133964896202">
        <ele>138.0</ele>
      </trkpt>
      <trkpt lat="54.8042409773916" lon="24.987414926290512">
        <ele>138.0</ele>
      </trkpt>
      <trkpt lat="54.804616989567876" lon="24.987477958202362">
        <ele>137.0</ele>
      </trkpt>
      <trkpt lat="54.80469695292413" lon="24.98747494071722">
        <ele>137.0</ele>
      </trkpt>
      <trkpt lat="54.80484992265701" lon="24.987545935437083">
        <ele>137.0</ele>
      </trkpt>
      <trkpt lat="54.80520891956985" lon="24.987576948478818">
        <ele>137.0</ele>
      </trkpt>
      <trkpt lat="54.80526398867369" lon="24.98755993321538">
        <ele>137.0</ele>
      </trkpt>
      <trkpt lat="54.80530799366534" lon="24.987505953758955">
        <ele>136.0</ele>
      </trkpt>
      <trkpt lat="54.80537798255682" lon="24.987268997356296">
        <ele>136.0</ele>
      </trkpt>
      <trkpt lat="54.805410923436284" lon="24.986946964636445">
        <ele>136.0</ele>
      </trkpt>
      <trkpt lat="54.80540296062827" lon="24.986352939158678">
        <ele>135.0</ele>
      </trkpt>
      <trkpt lat="54.80535794980824" lon="24.98580291867256">
        <ele>135.0</ele>
      </trkpt>
      <trkpt lat="54.805365996435285" lon="24.985382985323668">
        <ele>135.0</ele>
      </trkpt>
      <trkpt lat="54.80540195479989" lon="24.98508794233203">
        <ele>135.0</ele>
      </trkpt>
      <trkpt lat="54.80551091954112" lon="24.984733974561095">
        <ele>135.0</ele>
      </trkpt>
      <trkpt lat="54.80556598864496" lon="24.984458964318037">
        <ele>135.0</ele>
      </trkpt>
      <trkpt lat="54.80556699447334" lon="24.984234999865294">
        <ele>134.0</ele>
      </trkpt>
      <trkpt lat="54.80552793480456" lon="24.983789920806885">
        <ele>134.0</ele>
      </trkpt>
      <trkpt lat="54.80556892231107" lon="24.983512982726097">
        <ele>134.0</ele>
      </trkpt>
      <trkpt lat="54.80563094839454" lon="24.98339295387268">
        <ele>134.0</ele>
      </trkpt>
      <trkpt lat="54.80576396919787" lon="24.983254987746477">
        <ele>134.0</ele>
      </trkpt>
      <trkpt lat="54.80604291893542" lon="24.98281192034483">
        <ele>134.0</ele>
      </trkpt>
      <trkpt lat="54.80628699995577" lon="24.98229894787073">
        <ele>133.0</ele>
      </trkpt>
      <trkpt lat="54.80670592747629" lon="24.981536949053407">
        <ele>133.0</ele>
      </trkpt>
      <trkpt lat="54.807152934372425" lon="24.9808569252491">
        <ele>132.0</ele>
      </trkpt>
      <trkpt lat="54.807257959619164" lon="24.980631954967976">
        <ele>131.0</ele>
      </trkpt>
      <trkpt lat="54.8073769826442" lon="24.980279998853803">
        <ele>130.0</ele>
      </trkpt>
      <trkpt lat="54.80742098763585" lon="24.98018997721374">
        <ele>129.0</ele>
      </trkpt>
      <trkpt lat="54.80780999176204" lon="24.979751938953996">
        <ele>128.0</ele>
      </trkpt>
      <trkpt lat="54.80806899257004" lon="24.97962797060609">
        <ele>127.0</ele>
      </trkpt>
      <trkpt lat="54.80819396674633" lon="24.979534931480885">
        <ele>126.0</ele>
      </trkpt>
      <trkpt lat="54.808375937864184" lon="24.979366958141327">
        <ele>125.0</ele>
      </trkpt>
      <trkpt lat="54.80847794562578" lon="24.979218933731318">
        <ele>124.0</ele>
      </trkpt>
      <trkpt lat="54.808634938672185" lon="24.97881593182683">
        <ele>123.0</ele>
      </trkpt>
      <trkpt lat="54.80866092257202" lon="24.97866296209395">
        <ele>122.0</ele>
      </trkpt>
      <trkpt lat="54.80864097364247" lon="24.978370936587453">
        <ele>121.0</ele>
      </trkpt>
      <trkpt lat="54.80853695422411" lon="24.977960977703333">
        <ele>120.0</ele>
      </trkpt>
      <trkpt lat="54.80851599946618" lon="24.97763198800385">
        <ele>119.0</ele>
      </trkpt>
      <trkpt lat="54.808524968102574" lon="24.977494943886995">
        <ele>118.0</ele>
      </trkpt>
      <trkpt lat="54.80858196504414" lon="24.97733199968934">
        <ele>117.0</ele>
      </trkpt>
      <trkpt lat="54.80865094810724" lon="24.977196967229247">
        <ele>117.0</ele>
      </trkpt>
      <trkpt lat="54.80891598388553" lon="24.976843921467662">
        <ele>116.0</ele>
      </trkpt>
      <trkpt lat="54.80914195999503" lon="24.97645298950374">
        <ele>116.0</ele>
      </trkpt>
      <trkpt lat="54.80926492251456" lon="24.976204968988895">
        <ele>115.0</ele>
      </trkpt>
      <trkpt lat="54.80935293249786" lon="24.976112935692072">
        <ele>115.0</ele>
      </trkpt>
      <trkpt lat="54.80939894914627" lon="24.97597698122263">
        <ele>115.0</ele>
      </trkpt>
      <trkpt lat="54.80941998772323" lon="24.975500972941518">
        <ele>114.0</ele>
      </trkpt>
      <trkpt lat="54.8092919960618" lon="24.975040974095464">
        <ele>114.0</ele>
      </trkpt>
      <trkpt lat="54.80922494083643" lon="24.974679965525866">
        <ele>114.0</ele>
      </trkpt>
      <trkpt lat="54.809171967208385" lon="24.97423597611487">
        <ele>114.0</ele>
      </trkpt>
      <trkpt lat="54.80915595777333" lon="24.973943950608373">
        <ele>114.0</ele>
      </trkpt>
      <trkpt lat="54.80907297693193" lon="24.97344195842743">
        <ele>114.0</ele>
      </trkpt>
      <trkpt lat="54.80901497416198" lon="24.973297957330942">
        <ele>114.0</ele>
      </trkpt>
      <trkpt lat="54.80885395780206" lon="24.97312193736434">
        <ele>114.0</ele>
      </trkpt>
      <trkpt lat="54.80876695364714" lon="24.97298799455166">
        <ele>114.0</ele>
      </trkpt>
      <trkpt lat="54.80870794504881" lon="24.972879951819777">
        <ele>114.0</ele>
      </trkpt>
      <trkpt lat="54.808672992512584" lon="24.97273595072329">
        <ele>114.0</ele>
      </trkpt>
      <trkpt lat="54.80864692479372" lon="24.972053999081254">
        <ele>114.0</ele>
      </trkpt>
      <trkpt lat="54.808673998340964" lon="24.971708999946713">
        <ele>114.0</ele>
      </trkpt>
      <trkpt lat="54.80870492756367" lon="24.971544966101646">
        <ele>114.0</ele>
      </trkpt>
      <trkpt lat="54.808761924505234" lon="24.971414962783456">
        <ele>114.0</ele>
      </trkpt>
      <trkpt lat="54.80892998166382" lon="24.97114699333906">
        <ele>114.0</ele>
      </trkpt>
      <trkpt lat="54.80921094305813" lon="24.97084692120552">
        <ele>114.0</ele>
      </trkpt>
      <trkpt lat="54.809297947213054" lon="24.970732927322388">
        <ele>114.0</ele>
      </trkpt>
      <trkpt lat="54.80937598273158" lon="24.970590937882662">
        <ele>114.0</ele>
      </trkpt>
      <trkpt lat="54.809537921100855" lon="24.97038993984461">
        <ele>113.0</ele>
      </trkpt>
      <trkpt lat="54.80974093079567" lon="24.97009296901524">
        <ele>113.0</ele>
      </trkpt>
      <trkpt lat="54.8100829962641" lon="24.969716956838965">
        <ele>113.0</ele>
      </trkpt>
      <trkpt lat="54.81020797044039" lon="24.96947094798088">
        <ele>112.0</ele>
      </trkpt>
      <trkpt lat="54.81036798097193" lon="24.96923197992146">
        <ele>112.0</ele>
      </trkpt>
      <trkpt lat="54.81051592156291" lon="24.968918999657035">
        <ele>111.0</ele>
      </trkpt>
      <trkpt lat="54.810867961496115" lon="24.968367973342538">
        <ele>111.0</ele>
      </trkpt>
      <trkpt lat="54.811083963140845" lon="24.96786095201969">
        <ele>110.0</ele>
      </trkpt>
      <trkpt lat="54.81133793480694" lon="24.96740598231554">
        <ele>109.0</ele>
      </trkpt>
      <trkpt lat="54.811451928690076" lon="24.967111945152283">
        <ele>109.0</ele>
      </trkpt>
      <trkpt lat="54.811532981693745" lon="24.966831989586353">
        <ele>108.0</ele>
      </trkpt>
      <trkpt lat="54.81176096946001" lon="24.965587947517633">
        <ele>108.0</ele>
      </trkpt>
      <trkpt lat="54.8119099996984" lon="24.965095929801464">
        <ele>108.0</ele>
      </trkpt>
      <trkpt lat="54.812180986627936" lon="24.964433927088976">
        <ele>108.0</ele>
      </trkpt>
      <trkpt lat="54.812332950532436" lon="24.96418599039316">
        <ele>108.0</ele>
      </trkpt>
      <trkpt lat="54.81244392693043" lon="24.96407593600452">
        <ele>108.0</ele>
      </trkpt>
      <trkpt lat="54.812651965767145" lon="24.963821964338422">
        <ele>108.0</ele>
      </trkpt>
      <trkpt lat="54.8129219468683" lon="24.96338996104896">
        <ele>109.0</ele>
      </trkpt>
      <trkpt lat="54.813056979328394" lon="24.9632169585675">
        <ele>109.0</ele>
      </trkpt>
      <trkpt lat="54.813187988474965" lon="24.96308896690607">
        <ele>109.0</ele>
      </trkpt>
      <trkpt lat="54.813490994274616" lon="24.96291495859623">
        <ele>109.0</ele>
      </trkpt>
      <trkpt lat="54.813598953187466" lon="24.962814962491393">
        <ele>109.0</ele>
      </trkpt>
    </trkseg>
  </trk>
</gpx>
