<?xml version="1.0" encoding="UTF-8"?>
<gpx schemaLocation="http://www.topografix.com/GPX/1/1 http://www.topografix.com/GPX/1/1/gpx.xsd http://www.garmin.com/xmlschemas/GpxExtensions/v3 http://www.garmin.com/xmlschemas/GpxExtensionsv3.xsd http://www.garmin.com/xmlschemas/TrackPointExtension/v1 http://www.garmin.com/xmlschemas/TrackPointExtensionv1.xsd http://www.topografix.com/GPX/gpx_style/0/2 http://www.topografix.com/GPX/gpx_style/0/2/gpx_style.xsd" version="1.1" creator="COROS Wearables" xmlns="http://www.topografix.com/GPX/1/1" xmlns:xsi="http://www.w3.org/2001/XMLSchema-instance" xsi:schemaLocation="http://www.topografix.com/GPX/1/1 http://www.topografix.com/GPX/1/1/gpx.xsd http://www.garmin.com/xmlschemas/GpxExtensions/v3 http://www.garmin.com/xmlschemas/GpxExtensionsv3.xsd http://www.garmin.com/xmlschemas/TrackPointExtension/v1 http://www.garmin.com/xmlschemas/TrackPointExtensionv1.xsd http://www.garmin.com/xmlschemas/PowerExtension/v1 http://www.garmin.com/xmlschemas/PowerExtensionv1.xsd http://www.topografix.com/GPX/gpx_style/0/2 http://www.topografix.com/GPX/gpx_style/0/2/gpx_style.xsd" xmlns:gpxtpx="http://www.garmin.com/xmlschemas/TrackPointExtension/v1" xmlns:gpxx="http://www.garmin.com/xmlschemas/GpxExtensions/v3" xmlns:gpxpx="http://www.garmin.com/xmlschemas/PowerExtension/v1" xmlns:gpx_style="http://www.topografix.com/GPX/gpx_style/0/2">
  <metadata>
    <name>82K - 2025</name>
    <author>
      <name>gpx.studio</name>
      <link href="https://gpx.studio"/>
    </author>
  </metadata>
  <wpt lat="54.819749" lon="24.920016">
    <ele>114.59615719027411</ele>
    <name>R-1</name>
    <sym>Fast Food</sym>
  </wpt>
  <wpt lat="54.7862345" lon="24.9715899">
    <ele>81</ele>
    <name>R-2</name>
    <sym>Fast Food</sym>
  </wpt>
  <wpt lat="54.7312089" lon="25.0459298">
    <ele>105</ele>
    <name>R-3</name>
    <sym>Fast Food</sym>
  </wpt>
  <wpt lat="54.676754" lon="25.105192">
    <ele>86.75664837404764</ele>
    <name>R-4</name>
    <sym>Fast Food</sym>
  </wpt>
  <wpt lat="54.6767782" lon="25.1809129">
    <ele>140</ele>
    <name>R-5</name>
    <sym>Fast Food</sym>
  </wpt>
  <wpt lat="54.679322" lon="25.23006">
    <ele>86.03938491063992</ele>
    <name>VP-1</name>
    <sym>Water Source</sym>
  </wpt>
  <trk>
    <name>82K - 2025</name>
    <type>Running</type>
    <trkseg>
      <trkpt lat="54.885765" lon="24.852809">
        <ele>115</ele>
      </trkpt>
      <trkpt lat="54.885724" lon="24.852895">
        <ele>115</ele>
      </trkpt>
      <trkpt lat="54.885443" lon="24.852548">
        <ele>115</ele>
      </trkpt>
      <trkpt lat="54.885246" lon="24.852384">
        <ele>115</ele>
      </trkpt>
      <trkpt lat="54.88514" lon="24.852381">
        <ele>116</ele>
      </trkpt>
      <trkpt lat="54.884847" lon="24.852496">
        <ele>115</ele>
      </trkpt>
      <trkpt lat="54.88475" lon="24.8524889">
        <ele>115</ele>
      </trkpt>
      <trkpt lat="54.88453" lon="24.852287">
        <ele>115</ele>
      </trkpt>
      <trkpt lat="54.884441" lon="24.852137">
        <ele>114</ele>
      </trkpt>
      <trkpt lat="54.884411" lon="24.851821">
        <ele>114</ele>
      </trkpt>
      <trkpt lat="54.884533" lon="24.8508749">
        <ele>114</ele>
      </trkpt>
      <trkpt lat="54.884423" lon="24.850142">
        <ele>114</ele>
      </trkpt>
      <trkpt lat="54.884513" lon="24.849594">
        <ele>113</ele>
      </trkpt>
      <trkpt lat="54.884515" lon="24.848862">
        <ele>113</ele>
      </trkpt>
      <trkpt lat="54.884323" lon="24.84832">
        <ele>114</ele>
      </trkpt>
      <trkpt lat="54.884197" lon="24.847628">
        <ele>116</ele>
      </trkpt>
      <trkpt lat="54.883786" lon="24.846893">
        <ele>116</ele>
      </trkpt>
      <trkpt lat="54.883692" lon="24.846791">
        <ele>116</ele>
      </trkpt>
      <trkpt lat="54.883597" lon="24.8468969">
        <ele>115</ele>
      </trkpt>
      <trkpt lat="54.883551" lon="24.847122">
        <ele>115</ele>
      </trkpt>
      <trkpt lat="54.883549" lon="24.847478">
        <ele>114</ele>
      </trkpt>
      <trkpt lat="54.883594" lon="24.847699">
        <ele>114</ele>
      </trkpt>
      <trkpt lat="54.883687" lon="24.847886">
        <ele>114</ele>
      </trkpt>
      <trkpt lat="54.884105" lon="24.848323">
        <ele>113</ele>
      </trkpt>
      <trkpt lat="54.884156" lon="24.848483">
        <ele>113</ele>
      </trkpt>
      <trkpt lat="54.883938" lon="24.8490499">
        <ele>115</ele>
      </trkpt>
      <trkpt lat="54.883791" lon="24.849294">
        <ele>114</ele>
      </trkpt>
      <trkpt lat="54.883591" lon="24.849421">
        <ele>113</ele>
      </trkpt>
      <trkpt lat="54.883328" lon="24.8494129">
        <ele>112</ele>
      </trkpt>
      <trkpt lat="54.883299" lon="24.849457">
        <ele>112</ele>
      </trkpt>
      <trkpt lat="54.883438" lon="24.849949">
        <ele>112</ele>
      </trkpt>
      <trkpt lat="54.88349" lon="24.850358">
        <ele>111</ele>
      </trkpt>
      <trkpt lat="54.883476" lon="24.850574">
        <ele>111</ele>
      </trkpt>
      <trkpt lat="54.883353" lon="24.850846">
        <ele>112</ele>
      </trkpt>
      <trkpt lat="54.883328" lon="24.851026">
        <ele>112</ele>
      </trkpt>
      <trkpt lat="54.883362" lon="24.85107">
        <ele>112</ele>
      </trkpt>
      <trkpt lat="54.883414" lon="24.851056">
        <ele>111</ele>
      </trkpt>
      <trkpt lat="54.883585" lon="24.850864">
        <ele>111</ele>
      </trkpt>
      <trkpt lat="54.88371" lon="24.850791">
        <ele>112</ele>
      </trkpt>
      <trkpt lat="54.883827" lon="24.850881">
        <ele>111</ele>
      </trkpt>
      <trkpt lat="54.883883" lon="24.851146">
        <ele>111</ele>
      </trkpt>
      <trkpt lat="54.883861" lon="24.851476">
        <ele>108</ele>
      </trkpt>
      <trkpt lat="54.883783" lon="24.851793">
        <ele>106</ele>
      </trkpt>
      <trkpt lat="54.883678" lon="24.852052">
        <ele>105</ele>
      </trkpt>
      <trkpt lat="54.88353" lon="24.852221">
        <ele>103</ele>
      </trkpt>
      <trkpt lat="54.883444" lon="24.852259">
        <ele>101</ele>
      </trkpt>
      <trkpt lat="54.883278" lon="24.852206">
        <ele>99</ele>
      </trkpt>
      <trkpt lat="54.882994" lon="24.851907">
        <ele>95</ele>
      </trkpt>
      <trkpt lat="54.882717" lon="24.851532">
        <ele>90</ele>
      </trkpt>
      <trkpt lat="54.882585" lon="24.851446">
        <ele>89</ele>
      </trkpt>
      <trkpt lat="54.882451" lon="24.851556">
        <ele>88</ele>
      </trkpt>
      <trkpt lat="54.882279" lon="24.852006">
        <ele>86</ele>
      </trkpt>
      <trkpt lat="54.882203" lon="24.8520809">
        <ele>85</ele>
      </trkpt>
      <trkpt lat="54.882117" lon="24.852108">
        <ele>84</ele>
      </trkpt>
      <trkpt lat="54.881946" lon="24.852049">
        <ele>83</ele>
      </trkpt>
      <trkpt lat="54.880781" lon="24.8512549">
        <ele>73</ele>
      </trkpt>
      <trkpt lat="54.880063" lon="24.850859">
        <ele>69</ele>
      </trkpt>
      <trkpt lat="54.879315" lon="24.850359">
        <ele>66</ele>
      </trkpt>
      <trkpt lat="54.879127" lon="24.850129">
        <ele>66</ele>
      </trkpt>
      <trkpt lat="54.878989" lon="24.849725">
        <ele>65</ele>
      </trkpt>
      <trkpt lat="54.878224" lon="24.850263">
        <ele>64</ele>
      </trkpt>
      <trkpt lat="54.877369" lon="24.850759">
        <ele>66</ele>
      </trkpt>
      <trkpt lat="54.875906" lon="24.851874">
        <ele>66</ele>
      </trkpt>
      <trkpt lat="54.875593" lon="24.851923">
        <ele>66</ele>
      </trkpt>
      <trkpt lat="54.875159" lon="24.851766">
        <ele>65</ele>
      </trkpt>
      <trkpt lat="54.874929" lon="24.851753">
        <ele>65</ele>
      </trkpt>
      <trkpt lat="54.874798" lon="24.851857">
        <ele>66</ele>
      </trkpt>
      <trkpt lat="54.874312" lon="24.852502">
        <ele>68</ele>
      </trkpt>
      <trkpt lat="54.874078" lon="24.852704">
        <ele>69</ele>
      </trkpt>
      <trkpt lat="54.873146" lon="24.853018">
        <ele>67</ele>
      </trkpt>
      <trkpt lat="54.872708" lon="24.853099">
        <ele>66</ele>
      </trkpt>
      <trkpt lat="54.872456" lon="24.853926">
        <ele>68</ele>
      </trkpt>
      <trkpt lat="54.872305" lon="24.854236">
        <ele>67</ele>
      </trkpt>
      <trkpt lat="54.872108" lon="24.854502">
        <ele>68</ele>
      </trkpt>
      <trkpt lat="54.871811" lon="24.855109">
        <ele>73</ele>
      </trkpt>
      <trkpt lat="54.871679" lon="24.855622">
        <ele>77</ele>
      </trkpt>
      <trkpt lat="54.871768" lon="24.856324">
        <ele>81</ele>
      </trkpt>
      <trkpt lat="54.871896" lon="24.856701">
        <ele>84</ele>
      </trkpt>
      <trkpt lat="54.872043" lon="24.857361">
        <ele>89</ele>
      </trkpt>
      <trkpt lat="54.872087" lon="24.857736">
        <ele>92</ele>
      </trkpt>
      <trkpt lat="54.872041" lon="24.857849">
        <ele>93</ele>
      </trkpt>
      <trkpt lat="54.871913" lon="24.858014">
        <ele>95</ele>
      </trkpt>
      <trkpt lat="54.871653" lon="24.858235">
        <ele>97</ele>
      </trkpt>
      <trkpt lat="54.871302" lon="24.858433">
        <ele>101</ele>
      </trkpt>
      <trkpt lat="54.871127" lon="24.858583">
        <ele>101</ele>
      </trkpt>
      <trkpt lat="54.870726" lon="24.859202">
        <ele>103</ele>
      </trkpt>
      <trkpt lat="54.870025" lon="24.860018">
        <ele>106</ele>
      </trkpt>
      <trkpt lat="54.869369" lon="24.860579">
        <ele>106</ele>
      </trkpt>
      <trkpt lat="54.869122" lon="24.860721">
        <ele>107</ele>
      </trkpt>
      <trkpt lat="54.868658" lon="24.861104">
        <ele>107</ele>
      </trkpt>
      <trkpt lat="54.868398" lon="24.861387">
        <ele>107</ele>
      </trkpt>
      <trkpt lat="54.867927" lon="24.862339">
        <ele>106</ele>
      </trkpt>
      <trkpt lat="54.867395" lon="24.863552">
        <ele>104</ele>
      </trkpt>
      <trkpt lat="54.866446" lon="24.865347">
        <ele>102</ele>
      </trkpt>
      <trkpt lat="54.866353" lon="24.865632">
        <ele>102</ele>
      </trkpt>
      <trkpt lat="54.866198" lon="24.86644">
        <ele>102</ele>
      </trkpt>
      <trkpt lat="54.865812" lon="24.867475">
        <ele>100</ele>
      </trkpt>
      <trkpt lat="54.865677" lon="24.8675539">
        <ele>99</ele>
      </trkpt>
      <trkpt lat="54.865378" lon="24.8675089">
        <ele>99</ele>
      </trkpt>
      <trkpt lat="54.86503" lon="24.867573">
        <ele>99</ele>
      </trkpt>
      <trkpt lat="54.864157" lon="24.867875">
        <ele>103</ele>
      </trkpt>
      <trkpt lat="54.86361" lon="24.86812">
        <ele>108</ele>
      </trkpt>
      <trkpt lat="54.86301" lon="24.868896">
        <ele>110</ele>
      </trkpt>
      <trkpt lat="54.862643" lon="24.869287">
        <ele>111</ele>
      </trkpt>
      <trkpt lat="54.861911" lon="24.870425">
        <ele>111</ele>
      </trkpt>
      <trkpt lat="54.861457" lon="24.870848">
        <ele>111</ele>
      </trkpt>
      <trkpt lat="54.861397" lon="24.87086">
        <ele>111</ele>
      </trkpt>
      <trkpt lat="54.86135" lon="24.870808">
        <ele>111</ele>
      </trkpt>
      <trkpt lat="54.861219" lon="24.870493">
        <ele>111</ele>
      </trkpt>
      <trkpt lat="54.860949" lon="24.870097">
        <ele>110</ele>
      </trkpt>
      <trkpt lat="54.860674" lon="24.868968">
        <ele>111</ele>
      </trkpt>
      <trkpt lat="54.860508" lon="24.868727">
        <ele>111</ele>
      </trkpt>
      <trkpt lat="54.860052" lon="24.868659">
        <ele>110</ele>
      </trkpt>
      <trkpt lat="54.859897" lon="24.868753">
        <ele>110</ele>
      </trkpt>
      <trkpt lat="54.859402" lon="24.868862">
        <ele>111</ele>
      </trkpt>
      <trkpt lat="54.858749" lon="24.868793">
        <ele>111</ele>
      </trkpt>
      <trkpt lat="54.857839" lon="24.868253">
        <ele>109</ele>
      </trkpt>
      <trkpt lat="54.85732" lon="24.868255">
        <ele>107</ele>
      </trkpt>
      <trkpt lat="54.85719" lon="24.868213">
        <ele>107</ele>
      </trkpt>
      <trkpt lat="54.856834" lon="24.867763">
        <ele>106</ele>
      </trkpt>
      <trkpt lat="54.856688" lon="24.86751">
        <ele>105</ele>
      </trkpt>
      <trkpt lat="54.856579" lon="24.867412">
        <ele>103</ele>
      </trkpt>
      <trkpt lat="54.856466" lon="24.8674779">
        <ele>101</ele>
      </trkpt>
      <trkpt lat="54.85613" lon="24.867822">
        <ele>97</ele>
      </trkpt>
      <trkpt lat="54.855929" lon="24.867836">
        <ele>94</ele>
      </trkpt>
      <trkpt lat="54.855843" lon="24.867768">
        <ele>93</ele>
      </trkpt>
      <trkpt lat="54.855742" lon="24.867532">
        <ele>92</ele>
      </trkpt>
      <trkpt lat="54.855629" lon="24.8668039">
        <ele>89</ele>
      </trkpt>
      <trkpt lat="54.855623" lon="24.866176">
        <ele>87</ele>
      </trkpt>
      <trkpt lat="54.854721" lon="24.865818">
        <ele>85</ele>
      </trkpt>
      <trkpt lat="54.854614" lon="24.865627">
        <ele>85</ele>
      </trkpt>
      <trkpt lat="54.854361" lon="24.865368">
        <ele>80</ele>
      </trkpt>
      <trkpt lat="54.854171" lon="24.864919">
        <ele>79</ele>
      </trkpt>
      <trkpt lat="54.854164" lon="24.864668">
        <ele>78</ele>
      </trkpt>
      <trkpt lat="54.854227" lon="24.864334">
        <ele>76</ele>
      </trkpt>
      <trkpt lat="54.85419" lon="24.864079">
        <ele>74</ele>
      </trkpt>
      <trkpt lat="54.854033" lon="24.863842">
        <ele>73</ele>
      </trkpt>
      <trkpt lat="54.853837" lon="24.863695">
        <ele>66</ele>
      </trkpt>
      <trkpt lat="54.853645" lon="24.863707">
        <ele>66</ele>
      </trkpt>
      <trkpt lat="54.853337" lon="24.863835">
        <ele>69</ele>
      </trkpt>
      <trkpt lat="54.852818" lon="24.863872">
        <ele>69</ele>
      </trkpt>
      <trkpt lat="54.852522" lon="24.863951">
        <ele>69</ele>
      </trkpt>
      <trkpt lat="54.85221" lon="24.863923">
        <ele>69</ele>
      </trkpt>
      <trkpt lat="54.851634" lon="24.863709">
        <ele>69</ele>
      </trkpt>
      <trkpt lat="54.85121" lon="24.863678">
        <ele>63</ele>
      </trkpt>
      <trkpt lat="54.851007" lon="24.863256">
        <ele>64</ele>
      </trkpt>
      <trkpt lat="54.849948" lon="24.86267">
        <ele>67</ele>
      </trkpt>
      <trkpt lat="54.849053" lon="24.862559">
        <ele>67</ele>
      </trkpt>
      <trkpt lat="54.84869" lon="24.862583">
        <ele>67</ele>
      </trkpt>
      <trkpt lat="54.848475" lon="24.862503">
        <ele>66</ele>
      </trkpt>
      <trkpt lat="54.848299" lon="24.862495">
        <ele>65</ele>
      </trkpt>
      <trkpt lat="54.848064" lon="24.86257">
        <ele>65</ele>
      </trkpt>
      <trkpt lat="54.84755" lon="24.862895">
        <ele>65</ele>
      </trkpt>
      <trkpt lat="54.846855" lon="24.863204">
        <ele>64</ele>
      </trkpt>
      <trkpt lat="54.846652" lon="24.863409">
        <ele>65</ele>
      </trkpt>
      <trkpt lat="54.846307" lon="24.863941">
        <ele>66</ele>
      </trkpt>
      <trkpt lat="54.846009" lon="24.864258">
        <ele>67</ele>
      </trkpt>
      <trkpt lat="54.845703" lon="24.864692">
        <ele>66</ele>
      </trkpt>
      <trkpt lat="54.845419" lon="24.865229">
        <ele>67</ele>
      </trkpt>
      <trkpt lat="54.845087" lon="24.866025">
        <ele>67</ele>
      </trkpt>
      <trkpt lat="54.845003" lon="24.866323">
        <ele>67</ele>
      </trkpt>
      <trkpt lat="54.844961" lon="24.866643">
        <ele>67</ele>
      </trkpt>
      <trkpt lat="54.844958" lon="24.867558">
        <ele>70</ele>
      </trkpt>
      <trkpt lat="54.844521" lon="24.869169">
        <ele>69</ele>
      </trkpt>
      <trkpt lat="54.844455" lon="24.870205">
        <ele>69</ele>
      </trkpt>
      <trkpt lat="54.844508" lon="24.870908">
        <ele>68</ele>
      </trkpt>
      <trkpt lat="54.844792" lon="24.871982">
        <ele>71</ele>
      </trkpt>
      <trkpt lat="54.84505" lon="24.872613">
        <ele>76</ele>
      </trkpt>
      <trkpt lat="54.845728" lon="24.874021">
        <ele>78</ele>
      </trkpt>
      <trkpt lat="54.845989" lon="24.874703">
        <ele>78</ele>
      </trkpt>
      <trkpt lat="54.846098" lon="24.875211">
        <ele>78</ele>
      </trkpt>
      <trkpt lat="54.846181" lon="24.8762009">
        <ele>79</ele>
      </trkpt>
      <trkpt lat="54.846466" lon="24.877993">
        <ele>81</ele>
      </trkpt>
      <trkpt lat="54.84673" lon="24.879001">
        <ele>81</ele>
      </trkpt>
      <trkpt lat="54.847272" lon="24.880821">
        <ele>83</ele>
      </trkpt>
      <trkpt lat="54.848419" lon="24.883657">
        <ele>86</ele>
      </trkpt>
      <trkpt lat="54.848522" lon="24.884053">
        <ele>91</ele>
      </trkpt>
      <trkpt lat="54.84849" lon="24.884107">
        <ele>86</ele>
      </trkpt>
      <trkpt lat="54.848364" lon="24.884124">
        <ele>87</ele>
      </trkpt>
      <trkpt lat="54.847773" lon="24.883938">
        <ele>85</ele>
      </trkpt>
      <trkpt lat="54.847357" lon="24.883733">
        <ele>83</ele>
      </trkpt>
      <trkpt lat="54.84705" lon="24.883455">
        <ele>79</ele>
      </trkpt>
      <trkpt lat="54.846866" lon="24.883422">
        <ele>78</ele>
      </trkpt>
      <trkpt lat="54.846734" lon="24.883488">
        <ele>78</ele>
      </trkpt>
      <trkpt lat="54.846622" lon="24.883621">
        <ele>77</ele>
      </trkpt>
      <trkpt lat="54.846423" lon="24.884121">
        <ele>73</ele>
      </trkpt>
      <trkpt lat="54.846426" lon="24.88466">
        <ele>71</ele>
      </trkpt>
      <trkpt lat="54.846522" lon="24.88561">
        <ele>65</ele>
      </trkpt>
      <trkpt lat="54.846674" lon="24.886546">
        <ele>64</ele>
      </trkpt>
      <trkpt lat="54.846677" lon="24.888207">
        <ele>62</ele>
      </trkpt>
      <trkpt lat="54.846616" lon="24.888936">
        <ele>64</ele>
      </trkpt>
      <trkpt lat="54.846543" lon="24.889288">
        <ele>64</ele>
      </trkpt>
      <trkpt lat="54.84649" lon="24.890198">
        <ele>64</ele>
      </trkpt>
      <trkpt lat="54.846379" lon="24.890572">
        <ele>63</ele>
      </trkpt>
      <trkpt lat="54.846326" lon="24.891517">
        <ele>67</ele>
      </trkpt>
      <trkpt lat="54.846358" lon="24.8916499">
        <ele>67</ele>
      </trkpt>
      <trkpt lat="54.846238" lon="24.892063">
        <ele>68</ele>
      </trkpt>
      <trkpt lat="54.846145" lon="24.893458">
        <ele>70</ele>
      </trkpt>
      <trkpt lat="54.84601" lon="24.894105">
        <ele>72</ele>
      </trkpt>
      <trkpt lat="54.845767" lon="24.895879">
        <ele>71</ele>
      </trkpt>
      <trkpt lat="54.845524" lon="24.896739">
        <ele>70</ele>
      </trkpt>
      <trkpt lat="54.84549" lon="24.897081">
        <ele>69</ele>
      </trkpt>
      <trkpt lat="54.845403" lon="24.897375">
        <ele>69</ele>
      </trkpt>
      <trkpt lat="54.845227" lon="24.8976289">
        <ele>68</ele>
      </trkpt>
      <trkpt lat="54.845169" lon="24.897799">
        <ele>68</ele>
      </trkpt>
      <trkpt lat="54.845107" lon="24.8984409">
        <ele>67</ele>
      </trkpt>
      <trkpt lat="54.845167" lon="24.898898">
        <ele>68</ele>
      </trkpt>
      <trkpt lat="54.845153" lon="24.899092">
        <ele>69</ele>
      </trkpt>
      <trkpt lat="54.844933" lon="24.899337">
        <ele>68</ele>
      </trkpt>
      <trkpt lat="54.844812" lon="24.8998199">
        <ele>67</ele>
      </trkpt>
      <trkpt lat="54.844563" lon="24.90021">
        <ele>65</ele>
      </trkpt>
      <trkpt lat="54.844479" lon="24.9006839">
        <ele>68</ele>
      </trkpt>
      <trkpt lat="54.844269" lon="24.901321">
        <ele>71</ele>
      </trkpt>
      <trkpt lat="54.843866" lon="24.902031">
        <ele>75</ele>
      </trkpt>
      <trkpt lat="54.843947" lon="24.902506">
        <ele>83</ele>
      </trkpt>
      <trkpt lat="54.843903" lon="24.902735">
        <ele>87</ele>
      </trkpt>
      <trkpt lat="54.843923" lon="24.902862">
        <ele>88</ele>
      </trkpt>
      <trkpt lat="54.844025" lon="24.9031309">
        <ele>94</ele>
      </trkpt>
      <trkpt lat="54.844187" lon="24.9033349">
        <ele>104</ele>
      </trkpt>
      <trkpt lat="54.844265" lon="24.903596">
        <ele>106</ele>
      </trkpt>
      <trkpt lat="54.844497" lon="24.903955">
        <ele>109</ele>
      </trkpt>
      <trkpt lat="54.844527" lon="24.904335">
        <ele>113</ele>
      </trkpt>
      <trkpt lat="54.844724" lon="24.904797">
        <ele>115</ele>
      </trkpt>
      <trkpt lat="54.844803" lon="24.905722">
        <ele>120</ele>
      </trkpt>
      <trkpt lat="54.84478" lon="24.90617">
        <ele>122</ele>
      </trkpt>
      <trkpt lat="54.844702" lon="24.906618">
        <ele>122</ele>
      </trkpt>
      <trkpt lat="54.844271" lon="24.908071">
        <ele>121</ele>
      </trkpt>
      <trkpt lat="54.844117" lon="24.909456">
        <ele>121</ele>
      </trkpt>
      <trkpt lat="54.844152" lon="24.909816">
        <ele>122</ele>
      </trkpt>
      <trkpt lat="54.844489" lon="24.911395">
        <ele>121</ele>
      </trkpt>
      <trkpt lat="54.844523" lon="24.911923">
        <ele>121</ele>
      </trkpt>
      <trkpt lat="54.844428" lon="24.913213">
        <ele>119</ele>
      </trkpt>
      <trkpt lat="54.844069" lon="24.915105">
        <ele>119</ele>
      </trkpt>
      <trkpt lat="54.843954" lon="24.916447">
        <ele>126</ele>
      </trkpt>
      <trkpt lat="54.843453" lon="24.917903">
        <ele>132</ele>
      </trkpt>
      <trkpt lat="54.843486" lon="24.918121">
        <ele>132</ele>
      </trkpt>
      <trkpt lat="54.843799" lon="24.918858">
        <ele>130</ele>
      </trkpt>
      <trkpt lat="54.844006" lon="24.919856">
        <ele>128</ele>
      </trkpt>
      <trkpt lat="54.844059" lon="24.920351">
        <ele>127</ele>
      </trkpt>
      <trkpt lat="54.843966" lon="24.920805">
        <ele>129</ele>
      </trkpt>
      <trkpt lat="54.843297" lon="24.922179">
        <ele>134</ele>
      </trkpt>
      <trkpt lat="54.842858" lon="24.923266">
        <ele>132</ele>
      </trkpt>
      <trkpt lat="54.842351" lon="24.924343">
        <ele>130</ele>
      </trkpt>
      <trkpt lat="54.842252" lon="24.924467">
        <ele>130</ele>
      </trkpt>
      <trkpt lat="54.842189" lon="24.924439">
        <ele>130</ele>
      </trkpt>
      <trkpt lat="54.842071" lon="24.924275">
        <ele>130</ele>
      </trkpt>
      <trkpt lat="54.841073" lon="24.922558">
        <ele>125</ele>
      </trkpt>
      <trkpt lat="54.839511" lon="24.920042">
        <ele>130</ele>
      </trkpt>
      <trkpt lat="54.839321" lon="24.919866">
        <ele>132</ele>
      </trkpt>
      <trkpt lat="54.83915" lon="24.919799">
        <ele>133</ele>
      </trkpt>
      <trkpt lat="54.838969" lon="24.9197789">
        <ele>133</ele>
      </trkpt>
      <trkpt lat="54.838428" lon="24.919851">
        <ele>132</ele>
      </trkpt>
      <trkpt lat="54.838293" lon="24.919781">
        <ele>133</ele>
      </trkpt>
      <trkpt lat="54.838063" lon="24.919442">
        <ele>133</ele>
      </trkpt>
      <trkpt lat="54.837488" lon="24.918372">
        <ele>132</ele>
      </trkpt>
      <trkpt lat="54.837295" lon="24.918135">
        <ele>131</ele>
      </trkpt>
      <trkpt lat="54.837081" lon="24.918001">
        <ele>130</ele>
      </trkpt>
      <trkpt lat="54.836671" lon="24.917955">
        <ele>131</ele>
      </trkpt>
      <trkpt lat="54.835216" lon="24.918141">
        <ele>133</ele>
      </trkpt>
      <trkpt lat="54.834138" lon="24.918227">
        <ele>132</ele>
      </trkpt>
      <trkpt lat="54.832698" lon="24.918424">
        <ele>131</ele>
      </trkpt>
      <trkpt lat="54.831052" lon="24.918489">
        <ele>126</ele>
      </trkpt>
      <trkpt lat="54.830528" lon="24.918565">
        <ele>125</ele>
      </trkpt>
      <trkpt lat="54.830155" lon="24.918568">
        <ele>125</ele>
      </trkpt>
      <trkpt lat="54.829296" lon="24.918707">
        <ele>124</ele>
      </trkpt>
      <trkpt lat="54.827192" lon="24.918903">
        <ele>119</ele>
      </trkpt>
      <trkpt lat="54.82587" lon="24.919082">
        <ele>116</ele>
      </trkpt>
      <trkpt lat="54.824906" lon="24.918923">
        <ele>116</ele>
      </trkpt>
      <trkpt lat="54.824097" lon="24.9185589">
        <ele>119</ele>
      </trkpt>
      <trkpt lat="54.822193" lon="24.917913">
        <ele>118</ele>
      </trkpt>
      <trkpt lat="54.820482" lon="24.917211">
        <ele>118</ele>
      </trkpt>
      <trkpt lat="54.819164" lon="24.916721">
        <ele>119</ele>
      </trkpt>
      <trkpt lat="54.818517" lon="24.91642">
        <ele>121</ele>
      </trkpt>
      <trkpt lat="54.818393" lon="24.916407">
        <ele>121</ele>
      </trkpt>
      <trkpt lat="54.818365" lon="24.916463">
        <ele>120</ele>
      </trkpt>
      <trkpt lat="54.818415" lon="24.916671">
        <ele>120</ele>
      </trkpt>
      <trkpt lat="54.819718" lon="24.919888">
        <ele>118</ele>
      </trkpt>
      <trkpt lat="54.819833" lon="24.920359">
        <ele>119</ele>
      </trkpt>
      <trkpt lat="54.820188" lon="24.921358">
        <ele>118</ele>
      </trkpt>
      <trkpt lat="54.820219" lon="24.921593">
        <ele>118</ele>
      </trkpt>
      <trkpt lat="54.819889" lon="24.922953">
        <ele>119</ele>
      </trkpt>
      <trkpt lat="54.819263" lon="24.9247419">
        <ele>123</ele>
      </trkpt>
      <trkpt lat="54.819066" lon="24.925081">
        <ele>123</ele>
      </trkpt>
      <trkpt lat="54.818424" lon="24.92586">
        <ele>126</ele>
      </trkpt>
      <trkpt lat="54.818055" lon="24.926589">
        <ele>124</ele>
      </trkpt>
      <trkpt lat="54.818044" lon="24.928126">
        <ele>114</ele>
      </trkpt>
      <trkpt lat="54.818162" lon="24.928766">
        <ele>109</ele>
      </trkpt>
      <trkpt lat="54.818237" lon="24.928989">
        <ele>108</ele>
      </trkpt>
      <trkpt lat="54.818357" lon="24.929097">
        <ele>106</ele>
      </trkpt>
      <trkpt lat="54.818581" lon="24.929173">
        <ele>102</ele>
      </trkpt>
      <trkpt lat="54.8189" lon="24.929154">
        <ele>98</ele>
      </trkpt>
      <trkpt lat="54.819064" lon="24.929275">
        <ele>97</ele>
      </trkpt>
      <trkpt lat="54.819113" lon="24.9295459">
        <ele>96</ele>
      </trkpt>
      <trkpt lat="54.818835" lon="24.930453">
        <ele>85</ele>
      </trkpt>
      <trkpt lat="54.818846" lon="24.930682">
        <ele>84</ele>
      </trkpt>
      <trkpt lat="54.818982" lon="24.930865">
        <ele>83</ele>
      </trkpt>
      <trkpt lat="54.819152" lon="24.930931">
        <ele>86</ele>
      </trkpt>
      <trkpt lat="54.819288" lon="24.931233">
        <ele>90</ele>
      </trkpt>
      <trkpt lat="54.819456" lon="24.93145">
        <ele>89</ele>
      </trkpt>
      <trkpt lat="54.819506" lon="24.931614">
        <ele>86</ele>
      </trkpt>
      <trkpt lat="54.81966" lon="24.931805">
        <ele>85</ele>
      </trkpt>
      <trkpt lat="54.819859" lon="24.93196">
        <ele>88</ele>
      </trkpt>
      <trkpt lat="54.820096" lon="24.931832">
        <ele>92</ele>
      </trkpt>
      <trkpt lat="54.820164" lon="24.93198">
        <ele>90</ele>
      </trkpt>
      <trkpt lat="54.820344" lon="24.933102">
        <ele>76</ele>
      </trkpt>
      <trkpt lat="54.820855" lon="24.933996">
        <ele>75</ele>
      </trkpt>
      <trkpt lat="54.820952" lon="24.935248">
        <ele>76</ele>
      </trkpt>
      <trkpt lat="54.820819" lon="24.935726">
        <ele>76</ele>
      </trkpt>
      <trkpt lat="54.820838" lon="24.935984">
        <ele>76</ele>
      </trkpt>
      <trkpt lat="54.820944" lon="24.936308">
        <ele>76</ele>
      </trkpt>
      <trkpt lat="54.82106" lon="24.936475">
        <ele>76</ele>
      </trkpt>
      <trkpt lat="54.821497" lon="24.937446">
        <ele>77</ele>
      </trkpt>
      <trkpt lat="54.822099" lon="24.938057">
        <ele>79</ele>
      </trkpt>
      <trkpt lat="54.822211" lon="24.93809">
        <ele>80</ele>
      </trkpt>
      <trkpt lat="54.822349" lon="24.938039">
        <ele>82</ele>
      </trkpt>
      <trkpt lat="54.822597" lon="24.9380479">
        <ele>83</ele>
      </trkpt>
      <trkpt lat="54.822918" lon="24.938215">
        <ele>85</ele>
      </trkpt>
      <trkpt lat="54.823033" lon="24.938332">
        <ele>85</ele>
      </trkpt>
      <trkpt lat="54.823083" lon="24.938495">
        <ele>85</ele>
      </trkpt>
      <trkpt lat="54.823083" lon="24.938718">
        <ele>84</ele>
      </trkpt>
      <trkpt lat="54.823247" lon="24.939161">
        <ele>83</ele>
      </trkpt>
      <trkpt lat="54.823291" lon="24.939198">
        <ele>83</ele>
      </trkpt>
      <trkpt lat="54.823437" lon="24.939171">
        <ele>85</ele>
      </trkpt>
      <trkpt lat="54.823574" lon="24.9393369">
        <ele>86</ele>
      </trkpt>
      <trkpt lat="54.823617" lon="24.939878">
        <ele>87</ele>
      </trkpt>
      <trkpt lat="54.823911" lon="24.940636">
        <ele>88</ele>
      </trkpt>
      <trkpt lat="54.824107" lon="24.941001">
        <ele>90</ele>
      </trkpt>
      <trkpt lat="54.824312" lon="24.940439">
        <ele>107</ele>
      </trkpt>
      <trkpt lat="54.824485" lon="24.940312">
        <ele>109</ele>
      </trkpt>
      <trkpt lat="54.824669" lon="24.940295">
        <ele>111</ele>
      </trkpt>
      <trkpt lat="54.824777" lon="24.940238">
        <ele>111</ele>
      </trkpt>
      <trkpt lat="54.824905" lon="24.939934">
        <ele>113</ele>
      </trkpt>
      <trkpt lat="54.824998" lon="24.939857">
        <ele>112</ele>
      </trkpt>
      <trkpt lat="54.825067" lon="24.93992">
        <ele>112</ele>
      </trkpt>
      <trkpt lat="54.825169" lon="24.940196">
        <ele>109</ele>
      </trkpt>
      <trkpt lat="54.825289" lon="24.940276">
        <ele>109</ele>
      </trkpt>
      <trkpt lat="54.825484" lon="24.940311">
        <ele>108</ele>
      </trkpt>
      <trkpt lat="54.825557" lon="24.94038">
        <ele>108</ele>
      </trkpt>
      <trkpt lat="54.825769" lon="24.940782">
        <ele>107</ele>
      </trkpt>
      <trkpt lat="54.825928" lon="24.940977">
        <ele>106</ele>
      </trkpt>
      <trkpt lat="54.825889" lon="24.941287">
        <ele>103</ele>
      </trkpt>
      <trkpt lat="54.82576" lon="24.941491">
        <ele>98</ele>
      </trkpt>
      <trkpt lat="54.825865" lon="24.94166">
        <ele>98</ele>
      </trkpt>
      <trkpt lat="54.825972" lon="24.941683">
        <ele>100</ele>
      </trkpt>
      <trkpt lat="54.825993" lon="24.941725">
        <ele>101</ele>
      </trkpt>
      <trkpt lat="54.826181" lon="24.942404">
        <ele>103</ele>
      </trkpt>
      <trkpt lat="54.826106" lon="24.942577">
        <ele>100</ele>
      </trkpt>
      <trkpt lat="54.826128" lon="24.942748">
        <ele>98</ele>
      </trkpt>
      <trkpt lat="54.826283" lon="24.943167">
        <ele>96</ele>
      </trkpt>
      <trkpt lat="54.826325" lon="24.9432319">
        <ele>96</ele>
      </trkpt>
      <trkpt lat="54.826448" lon="24.943238">
        <ele>96</ele>
      </trkpt>
      <trkpt lat="54.826485" lon="24.943279">
        <ele>96</ele>
      </trkpt>
      <trkpt lat="54.826587" lon="24.943599">
        <ele>96</ele>
      </trkpt>
      <trkpt lat="54.826645" lon="24.943959">
        <ele>96</ele>
      </trkpt>
      <trkpt lat="54.826614" lon="24.944645">
        <ele>95</ele>
      </trkpt>
      <trkpt lat="54.826746" lon="24.945877">
        <ele>97</ele>
      </trkpt>
      <trkpt lat="54.826669" lon="24.945922">
        <ele>97</ele>
      </trkpt>
      <trkpt lat="54.826373" lon="24.945822">
        <ele>95</ele>
      </trkpt>
      <trkpt lat="54.825913" lon="24.945815">
        <ele>94</ele>
      </trkpt>
      <trkpt lat="54.825233" lon="24.945664">
        <ele>93</ele>
      </trkpt>
      <trkpt lat="54.825092" lon="24.945599">
        <ele>92</ele>
      </trkpt>
      <trkpt lat="54.824972" lon="24.945447">
        <ele>92</ele>
      </trkpt>
      <trkpt lat="54.824754" lon="24.944989">
        <ele>92</ele>
      </trkpt>
      <trkpt lat="54.824709" lon="24.944486">
        <ele>94</ele>
      </trkpt>
      <trkpt lat="54.82461" lon="24.944314">
        <ele>100</ele>
      </trkpt>
      <trkpt lat="54.82445" lon="24.944531">
        <ele>103</ele>
      </trkpt>
      <trkpt lat="54.824168" lon="24.9445279">
        <ele>103</ele>
      </trkpt>
      <trkpt lat="54.823896" lon="24.944653">
        <ele>103</ele>
      </trkpt>
      <trkpt lat="54.823604" lon="24.944508">
        <ele>104</ele>
      </trkpt>
      <trkpt lat="54.823476" lon="24.944537">
        <ele>105</ele>
      </trkpt>
      <trkpt lat="54.823399" lon="24.944617">
        <ele>108</ele>
      </trkpt>
      <trkpt lat="54.823312" lon="24.944874">
        <ele>109</ele>
      </trkpt>
      <trkpt lat="54.823143" lon="24.945151">
        <ele>112</ele>
      </trkpt>
      <trkpt lat="54.822899" lon="24.94545">
        <ele>114</ele>
      </trkpt>
      <trkpt lat="54.822689" lon="24.945613">
        <ele>115</ele>
      </trkpt>
      <trkpt lat="54.821319" lon="24.945932">
        <ele>126</ele>
      </trkpt>
      <trkpt lat="54.821187" lon="24.9459209">
        <ele>126</ele>
      </trkpt>
      <trkpt lat="54.821131" lon="24.945764">
        <ele>128</ele>
      </trkpt>
      <trkpt lat="54.82107" lon="24.944481">
        <ele>129</ele>
      </trkpt>
      <trkpt lat="54.820866" lon="24.942587">
        <ele>128</ele>
      </trkpt>
      <trkpt lat="54.820701" lon="24.939481">
        <ele>119</ele>
      </trkpt>
      <trkpt lat="54.820517" lon="24.938884">
        <ele>123</ele>
      </trkpt>
      <trkpt lat="54.820238" lon="24.938426">
        <ele>118</ele>
      </trkpt>
      <trkpt lat="54.819441" lon="24.93749">
        <ele>116</ele>
      </trkpt>
      <trkpt lat="54.819376" lon="24.937311">
        <ele>115</ele>
      </trkpt>
      <trkpt lat="54.819408" lon="24.936923">
        <ele>114</ele>
      </trkpt>
      <trkpt lat="54.819672" lon="24.936426">
        <ele>105</ele>
      </trkpt>
      <trkpt lat="54.819748" lon="24.936134">
        <ele>96</ele>
      </trkpt>
      <trkpt lat="54.819834" lon="24.936017">
        <ele>90</ele>
      </trkpt>
      <trkpt lat="54.819961" lon="24.935628">
        <ele>86</ele>
      </trkpt>
      <trkpt lat="54.819949" lon="24.935152">
        <ele>82</ele>
      </trkpt>
      <trkpt lat="54.819836" lon="24.934546">
        <ele>78</ele>
      </trkpt>
      <trkpt lat="54.819526" lon="24.934097">
        <ele>77</ele>
      </trkpt>
      <trkpt lat="54.819006" lon="24.933829">
        <ele>73</ele>
      </trkpt>
      <trkpt lat="54.818708" lon="24.933723">
        <ele>71</ele>
      </trkpt>
      <trkpt lat="54.818458" lon="24.933543">
        <ele>69</ele>
      </trkpt>
      <trkpt lat="54.81779" lon="24.933266">
        <ele>68</ele>
      </trkpt>
      <trkpt lat="54.817617" lon="24.933312">
        <ele>69</ele>
      </trkpt>
      <trkpt lat="54.817334" lon="24.933616">
        <ele>70</ele>
      </trkpt>
      <trkpt lat="54.817105" lon="24.933736">
        <ele>71</ele>
      </trkpt>
      <trkpt lat="54.816998" lon="24.933739">
        <ele>70</ele>
      </trkpt>
      <trkpt lat="54.816901" lon="24.933346">
        <ele>71</ele>
      </trkpt>
      <trkpt lat="54.816524" lon="24.933021">
        <ele>70</ele>
      </trkpt>
      <trkpt lat="54.816464" lon="24.933007">
        <ele>70</ele>
      </trkpt>
      <trkpt lat="54.816391" lon="24.933058">
        <ele>70</ele>
      </trkpt>
      <trkpt lat="54.816233" lon="24.9336829">
        <ele>70</ele>
      </trkpt>
      <trkpt lat="54.816223" lon="24.934206">
        <ele>70</ele>
      </trkpt>
      <trkpt lat="54.816157" lon="24.934453">
        <ele>70</ele>
      </trkpt>
      <trkpt lat="54.81615" lon="24.935038">
        <ele>71</ele>
      </trkpt>
      <trkpt lat="54.816049" lon="24.936094">
        <ele>69</ele>
      </trkpt>
      <trkpt lat="54.815767" lon="24.937781">
        <ele>72</ele>
      </trkpt>
      <trkpt lat="54.814635" lon="24.942936">
        <ele>71</ele>
      </trkpt>
      <trkpt lat="54.814076" lon="24.947308">
        <ele>71</ele>
      </trkpt>
      <trkpt lat="54.814026" lon="24.9485129">
        <ele>71</ele>
      </trkpt>
      <trkpt lat="54.814044" lon="24.949824">
        <ele>70</ele>
      </trkpt>
      <trkpt lat="54.814" lon="24.950425">
        <ele>72</ele>
      </trkpt>
      <trkpt lat="54.813406" lon="24.952886">
        <ele>74</ele>
      </trkpt>
      <trkpt lat="54.813391" lon="24.953484">
        <ele>77</ele>
      </trkpt>
      <trkpt lat="54.813574" lon="24.954004">
        <ele>84</ele>
      </trkpt>
      <trkpt lat="54.813742" lon="24.954344">
        <ele>88</ele>
      </trkpt>
      <trkpt lat="54.813864" lon="24.955009">
        <ele>91</ele>
      </trkpt>
      <trkpt lat="54.813807" lon="24.956116">
        <ele>93</ele>
      </trkpt>
      <trkpt lat="54.813695" lon="24.957076">
        <ele>94</ele>
      </trkpt>
      <trkpt lat="54.813704" lon="24.957662">
        <ele>94</ele>
      </trkpt>
      <trkpt lat="54.813962" lon="24.958635">
        <ele>94</ele>
      </trkpt>
      <trkpt lat="54.814006" lon="24.958972">
        <ele>93</ele>
      </trkpt>
      <trkpt lat="54.814006" lon="24.959549">
        <ele>94</ele>
      </trkpt>
      <trkpt lat="54.814098" lon="24.959959">
        <ele>95</ele>
      </trkpt>
      <trkpt lat="54.814152" lon="24.960474">
        <ele>97</ele>
      </trkpt>
      <trkpt lat="54.813927" lon="24.961761">
        <ele>99</ele>
      </trkpt>
      <trkpt lat="54.813708" lon="24.962248">
        <ele>97</ele>
      </trkpt>
      <trkpt lat="54.813522" lon="24.962416">
        <ele>97</ele>
      </trkpt>
      <trkpt lat="54.813381" lon="24.9628869">
        <ele>97</ele>
      </trkpt>
      <trkpt lat="54.813108" lon="24.963162">
        <ele>97</ele>
      </trkpt>
      <trkpt lat="54.812647" lon="24.963915">
        <ele>96</ele>
      </trkpt>
      <trkpt lat="54.812168" lon="24.964505">
        <ele>95</ele>
      </trkpt>
      <trkpt lat="54.811945" lon="24.965034">
        <ele>95</ele>
      </trkpt>
      <trkpt lat="54.811771" lon="24.96566">
        <ele>96</ele>
      </trkpt>
      <trkpt lat="54.811636" lon="24.96646">
        <ele>98</ele>
      </trkpt>
      <trkpt lat="54.811537" lon="24.96663">
        <ele>97</ele>
      </trkpt>
      <trkpt lat="54.811388" lon="24.966645">
        <ele>97</ele>
      </trkpt>
      <trkpt lat="54.811195" lon="24.966576">
        <ele>96</ele>
      </trkpt>
      <trkpt lat="54.810381" lon="24.966665">
        <ele>94</ele>
      </trkpt>
      <trkpt lat="54.810107" lon="24.966597">
        <ele>94</ele>
      </trkpt>
      <trkpt lat="54.809948" lon="24.966504">
        <ele>94</ele>
      </trkpt>
      <trkpt lat="54.809694" lon="24.9664569">
        <ele>94</ele>
      </trkpt>
      <trkpt lat="54.809557" lon="24.966311">
        <ele>94</ele>
      </trkpt>
      <trkpt lat="54.809447" lon="24.965974">
        <ele>92</ele>
      </trkpt>
      <trkpt lat="54.809287" lon="24.965677">
        <ele>88</ele>
      </trkpt>
      <trkpt lat="54.80908" lon="24.965498">
        <ele>83</ele>
      </trkpt>
      <trkpt lat="54.808949" lon="24.965471">
        <ele>79</ele>
      </trkpt>
      <trkpt lat="54.808684" lon="24.965844">
        <ele>75</ele>
      </trkpt>
      <trkpt lat="54.808127" lon="24.966368">
        <ele>73</ele>
      </trkpt>
      <trkpt lat="54.807781" lon="24.96683">
        <ele>74</ele>
      </trkpt>
      <trkpt lat="54.807689" lon="24.966847">
        <ele>74</ele>
      </trkpt>
      <trkpt lat="54.807626" lon="24.966797">
        <ele>73</ele>
      </trkpt>
      <trkpt lat="54.807428" lon="24.966475">
        <ele>71</ele>
      </trkpt>
      <trkpt lat="54.807318" lon="24.966408">
        <ele>71</ele>
      </trkpt>
      <trkpt lat="54.807185" lon="24.966458">
        <ele>71</ele>
      </trkpt>
      <trkpt lat="54.806917" lon="24.966795">
        <ele>70</ele>
      </trkpt>
      <trkpt lat="54.806722" lon="24.967323">
        <ele>71</ele>
      </trkpt>
      <trkpt lat="54.806485" lon="24.969009">
        <ele>71</ele>
      </trkpt>
      <trkpt lat="54.806272" lon="24.969817">
        <ele>71</ele>
      </trkpt>
      <trkpt lat="54.806203" lon="24.970243">
        <ele>71</ele>
      </trkpt>
      <trkpt lat="54.805995" lon="24.9705419">
        <ele>70</ele>
      </trkpt>
      <trkpt lat="54.805477" lon="24.971564">
        <ele>69</ele>
      </trkpt>
      <trkpt lat="54.805316" lon="24.971797">
        <ele>68</ele>
      </trkpt>
      <trkpt lat="54.804638" lon="24.973489">
        <ele>69</ele>
      </trkpt>
      <trkpt lat="54.804147" lon="24.974276">
        <ele>69</ele>
      </trkpt>
      <trkpt lat="54.803829" lon="24.974588">
        <ele>70</ele>
      </trkpt>
      <trkpt lat="54.803506" lon="24.975072">
        <ele>69</ele>
      </trkpt>
      <trkpt lat="54.803264" lon="24.9750489">
        <ele>70</ele>
      </trkpt>
      <trkpt lat="54.803207" lon="24.975077">
        <ele>70</ele>
      </trkpt>
      <trkpt lat="54.802289" lon="24.975786">
        <ele>69</ele>
      </trkpt>
      <trkpt lat="54.802216" lon="24.975896">
        <ele>69</ele>
      </trkpt>
      <trkpt lat="54.802133" lon="24.9761859">
        <ele>70</ele>
      </trkpt>
      <trkpt lat="54.801565" lon="24.977004">
        <ele>68</ele>
      </trkpt>
      <trkpt lat="54.801217" lon="24.978262">
        <ele>107</ele>
      </trkpt>
      <trkpt lat="54.800877" lon="24.978984">
        <ele>120</ele>
      </trkpt>
      <trkpt lat="54.800482" lon="24.97965">
        <ele>126</ele>
      </trkpt>
      <trkpt lat="54.800451" lon="24.979816">
        <ele>128</ele>
      </trkpt>
      <trkpt lat="54.800488" lon="24.980208">
        <ele>127</ele>
      </trkpt>
      <trkpt lat="54.800423" lon="24.980762">
        <ele>127</ele>
      </trkpt>
      <trkpt lat="54.800319" lon="24.9811799">
        <ele>126</ele>
      </trkpt>
      <trkpt lat="54.800236" lon="24.981314">
        <ele>126</ele>
      </trkpt>
      <trkpt lat="54.799898" lon="24.981475">
        <ele>125</ele>
      </trkpt>
      <trkpt lat="54.799616" lon="24.981445">
        <ele>127</ele>
      </trkpt>
      <trkpt lat="54.799437" lon="24.981632">
        <ele>127</ele>
      </trkpt>
      <trkpt lat="54.799284" lon="24.981677">
        <ele>126</ele>
      </trkpt>
      <trkpt lat="54.799119" lon="24.981558">
        <ele>128</ele>
      </trkpt>
      <trkpt lat="54.798886" lon="24.981077">
        <ele>126</ele>
      </trkpt>
      <trkpt lat="54.798697" lon="24.9811799">
        <ele>125</ele>
      </trkpt>
      <trkpt lat="54.798291" lon="24.981237">
        <ele>122</ele>
      </trkpt>
      <trkpt lat="54.798037" lon="24.9813459">
        <ele>121</ele>
      </trkpt>
      <trkpt lat="54.797593" lon="24.981049">
        <ele>125</ele>
      </trkpt>
      <trkpt lat="54.797489" lon="24.981165">
        <ele>125</ele>
      </trkpt>
      <trkpt lat="54.797269" lon="24.981807">
        <ele>125</ele>
      </trkpt>
      <trkpt lat="54.797196" lon="24.981822">
        <ele>125</ele>
      </trkpt>
      <trkpt lat="54.79674" lon="24.981245">
        <ele>123</ele>
      </trkpt>
      <trkpt lat="54.796295" lon="24.980346">
        <ele>117</ele>
      </trkpt>
      <trkpt lat="54.795977" lon="24.979875">
        <ele>112</ele>
      </trkpt>
      <trkpt lat="54.795209" lon="24.979087">
        <ele>107</ele>
      </trkpt>
      <trkpt lat="54.794772" lon="24.978433">
        <ele>105</ele>
      </trkpt>
      <trkpt lat="54.793547" lon="24.976903">
        <ele>103</ele>
      </trkpt>
      <trkpt lat="54.793274" lon="24.976487">
        <ele>103</ele>
      </trkpt>
      <trkpt lat="54.792557" lon="24.975173">
        <ele>103</ele>
      </trkpt>
      <trkpt lat="54.792357" lon="24.974905">
        <ele>102</ele>
      </trkpt>
      <trkpt lat="54.792107" lon="24.974441">
        <ele>101</ele>
      </trkpt>
      <trkpt lat="54.791823" lon="24.973556">
        <ele>94</ele>
      </trkpt>
      <trkpt lat="54.791493" lon="24.972756">
        <ele>88</ele>
      </trkpt>
      <trkpt lat="54.791207" lon="24.972335">
        <ele>85</ele>
      </trkpt>
      <trkpt lat="54.790912" lon="24.971795">
        <ele>82</ele>
      </trkpt>
      <trkpt lat="54.790762" lon="24.971675">
        <ele>85</ele>
      </trkpt>
      <trkpt lat="54.790391" lon="24.972019">
        <ele>82</ele>
      </trkpt>
      <trkpt lat="54.790308" lon="24.97219">
        <ele>83</ele>
      </trkpt>
      <trkpt lat="54.790096" lon="24.9727989">
        <ele>83</ele>
      </trkpt>
      <trkpt lat="54.789845" lon="24.973802">
        <ele>85</ele>
      </trkpt>
      <trkpt lat="54.789713" lon="24.974709">
        <ele>92</ele>
      </trkpt>
      <trkpt lat="54.789693" lon="24.97521">
        <ele>95</ele>
      </trkpt>
      <trkpt lat="54.789783" lon="24.975898">
        <ele>98</ele>
      </trkpt>
      <trkpt lat="54.789739" lon="24.976064">
        <ele>99</ele>
      </trkpt>
      <trkpt lat="54.789114" lon="24.976877">
        <ele>100</ele>
      </trkpt>
      <trkpt lat="54.788554" lon="24.97775">
        <ele>99</ele>
      </trkpt>
      <trkpt lat="54.788325" lon="24.977992">
        <ele>100</ele>
      </trkpt>
      <trkpt lat="54.78786" lon="24.9786879">
        <ele>99</ele>
      </trkpt>
      <trkpt lat="54.787361" lon="24.979236">
        <ele>98</ele>
      </trkpt>
      <trkpt lat="54.786981" lon="24.9798">
        <ele>100</ele>
      </trkpt>
      <trkpt lat="54.78681" lon="24.979934">
        <ele>99</ele>
      </trkpt>
      <trkpt lat="54.78667" lon="24.979946">
        <ele>99</ele>
      </trkpt>
      <trkpt lat="54.786563" lon="24.979798">
        <ele>100</ele>
      </trkpt>
      <trkpt lat="54.786147" lon="24.978671">
        <ele>98</ele>
      </trkpt>
      <trkpt lat="54.786058" lon="24.978313">
        <ele>98</ele>
      </trkpt>
      <trkpt lat="54.785983" lon="24.978193">
        <ele>96</ele>
      </trkpt>
      <trkpt lat="54.785761" lon="24.978055">
        <ele>90</ele>
      </trkpt>
      <trkpt lat="54.785705" lon="24.977943">
        <ele>88</ele>
      </trkpt>
      <trkpt lat="54.785801" lon="24.977813">
        <ele>85</ele>
      </trkpt>
      <trkpt lat="54.785958" lon="24.977767">
        <ele>85</ele>
      </trkpt>
      <trkpt lat="54.786052" lon="24.977574">
        <ele>85</ele>
      </trkpt>
      <trkpt lat="54.786101" lon="24.977235">
        <ele>86</ele>
      </trkpt>
      <trkpt lat="54.786064" lon="24.9768979">
        <ele>85</ele>
      </trkpt>
      <trkpt lat="54.786141" lon="24.976659">
        <ele>84</ele>
      </trkpt>
      <trkpt lat="54.7862" lon="24.975351">
        <ele>84</ele>
      </trkpt>
      <trkpt lat="54.786281" lon="24.974841">
        <ele>85</ele>
      </trkpt>
      <trkpt lat="54.786706" lon="24.97418">
        <ele>82</ele>
      </trkpt>
      <trkpt lat="54.786534" lon="24.97349">
        <ele>82</ele>
      </trkpt>
      <trkpt lat="54.786526" lon="24.972382">
        <ele>82</ele>
      </trkpt>
      <trkpt lat="54.78632" lon="24.971761">
        <ele>81</ele>
      </trkpt>
      <trkpt lat="54.786078" lon="24.9714">
        <ele>82</ele>
      </trkpt>
      <trkpt lat="54.785419" lon="24.971088">
        <ele>82</ele>
      </trkpt>
      <trkpt lat="54.785063" lon="24.970644">
        <ele>83</ele>
      </trkpt>
      <trkpt lat="54.784644" lon="24.970398">
        <ele>83</ele>
      </trkpt>
      <trkpt lat="54.784131" lon="24.96993">
        <ele>88</ele>
      </trkpt>
      <trkpt lat="54.783668" lon="24.970099">
        <ele>82</ele>
      </trkpt>
      <trkpt lat="54.783261" lon="24.9701099">
        <ele>81</ele>
      </trkpt>
      <trkpt lat="54.783059" lon="24.970159">
        <ele>81</ele>
      </trkpt>
      <trkpt lat="54.782909" lon="24.9702829">
        <ele>82</ele>
      </trkpt>
      <trkpt lat="54.782671" lon="24.970593">
        <ele>86</ele>
      </trkpt>
      <trkpt lat="54.782392" lon="24.970781">
        <ele>90</ele>
      </trkpt>
      <trkpt lat="54.782161" lon="24.970826">
        <ele>90</ele>
      </trkpt>
      <trkpt lat="54.781955" lon="24.9707459">
        <ele>90</ele>
      </trkpt>
      <trkpt lat="54.781808" lon="24.970749">
        <ele>89</ele>
      </trkpt>
      <trkpt lat="54.781565" lon="24.970991">
        <ele>87</ele>
      </trkpt>
      <trkpt lat="54.781355" lon="24.971332">
        <ele>85</ele>
      </trkpt>
      <trkpt lat="54.78116" lon="24.971766">
        <ele>84</ele>
      </trkpt>
      <trkpt lat="54.780825" lon="24.9722839">
        <ele>84</ele>
      </trkpt>
      <trkpt lat="54.780565" lon="24.972987">
        <ele>84</ele>
      </trkpt>
      <trkpt lat="54.779845" lon="24.974201">
        <ele>89</ele>
      </trkpt>
      <trkpt lat="54.779571" lon="24.975038">
        <ele>94</ele>
      </trkpt>
      <trkpt lat="54.779506" lon="24.975459">
        <ele>97</ele>
      </trkpt>
      <trkpt lat="54.779268" lon="24.975919">
        <ele>98</ele>
      </trkpt>
      <trkpt lat="54.779057" lon="24.976502">
        <ele>99</ele>
      </trkpt>
      <trkpt lat="54.778676" lon="24.977113">
        <ele>101</ele>
      </trkpt>
      <trkpt lat="54.778279" lon="24.977949">
        <ele>103</ele>
      </trkpt>
      <trkpt lat="54.77807" lon="24.978238">
        <ele>103</ele>
      </trkpt>
      <trkpt lat="54.777744" lon="24.978952">
        <ele>104</ele>
      </trkpt>
      <trkpt lat="54.777132" lon="24.979868">
        <ele>105</ele>
      </trkpt>
      <trkpt lat="54.777032" lon="24.979945">
        <ele>105</ele>
      </trkpt>
      <trkpt lat="54.776897" lon="24.979747">
        <ele>105</ele>
      </trkpt>
      <trkpt lat="54.776731" lon="24.979183">
        <ele>104</ele>
      </trkpt>
      <trkpt lat="54.77656" lon="24.979018">
        <ele>103</ele>
      </trkpt>
      <trkpt lat="54.775881" lon="24.979187">
        <ele>101</ele>
      </trkpt>
      <trkpt lat="54.775443" lon="24.979244">
        <ele>102</ele>
      </trkpt>
      <trkpt lat="54.774801" lon="24.979486">
        <ele>103</ele>
      </trkpt>
      <trkpt lat="54.774345" lon="24.979514">
        <ele>102</ele>
      </trkpt>
      <trkpt lat="54.773891" lon="24.979632">
        <ele>102</ele>
      </trkpt>
      <trkpt lat="54.773694" lon="24.979638">
        <ele>100</ele>
      </trkpt>
      <trkpt lat="54.773556" lon="24.979689">
        <ele>100</ele>
      </trkpt>
      <trkpt lat="54.773376" lon="24.979844">
        <ele>100</ele>
      </trkpt>
      <trkpt lat="54.773032" lon="24.9805819">
        <ele>101</ele>
      </trkpt>
      <trkpt lat="54.772884" lon="24.980815">
        <ele>101</ele>
      </trkpt>
      <trkpt lat="54.772779" lon="24.980918">
        <ele>101</ele>
      </trkpt>
      <trkpt lat="54.7725836" lon="24.9809478">
        <ele>101</ele>
      </trkpt>
      <trkpt lat="54.7724385" lon="24.9807406">
        <ele>103</ele>
      </trkpt>
      <trkpt lat="54.7722147" lon="24.9801662">
        <ele>103</ele>
      </trkpt>
      <trkpt lat="54.7720989" lon="24.9795109">
        <ele>97</ele>
      </trkpt>
      <trkpt lat="54.7720702" lon="24.9790243">
        <ele>93</ele>
      </trkpt>
      <trkpt lat="54.7720217" lon="24.978889">
        <ele>91</ele>
      </trkpt>
      <trkpt lat="54.7718439" lon="24.9786473">
        <ele>91</ele>
      </trkpt>
      <trkpt lat="54.7716117" lon="24.9780884">
        <ele>91</ele>
      </trkpt>
      <trkpt lat="54.7714101" lon="24.9778512">
        <ele>91</ele>
      </trkpt>
      <trkpt lat="54.7712418" lon="24.9777502">
        <ele>91</ele>
      </trkpt>
      <trkpt lat="54.7710776" lon="24.9777549">
        <ele>91</ele>
      </trkpt>
      <trkpt lat="54.7709647" lon="24.9776916">
        <ele>92</ele>
      </trkpt>
      <trkpt lat="54.7708849" lon="24.9777125">
        <ele>92</ele>
      </trkpt>
      <trkpt lat="54.7707044" lon="24.9776566">
        <ele>94</ele>
      </trkpt>
      <trkpt lat="54.7706325" lon="24.97747">
        <ele>100</ele>
      </trkpt>
      <trkpt lat="54.7706847" lon="24.9773186">
        <ele>100</ele>
      </trkpt>
      <trkpt lat="54.7706561" lon="24.9770952">
        <ele>101</ele>
      </trkpt>
      <trkpt lat="54.7705039" lon="24.9767727">
        <ele>102</ele>
      </trkpt>
      <trkpt lat="54.7704552" lon="24.976472">
        <ele>102</ele>
      </trkpt>
      <trkpt lat="54.7703736" lon="24.9763818">
        <ele>102</ele>
      </trkpt>
      <trkpt lat="54.7699349" lon="24.9765583">
        <ele>100</ele>
      </trkpt>
      <trkpt lat="54.7697053" lon="24.9767067">
        <ele>100</ele>
      </trkpt>
      <trkpt lat="54.7693947" lon="24.9768259">
        <ele>99</ele>
      </trkpt>
      <trkpt lat="54.7691796" lon="24.9769821">
        <ele>100</ele>
      </trkpt>
      <trkpt lat="54.7687074" lon="24.9771978">
        <ele>99</ele>
      </trkpt>
      <trkpt lat="54.7684501" lon="24.9775049">
        <ele>99</ele>
      </trkpt>
      <trkpt lat="54.7680855" lon="24.9777442">
        <ele>101</ele>
      </trkpt>
      <trkpt lat="54.7679056" lon="24.9780717">
        <ele>101</ele>
      </trkpt>
      <trkpt lat="54.7676712" lon="24.9783613">
        <ele>102</ele>
      </trkpt>
      <trkpt lat="54.7668828" lon="24.9795758">
        <ele>106</ele>
      </trkpt>
      <trkpt lat="54.7661815" lon="24.9794647">
        <ele>107</ele>
      </trkpt>
      <trkpt lat="54.7659733" lon="24.9795172">
        <ele>107</ele>
      </trkpt>
      <trkpt lat="54.7656589" lon="24.9794969">
        <ele>108</ele>
      </trkpt>
      <trkpt lat="54.7655352" lon="24.9795867">
        <ele>108</ele>
      </trkpt>
      <trkpt lat="54.7652614" lon="24.980143">
        <ele>109</ele>
      </trkpt>
      <trkpt lat="54.765115" lon="24.9805801">
        <ele>110</ele>
      </trkpt>
      <trkpt lat="54.7650555" lon="24.980626">
        <ele>110</ele>
      </trkpt>
      <trkpt lat="54.76509" lon="24.9807318">
        <ele>110</ele>
      </trkpt>
      <trkpt lat="54.7649931" lon="24.981089">
        <ele>110</ele>
      </trkpt>
      <trkpt lat="54.7647137" lon="24.9818015">
        <ele>109</ele>
      </trkpt>
      <trkpt lat="54.7646292" lon="24.9822053">
        <ele>109</ele>
      </trkpt>
      <trkpt lat="54.7644425" lon="24.9825659">
        <ele>110</ele>
      </trkpt>
      <trkpt lat="54.764389" lon="24.9825348">
        <ele>110</ele>
      </trkpt>
      <trkpt lat="54.7643394" lon="24.9822643">
        <ele>111</ele>
      </trkpt>
      <trkpt lat="54.7641871" lon="24.9819">
        <ele>113</ele>
      </trkpt>
      <trkpt lat="54.763612" lon="24.9812925">
        <ele>113</ele>
      </trkpt>
      <trkpt lat="54.7633306" lon="24.9811831">
        <ele>112</ele>
      </trkpt>
      <trkpt lat="54.7628417" lon="24.9812313">
        <ele>112</ele>
      </trkpt>
      <trkpt lat="54.7623038" lon="24.9810724">
        <ele>111</ele>
      </trkpt>
      <trkpt lat="54.7615012" lon="24.9810656">
        <ele>108</ele>
      </trkpt>
      <trkpt lat="54.7611962" lon="24.9811109">
        <ele>107</ele>
      </trkpt>
      <trkpt lat="54.7608259" lon="24.9812601">
        <ele>106</ele>
      </trkpt>
      <trkpt lat="54.7603355" lon="24.9812057">
        <ele>107</ele>
      </trkpt>
      <trkpt lat="54.7599445" lon="24.9812641">
        <ele>109</ele>
      </trkpt>
      <trkpt lat="54.7595042" lon="24.9814637">
        <ele>111</ele>
      </trkpt>
      <trkpt lat="54.7591045" lon="24.9819672">
        <ele>111</ele>
      </trkpt>
      <trkpt lat="54.758928" lon="24.982072">
        <ele>111</ele>
      </trkpt>
      <trkpt lat="54.7586432" lon="24.9817661">
        <ele>110</ele>
      </trkpt>
      <trkpt lat="54.758098" lon="24.9805319">
        <ele>106</ele>
      </trkpt>
      <trkpt lat="54.7579528" lon="24.9803092">
        <ele>105</ele>
      </trkpt>
      <trkpt lat="54.7578673" lon="24.9799338">
        <ele>103</ele>
      </trkpt>
      <trkpt lat="54.7577334" lon="24.9797143">
        <ele>101</ele>
      </trkpt>
      <trkpt lat="54.7575903" lon="24.979271">
        <ele>98</ele>
      </trkpt>
      <trkpt lat="54.757209" lon="24.9793416">
        <ele>92</ele>
      </trkpt>
      <trkpt lat="54.7566444" lon="24.9791228">
        <ele>85</ele>
      </trkpt>
      <trkpt lat="54.7561273" lon="24.979182">
        <ele>82</ele>
      </trkpt>
      <trkpt lat="54.7558598" lon="24.9792818">
        <ele>80</ele>
      </trkpt>
      <trkpt lat="54.7556925" lon="24.979495">
        <ele>80</ele>
      </trkpt>
      <trkpt lat="54.7555219" lon="24.9800193">
        <ele>80</ele>
      </trkpt>
      <trkpt lat="54.7553794" lon="24.9802969">
        <ele>80</ele>
      </trkpt>
      <trkpt lat="54.7552591" lon="24.9804261">
        <ele>81</ele>
      </trkpt>
      <trkpt lat="54.7551748" lon="24.9806756">
        <ele>81</ele>
      </trkpt>
      <trkpt lat="54.754933" lon="24.9808446">
        <ele>80</ele>
      </trkpt>
      <trkpt lat="54.7548029" lon="24.9809986">
        <ele>79</ele>
      </trkpt>
      <trkpt lat="54.7546682" lon="24.9814501">
        <ele>77</ele>
      </trkpt>
      <trkpt lat="54.7545933" lon="24.9815359">
        <ele>77</ele>
      </trkpt>
      <trkpt lat="54.754599" lon="24.9818">
        <ele>77</ele>
      </trkpt>
      <trkpt lat="54.7544715" lon="24.982029">
        <ele>76</ele>
      </trkpt>
      <trkpt lat="54.7545026" lon="24.9823666">
        <ele>76</ele>
      </trkpt>
      <trkpt lat="54.7544425" lon="24.9828398">
        <ele>75</ele>
      </trkpt>
      <trkpt lat="54.7544976" lon="24.9831116">
        <ele>76</ele>
      </trkpt>
      <trkpt lat="54.7545297" lon="24.9826416">
        <ele>75</ele>
      </trkpt>
      <trkpt lat="54.7544561" lon="24.9828641">
        <ele>75</ele>
      </trkpt>
      <trkpt lat="54.7545769" lon="24.9831456">
        <ele>76</ele>
      </trkpt>
      <trkpt lat="54.754474" lon="24.9832258">
        <ele>76</ele>
      </trkpt>
      <trkpt lat="54.7544363" lon="24.9833559">
        <ele>77</ele>
      </trkpt>
      <trkpt lat="54.7544504" lon="24.9839036">
        <ele>77</ele>
      </trkpt>
      <trkpt lat="54.7543041" lon="24.9842579">
        <ele>77</ele>
      </trkpt>
      <trkpt lat="54.7542378" lon="24.9848312">
        <ele>76</ele>
      </trkpt>
      <trkpt lat="54.7540929" lon="24.9850723">
        <ele>76</ele>
      </trkpt>
      <trkpt lat="54.7540825" lon="24.985403">
        <ele>76</ele>
      </trkpt>
      <trkpt lat="54.7539626" lon="24.9856896">
        <ele>76</ele>
      </trkpt>
      <trkpt lat="54.7539452" lon="24.9861021">
        <ele>76</ele>
      </trkpt>
      <trkpt lat="54.753799" lon="24.9866354">
        <ele>75</ele>
      </trkpt>
      <trkpt lat="54.7536543" lon="24.9869052">
        <ele>76</ele>
      </trkpt>
      <trkpt lat="54.753618" lon="24.9872454">
        <ele>76</ele>
      </trkpt>
      <trkpt lat="54.7534905" lon="24.9877152">
        <ele>76</ele>
      </trkpt>
      <trkpt lat="54.7534822" lon="24.9882209">
        <ele>76</ele>
      </trkpt>
      <trkpt lat="54.7533486" lon="24.9887222">
        <ele>78</ele>
      </trkpt>
      <trkpt lat="54.753068" lon="24.989496">
        <ele>79</ele>
      </trkpt>
      <trkpt lat="54.7530309" lon="24.9898677">
        <ele>81</ele>
      </trkpt>
      <trkpt lat="54.753077" lon="24.9901749">
        <ele>86</ele>
      </trkpt>
      <trkpt lat="54.7531411" lon="24.9902773">
        <ele>92</ele>
      </trkpt>
      <trkpt lat="54.7532634" lon="24.9908037">
        <ele>109</ele>
      </trkpt>
      <trkpt lat="54.7534302" lon="24.9907098">
        <ele>116</ele>
      </trkpt>
      <trkpt lat="54.7533779" lon="24.9909182">
        <ele>118</ele>
      </trkpt>
      <trkpt lat="54.7532439" lon="24.991095">
        <ele>117</ele>
      </trkpt>
      <trkpt lat="54.7532292" lon="24.9912292">
        <ele>117</ele>
      </trkpt>
      <trkpt lat="54.7533758" lon="24.9920625">
        <ele>118</ele>
      </trkpt>
      <trkpt lat="54.7535898" lon="24.9927263">
        <ele>117</ele>
      </trkpt>
      <trkpt lat="54.7537197" lon="24.9933744">
        <ele>114</ele>
      </trkpt>
      <trkpt lat="54.7540021" lon="24.9943348">
        <ele>115</ele>
      </trkpt>
      <trkpt lat="54.7541527" lon="24.9954701">
        <ele>119</ele>
      </trkpt>
      <trkpt lat="54.7545857" lon="24.9968195">
        <ele>126</ele>
      </trkpt>
      <trkpt lat="54.7548053" lon="24.9977785">
        <ele>127</ele>
      </trkpt>
      <trkpt lat="54.7548874" lon="24.9979108">
        <ele>128</ele>
      </trkpt>
      <trkpt lat="54.7549028" lon="24.9981692">
        <ele>130</ele>
      </trkpt>
      <trkpt lat="54.7552875" lon="24.9993186">
        <ele>132</ele>
      </trkpt>
      <trkpt lat="54.7553836" lon="24.9997348">
        <ele>132</ele>
      </trkpt>
      <trkpt lat="54.7555312" lon="25.0001455">
        <ele>132</ele>
      </trkpt>
      <trkpt lat="54.7557714" lon="25.0006004">
        <ele>134</ele>
      </trkpt>
      <trkpt lat="54.7559332" lon="25.0011775">
        <ele>135</ele>
      </trkpt>
      <trkpt lat="54.7559796" lon="25.0015374">
        <ele>135</ele>
      </trkpt>
      <trkpt lat="54.75617" lon="25.002131">
        <ele>135</ele>
      </trkpt>
      <trkpt lat="54.756384" lon="25.0027257">
        <ele>136</ele>
      </trkpt>
      <trkpt lat="54.7566182" lon="25.0032097">
        <ele>137</ele>
      </trkpt>
      <trkpt lat="54.7566717" lon="25.0036385">
        <ele>137</ele>
      </trkpt>
      <trkpt lat="54.7568534" lon="25.004318">
        <ele>137</ele>
      </trkpt>
      <trkpt lat="54.7568645" lon="25.0044973">
        <ele>135</ele>
      </trkpt>
      <trkpt lat="54.756745" lon="25.0047159">
        <ele>134</ele>
      </trkpt>
      <trkpt lat="54.756394" lon="25.005099">
        <ele>135</ele>
      </trkpt>
      <trkpt lat="54.75625" lon="25.005343">
        <ele>135</ele>
      </trkpt>
      <trkpt lat="54.756133" lon="25.0060569">
        <ele>137</ele>
      </trkpt>
      <trkpt lat="54.755867" lon="25.006781">
        <ele>135</ele>
      </trkpt>
      <trkpt lat="54.755645" lon="25.0072319">
        <ele>137</ele>
      </trkpt>
      <trkpt lat="54.755584" lon="25.007761">
        <ele>137</ele>
      </trkpt>
      <trkpt lat="54.755602" lon="25.008568">
        <ele>140</ele>
      </trkpt>
      <trkpt lat="54.755558" lon="25.009328">
        <ele>140</ele>
      </trkpt>
      <trkpt lat="54.75545" lon="25.009984">
        <ele>139</ele>
      </trkpt>
      <trkpt lat="54.755342" lon="25.010348">
        <ele>138</ele>
      </trkpt>
      <trkpt lat="54.755142" lon="25.010716">
        <ele>138</ele>
      </trkpt>
      <trkpt lat="54.754771" lon="25.011103">
        <ele>140</ele>
      </trkpt>
      <trkpt lat="54.754434" lon="25.011291">
        <ele>140</ele>
      </trkpt>
      <trkpt lat="54.754004" lon="25.011699">
        <ele>139</ele>
      </trkpt>
      <trkpt lat="54.753834" lon="25.011963">
        <ele>139</ele>
      </trkpt>
      <trkpt lat="54.753747" lon="25.012186">
        <ele>138</ele>
      </trkpt>
      <trkpt lat="54.753513" lon="25.012932">
        <ele>136</ele>
      </trkpt>
      <trkpt lat="54.752702" lon="25.016066">
        <ele>132</ele>
      </trkpt>
      <trkpt lat="54.752594" lon="25.017">
        <ele>136</ele>
      </trkpt>
      <trkpt lat="54.752473" lon="25.01754">
        <ele>137</ele>
      </trkpt>
      <trkpt lat="54.75199" lon="25.018756">
        <ele>137</ele>
      </trkpt>
      <trkpt lat="54.751898" lon="25.019088">
        <ele>136</ele>
      </trkpt>
      <trkpt lat="54.751533" lon="25.019643">
        <ele>136</ele>
      </trkpt>
      <trkpt lat="54.751309" lon="25.020268">
        <ele>135</ele>
      </trkpt>
      <trkpt lat="54.751276" lon="25.0222209">
        <ele>135</ele>
      </trkpt>
      <trkpt lat="54.7512" lon="25.022951">
        <ele>134</ele>
      </trkpt>
      <trkpt lat="54.750787" lon="25.023726">
        <ele>133</ele>
      </trkpt>
      <trkpt lat="54.750249" lon="25.024352">
        <ele>137</ele>
      </trkpt>
      <trkpt lat="54.749998" lon="25.02395">
        <ele>138</ele>
      </trkpt>
      <trkpt lat="54.749734" lon="25.023734">
        <ele>137</ele>
      </trkpt>
      <trkpt lat="54.749078" lon="25.023513">
        <ele>137</ele>
      </trkpt>
      <trkpt lat="54.74851" lon="25.023033">
        <ele>136</ele>
      </trkpt>
      <trkpt lat="54.748234" lon="25.022877">
        <ele>135</ele>
      </trkpt>
      <trkpt lat="54.746841" lon="25.022675">
        <ele>136</ele>
      </trkpt>
      <trkpt lat="54.746454" lon="25.022884">
        <ele>137</ele>
      </trkpt>
      <trkpt lat="54.745995" lon="25.023201">
        <ele>140</ele>
      </trkpt>
      <trkpt lat="54.745487" lon="25.023298">
        <ele>142</ele>
      </trkpt>
      <trkpt lat="54.744614" lon="25.022931">
        <ele>141</ele>
      </trkpt>
      <trkpt lat="54.744367" lon="25.022896">
        <ele>142</ele>
      </trkpt>
      <trkpt lat="54.743408" lon="25.022483">
        <ele>141</ele>
      </trkpt>
      <trkpt lat="54.743207" lon="25.02257">
        <ele>140</ele>
      </trkpt>
      <trkpt lat="54.742957" lon="25.02283">
        <ele>140</ele>
      </trkpt>
      <trkpt lat="54.742546" lon="25.023121">
        <ele>141</ele>
      </trkpt>
      <trkpt lat="54.741975" lon="25.0238869">
        <ele>144</ele>
      </trkpt>
      <trkpt lat="54.74173" lon="25.024405">
        <ele>148</ele>
      </trkpt>
      <trkpt lat="54.741493" lon="25.024754">
        <ele>149</ele>
      </trkpt>
      <trkpt lat="54.741294" lon="25.024814">
        <ele>149</ele>
      </trkpt>
      <trkpt lat="54.740969" lon="25.024792">
        <ele>149</ele>
      </trkpt>
      <trkpt lat="54.740516" lon="25.024971">
        <ele>147</ele>
      </trkpt>
      <trkpt lat="54.740296" lon="25.02488">
        <ele>145</ele>
      </trkpt>
      <trkpt lat="54.7401726" lon="25.0247518">
        <ele>144</ele>
      </trkpt>
      <trkpt lat="54.7401329" lon="25.0240672">
        <ele>170</ele>
      </trkpt>
      <trkpt lat="54.7399433" lon="25.0234912">
        <ele>165</ele>
      </trkpt>
      <trkpt lat="54.7395875" lon="25.022721">
        <ele>166</ele>
      </trkpt>
      <trkpt lat="54.7394341" lon="25.0225404">
        <ele>125</ele>
      </trkpt>
      <trkpt lat="54.7392548" lon="25.0222136">
        <ele>151</ele>
      </trkpt>
      <trkpt lat="54.7391031" lon="25.0221863">
        <ele>147</ele>
      </trkpt>
      <trkpt lat="54.7389788" lon="25.0220547">
        <ele>143</ele>
      </trkpt>
      <trkpt lat="54.7388341" lon="25.0220051">
        <ele>139</ele>
      </trkpt>
      <trkpt lat="54.7387658" lon="25.0212504">
        <ele>119</ele>
      </trkpt>
      <trkpt lat="54.7385819" lon="25.0211535">
        <ele>113</ele>
      </trkpt>
      <trkpt lat="54.7382984" lon="25.0211862">
        <ele>109</ele>
      </trkpt>
      <trkpt lat="54.7381905" lon="25.0212809">
        <ele>108</ele>
      </trkpt>
      <trkpt lat="54.7376311" lon="25.022707">
        <ele>106</ele>
      </trkpt>
      <trkpt lat="54.7373498" lon="25.0229329">
        <ele>105</ele>
      </trkpt>
      <trkpt lat="54.7371063" lon="25.0233017">
        <ele>105</ele>
      </trkpt>
      <trkpt lat="54.7368726" lon="25.0234737">
        <ele>105</ele>
      </trkpt>
      <trkpt lat="54.7367017" lon="25.02337">
        <ele>103</ele>
      </trkpt>
      <trkpt lat="54.7364627" lon="25.0234554">
        <ele>102</ele>
      </trkpt>
      <trkpt lat="54.7362555" lon="25.0237533">
        <ele>103</ele>
      </trkpt>
      <trkpt lat="54.7359057" lon="25.0240856">
        <ele>105</ele>
      </trkpt>
      <trkpt lat="54.7356195" lon="25.024511">
        <ele>106</ele>
      </trkpt>
      <trkpt lat="54.7355276" lon="25.0251069">
        <ele>107</ele>
      </trkpt>
      <trkpt lat="54.7356783" lon="25.0260046">
        <ele>109</ele>
      </trkpt>
      <trkpt lat="54.735282" lon="25.026551">
        <ele>82</ele>
      </trkpt>
      <trkpt lat="54.735079" lon="25.026708">
        <ele>82</ele>
      </trkpt>
      <trkpt lat="54.734458" lon="25.026947">
        <ele>82</ele>
      </trkpt>
      <trkpt lat="54.733436" lon="25.027717">
        <ele>85</ele>
      </trkpt>
      <trkpt lat="54.732785" lon="25.02797">
        <ele>87</ele>
      </trkpt>
      <trkpt lat="54.732565" lon="25.027954">
        <ele>87</ele>
      </trkpt>
      <trkpt lat="54.731969" lon="25.027619">
        <ele>83</ele>
      </trkpt>
      <trkpt lat="54.731458" lon="25.027149">
        <ele>81</ele>
      </trkpt>
      <trkpt lat="54.730982" lon="25.026957">
        <ele>82</ele>
      </trkpt>
      <trkpt lat="54.73083" lon="25.02671">
        <ele>82</ele>
      </trkpt>
      <trkpt lat="54.730683" lon="25.026254">
        <ele>81</ele>
      </trkpt>
      <trkpt lat="54.73044" lon="25.025898">
        <ele>81</ele>
      </trkpt>
      <trkpt lat="54.730154" lon="25.023747">
        <ele>79</ele>
      </trkpt>
      <trkpt lat="54.729983" lon="25.022765">
        <ele>79</ele>
      </trkpt>
      <trkpt lat="54.730038" lon="25.022265">
        <ele>79</ele>
      </trkpt>
      <trkpt lat="54.730079" lon="25.020984">
        <ele>78</ele>
      </trkpt>
      <trkpt lat="54.73028" lon="25.020214">
        <ele>77</ele>
      </trkpt>
      <trkpt lat="54.73029" lon="25.019849">
        <ele>77</ele>
      </trkpt>
      <trkpt lat="54.729569" lon="25.018456">
        <ele>75</ele>
      </trkpt>
      <trkpt lat="54.729484" lon="25.017923">
        <ele>75</ele>
      </trkpt>
      <trkpt lat="54.729182" lon="25.016914">
        <ele>76</ele>
      </trkpt>
      <trkpt lat="54.729183" lon="25.016663">
        <ele>76</ele>
      </trkpt>
      <trkpt lat="54.729262" lon="25.016292">
        <ele>76</ele>
      </trkpt>
      <trkpt lat="54.729252" lon="25.01608">
        <ele>76</ele>
      </trkpt>
      <trkpt lat="54.728699" lon="25.01477">
        <ele>77</ele>
      </trkpt>
      <trkpt lat="54.727803" lon="25.013613">
        <ele>75</ele>
      </trkpt>
      <trkpt lat="54.727455" lon="25.013307">
        <ele>76</ele>
      </trkpt>
      <trkpt lat="54.727097" lon="25.012914">
        <ele>76</ele>
      </trkpt>
      <trkpt lat="54.726556" lon="25.012536">
        <ele>76</ele>
      </trkpt>
      <trkpt lat="54.726028" lon="25.012359">
        <ele>76</ele>
      </trkpt>
      <trkpt lat="54.725423" lon="25.01225">
        <ele>75</ele>
      </trkpt>
      <trkpt lat="54.725129" lon="25.012242">
        <ele>75</ele>
      </trkpt>
      <trkpt lat="54.724763" lon="25.012345">
        <ele>75</ele>
      </trkpt>
      <trkpt lat="54.724421" lon="25.012516">
        <ele>74</ele>
      </trkpt>
      <trkpt lat="54.724076" lon="25.012732">
        <ele>75</ele>
      </trkpt>
      <trkpt lat="54.723982" lon="25.012837">
        <ele>75</ele>
      </trkpt>
      <trkpt lat="54.723496" lon="25.013597">
        <ele>75</ele>
      </trkpt>
      <trkpt lat="54.723108" lon="25.01436">
        <ele>75</ele>
      </trkpt>
      <trkpt lat="54.722779" lon="25.015312">
        <ele>76</ele>
      </trkpt>
      <trkpt lat="54.722738" lon="25.0160829">
        <ele>77</ele>
      </trkpt>
      <trkpt lat="54.722651" lon="25.016425">
        <ele>78</ele>
      </trkpt>
      <trkpt lat="54.722575" lon="25.017168">
        <ele>79</ele>
      </trkpt>
      <trkpt lat="54.722606" lon="25.017782">
        <ele>79</ele>
      </trkpt>
      <trkpt lat="54.7225401" lon="25.0189135">
        <ele>107</ele>
      </trkpt>
      <trkpt lat="54.7225573" lon="25.0192839">
        <ele>108</ele>
      </trkpt>
      <trkpt lat="54.7225101" lon="25.0197904">
        <ele>108</ele>
      </trkpt>
      <trkpt lat="54.7223608" lon="25.0205129">
        <ele>106</ele>
      </trkpt>
      <trkpt lat="54.7223539" lon="25.0212236">
        <ele>106</ele>
      </trkpt>
      <trkpt lat="54.722121" lon="25.021767">
        <ele>77</ele>
      </trkpt>
      <trkpt lat="54.722011" lon="25.022216">
        <ele>77</ele>
      </trkpt>
      <trkpt lat="54.721685" lon="25.023909">
        <ele>75</ele>
      </trkpt>
      <trkpt lat="54.721558" lon="25.025079">
        <ele>75</ele>
      </trkpt>
      <trkpt lat="54.721541" lon="25.025872">
        <ele>74</ele>
      </trkpt>
      <trkpt lat="54.721581" lon="25.026802">
        <ele>75</ele>
      </trkpt>
      <trkpt lat="54.721654" lon="25.027369">
        <ele>75</ele>
      </trkpt>
      <trkpt lat="54.721569" lon="25.028072">
        <ele>74</ele>
      </trkpt>
      <trkpt lat="54.721779" lon="25.02953">
        <ele>75</ele>
      </trkpt>
      <trkpt lat="54.722031" lon="25.030322">
        <ele>75</ele>
      </trkpt>
      <trkpt lat="54.722256" lon="25.030574">
        <ele>75</ele>
      </trkpt>
      <trkpt lat="54.722396" lon="25.030853">
        <ele>75</ele>
      </trkpt>
      <trkpt lat="54.72259" lon="25.031517">
        <ele>75</ele>
      </trkpt>
      <trkpt lat="54.72282" lon="25.031938">
        <ele>75</ele>
      </trkpt>
      <trkpt lat="54.722891" lon="25.032255">
        <ele>75</ele>
      </trkpt>
      <trkpt lat="54.723034" lon="25.032612">
        <ele>75</ele>
      </trkpt>
      <trkpt lat="54.72321" lon="25.032916">
        <ele>75</ele>
      </trkpt>
      <trkpt lat="54.723549" lon="25.03326">
        <ele>76</ele>
      </trkpt>
      <trkpt lat="54.72363" lon="25.033393">
        <ele>75</ele>
      </trkpt>
      <trkpt lat="54.723821" lon="25.033033">
        <ele>80</ele>
      </trkpt>
      <trkpt lat="54.723897" lon="25.032748">
        <ele>82</ele>
      </trkpt>
      <trkpt lat="54.724129" lon="25.032201">
        <ele>85</ele>
      </trkpt>
      <trkpt lat="54.724405" lon="25.031989">
        <ele>87</ele>
      </trkpt>
      <trkpt lat="54.724607" lon="25.031909">
        <ele>88</ele>
      </trkpt>
      <trkpt lat="54.724802" lon="25.031946">
        <ele>89</ele>
      </trkpt>
      <trkpt lat="54.724937" lon="25.032129">
        <ele>90</ele>
      </trkpt>
      <trkpt lat="54.725248" lon="25.03286">
        <ele>91</ele>
      </trkpt>
      <trkpt lat="54.72569" lon="25.03449">
        <ele>91</ele>
      </trkpt>
      <trkpt lat="54.726328" lon="25.036207">
        <ele>92</ele>
      </trkpt>
      <trkpt lat="54.726379" lon="25.0370269">
        <ele>92</ele>
      </trkpt>
      <trkpt lat="54.726448" lon="25.03718">
        <ele>92</ele>
      </trkpt>
      <trkpt lat="54.726631" lon="25.037202">
        <ele>92</ele>
      </trkpt>
      <trkpt lat="54.726909" lon="25.037596">
        <ele>92</ele>
      </trkpt>
      <trkpt lat="54.727162" lon="25.038219">
        <ele>94</ele>
      </trkpt>
      <trkpt lat="54.727604" lon="25.038919">
        <ele>95</ele>
      </trkpt>
      <trkpt lat="54.727985" lon="25.039879">
        <ele>97</ele>
      </trkpt>
      <trkpt lat="54.729606" lon="25.041216">
        <ele>98</ele>
      </trkpt>
      <trkpt lat="54.730028" lon="25.042007">
        <ele>96</ele>
      </trkpt>
      <trkpt lat="54.730264" lon="25.042198">
        <ele>96</ele>
      </trkpt>
      <trkpt lat="54.73051" lon="25.042233">
        <ele>96</ele>
      </trkpt>
      <trkpt lat="54.730719" lon="25.042582">
        <ele>97</ele>
      </trkpt>
      <trkpt lat="54.730857" lon="25.043118">
        <ele>99</ele>
      </trkpt>
      <trkpt lat="54.73096" lon="25.0445">
        <ele>101</ele>
      </trkpt>
      <trkpt lat="54.7311" lon="25.044989">
        <ele>103</ele>
      </trkpt>
      <trkpt lat="54.73116" lon="25.0449783">
        <ele>103</ele>
      </trkpt>
      <trkpt lat="54.7313081" lon="25.0453123">
        <ele>105</ele>
      </trkpt>
      <trkpt lat="54.7313278" lon="25.0454461">
        <ele>105</ele>
      </trkpt>
      <trkpt lat="54.7313195" lon="25.0457994">
        <ele>105</ele>
      </trkpt>
      <trkpt lat="54.7311477" lon="25.0459903">
        <ele>105</ele>
      </trkpt>
      <trkpt lat="54.7310951" lon="25.0461178">
        <ele>104</ele>
      </trkpt>
      <trkpt lat="54.7311108" lon="25.0465054">
        <ele>104</ele>
      </trkpt>
      <trkpt lat="54.7309978" lon="25.0477074">
        <ele>104</ele>
      </trkpt>
      <trkpt lat="54.7308665" lon="25.048558">
        <ele>104</ele>
      </trkpt>
      <trkpt lat="54.7306709" lon="25.0490263">
        <ele>105</ele>
      </trkpt>
      <trkpt lat="54.7305117" lon="25.04911">
        <ele>105</ele>
      </trkpt>
      <trkpt lat="54.7302548" lon="25.0494225">
        <ele>104</ele>
      </trkpt>
      <trkpt lat="54.7299474" lon="25.0496099">
        <ele>103</ele>
      </trkpt>
      <trkpt lat="54.7297401" lon="25.0500641">
        <ele>104</ele>
      </trkpt>
      <trkpt lat="54.7293835" lon="25.0504046">
        <ele>105</ele>
      </trkpt>
      <trkpt lat="54.7292002" lon="25.0506968">
        <ele>104</ele>
      </trkpt>
      <trkpt lat="54.7289824" lon="25.0508178">
        <ele>102</ele>
      </trkpt>
      <trkpt lat="54.7287822" lon="25.0511518">
        <ele>101</ele>
      </trkpt>
      <trkpt lat="54.7286907" lon="25.051232">
        <ele>101</ele>
      </trkpt>
      <trkpt lat="54.728514" lon="25.0516604">
        <ele>101</ele>
      </trkpt>
      <trkpt lat="54.7283069" lon="25.0518359">
        <ele>101</ele>
      </trkpt>
      <trkpt lat="54.7281122" lon="25.0522525">
        <ele>103</ele>
      </trkpt>
      <trkpt lat="54.7278753" lon="25.0524737">
        <ele>102</ele>
      </trkpt>
      <trkpt lat="54.7276853" lon="25.0528612">
        <ele>102</ele>
      </trkpt>
      <trkpt lat="54.7275231" lon="25.0534433">
        <ele>103</ele>
      </trkpt>
      <trkpt lat="54.7273122" lon="25.0536603">
        <ele>104</ele>
      </trkpt>
      <trkpt lat="54.7272476" lon="25.0538499">
        <ele>103</ele>
      </trkpt>
      <trkpt lat="54.7270343" lon="25.0540099">
        <ele>102</ele>
      </trkpt>
      <trkpt lat="54.72686" lon="25.0542962">
        <ele>102</ele>
      </trkpt>
      <trkpt lat="54.7267173" lon="25.0542518">
        <ele>103</ele>
      </trkpt>
      <trkpt lat="54.7264563" lon="25.0544523">
        <ele>103</ele>
      </trkpt>
      <trkpt lat="54.726348" lon="25.0546537">
        <ele>104</ele>
      </trkpt>
      <trkpt lat="54.726216" lon="25.0547381">
        <ele>104</ele>
      </trkpt>
      <trkpt lat="54.7259544" lon="25.0552253">
        <ele>104</ele>
      </trkpt>
      <trkpt lat="54.725862" lon="25.0552908">
        <ele>104</ele>
      </trkpt>
      <trkpt lat="54.7258417" lon="25.0554313">
        <ele>105</ele>
      </trkpt>
      <trkpt lat="54.7256756" lon="25.0556874">
        <ele>105</ele>
      </trkpt>
      <trkpt lat="54.7256265" lon="25.0559767">
        <ele>106</ele>
      </trkpt>
      <trkpt lat="54.7255267" lon="25.0561436">
        <ele>106</ele>
      </trkpt>
      <trkpt lat="54.7254453" lon="25.0564993">
        <ele>106</ele>
      </trkpt>
      <trkpt lat="54.7252376" lon="25.0568697">
        <ele>108</ele>
      </trkpt>
      <trkpt lat="54.7251991" lon="25.0571263">
        <ele>109</ele>
      </trkpt>
      <trkpt lat="54.7251092" lon="25.0572385">
        <ele>109</ele>
      </trkpt>
      <trkpt lat="54.7249562" lon="25.0577181">
        <ele>109</ele>
      </trkpt>
      <trkpt lat="54.7247468" lon="25.0581147">
        <ele>109</ele>
      </trkpt>
      <trkpt lat="54.724566" lon="25.058255">
        <ele>116</ele>
      </trkpt>
      <trkpt lat="54.724367" lon="25.058533">
        <ele>114</ele>
      </trkpt>
      <trkpt lat="54.724327" lon="25.058673">
        <ele>113</ele>
      </trkpt>
      <trkpt lat="54.7243974" lon="25.0590811">
        <ele>101</ele>
      </trkpt>
      <trkpt lat="54.724585" lon="25.059561">
        <ele>98</ele>
      </trkpt>
      <trkpt lat="54.724565" lon="25.060004">
        <ele>97</ele>
      </trkpt>
      <trkpt lat="54.724484" lon="25.06028">
        <ele>96</ele>
      </trkpt>
      <trkpt lat="54.724411" lon="25.060329">
        <ele>97</ele>
      </trkpt>
      <trkpt lat="54.724296" lon="25.060253">
        <ele>98</ele>
      </trkpt>
      <trkpt lat="54.724113" lon="25.06024">
        <ele>102</ele>
      </trkpt>
      <trkpt lat="54.723622" lon="25.060052">
        <ele>105</ele>
      </trkpt>
      <trkpt lat="54.722985" lon="25.059666">
        <ele>106</ele>
      </trkpt>
      <trkpt lat="54.722531" lon="25.059746">
        <ele>104</ele>
      </trkpt>
      <trkpt lat="54.721771" lon="25.060272">
        <ele>103</ele>
      </trkpt>
      <trkpt lat="54.721118" lon="25.060815">
        <ele>99</ele>
      </trkpt>
      <trkpt lat="54.720893" lon="25.060934">
        <ele>98</ele>
      </trkpt>
      <trkpt lat="54.720532" lon="25.061045">
        <ele>95</ele>
      </trkpt>
      <trkpt lat="54.719944" lon="25.061345">
        <ele>90</ele>
      </trkpt>
      <trkpt lat="54.719675" lon="25.061411">
        <ele>88</ele>
      </trkpt>
      <trkpt lat="54.719527" lon="25.061492">
        <ele>87</ele>
      </trkpt>
      <trkpt lat="54.718861" lon="25.062278">
        <ele>86</ele>
      </trkpt>
      <trkpt lat="54.718157" lon="25.063339">
        <ele>89</ele>
      </trkpt>
      <trkpt lat="54.717764" lon="25.06436">
        <ele>91</ele>
      </trkpt>
      <trkpt lat="54.717615" lon="25.065081">
        <ele>93</ele>
      </trkpt>
      <trkpt lat="54.717487" lon="25.06542">
        <ele>93</ele>
      </trkpt>
      <trkpt lat="54.71735" lon="25.066329">
        <ele>97</ele>
      </trkpt>
      <trkpt lat="54.717307" lon="25.066417">
        <ele>98</ele>
      </trkpt>
      <trkpt lat="54.71708" lon="25.0666">
        <ele>99</ele>
      </trkpt>
      <trkpt lat="54.716884" lon="25.066541">
        <ele>99</ele>
      </trkpt>
      <trkpt lat="54.716805" lon="25.066565">
        <ele>99</ele>
      </trkpt>
      <trkpt lat="54.716243" lon="25.0669739">
        <ele>97</ele>
      </trkpt>
      <trkpt lat="54.715641" lon="25.067707">
        <ele>97</ele>
      </trkpt>
      <trkpt lat="54.715478" lon="25.067759">
        <ele>96</ele>
      </trkpt>
      <trkpt lat="54.715305" lon="25.067668">
        <ele>95</ele>
      </trkpt>
      <trkpt lat="54.715191" lon="25.067678">
        <ele>95</ele>
      </trkpt>
      <trkpt lat="54.714845" lon="25.068158">
        <ele>95</ele>
      </trkpt>
      <trkpt lat="54.714375" lon="25.068432">
        <ele>94</ele>
      </trkpt>
      <trkpt lat="54.714132" lon="25.068508">
        <ele>94</ele>
      </trkpt>
      <trkpt lat="54.713964" lon="25.068636">
        <ele>94</ele>
      </trkpt>
      <trkpt lat="54.712874" lon="25.070038">
        <ele>95</ele>
      </trkpt>
      <trkpt lat="54.712366" lon="25.0709969">
        <ele>97</ele>
      </trkpt>
      <trkpt lat="54.71237" lon="25.07116">
        <ele>98</ele>
      </trkpt>
      <trkpt lat="54.712538" lon="25.0715879">
        <ele>99</ele>
      </trkpt>
      <trkpt lat="54.712541" lon="25.07213">
        <ele>101</ele>
      </trkpt>
      <trkpt lat="54.712462" lon="25.072106">
        <ele>101</ele>
      </trkpt>
      <trkpt lat="54.712253" lon="25.071666">
        <ele>98</ele>
      </trkpt>
      <trkpt lat="54.712023" lon="25.071355">
        <ele>96</ele>
      </trkpt>
      <trkpt lat="54.711953" lon="25.071306">
        <ele>95</ele>
      </trkpt>
      <trkpt lat="54.71148" lon="25.071257">
        <ele>89</ele>
      </trkpt>
      <trkpt lat="54.711261" lon="25.071083">
        <ele>85</ele>
      </trkpt>
      <trkpt lat="54.710991" lon="25.071002">
        <ele>81</ele>
      </trkpt>
      <trkpt lat="54.710838" lon="25.071047">
        <ele>80</ele>
      </trkpt>
      <trkpt lat="54.71054" lon="25.071291">
        <ele>79</ele>
      </trkpt>
      <trkpt lat="54.710012" lon="25.071565">
        <ele>78</ele>
      </trkpt>
      <trkpt lat="54.709615" lon="25.072">
        <ele>77</ele>
      </trkpt>
      <trkpt lat="54.709242" lon="25.072706">
        <ele>77</ele>
      </trkpt>
      <trkpt lat="54.708764" lon="25.073867">
        <ele>78</ele>
      </trkpt>
      <trkpt lat="54.708744" lon="25.074062">
        <ele>78</ele>
      </trkpt>
      <trkpt lat="54.708794" lon="25.074353">
        <ele>79</ele>
      </trkpt>
      <trkpt lat="54.709127" lon="25.07503">
        <ele>81</ele>
      </trkpt>
      <trkpt lat="54.709284" lon="25.075554">
        <ele>80</ele>
      </trkpt>
      <trkpt lat="54.709141" lon="25.076177">
        <ele>85</ele>
      </trkpt>
      <trkpt lat="54.709218" lon="25.077078">
        <ele>91</ele>
      </trkpt>
      <trkpt lat="54.709453" lon="25.077659">
        <ele>95</ele>
      </trkpt>
      <trkpt lat="54.709844" lon="25.078187">
        <ele>97</ele>
      </trkpt>
      <trkpt lat="54.709899" lon="25.078465">
        <ele>99</ele>
      </trkpt>
      <trkpt lat="54.709846" lon="25.0785969">
        <ele>100</ele>
      </trkpt>
      <trkpt lat="54.709611" lon="25.078843">
        <ele>105</ele>
      </trkpt>
      <trkpt lat="54.709465" lon="25.0790979">
        <ele>112</ele>
      </trkpt>
      <trkpt lat="54.709386" lon="25.079317">
        <ele>117</ele>
      </trkpt>
      <trkpt lat="54.709382" lon="25.079571">
        <ele>120</ele>
      </trkpt>
      <trkpt lat="54.709333" lon="25.079729">
        <ele>122</ele>
      </trkpt>
      <trkpt lat="54.708934" lon="25.080581">
        <ele>142</ele>
      </trkpt>
      <trkpt lat="54.708785" lon="25.08057">
        <ele>142</ele>
      </trkpt>
      <trkpt lat="54.708491" lon="25.080315">
        <ele>142</ele>
      </trkpt>
      <trkpt lat="54.708179" lon="25.080306">
        <ele>144</ele>
      </trkpt>
      <trkpt lat="54.708075" lon="25.080362">
        <ele>144</ele>
      </trkpt>
      <trkpt lat="54.7078177" lon="25.0801655">
        <ele>154</ele>
      </trkpt>
      <trkpt lat="54.7077401" lon="25.0800044">
        <ele>154</ele>
      </trkpt>
      <trkpt lat="54.7077384" lon="25.0798026">
        <ele>154</ele>
      </trkpt>
      <trkpt lat="54.7081377" lon="25.0787054">
        <ele>151</ele>
      </trkpt>
      <trkpt lat="54.7081271" lon="25.0784851">
        <ele>150</ele>
      </trkpt>
      <trkpt lat="54.7080093" lon="25.078323">
        <ele>149</ele>
      </trkpt>
      <trkpt lat="54.707868" lon="25.0782317">
        <ele>148</ele>
      </trkpt>
      <trkpt lat="54.7073403" lon="25.0782316">
        <ele>146</ele>
      </trkpt>
      <trkpt lat="54.7072741" lon="25.0782687">
        <ele>146</ele>
      </trkpt>
      <trkpt lat="54.7071788" lon="25.0784267">
        <ele>146</ele>
      </trkpt>
      <trkpt lat="54.7064806" lon="25.0804724">
        <ele>143</ele>
      </trkpt>
      <trkpt lat="54.7060466" lon="25.08153">
        <ele>142</ele>
      </trkpt>
      <trkpt lat="54.7060093" lon="25.0817929">
        <ele>142</ele>
      </trkpt>
      <trkpt lat="54.7061077" lon="25.0823269">
        <ele>144</ele>
      </trkpt>
      <trkpt lat="54.7056989" lon="25.0823633">
        <ele>143</ele>
      </trkpt>
      <trkpt lat="54.7050206" lon="25.0826236">
        <ele>141</ele>
      </trkpt>
      <trkpt lat="54.7048665" lon="25.0825208">
        <ele>140</ele>
      </trkpt>
      <trkpt lat="54.7045301" lon="25.0821155">
        <ele>138</ele>
      </trkpt>
      <trkpt lat="54.7043998" lon="25.0821119">
        <ele>137</ele>
      </trkpt>
      <trkpt lat="54.7042349" lon="25.0823907">
        <ele>137</ele>
      </trkpt>
      <trkpt lat="54.7042082" lon="25.0829391">
        <ele>136</ele>
      </trkpt>
      <trkpt lat="54.7040112" lon="25.0832509">
        <ele>136</ele>
      </trkpt>
      <trkpt lat="54.7038978" lon="25.0835343">
        <ele>136</ele>
      </trkpt>
      <trkpt lat="54.7038072" lon="25.0835824">
        <ele>136</ele>
      </trkpt>
      <trkpt lat="54.703467" lon="25.0834522">
        <ele>136</ele>
      </trkpt>
      <trkpt lat="54.7031663" lon="25.0834367">
        <ele>135</ele>
      </trkpt>
      <trkpt lat="54.7028675" lon="25.0832933">
        <ele>135</ele>
      </trkpt>
      <trkpt lat="54.70255" lon="25.0832316">
        <ele>133</ele>
      </trkpt>
      <trkpt lat="54.7021078" lon="25.0829029">
        <ele>132</ele>
      </trkpt>
      <trkpt lat="54.7017469" lon="25.0828014">
        <ele>133</ele>
      </trkpt>
      <trkpt lat="54.7014139" lon="25.0828225">
        <ele>133</ele>
      </trkpt>
      <trkpt lat="54.7011614" lon="25.0829149">
        <ele>133</ele>
      </trkpt>
      <trkpt lat="54.7005952" lon="25.0834538">
        <ele>133</ele>
      </trkpt>
      <trkpt lat="54.7000875" lon="25.0835988">
        <ele>133</ele>
      </trkpt>
      <trkpt lat="54.6999462" lon="25.0835917">
        <ele>133</ele>
      </trkpt>
      <trkpt lat="54.699671" lon="25.0834862">
        <ele>132</ele>
      </trkpt>
      <trkpt lat="54.6990331" lon="25.0833354">
        <ele>132</ele>
      </trkpt>
      <trkpt lat="54.6989083" lon="25.0833385">
        <ele>131</ele>
      </trkpt>
      <trkpt lat="54.698494" lon="25.0835784">
        <ele>129</ele>
      </trkpt>
      <trkpt lat="54.6980299" lon="25.0840125">
        <ele>127</ele>
      </trkpt>
      <trkpt lat="54.6975515" lon="25.0842707">
        <ele>126</ele>
      </trkpt>
      <trkpt lat="54.6973983" lon="25.0844628">
        <ele>125</ele>
      </trkpt>
      <trkpt lat="54.6973042" lon="25.0847068">
        <ele>125</ele>
      </trkpt>
      <trkpt lat="54.6975498" lon="25.0857769">
        <ele>126</ele>
      </trkpt>
      <trkpt lat="54.6977174" lon="25.0858936">
        <ele>127</ele>
      </trkpt>
      <trkpt lat="54.6980898" lon="25.0857156">
        <ele>129</ele>
      </trkpt>
      <trkpt lat="54.698362" lon="25.0858705">
        <ele>131</ele>
      </trkpt>
      <trkpt lat="54.698733" lon="25.0867599">
        <ele>133</ele>
      </trkpt>
      <trkpt lat="54.6990315" lon="25.0871316">
        <ele>133</ele>
      </trkpt>
      <trkpt lat="54.6992603" lon="25.0877244">
        <ele>134</ele>
      </trkpt>
      <trkpt lat="54.699532" lon="25.0881628">
        <ele>135</ele>
      </trkpt>
      <trkpt lat="54.699948" lon="25.0892819">
        <ele>137</ele>
      </trkpt>
      <trkpt lat="54.7002117" lon="25.089498">
        <ele>137</ele>
      </trkpt>
      <trkpt lat="54.7003233" lon="25.0896661">
        <ele>138</ele>
      </trkpt>
      <trkpt lat="54.7005483" lon="25.0898164">
        <ele>138</ele>
      </trkpt>
      <trkpt lat="54.700643" lon="25.0899717">
        <ele>138</ele>
      </trkpt>
      <trkpt lat="54.700898" lon="25.0902305">
        <ele>139</ele>
      </trkpt>
      <trkpt lat="54.7010038" lon="25.090457">
        <ele>139</ele>
      </trkpt>
      <trkpt lat="54.7005417" lon="25.0902885">
        <ele>140</ele>
      </trkpt>
      <trkpt lat="54.6995129" lon="25.0901394">
        <ele>139</ele>
      </trkpt>
      <trkpt lat="54.6987474" lon="25.0900582">
        <ele>137</ele>
      </trkpt>
      <trkpt lat="54.6981354" lon="25.0900472">
        <ele>136</ele>
      </trkpt>
      <trkpt lat="54.6970797" lon="25.0898075">
        <ele>133</ele>
      </trkpt>
      <trkpt lat="54.696993" lon="25.0898976">
        <ele>133</ele>
      </trkpt>
      <trkpt lat="54.6970324" lon="25.0902037">
        <ele>123</ele>
      </trkpt>
      <trkpt lat="54.696745" lon="25.091346">
        <ele>126</ele>
      </trkpt>
      <trkpt lat="54.696726" lon="25.0916609">
        <ele>126</ele>
      </trkpt>
      <trkpt lat="54.696888" lon="25.093">
        <ele>128</ele>
      </trkpt>
      <trkpt lat="54.696971" lon="25.094435">
        <ele>129</ele>
      </trkpt>
      <trkpt lat="54.697145" lon="25.0952379">
        <ele>129</ele>
      </trkpt>
      <trkpt lat="54.697225" lon="25.09629">
        <ele>133</ele>
      </trkpt>
      <trkpt lat="54.69721" lon="25.096797">
        <ele>135</ele>
      </trkpt>
      <trkpt lat="54.697256" lon="25.097006">
        <ele>135</ele>
      </trkpt>
      <trkpt lat="54.69741" lon="25.097171">
        <ele>139</ele>
      </trkpt>
      <trkpt lat="54.697401" lon="25.097458">
        <ele>143</ele>
      </trkpt>
      <trkpt lat="54.697323" lon="25.097821">
        <ele>149</ele>
      </trkpt>
      <trkpt lat="54.697403" lon="25.098222">
        <ele>156</ele>
      </trkpt>
      <trkpt lat="54.697552" lon="25.098657">
        <ele>160</ele>
      </trkpt>
      <trkpt lat="54.697622" lon="25.09972">
        <ele>164</ele>
      </trkpt>
      <trkpt lat="54.697657" lon="25.101668">
        <ele>161</ele>
      </trkpt>
      <trkpt lat="54.697898" lon="25.10296">
        <ele>150</ele>
      </trkpt>
      <trkpt lat="54.697976" lon="25.104342">
        <ele>147</ele>
      </trkpt>
      <trkpt lat="54.698072" lon="25.105114">
        <ele>145</ele>
      </trkpt>
      <trkpt lat="54.697991" lon="25.105676">
        <ele>145</ele>
      </trkpt>
      <trkpt lat="54.698047" lon="25.106091">
        <ele>145</ele>
      </trkpt>
      <trkpt lat="54.698063" lon="25.106934">
        <ele>147</ele>
      </trkpt>
      <trkpt lat="54.698116" lon="25.107224">
        <ele>147</ele>
      </trkpt>
      <trkpt lat="54.697914" lon="25.107811">
        <ele>148</ele>
      </trkpt>
      <trkpt lat="54.697618" lon="25.108306">
        <ele>149</ele>
      </trkpt>
      <trkpt lat="54.697415" lon="25.108435">
        <ele>149</ele>
      </trkpt>
      <trkpt lat="54.697085" lon="25.109185">
        <ele>151</ele>
      </trkpt>
      <trkpt lat="54.696822" lon="25.10954">
        <ele>152</ele>
      </trkpt>
      <trkpt lat="54.69661" lon="25.10969">
        <ele>153</ele>
      </trkpt>
      <trkpt lat="54.696221" lon="25.109463">
        <ele>156</ele>
      </trkpt>
      <trkpt lat="54.696037" lon="25.109437">
        <ele>157</ele>
      </trkpt>
      <trkpt lat="54.695522" lon="25.109731">
        <ele>160</ele>
      </trkpt>
      <trkpt lat="54.695249" lon="25.109741">
        <ele>161</ele>
      </trkpt>
      <trkpt lat="54.694841" lon="25.1093179">
        <ele>165</ele>
      </trkpt>
      <trkpt lat="54.694395" lon="25.109157">
        <ele>167</ele>
      </trkpt>
      <trkpt lat="54.694027" lon="25.108859">
        <ele>169</ele>
      </trkpt>
      <trkpt lat="54.693671" lon="25.108673">
        <ele>170</ele>
      </trkpt>
      <trkpt lat="54.693209" lon="25.108567">
        <ele>169</ele>
      </trkpt>
      <trkpt lat="54.69292" lon="25.108649">
        <ele>168</ele>
      </trkpt>
      <trkpt lat="54.6927" lon="25.108458">
        <ele>169</ele>
      </trkpt>
      <trkpt lat="54.6925991" lon="25.1081774">
        <ele>169</ele>
      </trkpt>
      <trkpt lat="54.6922866" lon="25.1081933">
        <ele>187</ele>
      </trkpt>
      <trkpt lat="54.691805" lon="25.1080866">
        <ele>186</ele>
      </trkpt>
      <trkpt lat="54.6916383" lon="25.1081066">
        <ele>185</ele>
      </trkpt>
      <trkpt lat="54.6914633" lon="25.10803">
        <ele>185</ele>
      </trkpt>
      <trkpt lat="54.6908983" lon="25.1079433">
        <ele>182</ele>
      </trkpt>
      <trkpt lat="54.6907916" lon="25.1078699">
        <ele>182</ele>
      </trkpt>
      <trkpt lat="54.6907366" lon="25.1073549">
        <ele>181</ele>
      </trkpt>
      <trkpt lat="54.6907783" lon="25.106465">
        <ele>177</ele>
      </trkpt>
      <trkpt lat="54.69074" lon="25.1057583">
        <ele>175</ele>
      </trkpt>
      <trkpt lat="54.69078" lon="25.1055066">
        <ele>175</ele>
      </trkpt>
      <trkpt lat="54.69074" lon="25.1052133">
        <ele>175</ele>
      </trkpt>
      <trkpt lat="54.690775" lon="25.1051516">
        <ele>176</ele>
      </trkpt>
      <trkpt lat="54.690775" lon="25.1046516">
        <ele>178</ele>
      </trkpt>
      <trkpt lat="54.690815" lon="25.1045816">
        <ele>178</ele>
      </trkpt>
      <trkpt lat="54.690785" lon="25.10433">
        <ele>178</ele>
      </trkpt>
      <trkpt lat="54.6908366" lon="25.10349">
        <ele>175</ele>
      </trkpt>
      <trkpt lat="54.690925" lon="25.102795">
        <ele>172</ele>
      </trkpt>
      <trkpt lat="54.6908916" lon="25.1019883">
        <ele>169</ele>
      </trkpt>
      <trkpt lat="54.6909366" lon="25.10137">
        <ele>163</ele>
      </trkpt>
      <trkpt lat="54.690875" lon="25.1011533">
        <ele>162</ele>
      </trkpt>
      <trkpt lat="54.690885" lon="25.1008416">
        <ele>162</ele>
      </trkpt>
      <trkpt lat="54.690975" lon="25.1003433">
        <ele>157</ele>
      </trkpt>
      <trkpt lat="54.6910683" lon="25.0992683">
        <ele>147</ele>
      </trkpt>
      <trkpt lat="54.6910433" lon="25.0988166">
        <ele>147</ele>
      </trkpt>
      <trkpt lat="54.69096" lon="25.0985816">
        <ele>145</ele>
      </trkpt>
      <trkpt lat="54.69034" lon="25.0985266">
        <ele>143</ele>
      </trkpt>
      <trkpt lat="54.6894033" lon="25.0985583">
        <ele>139</ele>
      </trkpt>
      <trkpt lat="54.68775" lon="25.0982716">
        <ele>131</ele>
      </trkpt>
      <trkpt lat="54.6874483" lon="25.0982999">
        <ele>132</ele>
      </trkpt>
      <trkpt lat="54.68668" lon="25.0981366">
        <ele>129</ele>
      </trkpt>
      <trkpt lat="54.68662" lon="25.09809">
        <ele>130</ele>
      </trkpt>
      <trkpt lat="54.6863883" lon="25.09813">
        <ele>131</ele>
      </trkpt>
      <trkpt lat="54.6860966" lon="25.0980883">
        <ele>128</ele>
      </trkpt>
      <trkpt lat="54.6860716" lon="25.0982716">
        <ele>129</ele>
      </trkpt>
      <trkpt lat="54.6861283" lon="25.098675">
        <ele>130</ele>
      </trkpt>
      <trkpt lat="54.6860683" lon="25.099035">
        <ele>130</ele>
      </trkpt>
      <trkpt lat="54.6861483" lon="25.0996216">
        <ele>133</ele>
      </trkpt>
      <trkpt lat="54.6860535" lon="25.0998464">
        <ele>123</ele>
      </trkpt>
      <trkpt lat="54.684969" lon="25.10004">
        <ele>122</ele>
      </trkpt>
      <trkpt lat="54.68465" lon="25.100061">
        <ele>122</ele>
      </trkpt>
      <trkpt lat="54.683526" lon="25.100412">
        <ele>121</ele>
      </trkpt>
      <trkpt lat="54.683056" lon="25.100434">
        <ele>120</ele>
      </trkpt>
      <trkpt lat="54.682592" lon="25.100555">
        <ele>120</ele>
      </trkpt>
      <trkpt lat="54.681934" lon="25.100536">
        <ele>119</ele>
      </trkpt>
      <trkpt lat="54.681874" lon="25.100377">
        <ele>118</ele>
      </trkpt>
      <trkpt lat="54.681882" lon="25.099006">
        <ele>120</ele>
      </trkpt>
      <trkpt lat="54.682119" lon="25.097898">
        <ele>120</ele>
      </trkpt>
      <trkpt lat="54.68208" lon="25.097563">
        <ele>120</ele>
      </trkpt>
      <trkpt lat="54.681978" lon="25.097479">
        <ele>120</ele>
      </trkpt>
      <trkpt lat="54.681564" lon="25.09739">
        <ele>120</ele>
      </trkpt>
      <trkpt lat="54.681307" lon="25.097386">
        <ele>120</ele>
      </trkpt>
      <trkpt lat="54.68044" lon="25.097236">
        <ele>119</ele>
      </trkpt>
      <trkpt lat="54.680356" lon="25.096704">
        <ele>119</ele>
      </trkpt>
      <trkpt lat="54.680119" lon="25.095925">
        <ele>117</ele>
      </trkpt>
      <trkpt lat="54.67992" lon="25.095055">
        <ele>113</ele>
      </trkpt>
      <trkpt lat="54.679985" lon="25.094523">
        <ele>110</ele>
      </trkpt>
      <trkpt lat="54.680321" lon="25.093111">
        <ele>107</ele>
      </trkpt>
      <trkpt lat="54.680454" lon="25.092155">
        <ele>106</ele>
      </trkpt>
      <trkpt lat="54.680647" lon="25.09149">
        <ele>104</ele>
      </trkpt>
      <trkpt lat="54.680843" lon="25.091071">
        <ele>101</ele>
      </trkpt>
      <trkpt lat="54.680841" lon="25.090871">
        <ele>99</ele>
      </trkpt>
      <trkpt lat="54.6807" lon="25.090732">
        <ele>97</ele>
      </trkpt>
      <trkpt lat="54.680708" lon="25.090563">
        <ele>93</ele>
      </trkpt>
      <trkpt lat="54.680617" lon="25.0905239">
        <ele>91</ele>
      </trkpt>
      <trkpt lat="54.680525" lon="25.09056">
        <ele>88</ele>
      </trkpt>
      <trkpt lat="54.680406" lon="25.0906619">
        <ele>85</ele>
      </trkpt>
      <trkpt lat="54.679989" lon="25.091338">
        <ele>77</ele>
      </trkpt>
      <trkpt lat="54.679939" lon="25.091779">
        <ele>77</ele>
      </trkpt>
      <trkpt lat="54.679787" lon="25.0921689">
        <ele>77</ele>
      </trkpt>
      <trkpt lat="54.679528" lon="25.093448">
        <ele>76</ele>
      </trkpt>
      <trkpt lat="54.679285" lon="25.093962">
        <ele>76</ele>
      </trkpt>
      <trkpt lat="54.679166" lon="25.094561">
        <ele>78</ele>
      </trkpt>
      <trkpt lat="54.679061" lon="25.094864">
        <ele>78</ele>
      </trkpt>
      <trkpt lat="54.678648" lon="25.095636">
        <ele>78</ele>
      </trkpt>
      <trkpt lat="54.677831" lon="25.097854">
        <ele>77</ele>
      </trkpt>
      <trkpt lat="54.677762" lon="25.098548">
        <ele>77</ele>
      </trkpt>
      <trkpt lat="54.677533" lon="25.099138">
        <ele>78</ele>
      </trkpt>
      <trkpt lat="54.677481" lon="25.099643">
        <ele>78</ele>
      </trkpt>
      <trkpt lat="54.677293" lon="25.100066">
        <ele>78</ele>
      </trkpt>
      <trkpt lat="54.676797" lon="25.101751">
        <ele>78</ele>
      </trkpt>
      <trkpt lat="54.676777" lon="25.101963">
        <ele>78</ele>
      </trkpt>
      <trkpt lat="54.676834" lon="25.102121">
        <ele>78</ele>
      </trkpt>
      <trkpt lat="54.677099" lon="25.102393">
        <ele>81</ele>
      </trkpt>
      <trkpt lat="54.67730502367054" lon="25.10245591705101">
        <ele>82.5</ele>
      </trkpt>
      <trkpt lat="54.677405" lon="25.10257">
        <ele>92</ele>
      </trkpt>
      <trkpt lat="54.67742167" lon="25.10265167">
        <ele>92</ele>
      </trkpt>
      <trkpt lat="54.677325" lon="25.10285">
        <ele>89</ele>
      </trkpt>
      <trkpt lat="54.67739" lon="25.10332833">
        <ele>86</ele>
      </trkpt>
      <trkpt lat="54.677245" lon="25.10376667">
        <ele>85</ele>
      </trkpt>
      <trkpt lat="54.676985" lon="25.10434667">
        <ele>89</ele>
      </trkpt>
      <trkpt lat="54.67691333" lon="25.10469833">
        <ele>88</ele>
      </trkpt>
      <trkpt lat="54.67683167" lon="25.10488">
        <ele>87</ele>
      </trkpt>
      <trkpt lat="54.67674667" lon="25.10523167">
        <ele>87</ele>
      </trkpt>
      <trkpt lat="54.67675833" lon="25.105535">
        <ele>87</ele>
      </trkpt>
      <trkpt lat="54.67682667" lon="25.10565">
        <ele>89</ele>
      </trkpt>
      <trkpt lat="54.67696333" lon="25.10570167">
        <ele>90</ele>
      </trkpt>
      <trkpt lat="54.67712667" lon="25.10585333">
        <ele>91</ele>
      </trkpt>
      <trkpt lat="54.67753833" lon="25.10568">
        <ele>90</ele>
      </trkpt>
      <trkpt lat="54.67781167" lon="25.105655">
        <ele>90</ele>
      </trkpt>
      <trkpt lat="54.67809167" lon="25.10521833">
        <ele>89</ele>
      </trkpt>
      <trkpt lat="54.678316" lon="25.10473">
        <ele>97</ele>
      </trkpt>
      <trkpt lat="54.678413" lon="25.10465">
        <ele>97</ele>
      </trkpt>
      <trkpt lat="54.678733" lon="25.10464">
        <ele>99</ele>
      </trkpt>
      <trkpt lat="54.679014" lon="25.104833">
        <ele>101</ele>
      </trkpt>
      <trkpt lat="54.679193" lon="25.104882">
        <ele>102</ele>
      </trkpt>
      <trkpt lat="54.679332" lon="25.105007">
        <ele>103</ele>
      </trkpt>
      <trkpt lat="54.679548" lon="25.105247">
        <ele>104</ele>
      </trkpt>
      <trkpt lat="54.679974" lon="25.105982">
        <ele>108</ele>
      </trkpt>
      <trkpt lat="54.680259" lon="25.106371">
        <ele>111</ele>
      </trkpt>
      <trkpt lat="54.680558" lon="25.106557">
        <ele>114</ele>
      </trkpt>
      <trkpt lat="54.680719" lon="25.106763">
        <ele>115</ele>
      </trkpt>
      <trkpt lat="54.680806" lon="25.106779">
        <ele>116</ele>
      </trkpt>
      <trkpt lat="54.681071" lon="25.106684">
        <ele>119</ele>
      </trkpt>
      <trkpt lat="54.681364" lon="25.106856">
        <ele>121</ele>
      </trkpt>
      <trkpt lat="54.681582" lon="25.1069">
        <ele>123</ele>
      </trkpt>
      <trkpt lat="54.681897" lon="25.107058">
        <ele>124</ele>
      </trkpt>
      <trkpt lat="54.682105" lon="25.106985">
        <ele>126</ele>
      </trkpt>
      <trkpt lat="54.682493" lon="25.106933">
        <ele>126</ele>
      </trkpt>
      <trkpt lat="54.683327" lon="25.107035">
        <ele>129</ele>
      </trkpt>
      <trkpt lat="54.68385" lon="25.107342">
        <ele>132</ele>
      </trkpt>
      <trkpt lat="54.684226" lon="25.107647">
        <ele>133</ele>
      </trkpt>
      <trkpt lat="54.684543" lon="25.107931">
        <ele>133</ele>
      </trkpt>
      <trkpt lat="54.684707" lon="25.108184">
        <ele>134</ele>
      </trkpt>
      <trkpt lat="54.684968" lon="25.108469">
        <ele>137</ele>
      </trkpt>
      <trkpt lat="54.685179" lon="25.108587">
        <ele>139</ele>
      </trkpt>
      <trkpt lat="54.685409" lon="25.108523">
        <ele>140</ele>
      </trkpt>
      <trkpt lat="54.685774" lon="25.108245">
        <ele>140</ele>
      </trkpt>
      <trkpt lat="54.686221" lon="25.108177">
        <ele>142</ele>
      </trkpt>
      <trkpt lat="54.686781" lon="25.107831">
        <ele>141</ele>
      </trkpt>
      <trkpt lat="54.686992" lon="25.107759">
        <ele>142</ele>
      </trkpt>
      <trkpt lat="54.687278" lon="25.107734">
        <ele>142</ele>
      </trkpt>
      <trkpt lat="54.68801" lon="25.107766">
        <ele>145</ele>
      </trkpt>
      <trkpt lat="54.688166" lon="25.107885">
        <ele>146</ele>
      </trkpt>
      <trkpt lat="54.688539" lon="25.108371">
        <ele>146</ele>
      </trkpt>
      <trkpt lat="54.688765" lon="25.108573">
        <ele>147</ele>
      </trkpt>
      <trkpt lat="54.689345" lon="25.1092559">
        <ele>148</ele>
      </trkpt>
      <trkpt lat="54.689686" lon="25.110042">
        <ele>150</ele>
      </trkpt>
      <trkpt lat="54.690007" lon="25.111224">
        <ele>152</ele>
      </trkpt>
      <trkpt lat="54.690412" lon="25.111751">
        <ele>154</ele>
      </trkpt>
      <trkpt lat="54.690561" lon="25.1121">
        <ele>155</ele>
      </trkpt>
      <trkpt lat="54.690788" lon="25.11243">
        <ele>156</ele>
      </trkpt>
      <trkpt lat="54.690918" lon="25.112537">
        <ele>157</ele>
      </trkpt>
      <trkpt lat="54.691053" lon="25.112585">
        <ele>158</ele>
      </trkpt>
      <trkpt lat="54.691366" lon="25.112587">
        <ele>159</ele>
      </trkpt>
      <trkpt lat="54.691808" lon="25.112478">
        <ele>160</ele>
      </trkpt>
      <trkpt lat="54.692072" lon="25.112527">
        <ele>162</ele>
      </trkpt>
      <trkpt lat="54.692262" lon="25.112642">
        <ele>162</ele>
      </trkpt>
      <trkpt lat="54.692347" lon="25.112987">
        <ele>163</ele>
      </trkpt>
      <trkpt lat="54.692231" lon="25.113537">
        <ele>164</ele>
      </trkpt>
      <trkpt lat="54.691949" lon="25.114107">
        <ele>163</ele>
      </trkpt>
      <trkpt lat="54.69182" lon="25.114464">
        <ele>163</ele>
      </trkpt>
      <trkpt lat="54.691563" lon="25.114757">
        <ele>163</ele>
      </trkpt>
      <trkpt lat="54.691376" lon="25.115064">
        <ele>163</ele>
      </trkpt>
      <trkpt lat="54.691017" lon="25.115299">
        <ele>163</ele>
      </trkpt>
      <trkpt lat="54.690735" lon="25.115772">
        <ele>165</ele>
      </trkpt>
      <trkpt lat="54.690498" lon="25.115893">
        <ele>166</ele>
      </trkpt>
      <trkpt lat="54.690494" lon="25.115882">
        <ele>177</ele>
      </trkpt>
      <trkpt lat="54.690358" lon="25.116009">
        <ele>178</ele>
      </trkpt>
      <trkpt lat="54.690306" lon="25.11609">
        <ele>178.5</ele>
      </trkpt>
      <trkpt lat="54.690241" lon="25.116048">
        <ele>179.25</ele>
      </trkpt>
      <trkpt lat="54.690101" lon="25.11604">
        <ele>180.5</ele>
      </trkpt>
      <trkpt lat="54.689972" lon="25.11606">
        <ele>181.75</ele>
      </trkpt>
      <trkpt lat="54.68989" lon="25.116088">
        <ele>182</ele>
      </trkpt>
      <trkpt lat="54.68976" lon="25.116078">
        <ele>182.25</ele>
      </trkpt>
      <trkpt lat="54.689678" lon="25.116041">
        <ele>182.5</ele>
      </trkpt>
      <trkpt lat="54.6896" lon="25.115992">
        <ele>182.75</ele>
      </trkpt>
      <trkpt lat="54.689237" lon="25.115664">
        <ele>183.75</ele>
      </trkpt>
      <trkpt lat="54.689113" lon="25.115516">
        <ele>184</ele>
      </trkpt>
      <trkpt lat="54.688972" lon="25.115303">
        <ele>184.5</ele>
      </trkpt>
      <trkpt lat="54.688862" lon="25.115137">
        <ele>184.5</ele>
      </trkpt>
      <trkpt lat="54.68897" lon="25.115022">
        <ele>184.25</ele>
      </trkpt>
      <trkpt lat="54.689107" lon="25.114822">
        <ele>183.5</ele>
      </trkpt>
      <trkpt lat="54.689219" lon="25.114608">
        <ele>182.75</ele>
      </trkpt>
      <trkpt lat="54.6893" lon="25.114435">
        <ele>182.25</ele>
      </trkpt>
      <trkpt lat="54.689359" lon="25.114269">
        <ele>182</ele>
      </trkpt>
      <trkpt lat="54.68943" lon="25.114116">
        <ele>181.5</ele>
      </trkpt>
      <trkpt lat="54.689614" lon="25.11382">
        <ele>180.75</ele>
      </trkpt>
      <trkpt lat="54.690071" lon="25.113121">
        <ele>177.75</ele>
      </trkpt>
      <trkpt lat="54.68998" lon="25.113128">
        <ele>178.25</ele>
      </trkpt>
      <trkpt lat="54.689935" lon="25.113097">
        <ele>178.25</ele>
      </trkpt>
      <trkpt lat="54.689929670045416" lon="25.113123576570946">
        <ele>160.60587952899263</ele>
      </trkpt>
      <trkpt lat="54.689894" lon="25.113122">
        <ele>161</ele>
      </trkpt>
      <trkpt lat="54.689663" lon="25.113034">
        <ele>163</ele>
      </trkpt>
      <trkpt lat="54.689447" lon="25.112888">
        <ele>162</ele>
      </trkpt>
      <trkpt lat="54.689291" lon="25.112696">
        <ele>161</ele>
      </trkpt>
      <trkpt lat="54.689214" lon="25.112461">
        <ele>159</ele>
      </trkpt>
      <trkpt lat="54.688997" lon="25.112051">
        <ele>156</ele>
      </trkpt>
      <trkpt lat="54.688796" lon="25.111837">
        <ele>154</ele>
      </trkpt>
      <trkpt lat="54.688316" lon="25.111626">
        <ele>150</ele>
      </trkpt>
      <trkpt lat="54.687834" lon="25.111585">
        <ele>147</ele>
      </trkpt>
      <trkpt lat="54.687725" lon="25.111475">
        <ele>146</ele>
      </trkpt>
      <trkpt lat="54.68751" lon="25.111381">
        <ele>145</ele>
      </trkpt>
      <trkpt lat="54.687231" lon="25.1111809">
        <ele>144</ele>
      </trkpt>
      <trkpt lat="54.686922" lon="25.1108319">
        <ele>142</ele>
      </trkpt>
      <trkpt lat="54.686515" lon="25.110658">
        <ele>139</ele>
      </trkpt>
      <trkpt lat="54.686058" lon="25.11039">
        <ele>133</ele>
      </trkpt>
      <trkpt lat="54.685924" lon="25.110171">
        <ele>133</ele>
      </trkpt>
      <trkpt lat="54.6856427" lon="25.1110714">
        <ele>150</ele>
      </trkpt>
      <trkpt lat="54.685387" lon="25.1115369">
        <ele>150</ele>
      </trkpt>
      <trkpt lat="54.685212" lon="25.111722">
        <ele>148</ele>
      </trkpt>
      <trkpt lat="54.684944" lon="25.112918">
        <ele>153</ele>
      </trkpt>
      <trkpt lat="54.684715" lon="25.113169">
        <ele>151</ele>
      </trkpt>
      <trkpt lat="54.684401" lon="25.11321">
        <ele>147</ele>
      </trkpt>
      <trkpt lat="54.684185" lon="25.113077">
        <ele>144</ele>
      </trkpt>
      <trkpt lat="54.683772" lon="25.11245">
        <ele>140</ele>
      </trkpt>
      <trkpt lat="54.683589" lon="25.112351">
        <ele>139</ele>
      </trkpt>
      <trkpt lat="54.683248" lon="25.112267">
        <ele>138</ele>
      </trkpt>
      <trkpt lat="54.682988" lon="25.112493">
        <ele>135</ele>
      </trkpt>
      <trkpt lat="54.682891" lon="25.1124769">
        <ele>135</ele>
      </trkpt>
      <trkpt lat="54.682106" lon="25.111805">
        <ele>115</ele>
      </trkpt>
      <trkpt lat="54.681896" lon="25.111578">
        <ele>113</ele>
      </trkpt>
      <trkpt lat="54.681745" lon="25.111259">
        <ele>111</ele>
      </trkpt>
      <trkpt lat="54.681423" lon="25.1109699">
        <ele>108</ele>
      </trkpt>
      <trkpt lat="54.68106" lon="25.110468">
        <ele>106</ele>
      </trkpt>
      <trkpt lat="54.680906" lon="25.109983">
        <ele>105</ele>
      </trkpt>
      <trkpt lat="54.680511" lon="25.10932">
        <ele>104</ele>
      </trkpt>
      <trkpt lat="54.680242" lon="25.109119">
        <ele>102</ele>
      </trkpt>
      <trkpt lat="54.679881" lon="25.10902">
        <ele>101</ele>
      </trkpt>
      <trkpt lat="54.679654" lon="25.109042">
        <ele>100</ele>
      </trkpt>
      <trkpt lat="54.679587" lon="25.109151">
        <ele>100</ele>
      </trkpt>
      <trkpt lat="54.679596" lon="25.109535">
        <ele>106</ele>
      </trkpt>
      <trkpt lat="54.679734" lon="25.109837">
        <ele>111</ele>
      </trkpt>
      <trkpt lat="54.679723" lon="25.11027">
        <ele>115</ele>
      </trkpt>
      <trkpt lat="54.679929" lon="25.110676">
        <ele>121</ele>
      </trkpt>
      <trkpt lat="54.680177" lon="25.110936">
        <ele>123</ele>
      </trkpt>
      <trkpt lat="54.680324" lon="25.111291">
        <ele>126</ele>
      </trkpt>
      <trkpt lat="54.680436" lon="25.11169">
        <ele>128</ele>
      </trkpt>
      <trkpt lat="54.680448" lon="25.112011">
        <ele>129</ele>
      </trkpt>
      <trkpt lat="54.680587" lon="25.112482">
        <ele>133</ele>
      </trkpt>
      <trkpt lat="54.680647" lon="25.112965">
        <ele>134</ele>
      </trkpt>
      <trkpt lat="54.680635" lon="25.11328">
        <ele>136</ele>
      </trkpt>
      <trkpt lat="54.680713" lon="25.113673">
        <ele>137</ele>
      </trkpt>
      <trkpt lat="54.680958" lon="25.1141">
        <ele>139</ele>
      </trkpt>
      <trkpt lat="54.68107" lon="25.114547">
        <ele>140</ele>
      </trkpt>
      <trkpt lat="54.681376" lon="25.115155">
        <ele>139</ele>
      </trkpt>
      <trkpt lat="54.681467" lon="25.11554">
        <ele>139</ele>
      </trkpt>
      <trkpt lat="54.681528" lon="25.116101">
        <ele>139</ele>
      </trkpt>
      <trkpt lat="54.681625" lon="25.11631">
        <ele>139</ele>
      </trkpt>
      <trkpt lat="54.68183" lon="25.116423">
        <ele>140</ele>
      </trkpt>
      <trkpt lat="54.682218" lon="25.116386">
        <ele>142</ele>
      </trkpt>
      <trkpt lat="54.682995" lon="25.116453">
        <ele>148</ele>
      </trkpt>
      <trkpt lat="54.683164" lon="25.1164">
        <ele>151</ele>
      </trkpt>
      <trkpt lat="54.68356" lon="25.1160089">
        <ele>155</ele>
      </trkpt>
      <trkpt lat="54.684047" lon="25.115704">
        <ele>156</ele>
      </trkpt>
      <trkpt lat="54.684268" lon="25.115675">
        <ele>156</ele>
      </trkpt>
      <trkpt lat="54.684519" lon="25.115725">
        <ele>157</ele>
      </trkpt>
      <trkpt lat="54.684591" lon="25.1158569">
        <ele>157</ele>
      </trkpt>
      <trkpt lat="54.684506" lon="25.1163719">
        <ele>156</ele>
      </trkpt>
      <trkpt lat="54.684181" lon="25.117056">
        <ele>155</ele>
      </trkpt>
      <trkpt lat="54.68416" lon="25.117584">
        <ele>153</ele>
      </trkpt>
      <trkpt lat="54.683931" lon="25.119003">
        <ele>148</ele>
      </trkpt>
      <trkpt lat="54.683795" lon="25.119259">
        <ele>146</ele>
      </trkpt>
      <trkpt lat="54.683485" lon="25.119451">
        <ele>144</ele>
      </trkpt>
      <trkpt lat="54.683376" lon="25.11957">
        <ele>142</ele>
      </trkpt>
      <trkpt lat="54.683296" lon="25.119909">
        <ele>139</ele>
      </trkpt>
      <trkpt lat="54.683344" lon="25.120351">
        <ele>138</ele>
      </trkpt>
      <trkpt lat="54.68344" lon="25.120754">
        <ele>138</ele>
      </trkpt>
      <trkpt lat="54.683703" lon="25.121097">
        <ele>137</ele>
      </trkpt>
      <trkpt lat="54.683898" lon="25.121229">
        <ele>137</ele>
      </trkpt>
      <trkpt lat="54.684005" lon="25.12147">
        <ele>134</ele>
      </trkpt>
      <trkpt lat="54.68414" lon="25.122039">
        <ele>125</ele>
      </trkpt>
      <trkpt lat="54.684246" lon="25.122294">
        <ele>122</ele>
      </trkpt>
      <trkpt lat="54.684449" lon="25.1226759">
        <ele>119</ele>
      </trkpt>
      <trkpt lat="54.684659" lon="25.122811">
        <ele>117</ele>
      </trkpt>
      <trkpt lat="54.684769" lon="25.123038">
        <ele>114</ele>
      </trkpt>
      <trkpt lat="54.684818" lon="25.123286">
        <ele>112</ele>
      </trkpt>
      <trkpt lat="54.684789" lon="25.123687">
        <ele>110</ele>
      </trkpt>
      <trkpt lat="54.684862" lon="25.123962">
        <ele>110</ele>
      </trkpt>
      <trkpt lat="54.684893" lon="25.1245456">
        <ele>109</ele>
      </trkpt>
      <trkpt lat="54.6847283" lon="25.12478">
        <ele>136</ele>
      </trkpt>
      <trkpt lat="54.6844666" lon="25.1250283">
        <ele>134</ele>
      </trkpt>
      <trkpt lat="54.6841933" lon="25.1256433">
        <ele>131</ele>
      </trkpt>
      <trkpt lat="54.6840933" lon="25.1257616">
        <ele>130</ele>
      </trkpt>
      <trkpt lat="54.68395" lon="25.1257433">
        <ele>129</ele>
      </trkpt>
      <trkpt lat="54.6838816" lon="25.1257933">
        <ele>130</ele>
      </trkpt>
      <trkpt lat="54.6833983" lon="25.12653">
        <ele>130</ele>
      </trkpt>
      <trkpt lat="54.6831566" lon="25.1275216">
        <ele>126</ele>
      </trkpt>
      <trkpt lat="54.683045" lon="25.1283083">
        <ele>125</ele>
      </trkpt>
      <trkpt lat="54.6830066" lon="25.1288833">
        <ele>122</ele>
      </trkpt>
      <trkpt lat="54.6830883" lon="25.12933">
        <ele>121</ele>
      </trkpt>
      <trkpt lat="54.6830966" lon="25.12966">
        <ele>117</ele>
      </trkpt>
      <trkpt lat="54.6831333" lon="25.1295866">
        <ele>116</ele>
      </trkpt>
      <trkpt lat="54.6834266" lon="25.129375">
        <ele>113</ele>
      </trkpt>
      <trkpt lat="54.68352" lon="25.1292283">
        <ele>113</ele>
      </trkpt>
      <trkpt lat="54.6836016" lon="25.1292433">
        <ele>112</ele>
      </trkpt>
      <trkpt lat="54.6836833" lon="25.1291416">
        <ele>113</ele>
      </trkpt>
      <trkpt lat="54.6840033" lon="25.12895">
        <ele>116</ele>
      </trkpt>
      <trkpt lat="54.684065" lon="25.128855">
        <ele>118</ele>
      </trkpt>
      <trkpt lat="54.6841816" lon="25.1282483">
        <ele>126</ele>
      </trkpt>
      <trkpt lat="54.6843266" lon="25.12808">
        <ele>126</ele>
      </trkpt>
      <trkpt lat="54.68439" lon="25.1277783">
        <ele>126</ele>
      </trkpt>
      <trkpt lat="54.6847483" lon="25.1274666">
        <ele>129</ele>
      </trkpt>
      <trkpt lat="54.6848066" lon="25.127505">
        <ele>130</ele>
      </trkpt>
      <trkpt lat="54.684945" lon="25.1274483">
        <ele>134</ele>
      </trkpt>
      <trkpt lat="54.685075" lon="25.12747">
        <ele>138</ele>
      </trkpt>
      <trkpt lat="54.6852116" lon="25.1273566">
        <ele>140</ele>
      </trkpt>
      <trkpt lat="54.6853716" lon="25.1274266">
        <ele>141</ele>
      </trkpt>
      <trkpt lat="54.6855783" lon="25.127385">
        <ele>141</ele>
      </trkpt>
      <trkpt lat="54.685695" lon="25.1274283">
        <ele>141</ele>
      </trkpt>
      <trkpt lat="54.6857166" lon="25.1275033">
        <ele>141</ele>
      </trkpt>
      <trkpt lat="54.6857566" lon="25.1274683">
        <ele>141</ele>
      </trkpt>
      <trkpt lat="54.6858416" lon="25.1275433">
        <ele>140</ele>
      </trkpt>
      <trkpt lat="54.6859566" lon="25.1275483">
        <ele>141</ele>
      </trkpt>
      <trkpt lat="54.6860516" lon="25.1274733">
        <ele>139</ele>
      </trkpt>
      <trkpt lat="54.6861733" lon="25.1276116">
        <ele>139</ele>
      </trkpt>
      <trkpt lat="54.6863816" lon="25.1276116">
        <ele>142</ele>
      </trkpt>
      <trkpt lat="54.6864333" lon="25.1274483">
        <ele>141</ele>
      </trkpt>
      <trkpt lat="54.6867033" lon="25.1273233">
        <ele>146</ele>
      </trkpt>
      <trkpt lat="54.6870916" lon="25.12735">
        <ele>148</ele>
      </trkpt>
      <trkpt lat="54.6872033" lon="25.127335">
        <ele>149</ele>
      </trkpt>
      <trkpt lat="54.687305" lon="25.1272533">
        <ele>149</ele>
      </trkpt>
      <trkpt lat="54.6874366" lon="25.12725">
        <ele>150</ele>
      </trkpt>
      <trkpt lat="54.6876966" lon="25.1274666">
        <ele>147</ele>
      </trkpt>
      <trkpt lat="54.687852" lon="25.1274678">
        <ele>159</ele>
      </trkpt>
      <trkpt lat="54.687905" lon="25.1275733">
        <ele>158</ele>
      </trkpt>
      <trkpt lat="54.6880016" lon="25.1276183">
        <ele>159</ele>
      </trkpt>
      <trkpt lat="54.6881233" lon="25.1280666">
        <ele>167</ele>
      </trkpt>
      <trkpt lat="54.6883383" lon="25.1283183">
        <ele>170</ele>
      </trkpt>
      <trkpt lat="54.68872" lon="25.1282266">
        <ele>169</ele>
      </trkpt>
      <trkpt lat="54.688825" lon="25.1282466">
        <ele>169</ele>
      </trkpt>
      <trkpt lat="54.6891733" lon="25.1286416">
        <ele>168</ele>
      </trkpt>
      <trkpt lat="54.6892916" lon="25.1286283">
        <ele>169</ele>
      </trkpt>
      <trkpt lat="54.689365" lon="25.1285716">
        <ele>169</ele>
      </trkpt>
      <trkpt lat="54.6895833" lon="25.1283066">
        <ele>172</ele>
      </trkpt>
      <trkpt lat="54.6896883" lon="25.12792">
        <ele>171</ele>
      </trkpt>
      <trkpt lat="54.6898616" lon="25.1275733">
        <ele>169</ele>
      </trkpt>
      <trkpt lat="54.6898516" lon="25.1274933">
        <ele>169</ele>
      </trkpt>
      <trkpt lat="54.68989487272243" lon="25.127454693214577">
        <ele>169</ele>
      </trkpt>
      <trkpt lat="54.69010890967828" lon="25.127355417422436">
        <ele>143.4706931728714</ele>
      </trkpt>
      <trkpt lat="54.6901261" lon="25.1273484">
        <ele>143</ele>
      </trkpt>
      <trkpt lat="54.6901626" lon="25.1273336">
        <ele>143</ele>
      </trkpt>
      <trkpt lat="54.6901963" lon="25.1273162">
        <ele>142</ele>
      </trkpt>
      <trkpt lat="54.6902301" lon="25.1272989">
        <ele>142</ele>
      </trkpt>
      <trkpt lat="54.6902614" lon="25.127278">
        <ele>142</ele>
      </trkpt>
      <trkpt lat="54.6902928" lon="25.1272571">
        <ele>142</ele>
      </trkpt>
      <trkpt lat="54.6903244" lon="25.1272371">
        <ele>142</ele>
      </trkpt>
      <trkpt lat="54.6903561" lon="25.1272171">
        <ele>141</ele>
      </trkpt>
      <trkpt lat="54.6903889" lon="25.1272032">
        <ele>141</ele>
      </trkpt>
      <trkpt lat="54.6904218" lon="25.1271893">
        <ele>141</ele>
      </trkpt>
      <trkpt lat="54.6904558" lon="25.1271836">
        <ele>141</ele>
      </trkpt>
      <trkpt lat="54.6904899" lon="25.1271779">
        <ele>141</ele>
      </trkpt>
      <trkpt lat="54.6905243" lon="25.127179">
        <ele>140</ele>
      </trkpt>
      <trkpt lat="54.6905587" lon="25.1271802">
        <ele>140</ele>
      </trkpt>
      <trkpt lat="54.690591" lon="25.1271813">
        <ele>140</ele>
      </trkpt>
      <trkpt lat="54.6906234" lon="25.1271824">
        <ele>140</ele>
      </trkpt>
      <trkpt lat="54.6906548" lon="25.1271823">
        <ele>140</ele>
      </trkpt>
      <trkpt lat="54.6906863" lon="25.1271822">
        <ele>139</ele>
      </trkpt>
      <trkpt lat="54.6907187" lon="25.1271815">
        <ele>139</ele>
      </trkpt>
      <trkpt lat="54.6907512" lon="25.1271808">
        <ele>139</ele>
      </trkpt>
      <trkpt lat="54.6907844" lon="25.1271833">
        <ele>139</ele>
      </trkpt>
      <trkpt lat="54.6908177" lon="25.1271858">
        <ele>139</ele>
      </trkpt>
      <trkpt lat="54.6908506" lon="25.1271921">
        <ele>139</ele>
      </trkpt>
      <trkpt lat="54.6908836" lon="25.1271985">
        <ele>139</ele>
      </trkpt>
      <trkpt lat="54.6909118" lon="25.1272064">
        <ele>139</ele>
      </trkpt>
      <trkpt lat="54.69094" lon="25.1272144">
        <ele>139</ele>
      </trkpt>
      <trkpt lat="54.6909474" lon="25.1272167">
        <ele>139</ele>
      </trkpt>
      <trkpt lat="54.6909549" lon="25.127219">
        <ele>139</ele>
      </trkpt>
      <trkpt lat="54.6909624" lon="25.1272214">
        <ele>139</ele>
      </trkpt>
      <trkpt lat="54.6909699" lon="25.1272237">
        <ele>139</ele>
      </trkpt>
      <trkpt lat="54.69097479528676" lon="25.127225266491667">
        <ele>139</ele>
      </trkpt>
      <trkpt lat="54.69097479528676" lon="25.127225266491667">
        <ele>150.10779852508662</ele>
      </trkpt>
      <trkpt lat="54.6910138" lon="25.1272569">
        <ele>150.31156340589195</ele>
      </trkpt>
      <trkpt lat="54.6910138" lon="25.1272569">
        <ele>139</ele>
      </trkpt>
      <trkpt lat="54.6910184" lon="25.1272682">
        <ele>139</ele>
      </trkpt>
      <trkpt lat="54.691023" lon="25.1272796">
        <ele>139</ele>
      </trkpt>
      <trkpt lat="54.6910335" lon="25.1273013">
        <ele>139</ele>
      </trkpt>
      <trkpt lat="54.691044" lon="25.127323">
        <ele>139</ele>
      </trkpt>
      <trkpt lat="54.6910595" lon="25.127355">
        <ele>139</ele>
      </trkpt>
      <trkpt lat="54.6910751" lon="25.127387">
        <ele>139</ele>
      </trkpt>
      <trkpt lat="54.6910932" lon="25.1274258">
        <ele>139</ele>
      </trkpt>
      <trkpt lat="54.6911113" lon="25.1274646">
        <ele>139</ele>
      </trkpt>
      <trkpt lat="54.6911275" lon="25.1275058">
        <ele>139</ele>
      </trkpt>
      <trkpt lat="54.6911437" lon="25.1275471">
        <ele>139</ele>
      </trkpt>
      <trkpt lat="54.6911553" lon="25.1275882">
        <ele>139</ele>
      </trkpt>
      <trkpt lat="54.691167" lon="25.1276294">
        <ele>139</ele>
      </trkpt>
      <trkpt lat="54.6911734" lon="25.1276699">
        <ele>139</ele>
      </trkpt>
      <trkpt lat="54.6911799" lon="25.1277105">
        <ele>139</ele>
      </trkpt>
      <trkpt lat="54.6911811" lon="25.1277527">
        <ele>139</ele>
      </trkpt>
      <trkpt lat="54.6911823" lon="25.1277949">
        <ele>139</ele>
      </trkpt>
      <trkpt lat="54.6911802" lon="25.1278401">
        <ele>139</ele>
      </trkpt>
      <trkpt lat="54.6911781" lon="25.1278854">
        <ele>139</ele>
      </trkpt>
      <trkpt lat="54.6911726" lon="25.1279342">
        <ele>139</ele>
      </trkpt>
      <trkpt lat="54.6911672" lon="25.1279831">
        <ele>139</ele>
      </trkpt>
      <trkpt lat="54.6911612" lon="25.1280364">
        <ele>138</ele>
      </trkpt>
      <trkpt lat="54.6911553" lon="25.1280897">
        <ele>138</ele>
      </trkpt>
      <trkpt lat="54.6911534" lon="25.1281465">
        <ele>138</ele>
      </trkpt>
      <trkpt lat="54.6911516" lon="25.1282033">
        <ele>138</ele>
      </trkpt>
      <trkpt lat="54.6911567" lon="25.1282616">
        <ele>138</ele>
      </trkpt>
      <trkpt lat="54.6911618" lon="25.12832">
        <ele>138</ele>
      </trkpt>
      <trkpt lat="54.6911737" lon="25.128375">
        <ele>138</ele>
      </trkpt>
      <trkpt lat="54.6911856" lon="25.1284301">
        <ele>138</ele>
      </trkpt>
      <trkpt lat="54.6912026" lon="25.1284782">
        <ele>138</ele>
      </trkpt>
      <trkpt lat="54.6912197" lon="25.1285263">
        <ele>138</ele>
      </trkpt>
      <trkpt lat="54.6912367" lon="25.12857">
        <ele>137</ele>
      </trkpt>
      <trkpt lat="54.6912537" lon="25.1286138">
        <ele>137</ele>
      </trkpt>
      <trkpt lat="54.6912674" lon="25.1286566">
        <ele>136</ele>
      </trkpt>
      <trkpt lat="54.6912811" lon="25.1286994">
        <ele>136</ele>
      </trkpt>
      <trkpt lat="54.6912897" lon="25.1287441">
        <ele>136</ele>
      </trkpt>
      <trkpt lat="54.6912983" lon="25.1287888">
        <ele>135</ele>
      </trkpt>
      <trkpt lat="54.691303" lon="25.1288351">
        <ele>135</ele>
      </trkpt>
      <trkpt lat="54.6913077" lon="25.1288814">
        <ele>134</ele>
      </trkpt>
      <trkpt lat="54.6913113" lon="25.128928">
        <ele>134</ele>
      </trkpt>
      <trkpt lat="54.691315" lon="25.1289746">
        <ele>134</ele>
      </trkpt>
      <trkpt lat="54.6913159" lon="25.129022">
        <ele>133</ele>
      </trkpt>
      <trkpt lat="54.6913168" lon="25.1290695">
        <ele>133</ele>
      </trkpt>
      <trkpt lat="54.6913172" lon="25.1291117">
        <ele>132</ele>
      </trkpt>
      <trkpt lat="54.6913176" lon="25.129154">
        <ele>132</ele>
      </trkpt>
      <trkpt lat="54.6913179" lon="25.1291744">
        <ele>132</ele>
      </trkpt>
      <trkpt lat="54.6913183" lon="25.1291948">
        <ele>131</ele>
      </trkpt>
      <trkpt lat="54.6913183" lon="25.1291948">
        <ele>150.9622597403829</ele>
      </trkpt>
      <trkpt lat="54.691312663847576" lon="25.12940891922423">
        <ele>149.34126451331446</ele>
      </trkpt>
      <trkpt lat="54.691312663847576" lon="25.12940891922423">
        <ele>130</ele>
      </trkpt>
      <trkpt lat="54.6913204" lon="25.1294476">
        <ele>130</ele>
      </trkpt>
      <trkpt lat="54.6913309" lon="25.1295002">
        <ele>130</ele>
      </trkpt>
      <trkpt lat="54.6913413" lon="25.129556">
        <ele>129</ele>
      </trkpt>
      <trkpt lat="54.6913518" lon="25.1296119">
        <ele>129</ele>
      </trkpt>
      <trkpt lat="54.6913658" lon="25.1296637">
        <ele>129</ele>
      </trkpt>
      <trkpt lat="54.6913799" lon="25.1297156">
        <ele>129</ele>
      </trkpt>
      <trkpt lat="54.6913965" lon="25.129759">
        <ele>129</ele>
      </trkpt>
      <trkpt lat="54.6914131" lon="25.1298025">
        <ele>128</ele>
      </trkpt>
      <trkpt lat="54.6914311" lon="25.1298328">
        <ele>128</ele>
      </trkpt>
      <trkpt lat="54.6914491" lon="25.1298632">
        <ele>128</ele>
      </trkpt>
      <trkpt lat="54.6914667" lon="25.1298808">
        <ele>128</ele>
      </trkpt>
      <trkpt lat="54.6914844" lon="25.1298984">
        <ele>128</ele>
      </trkpt>
      <trkpt lat="54.6915019" lon="25.129907">
        <ele>127</ele>
      </trkpt>
      <trkpt lat="54.6915194" lon="25.1299156">
        <ele>127</ele>
      </trkpt>
      <trkpt lat="54.6915384" lon="25.1299186">
        <ele>127</ele>
      </trkpt>
      <trkpt lat="54.6915575" lon="25.1299217">
        <ele>127</ele>
      </trkpt>
      <trkpt lat="54.6915756" lon="25.1299248">
        <ele>127</ele>
      </trkpt>
      <trkpt lat="54.6915938" lon="25.1299279">
        <ele>126</ele>
      </trkpt>
      <trkpt lat="54.6916071" lon="25.1299347">
        <ele>126</ele>
      </trkpt>
      <trkpt lat="54.6916205" lon="25.1299415">
        <ele>126</ele>
      </trkpt>
      <trkpt lat="54.6916295" lon="25.1299481">
        <ele>126</ele>
      </trkpt>
      <trkpt lat="54.6916385" lon="25.1299548">
        <ele>126</ele>
      </trkpt>
      <trkpt lat="54.6916471" lon="25.1299622">
        <ele>126</ele>
      </trkpt>
      <trkpt lat="54.6916558" lon="25.1299697">
        <ele>126</ele>
      </trkpt>
      <trkpt lat="54.6916681" lon="25.1299814">
        <ele>126</ele>
      </trkpt>
      <trkpt lat="54.6916804" lon="25.1299932">
        <ele>126</ele>
      </trkpt>
      <trkpt lat="54.6916982" lon="25.1300051">
        <ele>126</ele>
      </trkpt>
      <trkpt lat="54.6917161" lon="25.1300171">
        <ele>126</ele>
      </trkpt>
      <trkpt lat="54.6917388" lon="25.1300253">
        <ele>126</ele>
      </trkpt>
      <trkpt lat="54.6917616" lon="25.1300335">
        <ele>126</ele>
      </trkpt>
      <trkpt lat="54.6917872" lon="25.1300381">
        <ele>126</ele>
      </trkpt>
      <trkpt lat="54.6918129" lon="25.1300428">
        <ele>126</ele>
      </trkpt>
      <trkpt lat="54.69184" lon="25.1300438">
        <ele>126</ele>
      </trkpt>
      <trkpt lat="54.6918672" lon="25.1300448">
        <ele>126</ele>
      </trkpt>
      <trkpt lat="54.6918944" lon="25.1300451">
        <ele>126</ele>
      </trkpt>
      <trkpt lat="54.6919216" lon="25.1300454">
        <ele>126</ele>
      </trkpt>
      <trkpt lat="54.6919467" lon="25.1300483">
        <ele>126</ele>
      </trkpt>
      <trkpt lat="54.6919719" lon="25.1300512">
        <ele>126</ele>
      </trkpt>
      <trkpt lat="54.6919939" lon="25.1300558">
        <ele>126</ele>
      </trkpt>
      <trkpt lat="54.6920159" lon="25.1300604">
        <ele>126</ele>
      </trkpt>
      <trkpt lat="54.692035" lon="25.1300687">
        <ele>126</ele>
      </trkpt>
      <trkpt lat="54.6920542" lon="25.1300771">
        <ele>127</ele>
      </trkpt>
      <trkpt lat="54.69207" lon="25.1300914">
        <ele>127</ele>
      </trkpt>
      <trkpt lat="54.6920858" lon="25.1301058">
        <ele>127</ele>
      </trkpt>
      <trkpt lat="54.6920993" lon="25.1301238">
        <ele>128</ele>
      </trkpt>
      <trkpt lat="54.6921128" lon="25.1301418">
        <ele>128</ele>
      </trkpt>
      <trkpt lat="54.692125" lon="25.1301591">
        <ele>129</ele>
      </trkpt>
      <trkpt lat="54.6921373" lon="25.1301764">
        <ele>129</ele>
      </trkpt>
      <trkpt lat="54.6921493" lon="25.1301929">
        <ele>129</ele>
      </trkpt>
      <trkpt lat="54.6921614" lon="25.1302095">
        <ele>129</ele>
      </trkpt>
      <trkpt lat="54.6921732" lon="25.1302263">
        <ele>129</ele>
      </trkpt>
      <trkpt lat="54.6921851" lon="25.1302431">
        <ele>130</ele>
      </trkpt>
      <trkpt lat="54.6921967" lon="25.1302599">
        <ele>130</ele>
      </trkpt>
      <trkpt lat="54.6922084" lon="25.1302768">
        <ele>130</ele>
      </trkpt>
      <trkpt lat="54.6922191" lon="25.1302965">
        <ele>130</ele>
      </trkpt>
      <trkpt lat="54.6922299" lon="25.1303163">
        <ele>130</ele>
      </trkpt>
      <trkpt lat="54.6922397" lon="25.13034">
        <ele>131</ele>
      </trkpt>
      <trkpt lat="54.6922496" lon="25.1303637">
        <ele>131</ele>
      </trkpt>
      <trkpt lat="54.692259" lon="25.1303884">
        <ele>131</ele>
      </trkpt>
      <trkpt lat="54.6922684" lon="25.1304132">
        <ele>131</ele>
      </trkpt>
      <trkpt lat="54.692276" lon="25.1304378">
        <ele>131</ele>
      </trkpt>
      <trkpt lat="54.6922837" lon="25.1304625">
        <ele>132</ele>
      </trkpt>
      <trkpt lat="54.692288" lon="25.1304884">
        <ele>132</ele>
      </trkpt>
      <trkpt lat="54.6922924" lon="25.1305144">
        <ele>132</ele>
      </trkpt>
      <trkpt lat="54.6922936" lon="25.1305413">
        <ele>132</ele>
      </trkpt>
      <trkpt lat="54.6922949" lon="25.1305683">
        <ele>132</ele>
      </trkpt>
      <trkpt lat="54.6922948" lon="25.1305965">
        <ele>133</ele>
      </trkpt>
      <trkpt lat="54.6922947" lon="25.1306247">
        <ele>133</ele>
      </trkpt>
      <trkpt lat="54.6922939" lon="25.130653">
        <ele>133</ele>
      </trkpt>
      <trkpt lat="54.6922931" lon="25.1306814">
        <ele>133</ele>
      </trkpt>
      <trkpt lat="54.6922907" lon="25.1307086">
        <ele>133</ele>
      </trkpt>
      <trkpt lat="54.6922883" lon="25.1307359">
        <ele>133</ele>
      </trkpt>
      <trkpt lat="54.6922831" lon="25.1307616">
        <ele>133</ele>
      </trkpt>
      <trkpt lat="54.6922779" lon="25.1307873">
        <ele>133</ele>
      </trkpt>
      <trkpt lat="54.6922703" lon="25.1308126">
        <ele>133</ele>
      </trkpt>
      <trkpt lat="54.6922627" lon="25.130838">
        <ele>133</ele>
      </trkpt>
      <trkpt lat="54.6922549" lon="25.1308695">
        <ele>133</ele>
      </trkpt>
      <trkpt lat="54.6922472" lon="25.130901">
        <ele>133</ele>
      </trkpt>
      <trkpt lat="54.6922398" lon="25.1309425">
        <ele>133</ele>
      </trkpt>
      <trkpt lat="54.6922325" lon="25.130984">
        <ele>133</ele>
      </trkpt>
      <trkpt lat="54.6922273" lon="25.1310237">
        <ele>133</ele>
      </trkpt>
      <trkpt lat="54.6922222" lon="25.1310634">
        <ele>134</ele>
      </trkpt>
      <trkpt lat="54.6922205" lon="25.1310932">
        <ele>134</ele>
      </trkpt>
      <trkpt lat="54.6922189" lon="25.131123">
        <ele>134</ele>
      </trkpt>
      <trkpt lat="54.692221" lon="25.1311436">
        <ele>134</ele>
      </trkpt>
      <trkpt lat="54.6922232" lon="25.1311643">
        <ele>134</ele>
      </trkpt>
      <trkpt lat="54.6922296" lon="25.1311759">
        <ele>134</ele>
      </trkpt>
      <trkpt lat="54.6922361" lon="25.1311876">
        <ele>134</ele>
      </trkpt>
      <trkpt lat="54.6922473" lon="25.1311933">
        <ele>134</ele>
      </trkpt>
      <trkpt lat="54.6922585" lon="25.131199">
        <ele>134</ele>
      </trkpt>
      <trkpt lat="54.692273" lon="25.1312022">
        <ele>134</ele>
      </trkpt>
      <trkpt lat="54.6922875" lon="25.1312055">
        <ele>134</ele>
      </trkpt>
      <trkpt lat="54.6923041" lon="25.1312111">
        <ele>134</ele>
      </trkpt>
      <trkpt lat="54.6923208" lon="25.1312167">
        <ele>134</ele>
      </trkpt>
      <trkpt lat="54.692338" lon="25.1312321">
        <ele>134</ele>
      </trkpt>
      <trkpt lat="54.6923553" lon="25.1312475">
        <ele>134</ele>
      </trkpt>
      <trkpt lat="54.6923723" lon="25.131274">
        <ele>135</ele>
      </trkpt>
      <trkpt lat="54.6923894" lon="25.1313005">
        <ele>135</ele>
      </trkpt>
      <trkpt lat="54.6924066" lon="25.1313346">
        <ele>135</ele>
      </trkpt>
      <trkpt lat="54.6924238" lon="25.1313688">
        <ele>135</ele>
      </trkpt>
      <trkpt lat="54.6924399" lon="25.1314096">
        <ele>135</ele>
      </trkpt>
      <trkpt lat="54.6924561" lon="25.1314504">
        <ele>136</ele>
      </trkpt>
      <trkpt lat="54.6924686" lon="25.1314933">
        <ele>136</ele>
      </trkpt>
      <trkpt lat="54.6924811" lon="25.1315363">
        <ele>136</ele>
      </trkpt>
      <trkpt lat="54.6924913" lon="25.1315775">
        <ele>136</ele>
      </trkpt>
      <trkpt lat="54.6925015" lon="25.1316187">
        <ele>136</ele>
      </trkpt>
      <trkpt lat="54.6925108" lon="25.1316555">
        <ele>137</ele>
      </trkpt>
      <trkpt lat="54.6925201" lon="25.1316924">
        <ele>137</ele>
      </trkpt>
      <trkpt lat="54.6925301" lon="25.1317239">
        <ele>137</ele>
      </trkpt>
      <trkpt lat="54.6925402" lon="25.1317554">
        <ele>138</ele>
      </trkpt>
      <trkpt lat="54.6925533" lon="25.1317825">
        <ele>138</ele>
      </trkpt>
      <trkpt lat="54.6925664" lon="25.1318097">
        <ele>139</ele>
      </trkpt>
      <trkpt lat="54.6925829" lon="25.1318326">
        <ele>139</ele>
      </trkpt>
      <trkpt lat="54.6925995" lon="25.1318555">
        <ele>139</ele>
      </trkpt>
      <trkpt lat="54.6926164" lon="25.1318772">
        <ele>139</ele>
      </trkpt>
      <trkpt lat="54.6926333" lon="25.131899">
        <ele>139</ele>
      </trkpt>
      <trkpt lat="54.6926499" lon="25.1319185">
        <ele>140</ele>
      </trkpt>
      <trkpt lat="54.6926666" lon="25.1319381">
        <ele>140</ele>
      </trkpt>
      <trkpt lat="54.6926859" lon="25.1319554">
        <ele>140</ele>
      </trkpt>
      <trkpt lat="54.6927052" lon="25.1319727">
        <ele>141</ele>
      </trkpt>
      <trkpt lat="54.6927251" lon="25.1319885">
        <ele>141</ele>
      </trkpt>
      <trkpt lat="54.692745" lon="25.1320044">
        <ele>142</ele>
      </trkpt>
      <trkpt lat="54.6927617" lon="25.1320185">
        <ele>142</ele>
      </trkpt>
      <trkpt lat="54.6927784" lon="25.1320327">
        <ele>142</ele>
      </trkpt>
      <trkpt lat="54.6927908" lon="25.132044">
        <ele>142</ele>
      </trkpt>
      <trkpt lat="54.6928033" lon="25.1320553">
        <ele>142</ele>
      </trkpt>
      <trkpt lat="54.6928116" lon="25.1320649">
        <ele>143</ele>
      </trkpt>
      <trkpt lat="54.69282" lon="25.1320745">
        <ele>143</ele>
      </trkpt>
      <trkpt lat="54.6928276" lon="25.1320864">
        <ele>143</ele>
      </trkpt>
      <trkpt lat="54.6928353" lon="25.1320984">
        <ele>143</ele>
      </trkpt>
      <trkpt lat="54.6928429" lon="25.1321147">
        <ele>143</ele>
      </trkpt>
      <trkpt lat="54.6928505" lon="25.1321311">
        <ele>144</ele>
      </trkpt>
      <trkpt lat="54.6928593" lon="25.1321524">
        <ele>144</ele>
      </trkpt>
      <trkpt lat="54.6928682" lon="25.1321737">
        <ele>144</ele>
      </trkpt>
      <trkpt lat="54.6928794" lon="25.1321953">
        <ele>144</ele>
      </trkpt>
      <trkpt lat="54.6928907" lon="25.1322169">
        <ele>144</ele>
      </trkpt>
      <trkpt lat="54.6929027" lon="25.132234">
        <ele>144</ele>
      </trkpt>
      <trkpt lat="54.6929148" lon="25.1322511">
        <ele>144</ele>
      </trkpt>
      <trkpt lat="54.6929276" lon="25.1322631">
        <ele>144</ele>
      </trkpt>
      <trkpt lat="54.6929404" lon="25.1322752">
        <ele>145</ele>
      </trkpt>
      <trkpt lat="54.6929529" lon="25.1322821">
        <ele>145</ele>
      </trkpt>
      <trkpt lat="54.6929654" lon="25.1322891">
        <ele>146</ele>
      </trkpt>
      <trkpt lat="54.6929776" lon="25.132293">
        <ele>146</ele>
      </trkpt>
      <trkpt lat="54.6929899" lon="25.132297">
        <ele>146</ele>
      </trkpt>
      <trkpt lat="54.6930016" lon="25.1322991">
        <ele>146</ele>
      </trkpt>
      <trkpt lat="54.6930133" lon="25.1323012">
        <ele>146</ele>
      </trkpt>
      <trkpt lat="54.6930238" lon="25.1323016">
        <ele>147</ele>
      </trkpt>
      <trkpt lat="54.6930343" lon="25.132302">
        <ele>147</ele>
      </trkpt>
      <trkpt lat="54.6930446" lon="25.1323005">
        <ele>147</ele>
      </trkpt>
      <trkpt lat="54.6930549" lon="25.132299">
        <ele>147</ele>
      </trkpt>
      <trkpt lat="54.6930665" lon="25.1322953">
        <ele>147</ele>
      </trkpt>
      <trkpt lat="54.6930782" lon="25.1322916">
        <ele>148</ele>
      </trkpt>
      <trkpt lat="54.6930905" lon="25.1322879">
        <ele>148</ele>
      </trkpt>
      <trkpt lat="54.6931028" lon="25.1322842">
        <ele>148</ele>
      </trkpt>
      <trkpt lat="54.6931149" lon="25.1322816">
        <ele>149</ele>
      </trkpt>
      <trkpt lat="54.6931271" lon="25.1322791">
        <ele>149</ele>
      </trkpt>
      <trkpt lat="54.6931385" lon="25.13228">
        <ele>150</ele>
      </trkpt>
      <trkpt lat="54.6931499" lon="25.132281">
        <ele>150</ele>
      </trkpt>
      <trkpt lat="54.693161" lon="25.132288">
        <ele>150</ele>
      </trkpt>
      <trkpt lat="54.6931721" lon="25.132295">
        <ele>150</ele>
      </trkpt>
      <trkpt lat="54.6931829" lon="25.1323097">
        <ele>150</ele>
      </trkpt>
      <trkpt lat="54.6931938" lon="25.1323245">
        <ele>151</ele>
      </trkpt>
      <trkpt lat="54.6932046" lon="25.1323438">
        <ele>151</ele>
      </trkpt>
      <trkpt lat="54.6932155" lon="25.1323632">
        <ele>151</ele>
      </trkpt>
      <trkpt lat="54.6932258" lon="25.1323833">
        <ele>151</ele>
      </trkpt>
      <trkpt lat="54.6932362" lon="25.1324034">
        <ele>151</ele>
      </trkpt>
      <trkpt lat="54.693246" lon="25.1324224">
        <ele>152</ele>
      </trkpt>
      <trkpt lat="54.6932558" lon="25.1324414">
        <ele>152</ele>
      </trkpt>
      <trkpt lat="54.6932647" lon="25.1324617">
        <ele>152</ele>
      </trkpt>
      <trkpt lat="54.6932737" lon="25.132482">
        <ele>153</ele>
      </trkpt>
      <trkpt lat="54.6932795" lon="25.1325034">
        <ele>153</ele>
      </trkpt>
      <trkpt lat="54.6932853" lon="25.1325249">
        <ele>154</ele>
      </trkpt>
      <trkpt lat="54.6932854" lon="25.1325451">
        <ele>154</ele>
      </trkpt>
      <trkpt lat="54.6932855" lon="25.1325653">
        <ele>154</ele>
      </trkpt>
      <trkpt lat="54.6932833" lon="25.132585">
        <ele>154</ele>
      </trkpt>
      <trkpt lat="54.6932811" lon="25.1326048">
        <ele>154</ele>
      </trkpt>
      <trkpt lat="54.6932808" lon="25.1326271">
        <ele>155</ele>
      </trkpt>
      <trkpt lat="54.6932806" lon="25.1326495">
        <ele>155</ele>
      </trkpt>
      <trkpt lat="54.6932837" lon="25.1326763">
        <ele>155</ele>
      </trkpt>
      <trkpt lat="54.6932869" lon="25.1327032">
        <ele>155</ele>
      </trkpt>
      <trkpt lat="54.6932924" lon="25.1327341">
        <ele>155</ele>
      </trkpt>
      <trkpt lat="54.6932979" lon="25.1327651">
        <ele>156</ele>
      </trkpt>
      <trkpt lat="54.6933049" lon="25.1327951">
        <ele>156</ele>
      </trkpt>
      <trkpt lat="54.6933119" lon="25.1328251">
        <ele>156</ele>
      </trkpt>
      <trkpt lat="54.69332" lon="25.1328525">
        <ele>156</ele>
      </trkpt>
      <trkpt lat="54.6933282" lon="25.13288">
        <ele>156</ele>
      </trkpt>
      <trkpt lat="54.6933377" lon="25.1329055">
        <ele>157</ele>
      </trkpt>
      <trkpt lat="54.6933472" lon="25.1329311">
        <ele>157</ele>
      </trkpt>
      <trkpt lat="54.6933587" lon="25.1329573">
        <ele>157</ele>
      </trkpt>
      <trkpt lat="54.6933702" lon="25.1329836">
        <ele>157</ele>
      </trkpt>
      <trkpt lat="54.6933825" lon="25.1330095">
        <ele>157</ele>
      </trkpt>
      <trkpt lat="54.6933948" lon="25.1330355">
        <ele>157</ele>
      </trkpt>
      <trkpt lat="54.6934079" lon="25.1330642">
        <ele>157</ele>
      </trkpt>
      <trkpt lat="54.6934211" lon="25.133093">
        <ele>157</ele>
      </trkpt>
      <trkpt lat="54.6934351" lon="25.1331246">
        <ele>157</ele>
      </trkpt>
      <trkpt lat="54.6934492" lon="25.1331563">
        <ele>157</ele>
      </trkpt>
      <trkpt lat="54.6934618" lon="25.1331853">
        <ele>158</ele>
      </trkpt>
      <trkpt lat="54.6934744" lon="25.1332143">
        <ele>158</ele>
      </trkpt>
      <trkpt lat="54.6934836" lon="25.1332385">
        <ele>158</ele>
      </trkpt>
      <trkpt lat="54.6934929" lon="25.1332628">
        <ele>158</ele>
      </trkpt>
      <trkpt lat="54.6934972" lon="25.1332849">
        <ele>158</ele>
      </trkpt>
      <trkpt lat="54.6935015" lon="25.1333071">
        <ele>159</ele>
      </trkpt>
      <trkpt lat="54.6935012" lon="25.1333329">
        <ele>159</ele>
      </trkpt>
      <trkpt lat="54.693501" lon="25.1333588">
        <ele>159</ele>
      </trkpt>
      <trkpt lat="54.6935007" lon="25.1333962">
        <ele>159</ele>
      </trkpt>
      <trkpt lat="54.6935004" lon="25.1334337">
        <ele>159</ele>
      </trkpt>
      <trkpt lat="54.6935011" lon="25.1334801">
        <ele>159</ele>
      </trkpt>
      <trkpt lat="54.6935019" lon="25.1335266">
        <ele>159</ele>
      </trkpt>
      <trkpt lat="54.6935032" lon="25.133577">
        <ele>159</ele>
      </trkpt>
      <trkpt lat="54.6935045" lon="25.1336275">
        <ele>159</ele>
      </trkpt>
      <trkpt lat="54.6935054" lon="25.1336787">
        <ele>159</ele>
      </trkpt>
      <trkpt lat="54.6935064" lon="25.1337299">
        <ele>160</ele>
      </trkpt>
      <trkpt lat="54.6935068" lon="25.1337818">
        <ele>160</ele>
      </trkpt>
      <trkpt lat="54.6935073" lon="25.1338337">
        <ele>160</ele>
      </trkpt>
      <trkpt lat="54.6935075" lon="25.1338851">
        <ele>160</ele>
      </trkpt>
      <trkpt lat="54.6935077" lon="25.1339366">
        <ele>160</ele>
      </trkpt>
      <trkpt lat="54.6935075" lon="25.1339845">
        <ele>160</ele>
      </trkpt>
      <trkpt lat="54.6935073" lon="25.1340325">
        <ele>160</ele>
      </trkpt>
      <trkpt lat="54.6935083" lon="25.1340744">
        <ele>160</ele>
      </trkpt>
      <trkpt lat="54.6935094" lon="25.1341164">
        <ele>161</ele>
      </trkpt>
      <trkpt lat="54.6935148" lon="25.1341511">
        <ele>161</ele>
      </trkpt>
      <trkpt lat="54.6935203" lon="25.1341859">
        <ele>162</ele>
      </trkpt>
      <trkpt lat="54.6935308" lon="25.1342161">
        <ele>162</ele>
      </trkpt>
      <trkpt lat="54.6935414" lon="25.1342464">
        <ele>162</ele>
      </trkpt>
      <trkpt lat="54.6935561" lon="25.1342766">
        <ele>162</ele>
      </trkpt>
      <trkpt lat="54.6935708" lon="25.1343069">
        <ele>162</ele>
      </trkpt>
      <trkpt lat="54.6935875" lon="25.1343376">
        <ele>162</ele>
      </trkpt>
      <trkpt lat="54.6936043" lon="25.1343684">
        <ele>162</ele>
      </trkpt>
      <trkpt lat="54.6936208" lon="25.1344001">
        <ele>162</ele>
      </trkpt>
      <trkpt lat="54.6936373" lon="25.1344318">
        <ele>162</ele>
      </trkpt>
      <trkpt lat="54.6936463" lon="25.1344694">
        <ele>162</ele>
      </trkpt>
      <trkpt lat="54.6936554" lon="25.1345071">
        <ele>162</ele>
      </trkpt>
      <trkpt lat="54.6936516" lon="25.1345509">
        <ele>162</ele>
      </trkpt>
      <trkpt lat="54.6936479" lon="25.1345947">
        <ele>162</ele>
      </trkpt>
      <trkpt lat="54.6936348" lon="25.1346401">
        <ele>162</ele>
      </trkpt>
      <trkpt lat="54.6936217" lon="25.1346856">
        <ele>162</ele>
      </trkpt>
      <trkpt lat="54.6936044" lon="25.1347303">
        <ele>163</ele>
      </trkpt>
      <trkpt lat="54.6935871" lon="25.134775">
        <ele>162</ele>
      </trkpt>
      <trkpt lat="54.6935682" lon="25.1348197">
        <ele>162</ele>
      </trkpt>
      <trkpt lat="54.6935494" lon="25.1348645">
        <ele>162</ele>
      </trkpt>
      <trkpt lat="54.6935307" lon="25.1349073">
        <ele>162</ele>
      </trkpt>
      <trkpt lat="54.6935121" lon="25.1349502">
        <ele>162</ele>
      </trkpt>
      <trkpt lat="54.693493" lon="25.1349927">
        <ele>162</ele>
      </trkpt>
      <trkpt lat="54.693474" lon="25.1350352">
        <ele>162</ele>
      </trkpt>
      <trkpt lat="54.6934561" lon="25.1350803">
        <ele>162</ele>
      </trkpt>
      <trkpt lat="54.6934382" lon="25.1351254">
        <ele>162</ele>
      </trkpt>
      <trkpt lat="54.6934208" lon="25.1351703">
        <ele>162</ele>
      </trkpt>
      <trkpt lat="54.6934035" lon="25.1352152">
        <ele>162</ele>
      </trkpt>
      <trkpt lat="54.6933882" lon="25.1352585">
        <ele>162</ele>
      </trkpt>
      <trkpt lat="54.693373" lon="25.1353018">
        <ele>162</ele>
      </trkpt>
      <trkpt lat="54.6933606" lon="25.1353436">
        <ele>162</ele>
      </trkpt>
      <trkpt lat="54.6933483" lon="25.1353854">
        <ele>162</ele>
      </trkpt>
      <trkpt lat="54.6933392" lon="25.1354275">
        <ele>161</ele>
      </trkpt>
      <trkpt lat="54.6933301" lon="25.1354696">
        <ele>161</ele>
      </trkpt>
      <trkpt lat="54.6933217" lon="25.1355132">
        <ele>161</ele>
      </trkpt>
      <trkpt lat="54.6933133" lon="25.1355568">
        <ele>161</ele>
      </trkpt>
      <trkpt lat="54.693303" lon="25.1356046">
        <ele>161</ele>
      </trkpt>
      <trkpt lat="54.6932927" lon="25.1356524">
        <ele>161</ele>
      </trkpt>
      <trkpt lat="54.6932794" lon="25.1357036">
        <ele>161</ele>
      </trkpt>
      <trkpt lat="54.6932661" lon="25.1357549">
        <ele>161</ele>
      </trkpt>
      <trkpt lat="54.693252" lon="25.1358061">
        <ele>161</ele>
      </trkpt>
      <trkpt lat="54.693238" lon="25.1358573">
        <ele>161</ele>
      </trkpt>
      <trkpt lat="54.6932239" lon="25.1359067">
        <ele>160</ele>
      </trkpt>
      <trkpt lat="54.6932098" lon="25.1359561">
        <ele>160</ele>
      </trkpt>
      <trkpt lat="54.6931948" lon="25.1360039">
        <ele>160</ele>
      </trkpt>
      <trkpt lat="54.6931799" lon="25.1360518">
        <ele>160</ele>
      </trkpt>
      <trkpt lat="54.6931631" lon="25.1360966">
        <ele>160</ele>
      </trkpt>
      <trkpt lat="54.6931463" lon="25.1361414">
        <ele>159</ele>
      </trkpt>
      <trkpt lat="54.6931284" lon="25.1361809">
        <ele>159</ele>
      </trkpt>
      <trkpt lat="54.6931105" lon="25.1362204">
        <ele>159</ele>
      </trkpt>
      <trkpt lat="54.6930916" lon="25.1362556">
        <ele>159</ele>
      </trkpt>
      <trkpt lat="54.6930728" lon="25.1362909">
        <ele>159</ele>
      </trkpt>
      <trkpt lat="54.6930532" lon="25.1363256">
        <ele>159</ele>
      </trkpt>
      <trkpt lat="54.6930336" lon="25.1363603">
        <ele>159</ele>
      </trkpt>
      <trkpt lat="54.6930135" lon="25.1363963">
        <ele>159</ele>
      </trkpt>
      <trkpt lat="54.6929935" lon="25.1364324">
        <ele>159</ele>
      </trkpt>
      <trkpt lat="54.6929737" lon="25.1364703">
        <ele>159</ele>
      </trkpt>
      <trkpt lat="54.6929539" lon="25.1365082">
        <ele>159</ele>
      </trkpt>
      <trkpt lat="54.6929337" lon="25.1365458">
        <ele>159</ele>
      </trkpt>
      <trkpt lat="54.6929136" lon="25.1365835">
        <ele>159</ele>
      </trkpt>
      <trkpt lat="54.692893" lon="25.136617">
        <ele>159</ele>
      </trkpt>
      <trkpt lat="54.6928725" lon="25.1366505">
        <ele>159</ele>
      </trkpt>
      <trkpt lat="54.6928543" lon="25.1366761">
        <ele>159</ele>
      </trkpt>
      <trkpt lat="54.6928361" lon="25.1367018">
        <ele>159</ele>
      </trkpt>
      <trkpt lat="54.6928204" lon="25.1367225">
        <ele>159</ele>
      </trkpt>
      <trkpt lat="54.6928047" lon="25.1367432">
        <ele>159</ele>
      </trkpt>
      <trkpt lat="54.6927886" lon="25.1367633">
        <ele>159</ele>
      </trkpt>
      <trkpt lat="54.6927725" lon="25.1367834">
        <ele>159</ele>
      </trkpt>
      <trkpt lat="54.6927535" lon="25.1368048">
        <ele>159</ele>
      </trkpt>
      <trkpt lat="54.6927345" lon="25.1368263">
        <ele>159</ele>
      </trkpt>
      <trkpt lat="54.6927088" lon="25.1368504">
        <ele>159</ele>
      </trkpt>
      <trkpt lat="54.6926832" lon="25.1368745">
        <ele>160</ele>
      </trkpt>
      <trkpt lat="54.6926522" lon="25.1368932">
        <ele>160</ele>
      </trkpt>
      <trkpt lat="54.6926213" lon="25.1369119">
        <ele>160</ele>
      </trkpt>
      <trkpt lat="54.6925883" lon="25.1369158">
        <ele>160</ele>
      </trkpt>
      <trkpt lat="54.6925554" lon="25.1369198">
        <ele>160</ele>
      </trkpt>
      <trkpt lat="54.692539" lon="25.136866">
        <ele>173</ele>
      </trkpt>
      <trkpt lat="54.692491" lon="25.136907">
        <ele>173</ele>
      </trkpt>
      <trkpt lat="54.692422" lon="25.136931">
        <ele>173</ele>
      </trkpt>
      <trkpt lat="54.69236" lon="25.137209">
        <ele>173</ele>
      </trkpt>
      <trkpt lat="54.69174" lon="25.138776">
        <ele>173</ele>
      </trkpt>
      <trkpt lat="54.691694" lon="25.138864">
        <ele>173</ele>
      </trkpt>
      <trkpt lat="54.691268" lon="25.139698">
        <ele>174</ele>
      </trkpt>
      <trkpt lat="54.691014" lon="25.139907">
        <ele>174.5</ele>
      </trkpt>
      <trkpt lat="54.690475" lon="25.139956">
        <ele>175</ele>
      </trkpt>
      <trkpt lat="54.690256" lon="25.139995">
        <ele>175.5</ele>
      </trkpt>
      <trkpt lat="54.689767" lon="25.139869">
        <ele>174.5</ele>
      </trkpt>
      <trkpt lat="54.688666" lon="25.139666">
        <ele>173.25</ele>
      </trkpt>
      <trkpt lat="54.688607" lon="25.139667">
        <ele>173.5</ele>
      </trkpt>
      <trkpt lat="54.688516" lon="25.1397148">
        <ele>163</ele>
      </trkpt>
      <trkpt lat="54.688528" lon="25.1399009">
        <ele>160</ele>
      </trkpt>
      <trkpt lat="54.688342" lon="25.140757">
        <ele>156</ele>
      </trkpt>
      <trkpt lat="54.688351" lon="25.140954">
        <ele>156</ele>
      </trkpt>
      <trkpt lat="54.688505" lon="25.14146">
        <ele>157</ele>
      </trkpt>
      <trkpt lat="54.688527" lon="25.141963">
        <ele>157</ele>
      </trkpt>
      <trkpt lat="54.688277" lon="25.142975">
        <ele>156</ele>
      </trkpt>
      <trkpt lat="54.688166" lon="25.143875">
        <ele>156</ele>
      </trkpt>
      <trkpt lat="54.688048" lon="25.144049">
        <ele>156</ele>
      </trkpt>
      <trkpt lat="54.687504" lon="25.144593">
        <ele>155</ele>
      </trkpt>
      <trkpt lat="54.686842" lon="25.145755">
        <ele>149</ele>
      </trkpt>
      <trkpt lat="54.686613" lon="25.146049">
        <ele>147</ele>
      </trkpt>
      <trkpt lat="54.686001" lon="25.146493">
        <ele>143</ele>
      </trkpt>
      <trkpt lat="54.685402" lon="25.147037">
        <ele>138</ele>
      </trkpt>
      <trkpt lat="54.685235" lon="25.14725">
        <ele>138</ele>
      </trkpt>
      <trkpt lat="54.685041" lon="25.147249">
        <ele>137</ele>
      </trkpt>
      <trkpt lat="54.684964" lon="25.147338">
        <ele>137</ele>
      </trkpt>
      <trkpt lat="54.684873" lon="25.148103">
        <ele>137</ele>
      </trkpt>
      <trkpt lat="54.684559" lon="25.149194">
        <ele>138</ele>
      </trkpt>
      <trkpt lat="54.68451" lon="25.149969">
        <ele>138</ele>
      </trkpt>
      <trkpt lat="54.684346" lon="25.151021">
        <ele>141</ele>
      </trkpt>
      <trkpt lat="54.684537" lon="25.151885">
        <ele>143</ele>
      </trkpt>
      <trkpt lat="54.68447" lon="25.153505">
        <ele>147</ele>
      </trkpt>
      <trkpt lat="54.684373" lon="25.154266">
        <ele>144</ele>
      </trkpt>
      <trkpt lat="54.684577" lon="25.155166">
        <ele>126</ele>
      </trkpt>
      <trkpt lat="54.684671" lon="25.156147">
        <ele>108</ele>
      </trkpt>
      <trkpt lat="54.684645" lon="25.156221">
        <ele>107</ele>
      </trkpt>
      <trkpt lat="54.684257" lon="25.156486">
        <ele>103</ele>
      </trkpt>
      <trkpt lat="54.684067" lon="25.156885">
        <ele>100</ele>
      </trkpt>
      <trkpt lat="54.683968" lon="25.157004">
        <ele>100</ele>
      </trkpt>
      <trkpt lat="54.683562" lon="25.157084">
        <ele>98</ele>
      </trkpt>
      <trkpt lat="54.683405" lon="25.157176">
        <ele>92</ele>
      </trkpt>
      <trkpt lat="54.683202" lon="25.157197">
        <ele>96</ele>
      </trkpt>
      <trkpt lat="54.68306" lon="25.1572679">
        <ele>96</ele>
      </trkpt>
      <trkpt lat="54.682428" lon="25.157301">
        <ele>96</ele>
      </trkpt>
      <trkpt lat="54.682224" lon="25.157582">
        <ele>96</ele>
      </trkpt>
      <trkpt lat="54.681959" lon="25.158594">
        <ele>100</ele>
      </trkpt>
      <trkpt lat="54.681955" lon="25.15888">
        <ele>102</ele>
      </trkpt>
      <trkpt lat="54.682118" lon="25.159178">
        <ele>105</ele>
      </trkpt>
      <trkpt lat="54.682173" lon="25.159454">
        <ele>109</ele>
      </trkpt>
      <trkpt lat="54.682417" lon="25.159799">
        <ele>112</ele>
      </trkpt>
      <trkpt lat="54.682453" lon="25.159908">
        <ele>112</ele>
      </trkpt>
      <trkpt lat="54.682437" lon="25.160069">
        <ele>113</ele>
      </trkpt>
      <trkpt lat="54.682238" lon="25.160447">
        <ele>125</ele>
      </trkpt>
      <trkpt lat="54.681854" lon="25.160703">
        <ele>121</ele>
      </trkpt>
      <trkpt lat="54.681762" lon="25.161097">
        <ele>119</ele>
      </trkpt>
      <trkpt lat="54.681543" lon="25.161577">
        <ele>115</ele>
      </trkpt>
      <trkpt lat="54.681422" lon="25.161701">
        <ele>113</ele>
      </trkpt>
      <trkpt lat="54.681223" lon="25.161746">
        <ele>109</ele>
      </trkpt>
      <trkpt lat="54.681008" lon="25.162278">
        <ele>106</ele>
      </trkpt>
      <trkpt lat="54.68097" lon="25.162323">
        <ele>105</ele>
      </trkpt>
      <trkpt lat="54.680879" lon="25.162332">
        <ele>103</ele>
      </trkpt>
      <trkpt lat="54.680777" lon="25.162189">
        <ele>101</ele>
      </trkpt>
      <trkpt lat="54.680707" lon="25.162183">
        <ele>99</ele>
      </trkpt>
      <trkpt lat="54.680123" lon="25.163009">
        <ele>98</ele>
      </trkpt>
      <trkpt lat="54.6801087" lon="25.1630403">
        <ele>102</ele>
      </trkpt>
      <trkpt lat="54.680124" lon="25.1630438">
        <ele>102</ele>
      </trkpt>
      <trkpt lat="54.6801394" lon="25.1630473">
        <ele>102</ele>
      </trkpt>
      <trkpt lat="54.6801589" lon="25.1630555">
        <ele>102</ele>
      </trkpt>
      <trkpt lat="54.6801784" lon="25.1630637">
        <ele>102</ele>
      </trkpt>
      <trkpt lat="54.6802034" lon="25.1630649">
        <ele>102</ele>
      </trkpt>
      <trkpt lat="54.6802285" lon="25.1630661">
        <ele>102</ele>
      </trkpt>
      <trkpt lat="54.6802553" lon="25.1630663">
        <ele>102</ele>
      </trkpt>
      <trkpt lat="54.6802822" lon="25.1630666">
        <ele>103</ele>
      </trkpt>
      <trkpt lat="54.6803078" lon="25.1630691">
        <ele>103</ele>
      </trkpt>
      <trkpt lat="54.6803334" lon="25.1630716">
        <ele>103</ele>
      </trkpt>
      <trkpt lat="54.6803564" lon="25.1630766">
        <ele>103</ele>
      </trkpt>
      <trkpt lat="54.6803795" lon="25.1630817">
        <ele>103</ele>
      </trkpt>
      <trkpt lat="54.6804001" lon="25.1630883">
        <ele>104</ele>
      </trkpt>
      <trkpt lat="54.6804208" lon="25.163095">
        <ele>104</ele>
      </trkpt>
      <trkpt lat="54.6804401" lon="25.1631038">
        <ele>104</ele>
      </trkpt>
      <trkpt lat="54.6804594" lon="25.1631127">
        <ele>104</ele>
      </trkpt>
      <trkpt lat="54.680478" lon="25.1631233">
        <ele>104</ele>
      </trkpt>
      <trkpt lat="54.6804967" lon="25.163134">
        <ele>105</ele>
      </trkpt>
      <trkpt lat="54.6805144" lon="25.163146">
        <ele>105</ele>
      </trkpt>
      <trkpt lat="54.6805321" lon="25.1631581">
        <ele>105</ele>
      </trkpt>
      <trkpt lat="54.6805489" lon="25.1631699">
        <ele>105</ele>
      </trkpt>
      <trkpt lat="54.6805657" lon="25.1631818">
        <ele>105</ele>
      </trkpt>
      <trkpt lat="54.6805814" lon="25.1631949">
        <ele>106</ele>
      </trkpt>
      <trkpt lat="54.6805972" lon="25.1632081">
        <ele>106</ele>
      </trkpt>
      <trkpt lat="54.6806105" lon="25.1632225">
        <ele>106</ele>
      </trkpt>
      <trkpt lat="54.6806238" lon="25.1632369">
        <ele>106</ele>
      </trkpt>
      <trkpt lat="54.6806363" lon="25.1632522">
        <ele>106</ele>
      </trkpt>
      <trkpt lat="54.6806488" lon="25.1632676">
        <ele>107</ele>
      </trkpt>
      <trkpt lat="54.6806608" lon="25.163283">
        <ele>107</ele>
      </trkpt>
      <trkpt lat="54.6806728" lon="25.1632985">
        <ele>107</ele>
      </trkpt>
      <trkpt lat="54.6806842" lon="25.1633123">
        <ele>107</ele>
      </trkpt>
      <trkpt lat="54.6806957" lon="25.1633262">
        <ele>107</ele>
      </trkpt>
      <trkpt lat="54.6807072" lon="25.1633381">
        <ele>108</ele>
      </trkpt>
      <trkpt lat="54.6807187" lon="25.1633501">
        <ele>108</ele>
      </trkpt>
      <trkpt lat="54.6807309" lon="25.1633602">
        <ele>108</ele>
      </trkpt>
      <trkpt lat="54.6807432" lon="25.1633704">
        <ele>109</ele>
      </trkpt>
      <trkpt lat="54.6807557" lon="25.1633799">
        <ele>109</ele>
      </trkpt>
      <trkpt lat="54.6807683" lon="25.1633895">
        <ele>110</ele>
      </trkpt>
      <trkpt lat="54.6807796" lon="25.1633969">
        <ele>110</ele>
      </trkpt>
      <trkpt lat="54.680791" lon="25.1634044">
        <ele>110</ele>
      </trkpt>
      <trkpt lat="54.6808014" lon="25.1634117">
        <ele>110</ele>
      </trkpt>
      <trkpt lat="54.6808118" lon="25.1634191">
        <ele>110</ele>
      </trkpt>
      <trkpt lat="54.6808233" lon="25.1634281">
        <ele>111</ele>
      </trkpt>
      <trkpt lat="54.6808348" lon="25.1634372">
        <ele>111</ele>
      </trkpt>
      <trkpt lat="54.6808462" lon="25.1634506">
        <ele>111</ele>
      </trkpt>
      <trkpt lat="54.6808577" lon="25.163464">
        <ele>111</ele>
      </trkpt>
      <trkpt lat="54.6808684" lon="25.1634814">
        <ele>111</ele>
      </trkpt>
      <trkpt lat="54.6808792" lon="25.1634989">
        <ele>112</ele>
      </trkpt>
      <trkpt lat="54.6808882" lon="25.163518">
        <ele>112</ele>
      </trkpt>
      <trkpt lat="54.6808973" lon="25.1635371">
        <ele>112</ele>
      </trkpt>
      <trkpt lat="54.6809062" lon="25.1635564">
        <ele>112</ele>
      </trkpt>
      <trkpt lat="54.6809152" lon="25.1635757">
        <ele>112</ele>
      </trkpt>
      <trkpt lat="54.6809231" lon="25.1635939">
        <ele>113</ele>
      </trkpt>
      <trkpt lat="54.680931" lon="25.1636121">
        <ele>113</ele>
      </trkpt>
      <trkpt lat="54.6809364" lon="25.1636305">
        <ele>113</ele>
      </trkpt>
      <trkpt lat="54.6809418" lon="25.163649">
        <ele>114</ele>
      </trkpt>
      <trkpt lat="54.6809453" lon="25.1636695">
        <ele>114</ele>
      </trkpt>
      <trkpt lat="54.6809489" lon="25.1636901">
        <ele>115</ele>
      </trkpt>
      <trkpt lat="54.6809513" lon="25.1637144">
        <ele>115</ele>
      </trkpt>
      <trkpt lat="54.6809537" lon="25.1637387">
        <ele>115</ele>
      </trkpt>
      <trkpt lat="54.6809571" lon="25.1637643">
        <ele>116</ele>
      </trkpt>
      <trkpt lat="54.6809606" lon="25.1637899">
        <ele>116</ele>
      </trkpt>
      <trkpt lat="54.6809651" lon="25.1638159">
        <ele>117</ele>
      </trkpt>
      <trkpt lat="54.6809697" lon="25.163842">
        <ele>117</ele>
      </trkpt>
      <trkpt lat="54.6809784" lon="25.1638671">
        <ele>117</ele>
      </trkpt>
      <trkpt lat="54.6809872" lon="25.1638923">
        <ele>118</ele>
      </trkpt>
      <trkpt lat="54.6809992" lon="25.163913">
        <ele>118</ele>
      </trkpt>
      <trkpt lat="54.6810113" lon="25.1639338">
        <ele>119</ele>
      </trkpt>
      <trkpt lat="54.6810237" lon="25.1639504">
        <ele>119</ele>
      </trkpt>
      <trkpt lat="54.6810361" lon="25.163967">
        <ele>119</ele>
      </trkpt>
      <trkpt lat="54.681048" lon="25.1639829">
        <ele>119</ele>
      </trkpt>
      <trkpt lat="54.68106" lon="25.1639989">
        <ele>119</ele>
      </trkpt>
      <trkpt lat="54.6810706" lon="25.1640152">
        <ele>120</ele>
      </trkpt>
      <trkpt lat="54.6810812" lon="25.1640315">
        <ele>120</ele>
      </trkpt>
      <trkpt lat="54.6810897" lon="25.164047">
        <ele>120</ele>
      </trkpt>
      <trkpt lat="54.6810982" lon="25.1640625">
        <ele>121</ele>
      </trkpt>
      <trkpt lat="54.6811044" lon="25.1640756">
        <ele>121</ele>
      </trkpt>
      <trkpt lat="54.6811106" lon="25.1640887">
        <ele>122</ele>
      </trkpt>
      <trkpt lat="54.6811153" lon="25.1641003">
        <ele>122</ele>
      </trkpt>
      <trkpt lat="54.68112" lon="25.164112">
        <ele>122</ele>
      </trkpt>
      <trkpt lat="54.6811266" lon="25.164122">
        <ele>122</ele>
      </trkpt>
      <trkpt lat="54.6811332" lon="25.1641321">
        <ele>122</ele>
      </trkpt>
      <trkpt lat="54.681141" lon="25.1641404">
        <ele>123</ele>
      </trkpt>
      <trkpt lat="54.6811488" lon="25.1641487">
        <ele>123</ele>
      </trkpt>
      <trkpt lat="54.6811561" lon="25.1641582">
        <ele>123</ele>
      </trkpt>
      <trkpt lat="54.6811635" lon="25.1641678">
        <ele>124</ele>
      </trkpt>
      <trkpt lat="54.6811689" lon="25.1641795">
        <ele>124</ele>
      </trkpt>
      <trkpt lat="54.6811744" lon="25.1641913">
        <ele>125</ele>
      </trkpt>
      <trkpt lat="54.6811781" lon="25.1642051">
        <ele>125</ele>
      </trkpt>
      <trkpt lat="54.6811819" lon="25.1642189">
        <ele>125</ele>
      </trkpt>
      <trkpt lat="54.6811846" lon="25.1642341">
        <ele>125</ele>
      </trkpt>
      <trkpt lat="54.6811874" lon="25.1642494">
        <ele>125</ele>
      </trkpt>
      <trkpt lat="54.68119" lon="25.164266">
        <ele>126</ele>
      </trkpt>
      <trkpt lat="54.6811926" lon="25.1642827">
        <ele>126</ele>
      </trkpt>
      <trkpt lat="54.6811952" lon="25.1643003">
        <ele>126</ele>
      </trkpt>
      <trkpt lat="54.6811979" lon="25.164318">
        <ele>127</ele>
      </trkpt>
      <trkpt lat="54.6811998" lon="25.1643372">
        <ele>127</ele>
      </trkpt>
      <trkpt lat="54.6812018" lon="25.1643564">
        <ele>128</ele>
      </trkpt>
      <trkpt lat="54.6812031" lon="25.1643754">
        <ele>128</ele>
      </trkpt>
      <trkpt lat="54.6812045" lon="25.1643944">
        <ele>128</ele>
      </trkpt>
      <trkpt lat="54.6812063" lon="25.1644085">
        <ele>128</ele>
      </trkpt>
      <trkpt lat="54.6812082" lon="25.1644226">
        <ele>128</ele>
      </trkpt>
      <trkpt lat="54.6812106" lon="25.1644334">
        <ele>129</ele>
      </trkpt>
      <trkpt lat="54.6812131" lon="25.1644442">
        <ele>129</ele>
      </trkpt>
      <trkpt lat="54.6812157" lon="25.1644596">
        <ele>129</ele>
      </trkpt>
      <trkpt lat="54.6812183" lon="25.164475">
        <ele>129</ele>
      </trkpt>
      <trkpt lat="54.6812205" lon="25.1644953">
        <ele>129</ele>
      </trkpt>
      <trkpt lat="54.6812228" lon="25.1645157">
        <ele>130</ele>
      </trkpt>
      <trkpt lat="54.6812238" lon="25.1645408">
        <ele>130</ele>
      </trkpt>
      <trkpt lat="54.6812249" lon="25.164566">
        <ele>130</ele>
      </trkpt>
      <trkpt lat="54.6812256" lon="25.1645971">
        <ele>131</ele>
      </trkpt>
      <trkpt lat="54.6812263" lon="25.1646282">
        <ele>131</ele>
      </trkpt>
      <trkpt lat="54.6812273" lon="25.1646609">
        <ele>132</ele>
      </trkpt>
      <trkpt lat="54.6812284" lon="25.1646937">
        <ele>132</ele>
      </trkpt>
      <trkpt lat="54.6812317" lon="25.1647175">
        <ele>132</ele>
      </trkpt>
      <trkpt lat="54.681235" lon="25.1647413">
        <ele>132</ele>
      </trkpt>
      <trkpt lat="54.6812415" lon="25.1647538">
        <ele>132</ele>
      </trkpt>
      <trkpt lat="54.681248" lon="25.1647664">
        <ele>133</ele>
      </trkpt>
      <trkpt lat="54.681256" lon="25.164773">
        <ele>133</ele>
      </trkpt>
      <trkpt lat="54.6812641" lon="25.1647796">
        <ele>133</ele>
      </trkpt>
      <trkpt lat="54.6812715" lon="25.1647852">
        <ele>133</ele>
      </trkpt>
      <trkpt lat="54.6812789" lon="25.1647909">
        <ele>133</ele>
      </trkpt>
      <trkpt lat="54.6812852" lon="25.1647974">
        <ele>134</ele>
      </trkpt>
      <trkpt lat="54.6812916" lon="25.1648039">
        <ele>134</ele>
      </trkpt>
      <trkpt lat="54.6812991" lon="25.1648123">
        <ele>134</ele>
      </trkpt>
      <trkpt lat="54.6813066" lon="25.1648208">
        <ele>134</ele>
      </trkpt>
      <trkpt lat="54.6813149" lon="25.1648298">
        <ele>134</ele>
      </trkpt>
      <trkpt lat="54.6813232" lon="25.1648389">
        <ele>135</ele>
      </trkpt>
      <trkpt lat="54.6813336" lon="25.1648452">
        <ele>135</ele>
      </trkpt>
      <trkpt lat="54.681344" lon="25.1648516">
        <ele>135</ele>
      </trkpt>
      <trkpt lat="54.681357" lon="25.164853">
        <ele>135</ele>
      </trkpt>
      <trkpt lat="54.6813701" lon="25.1648544">
        <ele>135</ele>
      </trkpt>
      <trkpt lat="54.6813827" lon="25.1648491">
        <ele>136</ele>
      </trkpt>
      <trkpt lat="54.6813953" lon="25.1648439">
        <ele>136</ele>
      </trkpt>
      <trkpt lat="54.6814051" lon="25.1648341">
        <ele>136</ele>
      </trkpt>
      <trkpt lat="54.681415" lon="25.1648243">
        <ele>137</ele>
      </trkpt>
      <trkpt lat="54.6814219" lon="25.1648122">
        <ele>137</ele>
      </trkpt>
      <trkpt lat="54.6814289" lon="25.1648001">
        <ele>138</ele>
      </trkpt>
      <trkpt lat="54.681434" lon="25.1647872">
        <ele>138</ele>
      </trkpt>
      <trkpt lat="54.6814391" lon="25.1647744">
        <ele>138</ele>
      </trkpt>
      <trkpt lat="54.6814443" lon="25.1647617">
        <ele>139</ele>
      </trkpt>
      <trkpt lat="54.6814496" lon="25.1647491">
        <ele>139</ele>
      </trkpt>
      <trkpt lat="54.6814576" lon="25.1647366">
        <ele>140</ele>
      </trkpt>
      <trkpt lat="54.6814657" lon="25.1647242">
        <ele>140</ele>
      </trkpt>
      <trkpt lat="54.6814759" lon="25.1647127">
        <ele>140</ele>
      </trkpt>
      <trkpt lat="54.6814862" lon="25.1647013">
        <ele>140</ele>
      </trkpt>
      <trkpt lat="54.6814976" lon="25.1646913">
        <ele>140</ele>
      </trkpt>
      <trkpt lat="54.6815091" lon="25.1646813">
        <ele>141</ele>
      </trkpt>
      <trkpt lat="54.6815222" lon="25.1646709">
        <ele>141</ele>
      </trkpt>
      <trkpt lat="54.6815354" lon="25.1646606">
        <ele>141</ele>
      </trkpt>
      <trkpt lat="54.6815497" lon="25.1646501">
        <ele>142</ele>
      </trkpt>
      <trkpt lat="54.6815641" lon="25.1646396">
        <ele>142</ele>
      </trkpt>
      <trkpt lat="54.6815792" lon="25.1646296">
        <ele>143</ele>
      </trkpt>
      <trkpt lat="54.6815943" lon="25.1646197">
        <ele>143</ele>
      </trkpt>
      <trkpt lat="54.6816098" lon="25.1646112">
        <ele>143</ele>
      </trkpt>
      <trkpt lat="54.6816253" lon="25.1646027">
        <ele>143</ele>
      </trkpt>
      <trkpt lat="54.6816403" lon="25.1645943">
        <ele>143</ele>
      </trkpt>
      <trkpt lat="54.6816554" lon="25.164586">
        <ele>144</ele>
      </trkpt>
      <trkpt lat="54.6816692" lon="25.1645744">
        <ele>144</ele>
      </trkpt>
      <trkpt lat="54.681683" lon="25.1645628">
        <ele>144</ele>
      </trkpt>
      <trkpt lat="54.681695" lon="25.1645484">
        <ele>144</ele>
      </trkpt>
      <trkpt lat="54.681707" lon="25.164534">
        <ele>144</ele>
      </trkpt>
      <trkpt lat="54.6817193" lon="25.1645214">
        <ele>144</ele>
      </trkpt>
      <trkpt lat="54.6817317" lon="25.1645088">
        <ele>144</ele>
      </trkpt>
      <trkpt lat="54.6817461" lon="25.1645008">
        <ele>144</ele>
      </trkpt>
      <trkpt lat="54.6817606" lon="25.1644928">
        <ele>144</ele>
      </trkpt>
      <trkpt lat="54.6817764" lon="25.1644847">
        <ele>144</ele>
      </trkpt>
      <trkpt lat="54.6817922" lon="25.1644767">
        <ele>145</ele>
      </trkpt>
      <trkpt lat="54.6818077" lon="25.1644667">
        <ele>145</ele>
      </trkpt>
      <trkpt lat="54.6818233" lon="25.1644568">
        <ele>145</ele>
      </trkpt>
      <trkpt lat="54.6818386" lon="25.1644453">
        <ele>145</ele>
      </trkpt>
      <trkpt lat="54.6818539" lon="25.1644339">
        <ele>145</ele>
      </trkpt>
      <trkpt lat="54.6818699" lon="25.164425">
        <ele>146</ele>
      </trkpt>
      <trkpt lat="54.681886" lon="25.1644162">
        <ele>146</ele>
      </trkpt>
      <trkpt lat="54.6819026" lon="25.1644131">
        <ele>146</ele>
      </trkpt>
      <trkpt lat="54.6819192" lon="25.1644101">
        <ele>146</ele>
      </trkpt>
      <trkpt lat="54.6819356" lon="25.1644097">
        <ele>146</ele>
      </trkpt>
      <trkpt lat="54.6819521" lon="25.1644093">
        <ele>147</ele>
      </trkpt>
      <trkpt lat="54.6819684" lon="25.164408">
        <ele>147</ele>
      </trkpt>
      <trkpt lat="54.6819847" lon="25.1644068">
        <ele>147</ele>
      </trkpt>
      <trkpt lat="54.6819996" lon="25.1644078">
        <ele>147</ele>
      </trkpt>
      <trkpt lat="54.6820146" lon="25.1644088">
        <ele>147</ele>
      </trkpt>
      <trkpt lat="54.6820266" lon="25.1644174">
        <ele>147</ele>
      </trkpt>
      <trkpt lat="54.6820386" lon="25.1644261">
        <ele>147</ele>
      </trkpt>
      <trkpt lat="54.6820478" lon="25.1644418">
        <ele>147</ele>
      </trkpt>
      <trkpt lat="54.682057" lon="25.1644575">
        <ele>147</ele>
      </trkpt>
      <trkpt lat="54.6820626" lon="25.1644728">
        <ele>147</ele>
      </trkpt>
      <trkpt lat="54.6820682" lon="25.1644881">
        <ele>147</ele>
      </trkpt>
      <trkpt lat="54.6820717" lon="25.1645014">
        <ele>146</ele>
      </trkpt>
      <trkpt lat="54.6820753" lon="25.1645148">
        <ele>146</ele>
      </trkpt>
      <trkpt lat="54.6820794" lon="25.1645299">
        <ele>146</ele>
      </trkpt>
      <trkpt lat="54.6820836" lon="25.164545">
        <ele>146</ele>
      </trkpt>
      <trkpt lat="54.6820906" lon="25.1645671">
        <ele>146</ele>
      </trkpt>
      <trkpt lat="54.6820976" lon="25.1645892">
        <ele>145</ele>
      </trkpt>
      <trkpt lat="54.6821064" lon="25.164621">
        <ele>145</ele>
      </trkpt>
      <trkpt lat="54.6821152" lon="25.1646529">
        <ele>144</ele>
      </trkpt>
      <trkpt lat="54.6821255" lon="25.1646929">
        <ele>144</ele>
      </trkpt>
      <trkpt lat="54.6821358" lon="25.1647329">
        <ele>144</ele>
      </trkpt>
      <trkpt lat="54.6821476" lon="25.1647781">
        <ele>143</ele>
      </trkpt>
      <trkpt lat="54.6821595" lon="25.1648234">
        <ele>142</ele>
      </trkpt>
      <trkpt lat="54.6821719" lon="25.1648664">
        <ele>142</ele>
      </trkpt>
      <trkpt lat="54.6821843" lon="25.1649094">
        <ele>141</ele>
      </trkpt>
      <trkpt lat="54.6821967" lon="25.164944">
        <ele>141</ele>
      </trkpt>
      <trkpt lat="54.6822091" lon="25.1649787">
        <ele>140</ele>
      </trkpt>
      <trkpt lat="54.682221" lon="25.1650033">
        <ele>140</ele>
      </trkpt>
      <trkpt lat="54.682233" lon="25.165028">
        <ele>139</ele>
      </trkpt>
      <trkpt lat="54.6822446" lon="25.1650462">
        <ele>139</ele>
      </trkpt>
      <trkpt lat="54.6822562" lon="25.1650644">
        <ele>139</ele>
      </trkpt>
      <trkpt lat="54.6822675" lon="25.165079">
        <ele>139</ele>
      </trkpt>
      <trkpt lat="54.6822788" lon="25.1650937">
        <ele>139</ele>
      </trkpt>
      <trkpt lat="54.6822885" lon="25.165107">
        <ele>139</ele>
      </trkpt>
      <trkpt lat="54.6822983" lon="25.1651204">
        <ele>139</ele>
      </trkpt>
      <trkpt lat="54.6823069" lon="25.1651341">
        <ele>139</ele>
      </trkpt>
      <trkpt lat="54.6823155" lon="25.1651478">
        <ele>139</ele>
      </trkpt>
      <trkpt lat="54.682324" lon="25.1651607">
        <ele>139</ele>
      </trkpt>
      <trkpt lat="54.6823325" lon="25.1651736">
        <ele>139</ele>
      </trkpt>
      <trkpt lat="54.6823405" lon="25.1651857">
        <ele>139</ele>
      </trkpt>
      <trkpt lat="54.6823486" lon="25.1651979">
        <ele>140</ele>
      </trkpt>
      <trkpt lat="54.6823558" lon="25.1652105">
        <ele>140</ele>
      </trkpt>
      <trkpt lat="54.6823631" lon="25.1652231">
        <ele>140</ele>
      </trkpt>
      <trkpt lat="54.6823698" lon="25.1652364">
        <ele>140</ele>
      </trkpt>
      <trkpt lat="54.6823765" lon="25.1652498">
        <ele>140</ele>
      </trkpt>
      <trkpt lat="54.6823832" lon="25.1652641">
        <ele>141</ele>
      </trkpt>
      <trkpt lat="54.68239" lon="25.1652784">
        <ele>141</ele>
      </trkpt>
      <trkpt lat="54.6823973" lon="25.1652925">
        <ele>141</ele>
      </trkpt>
      <trkpt lat="54.6824046" lon="25.1653067">
        <ele>141</ele>
      </trkpt>
      <trkpt lat="54.6824131" lon="25.1653205">
        <ele>141</ele>
      </trkpt>
      <trkpt lat="54.6824216" lon="25.1653343">
        <ele>142</ele>
      </trkpt>
      <trkpt lat="54.682431" lon="25.1653476">
        <ele>142</ele>
      </trkpt>
      <trkpt lat="54.6824405" lon="25.165361">
        <ele>142</ele>
      </trkpt>
      <trkpt lat="54.6824507" lon="25.1653743">
        <ele>142</ele>
      </trkpt>
      <trkpt lat="54.6824609" lon="25.1653877">
        <ele>142</ele>
      </trkpt>
      <trkpt lat="54.6824719" lon="25.1654003">
        <ele>143</ele>
      </trkpt>
      <trkpt lat="54.6824829" lon="25.1654129">
        <ele>143</ele>
      </trkpt>
      <trkpt lat="54.6824946" lon="25.1654241">
        <ele>143</ele>
      </trkpt>
      <trkpt lat="54.6825063" lon="25.1654354">
        <ele>144</ele>
      </trkpt>
      <trkpt lat="54.6825186" lon="25.1654463">
        <ele>144</ele>
      </trkpt>
      <trkpt lat="54.682531" lon="25.1654573">
        <ele>145</ele>
      </trkpt>
      <trkpt lat="54.6825437" lon="25.1654673">
        <ele>145</ele>
      </trkpt>
      <trkpt lat="54.6825564" lon="25.1654774">
        <ele>145</ele>
      </trkpt>
      <trkpt lat="54.6825689" lon="25.1654858">
        <ele>145</ele>
      </trkpt>
      <trkpt lat="54.6825815" lon="25.1654942">
        <ele>145</ele>
      </trkpt>
      <trkpt lat="54.6825939" lon="25.1655036">
        <ele>146</ele>
      </trkpt>
      <trkpt lat="54.6826064" lon="25.1655131">
        <ele>146</ele>
      </trkpt>
      <trkpt lat="54.682618" lon="25.1655294">
        <ele>146</ele>
      </trkpt>
      <trkpt lat="54.6826296" lon="25.1655458">
        <ele>146</ele>
      </trkpt>
      <trkpt lat="54.6826354" lon="25.1655695">
        <ele>146</ele>
      </trkpt>
      <trkpt lat="54.6826413" lon="25.1655933">
        <ele>147</ele>
      </trkpt>
      <trkpt lat="54.6826401" lon="25.1656203">
        <ele>147</ele>
      </trkpt>
      <trkpt lat="54.6826389" lon="25.1656474">
        <ele>147</ele>
      </trkpt>
      <trkpt lat="54.6826334" lon="25.1656752">
        <ele>147</ele>
      </trkpt>
      <trkpt lat="54.682628" lon="25.1657031">
        <ele>147</ele>
      </trkpt>
      <trkpt lat="54.6826202" lon="25.1657356">
        <ele>148</ele>
      </trkpt>
      <trkpt lat="54.6826125" lon="25.1657682">
        <ele>148</ele>
      </trkpt>
      <trkpt lat="54.6826036" lon="25.1658071">
        <ele>148</ele>
      </trkpt>
      <trkpt lat="54.6825947" lon="25.1658461">
        <ele>148</ele>
      </trkpt>
      <trkpt lat="54.6825865" lon="25.1658901">
        <ele>148</ele>
      </trkpt>
      <trkpt lat="54.6825783" lon="25.1659342">
        <ele>148</ele>
      </trkpt>
      <trkpt lat="54.6825719" lon="25.1659821">
        <ele>148</ele>
      </trkpt>
      <trkpt lat="54.6825655" lon="25.1660301">
        <ele>148</ele>
      </trkpt>
      <trkpt lat="54.6825641" lon="25.1660802">
        <ele>148</ele>
      </trkpt>
      <trkpt lat="54.6825627" lon="25.1661304">
        <ele>148</ele>
      </trkpt>
      <trkpt lat="54.6825697" lon="25.1661777">
        <ele>148</ele>
      </trkpt>
      <trkpt lat="54.6825767" lon="25.166225">
        <ele>148</ele>
      </trkpt>
      <trkpt lat="54.6825929" lon="25.166263">
        <ele>148</ele>
      </trkpt>
      <trkpt lat="54.6826091" lon="25.166301">
        <ele>148</ele>
      </trkpt>
      <trkpt lat="54.6826323" lon="25.1663259">
        <ele>148</ele>
      </trkpt>
      <trkpt lat="54.6826555" lon="25.1663509">
        <ele>149</ele>
      </trkpt>
      <trkpt lat="54.6826821" lon="25.1663652">
        <ele>149</ele>
      </trkpt>
      <trkpt lat="54.6827087" lon="25.1663795">
        <ele>149</ele>
      </trkpt>
      <trkpt lat="54.6827356" lon="25.1663886">
        <ele>149</ele>
      </trkpt>
      <trkpt lat="54.6827626" lon="25.1663978">
        <ele>149</ele>
      </trkpt>
      <trkpt lat="54.6827899" lon="25.1664032">
        <ele>149</ele>
      </trkpt>
      <trkpt lat="54.6828172" lon="25.1664086">
        <ele>149</ele>
      </trkpt>
      <trkpt lat="54.6828443" lon="25.1664106">
        <ele>149</ele>
      </trkpt>
      <trkpt lat="54.6828715" lon="25.1664126">
        <ele>149</ele>
      </trkpt>
      <trkpt lat="54.6828981" lon="25.1664095">
        <ele>149</ele>
      </trkpt>
      <trkpt lat="54.6829248" lon="25.1664065">
        <ele>149</ele>
      </trkpt>
      <trkpt lat="54.6829516" lon="25.1663959">
        <ele>149</ele>
      </trkpt>
      <trkpt lat="54.6829784" lon="25.1663854">
        <ele>149</ele>
      </trkpt>
      <trkpt lat="54.6830066" lon="25.1663681">
        <ele>149</ele>
      </trkpt>
      <trkpt lat="54.6830349" lon="25.1663508">
        <ele>149</ele>
      </trkpt>
      <trkpt lat="54.6830659" lon="25.1663318">
        <ele>149</ele>
      </trkpt>
      <trkpt lat="54.683097" lon="25.1663128">
        <ele>148</ele>
      </trkpt>
      <trkpt lat="54.6831315" lon="25.1662986">
        <ele>148</ele>
      </trkpt>
      <trkpt lat="54.6831661" lon="25.1662844">
        <ele>148</ele>
      </trkpt>
      <trkpt lat="54.6832025" lon="25.1662782">
        <ele>148</ele>
      </trkpt>
      <trkpt lat="54.683239" lon="25.1662721">
        <ele>148</ele>
      </trkpt>
      <trkpt lat="54.6832752" lon="25.1662737">
        <ele>148</ele>
      </trkpt>
      <trkpt lat="54.6833114" lon="25.1662753">
        <ele>148</ele>
      </trkpt>
      <trkpt lat="54.6833453" lon="25.1662801">
        <ele>148</ele>
      </trkpt>
      <trkpt lat="54.6833793" lon="25.166285">
        <ele>148</ele>
      </trkpt>
      <trkpt lat="54.6834108" lon="25.1662892">
        <ele>148</ele>
      </trkpt>
      <trkpt lat="54.6834423" lon="25.1662935">
        <ele>148</ele>
      </trkpt>
      <trkpt lat="54.6834727" lon="25.1662926">
        <ele>148</ele>
      </trkpt>
      <trkpt lat="54.6835032" lon="25.1662917">
        <ele>148</ele>
      </trkpt>
      <trkpt lat="54.6835335" lon="25.166286">
        <ele>148</ele>
      </trkpt>
      <trkpt lat="54.6835639" lon="25.1662804">
        <ele>148</ele>
      </trkpt>
      <trkpt lat="54.6835942" lon="25.1662737">
        <ele>148</ele>
      </trkpt>
      <trkpt lat="54.6836246" lon="25.1662671">
        <ele>148</ele>
      </trkpt>
      <trkpt lat="54.6836545" lon="25.166263">
        <ele>148</ele>
      </trkpt>
      <trkpt lat="54.6836845" lon="25.166259">
        <ele>148</ele>
      </trkpt>
      <trkpt lat="54.6837135" lon="25.1662586">
        <ele>148</ele>
      </trkpt>
      <trkpt lat="54.6837425" lon="25.1662583">
        <ele>148</ele>
      </trkpt>
      <trkpt lat="54.6837702" lon="25.1662638">
        <ele>148</ele>
      </trkpt>
      <trkpt lat="54.6837979" lon="25.1662694">
        <ele>148</ele>
      </trkpt>
      <trkpt lat="54.6838254" lon="25.1662775">
        <ele>148</ele>
      </trkpt>
      <trkpt lat="54.683853" lon="25.1662856">
        <ele>148</ele>
      </trkpt>
      <trkpt lat="54.6838813" lon="25.1662891">
        <ele>148</ele>
      </trkpt>
      <trkpt lat="54.6839096" lon="25.1662926">
        <ele>148</ele>
      </trkpt>
      <trkpt lat="54.6839389" lon="25.1662919">
        <ele>148</ele>
      </trkpt>
      <trkpt lat="54.6839682" lon="25.1662913">
        <ele>148</ele>
      </trkpt>
      <trkpt lat="54.6839985" lon="25.1662851">
        <ele>149</ele>
      </trkpt>
      <trkpt lat="54.6840288" lon="25.1662789">
        <ele>149</ele>
      </trkpt>
      <trkpt lat="54.684059" lon="25.1662721">
        <ele>149</ele>
      </trkpt>
      <trkpt lat="54.6840892" lon="25.1662653">
        <ele>149</ele>
      </trkpt>
      <trkpt lat="54.684115" lon="25.1662608">
        <ele>149</ele>
      </trkpt>
      <trkpt lat="54.6841408" lon="25.1662564">
        <ele>149</ele>
      </trkpt>
      <trkpt lat="54.6841587" lon="25.1662547">
        <ele>149</ele>
      </trkpt>
      <trkpt lat="54.6841766" lon="25.1662531">
        <ele>149</ele>
      </trkpt>
      <trkpt lat="54.6841882" lon="25.1662531">
        <ele>149</ele>
      </trkpt>
      <trkpt lat="54.6841998" lon="25.1662531">
        <ele>149</ele>
      </trkpt>
      <trkpt lat="54.6842086" lon="25.1662556">
        <ele>149</ele>
      </trkpt>
      <trkpt lat="54.6842175" lon="25.1662582">
        <ele>148</ele>
      </trkpt>
      <trkpt lat="54.6842274" lon="25.1662605">
        <ele>148</ele>
      </trkpt>
      <trkpt lat="54.6842373" lon="25.1662629">
        <ele>148</ele>
      </trkpt>
      <trkpt lat="54.6842491" lon="25.1662662">
        <ele>148</ele>
      </trkpt>
      <trkpt lat="54.684261" lon="25.1662695">
        <ele>148</ele>
      </trkpt>
      <trkpt lat="54.684261" lon="25.1662695">
        <ele>151.22911914666267</ele>
      </trkpt>
      <trkpt lat="54.684540340507894" lon="25.165659948668083">
        <ele>150.46263234401144</ele>
      </trkpt>
      <trkpt lat="54.6845427" lon="25.1656548">
        <ele>150.47214320069196</ele>
      </trkpt>
      <trkpt lat="54.6845427" lon="25.1656548">
        <ele>147</ele>
      </trkpt>
      <trkpt lat="54.6845522" lon="25.16569">
        <ele>146</ele>
      </trkpt>
      <trkpt lat="54.6845618" lon="25.1657252">
        <ele>146</ele>
      </trkpt>
      <trkpt lat="54.6845735" lon="25.1657703">
        <ele>146</ele>
      </trkpt>
      <trkpt lat="54.6845852" lon="25.1658154">
        <ele>146</ele>
      </trkpt>
      <trkpt lat="54.6846009" lon="25.1658583">
        <ele>146</ele>
      </trkpt>
      <trkpt lat="54.6846167" lon="25.1659013">
        <ele>145</ele>
      </trkpt>
      <trkpt lat="54.6846367" lon="25.1659415">
        <ele>145</ele>
      </trkpt>
      <trkpt lat="54.6846568" lon="25.1659817">
        <ele>144</ele>
      </trkpt>
      <trkpt lat="54.6846793" lon="25.1660243">
        <ele>144</ele>
      </trkpt>
      <trkpt lat="54.6847019" lon="25.1660669">
        <ele>144</ele>
      </trkpt>
      <trkpt lat="54.6847264" lon="25.1661073">
        <ele>143</ele>
      </trkpt>
      <trkpt lat="54.684751" lon="25.1661477">
        <ele>142</ele>
      </trkpt>
      <trkpt lat="54.684779" lon="25.1661802">
        <ele>141</ele>
      </trkpt>
      <trkpt lat="54.6848071" lon="25.1662127">
        <ele>140</ele>
      </trkpt>
      <trkpt lat="54.6848331" lon="25.1662394">
        <ele>139</ele>
      </trkpt>
      <trkpt lat="54.6848591" lon="25.1662661">
        <ele>138</ele>
      </trkpt>
      <trkpt lat="54.6848769" lon="25.1662978">
        <ele>138</ele>
      </trkpt>
      <trkpt lat="54.6848947" lon="25.1663296">
        <ele>137</ele>
      </trkpt>
      <trkpt lat="54.6849022" lon="25.1663729">
        <ele>137</ele>
      </trkpt>
      <trkpt lat="54.6849097" lon="25.1664162">
        <ele>137</ele>
      </trkpt>
      <trkpt lat="54.6849108" lon="25.1664676">
        <ele>136</ele>
      </trkpt>
      <trkpt lat="54.684912" lon="25.1665191">
        <ele>135</ele>
      </trkpt>
      <trkpt lat="54.6849126" lon="25.1665757">
        <ele>135</ele>
      </trkpt>
      <trkpt lat="54.6849132" lon="25.1666324">
        <ele>134</ele>
      </trkpt>
      <trkpt lat="54.6849157" lon="25.1666915">
        <ele>134</ele>
      </trkpt>
      <trkpt lat="54.6849183" lon="25.1667506">
        <ele>133</ele>
      </trkpt>
      <trkpt lat="54.6849214" lon="25.166807">
        <ele>133</ele>
      </trkpt>
      <trkpt lat="54.6849246" lon="25.1668635">
        <ele>132</ele>
      </trkpt>
      <trkpt lat="54.6849285" lon="25.1669176">
        <ele>132</ele>
      </trkpt>
      <trkpt lat="54.6849324" lon="25.1669717">
        <ele>132</ele>
      </trkpt>
      <trkpt lat="54.6849373" lon="25.1670225">
        <ele>131</ele>
      </trkpt>
      <trkpt lat="54.6849423" lon="25.1670734">
        <ele>130</ele>
      </trkpt>
      <trkpt lat="54.6849453" lon="25.167112">
        <ele>130</ele>
      </trkpt>
      <trkpt lat="54.6849484" lon="25.1671506">
        <ele>129</ele>
      </trkpt>
      <trkpt lat="54.6849497" lon="25.1671741">
        <ele>129</ele>
      </trkpt>
      <trkpt lat="54.6849511" lon="25.1671976">
        <ele>128</ele>
      </trkpt>
      <trkpt lat="54.6849559" lon="25.1672346">
        <ele>126</ele>
      </trkpt>
      <trkpt lat="54.6849594" lon="25.1672487">
        <ele>126</ele>
      </trkpt>
      <trkpt lat="54.6849629" lon="25.1672628">
        <ele>126</ele>
      </trkpt>
      <trkpt lat="54.684969" lon="25.1672763">
        <ele>126</ele>
      </trkpt>
      <trkpt lat="54.6849752" lon="25.1672898">
        <ele>126</ele>
      </trkpt>
      <trkpt lat="54.6849893" lon="25.1673033">
        <ele>126</ele>
      </trkpt>
      <trkpt lat="54.6850035" lon="25.1673169">
        <ele>125</ele>
      </trkpt>
      <trkpt lat="54.6850249" lon="25.167327">
        <ele>125</ele>
      </trkpt>
      <trkpt lat="54.6850464" lon="25.1673372">
        <ele>125</ele>
      </trkpt>
      <trkpt lat="54.6850713" lon="25.167344">
        <ele>125</ele>
      </trkpt>
      <trkpt lat="54.6850962" lon="25.1673509">
        <ele>125</ele>
      </trkpt>
      <trkpt lat="54.6851205" lon="25.1673593">
        <ele>125</ele>
      </trkpt>
      <trkpt lat="54.6851448" lon="25.1673677">
        <ele>125</ele>
      </trkpt>
      <trkpt lat="54.685166" lon="25.1673781">
        <ele>125</ele>
      </trkpt>
      <trkpt lat="54.6851872" lon="25.1673886">
        <ele>125</ele>
      </trkpt>
      <trkpt lat="54.6852036" lon="25.1673953">
        <ele>125</ele>
      </trkpt>
      <trkpt lat="54.6852201" lon="25.167402">
        <ele>125</ele>
      </trkpt>
      <trkpt lat="54.6852271" lon="25.1674043">
        <ele>125</ele>
      </trkpt>
      <trkpt lat="54.6852342" lon="25.1674067">
        <ele>125</ele>
      </trkpt>
      <trkpt lat="54.6852429" lon="25.1674086">
        <ele>125</ele>
      </trkpt>
      <trkpt lat="54.6852516" lon="25.1674106">
        <ele>125</ele>
      </trkpt>
      <trkpt lat="54.6852578" lon="25.1674113">
        <ele>125</ele>
      </trkpt>
      <trkpt lat="54.6852641" lon="25.1674121">
        <ele>125</ele>
      </trkpt>
      <trkpt lat="54.6852715" lon="25.1674124">
        <ele>125</ele>
      </trkpt>
      <trkpt lat="54.685279" lon="25.1674127">
        <ele>125</ele>
      </trkpt>
      <trkpt lat="54.6852887" lon="25.1674119">
        <ele>125</ele>
      </trkpt>
      <trkpt lat="54.6852984" lon="25.1674112">
        <ele>125</ele>
      </trkpt>
      <trkpt lat="54.6853099" lon="25.1674151">
        <ele>125</ele>
      </trkpt>
      <trkpt lat="54.6853215" lon="25.1674191">
        <ele>125</ele>
      </trkpt>
      <trkpt lat="54.6853341" lon="25.1674372">
        <ele>125</ele>
      </trkpt>
      <trkpt lat="54.6853468" lon="25.1674554">
        <ele>125</ele>
      </trkpt>
      <trkpt lat="54.6853586" lon="25.1674902">
        <ele>125</ele>
      </trkpt>
      <trkpt lat="54.6853705" lon="25.1675251">
        <ele>125</ele>
      </trkpt>
      <trkpt lat="54.6853822" lon="25.1675584">
        <ele>125</ele>
      </trkpt>
      <trkpt lat="54.6853939" lon="25.1675918">
        <ele>125</ele>
      </trkpt>
      <trkpt lat="54.6854036" lon="25.1676112">
        <ele>125</ele>
      </trkpt>
      <trkpt lat="54.6854134" lon="25.1676306">
        <ele>124</ele>
      </trkpt>
      <trkpt lat="54.6854221" lon="25.1676416">
        <ele>124</ele>
      </trkpt>
      <trkpt lat="54.6854308" lon="25.1676527">
        <ele>124</ele>
      </trkpt>
      <trkpt lat="54.6854381" lon="25.1676588">
        <ele>124</ele>
      </trkpt>
      <trkpt lat="54.6854455" lon="25.167665">
        <ele>124</ele>
      </trkpt>
      <trkpt lat="54.6854502" lon="25.1676696">
        <ele>124</ele>
      </trkpt>
      <trkpt lat="54.685455" lon="25.1676742">
        <ele>124</ele>
      </trkpt>
      <trkpt lat="54.685457" lon="25.1676815">
        <ele>124</ele>
      </trkpt>
      <trkpt lat="54.6854591" lon="25.1676888">
        <ele>124</ele>
      </trkpt>
      <trkpt lat="54.6854566" lon="25.1677025">
        <ele>124</ele>
      </trkpt>
      <trkpt lat="54.6854541" lon="25.1677163">
        <ele>124</ele>
      </trkpt>
      <trkpt lat="54.6854478" lon="25.1677343">
        <ele>124</ele>
      </trkpt>
      <trkpt lat="54.6854416" lon="25.1677524">
        <ele>124</ele>
      </trkpt>
      <trkpt lat="54.6854321" lon="25.1677753">
        <ele>124</ele>
      </trkpt>
      <trkpt lat="54.6854226" lon="25.1677982">
        <ele>124</ele>
      </trkpt>
      <trkpt lat="54.6854109" lon="25.1678299">
        <ele>124</ele>
      </trkpt>
      <trkpt lat="54.6853993" lon="25.1678617">
        <ele>124</ele>
      </trkpt>
      <trkpt lat="54.6853839" lon="25.1678995">
        <ele>124</ele>
      </trkpt>
      <trkpt lat="54.6853686" lon="25.1679374">
        <ele>124</ele>
      </trkpt>
      <trkpt lat="54.6853483" lon="25.1679706">
        <ele>124</ele>
      </trkpt>
      <trkpt lat="54.685328" lon="25.1680038">
        <ele>124</ele>
      </trkpt>
      <trkpt lat="54.685308" lon="25.1680316">
        <ele>124</ele>
      </trkpt>
      <trkpt lat="54.685288" lon="25.1680595">
        <ele>124</ele>
      </trkpt>
      <trkpt lat="54.6852736" lon="25.1680801">
        <ele>124</ele>
      </trkpt>
      <trkpt lat="54.6852592" lon="25.1681008">
        <ele>124</ele>
      </trkpt>
      <trkpt lat="54.6852487" lon="25.1681146">
        <ele>124</ele>
      </trkpt>
      <trkpt lat="54.6852382" lon="25.1681285">
        <ele>124</ele>
      </trkpt>
      <trkpt lat="54.6852273" lon="25.1681368">
        <ele>124</ele>
      </trkpt>
      <trkpt lat="54.6852164" lon="25.1681451">
        <ele>124</ele>
      </trkpt>
      <trkpt lat="54.6852021" lon="25.1681534">
        <ele>124</ele>
      </trkpt>
      <trkpt lat="54.6851879" lon="25.1681617">
        <ele>124</ele>
      </trkpt>
      <trkpt lat="54.6851709" lon="25.1681771">
        <ele>124</ele>
      </trkpt>
      <trkpt lat="54.6851539" lon="25.1681926">
        <ele>124</ele>
      </trkpt>
      <trkpt lat="54.685136" lon="25.1682199">
        <ele>124</ele>
      </trkpt>
      <trkpt lat="54.6851182" lon="25.1682473">
        <ele>124</ele>
      </trkpt>
      <trkpt lat="54.6850996" lon="25.1682814">
        <ele>124</ele>
      </trkpt>
      <trkpt lat="54.685081" lon="25.1683155">
        <ele>124</ele>
      </trkpt>
      <trkpt lat="54.68506" lon="25.16835">
        <ele>124</ele>
      </trkpt>
      <trkpt lat="54.6850391" lon="25.1683846">
        <ele>124</ele>
      </trkpt>
      <trkpt lat="54.6850143" lon="25.1684167">
        <ele>124</ele>
      </trkpt>
      <trkpt lat="54.6849896" lon="25.1684489">
        <ele>123</ele>
      </trkpt>
      <trkpt lat="54.6849666" lon="25.1684774">
        <ele>123</ele>
      </trkpt>
      <trkpt lat="54.6849436" lon="25.168506">
        <ele>123</ele>
      </trkpt>
      <trkpt lat="54.6849219" lon="25.1685304">
        <ele>123</ele>
      </trkpt>
      <trkpt lat="54.6849002" lon="25.1685548">
        <ele>123</ele>
      </trkpt>
      <trkpt lat="54.684879" lon="25.1685796">
        <ele>123</ele>
      </trkpt>
      <trkpt lat="54.6848579" lon="25.1686045">
        <ele>123</ele>
      </trkpt>
      <trkpt lat="54.684838" lon="25.168637">
        <ele>123</ele>
      </trkpt>
      <trkpt lat="54.6848181" lon="25.1686696">
        <ele>123</ele>
      </trkpt>
      <trkpt lat="54.6848023" lon="25.1687067">
        <ele>123</ele>
      </trkpt>
      <trkpt lat="54.6847866" lon="25.1687439">
        <ele>123</ele>
      </trkpt>
      <trkpt lat="54.6847744" lon="25.1687789">
        <ele>123</ele>
      </trkpt>
      <trkpt lat="54.6847622" lon="25.168814">
        <ele>123</ele>
      </trkpt>
      <trkpt lat="54.684752" lon="25.1688459">
        <ele>123</ele>
      </trkpt>
      <trkpt lat="54.6847419" lon="25.1688779">
        <ele>123</ele>
      </trkpt>
      <trkpt lat="54.6847341" lon="25.1689079">
        <ele>123</ele>
      </trkpt>
      <trkpt lat="54.6847264" lon="25.168938">
        <ele>123</ele>
      </trkpt>
      <trkpt lat="54.6847225" lon="25.1689661">
        <ele>123</ele>
      </trkpt>
      <trkpt lat="54.6847187" lon="25.1689942">
        <ele>123</ele>
      </trkpt>
      <trkpt lat="54.6847222" lon="25.1690154">
        <ele>123</ele>
      </trkpt>
      <trkpt lat="54.6847258" lon="25.1690366">
        <ele>123</ele>
      </trkpt>
      <trkpt lat="54.6847349" lon="25.1690517">
        <ele>123</ele>
      </trkpt>
      <trkpt lat="54.6847441" lon="25.1690668">
        <ele>123</ele>
      </trkpt>
      <trkpt lat="54.6847538" lon="25.1690798">
        <ele>123</ele>
      </trkpt>
      <trkpt lat="54.6847635" lon="25.1690929">
        <ele>124</ele>
      </trkpt>
      <trkpt lat="54.6847715" lon="25.1691114">
        <ele>124</ele>
      </trkpt>
      <trkpt lat="54.6847796" lon="25.1691299">
        <ele>124</ele>
      </trkpt>
      <trkpt lat="54.6847852" lon="25.1691599">
        <ele>125</ele>
      </trkpt>
      <trkpt lat="54.6847909" lon="25.1691899">
        <ele>125</ele>
      </trkpt>
      <trkpt lat="54.6847905" lon="25.1692264">
        <ele>126</ele>
      </trkpt>
      <trkpt lat="54.6847902" lon="25.169263">
        <ele>126</ele>
      </trkpt>
      <trkpt lat="54.6847838" lon="25.1692944">
        <ele>126</ele>
      </trkpt>
      <trkpt lat="54.6847774" lon="25.1693259">
        <ele>126</ele>
      </trkpt>
      <trkpt lat="54.6847705" lon="25.1693526">
        <ele>126</ele>
      </trkpt>
      <trkpt lat="54.6847637" lon="25.1693793">
        <ele>127</ele>
      </trkpt>
      <trkpt lat="54.684756" lon="25.1694026">
        <ele>127</ele>
      </trkpt>
      <trkpt lat="54.6847484" lon="25.169426">
        <ele>127</ele>
      </trkpt>
      <trkpt lat="54.6847395" lon="25.1694435">
        <ele>127</ele>
      </trkpt>
      <trkpt lat="54.6847306" lon="25.1694611">
        <ele>127</ele>
      </trkpt>
      <trkpt lat="54.6847209" lon="25.1694717">
        <ele>127</ele>
      </trkpt>
      <trkpt lat="54.6847112" lon="25.1694824">
        <ele>127</ele>
      </trkpt>
      <trkpt lat="54.6847011" lon="25.1694869">
        <ele>127</ele>
      </trkpt>
      <trkpt lat="54.684691" lon="25.1694914">
        <ele>128</ele>
      </trkpt>
      <trkpt lat="54.6846805" lon="25.169495">
        <ele>128</ele>
      </trkpt>
      <trkpt lat="54.68467" lon="25.1694987">
        <ele>129</ele>
      </trkpt>
      <trkpt lat="54.6846594" lon="25.1695038">
        <ele>129</ele>
      </trkpt>
      <trkpt lat="54.6846488" lon="25.169509">
        <ele>129</ele>
      </trkpt>
      <trkpt lat="54.6846387" lon="25.1695164">
        <ele>129</ele>
      </trkpt>
      <trkpt lat="54.6846287" lon="25.1695239">
        <ele>129</ele>
      </trkpt>
      <trkpt lat="54.6846194" lon="25.169532">
        <ele>130</ele>
      </trkpt>
      <trkpt lat="54.6846102" lon="25.1695402">
        <ele>130</ele>
      </trkpt>
      <trkpt lat="54.6846019" lon="25.1695475">
        <ele>130</ele>
      </trkpt>
      <trkpt lat="54.6845936" lon="25.1695549">
        <ele>131</ele>
      </trkpt>
      <trkpt lat="54.6845862" lon="25.1695614">
        <ele>131</ele>
      </trkpt>
      <trkpt lat="54.6845789" lon="25.1695679">
        <ele>132</ele>
      </trkpt>
      <trkpt lat="54.6845718" lon="25.1695736">
        <ele>132</ele>
      </trkpt>
      <trkpt lat="54.6845647" lon="25.1695793">
        <ele>132</ele>
      </trkpt>
      <trkpt lat="54.6845569" lon="25.169584">
        <ele>132</ele>
      </trkpt>
      <trkpt lat="54.6845492" lon="25.1695887">
        <ele>132</ele>
      </trkpt>
      <trkpt lat="54.6845403" lon="25.1695925">
        <ele>133</ele>
      </trkpt>
      <trkpt lat="54.6845315" lon="25.1695963">
        <ele>133</ele>
      </trkpt>
      <trkpt lat="54.6845217" lon="25.1696003">
        <ele>133</ele>
      </trkpt>
      <trkpt lat="54.6845119" lon="25.1696043">
        <ele>133</ele>
      </trkpt>
      <trkpt lat="54.6845018" lon="25.1696095">
        <ele>133</ele>
      </trkpt>
      <trkpt lat="54.6844917" lon="25.1696148">
        <ele>134</ele>
      </trkpt>
      <trkpt lat="54.6844814" lon="25.16962">
        <ele>134</ele>
      </trkpt>
      <trkpt lat="54.6844711" lon="25.1696252">
        <ele>134</ele>
      </trkpt>
      <trkpt lat="54.6844602" lon="25.1696305">
        <ele>135</ele>
      </trkpt>
      <trkpt lat="54.6844494" lon="25.1696359">
        <ele>135</ele>
      </trkpt>
      <trkpt lat="54.6844374" lon="25.1696405">
        <ele>136</ele>
      </trkpt>
      <trkpt lat="54.6844254" lon="25.1696452">
        <ele>136</ele>
      </trkpt>
      <trkpt lat="54.6844111" lon="25.1696439">
        <ele>136</ele>
      </trkpt>
      <trkpt lat="54.6843969" lon="25.1696427">
        <ele>136</ele>
      </trkpt>
      <trkpt lat="54.6843792" lon="25.1696324">
        <ele>136</ele>
      </trkpt>
      <trkpt lat="54.6843616" lon="25.1696222">
        <ele>137</ele>
      </trkpt>
      <trkpt lat="54.684341" lon="25.1696107">
        <ele>137</ele>
      </trkpt>
      <trkpt lat="54.6843205" lon="25.1695993">
        <ele>137</ele>
      </trkpt>
      <trkpt lat="54.684301" lon="25.1695953">
        <ele>137</ele>
      </trkpt>
      <trkpt lat="54.6842816" lon="25.1695913">
        <ele>137</ele>
      </trkpt>
      <trkpt lat="54.6842651" lon="25.1695981">
        <ele>137</ele>
      </trkpt>
      <trkpt lat="54.6842487" lon="25.169605">
        <ele>137</ele>
      </trkpt>
      <trkpt lat="54.684233" lon="25.1696207">
        <ele>137</ele>
      </trkpt>
      <trkpt lat="54.6842174" lon="25.1696364">
        <ele>137</ele>
      </trkpt>
      <trkpt lat="54.6841996" lon="25.1696552">
        <ele>137</ele>
      </trkpt>
      <trkpt lat="54.6841818" lon="25.1696741">
        <ele>138</ele>
      </trkpt>
      <trkpt lat="54.6841635" lon="25.1696895">
        <ele>138</ele>
      </trkpt>
      <trkpt lat="54.6841453" lon="25.169705">
        <ele>138</ele>
      </trkpt>
      <trkpt lat="54.684128" lon="25.1697174">
        <ele>138</ele>
      </trkpt>
      <trkpt lat="54.6841107" lon="25.1697299">
        <ele>138</ele>
      </trkpt>
      <trkpt lat="54.6840937" lon="25.1697422">
        <ele>138</ele>
      </trkpt>
      <trkpt lat="54.6840768" lon="25.1697546">
        <ele>138</ele>
      </trkpt>
      <trkpt lat="54.6840579" lon="25.1697679">
        <ele>138</ele>
      </trkpt>
      <trkpt lat="54.6840391" lon="25.1697812">
        <ele>138</ele>
      </trkpt>
      <trkpt lat="54.6840191" lon="25.1697994">
        <ele>138</ele>
      </trkpt>
      <trkpt lat="54.6839991" lon="25.1698176">
        <ele>139</ele>
      </trkpt>
      <trkpt lat="54.6839765" lon="25.1698452">
        <ele>138</ele>
      </trkpt>
      <trkpt lat="54.6839539" lon="25.1698728">
        <ele>138</ele>
      </trkpt>
      <trkpt lat="54.6839289" lon="25.1699024">
        <ele>138</ele>
      </trkpt>
      <trkpt lat="54.683904" lon="25.169932">
        <ele>138</ele>
      </trkpt>
      <trkpt lat="54.6838771" lon="25.1699576">
        <ele>138</ele>
      </trkpt>
      <trkpt lat="54.6838502" lon="25.1699832">
        <ele>137</ele>
      </trkpt>
      <trkpt lat="54.6838259" lon="25.1700019">
        <ele>137</ele>
      </trkpt>
      <trkpt lat="54.6838016" lon="25.1700206">
        <ele>136</ele>
      </trkpt>
      <trkpt lat="54.683781" lon="25.1700348">
        <ele>136</ele>
      </trkpt>
      <trkpt lat="54.6837605" lon="25.1700491">
        <ele>136</ele>
      </trkpt>
      <trkpt lat="54.6837417" lon="25.1700655">
        <ele>136</ele>
      </trkpt>
      <trkpt lat="54.6837229" lon="25.170082">
        <ele>136</ele>
      </trkpt>
      <trkpt lat="54.6837038" lon="25.1701077">
        <ele>136</ele>
      </trkpt>
      <trkpt lat="54.6836847" lon="25.1701334">
        <ele>136</ele>
      </trkpt>
      <trkpt lat="54.6836652" lon="25.1701663">
        <ele>136</ele>
      </trkpt>
      <trkpt lat="54.6836457" lon="25.1701993">
        <ele>136</ele>
      </trkpt>
      <trkpt lat="54.6836264" lon="25.1702343">
        <ele>136</ele>
      </trkpt>
      <trkpt lat="54.6836072" lon="25.1702694">
        <ele>136</ele>
      </trkpt>
      <trkpt lat="54.6835884" lon="25.1703044">
        <ele>136</ele>
      </trkpt>
      <trkpt lat="54.6835697" lon="25.1703394">
        <ele>137</ele>
      </trkpt>
      <trkpt lat="54.6835507" lon="25.1703741">
        <ele>137</ele>
      </trkpt>
      <trkpt lat="54.6835317" lon="25.1704088">
        <ele>137</ele>
      </trkpt>
      <trkpt lat="54.6835106" lon="25.1704427">
        <ele>137</ele>
      </trkpt>
      <trkpt lat="54.6834896" lon="25.1704766">
        <ele>137</ele>
      </trkpt>
      <trkpt lat="54.6834652" lon="25.1705061">
        <ele>137</ele>
      </trkpt>
      <trkpt lat="54.6834409" lon="25.1705356">
        <ele>136</ele>
      </trkpt>
      <trkpt lat="54.6834154" lon="25.1705564">
        <ele>136</ele>
      </trkpt>
      <trkpt lat="54.6833899" lon="25.1705773">
        <ele>136</ele>
      </trkpt>
      <trkpt lat="54.6833656" lon="25.1705926">
        <ele>136</ele>
      </trkpt>
      <trkpt lat="54.6833414" lon="25.170608">
        <ele>136</ele>
      </trkpt>
      <trkpt lat="54.68332" lon="25.1706197">
        <ele>136</ele>
      </trkpt>
      <trkpt lat="54.6832987" lon="25.1706314">
        <ele>136</ele>
      </trkpt>
      <trkpt lat="54.6832827" lon="25.1706412">
        <ele>136</ele>
      </trkpt>
      <trkpt lat="54.6832668" lon="25.170651">
        <ele>136</ele>
      </trkpt>
      <trkpt lat="54.6832567" lon="25.1706584">
        <ele>136</ele>
      </trkpt>
      <trkpt lat="54.6832466" lon="25.1706658">
        <ele>136</ele>
      </trkpt>
      <trkpt lat="54.6832434" lon="25.1706681">
        <ele>136</ele>
      </trkpt>
      <trkpt lat="54.6832403" lon="25.1706705">
        <ele>136</ele>
      </trkpt>
      <trkpt lat="54.6832371" lon="25.1706729">
        <ele>136</ele>
      </trkpt>
      <trkpt lat="54.683234" lon="25.1706753">
        <ele>136</ele>
      </trkpt>
      <trkpt lat="54.6832309" lon="25.1706777">
        <ele>136</ele>
      </trkpt>
      <trkpt lat="54.6832259" lon="25.1706809">
        <ele>136</ele>
      </trkpt>
      <trkpt lat="54.6832209" lon="25.1706841">
        <ele>136</ele>
      </trkpt>
      <trkpt lat="54.6832146" lon="25.1706879">
        <ele>136</ele>
      </trkpt>
      <trkpt lat="54.6832083" lon="25.1706918">
        <ele>136</ele>
      </trkpt>
      <trkpt lat="54.6832001" lon="25.1706986">
        <ele>136</ele>
      </trkpt>
      <trkpt lat="54.683192" lon="25.1707054">
        <ele>136</ele>
      </trkpt>
      <trkpt lat="54.683183" lon="25.1707148">
        <ele>136</ele>
      </trkpt>
      <trkpt lat="54.683174" lon="25.1707243">
        <ele>136</ele>
      </trkpt>
      <trkpt lat="54.6831661" lon="25.1707372">
        <ele>137</ele>
      </trkpt>
      <trkpt lat="54.6831582" lon="25.1707501">
        <ele>137</ele>
      </trkpt>
      <trkpt lat="54.6831523" lon="25.1707669">
        <ele>137</ele>
      </trkpt>
      <trkpt lat="54.6831464" lon="25.1707837">
        <ele>137</ele>
      </trkpt>
      <trkpt lat="54.6831413" lon="25.170803">
        <ele>137</ele>
      </trkpt>
      <trkpt lat="54.6831363" lon="25.1708223">
        <ele>138</ele>
      </trkpt>
      <trkpt lat="54.6831317" lon="25.1708423">
        <ele>138</ele>
      </trkpt>
      <trkpt lat="54.6831271" lon="25.1708624">
        <ele>138</ele>
      </trkpt>
      <trkpt lat="54.6831229" lon="25.1708808">
        <ele>138</ele>
      </trkpt>
      <trkpt lat="54.6831187" lon="25.1708992">
        <ele>138</ele>
      </trkpt>
      <trkpt lat="54.683114" lon="25.1709146">
        <ele>139</ele>
      </trkpt>
      <trkpt lat="54.6831093" lon="25.1709301">
        <ele>139</ele>
      </trkpt>
      <trkpt lat="54.6831041" lon="25.1709436">
        <ele>139</ele>
      </trkpt>
      <trkpt lat="54.683099" lon="25.1709571">
        <ele>139</ele>
      </trkpt>
      <trkpt lat="54.683094" lon="25.170969">
        <ele>139</ele>
      </trkpt>
      <trkpt lat="54.6830891" lon="25.1709809">
        <ele>140</ele>
      </trkpt>
      <trkpt lat="54.6830868" lon="25.1709849">
        <ele>140</ele>
      </trkpt>
      <trkpt lat="54.6830846" lon="25.170989">
        <ele>140</ele>
      </trkpt>
      <trkpt lat="54.6830824" lon="25.1709931">
        <ele>140</ele>
      </trkpt>
      <trkpt lat="54.6830763" lon="25.1709985">
        <ele>140</ele>
      </trkpt>
      <trkpt lat="54.6830702" lon="25.171004">
        <ele>141</ele>
      </trkpt>
      <trkpt lat="54.6830608" lon="25.1710037">
        <ele>141</ele>
      </trkpt>
      <trkpt lat="54.6830514" lon="25.1710034">
        <ele>141</ele>
      </trkpt>
      <trkpt lat="54.6830355" lon="25.1709993">
        <ele>141</ele>
      </trkpt>
      <trkpt lat="54.6830196" lon="25.1709952">
        <ele>141</ele>
      </trkpt>
      <trkpt lat="54.6829977" lon="25.1709921">
        <ele>141</ele>
      </trkpt>
      <trkpt lat="54.6829759" lon="25.1709891">
        <ele>140</ele>
      </trkpt>
      <trkpt lat="54.6829498" lon="25.1709935">
        <ele>140</ele>
      </trkpt>
      <trkpt lat="54.6829237" lon="25.170998">
        <ele>139</ele>
      </trkpt>
      <trkpt lat="54.6828944" lon="25.1710098">
        <ele>139</ele>
      </trkpt>
      <trkpt lat="54.6828651" lon="25.1710216">
        <ele>139</ele>
      </trkpt>
      <trkpt lat="54.6828351" lon="25.1710279">
        <ele>138</ele>
      </trkpt>
      <trkpt lat="54.6828052" lon="25.1710342">
        <ele>137</ele>
      </trkpt>
      <trkpt lat="54.6827776" lon="25.1710271">
        <ele>137</ele>
      </trkpt>
      <trkpt lat="54.6827501" lon="25.1710201">
        <ele>136</ele>
      </trkpt>
      <trkpt lat="54.6827274" lon="25.1710098">
        <ele>136</ele>
      </trkpt>
      <trkpt lat="54.6827047" lon="25.1709995">
        <ele>135</ele>
      </trkpt>
      <trkpt lat="54.6826845" lon="25.1709954">
        <ele>135</ele>
      </trkpt>
      <trkpt lat="54.6826643" lon="25.1709914">
        <ele>134</ele>
      </trkpt>
      <trkpt lat="54.6826425" lon="25.1709878">
        <ele>134</ele>
      </trkpt>
      <trkpt lat="54.6826207" lon="25.1709842">
        <ele>134</ele>
      </trkpt>
      <trkpt lat="54.6825963" lon="25.1709761">
        <ele>133</ele>
      </trkpt>
      <trkpt lat="54.682572" lon="25.170968">
        <ele>133</ele>
      </trkpt>
      <trkpt lat="54.6825462" lon="25.1709554">
        <ele>132</ele>
      </trkpt>
      <trkpt lat="54.6825205" lon="25.1709428">
        <ele>132</ele>
      </trkpt>
      <trkpt lat="54.6824915" lon="25.1709337">
        <ele>132</ele>
      </trkpt>
      <trkpt lat="54.6824626" lon="25.1709246">
        <ele>131</ele>
      </trkpt>
      <trkpt lat="54.6824298" lon="25.1709254">
        <ele>130</ele>
      </trkpt>
      <trkpt lat="54.682397" lon="25.1709263">
        <ele>129</ele>
      </trkpt>
      <trkpt lat="54.6823674" lon="25.1709363">
        <ele>128</ele>
      </trkpt>
      <trkpt lat="54.6823378" lon="25.1709463">
        <ele>127</ele>
      </trkpt>
      <trkpt lat="54.6823177" lon="25.1709585">
        <ele>126</ele>
      </trkpt>
      <trkpt lat="54.6822976" lon="25.1709708">
        <ele>126</ele>
      </trkpt>
      <trkpt lat="54.6822853" lon="25.1709821">
        <ele>125</ele>
      </trkpt>
      <trkpt lat="54.6822731" lon="25.1709935">
        <ele>125</ele>
      </trkpt>
      <trkpt lat="54.6822643" lon="25.171001">
        <ele>125</ele>
      </trkpt>
      <trkpt lat="54.6822555" lon="25.1710085">
        <ele>125</ele>
      </trkpt>
      <trkpt lat="54.6822478" lon="25.1710125">
        <ele>125</ele>
      </trkpt>
      <trkpt lat="54.6822401" lon="25.1710166">
        <ele>125</ele>
      </trkpt>
      <trkpt lat="54.6822324" lon="25.1710202">
        <ele>125</ele>
      </trkpt>
      <trkpt lat="54.6822247" lon="25.1710238">
        <ele>125</ele>
      </trkpt>
      <trkpt lat="54.682216" lon="25.1710288">
        <ele>125</ele>
      </trkpt>
      <trkpt lat="54.6822074" lon="25.1710339">
        <ele>125</ele>
      </trkpt>
      <trkpt lat="54.6821975" lon="25.171039">
        <ele>125</ele>
      </trkpt>
      <trkpt lat="54.6821876" lon="25.1710442">
        <ele>125</ele>
      </trkpt>
      <trkpt lat="54.6821765" lon="25.1710468">
        <ele>126</ele>
      </trkpt>
      <trkpt lat="54.6821654" lon="25.1710494">
        <ele>126</ele>
      </trkpt>
      <trkpt lat="54.6821545" lon="25.1710491">
        <ele>126</ele>
      </trkpt>
      <trkpt lat="54.6821436" lon="25.1710489">
        <ele>126</ele>
      </trkpt>
      <trkpt lat="54.6821336" lon="25.1710462">
        <ele>126</ele>
      </trkpt>
      <trkpt lat="54.6821236" lon="25.1710435">
        <ele>127</ele>
      </trkpt>
      <trkpt lat="54.6821137" lon="25.171037">
        <ele>127</ele>
      </trkpt>
      <trkpt lat="54.6821039" lon="25.1710305">
        <ele>127</ele>
      </trkpt>
      <trkpt lat="54.6820925" lon="25.1710221">
        <ele>127</ele>
      </trkpt>
      <trkpt lat="54.6820811" lon="25.1710138">
        <ele>127</ele>
      </trkpt>
      <trkpt lat="54.6820668" lon="25.1710085">
        <ele>128</ele>
      </trkpt>
      <trkpt lat="54.6820525" lon="25.1710032">
        <ele>128</ele>
      </trkpt>
      <trkpt lat="54.6820345" lon="25.170993">
        <ele>128</ele>
      </trkpt>
      <trkpt lat="54.6820166" lon="25.1709828">
        <ele>128</ele>
      </trkpt>
      <trkpt lat="54.6819984" lon="25.1709608">
        <ele>128</ele>
      </trkpt>
      <trkpt lat="54.6819803" lon="25.1709388">
        <ele>129</ele>
      </trkpt>
      <trkpt lat="54.6819609" lon="25.1709123">
        <ele>128</ele>
      </trkpt>
      <trkpt lat="54.6819415" lon="25.1708859">
        <ele>128</ele>
      </trkpt>
      <trkpt lat="54.6819233" lon="25.1708581">
        <ele>128</ele>
      </trkpt>
      <trkpt lat="54.6819051" lon="25.1708304">
        <ele>128</ele>
      </trkpt>
      <trkpt lat="54.6818871" lon="25.1708022">
        <ele>128</ele>
      </trkpt>
      <trkpt lat="54.6818692" lon="25.170774">
        <ele>127</ele>
      </trkpt>
      <trkpt lat="54.6818509" lon="25.1707516">
        <ele>126</ele>
      </trkpt>
      <trkpt lat="54.6818327" lon="25.1707292">
        <ele>126</ele>
      </trkpt>
      <trkpt lat="54.681814" lon="25.1707225">
        <ele>125</ele>
      </trkpt>
      <trkpt lat="54.6817954" lon="25.1707159">
        <ele>125</ele>
      </trkpt>
      <trkpt lat="54.681777" lon="25.1707257">
        <ele>124</ele>
      </trkpt>
      <trkpt lat="54.6817586" lon="25.1707356">
        <ele>123</ele>
      </trkpt>
      <trkpt lat="54.68174883584007" lon="25.17074595953756">
        <ele>123</ele>
      </trkpt>
      <trkpt lat="54.68174883584007" lon="25.17074595953756">
        <ele>134.26689633841212</ele>
      </trkpt>
      <trkpt lat="54.68165693517477" lon="25.170773345120494">
        <ele>135.495919866302</ele>
      </trkpt>
      <trkpt lat="54.68156302165403" lon="25.170758577253565">
        <ele>136.17013326494947</ele>
      </trkpt>
      <trkpt lat="54.68156302165403" lon="25.170758577253565">
        <ele>136.17013326494947</ele>
      </trkpt>
      <trkpt lat="54.68156302165403" lon="25.170758577253565">
        <ele>136.17013326494947</ele>
      </trkpt>
      <trkpt lat="54.68153740883781" lon="25.170743809385158">
        <ele>136.15170341160612</ele>
      </trkpt>
      <trkpt lat="54.681486192546444" lon="25.170716572706315">
        <ele>136.15293195468496</ele>
      </trkpt>
      <trkpt lat="54.681486192546444" lon="25.170716572706315">
        <ele>134.17844209739997</ele>
      </trkpt>
      <trkpt lat="54.681382" lon="25.170718">
        <ele>134</ele>
      </trkpt>
      <trkpt lat="54.681154" lon="25.170627">
        <ele>132.5</ele>
      </trkpt>
      <trkpt lat="54.681008" lon="25.17063">
        <ele>132.25</ele>
      </trkpt>
      <trkpt lat="54.680912" lon="25.17067">
        <ele>132.5</ele>
      </trkpt>
      <trkpt lat="54.680792" lon="25.170761">
        <ele>132.75</ele>
      </trkpt>
      <trkpt lat="54.680792" lon="25.170761">
        <ele>132.75</ele>
      </trkpt>
      <trkpt lat="54.680792" lon="25.170761">
        <ele>132.5</ele>
      </trkpt>
      <trkpt lat="54.680783" lon="25.170769">
        <ele>132.75</ele>
      </trkpt>
      <trkpt lat="54.680675" lon="25.17082">
        <ele>132</ele>
      </trkpt>
      <trkpt lat="54.680268" lon="25.170818">
        <ele>127.75</ele>
      </trkpt>
      <trkpt lat="54.680124" lon="25.170855">
        <ele>126.25</ele>
      </trkpt>
      <trkpt lat="54.679895" lon="25.170933">
        <ele>124</ele>
      </trkpt>
      <trkpt lat="54.679771" lon="25.170992">
        <ele>122.5</ele>
      </trkpt>
      <trkpt lat="54.679609" lon="25.170992">
        <ele>120.25</ele>
      </trkpt>
      <trkpt lat="54.679569" lon="25.171027">
        <ele>119.75</ele>
      </trkpt>
      <trkpt lat="54.679553" lon="25.171081">
        <ele>120</ele>
      </trkpt>
      <trkpt lat="54.679557" lon="25.171158">
        <ele>120.5</ele>
      </trkpt>
      <trkpt lat="54.679625" lon="25.171333">
        <ele>122.5</ele>
      </trkpt>
      <trkpt lat="54.679626" lon="25.171416">
        <ele>123</ele>
      </trkpt>
      <trkpt lat="54.679599" lon="25.171531">
        <ele>123.25</ele>
      </trkpt>
      <trkpt lat="54.679589" lon="25.171647">
        <ele>123.75</ele>
      </trkpt>
      <trkpt lat="54.679602" lon="25.171722">
        <ele>123.75</ele>
      </trkpt>
      <trkpt lat="54.679682" lon="25.171834">
        <ele>124.25</ele>
      </trkpt>
      <trkpt lat="54.679768" lon="25.171901">
        <ele>125</ele>
      </trkpt>
      <trkpt lat="54.679864" lon="25.171907">
        <ele>126.5</ele>
      </trkpt>
      <trkpt lat="54.679983" lon="25.171875">
        <ele>128.5</ele>
      </trkpt>
      <trkpt lat="54.68009" lon="25.171797">
        <ele>130.75</ele>
      </trkpt>
      <trkpt lat="54.68036" lon="25.171663">
        <ele>135.5</ele>
      </trkpt>
      <trkpt lat="54.680476" lon="25.171652">
        <ele>137</ele>
      </trkpt>
      <trkpt lat="54.680617" lon="25.171657">
        <ele>139</ele>
      </trkpt>
      <trkpt lat="54.680698" lon="25.17162">
        <ele>139.75</ele>
      </trkpt>
      <trkpt lat="54.680839" lon="25.171518">
        <ele>140.5</ele>
      </trkpt>
      <trkpt lat="54.68094" lon="25.171499">
        <ele>140.75</ele>
      </trkpt>
      <trkpt lat="54.68107" lon="25.17152">
        <ele>141.5</ele>
      </trkpt>
      <trkpt lat="54.681169" lon="25.171577">
        <ele>142.5</ele>
      </trkpt>
      <trkpt lat="54.681443" lon="25.171873">
        <ele>143</ele>
      </trkpt>
      <trkpt lat="54.68144806923114" lon="25.171863531938698">
        <ele>145</ele>
      </trkpt>
      <trkpt lat="54.681458" lon="25.1718719">
        <ele>145</ele>
      </trkpt>
      <trkpt lat="54.6814789" lon="25.1718749">
        <ele>145</ele>
      </trkpt>
      <trkpt lat="54.6814998" lon="25.1718779">
        <ele>145</ele>
      </trkpt>
      <trkpt lat="54.6815223" lon="25.1718709">
        <ele>145</ele>
      </trkpt>
      <trkpt lat="54.6815449" lon="25.1718639">
        <ele>145</ele>
      </trkpt>
      <trkpt lat="54.6815695" lon="25.1718614">
        <ele>145</ele>
      </trkpt>
      <trkpt lat="54.6815941" lon="25.1718589">
        <ele>145</ele>
      </trkpt>
      <trkpt lat="54.681621" lon="25.1718668">
        <ele>146</ele>
      </trkpt>
      <trkpt lat="54.6816479" lon="25.1718747">
        <ele>146</ele>
      </trkpt>
      <trkpt lat="54.6816765" lon="25.1718855">
        <ele>146</ele>
      </trkpt>
      <trkpt lat="54.6817051" lon="25.1718963">
        <ele>146</ele>
      </trkpt>
      <trkpt lat="54.6817349" lon="25.1719078">
        <ele>146</ele>
      </trkpt>
      <trkpt lat="54.6817647" lon="25.1719194">
        <ele>147</ele>
      </trkpt>
      <trkpt lat="54.6817934" lon="25.1719339">
        <ele>147</ele>
      </trkpt>
      <trkpt lat="54.6818222" lon="25.1719484">
        <ele>147</ele>
      </trkpt>
      <trkpt lat="54.6818494" lon="25.1719676">
        <ele>147</ele>
      </trkpt>
      <trkpt lat="54.6818766" lon="25.1719869">
        <ele>147</ele>
      </trkpt>
      <trkpt lat="54.6819033" lon="25.1720084">
        <ele>147</ele>
      </trkpt>
      <trkpt lat="54.68193" lon="25.1720299">
        <ele>147</ele>
      </trkpt>
      <trkpt lat="54.6819548" lon="25.1720517">
        <ele>147</ele>
      </trkpt>
      <trkpt lat="54.6819796" lon="25.1720735">
        <ele>147</ele>
      </trkpt>
      <trkpt lat="54.6820011" lon="25.1720947">
        <ele>147</ele>
      </trkpt>
      <trkpt lat="54.6820226" lon="25.1721159">
        <ele>147</ele>
      </trkpt>
      <trkpt lat="54.6820395" lon="25.1721351">
        <ele>147</ele>
      </trkpt>
      <trkpt lat="54.6820565" lon="25.1721543">
        <ele>147</ele>
      </trkpt>
      <trkpt lat="54.6820696" lon="25.1721741">
        <ele>147</ele>
      </trkpt>
      <trkpt lat="54.6820828" lon="25.172194">
        <ele>147</ele>
      </trkpt>
      <trkpt lat="54.6820908" lon="25.172219">
        <ele>148</ele>
      </trkpt>
      <trkpt lat="54.6820988" lon="25.172244">
        <ele>148</ele>
      </trkpt>
      <trkpt lat="54.6820994" lon="25.1722698">
        <ele>148</ele>
      </trkpt>
      <trkpt lat="54.6821001" lon="25.1722956">
        <ele>148</ele>
      </trkpt>
      <trkpt lat="54.6820958" lon="25.1723138">
        <ele>148</ele>
      </trkpt>
      <trkpt lat="54.6820915" lon="25.1723321">
        <ele>148</ele>
      </trkpt>
      <trkpt lat="54.6820857" lon="25.1723405">
        <ele>147</ele>
      </trkpt>
      <trkpt lat="54.68208" lon="25.1723489">
        <ele>147</ele>
      </trkpt>
      <trkpt lat="54.6820742" lon="25.172347">
        <ele>147</ele>
      </trkpt>
      <trkpt lat="54.6820685" lon="25.1723451">
        <ele>147</ele>
      </trkpt>
      <trkpt lat="54.6820672" lon="25.1723432">
        <ele>147</ele>
      </trkpt>
      <trkpt lat="54.6820659" lon="25.1723413">
        <ele>147</ele>
      </trkpt>
      <trkpt lat="54.6820646" lon="25.1723394">
        <ele>147</ele>
      </trkpt>
      <trkpt lat="54.6820634" lon="25.1723376">
        <ele>147</ele>
      </trkpt>
      <trkpt lat="54.6820589" lon="25.1723333">
        <ele>147</ele>
      </trkpt>
      <trkpt lat="54.6820545" lon="25.1723291">
        <ele>147</ele>
      </trkpt>
      <trkpt lat="54.682047" lon="25.1723243">
        <ele>147</ele>
      </trkpt>
      <trkpt lat="54.6820396" lon="25.1723196">
        <ele>147</ele>
      </trkpt>
      <trkpt lat="54.6820289" lon="25.1723162">
        <ele>147</ele>
      </trkpt>
      <trkpt lat="54.6820183" lon="25.1723129">
        <ele>147</ele>
      </trkpt>
      <trkpt lat="54.6820045" lon="25.1723216">
        <ele>147</ele>
      </trkpt>
      <trkpt lat="54.6819907" lon="25.1723303">
        <ele>146</ele>
      </trkpt>
      <trkpt lat="54.6819758" lon="25.1723519">
        <ele>146</ele>
      </trkpt>
      <trkpt lat="54.681961" lon="25.1723736">
        <ele>145</ele>
      </trkpt>
      <trkpt lat="54.6819496" lon="25.1723942">
        <ele>145</ele>
      </trkpt>
      <trkpt lat="54.6819382" lon="25.1724149">
        <ele>145</ele>
      </trkpt>
      <trkpt lat="54.6819365" lon="25.1724228">
        <ele>144</ele>
      </trkpt>
      <trkpt lat="54.6819348" lon="25.1724307">
        <ele>144</ele>
      </trkpt>
      <trkpt lat="54.6819398" lon="25.1724288">
        <ele>144</ele>
      </trkpt>
      <trkpt lat="54.6819448" lon="25.1724269">
        <ele>144</ele>
      </trkpt>
      <trkpt lat="54.6819524" lon="25.1724173">
        <ele>144</ele>
      </trkpt>
      <trkpt lat="54.68196" lon="25.1724077">
        <ele>143</ele>
      </trkpt>
      <trkpt lat="54.681969" lon="25.1723917">
        <ele>143</ele>
      </trkpt>
      <trkpt lat="54.6819781" lon="25.1723758">
        <ele>143</ele>
      </trkpt>
      <trkpt lat="54.6819873" lon="25.1723565">
        <ele>143</ele>
      </trkpt>
      <trkpt lat="54.6819965" lon="25.1723373">
        <ele>143</ele>
      </trkpt>
      <trkpt lat="54.6820042" lon="25.1723194">
        <ele>143</ele>
      </trkpt>
      <trkpt lat="54.6820119" lon="25.1723015">
        <ele>143</ele>
      </trkpt>
      <trkpt lat="54.6820153" lon="25.1722899">
        <ele>143</ele>
      </trkpt>
      <trkpt lat="54.6820187" lon="25.1722783">
        <ele>143</ele>
      </trkpt>
      <trkpt lat="54.6820147" lon="25.1722801">
        <ele>144</ele>
      </trkpt>
      <trkpt lat="54.6820108" lon="25.172282">
        <ele>144</ele>
      </trkpt>
      <trkpt lat="54.682" lon="25.1723016">
        <ele>144</ele>
      </trkpt>
      <trkpt lat="54.6819893" lon="25.1723212">
        <ele>144</ele>
      </trkpt>
      <trkpt lat="54.6819734" lon="25.1723543">
        <ele>144</ele>
      </trkpt>
      <trkpt lat="54.6819576" lon="25.1723874">
        <ele>145</ele>
      </trkpt>
      <trkpt lat="54.681938" lon="25.1724229">
        <ele>144</ele>
      </trkpt>
      <trkpt lat="54.6819185" lon="25.1724585">
        <ele>144</ele>
      </trkpt>
      <trkpt lat="54.6818957" lon="25.1724903">
        <ele>143</ele>
      </trkpt>
      <trkpt lat="54.681873" lon="25.1725222">
        <ele>143</ele>
      </trkpt>
      <trkpt lat="54.6818477" lon="25.1725504">
        <ele>143</ele>
      </trkpt>
      <trkpt lat="54.6818224" lon="25.1725787">
        <ele>142</ele>
      </trkpt>
      <trkpt lat="54.6817969" lon="25.1726075">
        <ele>141</ele>
      </trkpt>
      <trkpt lat="54.6817714" lon="25.1726363">
        <ele>141</ele>
      </trkpt>
      <trkpt lat="54.6817465" lon="25.1726665">
        <ele>140</ele>
      </trkpt>
      <trkpt lat="54.6817216" lon="25.1726968">
        <ele>140</ele>
      </trkpt>
      <trkpt lat="54.6816959" lon="25.1727272">
        <ele>138</ele>
      </trkpt>
      <trkpt lat="54.6816702" lon="25.1727576">
        <ele>137</ele>
      </trkpt>
      <trkpt lat="54.6816444" lon="25.172789">
        <ele>136</ele>
      </trkpt>
      <trkpt lat="54.6816187" lon="25.1728204">
        <ele>135</ele>
      </trkpt>
      <trkpt lat="54.681593" lon="25.1728529">
        <ele>134</ele>
      </trkpt>
      <trkpt lat="54.6815673" lon="25.1728854">
        <ele>133</ele>
      </trkpt>
      <trkpt lat="54.68154" lon="25.1729154">
        <ele>132</ele>
      </trkpt>
      <trkpt lat="54.6815127" lon="25.1729454">
        <ele>131</ele>
      </trkpt>
      <trkpt lat="54.6814815" lon="25.1729725">
        <ele>130</ele>
      </trkpt>
      <trkpt lat="54.6814504" lon="25.1729996">
        <ele>130</ele>
      </trkpt>
      <trkpt lat="54.6814155" lon="25.1730263">
        <ele>129</ele>
      </trkpt>
      <trkpt lat="54.6813806" lon="25.1730531">
        <ele>128</ele>
      </trkpt>
      <trkpt lat="54.6813439" lon="25.1730777">
        <ele>127</ele>
      </trkpt>
      <trkpt lat="54.6813073" lon="25.1731024">
        <ele>126</ele>
      </trkpt>
      <trkpt lat="54.681271" lon="25.1731228">
        <ele>125</ele>
      </trkpt>
      <trkpt lat="54.6812348" lon="25.1731432">
        <ele>124</ele>
      </trkpt>
      <trkpt lat="54.6812002" lon="25.173162">
        <ele>123</ele>
      </trkpt>
      <trkpt lat="54.6811656" lon="25.1731808">
        <ele>123</ele>
      </trkpt>
      <trkpt lat="54.6811332" lon="25.1732007">
        <ele>122</ele>
      </trkpt>
      <trkpt lat="54.6811008" lon="25.1732206">
        <ele>122</ele>
      </trkpt>
      <trkpt lat="54.6810711" lon="25.1732415">
        <ele>121</ele>
      </trkpt>
      <trkpt lat="54.6810415" lon="25.1732624">
        <ele>121</ele>
      </trkpt>
      <trkpt lat="54.6810148" lon="25.1732823">
        <ele>120</ele>
      </trkpt>
      <trkpt lat="54.6809881" lon="25.1733022">
        <ele>120</ele>
      </trkpt>
      <trkpt lat="54.6809691" lon="25.1733188">
        <ele>120</ele>
      </trkpt>
      <trkpt lat="54.6809501" lon="25.1733355">
        <ele>119</ele>
      </trkpt>
      <trkpt lat="54.6809388" lon="25.1733475">
        <ele>119</ele>
      </trkpt>
      <trkpt lat="54.6809276" lon="25.1733595">
        <ele>119</ele>
      </trkpt>
      <trkpt lat="54.6809196" lon="25.1733657">
        <ele>117</ele>
      </trkpt>
      <trkpt lat="54.6809139" lon="25.1733689">
        <ele>117</ele>
      </trkpt>
      <trkpt lat="54.6809083" lon="25.1733721">
        <ele>117</ele>
      </trkpt>
      <trkpt lat="54.6808965" lon="25.173376">
        <ele>116</ele>
      </trkpt>
      <trkpt lat="54.680889" lon="25.1733783">
        <ele>116</ele>
      </trkpt>
      <trkpt lat="54.6808815" lon="25.1733807">
        <ele>116</ele>
      </trkpt>
      <trkpt lat="54.6808654" lon="25.1733826">
        <ele>116</ele>
      </trkpt>
      <trkpt lat="54.6808493" lon="25.1733845">
        <ele>115</ele>
      </trkpt>
      <trkpt lat="54.6808206" lon="25.1733855">
        <ele>115</ele>
      </trkpt>
      <trkpt lat="54.680792" lon="25.1733865">
        <ele>115</ele>
      </trkpt>
      <trkpt lat="54.6807544" lon="25.1733877">
        <ele>115</ele>
      </trkpt>
      <trkpt lat="54.6807169" lon="25.1733889">
        <ele>115</ele>
      </trkpt>
      <trkpt lat="54.6806751" lon="25.1733889">
        <ele>114</ele>
      </trkpt>
      <trkpt lat="54.6806334" lon="25.1733889">
        <ele>114</ele>
      </trkpt>
      <trkpt lat="54.6805935" lon="25.1733838">
        <ele>114</ele>
      </trkpt>
      <trkpt lat="54.6805537" lon="25.1733788">
        <ele>114</ele>
      </trkpt>
      <trkpt lat="54.68052" lon="25.1733677">
        <ele>114</ele>
      </trkpt>
      <trkpt lat="54.6804864" lon="25.1733567">
        <ele>114</ele>
      </trkpt>
      <trkpt lat="54.6804574" lon="25.1733433">
        <ele>114</ele>
      </trkpt>
      <trkpt lat="54.6804285" lon="25.1733299">
        <ele>114</ele>
      </trkpt>
      <trkpt lat="54.6804006" lon="25.1733135">
        <ele>114</ele>
      </trkpt>
      <trkpt lat="54.6803727" lon="25.1732971">
        <ele>114</ele>
      </trkpt>
      <trkpt lat="54.6803434" lon="25.1732785">
        <ele>113</ele>
      </trkpt>
      <trkpt lat="54.6803142" lon="25.1732599">
        <ele>113</ele>
      </trkpt>
      <trkpt lat="54.6802828" lon="25.1732392">
        <ele>113</ele>
      </trkpt>
      <trkpt lat="54.6802514" lon="25.1732185">
        <ele>113</ele>
      </trkpt>
      <trkpt lat="54.6802175" lon="25.1731976">
        <ele>113</ele>
      </trkpt>
      <trkpt lat="54.6801837" lon="25.1731767">
        <ele>112</ele>
      </trkpt>
      <trkpt lat="54.6801473" lon="25.1731551">
        <ele>112</ele>
      </trkpt>
      <trkpt lat="54.680111" lon="25.1731336">
        <ele>112</ele>
      </trkpt>
      <trkpt lat="54.6800746" lon="25.1731136">
        <ele>112</ele>
      </trkpt>
      <trkpt lat="54.6800383" lon="25.1730936">
        <ele>112</ele>
      </trkpt>
      <trkpt lat="54.6800074" lon="25.1730785">
        <ele>112</ele>
      </trkpt>
      <trkpt lat="54.6799765" lon="25.1730634">
        <ele>112</ele>
      </trkpt>
      <trkpt lat="54.6799507" lon="25.1730531">
        <ele>112</ele>
      </trkpt>
      <trkpt lat="54.6799249" lon="25.1730428">
        <ele>112</ele>
      </trkpt>
      <trkpt lat="54.6799019" lon="25.1730341">
        <ele>112</ele>
      </trkpt>
      <trkpt lat="54.6798789" lon="25.1730254">
        <ele>112</ele>
      </trkpt>
      <trkpt lat="54.6798572" lon="25.1730162">
        <ele>112</ele>
      </trkpt>
      <trkpt lat="54.6798356" lon="25.1730071">
        <ele>112</ele>
      </trkpt>
      <trkpt lat="54.6798154" lon="25.1729968">
        <ele>112</ele>
      </trkpt>
      <trkpt lat="54.6797952" lon="25.1729866">
        <ele>113</ele>
      </trkpt>
      <trkpt lat="54.6797742" lon="25.172976">
        <ele>113</ele>
      </trkpt>
      <trkpt lat="54.6797533" lon="25.1729655">
        <ele>113</ele>
      </trkpt>
      <trkpt lat="54.6797284" lon="25.1729559">
        <ele>113</ele>
      </trkpt>
      <trkpt lat="54.6797036" lon="25.1729463">
        <ele>113</ele>
      </trkpt>
      <trkpt lat="54.6796754" lon="25.1729366">
        <ele>114</ele>
      </trkpt>
      <trkpt lat="54.6796473" lon="25.1729269">
        <ele>114</ele>
      </trkpt>
      <trkpt lat="54.6796183" lon="25.1729155">
        <ele>114</ele>
      </trkpt>
      <trkpt lat="54.6795893" lon="25.1729042">
        <ele>114</ele>
      </trkpt>
      <trkpt lat="54.6795603" lon="25.1728906">
        <ele>114</ele>
      </trkpt>
      <trkpt lat="54.6795314" lon="25.1728771">
        <ele>115</ele>
      </trkpt>
      <trkpt lat="54.6795023" lon="25.172862">
        <ele>115</ele>
      </trkpt>
      <trkpt lat="54.6794732" lon="25.1728469">
        <ele>115</ele>
      </trkpt>
      <trkpt lat="54.6794441" lon="25.1728327">
        <ele>115</ele>
      </trkpt>
      <trkpt lat="54.6794151" lon="25.1728185">
        <ele>115</ele>
      </trkpt>
      <trkpt lat="54.6793856" lon="25.1728044">
        <ele>115</ele>
      </trkpt>
      <trkpt lat="54.6793561" lon="25.1727903">
        <ele>115</ele>
      </trkpt>
      <trkpt lat="54.6793265" lon="25.172776">
        <ele>115</ele>
      </trkpt>
      <trkpt lat="54.679297" lon="25.1727618">
        <ele>115</ele>
      </trkpt>
      <trkpt lat="54.6792667" lon="25.1727461">
        <ele>115</ele>
      </trkpt>
      <trkpt lat="54.6792364" lon="25.1727305">
        <ele>115</ele>
      </trkpt>
      <trkpt lat="54.679208" lon="25.172715">
        <ele>114</ele>
      </trkpt>
      <trkpt lat="54.6791796" lon="25.1726996">
        <ele>114</ele>
      </trkpt>
      <trkpt lat="54.6791575" lon="25.17269">
        <ele>114</ele>
      </trkpt>
      <trkpt lat="54.6791355" lon="25.1726805">
        <ele>114</ele>
      </trkpt>
      <trkpt lat="54.6791142" lon="25.1726737">
        <ele>114</ele>
      </trkpt>
      <trkpt lat="54.6790929" lon="25.172667">
        <ele>113</ele>
      </trkpt>
      <trkpt lat="54.6790666" lon="25.1726578">
        <ele>113</ele>
      </trkpt>
      <trkpt lat="54.6790403" lon="25.1726486">
        <ele>112</ele>
      </trkpt>
      <trkpt lat="54.6790081" lon="25.1726376">
        <ele>112</ele>
      </trkpt>
      <trkpt lat="54.678976" lon="25.1726266">
        <ele>112</ele>
      </trkpt>
      <trkpt lat="54.6789406" lon="25.1726148">
        <ele>111</ele>
      </trkpt>
      <trkpt lat="54.6789052" lon="25.172603">
        <ele>111</ele>
      </trkpt>
      <trkpt lat="54.6788683" lon="25.1725905">
        <ele>110</ele>
      </trkpt>
      <trkpt lat="54.6788315" lon="25.1725781">
        <ele>110</ele>
      </trkpt>
      <trkpt lat="54.6787946" lon="25.1725665">
        <ele>110</ele>
      </trkpt>
      <trkpt lat="54.6787577" lon="25.172555">
        <ele>109</ele>
      </trkpt>
      <trkpt lat="54.6787218" lon="25.1725449">
        <ele>109</ele>
      </trkpt>
      <trkpt lat="54.6786859" lon="25.1725349">
        <ele>108</ele>
      </trkpt>
      <trkpt lat="54.6786508" lon="25.1725278">
        <ele>108</ele>
      </trkpt>
      <trkpt lat="54.6786157" lon="25.1725207">
        <ele>108</ele>
      </trkpt>
      <trkpt lat="54.6785813" lon="25.172517">
        <ele>107</ele>
      </trkpt>
      <trkpt lat="54.6785469" lon="25.1725133">
        <ele>107</ele>
      </trkpt>
      <trkpt lat="54.6785129" lon="25.1725129">
        <ele>107</ele>
      </trkpt>
      <trkpt lat="54.6784789" lon="25.1725125">
        <ele>107</ele>
      </trkpt>
      <trkpt lat="54.6784446" lon="25.1725115">
        <ele>107</ele>
      </trkpt>
      <trkpt lat="54.6784104" lon="25.1725105">
        <ele>106</ele>
      </trkpt>
      <trkpt lat="54.6783764" lon="25.1725037">
        <ele>106</ele>
      </trkpt>
      <trkpt lat="54.6783425" lon="25.1724969">
        <ele>105</ele>
      </trkpt>
      <trkpt lat="54.6783091" lon="25.1724827">
        <ele>105</ele>
      </trkpt>
      <trkpt lat="54.6782758" lon="25.1724686">
        <ele>105</ele>
      </trkpt>
      <trkpt lat="54.6782425" lon="25.1724518">
        <ele>104</ele>
      </trkpt>
      <trkpt lat="54.6782092" lon="25.1724351">
        <ele>104</ele>
      </trkpt>
      <trkpt lat="54.6781748" lon="25.1724228">
        <ele>104</ele>
      </trkpt>
      <trkpt lat="54.6781405" lon="25.1724105">
        <ele>104</ele>
      </trkpt>
      <trkpt lat="54.6781061" lon="25.1724079">
        <ele>104</ele>
      </trkpt>
      <trkpt lat="54.6780718" lon="25.1724054">
        <ele>103</ele>
      </trkpt>
      <trkpt lat="54.6780385" lon="25.1724145">
        <ele>103</ele>
      </trkpt>
      <trkpt lat="54.6780053" lon="25.1724237">
        <ele>102</ele>
      </trkpt>
      <trkpt lat="54.6779724" lon="25.1724401">
        <ele>102</ele>
      </trkpt>
      <trkpt lat="54.6779396" lon="25.1724566">
        <ele>102</ele>
      </trkpt>
      <trkpt lat="54.6779069" lon="25.172465">
        <ele>101</ele>
      </trkpt>
      <trkpt lat="54.6778743" lon="25.1724734">
        <ele>101</ele>
      </trkpt>
      <trkpt lat="54.6778415" lon="25.1724708">
        <ele>101</ele>
      </trkpt>
      <trkpt lat="54.6778087" lon="25.1724682">
        <ele>101</ele>
      </trkpt>
      <trkpt lat="54.6777767" lon="25.1724633">
        <ele>101</ele>
      </trkpt>
      <trkpt lat="54.6777447" lon="25.1724585">
        <ele>100</ele>
      </trkpt>
      <trkpt lat="54.677716" lon="25.1724645">
        <ele>100</ele>
      </trkpt>
      <trkpt lat="54.6776873" lon="25.1724706">
        <ele>100</ele>
      </trkpt>
      <trkpt lat="54.6776678" lon="25.172496">
        <ele>100</ele>
      </trkpt>
      <trkpt lat="54.6776484" lon="25.1725215">
        <ele>100</ele>
      </trkpt>
      <trkpt lat="54.6776377" lon="25.1725651">
        <ele>99</ele>
      </trkpt>
      <trkpt lat="54.6776271" lon="25.1726087">
        <ele>99</ele>
      </trkpt>
      <trkpt lat="54.6776188" lon="25.1726613">
        <ele>99</ele>
      </trkpt>
      <trkpt lat="54.6776106" lon="25.172714">
        <ele>99</ele>
      </trkpt>
      <trkpt lat="54.677598" lon="25.1727635">
        <ele>99</ele>
      </trkpt>
      <trkpt lat="54.6775855" lon="25.172813">
        <ele>99</ele>
      </trkpt>
      <trkpt lat="54.6775655" lon="25.1728468">
        <ele>99</ele>
      </trkpt>
      <trkpt lat="54.6775456" lon="25.1728806">
        <ele>99</ele>
      </trkpt>
      <trkpt lat="54.677521" lon="25.1728956">
        <ele>99</ele>
      </trkpt>
      <trkpt lat="54.6774965" lon="25.1729106">
        <ele>99</ele>
      </trkpt>
      <trkpt lat="54.6774703" lon="25.1729137">
        <ele>99</ele>
      </trkpt>
      <trkpt lat="54.6774441" lon="25.1729168">
        <ele>99</ele>
      </trkpt>
      <trkpt lat="54.6774178" lon="25.1729195">
        <ele>99</ele>
      </trkpt>
      <trkpt lat="54.6773915" lon="25.1729222">
        <ele>99</ele>
      </trkpt>
      <trkpt lat="54.6773666" lon="25.1729335">
        <ele>99</ele>
      </trkpt>
      <trkpt lat="54.6773417" lon="25.1729448">
        <ele>99</ele>
      </trkpt>
      <trkpt lat="54.6773188" lon="25.1729671">
        <ele>99</ele>
      </trkpt>
      <trkpt lat="54.677296" lon="25.1729895">
        <ele>99</ele>
      </trkpt>
      <trkpt lat="54.6772751" lon="25.1730191">
        <ele>99</ele>
      </trkpt>
      <trkpt lat="54.6772543" lon="25.1730487">
        <ele>99</ele>
      </trkpt>
      <trkpt lat="54.6772347" lon="25.1730808">
        <ele>99</ele>
      </trkpt>
      <trkpt lat="54.6772152" lon="25.1731129">
        <ele>99</ele>
      </trkpt>
      <trkpt lat="54.6771969" lon="25.1731458">
        <ele>99</ele>
      </trkpt>
      <trkpt lat="54.6771786" lon="25.1731787">
        <ele>99</ele>
      </trkpt>
      <trkpt lat="54.6771621" lon="25.1732147">
        <ele>99</ele>
      </trkpt>
      <trkpt lat="54.6771457" lon="25.1732508">
        <ele>99</ele>
      </trkpt>
      <trkpt lat="54.6771333" lon="25.1732916">
        <ele>99</ele>
      </trkpt>
      <trkpt lat="54.677121" lon="25.1733324">
        <ele>99</ele>
      </trkpt>
      <trkpt lat="54.677113" lon="25.1733749">
        <ele>99</ele>
      </trkpt>
      <trkpt lat="54.6771051" lon="25.1734175">
        <ele>100</ele>
      </trkpt>
      <trkpt lat="54.6770995" lon="25.1734606">
        <ele>100</ele>
      </trkpt>
      <trkpt lat="54.6770939" lon="25.1735038">
        <ele>100</ele>
      </trkpt>
      <trkpt lat="54.6770882" lon="25.1735466">
        <ele>100</ele>
      </trkpt>
      <trkpt lat="54.6770826" lon="25.1735894">
        <ele>100</ele>
      </trkpt>
      <trkpt lat="54.6770759" lon="25.1736325">
        <ele>100</ele>
      </trkpt>
      <trkpt lat="54.6770692" lon="25.1736756">
        <ele>100</ele>
      </trkpt>
      <trkpt lat="54.6770614" lon="25.1737197">
        <ele>100</ele>
      </trkpt>
      <trkpt lat="54.6770537" lon="25.1737638">
        <ele>100</ele>
      </trkpt>
      <trkpt lat="54.6770452" lon="25.1738092">
        <ele>100</ele>
      </trkpt>
      <trkpt lat="54.6770367" lon="25.1738546">
        <ele>101</ele>
      </trkpt>
      <trkpt lat="54.6770289" lon="25.1739006">
        <ele>101</ele>
      </trkpt>
      <trkpt lat="54.6770212" lon="25.1739467">
        <ele>101</ele>
      </trkpt>
      <trkpt lat="54.67701679612679" lon="25.173992793874913">
        <ele>101</ele>
      </trkpt>
      <trkpt lat="54.67701679612679" lon="25.173992793874913">
        <ele>108.3486983805335</ele>
      </trkpt>
      <trkpt lat="54.67696102304326" lon="25.1747644986192">
        <ele>111.4795296804992</ele>
      </trkpt>
      <trkpt lat="54.676956" lon="25.174834">
        <ele>111.72245461330816</ele>
      </trkpt>
      <trkpt lat="54.676953305627904" lon="25.17491026180062">
        <ele>111.98900892618114</ele>
      </trkpt>
      <trkpt lat="54.67694950900735" lon="25.17513570486338">
        <ele>112.77698954269391</ele>
      </trkpt>
      <trkpt lat="54.67694950900735" lon="25.17513570486338">
        <ele>98.10551056322694</ele>
      </trkpt>
      <trkpt lat="54.676983" lon="25.176343">
        <ele>102</ele>
      </trkpt>
      <trkpt lat="54.676953" lon="25.177758">
        <ele>106</ele>
      </trkpt>
      <trkpt lat="54.676887" lon="25.178211">
        <ele>112</ele>
      </trkpt>
      <trkpt lat="54.676891" lon="25.178745">
        <ele>120</ele>
      </trkpt>
      <trkpt lat="54.67676" lon="25.180082">
        <ele>137</ele>
      </trkpt>
      <trkpt lat="54.676788" lon="25.181094">
        <ele>140</ele>
      </trkpt>
      <trkpt lat="54.676752" lon="25.182006">
        <ele>141</ele>
      </trkpt>
      <trkpt lat="54.676666" lon="25.18209">
        <ele>141</ele>
      </trkpt>
      <trkpt lat="54.67647" lon="25.182105">
        <ele>139</ele>
      </trkpt>
      <trkpt lat="54.676187" lon="25.1815">
        <ele>137</ele>
      </trkpt>
      <trkpt lat="54.675992" lon="25.181481">
        <ele>137</ele>
      </trkpt>
      <trkpt lat="54.675857" lon="25.181418">
        <ele>136</ele>
      </trkpt>
      <trkpt lat="54.675814" lon="25.180904">
        <ele>132</ele>
      </trkpt>
      <trkpt lat="54.675745" lon="25.18074">
        <ele>130</ele>
      </trkpt>
      <trkpt lat="54.675372" lon="25.180458">
        <ele>119</ele>
      </trkpt>
      <trkpt lat="54.675273" lon="25.180326">
        <ele>117</ele>
      </trkpt>
      <trkpt lat="54.674999" lon="25.180107">
        <ele>110</ele>
      </trkpt>
      <trkpt lat="54.674892" lon="25.179955">
        <ele>108</ele>
      </trkpt>
      <trkpt lat="54.674831" lon="25.1799779">
        <ele>107</ele>
      </trkpt>
      <trkpt lat="54.6739596" lon="25.1818979">
        <ele>107</ele>
      </trkpt>
      <trkpt lat="54.6738533" lon="25.1818983">
        <ele>127</ele>
      </trkpt>
      <trkpt lat="54.6738" lon="25.1819466">
        <ele>127</ele>
      </trkpt>
      <trkpt lat="54.6737166" lon="25.1822383">
        <ele>126</ele>
      </trkpt>
      <trkpt lat="54.6735083" lon="25.1825866">
        <ele>123</ele>
      </trkpt>
      <trkpt lat="54.6734933" lon="25.1827216">
        <ele>123</ele>
      </trkpt>
      <trkpt lat="54.6732816" lon="25.1828716">
        <ele>121</ele>
      </trkpt>
      <trkpt lat="54.6731516" lon="25.1831266">
        <ele>120</ele>
      </trkpt>
      <trkpt lat="54.6729883" lon="25.183935">
        <ele>120</ele>
      </trkpt>
      <trkpt lat="54.6730166" lon="25.1841149">
        <ele>118</ele>
      </trkpt>
      <trkpt lat="54.673235" lon="25.1843883">
        <ele>116</ele>
      </trkpt>
      <trkpt lat="54.6732866" lon="25.184635">
        <ele>116</ele>
      </trkpt>
      <trkpt lat="54.6733796" lon="25.1847759">
        <ele>109</ele>
      </trkpt>
      <trkpt lat="54.673453" lon="25.185021">
        <ele>110</ele>
      </trkpt>
      <trkpt lat="54.673468" lon="25.185337">
        <ele>110</ele>
      </trkpt>
      <trkpt lat="54.673319" lon="25.185473">
        <ele>110</ele>
      </trkpt>
      <trkpt lat="54.673238" lon="25.185433">
        <ele>110</ele>
      </trkpt>
      <trkpt lat="54.673028" lon="25.185058">
        <ele>109</ele>
      </trkpt>
      <trkpt lat="54.672926" lon="25.185006">
        <ele>109</ele>
      </trkpt>
      <trkpt lat="54.672773" lon="25.185034">
        <ele>107</ele>
      </trkpt>
      <trkpt lat="54.67273" lon="25.185006">
        <ele>106</ele>
      </trkpt>
      <trkpt lat="54.67261" lon="25.184711">
        <ele>105</ele>
      </trkpt>
      <trkpt lat="54.672256" lon="25.184649">
        <ele>92</ele>
      </trkpt>
      <trkpt lat="54.671996" lon="25.184158">
        <ele>86</ele>
      </trkpt>
      <trkpt lat="54.67187" lon="25.184035">
        <ele>85</ele>
      </trkpt>
      <trkpt lat="54.671575" lon="25.183963">
        <ele>83</ele>
      </trkpt>
      <trkpt lat="54.671117" lon="25.184186">
        <ele>78</ele>
      </trkpt>
      <trkpt lat="54.670837" lon="25.184271">
        <ele>78</ele>
      </trkpt>
      <trkpt lat="54.670749" lon="25.184206">
        <ele>78</ele>
      </trkpt>
      <trkpt lat="54.670589" lon="25.183841">
        <ele>77</ele>
      </trkpt>
      <trkpt lat="54.670407" lon="25.183625">
        <ele>77</ele>
      </trkpt>
      <trkpt lat="54.669699" lon="25.183781">
        <ele>78</ele>
      </trkpt>
      <trkpt lat="54.669444" lon="25.183659">
        <ele>79</ele>
      </trkpt>
      <trkpt lat="54.669042" lon="25.183364">
        <ele>79</ele>
      </trkpt>
      <trkpt lat="54.668679" lon="25.182973">
        <ele>79</ele>
      </trkpt>
      <trkpt lat="54.66851" lon="25.182723">
        <ele>79</ele>
      </trkpt>
      <trkpt lat="54.668232" lon="25.182499">
        <ele>79</ele>
      </trkpt>
      <trkpt lat="54.667553" lon="25.181693">
        <ele>78</ele>
      </trkpt>
      <trkpt lat="54.667237" lon="25.181384">
        <ele>79</ele>
      </trkpt>
      <trkpt lat="54.666991" lon="25.181057">
        <ele>79</ele>
      </trkpt>
      <trkpt lat="54.666822" lon="25.180917">
        <ele>78</ele>
      </trkpt>
      <trkpt lat="54.66664" lon="25.180644">
        <ele>78</ele>
      </trkpt>
      <trkpt lat="54.666418" lon="25.180433">
        <ele>78</ele>
      </trkpt>
      <trkpt lat="54.665951" lon="25.1795459">
        <ele>78</ele>
      </trkpt>
      <trkpt lat="54.66453" lon="25.17725">
        <ele>78</ele>
      </trkpt>
      <trkpt lat="54.664147" lon="25.176718">
        <ele>78</ele>
      </trkpt>
      <trkpt lat="54.663738" lon="25.1762659">
        <ele>78</ele>
      </trkpt>
      <trkpt lat="54.663528" lon="25.17621">
        <ele>78</ele>
      </trkpt>
      <trkpt lat="54.662859" lon="25.176381">
        <ele>78</ele>
      </trkpt>
      <trkpt lat="54.662481" lon="25.176374">
        <ele>79</ele>
      </trkpt>
      <trkpt lat="54.661989" lon="25.17657">
        <ele>79</ele>
      </trkpt>
      <trkpt lat="54.661682" lon="25.1765979">
        <ele>80</ele>
      </trkpt>
      <trkpt lat="54.661364" lon="25.176703">
        <ele>80</ele>
      </trkpt>
      <trkpt lat="54.660893" lon="25.177002">
        <ele>81</ele>
      </trkpt>
      <trkpt lat="54.660562" lon="25.177102">
        <ele>80</ele>
      </trkpt>
      <trkpt lat="54.659698" lon="25.177093">
        <ele>77</ele>
      </trkpt>
      <trkpt lat="54.659191" lon="25.1774099">
        <ele>77</ele>
      </trkpt>
      <trkpt lat="54.658756" lon="25.1775309">
        <ele>77</ele>
      </trkpt>
      <trkpt lat="54.658421" lon="25.178076">
        <ele>78</ele>
      </trkpt>
      <trkpt lat="54.658323" lon="25.178314">
        <ele>78</ele>
      </trkpt>
      <trkpt lat="54.658124" lon="25.179153">
        <ele>80</ele>
      </trkpt>
      <trkpt lat="54.658084" lon="25.179527">
        <ele>80</ele>
      </trkpt>
      <trkpt lat="54.658112" lon="25.180332">
        <ele>82</ele>
      </trkpt>
      <trkpt lat="54.658082" lon="25.180863">
        <ele>83</ele>
      </trkpt>
      <trkpt lat="54.658147" lon="25.181143">
        <ele>86</ele>
      </trkpt>
      <trkpt lat="54.658066" lon="25.181802">
        <ele>90</ele>
      </trkpt>
      <trkpt lat="54.65808" lon="25.18315">
        <ele>91</ele>
      </trkpt>
      <trkpt lat="54.658184" lon="25.183984">
        <ele>93</ele>
      </trkpt>
      <trkpt lat="54.658177" lon="25.185652">
        <ele>94</ele>
      </trkpt>
      <trkpt lat="54.658246" lon="25.185925">
        <ele>94</ele>
      </trkpt>
      <trkpt lat="54.65843" lon="25.186291">
        <ele>94</ele>
      </trkpt>
      <trkpt lat="54.658451" lon="25.186453">
        <ele>93</ele>
      </trkpt>
      <trkpt lat="54.65841" lon="25.186494">
        <ele>93</ele>
      </trkpt>
      <trkpt lat="54.658054" lon="25.186495">
        <ele>90</ele>
      </trkpt>
      <trkpt lat="54.657661" lon="25.186653">
        <ele>83</ele>
      </trkpt>
      <trkpt lat="54.657439" lon="25.187801">
        <ele>78</ele>
      </trkpt>
      <trkpt lat="54.657433" lon="25.188138">
        <ele>78</ele>
      </trkpt>
      <trkpt lat="54.657234" lon="25.1891">
        <ele>78</ele>
      </trkpt>
      <trkpt lat="54.656864" lon="25.190347">
        <ele>78</ele>
      </trkpt>
      <trkpt lat="54.656502" lon="25.1909439">
        <ele>78</ele>
      </trkpt>
      <trkpt lat="54.656204" lon="25.191287">
        <ele>78</ele>
      </trkpt>
      <trkpt lat="54.656146" lon="25.191332">
        <ele>78</ele>
      </trkpt>
      <trkpt lat="54.656146" lon="25.191332">
        <ele>78</ele>
      </trkpt>
      <trkpt lat="54.656146" lon="25.191332">
        <ele>84.5878357545509</ele>
      </trkpt>
      <trkpt lat="54.65608586288246" lon="25.19145006993861">
        <ele>84.62341058186752</ele>
      </trkpt>
      <trkpt lat="54.65608586288246" lon="25.19145006993861">
        <ele>84.62341058186752</ele>
      </trkpt>
      <trkpt lat="54.65601856234264" lon="25.191630596919083">
        <ele>84.78868796937249</ele>
      </trkpt>
      <trkpt lat="54.65601856234264" lon="25.191630596919083">
        <ele>84.78868796937249</ele>
      </trkpt>
      <trkpt lat="54.65591529060805" lon="25.19177903021361">
        <ele>84.56870225970658</ele>
      </trkpt>
      <trkpt lat="54.65591529060805" lon="25.19177903021361">
        <ele>84.56870225970658</ele>
      </trkpt>
      <trkpt lat="54.65588280056974" lon="25.19184121172981">
        <ele>84.57611703704384</ele>
      </trkpt>
      <trkpt lat="54.65588280056974" lon="25.19184121172981">
        <ele>84.57611703704384</ele>
      </trkpt>
      <trkpt lat="54.65584566906563" lon="25.191923451797805">
        <ele>84.59988427905868</ele>
      </trkpt>
      <trkpt lat="54.65584566906563" lon="25.191923451797805">
        <ele>84.59988427905868</ele>
      </trkpt>
      <trkpt lat="54.65580273572155" lon="25.19196557476016">
        <ele>84.54994115782931</ele>
      </trkpt>
      <trkpt lat="54.65580273572155" lon="25.19196557476016">
        <ele>84.54994115782931</ele>
      </trkpt>
      <trkpt lat="54.65576444378206" lon="25.191971592326183">
        <ele>84.47983143248166</ele>
      </trkpt>
      <trkpt lat="54.65576444378206" lon="25.191971592326183">
        <ele>84.47983143248166</ele>
      </trkpt>
      <trkpt lat="54.65571918962516" lon="25.191949527917643">
        <ele>84.40448525780248</ele>
      </trkpt>
      <trkpt lat="54.65571918962516" lon="25.191949527917643">
        <ele>84.40448525780248</ele>
      </trkpt>
      <trkpt lat="54.65567161468775" lon="25.191895369823243">
        <ele>84.28542145309142</ele>
      </trkpt>
      <trkpt lat="54.6556373054732" lon="25.191893300708735">
        <ele>84.28301075995071</ele>
      </trkpt>
      <trkpt lat="54.6556373054732" lon="25.191893300708735">
        <ele>77</ele>
      </trkpt>
      <trkpt lat="54.65551" lon="25.19207">
        <ele>77</ele>
      </trkpt>
      <trkpt lat="54.655394" lon="25.192491">
        <ele>78</ele>
      </trkpt>
      <trkpt lat="54.65496" lon="25.19324">
        <ele>77</ele>
      </trkpt>
      <trkpt lat="54.654915" lon="25.193529">
        <ele>79</ele>
      </trkpt>
      <trkpt lat="54.654521" lon="25.194274">
        <ele>77</ele>
      </trkpt>
      <trkpt lat="54.654291" lon="25.194947">
        <ele>77</ele>
      </trkpt>
      <trkpt lat="54.65409" lon="25.195849">
        <ele>77</ele>
      </trkpt>
      <trkpt lat="54.653381" lon="25.198097">
        <ele>78</ele>
      </trkpt>
      <trkpt lat="54.6533655" lon="25.1981063">
        <ele>72</ele>
      </trkpt>
      <trkpt lat="54.6533609" lon="25.1981153">
        <ele>72</ele>
      </trkpt>
      <trkpt lat="54.6533564" lon="25.1981243">
        <ele>72</ele>
      </trkpt>
      <trkpt lat="54.6533529" lon="25.1981325">
        <ele>72</ele>
      </trkpt>
      <trkpt lat="54.6533495" lon="25.1981408">
        <ele>72</ele>
      </trkpt>
      <trkpt lat="54.6533466" lon="25.1981602">
        <ele>72</ele>
      </trkpt>
      <trkpt lat="54.6533438" lon="25.1981797">
        <ele>72</ele>
      </trkpt>
      <trkpt lat="54.6533376" lon="25.1982142">
        <ele>72</ele>
      </trkpt>
      <trkpt lat="54.6533314" lon="25.1982488">
        <ele>72</ele>
      </trkpt>
      <trkpt lat="54.6533227" lon="25.1982889">
        <ele>72</ele>
      </trkpt>
      <trkpt lat="54.6533141" lon="25.198329">
        <ele>72</ele>
      </trkpt>
      <trkpt lat="54.6533055" lon="25.1983688">
        <ele>72</ele>
      </trkpt>
      <trkpt lat="54.6532969" lon="25.1984086">
        <ele>72</ele>
      </trkpt>
      <trkpt lat="54.6532878" lon="25.198448">
        <ele>72</ele>
      </trkpt>
      <trkpt lat="54.6532787" lon="25.1984874">
        <ele>72</ele>
      </trkpt>
      <trkpt lat="54.6532689" lon="25.1985213">
        <ele>72</ele>
      </trkpt>
      <trkpt lat="54.6532591" lon="25.1985552">
        <ele>73</ele>
      </trkpt>
      <trkpt lat="54.6532476" lon="25.1985849">
        <ele>73</ele>
      </trkpt>
      <trkpt lat="54.6532361" lon="25.1986146">
        <ele>73</ele>
      </trkpt>
      <trkpt lat="54.6532229" lon="25.1986428">
        <ele>73</ele>
      </trkpt>
      <trkpt lat="54.6532098" lon="25.198671">
        <ele>73</ele>
      </trkpt>
      <trkpt lat="54.6531949" lon="25.1987046">
        <ele>73</ele>
      </trkpt>
      <trkpt lat="54.65318" lon="25.1987382">
        <ele>73</ele>
      </trkpt>
      <trkpt lat="54.6531644" lon="25.1987766">
        <ele>73</ele>
      </trkpt>
      <trkpt lat="54.6531489" lon="25.198815">
        <ele>73</ele>
      </trkpt>
      <trkpt lat="54.6531333" lon="25.1988532">
        <ele>73</ele>
      </trkpt>
      <trkpt lat="54.6531177" lon="25.1988914">
        <ele>73</ele>
      </trkpt>
      <trkpt lat="54.6531037" lon="25.1989253">
        <ele>73</ele>
      </trkpt>
      <trkpt lat="54.6530897" lon="25.1989592">
        <ele>73</ele>
      </trkpt>
      <trkpt lat="54.6530761" lon="25.1989892">
        <ele>73</ele>
      </trkpt>
      <trkpt lat="54.6530626" lon="25.1990193">
        <ele>73</ele>
      </trkpt>
      <trkpt lat="54.6530478" lon="25.1990465">
        <ele>73</ele>
      </trkpt>
      <trkpt lat="54.6530331" lon="25.1990737">
        <ele>73</ele>
      </trkpt>
      <trkpt lat="54.653019" lon="25.1991009">
        <ele>73</ele>
      </trkpt>
      <trkpt lat="54.653005" lon="25.1991281">
        <ele>73</ele>
      </trkpt>
      <trkpt lat="54.6529918" lon="25.1991561">
        <ele>73</ele>
      </trkpt>
      <trkpt lat="54.6529786" lon="25.1991841">
        <ele>73</ele>
      </trkpt>
      <trkpt lat="54.6529647" lon="25.1992155">
        <ele>72</ele>
      </trkpt>
      <trkpt lat="54.6529508" lon="25.1992469">
        <ele>72</ele>
      </trkpt>
      <trkpt lat="54.6529366" lon="25.1992817">
        <ele>72</ele>
      </trkpt>
      <trkpt lat="54.6529224" lon="25.1993165">
        <ele>72</ele>
      </trkpt>
      <trkpt lat="54.6529096" lon="25.1993494">
        <ele>72</ele>
      </trkpt>
      <trkpt lat="54.6528969" lon="25.1993824">
        <ele>72</ele>
      </trkpt>
      <trkpt lat="54.6528844" lon="25.1994099">
        <ele>72</ele>
      </trkpt>
      <trkpt lat="54.6528719" lon="25.1994375">
        <ele>72</ele>
      </trkpt>
      <trkpt lat="54.6528604" lon="25.1994646">
        <ele>72</ele>
      </trkpt>
      <trkpt lat="54.6528489" lon="25.1994918">
        <ele>73</ele>
      </trkpt>
      <trkpt lat="54.6528378" lon="25.1995204">
        <ele>73</ele>
      </trkpt>
      <trkpt lat="54.6528268" lon="25.1995491">
        <ele>73</ele>
      </trkpt>
      <trkpt lat="54.6528125" lon="25.1995813">
        <ele>73</ele>
      </trkpt>
      <trkpt lat="54.6527983" lon="25.1996136">
        <ele>73</ele>
      </trkpt>
      <trkpt lat="54.6527803" lon="25.1996445">
        <ele>73</ele>
      </trkpt>
      <trkpt lat="54.6527623" lon="25.1996755">
        <ele>73</ele>
      </trkpt>
      <trkpt lat="54.6527419" lon="25.1997005">
        <ele>73</ele>
      </trkpt>
      <trkpt lat="54.6527215" lon="25.1997255">
        <ele>73</ele>
      </trkpt>
      <trkpt lat="54.6527033" lon="25.199748">
        <ele>73</ele>
      </trkpt>
      <trkpt lat="54.6526851" lon="25.1997705">
        <ele>73</ele>
      </trkpt>
      <trkpt lat="54.6526736" lon="25.1997881">
        <ele>73</ele>
      </trkpt>
      <trkpt lat="54.6526621" lon="25.1998057">
        <ele>73</ele>
      </trkpt>
      <trkpt lat="54.6526615" lon="25.1998205">
        <ele>73</ele>
      </trkpt>
      <trkpt lat="54.652661" lon="25.1998353">
        <ele>73</ele>
      </trkpt>
      <trkpt lat="54.6526649" lon="25.1998505">
        <ele>73</ele>
      </trkpt>
      <trkpt lat="54.6526689" lon="25.1998658">
        <ele>73</ele>
      </trkpt>
      <trkpt lat="54.652673" lon="25.1998836">
        <ele>73</ele>
      </trkpt>
      <trkpt lat="54.6526771" lon="25.1999015">
        <ele>73</ele>
      </trkpt>
      <trkpt lat="54.6526798" lon="25.1999217">
        <ele>73</ele>
      </trkpt>
      <trkpt lat="54.6526825" lon="25.199942">
        <ele>73</ele>
      </trkpt>
      <trkpt lat="54.6526841" lon="25.1999626">
        <ele>73</ele>
      </trkpt>
      <trkpt lat="54.6526857" lon="25.1999832">
        <ele>73</ele>
      </trkpt>
      <trkpt lat="54.6526884" lon="25.2000024">
        <ele>73</ele>
      </trkpt>
      <trkpt lat="54.6526912" lon="25.2000216">
        <ele>73</ele>
      </trkpt>
      <trkpt lat="54.6526944" lon="25.2000391">
        <ele>74</ele>
      </trkpt>
      <trkpt lat="54.6526977" lon="25.2000567">
        <ele>74</ele>
      </trkpt>
      <trkpt lat="54.6527008" lon="25.2000751">
        <ele>74</ele>
      </trkpt>
      <trkpt lat="54.652704" lon="25.2000936">
        <ele>75</ele>
      </trkpt>
      <trkpt lat="54.6527048" lon="25.200105">
        <ele>75</ele>
      </trkpt>
      <trkpt lat="54.6527056" lon="25.2001165">
        <ele>76</ele>
      </trkpt>
      <trkpt lat="54.6527043" lon="25.2001366">
        <ele>76</ele>
      </trkpt>
      <trkpt lat="54.6527031" lon="25.2001568">
        <ele>76</ele>
      </trkpt>
      <trkpt lat="54.6527016" lon="25.2001742">
        <ele>76</ele>
      </trkpt>
      <trkpt lat="54.6527001" lon="25.2001916">
        <ele>76</ele>
      </trkpt>
      <trkpt lat="54.652701" lon="25.2002072">
        <ele>77</ele>
      </trkpt>
      <trkpt lat="54.652702" lon="25.2002229">
        <ele>77</ele>
      </trkpt>
      <trkpt lat="54.6527064" lon="25.200238">
        <ele>77</ele>
      </trkpt>
      <trkpt lat="54.6527108" lon="25.2002531">
        <ele>78</ele>
      </trkpt>
      <trkpt lat="54.6527195" lon="25.2002656">
        <ele>78</ele>
      </trkpt>
      <trkpt lat="54.6527283" lon="25.2002781">
        <ele>79</ele>
      </trkpt>
      <trkpt lat="54.6527386" lon="25.2002866">
        <ele>79</ele>
      </trkpt>
      <trkpt lat="54.652749" lon="25.2002952">
        <ele>79</ele>
      </trkpt>
      <trkpt lat="54.6527583" lon="25.2003004">
        <ele>80</ele>
      </trkpt>
      <trkpt lat="54.6527677" lon="25.2003057">
        <ele>80</ele>
      </trkpt>
      <trkpt lat="54.6527749" lon="25.200313">
        <ele>81</ele>
      </trkpt>
      <trkpt lat="54.6527821" lon="25.2003204">
        <ele>81</ele>
      </trkpt>
      <trkpt lat="54.6527862" lon="25.2003327">
        <ele>81</ele>
      </trkpt>
      <trkpt lat="54.6527903" lon="25.2003451">
        <ele>81</ele>
      </trkpt>
      <trkpt lat="54.6527927" lon="25.200371">
        <ele>81</ele>
      </trkpt>
      <trkpt lat="54.6527952" lon="25.2003969">
        <ele>82</ele>
      </trkpt>
      <trkpt lat="54.6527964" lon="25.2004363">
        <ele>82</ele>
      </trkpt>
      <trkpt lat="54.6527976" lon="25.2004758">
        <ele>82</ele>
      </trkpt>
      <trkpt lat="54.6527971" lon="25.2005225">
        <ele>82</ele>
      </trkpt>
      <trkpt lat="54.6527967" lon="25.2005693">
        <ele>82</ele>
      </trkpt>
      <trkpt lat="54.6527959" lon="25.2006094">
        <ele>83</ele>
      </trkpt>
      <trkpt lat="54.6527951" lon="25.2006496">
        <ele>83</ele>
      </trkpt>
      <trkpt lat="54.6527948" lon="25.2006798">
        <ele>83</ele>
      </trkpt>
      <trkpt lat="54.6527946" lon="25.20071">
        <ele>83</ele>
      </trkpt>
      <trkpt lat="54.6527951" lon="25.2007373">
        <ele>83</ele>
      </trkpt>
      <trkpt lat="54.6527956" lon="25.2007646">
        <ele>83</ele>
      </trkpt>
      <trkpt lat="54.6527987" lon="25.2007907">
        <ele>83</ele>
      </trkpt>
      <trkpt lat="54.6528019" lon="25.2008168">
        <ele>83</ele>
      </trkpt>
      <trkpt lat="54.6528094" lon="25.2008382">
        <ele>83</ele>
      </trkpt>
      <trkpt lat="54.6528169" lon="25.2008597">
        <ele>83</ele>
      </trkpt>
      <trkpt lat="54.6528233" lon="25.2008858">
        <ele>83</ele>
      </trkpt>
      <trkpt lat="54.6528297" lon="25.2009119">
        <ele>83</ele>
      </trkpt>
      <trkpt lat="54.6528251" lon="25.2009471">
        <ele>83</ele>
      </trkpt>
      <trkpt lat="54.6528205" lon="25.2009824">
        <ele>83</ele>
      </trkpt>
      <trkpt lat="54.6528096" lon="25.2010205">
        <ele>83</ele>
      </trkpt>
      <trkpt lat="54.6527987" lon="25.2010587">
        <ele>84</ele>
      </trkpt>
      <trkpt lat="54.6527887" lon="25.2010917">
        <ele>84</ele>
      </trkpt>
      <trkpt lat="54.6527787" lon="25.2011248">
        <ele>84</ele>
      </trkpt>
      <trkpt lat="54.6527722" lon="25.2011529">
        <ele>84</ele>
      </trkpt>
      <trkpt lat="54.6527658" lon="25.2011811">
        <ele>84</ele>
      </trkpt>
      <trkpt lat="54.6527613" lon="25.2012062">
        <ele>84</ele>
      </trkpt>
      <trkpt lat="54.6527569" lon="25.2012313">
        <ele>84</ele>
      </trkpt>
      <trkpt lat="54.6527534" lon="25.2012508">
        <ele>84</ele>
      </trkpt>
      <trkpt lat="54.6527499" lon="25.2012704">
        <ele>84</ele>
      </trkpt>
      <trkpt lat="54.6527465" lon="25.2012852">
        <ele>84</ele>
      </trkpt>
      <trkpt lat="54.6527432" lon="25.2013">
        <ele>85</ele>
      </trkpt>
      <trkpt lat="54.6527397" lon="25.201314">
        <ele>85</ele>
      </trkpt>
      <trkpt lat="54.6527363" lon="25.2013281">
        <ele>85</ele>
      </trkpt>
      <trkpt lat="54.6527319" lon="25.2013418">
        <ele>85</ele>
      </trkpt>
      <trkpt lat="54.6527275" lon="25.2013555">
        <ele>85</ele>
      </trkpt>
      <trkpt lat="54.6527209" lon="25.2013713">
        <ele>86</ele>
      </trkpt>
      <trkpt lat="54.6527144" lon="25.2013871">
        <ele>86</ele>
      </trkpt>
      <trkpt lat="54.6527055" lon="25.2014052">
        <ele>86</ele>
      </trkpt>
      <trkpt lat="54.6526967" lon="25.2014234">
        <ele>86</ele>
      </trkpt>
      <trkpt lat="54.6526851" lon="25.2014452">
        <ele>86</ele>
      </trkpt>
      <trkpt lat="54.6526735" lon="25.201467">
        <ele>87</ele>
      </trkpt>
      <trkpt lat="54.6526604" lon="25.2014885">
        <ele>87</ele>
      </trkpt>
      <trkpt lat="54.6526473" lon="25.20151">
        <ele>87</ele>
      </trkpt>
      <trkpt lat="54.6526367" lon="25.2015307">
        <ele>87</ele>
      </trkpt>
      <trkpt lat="54.6526262" lon="25.2015515">
        <ele>87</ele>
      </trkpt>
      <trkpt lat="54.6526239" lon="25.2015805">
        <ele>87</ele>
      </trkpt>
      <trkpt lat="54.6526217" lon="25.2016095">
        <ele>87</ele>
      </trkpt>
      <trkpt lat="54.6526271" lon="25.20165">
        <ele>87</ele>
      </trkpt>
      <trkpt lat="54.6526326" lon="25.2016905">
        <ele>87</ele>
      </trkpt>
      <trkpt lat="54.6526364" lon="25.2017319">
        <ele>87</ele>
      </trkpt>
      <trkpt lat="54.6526402" lon="25.2017733">
        <ele>87</ele>
      </trkpt>
      <trkpt lat="54.6526384" lon="25.2018109">
        <ele>87</ele>
      </trkpt>
      <trkpt lat="54.6526367" lon="25.2018486">
        <ele>87</ele>
      </trkpt>
      <trkpt lat="54.6526322" lon="25.2018805">
        <ele>87</ele>
      </trkpt>
      <trkpt lat="54.6526277" lon="25.2019124">
        <ele>87</ele>
      </trkpt>
      <trkpt lat="54.6526248" lon="25.2019407">
        <ele>88</ele>
      </trkpt>
      <trkpt lat="54.6526219" lon="25.2019691">
        <ele>88</ele>
      </trkpt>
      <trkpt lat="54.6526213" lon="25.2019971">
        <ele>88</ele>
      </trkpt>
      <trkpt lat="54.6526207" lon="25.2020252">
        <ele>88</ele>
      </trkpt>
      <trkpt lat="54.6526201" lon="25.202055">
        <ele>88</ele>
      </trkpt>
      <trkpt lat="54.6526196" lon="25.2020848">
        <ele>89</ele>
      </trkpt>
      <trkpt lat="54.6526177" lon="25.2021146">
        <ele>89</ele>
      </trkpt>
      <trkpt lat="54.6526158" lon="25.2021445">
        <ele>89</ele>
      </trkpt>
      <trkpt lat="54.6526137" lon="25.2021772">
        <ele>89</ele>
      </trkpt>
      <trkpt lat="54.6526117" lon="25.2022099">
        <ele>89</ele>
      </trkpt>
      <trkpt lat="54.6526096" lon="25.2022504">
        <ele>90</ele>
      </trkpt>
      <trkpt lat="54.6526076" lon="25.202291">
        <ele>90</ele>
      </trkpt>
      <trkpt lat="54.6526058" lon="25.2023364">
        <ele>90</ele>
      </trkpt>
      <trkpt lat="54.652604" lon="25.2023818">
        <ele>90</ele>
      </trkpt>
      <trkpt lat="54.6526028" lon="25.2024289">
        <ele>90</ele>
      </trkpt>
      <trkpt lat="54.6526016" lon="25.2024761">
        <ele>90</ele>
      </trkpt>
      <trkpt lat="54.6526028" lon="25.2025206">
        <ele>90</ele>
      </trkpt>
      <trkpt lat="54.652604" lon="25.2025651">
        <ele>90</ele>
      </trkpt>
      <trkpt lat="54.6526046" lon="25.2026059">
        <ele>90</ele>
      </trkpt>
      <trkpt lat="54.6526053" lon="25.2026468">
        <ele>90</ele>
      </trkpt>
      <trkpt lat="54.6526053" lon="25.2026862">
        <ele>91</ele>
      </trkpt>
      <trkpt lat="54.6526054" lon="25.2027257">
        <ele>91</ele>
      </trkpt>
      <trkpt lat="54.652605" lon="25.2027609">
        <ele>91</ele>
      </trkpt>
      <trkpt lat="54.6526047" lon="25.2027962">
        <ele>91</ele>
      </trkpt>
      <trkpt lat="54.6526027" lon="25.2028297">
        <ele>91</ele>
      </trkpt>
      <trkpt lat="54.6526007" lon="25.2028633">
        <ele>91</ele>
      </trkpt>
      <trkpt lat="54.652596" lon="25.202896">
        <ele>91</ele>
      </trkpt>
      <trkpt lat="54.6525914" lon="25.2029288">
        <ele>91</ele>
      </trkpt>
      <trkpt lat="54.6525838" lon="25.2029601">
        <ele>91</ele>
      </trkpt>
      <trkpt lat="54.6525763" lon="25.2029914">
        <ele>91</ele>
      </trkpt>
      <trkpt lat="54.6525668" lon="25.2030222">
        <ele>91</ele>
      </trkpt>
      <trkpt lat="54.6525573" lon="25.203053">
        <ele>91</ele>
      </trkpt>
      <trkpt lat="54.6525484" lon="25.2030857">
        <ele>91</ele>
      </trkpt>
      <trkpt lat="54.6525395" lon="25.2031184">
        <ele>91</ele>
      </trkpt>
      <trkpt lat="54.6525316" lon="25.2031548">
        <ele>91</ele>
      </trkpt>
      <trkpt lat="54.6525238" lon="25.2031913">
        <ele>92</ele>
      </trkpt>
      <trkpt lat="54.6525128" lon="25.203228">
        <ele>92</ele>
      </trkpt>
      <trkpt lat="54.6525018" lon="25.2032648">
        <ele>92</ele>
      </trkpt>
      <trkpt lat="54.6524871" lon="25.2032947">
        <ele>92</ele>
      </trkpt>
      <trkpt lat="54.6524725" lon="25.2033247">
        <ele>92</ele>
      </trkpt>
      <trkpt lat="54.6524557" lon="25.2033543">
        <ele>92</ele>
      </trkpt>
      <trkpt lat="54.6524389" lon="25.2033839">
        <ele>92</ele>
      </trkpt>
      <trkpt lat="54.6524243" lon="25.2034195">
        <ele>92</ele>
      </trkpt>
      <trkpt lat="54.6524097" lon="25.2034552">
        <ele>92</ele>
      </trkpt>
      <trkpt lat="54.6524001" lon="25.2034946">
        <ele>92</ele>
      </trkpt>
      <trkpt lat="54.6523905" lon="25.203534">
        <ele>93</ele>
      </trkpt>
      <trkpt lat="54.652389" lon="25.2035764">
        <ele>93</ele>
      </trkpt>
      <trkpt lat="54.652386" lon="25.203573">
        <ele>97</ele>
      </trkpt>
      <trkpt lat="54.65246" lon="25.203876">
        <ele>96</ele>
      </trkpt>
      <trkpt lat="54.652664" lon="25.20423">
        <ele>97</ele>
      </trkpt>
      <trkpt lat="54.652782" lon="25.204551">
        <ele>97</ele>
      </trkpt>
      <trkpt lat="54.653433" lon="25.20685">
        <ele>100</ele>
      </trkpt>
      <trkpt lat="54.653673" lon="25.207222">
        <ele>101</ele>
      </trkpt>
      <trkpt lat="54.653739" lon="25.207509">
        <ele>102</ele>
      </trkpt>
      <trkpt lat="54.653944" lon="25.2079999">
        <ele>101</ele>
      </trkpt>
      <trkpt lat="54.654287" lon="25.208609">
        <ele>101</ele>
      </trkpt>
      <trkpt lat="54.654628" lon="25.209087">
        <ele>101</ele>
      </trkpt>
      <trkpt lat="54.655594" lon="25.210938">
        <ele>101</ele>
      </trkpt>
      <trkpt lat="54.655579" lon="25.211063">
        <ele>101</ele>
      </trkpt>
      <trkpt lat="54.655058" lon="25.211954">
        <ele>103</ele>
      </trkpt>
      <trkpt lat="54.654997" lon="25.21218">
        <ele>103</ele>
      </trkpt>
      <trkpt lat="54.655016" lon="25.212383">
        <ele>103</ele>
      </trkpt>
      <trkpt lat="54.655303" lon="25.213166">
        <ele>103</ele>
      </trkpt>
      <trkpt lat="54.655828" lon="25.214316">
        <ele>103</ele>
      </trkpt>
      <trkpt lat="54.656141" lon="25.215663">
        <ele>103</ele>
      </trkpt>
      <trkpt lat="54.656238" lon="25.215841">
        <ele>103</ele>
      </trkpt>
      <trkpt lat="54.656467" lon="25.2161009">
        <ele>104</ele>
      </trkpt>
      <trkpt lat="54.656649" lon="25.216698">
        <ele>103</ele>
      </trkpt>
      <trkpt lat="54.656911" lon="25.217355">
        <ele>104</ele>
      </trkpt>
      <trkpt lat="54.657314" lon="25.218207">
        <ele>104</ele>
      </trkpt>
      <trkpt lat="54.657502" lon="25.218267">
        <ele>104</ele>
      </trkpt>
      <trkpt lat="54.657711" lon="25.2182299">
        <ele>104</ele>
      </trkpt>
      <trkpt lat="54.657876" lon="25.218249">
        <ele>105</ele>
      </trkpt>
      <trkpt lat="54.658666" lon="25.218023">
        <ele>104</ele>
      </trkpt>
      <trkpt lat="54.659072" lon="25.218015">
        <ele>102</ele>
      </trkpt>
      <trkpt lat="54.659326" lon="25.218075">
        <ele>102</ele>
      </trkpt>
      <trkpt lat="54.659501" lon="25.217974">
        <ele>101</ele>
      </trkpt>
      <trkpt lat="54.659623" lon="25.218137">
        <ele>101</ele>
      </trkpt>
      <trkpt lat="54.660047" lon="25.218436">
        <ele>101</ele>
      </trkpt>
      <trkpt lat="54.660214" lon="25.218643">
        <ele>102</ele>
      </trkpt>
      <trkpt lat="54.66057" lon="25.219494">
        <ele>102</ele>
      </trkpt>
      <trkpt lat="54.661146" lon="25.220476">
        <ele>102</ele>
      </trkpt>
      <trkpt lat="54.661708" lon="25.221267">
        <ele>102</ele>
      </trkpt>
      <trkpt lat="54.661907" lon="25.221634">
        <ele>103</ele>
      </trkpt>
      <trkpt lat="54.662373" lon="25.222135">
        <ele>103</ele>
      </trkpt>
      <trkpt lat="54.662742" lon="25.223088">
        <ele>102</ele>
      </trkpt>
      <trkpt lat="54.662858" lon="25.223233">
        <ele>99</ele>
      </trkpt>
      <trkpt lat="54.663163" lon="25.223388">
        <ele>93</ele>
      </trkpt>
      <trkpt lat="54.663263" lon="25.2233899">
        <ele>92</ele>
      </trkpt>
      <trkpt lat="54.663568" lon="25.2233069">
        <ele>90</ele>
      </trkpt>
      <trkpt lat="54.663893" lon="25.223106">
        <ele>89</ele>
      </trkpt>
      <trkpt lat="54.664919" lon="25.223014">
        <ele>87</ele>
      </trkpt>
      <trkpt lat="54.665247" lon="25.223071">
        <ele>88</ele>
      </trkpt>
      <trkpt lat="54.665665" lon="25.223252">
        <ele>89</ele>
      </trkpt>
      <trkpt lat="54.666428" lon="25.223452">
        <ele>89</ele>
      </trkpt>
      <trkpt lat="54.666674" lon="25.223572">
        <ele>90</ele>
      </trkpt>
      <trkpt lat="54.666729" lon="25.223741">
        <ele>90</ele>
      </trkpt>
      <trkpt lat="54.666639" lon="25.224592">
        <ele>90</ele>
      </trkpt>
      <trkpt lat="54.666692" lon="25.225013">
        <ele>89</ele>
      </trkpt>
      <trkpt lat="54.666918" lon="25.225532">
        <ele>89</ele>
      </trkpt>
      <trkpt lat="54.667414" lon="25.22619">
        <ele>91</ele>
      </trkpt>
      <trkpt lat="54.667824" lon="25.2264969">
        <ele>91</ele>
      </trkpt>
      <trkpt lat="54.668068" lon="25.226873">
        <ele>91</ele>
      </trkpt>
      <trkpt lat="54.668663" lon="25.227401">
        <ele>88</ele>
      </trkpt>
      <trkpt lat="54.66882" lon="25.227461">
        <ele>89</ele>
      </trkpt>
      <trkpt lat="54.669253" lon="25.227483">
        <ele>88</ele>
      </trkpt>
      <trkpt lat="54.6696" lon="25.227642">
        <ele>88</ele>
      </trkpt>
      <trkpt lat="54.669615" lon="25.227706">
        <ele>87</ele>
      </trkpt>
      <trkpt lat="54.669396" lon="25.228018">
        <ele>84</ele>
      </trkpt>
      <trkpt lat="54.669383" lon="25.2281869">
        <ele>81</ele>
      </trkpt>
      <trkpt lat="54.669816" lon="25.2287469">
        <ele>80</ele>
      </trkpt>
      <trkpt lat="54.670414" lon="25.228967">
        <ele>84</ele>
      </trkpt>
      <trkpt lat="54.670631" lon="25.228919">
        <ele>85</ele>
      </trkpt>
      <trkpt lat="54.670794" lon="25.228964">
        <ele>84</ele>
      </trkpt>
      <trkpt lat="54.671056" lon="25.229214">
        <ele>83</ele>
      </trkpt>
      <trkpt lat="54.671749" lon="25.229727">
        <ele>83</ele>
      </trkpt>
      <trkpt lat="54.672415" lon="25.230158">
        <ele>83</ele>
      </trkpt>
      <trkpt lat="54.673663" lon="25.23058">
        <ele>83</ele>
      </trkpt>
      <trkpt lat="54.674094" lon="25.230644">
        <ele>84</ele>
      </trkpt>
      <trkpt lat="54.674542" lon="25.230536">
        <ele>82</ele>
      </trkpt>
      <trkpt lat="54.675101" lon="25.230536">
        <ele>83</ele>
      </trkpt>
      <trkpt lat="54.675535" lon="25.230602">
        <ele>83</ele>
      </trkpt>
      <trkpt lat="54.67588" lon="25.23057">
        <ele>83</ele>
      </trkpt>
      <trkpt lat="54.676111" lon="25.230616">
        <ele>83</ele>
      </trkpt>
      <trkpt lat="54.676335" lon="25.230581">
        <ele>83</ele>
      </trkpt>
      <trkpt lat="54.676544" lon="25.230472">
        <ele>83</ele>
      </trkpt>
      <trkpt lat="54.676662" lon="25.230458">
        <ele>83</ele>
      </trkpt>
      <trkpt lat="54.676905" lon="25.23051">
        <ele>84</ele>
      </trkpt>
      <trkpt lat="54.677197" lon="25.230656">
        <ele>83</ele>
      </trkpt>
      <trkpt lat="54.677386" lon="25.23067">
        <ele>83</ele>
      </trkpt>
      <trkpt lat="54.678092" lon="25.230297">
        <ele>83</ele>
      </trkpt>
      <trkpt lat="54.678346" lon="25.23006">
        <ele>83</ele>
      </trkpt>
      <trkpt lat="54.678806" lon="25.230021">
        <ele>82</ele>
      </trkpt>
      <trkpt lat="54.679438" lon="25.230068">
        <ele>83</ele>
      </trkpt>
      <trkpt lat="54.679947" lon="25.229896">
        <ele>83</ele>
      </trkpt>
      <trkpt lat="54.680203" lon="25.229966">
        <ele>83</ele>
      </trkpt>
      <trkpt lat="54.680558" lon="25.229964">
        <ele>83</ele>
      </trkpt>
      <trkpt lat="54.681077" lon="25.229493">
        <ele>84</ele>
      </trkpt>
      <trkpt lat="54.681279" lon="25.22944">
        <ele>85</ele>
      </trkpt>
      <trkpt lat="54.681748" lon="25.229191">
        <ele>85</ele>
      </trkpt>
      <trkpt lat="54.682084" lon="25.22891">
        <ele>86</ele>
      </trkpt>
      <trkpt lat="54.68225" lon="25.228683">
        <ele>86</ele>
      </trkpt>
      <trkpt lat="54.682622" lon="25.227999">
        <ele>86</ele>
      </trkpt>
      <trkpt lat="54.682756" lon="25.227851">
        <ele>86</ele>
      </trkpt>
      <trkpt lat="54.683137" lon="25.227227">
        <ele>84</ele>
      </trkpt>
      <trkpt lat="54.683241" lon="25.226942">
        <ele>84</ele>
      </trkpt>
      <trkpt lat="54.683456" lon="25.226622">
        <ele>84</ele>
      </trkpt>
      <trkpt lat="54.68356" lon="25.2263449">
        <ele>85</ele>
      </trkpt>
      <trkpt lat="54.683974" lon="25.225779">
        <ele>84</ele>
      </trkpt>
      <trkpt lat="54.684501" lon="25.2252319">
        <ele>83</ele>
      </trkpt>
      <trkpt lat="54.684826" lon="25.224958">
        <ele>84</ele>
      </trkpt>
      <trkpt lat="54.685099" lon="25.22481">
        <ele>83</ele>
      </trkpt>
      <trkpt lat="54.685418" lon="25.224497">
        <ele>83</ele>
      </trkpt>
      <trkpt lat="54.685658" lon="25.224384">
        <ele>84</ele>
      </trkpt>
      <trkpt lat="54.685815" lon="25.224369">
        <ele>84</ele>
      </trkpt>
      <trkpt lat="54.6858038" lon="25.2243153">
        <ele>109</ele>
      </trkpt>
      <trkpt lat="54.6857561" lon="25.2243272">
        <ele>111</ele>
      </trkpt>
      <trkpt lat="54.6856369" lon="25.2241545">
        <ele>119</ele>
      </trkpt>
      <trkpt lat="54.6855055" lon="25.2240708">
        <ele>125</ele>
      </trkpt>
      <trkpt lat="54.6853271" lon="25.2238716">
        <ele>138</ele>
      </trkpt>
      <trkpt lat="54.6851068" lon="25.2238896">
        <ele>141</ele>
      </trkpt>
      <trkpt lat="54.6849373" lon="25.2237426">
        <ele>146</ele>
      </trkpt>
      <trkpt lat="54.684834" lon="25.2238295">
        <ele>150</ele>
      </trkpt>
      <trkpt lat="54.6846314" lon="25.223604">
        <ele>155</ele>
      </trkpt>
      <trkpt lat="54.6845688" lon="25.2232817">
        <ele>155</ele>
      </trkpt>
      <trkpt lat="54.6844299" lon="25.2229401">
        <ele>155</ele>
      </trkpt>
      <trkpt lat="54.6842649" lon="25.2220696">
        <ele>160</ele>
      </trkpt>
      <trkpt lat="54.6842853" lon="25.2211168">
        <ele>163</ele>
      </trkpt>
      <trkpt lat="54.6841123" lon="25.220347">
        <ele>165</ele>
      </trkpt>
      <trkpt lat="54.6841695" lon="25.2197383">
        <ele>167</ele>
      </trkpt>
      <trkpt lat="54.6841184" lon="25.2192507">
        <ele>166</ele>
      </trkpt>
      <trkpt lat="54.6841745" lon="25.2187723">
        <ele>166</ele>
      </trkpt>
      <trkpt lat="54.6844424" lon="25.2179954">
        <ele>166</ele>
      </trkpt>
      <trkpt lat="54.6845627" lon="25.2178848">
        <ele>166</ele>
      </trkpt>
      <trkpt lat="54.6848636" lon="25.2177906">
        <ele>166</ele>
      </trkpt>
      <trkpt lat="54.6850515" lon="25.2176028">
        <ele>167</ele>
      </trkpt>
      <trkpt lat="54.6852786" lon="25.2174546">
        <ele>168</ele>
      </trkpt>
      <trkpt lat="54.6857751" lon="25.2168678">
        <ele>182</ele>
      </trkpt>
      <trkpt lat="54.6859161" lon="25.2166281">
        <ele>183</ele>
      </trkpt>
      <trkpt lat="54.6860143" lon="25.2164183">
        <ele>183</ele>
      </trkpt>
      <trkpt lat="54.6860233" lon="25.2163006">
        <ele>183</ele>
      </trkpt>
      <trkpt lat="54.6858293" lon="25.2155449">
        <ele>183</ele>
      </trkpt>
      <trkpt lat="54.685874" lon="25.2153986">
        <ele>183</ele>
      </trkpt>
      <trkpt lat="54.6860063" lon="25.2153091">
        <ele>183</ele>
      </trkpt>
      <trkpt lat="54.6861422" lon="25.2153136">
        <ele>183</ele>
      </trkpt>
      <trkpt lat="54.6863493" lon="25.2155755">
        <ele>183</ele>
      </trkpt>
      <trkpt lat="54.6864579" lon="25.2158653">
        <ele>183</ele>
      </trkpt>
      <trkpt lat="54.6869536" lon="25.2165993">
        <ele>183</ele>
      </trkpt>
      <trkpt lat="54.6871396" lon="25.2170911">
        <ele>182</ele>
      </trkpt>
      <trkpt lat="54.6876966" lon="25.2180953">
        <ele>181</ele>
      </trkpt>
      <trkpt lat="54.6879299" lon="25.2184009">
        <ele>182</ele>
      </trkpt>
      <trkpt lat="54.6879795" lon="25.2185564">
        <ele>181</ele>
      </trkpt>
      <trkpt lat="54.6879096" lon="25.2189847">
        <ele>181</ele>
      </trkpt>
      <trkpt lat="54.6879559" lon="25.2194191">
        <ele>181</ele>
      </trkpt>
      <trkpt lat="54.6878961" lon="25.2197561">
        <ele>180</ele>
      </trkpt>
      <trkpt lat="54.6878257" lon="25.2198255">
        <ele>180</ele>
      </trkpt>
      <trkpt lat="54.6875821" lon="25.2197995">
        <ele>176</ele>
      </trkpt>
      <trkpt lat="54.6874808" lon="25.2198363">
        <ele>175</ele>
      </trkpt>
      <trkpt lat="54.6873472" lon="25.219982">
        <ele>174</ele>
      </trkpt>
      <trkpt lat="54.6871467" lon="25.2203839">
        <ele>171</ele>
      </trkpt>
      <trkpt lat="54.6870008" lon="25.2205808">
        <ele>167</ele>
      </trkpt>
      <trkpt lat="54.6864496" lon="25.2209623">
        <ele>159</ele>
      </trkpt>
      <trkpt lat="54.6862876" lon="25.2210174">
        <ele>158</ele>
      </trkpt>
      <trkpt lat="54.6861644" lon="25.22121">
        <ele>158</ele>
      </trkpt>
      <trkpt lat="54.6861317" lon="25.2214439">
        <ele>157</ele>
      </trkpt>
      <trkpt lat="54.6862706" lon="25.2218797">
        <ele>155</ele>
      </trkpt>
      <trkpt lat="54.6864145" lon="25.2233565">
        <ele>150</ele>
      </trkpt>
      <trkpt lat="54.6865078" lon="25.2236074">
        <ele>147</ele>
      </trkpt>
      <trkpt lat="54.6867444" lon="25.223778">
        <ele>137</ele>
      </trkpt>
      <trkpt lat="54.686945" lon="25.2236366">
        <ele>132</ele>
      </trkpt>
      <trkpt lat="54.6871529" lon="25.2237458">
        <ele>140</ele>
      </trkpt>
      <trkpt lat="54.6872405" lon="25.2238959">
        <ele>140</ele>
      </trkpt>
      <trkpt lat="54.6873042" lon="25.2241563">
        <ele>137</ele>
      </trkpt>
      <trkpt lat="54.6873642" lon="25.2241987">
        <ele>135</ele>
      </trkpt>
      <trkpt lat="54.6874563" lon="25.2241881">
        <ele>133</ele>
      </trkpt>
      <trkpt lat="54.6875693" lon="25.2240003">
        <ele>132</ele>
      </trkpt>
      <trkpt lat="54.6876689" lon="25.2240554">
        <ele>132</ele>
      </trkpt>
      <trkpt lat="54.6877765" lon="25.2239561">
        <ele>137</ele>
      </trkpt>
      <trkpt lat="54.6878568" lon="25.2237527">
        <ele>140</ele>
      </trkpt>
      <trkpt lat="54.6879477" lon="25.2237889">
        <ele>139</ele>
      </trkpt>
      <trkpt lat="54.6879879" lon="25.2237645">
        <ele>138</ele>
      </trkpt>
      <trkpt lat="54.6883954" lon="25.2233271">
        <ele>133</ele>
      </trkpt>
      <trkpt lat="54.6885072" lon="25.2233208">
        <ele>133</ele>
      </trkpt>
      <trkpt lat="54.6885962" lon="25.2232325">
        <ele>133</ele>
      </trkpt>
      <trkpt lat="54.6888451" lon="25.2231237">
        <ele>133</ele>
      </trkpt>
      <trkpt lat="54.6893596" lon="25.2227225">
        <ele>137</ele>
      </trkpt>
      <trkpt lat="54.6895311" lon="25.2227682">
        <ele>138</ele>
      </trkpt>
      <trkpt lat="54.6897811" lon="25.2224469">
        <ele>139</ele>
      </trkpt>
      <trkpt lat="54.6898858" lon="25.2220129">
        <ele>139</ele>
      </trkpt>
      <trkpt lat="54.6900212" lon="25.221785">
        <ele>141</ele>
      </trkpt>
      <trkpt lat="54.6901933" lon="25.2207776">
        <ele>145</ele>
      </trkpt>
      <trkpt lat="54.6903461" lon="25.2202485">
        <ele>147</ele>
      </trkpt>
      <trkpt lat="54.6904606" lon="25.220092">
        <ele>147</ele>
      </trkpt>
      <trkpt lat="54.6905235" lon="25.2200685">
        <ele>148</ele>
      </trkpt>
      <trkpt lat="54.6906418" lon="25.2200691">
        <ele>149</ele>
      </trkpt>
      <trkpt lat="54.6907716" lon="25.2201566">
        <ele>150</ele>
      </trkpt>
      <trkpt lat="54.691013" lon="25.2201991">
        <ele>152</ele>
      </trkpt>
      <trkpt lat="54.6911649" lon="25.2203357">
        <ele>154</ele>
      </trkpt>
      <trkpt lat="54.6912276" lon="25.2204752">
        <ele>155</ele>
      </trkpt>
      <trkpt lat="54.6912488" lon="25.2209806">
        <ele>158</ele>
      </trkpt>
      <trkpt lat="54.6913175" lon="25.2212094">
        <ele>159</ele>
      </trkpt>
      <trkpt lat="54.6915642" lon="25.2215223">
        <ele>163</ele>
      </trkpt>
      <trkpt lat="54.6918311" lon="25.2217181">
        <ele>171</ele>
      </trkpt>
      <trkpt lat="54.6918874" lon="25.2220664">
        <ele>172</ele>
      </trkpt>
      <trkpt lat="54.691867" lon="25.2225495">
        <ele>172</ele>
      </trkpt>
      <trkpt lat="54.6919121" lon="25.2226417">
        <ele>172</ele>
      </trkpt>
      <trkpt lat="54.6923073" lon="25.2227704">
        <ele>172</ele>
      </trkpt>
      <trkpt lat="54.6926706" lon="25.2227265">
        <ele>172</ele>
      </trkpt>
      <trkpt lat="54.6930564" lon="25.2229856">
        <ele>172</ele>
      </trkpt>
      <trkpt lat="54.6931704" lon="25.2236083">
        <ele>172</ele>
      </trkpt>
      <trkpt lat="54.6934256" lon="25.2241004">
        <ele>172</ele>
      </trkpt>
      <trkpt lat="54.6934629" lon="25.2246593">
        <ele>171</ele>
      </trkpt>
      <trkpt lat="54.6936705" lon="25.2256216">
        <ele>171</ele>
      </trkpt>
      <trkpt lat="54.6936492" lon="25.2257627">
        <ele>171</ele>
      </trkpt>
      <trkpt lat="54.6934011" lon="25.2261245">
        <ele>172</ele>
      </trkpt>
      <trkpt lat="54.6933074" lon="25.2264164">
        <ele>172</ele>
      </trkpt>
      <trkpt lat="54.6932373" lon="25.2270027">
        <ele>173</ele>
      </trkpt>
      <trkpt lat="54.6932365" lon="25.2273748">
        <ele>173</ele>
      </trkpt>
      <trkpt lat="54.6933639" lon="25.2278851">
        <ele>174</ele>
      </trkpt>
      <trkpt lat="54.6936964" lon="25.2285406">
        <ele>174</ele>
      </trkpt>
      <trkpt lat="54.6938402" lon="25.2294398">
        <ele>174</ele>
      </trkpt>
      <trkpt lat="54.6939145" lon="25.2295424">
        <ele>174</ele>
      </trkpt>
      <trkpt lat="54.6940063" lon="25.229579">
        <ele>174</ele>
      </trkpt>
      <trkpt lat="54.6944024" lon="25.2292929">
        <ele>174</ele>
      </trkpt>
      <trkpt lat="54.6947814" lon="25.2293481">
        <ele>173</ele>
      </trkpt>
      <trkpt lat="54.6949102" lon="25.2292795">
        <ele>173</ele>
      </trkpt>
      <trkpt lat="54.6950617" lon="25.228933">
        <ele>173</ele>
      </trkpt>
      <trkpt lat="54.6950786" lon="25.228411">
        <ele>174</ele>
      </trkpt>
      <trkpt lat="54.695127" lon="25.2281953">
        <ele>174</ele>
      </trkpt>
      <trkpt lat="54.6953277" lon="25.227861">
        <ele>173</ele>
      </trkpt>
      <trkpt lat="54.6953833" lon="25.2280191">
        <ele>172</ele>
      </trkpt>
      <trkpt lat="54.695362" lon="25.2284864">
        <ele>169</ele>
      </trkpt>
      <trkpt lat="54.6952634" lon="25.2289816">
        <ele>164</ele>
      </trkpt>
      <trkpt lat="54.6952523" lon="25.2293777">
        <ele>161</ele>
      </trkpt>
      <trkpt lat="54.6949455" lon="25.2307203">
        <ele>149</ele>
      </trkpt>
      <trkpt lat="54.6947921" lon="25.2316566">
        <ele>143</ele>
      </trkpt>
      <trkpt lat="54.694673" lon="25.232018">
        <ele>140</ele>
      </trkpt>
      <trkpt lat="54.6946612" lon="25.2321914">
        <ele>138</ele>
      </trkpt>
      <trkpt lat="54.6947665" lon="25.2327099">
        <ele>136</ele>
      </trkpt>
      <trkpt lat="54.6946293" lon="25.2332286">
        <ele>133</ele>
      </trkpt>
      <trkpt lat="54.694665" lon="25.2336363">
        <ele>131</ele>
      </trkpt>
      <trkpt lat="54.6943703" lon="25.2341346">
        <ele>129</ele>
      </trkpt>
      <trkpt lat="54.694056" lon="25.234501">
        <ele>129</ele>
      </trkpt>
      <trkpt lat="54.6938475" lon="25.2346521">
        <ele>128</ele>
      </trkpt>
      <trkpt lat="54.6933855" lon="25.2348265">
        <ele>127</ele>
      </trkpt>
      <trkpt lat="54.6931543" lon="25.2344897">
        <ele>128</ele>
      </trkpt>
      <trkpt lat="54.6929375" lon="25.2343132">
        <ele>128</ele>
      </trkpt>
      <trkpt lat="54.6928471" lon="25.2343033">
        <ele>128</ele>
      </trkpt>
      <trkpt lat="54.6927729" lon="25.2344563">
        <ele>127</ele>
      </trkpt>
      <trkpt lat="54.6927643" lon="25.2349271">
        <ele>124</ele>
      </trkpt>
      <trkpt lat="54.6929921" lon="25.2360444">
        <ele>120</ele>
      </trkpt>
      <trkpt lat="54.6931279" lon="25.2362523">
        <ele>116</ele>
      </trkpt>
      <trkpt lat="54.693133" lon="25.2368763">
        <ele>110</ele>
      </trkpt>
      <trkpt lat="54.6932845" lon="25.2374152">
        <ele>112</ele>
      </trkpt>
      <trkpt lat="54.6931182" lon="25.2382372">
        <ele>101</ele>
      </trkpt>
      <trkpt lat="54.6932346" lon="25.2393095">
        <ele>98</ele>
      </trkpt>
      <trkpt lat="54.6933332" lon="25.239822">
        <ele>99</ele>
      </trkpt>
      <trkpt lat="54.6932889" lon="25.2408372">
        <ele>100</ele>
      </trkpt>
      <trkpt lat="54.6930739" lon="25.2413991">
        <ele>99</ele>
      </trkpt>
      <trkpt lat="54.692915" lon="25.2420178">
        <ele>99</ele>
      </trkpt>
      <trkpt lat="54.6926434" lon="25.2425259">
        <ele>99</ele>
      </trkpt>
      <trkpt lat="54.6922496" lon="25.243057">
        <ele>99</ele>
      </trkpt>
      <trkpt lat="54.6919736" lon="25.2433295">
        <ele>99</ele>
      </trkpt>
      <trkpt lat="54.6917074" lon="25.2433464">
        <ele>99</ele>
      </trkpt>
      <trkpt lat="54.6914698" lon="25.2434599">
        <ele>99</ele>
      </trkpt>
      <trkpt lat="54.6912675" lon="25.2434669">
        <ele>97</ele>
      </trkpt>
      <trkpt lat="54.6908041" lon="25.2439297">
        <ele>97</ele>
      </trkpt>
      <trkpt lat="54.6905449" lon="25.2443307">
        <ele>97</ele>
      </trkpt>
      <trkpt lat="54.6901765" lon="25.2443661">
        <ele>97</ele>
      </trkpt>
      <trkpt lat="54.6898085" lon="25.2444956">
        <ele>96</ele>
      </trkpt>
      <trkpt lat="54.6897147" lon="25.2445738">
        <ele>96</ele>
      </trkpt>
      <trkpt lat="54.689513" lon="25.2448028">
        <ele>97</ele>
      </trkpt>
      <trkpt lat="54.6894587" lon="25.2451026">
        <ele>98</ele>
      </trkpt>
      <trkpt lat="54.6893364" lon="25.2453299">
        <ele>98</ele>
      </trkpt>
      <trkpt lat="54.6889098" lon="25.2456694">
        <ele>99</ele>
      </trkpt>
      <trkpt lat="54.6884706" lon="25.2461513">
        <ele>99</ele>
      </trkpt>
      <trkpt lat="54.6882147" lon="25.2463105">
        <ele>99</ele>
      </trkpt>
      <trkpt lat="54.6876177" lon="25.2468464">
        <ele>100</ele>
      </trkpt>
      <trkpt lat="54.6867482" lon="25.2479689">
        <ele>99</ele>
      </trkpt>
      <trkpt lat="54.6864316" lon="25.2484724">
        <ele>99</ele>
      </trkpt>
      <trkpt lat="54.6860371" lon="25.2492849">
        <ele>99</ele>
      </trkpt>
      <trkpt lat="54.685764" lon="25.2497234">
        <ele>99</ele>
      </trkpt>
      <trkpt lat="54.6856135" lon="25.2503867">
        <ele>99</ele>
      </trkpt>
      <trkpt lat="54.6854793" lon="25.2513587">
        <ele>99</ele>
      </trkpt>
      <trkpt lat="54.6854643" lon="25.2525317">
        <ele>101</ele>
      </trkpt>
      <trkpt lat="54.6853207" lon="25.2530698">
        <ele>99</ele>
      </trkpt>
      <trkpt lat="54.6853624" lon="25.2532434">
        <ele>98</ele>
      </trkpt>
      <trkpt lat="54.6858146" lon="25.2530261">
        <ele>100</ele>
      </trkpt>
      <trkpt lat="54.6864133" lon="25.252936">
        <ele>91</ele>
      </trkpt>
      <trkpt lat="54.6864241" lon="25.2530997">
        <ele>90</ele>
      </trkpt>
      <trkpt lat="54.6861683" lon="25.2531856">
        <ele>90</ele>
      </trkpt>
    </trkseg>
  </trk>
</gpx>
