<?xml version="1.0" encoding="UTF-8"?>
<gpx xmlns="http://www.topografix.com/GPX/1/1" xmlns:xsi="http://www.w3.org/2001/XMLSchema-instance" version="1.1" creator="Trace de Trail" xsi:schemaLocation="http://www.topografix.com/GPX/1/1 http://www.topografix.com/GPX/1/1/gpx.xsd">
  <metadata>
    <name>Laukinis trail Nakties miskas 2020 - 24 km</name>
    <desc>Parcours créé sur Trace de Trail</desc>
    <link href="https://tracedetrail.fr/en/trace/125055">
      <text>Cartographie du parcours</text>
    </link>
    <time>2026-04-30T15:48:15+00:00</time>
  </metadata>
  <trk>
    <name>Laukinis trail Nakties miskas 2020 - 24 km sur TraceDeTrail.fr</name>
    <src>Trace de Trail</src>
    <trkseg>
      <trkpt lat="54.84917" lon="25.503">
        <ele>152</ele>
        <time>2026-04-30T15:48:15+00:00</time>
      </trkpt>
      <trkpt lat="54.84938" lon="25.50314">
        <ele>152</ele>
        <time>2026-04-30T15:48:18+00:00</time>
      </trkpt>
      <trkpt lat="54.84946" lon="25.50323">
        <ele>125</ele>
        <time>2026-04-30T15:48:21+00:00</time>
      </trkpt>
      <trkpt lat="54.84957" lon="25.50331">
        <ele>165</ele>
        <time>2026-04-30T15:48:24+00:00</time>
      </trkpt>
      <trkpt lat="54.84978" lon="25.50342">
        <ele>179</ele>
        <time>2026-04-30T15:48:27+00:00</time>
      </trkpt>
      <trkpt lat="54.84986" lon="25.50344">
        <ele>125</ele>
        <time>2026-04-30T15:48:30+00:00</time>
      </trkpt>
      <trkpt lat="54.84995" lon="25.50346">
        <ele>178</ele>
        <time>2026-04-30T15:48:33+00:00</time>
      </trkpt>
      <trkpt lat="54.85002" lon="25.50348">
        <ele>125</ele>
        <time>2026-04-30T15:48:36+00:00</time>
      </trkpt>
      <trkpt lat="54.85005" lon="25.5035">
        <ele>125</ele>
        <time>2026-04-30T15:48:39+00:00</time>
      </trkpt>
      <trkpt lat="54.85009" lon="25.50354">
        <ele>125</ele>
        <time>2026-04-30T15:48:42+00:00</time>
      </trkpt>
      <trkpt lat="54.85018" lon="25.50367">
        <ele>178</ele>
        <time>2026-04-30T15:48:45+00:00</time>
      </trkpt>
      <trkpt lat="54.85024" lon="25.50378">
        <ele>125</ele>
        <time>2026-04-30T15:48:48+00:00</time>
      </trkpt>
      <trkpt lat="54.85031" lon="25.50387">
        <ele>178</ele>
        <time>2026-04-30T15:48:51+00:00</time>
      </trkpt>
      <trkpt lat="54.85039" lon="25.504">
        <ele>126</ele>
        <time>2026-04-30T15:48:54+00:00</time>
      </trkpt>
      <trkpt lat="54.85047" lon="25.50419">
        <ele>174</ele>
        <time>2026-04-30T15:48:57+00:00</time>
      </trkpt>
      <trkpt lat="54.85051" lon="25.50434">
        <ele>126</ele>
        <time>2026-04-30T15:49:00+00:00</time>
      </trkpt>
      <trkpt lat="54.85054" lon="25.50441">
        <ele>126</ele>
        <time>2026-04-30T15:49:03+00:00</time>
      </trkpt>
      <trkpt lat="54.85057" lon="25.50449">
        <ele>171</ele>
        <time>2026-04-30T15:49:06+00:00</time>
      </trkpt>
      <trkpt lat="54.8506" lon="25.50454">
        <ele>126</ele>
        <time>2026-04-30T15:49:09+00:00</time>
      </trkpt>
      <trkpt lat="54.85063" lon="25.50458">
        <ele>126</ele>
        <time>2026-04-30T15:49:12+00:00</time>
      </trkpt>
      <trkpt lat="54.8507" lon="25.50465">
        <ele>169</ele>
        <time>2026-04-30T15:49:15+00:00</time>
      </trkpt>
      <trkpt lat="54.85073" lon="25.50468">
        <ele>126</ele>
        <time>2026-04-30T15:49:18+00:00</time>
      </trkpt>
      <trkpt lat="54.85077" lon="25.50474">
        <ele>126</ele>
        <time>2026-04-30T15:49:21+00:00</time>
      </trkpt>
      <trkpt lat="54.85081" lon="25.50484">
        <ele>169</ele>
        <time>2026-04-30T15:49:24+00:00</time>
      </trkpt>
      <trkpt lat="54.85084" lon="25.50488">
        <ele>126</ele>
        <time>2026-04-30T15:49:27+00:00</time>
      </trkpt>
      <trkpt lat="54.85085" lon="25.50492">
        <ele>126</ele>
        <time>2026-04-30T15:49:30+00:00</time>
      </trkpt>
      <trkpt lat="54.85089" lon="25.505">
        <ele>126</ele>
        <time>2026-04-30T15:49:33+00:00</time>
      </trkpt>
      <trkpt lat="54.85105" lon="25.50524">
        <ele>158</ele>
        <time>2026-04-30T15:49:36+00:00</time>
      </trkpt>
      <trkpt lat="54.85115" lon="25.50532">
        <ele>124</ele>
        <time>2026-04-30T15:49:39+00:00</time>
      </trkpt>
      <trkpt lat="54.85121" lon="25.50534">
        <ele>158</ele>
        <time>2026-04-30T15:49:42+00:00</time>
      </trkpt>
      <trkpt lat="54.85124" lon="25.50537">
        <ele>123</ele>
        <time>2026-04-30T15:49:45+00:00</time>
      </trkpt>
      <trkpt lat="54.85127" lon="25.50542">
        <ele>123</ele>
        <time>2026-04-30T15:49:48+00:00</time>
      </trkpt>
      <trkpt lat="54.85128" lon="25.50547">
        <ele>123</ele>
        <time>2026-04-30T15:49:51+00:00</time>
      </trkpt>
      <trkpt lat="54.85129" lon="25.50554">
        <ele>123</ele>
        <time>2026-04-30T15:49:54+00:00</time>
      </trkpt>
      <trkpt lat="54.85129" lon="25.50564">
        <ele>149</ele>
        <time>2026-04-30T15:49:57+00:00</time>
      </trkpt>
      <trkpt lat="54.85129" lon="25.50566">
        <ele>122</ele>
        <time>2026-04-30T15:50:00+00:00</time>
      </trkpt>
      <trkpt lat="54.85128" lon="25.50573">
        <ele>122</ele>
        <time>2026-04-30T15:50:03+00:00</time>
      </trkpt>
      <trkpt lat="54.85128" lon="25.50575">
        <ele>122</ele>
        <time>2026-04-30T15:50:06+00:00</time>
      </trkpt>
      <trkpt lat="54.85128" lon="25.50597">
        <ele>152</ele>
        <time>2026-04-30T15:50:09+00:00</time>
      </trkpt>
      <trkpt lat="54.85124" lon="25.50623">
        <ele>122</ele>
        <time>2026-04-30T15:50:12+00:00</time>
      </trkpt>
      <trkpt lat="54.85124" lon="25.50627">
        <ele>150</ele>
        <time>2026-04-30T15:50:15+00:00</time>
      </trkpt>
      <trkpt lat="54.85123" lon="25.50632">
        <ele>122</ele>
        <time>2026-04-30T15:50:18+00:00</time>
      </trkpt>
      <trkpt lat="54.85123" lon="25.50639">
        <ele>122</ele>
        <time>2026-04-30T15:50:21+00:00</time>
      </trkpt>
      <trkpt lat="54.85121" lon="25.50649">
        <ele>122</ele>
        <time>2026-04-30T15:50:24+00:00</time>
      </trkpt>
      <trkpt lat="54.85122" lon="25.50651">
        <ele>122</ele>
        <time>2026-04-30T15:50:27+00:00</time>
      </trkpt>
      <trkpt lat="54.85122" lon="25.50654">
        <ele>149</ele>
        <time>2026-04-30T15:50:30+00:00</time>
      </trkpt>
      <trkpt lat="54.85123" lon="25.50657">
        <ele>122</ele>
        <time>2026-04-30T15:50:33+00:00</time>
      </trkpt>
      <trkpt lat="54.85123" lon="25.50662">
        <ele>122</ele>
        <time>2026-04-30T15:50:36+00:00</time>
      </trkpt>
      <trkpt lat="54.85126" lon="25.50671">
        <ele>122</ele>
        <time>2026-04-30T15:50:39+00:00</time>
      </trkpt>
      <trkpt lat="54.85126" lon="25.50674">
        <ele>122</ele>
        <time>2026-04-30T15:50:42+00:00</time>
      </trkpt>
      <trkpt lat="54.85126" lon="25.50676">
        <ele>122</ele>
        <time>2026-04-30T15:50:45+00:00</time>
      </trkpt>
      <trkpt lat="54.85126" lon="25.50679">
        <ele>123</ele>
        <time>2026-04-30T15:50:48+00:00</time>
      </trkpt>
      <trkpt lat="54.85129" lon="25.50692">
        <ele>149</ele>
        <time>2026-04-30T15:50:51+00:00</time>
      </trkpt>
      <trkpt lat="54.8513" lon="25.50695">
        <ele>123</ele>
        <time>2026-04-30T15:50:54+00:00</time>
      </trkpt>
      <trkpt lat="54.85131" lon="25.50698">
        <ele>123</ele>
        <time>2026-04-30T15:50:57+00:00</time>
      </trkpt>
      <trkpt lat="54.85133" lon="25.50703">
        <ele>123</ele>
        <time>2026-04-30T15:51:00+00:00</time>
      </trkpt>
      <trkpt lat="54.85135" lon="25.50709">
        <ele>124</ele>
        <time>2026-04-30T15:51:03+00:00</time>
      </trkpt>
      <trkpt lat="54.85135" lon="25.50712">
        <ele>124</ele>
        <time>2026-04-30T15:51:06+00:00</time>
      </trkpt>
      <trkpt lat="54.85136" lon="25.50717">
        <ele>149</ele>
        <time>2026-04-30T15:51:09+00:00</time>
      </trkpt>
      <trkpt lat="54.85143" lon="25.50738">
        <ele>125</ele>
        <time>2026-04-30T15:51:12+00:00</time>
      </trkpt>
      <trkpt lat="54.85152" lon="25.5076">
        <ele>152</ele>
        <time>2026-04-30T15:51:15+00:00</time>
      </trkpt>
      <trkpt lat="54.85153" lon="25.50763">
        <ele>126</ele>
        <time>2026-04-30T15:51:18+00:00</time>
      </trkpt>
      <trkpt lat="54.85157" lon="25.50771">
        <ele>126</ele>
        <time>2026-04-30T15:51:21+00:00</time>
      </trkpt>
      <trkpt lat="54.85158" lon="25.50775">
        <ele>126</ele>
        <time>2026-04-30T15:51:24+00:00</time>
      </trkpt>
      <trkpt lat="54.8516" lon="25.50778">
        <ele>126</ele>
        <time>2026-04-30T15:51:27+00:00</time>
      </trkpt>
      <trkpt lat="54.85163" lon="25.50787">
        <ele>156</ele>
        <time>2026-04-30T15:51:30+00:00</time>
      </trkpt>
      <trkpt lat="54.85165" lon="25.50793">
        <ele>126</ele>
        <time>2026-04-30T15:51:33+00:00</time>
      </trkpt>
      <trkpt lat="54.85168" lon="25.50802">
        <ele>127</ele>
        <time>2026-04-30T15:51:36+00:00</time>
      </trkpt>
      <trkpt lat="54.85171" lon="25.50807">
        <ele>127</ele>
        <time>2026-04-30T15:51:39+00:00</time>
      </trkpt>
      <trkpt lat="54.85173" lon="25.50814">
        <ele>155</ele>
        <time>2026-04-30T15:51:42+00:00</time>
      </trkpt>
      <trkpt lat="54.85179" lon="25.50824">
        <ele>127</ele>
        <time>2026-04-30T15:51:45+00:00</time>
      </trkpt>
      <trkpt lat="54.85184" lon="25.50843">
        <ele>155</ele>
        <time>2026-04-30T15:51:48+00:00</time>
      </trkpt>
      <trkpt lat="54.85186" lon="25.50846">
        <ele>127</ele>
        <time>2026-04-30T15:51:51+00:00</time>
      </trkpt>
      <trkpt lat="54.85192" lon="25.50864">
        <ele>127</ele>
        <time>2026-04-30T15:51:54+00:00</time>
      </trkpt>
      <trkpt lat="54.85194" lon="25.50867">
        <ele>148</ele>
        <time>2026-04-30T15:51:57+00:00</time>
      </trkpt>
      <trkpt lat="54.85195" lon="25.5087">
        <ele>127</ele>
        <time>2026-04-30T15:52:00+00:00</time>
      </trkpt>
      <trkpt lat="54.85201" lon="25.50881">
        <ele>127</ele>
        <time>2026-04-30T15:52:03+00:00</time>
      </trkpt>
      <trkpt lat="54.85203" lon="25.50886">
        <ele>127</ele>
        <time>2026-04-30T15:52:06+00:00</time>
      </trkpt>
      <trkpt lat="54.85203" lon="25.50894">
        <ele>152</ele>
        <time>2026-04-30T15:52:09+00:00</time>
      </trkpt>
      <trkpt lat="54.85204" lon="25.50895">
        <ele>127</ele>
        <time>2026-04-30T15:52:12+00:00</time>
      </trkpt>
      <trkpt lat="54.85204" lon="25.50898">
        <ele>127</ele>
        <time>2026-04-30T15:52:15+00:00</time>
      </trkpt>
      <trkpt lat="54.85204" lon="25.50902">
        <ele>127</ele>
        <time>2026-04-30T15:52:18+00:00</time>
      </trkpt>
      <trkpt lat="54.85214" lon="25.50906">
        <ele>127</ele>
        <time>2026-04-30T15:52:21+00:00</time>
      </trkpt>
      <trkpt lat="54.85247" lon="25.50902">
        <ele>147</ele>
        <time>2026-04-30T15:52:24+00:00</time>
      </trkpt>
      <trkpt lat="54.85265" lon="25.50912">
        <ele>147</ele>
        <time>2026-04-30T15:52:27+00:00</time>
      </trkpt>
      <trkpt lat="54.85292" lon="25.50923">
        <ele>148</ele>
        <time>2026-04-30T15:52:30+00:00</time>
      </trkpt>
      <trkpt lat="54.85308" lon="25.50927">
        <ele>166</ele>
        <time>2026-04-30T15:52:33+00:00</time>
      </trkpt>
      <trkpt lat="54.8532" lon="25.50923">
        <ele>131</ele>
        <time>2026-04-30T15:52:36+00:00</time>
      </trkpt>
      <trkpt lat="54.85325" lon="25.50918">
        <ele>172</ele>
        <time>2026-04-30T15:52:39+00:00</time>
      </trkpt>
      <trkpt lat="54.85326" lon="25.50917">
        <ele>131</ele>
        <time>2026-04-30T15:52:42+00:00</time>
      </trkpt>
      <trkpt lat="54.85327" lon="25.50916">
        <ele>131</ele>
        <time>2026-04-30T15:52:45+00:00</time>
      </trkpt>
      <trkpt lat="54.85327" lon="25.50913">
        <ele>131</ele>
        <time>2026-04-30T15:52:48+00:00</time>
      </trkpt>
      <trkpt lat="54.85327" lon="25.50912">
        <ele>131</ele>
        <time>2026-04-30T15:52:51+00:00</time>
      </trkpt>
      <trkpt lat="54.85328" lon="25.50909">
        <ele>132</ele>
        <time>2026-04-30T15:52:54+00:00</time>
      </trkpt>
      <trkpt lat="54.85334" lon="25.50902">
        <ele>132</ele>
        <time>2026-04-30T15:52:57+00:00</time>
      </trkpt>
      <trkpt lat="54.85339" lon="25.50896">
        <ele>175</ele>
        <time>2026-04-30T15:53:00+00:00</time>
      </trkpt>
      <trkpt lat="54.85341" lon="25.50894">
        <ele>132</ele>
        <time>2026-04-30T15:53:03+00:00</time>
      </trkpt>
      <trkpt lat="54.85343" lon="25.50893">
        <ele>132</ele>
        <time>2026-04-30T15:53:06+00:00</time>
      </trkpt>
      <trkpt lat="54.85346" lon="25.50894">
        <ele>132</ele>
        <time>2026-04-30T15:53:09+00:00</time>
      </trkpt>
      <trkpt lat="54.85353" lon="25.50897">
        <ele>132</ele>
        <time>2026-04-30T15:53:12+00:00</time>
      </trkpt>
      <trkpt lat="54.85365" lon="25.50904">
        <ele>172</ele>
        <time>2026-04-30T15:53:15+00:00</time>
      </trkpt>
      <trkpt lat="54.85373" lon="25.50913">
        <ele>132</ele>
        <time>2026-04-30T15:53:18+00:00</time>
      </trkpt>
      <trkpt lat="54.85383" lon="25.50925">
        <ele>169</ele>
        <time>2026-04-30T15:53:21+00:00</time>
      </trkpt>
      <trkpt lat="54.85391" lon="25.50936">
        <ele>133</ele>
        <time>2026-04-30T15:53:24+00:00</time>
      </trkpt>
      <trkpt lat="54.85409" lon="25.50967">
        <ele>160</ele>
        <time>2026-04-30T15:53:27+00:00</time>
      </trkpt>
      <trkpt lat="54.85411" lon="25.50972">
        <ele>133</ele>
        <time>2026-04-30T15:53:30+00:00</time>
      </trkpt>
      <trkpt lat="54.85419" lon="25.50989">
        <ele>157</ele>
        <time>2026-04-30T15:53:33+00:00</time>
      </trkpt>
      <trkpt lat="54.85421" lon="25.50994">
        <ele>133</ele>
        <time>2026-04-30T15:53:36+00:00</time>
      </trkpt>
      <trkpt lat="54.85423" lon="25.50998">
        <ele>133</ele>
        <time>2026-04-30T15:53:39+00:00</time>
      </trkpt>
      <trkpt lat="54.85424" lon="25.51002">
        <ele>133</ele>
        <time>2026-04-30T15:53:42+00:00</time>
      </trkpt>
      <trkpt lat="54.85428" lon="25.5101">
        <ele>133</ele>
        <time>2026-04-30T15:53:45+00:00</time>
      </trkpt>
      <trkpt lat="54.85429" lon="25.51015">
        <ele>159</ele>
        <time>2026-04-30T15:53:48+00:00</time>
      </trkpt>
      <trkpt lat="54.85441" lon="25.51044">
        <ele>158</ele>
        <time>2026-04-30T15:53:51+00:00</time>
      </trkpt>
      <trkpt lat="54.85446" lon="25.51059">
        <ele>133</ele>
        <time>2026-04-30T15:53:54+00:00</time>
      </trkpt>
      <trkpt lat="54.85455" lon="25.51076">
        <ele>158</ele>
        <time>2026-04-30T15:53:57+00:00</time>
      </trkpt>
      <trkpt lat="54.85456" lon="25.51082">
        <ele>133</ele>
        <time>2026-04-30T15:54:00+00:00</time>
      </trkpt>
      <trkpt lat="54.85468" lon="25.51105">
        <ele>153</ele>
        <time>2026-04-30T15:54:03+00:00</time>
      </trkpt>
      <trkpt lat="54.8547" lon="25.5111">
        <ele>133</ele>
        <time>2026-04-30T15:54:06+00:00</time>
      </trkpt>
      <trkpt lat="54.85471" lon="25.51114">
        <ele>133</ele>
        <time>2026-04-30T15:54:09+00:00</time>
      </trkpt>
      <trkpt lat="54.85484" lon="25.51139">
        <ele>153</ele>
        <time>2026-04-30T15:54:12+00:00</time>
      </trkpt>
      <trkpt lat="54.85487" lon="25.51147">
        <ele>133</ele>
        <time>2026-04-30T15:54:15+00:00</time>
      </trkpt>
      <trkpt lat="54.85496" lon="25.51171">
        <ele>150</ele>
        <time>2026-04-30T15:54:18+00:00</time>
      </trkpt>
      <trkpt lat="54.85497" lon="25.51176">
        <ele>133</ele>
        <time>2026-04-30T15:54:21+00:00</time>
      </trkpt>
      <trkpt lat="54.855" lon="25.51185">
        <ele>133</ele>
        <time>2026-04-30T15:54:24+00:00</time>
      </trkpt>
      <trkpt lat="54.85508" lon="25.51198">
        <ele>148</ele>
        <time>2026-04-30T15:54:27+00:00</time>
      </trkpt>
      <trkpt lat="54.85511" lon="25.51206">
        <ele>133</ele>
        <time>2026-04-30T15:54:30+00:00</time>
      </trkpt>
      <trkpt lat="54.85514" lon="25.51217">
        <ele>134</ele>
        <time>2026-04-30T15:54:33+00:00</time>
      </trkpt>
      <trkpt lat="54.85517" lon="25.51224">
        <ele>145</ele>
        <time>2026-04-30T15:54:36+00:00</time>
      </trkpt>
      <trkpt lat="54.85526" lon="25.51242">
        <ele>134</ele>
        <time>2026-04-30T15:54:39+00:00</time>
      </trkpt>
      <trkpt lat="54.85534" lon="25.51253">
        <ele>145</ele>
        <time>2026-04-30T15:54:42+00:00</time>
      </trkpt>
      <trkpt lat="54.85564" lon="25.5128">
        <ele>154</ele>
        <time>2026-04-30T15:54:45+00:00</time>
      </trkpt>
      <trkpt lat="54.8558" lon="25.51291">
        <ele>153</ele>
        <time>2026-04-30T15:54:48+00:00</time>
      </trkpt>
      <trkpt lat="54.85589" lon="25.51298">
        <ele>133</ele>
        <time>2026-04-30T15:54:51+00:00</time>
      </trkpt>
      <trkpt lat="54.85602" lon="25.51306">
        <ele>153</ele>
        <time>2026-04-30T15:54:54+00:00</time>
      </trkpt>
      <trkpt lat="54.85607" lon="25.51311">
        <ele>133</ele>
        <time>2026-04-30T15:54:57+00:00</time>
      </trkpt>
      <trkpt lat="54.85609" lon="25.51314">
        <ele>133</ele>
        <time>2026-04-30T15:55:00+00:00</time>
      </trkpt>
      <trkpt lat="54.85611" lon="25.51318">
        <ele>133</ele>
        <time>2026-04-30T15:55:03+00:00</time>
      </trkpt>
      <trkpt lat="54.85614" lon="25.51321">
        <ele>133</ele>
        <time>2026-04-30T15:55:06+00:00</time>
      </trkpt>
      <trkpt lat="54.8562" lon="25.51333">
        <ele>151</ele>
        <time>2026-04-30T15:55:09+00:00</time>
      </trkpt>
      <trkpt lat="54.85623" lon="25.51336">
        <ele>133</ele>
        <time>2026-04-30T15:55:12+00:00</time>
      </trkpt>
      <trkpt lat="54.85627" lon="25.51343">
        <ele>133</ele>
        <time>2026-04-30T15:55:15+00:00</time>
      </trkpt>
      <trkpt lat="54.85631" lon="25.51347">
        <ele>133</ele>
        <time>2026-04-30T15:55:18+00:00</time>
      </trkpt>
      <trkpt lat="54.85636" lon="25.51355">
        <ele>152</ele>
        <time>2026-04-30T15:55:21+00:00</time>
      </trkpt>
      <trkpt lat="54.85639" lon="25.51359">
        <ele>133</ele>
        <time>2026-04-30T15:55:24+00:00</time>
      </trkpt>
      <trkpt lat="54.85645" lon="25.51371">
        <ele>133</ele>
        <time>2026-04-30T15:55:27+00:00</time>
      </trkpt>
      <trkpt lat="54.85661" lon="25.51389">
        <ele>154</ele>
        <time>2026-04-30T15:55:30+00:00</time>
      </trkpt>
      <trkpt lat="54.85665" lon="25.51396">
        <ele>133</ele>
        <time>2026-04-30T15:55:33+00:00</time>
      </trkpt>
      <trkpt lat="54.85668" lon="25.51398">
        <ele>133</ele>
        <time>2026-04-30T15:55:36+00:00</time>
      </trkpt>
      <trkpt lat="54.8568" lon="25.51418">
        <ele>154</ele>
        <time>2026-04-30T15:55:39+00:00</time>
      </trkpt>
      <trkpt lat="54.85693" lon="25.51433">
        <ele>160</ele>
        <time>2026-04-30T15:55:42+00:00</time>
      </trkpt>
      <trkpt lat="54.85718" lon="25.51456">
        <ele>161</ele>
        <time>2026-04-30T15:55:45+00:00</time>
      </trkpt>
      <trkpt lat="54.85743" lon="25.51489">
        <ele>158</ele>
        <time>2026-04-30T15:55:48+00:00</time>
      </trkpt>
      <trkpt lat="54.85748" lon="25.51493">
        <ele>132</ele>
        <time>2026-04-30T15:55:51+00:00</time>
      </trkpt>
      <trkpt lat="54.85748" lon="25.51495">
        <ele>132</ele>
        <time>2026-04-30T15:55:54+00:00</time>
      </trkpt>
      <trkpt lat="54.85754" lon="25.51505">
        <ele>132</ele>
        <time>2026-04-30T15:55:57+00:00</time>
      </trkpt>
      <trkpt lat="54.85755" lon="25.5151">
        <ele>155</ele>
        <time>2026-04-30T15:56:00+00:00</time>
      </trkpt>
      <trkpt lat="54.85757" lon="25.51512">
        <ele>132</ele>
        <time>2026-04-30T15:56:03+00:00</time>
      </trkpt>
      <trkpt lat="54.85757" lon="25.51513">
        <ele>132</ele>
        <time>2026-04-30T15:56:06+00:00</time>
      </trkpt>
      <trkpt lat="54.85758" lon="25.51515">
        <ele>132</ele>
        <time>2026-04-30T15:56:09+00:00</time>
      </trkpt>
      <trkpt lat="54.85759" lon="25.51518">
        <ele>132</ele>
        <time>2026-04-30T15:56:12+00:00</time>
      </trkpt>
      <trkpt lat="54.8576" lon="25.51524">
        <ele>132</ele>
        <time>2026-04-30T15:56:15+00:00</time>
      </trkpt>
      <trkpt lat="54.85761" lon="25.51525">
        <ele>132</ele>
        <time>2026-04-30T15:56:18+00:00</time>
      </trkpt>
      <trkpt lat="54.85762" lon="25.51528">
        <ele>132</ele>
        <time>2026-04-30T15:56:21+00:00</time>
      </trkpt>
      <trkpt lat="54.85763" lon="25.51528">
        <ele>132</ele>
        <time>2026-04-30T15:56:24+00:00</time>
      </trkpt>
      <trkpt lat="54.85763" lon="25.51531">
        <ele>150</ele>
        <time>2026-04-30T15:56:27+00:00</time>
      </trkpt>
      <trkpt lat="54.85764" lon="25.51535">
        <ele>132</ele>
        <time>2026-04-30T15:56:30+00:00</time>
      </trkpt>
      <trkpt lat="54.85766" lon="25.51538">
        <ele>132</ele>
        <time>2026-04-30T15:56:33+00:00</time>
      </trkpt>
      <trkpt lat="54.85771" lon="25.51551">
        <ele>132</ele>
        <time>2026-04-30T15:56:36+00:00</time>
      </trkpt>
      <trkpt lat="54.85777" lon="25.51564">
        <ele>145</ele>
        <time>2026-04-30T15:56:39+00:00</time>
      </trkpt>
      <trkpt lat="54.85778" lon="25.51568">
        <ele>133</ele>
        <time>2026-04-30T15:56:42+00:00</time>
      </trkpt>
      <trkpt lat="54.85792" lon="25.51595">
        <ele>145</ele>
        <time>2026-04-30T15:56:45+00:00</time>
      </trkpt>
      <trkpt lat="54.85793" lon="25.51599">
        <ele>133</ele>
        <time>2026-04-30T15:56:48+00:00</time>
      </trkpt>
      <trkpt lat="54.85797" lon="25.51607">
        <ele>133</ele>
        <time>2026-04-30T15:56:51+00:00</time>
      </trkpt>
      <trkpt lat="54.85798" lon="25.51611">
        <ele>133</ele>
        <time>2026-04-30T15:56:54+00:00</time>
      </trkpt>
      <trkpt lat="54.85802" lon="25.51621">
        <ele>146</ele>
        <time>2026-04-30T15:56:57+00:00</time>
      </trkpt>
      <trkpt lat="54.85805" lon="25.51631">
        <ele>133</ele>
        <time>2026-04-30T15:57:00+00:00</time>
      </trkpt>
      <trkpt lat="54.85807" lon="25.51636">
        <ele>133</ele>
        <time>2026-04-30T15:57:03+00:00</time>
      </trkpt>
      <trkpt lat="54.85813" lon="25.5165">
        <ele>148</ele>
        <time>2026-04-30T15:57:06+00:00</time>
      </trkpt>
      <trkpt lat="54.85814" lon="25.51655">
        <ele>133</ele>
        <time>2026-04-30T15:57:09+00:00</time>
      </trkpt>
      <trkpt lat="54.85818" lon="25.51663">
        <ele>133</ele>
        <time>2026-04-30T15:57:12+00:00</time>
      </trkpt>
      <trkpt lat="54.85826" lon="25.51678">
        <ele>149</ele>
        <time>2026-04-30T15:57:15+00:00</time>
      </trkpt>
      <trkpt lat="54.85828" lon="25.51682">
        <ele>133</ele>
        <time>2026-04-30T15:57:18+00:00</time>
      </trkpt>
      <trkpt lat="54.85834" lon="25.51691">
        <ele>132</ele>
        <time>2026-04-30T15:57:21+00:00</time>
      </trkpt>
      <trkpt lat="54.85836" lon="25.51696">
        <ele>132</ele>
        <time>2026-04-30T15:57:24+00:00</time>
      </trkpt>
      <trkpt lat="54.85839" lon="25.51705">
        <ele>150</ele>
        <time>2026-04-30T15:57:27+00:00</time>
      </trkpt>
      <trkpt lat="54.85843" lon="25.51713">
        <ele>132</ele>
        <time>2026-04-30T15:57:30+00:00</time>
      </trkpt>
      <trkpt lat="54.85848" lon="25.51718">
        <ele>132</ele>
        <time>2026-04-30T15:57:33+00:00</time>
      </trkpt>
      <trkpt lat="54.85854" lon="25.51722">
        <ele>150</ele>
        <time>2026-04-30T15:57:36+00:00</time>
      </trkpt>
      <trkpt lat="54.85856" lon="25.51725">
        <ele>132</ele>
        <time>2026-04-30T15:57:39+00:00</time>
      </trkpt>
      <trkpt lat="54.85862" lon="25.51737">
        <ele>132</ele>
        <time>2026-04-30T15:57:42+00:00</time>
      </trkpt>
      <trkpt lat="54.85871" lon="25.51749">
        <ele>151</ele>
        <time>2026-04-30T15:57:45+00:00</time>
      </trkpt>
      <trkpt lat="54.8588" lon="25.51767">
        <ele>133</ele>
        <time>2026-04-30T15:57:48+00:00</time>
      </trkpt>
      <trkpt lat="54.85895" lon="25.51787">
        <ele>158</ele>
        <time>2026-04-30T15:57:51+00:00</time>
      </trkpt>
      <trkpt lat="54.85899" lon="25.51794">
        <ele>133</ele>
        <time>2026-04-30T15:57:54+00:00</time>
      </trkpt>
      <trkpt lat="54.85901" lon="25.518">
        <ele>133</ele>
        <time>2026-04-30T15:57:57+00:00</time>
      </trkpt>
      <trkpt lat="54.85902" lon="25.51807">
        <ele>133</ele>
        <time>2026-04-30T15:58:00+00:00</time>
      </trkpt>
      <trkpt lat="54.85908" lon="25.51821">
        <ele>161</ele>
        <time>2026-04-30T15:58:03+00:00</time>
      </trkpt>
      <trkpt lat="54.85913" lon="25.51828">
        <ele>133</ele>
        <time>2026-04-30T15:58:06+00:00</time>
      </trkpt>
      <trkpt lat="54.85919" lon="25.51834">
        <ele>133</ele>
        <time>2026-04-30T15:58:09+00:00</time>
      </trkpt>
      <trkpt lat="54.85933" lon="25.51855">
        <ele>165</ele>
        <time>2026-04-30T15:58:12+00:00</time>
      </trkpt>
      <trkpt lat="54.85937" lon="25.51863">
        <ele>133</ele>
        <time>2026-04-30T15:58:15+00:00</time>
      </trkpt>
      <trkpt lat="54.85946" lon="25.51885">
        <ele>165</ele>
        <time>2026-04-30T15:58:18+00:00</time>
      </trkpt>
      <trkpt lat="54.85951" lon="25.51892">
        <ele>133</ele>
        <time>2026-04-30T15:58:21+00:00</time>
      </trkpt>
      <trkpt lat="54.85961" lon="25.51912">
        <ele>165</ele>
        <time>2026-04-30T15:58:24+00:00</time>
      </trkpt>
      <trkpt lat="54.85963" lon="25.51916">
        <ele>133</ele>
        <time>2026-04-30T15:58:27+00:00</time>
      </trkpt>
      <trkpt lat="54.85975" lon="25.51939">
        <ele>165</ele>
        <time>2026-04-30T15:58:30+00:00</time>
      </trkpt>
      <trkpt lat="54.85979" lon="25.51957">
        <ele>133</ele>
        <time>2026-04-30T15:58:33+00:00</time>
      </trkpt>
      <trkpt lat="54.85984" lon="25.51977">
        <ele>152</ele>
        <time>2026-04-30T15:58:36+00:00</time>
      </trkpt>
      <trkpt lat="54.85986" lon="25.51982">
        <ele>133</ele>
        <time>2026-04-30T15:58:39+00:00</time>
      </trkpt>
      <trkpt lat="54.85989" lon="25.51993">
        <ele>133</ele>
        <time>2026-04-30T15:58:42+00:00</time>
      </trkpt>
      <trkpt lat="54.85991" lon="25.52003">
        <ele>148</ele>
        <time>2026-04-30T15:58:45+00:00</time>
      </trkpt>
      <trkpt lat="54.85994" lon="25.52013">
        <ele>133</ele>
        <time>2026-04-30T15:58:48+00:00</time>
      </trkpt>
      <trkpt lat="54.85995" lon="25.52018">
        <ele>133</ele>
        <time>2026-04-30T15:58:51+00:00</time>
      </trkpt>
      <trkpt lat="54.85997" lon="25.52022">
        <ele>133</ele>
        <time>2026-04-30T15:58:54+00:00</time>
      </trkpt>
      <trkpt lat="54.85998" lon="25.52027">
        <ele>147</ele>
        <time>2026-04-30T15:58:57+00:00</time>
      </trkpt>
      <trkpt lat="54.86001" lon="25.52032">
        <ele>133</ele>
        <time>2026-04-30T15:59:00+00:00</time>
      </trkpt>
      <trkpt lat="54.86005" lon="25.52048">
        <ele>133</ele>
        <time>2026-04-30T15:59:03+00:00</time>
      </trkpt>
      <trkpt lat="54.86005" lon="25.52053">
        <ele>148</ele>
        <time>2026-04-30T15:59:06+00:00</time>
      </trkpt>
      <trkpt lat="54.86008" lon="25.52064">
        <ele>133</ele>
        <time>2026-04-30T15:59:09+00:00</time>
      </trkpt>
      <trkpt lat="54.8601" lon="25.52075">
        <ele>133</ele>
        <time>2026-04-30T15:59:12+00:00</time>
      </trkpt>
      <trkpt lat="54.86012" lon="25.52084">
        <ele>146</ele>
        <time>2026-04-30T15:59:15+00:00</time>
      </trkpt>
      <trkpt lat="54.86016" lon="25.52104">
        <ele>133</ele>
        <time>2026-04-30T15:59:18+00:00</time>
      </trkpt>
      <trkpt lat="54.8602" lon="25.52125">
        <ele>153</ele>
        <time>2026-04-30T15:59:21+00:00</time>
      </trkpt>
      <trkpt lat="54.8602" lon="25.5213">
        <ele>133</ele>
        <time>2026-04-30T15:59:24+00:00</time>
      </trkpt>
      <trkpt lat="54.86021" lon="25.52135">
        <ele>134</ele>
        <time>2026-04-30T15:59:27+00:00</time>
      </trkpt>
      <trkpt lat="54.86021" lon="25.52145">
        <ele>134</ele>
        <time>2026-04-30T15:59:30+00:00</time>
      </trkpt>
      <trkpt lat="54.86023" lon="25.52155">
        <ele>161</ele>
        <time>2026-04-30T15:59:33+00:00</time>
      </trkpt>
      <trkpt lat="54.86023" lon="25.5217">
        <ele>134</ele>
        <time>2026-04-30T15:59:36+00:00</time>
      </trkpt>
      <trkpt lat="54.86024" lon="25.52176">
        <ele>134</ele>
        <time>2026-04-30T15:59:39+00:00</time>
      </trkpt>
      <trkpt lat="54.86023" lon="25.52181">
        <ele>134</ele>
        <time>2026-04-30T15:59:42+00:00</time>
      </trkpt>
      <trkpt lat="54.86023" lon="25.52197">
        <ele>163</ele>
        <time>2026-04-30T15:59:45+00:00</time>
      </trkpt>
      <trkpt lat="54.86023" lon="25.52223">
        <ele>134</ele>
        <time>2026-04-30T15:59:48+00:00</time>
      </trkpt>
      <trkpt lat="54.86024" lon="25.52233">
        <ele>163</ele>
        <time>2026-04-30T15:59:51+00:00</time>
      </trkpt>
      <trkpt lat="54.86025" lon="25.52244">
        <ele>134</ele>
        <time>2026-04-30T15:59:54+00:00</time>
      </trkpt>
      <trkpt lat="54.86027" lon="25.52265">
        <ele>157</ele>
        <time>2026-04-30T15:59:57+00:00</time>
      </trkpt>
      <trkpt lat="54.8603" lon="25.52279">
        <ele>134</ele>
        <time>2026-04-30T16:00:00+00:00</time>
      </trkpt>
      <trkpt lat="54.86031" lon="25.52284">
        <ele>134</ele>
        <time>2026-04-30T16:00:03+00:00</time>
      </trkpt>
      <trkpt lat="54.86034" lon="25.52298">
        <ele>151</ele>
        <time>2026-04-30T16:00:06+00:00</time>
      </trkpt>
      <trkpt lat="54.86041" lon="25.52307">
        <ele>134</ele>
        <time>2026-04-30T16:00:09+00:00</time>
      </trkpt>
      <trkpt lat="54.86045" lon="25.52315">
        <ele>134</ele>
        <time>2026-04-30T16:00:12+00:00</time>
      </trkpt>
      <trkpt lat="54.86046" lon="25.5232">
        <ele>146</ele>
        <time>2026-04-30T16:00:15+00:00</time>
      </trkpt>
      <trkpt lat="54.8605" lon="25.5234">
        <ele>134</ele>
        <time>2026-04-30T16:00:18+00:00</time>
      </trkpt>
      <trkpt lat="54.86053" lon="25.5235">
        <ele>142</ele>
        <time>2026-04-30T16:00:21+00:00</time>
      </trkpt>
      <trkpt lat="54.86054" lon="25.5236">
        <ele>134</ele>
        <time>2026-04-30T16:00:24+00:00</time>
      </trkpt>
      <trkpt lat="54.86054" lon="25.52365">
        <ele>134</ele>
        <time>2026-04-30T16:00:27+00:00</time>
      </trkpt>
      <trkpt lat="54.86054" lon="25.5237">
        <ele>134</ele>
        <time>2026-04-30T16:00:30+00:00</time>
      </trkpt>
      <trkpt lat="54.86052" lon="25.52374">
        <ele>134</ele>
        <time>2026-04-30T16:00:33+00:00</time>
      </trkpt>
      <trkpt lat="54.86051" lon="25.52379">
        <ele>146</ele>
        <time>2026-04-30T16:00:36+00:00</time>
      </trkpt>
      <trkpt lat="54.86048" lon="25.52385">
        <ele>133</ele>
        <time>2026-04-30T16:00:39+00:00</time>
      </trkpt>
      <trkpt lat="54.86045" lon="25.52401">
        <ele>133</ele>
        <time>2026-04-30T16:00:42+00:00</time>
      </trkpt>
      <trkpt lat="54.86045" lon="25.52417">
        <ele>147</ele>
        <time>2026-04-30T16:00:45+00:00</time>
      </trkpt>
      <trkpt lat="54.86046" lon="25.52422">
        <ele>133</ele>
        <time>2026-04-30T16:00:48+00:00</time>
      </trkpt>
      <trkpt lat="54.86047" lon="25.52427">
        <ele>132</ele>
        <time>2026-04-30T16:00:51+00:00</time>
      </trkpt>
      <trkpt lat="54.86048" lon="25.52432">
        <ele>132</ele>
        <time>2026-04-30T16:00:54+00:00</time>
      </trkpt>
      <trkpt lat="54.86048" lon="25.52437">
        <ele>132</ele>
        <time>2026-04-30T16:00:57+00:00</time>
      </trkpt>
      <trkpt lat="54.8605" lon="25.52441">
        <ele>132</ele>
        <time>2026-04-30T16:01:00+00:00</time>
      </trkpt>
      <trkpt lat="54.8605" lon="25.52447">
        <ele>148</ele>
        <time>2026-04-30T16:01:03+00:00</time>
      </trkpt>
      <trkpt lat="54.8605" lon="25.52471">
        <ele>131</ele>
        <time>2026-04-30T16:01:06+00:00</time>
      </trkpt>
      <trkpt lat="54.86049" lon="25.52475">
        <ele>141</ele>
        <time>2026-04-30T16:01:09+00:00</time>
      </trkpt>
      <trkpt lat="54.86047" lon="25.52491">
        <ele>130</ele>
        <time>2026-04-30T16:01:12+00:00</time>
      </trkpt>
      <trkpt lat="54.86043" lon="25.52507">
        <ele>140</ele>
        <time>2026-04-30T16:01:15+00:00</time>
      </trkpt>
      <trkpt lat="54.86042" lon="25.52513">
        <ele>129</ele>
        <time>2026-04-30T16:01:18+00:00</time>
      </trkpt>
      <trkpt lat="54.8604" lon="25.52518">
        <ele>129</ele>
        <time>2026-04-30T16:01:21+00:00</time>
      </trkpt>
      <trkpt lat="54.86036" lon="25.52532">
        <ele>140</ele>
        <time>2026-04-30T16:01:24+00:00</time>
      </trkpt>
      <trkpt lat="54.86036" lon="25.52536">
        <ele>129</ele>
        <time>2026-04-30T16:01:27+00:00</time>
      </trkpt>
      <trkpt lat="54.86034" lon="25.52542">
        <ele>129</ele>
        <time>2026-04-30T16:01:30+00:00</time>
      </trkpt>
      <trkpt lat="54.86034" lon="25.52545">
        <ele>129</ele>
        <time>2026-04-30T16:01:33+00:00</time>
      </trkpt>
      <trkpt lat="54.86032" lon="25.52549">
        <ele>129</ele>
        <time>2026-04-30T16:01:36+00:00</time>
      </trkpt>
      <trkpt lat="54.86032" lon="25.52553">
        <ele>129</ele>
        <time>2026-04-30T16:01:39+00:00</time>
      </trkpt>
      <trkpt lat="54.86024" lon="25.52581">
        <ele>136</ele>
        <time>2026-04-30T16:01:42+00:00</time>
      </trkpt>
      <trkpt lat="54.86022" lon="25.52585">
        <ele>129</ele>
        <time>2026-04-30T16:01:45+00:00</time>
      </trkpt>
      <trkpt lat="54.8602" lon="25.52592">
        <ele>129</ele>
        <time>2026-04-30T16:01:48+00:00</time>
      </trkpt>
      <trkpt lat="54.86018" lon="25.52594">
        <ele>129</ele>
        <time>2026-04-30T16:01:51+00:00</time>
      </trkpt>
      <trkpt lat="54.86016" lon="25.52599">
        <ele>129</ele>
        <time>2026-04-30T16:01:54+00:00</time>
      </trkpt>
      <trkpt lat="54.8601" lon="25.52606">
        <ele>134</ele>
        <time>2026-04-30T16:01:57+00:00</time>
      </trkpt>
      <trkpt lat="54.86001" lon="25.52612">
        <ele>129</ele>
        <time>2026-04-30T16:02:00+00:00</time>
      </trkpt>
      <trkpt lat="54.85985" lon="25.52619">
        <ele>133</ele>
        <time>2026-04-30T16:02:03+00:00</time>
      </trkpt>
      <trkpt lat="54.85971" lon="25.52625">
        <ele>131</ele>
        <time>2026-04-30T16:02:06+00:00</time>
      </trkpt>
      <trkpt lat="54.85966" lon="25.52629">
        <ele>133</ele>
        <time>2026-04-30T16:02:09+00:00</time>
      </trkpt>
      <trkpt lat="54.8596" lon="25.52635">
        <ele>131</ele>
        <time>2026-04-30T16:02:12+00:00</time>
      </trkpt>
      <trkpt lat="54.85948" lon="25.52648">
        <ele>157</ele>
        <time>2026-04-30T16:02:15+00:00</time>
      </trkpt>
      <trkpt lat="54.85944" lon="25.52652">
        <ele>132</ele>
        <time>2026-04-30T16:02:18+00:00</time>
      </trkpt>
      <trkpt lat="54.85937" lon="25.52657">
        <ele>132</ele>
        <time>2026-04-30T16:02:21+00:00</time>
      </trkpt>
      <trkpt lat="54.85935" lon="25.52658">
        <ele>133</ele>
        <time>2026-04-30T16:02:24+00:00</time>
      </trkpt>
      <trkpt lat="54.85939" lon="25.52659">
        <ele>161</ele>
        <time>2026-04-30T16:02:27+00:00</time>
      </trkpt>
      <trkpt lat="54.85944" lon="25.52705">
        <ele>166</ele>
        <time>2026-04-30T16:02:30+00:00</time>
      </trkpt>
      <trkpt lat="54.85949" lon="25.52752">
        <ele>166</ele>
        <time>2026-04-30T16:02:33+00:00</time>
      </trkpt>
      <trkpt lat="54.85957" lon="25.52817">
        <ele>166</ele>
        <time>2026-04-30T16:02:36+00:00</time>
      </trkpt>
      <trkpt lat="54.85957" lon="25.52819">
        <ele>134</ele>
        <time>2026-04-30T16:02:39+00:00</time>
      </trkpt>
      <trkpt lat="54.85958" lon="25.52825">
        <ele>134</ele>
        <time>2026-04-30T16:02:42+00:00</time>
      </trkpt>
      <trkpt lat="54.85958" lon="25.52832">
        <ele>134</ele>
        <time>2026-04-30T16:02:45+00:00</time>
      </trkpt>
      <trkpt lat="54.85957" lon="25.52838">
        <ele>134</ele>
        <time>2026-04-30T16:02:48+00:00</time>
      </trkpt>
      <trkpt lat="54.85957" lon="25.52859">
        <ele>166</ele>
        <time>2026-04-30T16:02:51+00:00</time>
      </trkpt>
      <trkpt lat="54.85957" lon="25.52861">
        <ele>135</ele>
        <time>2026-04-30T16:02:54+00:00</time>
      </trkpt>
      <trkpt lat="54.85957" lon="25.52871">
        <ele>136</ele>
        <time>2026-04-30T16:02:57+00:00</time>
      </trkpt>
      <trkpt lat="54.85958" lon="25.52875">
        <ele>136</ele>
        <time>2026-04-30T16:03:00+00:00</time>
      </trkpt>
      <trkpt lat="54.85958" lon="25.52876">
        <ele>136</ele>
        <time>2026-04-30T16:03:03+00:00</time>
      </trkpt>
      <trkpt lat="54.85958" lon="25.52879">
        <ele>136</ele>
        <time>2026-04-30T16:03:06+00:00</time>
      </trkpt>
      <trkpt lat="54.85958" lon="25.52884">
        <ele>137</ele>
        <time>2026-04-30T16:03:09+00:00</time>
      </trkpt>
      <trkpt lat="54.85958" lon="25.52888">
        <ele>166</ele>
        <time>2026-04-30T16:03:12+00:00</time>
      </trkpt>
      <trkpt lat="54.85958" lon="25.529">
        <ele>137</ele>
        <time>2026-04-30T16:03:15+00:00</time>
      </trkpt>
      <trkpt lat="54.85958" lon="25.52904">
        <ele>137</ele>
        <time>2026-04-30T16:03:18+00:00</time>
      </trkpt>
      <trkpt lat="54.85959" lon="25.52935">
        <ele>165</ele>
        <time>2026-04-30T16:03:21+00:00</time>
      </trkpt>
      <trkpt lat="54.8596" lon="25.5294">
        <ele>136</ele>
        <time>2026-04-30T16:03:24+00:00</time>
      </trkpt>
      <trkpt lat="54.85962" lon="25.52952">
        <ele>136</ele>
        <time>2026-04-30T16:03:27+00:00</time>
      </trkpt>
      <trkpt lat="54.85963" lon="25.52957">
        <ele>136</ele>
        <time>2026-04-30T16:03:30+00:00</time>
      </trkpt>
      <trkpt lat="54.85963" lon="25.52979">
        <ele>164</ele>
        <time>2026-04-30T16:03:33+00:00</time>
      </trkpt>
      <trkpt lat="54.85965" lon="25.5299">
        <ele>136</ele>
        <time>2026-04-30T16:03:36+00:00</time>
      </trkpt>
      <trkpt lat="54.85965" lon="25.53">
        <ele>136</ele>
        <time>2026-04-30T16:03:39+00:00</time>
      </trkpt>
      <trkpt lat="54.85967" lon="25.53014">
        <ele>159</ele>
        <time>2026-04-30T16:03:42+00:00</time>
      </trkpt>
      <trkpt lat="54.8597" lon="25.53025">
        <ele>136</ele>
        <time>2026-04-30T16:03:45+00:00</time>
      </trkpt>
      <trkpt lat="54.8597" lon="25.53028">
        <ele>136</ele>
        <time>2026-04-30T16:03:48+00:00</time>
      </trkpt>
      <trkpt lat="54.85971" lon="25.5303">
        <ele>136</ele>
        <time>2026-04-30T16:03:51+00:00</time>
      </trkpt>
      <trkpt lat="54.8597" lon="25.53031">
        <ele>136</ele>
        <time>2026-04-30T16:03:54+00:00</time>
      </trkpt>
      <trkpt lat="54.8597" lon="25.53033">
        <ele>137</ele>
        <time>2026-04-30T16:03:57+00:00</time>
      </trkpt>
      <trkpt lat="54.85969" lon="25.53035">
        <ele>137</ele>
        <time>2026-04-30T16:04:00+00:00</time>
      </trkpt>
      <trkpt lat="54.85969" lon="25.53038">
        <ele>137</ele>
        <time>2026-04-30T16:04:03+00:00</time>
      </trkpt>
      <trkpt lat="54.8597" lon="25.5304">
        <ele>153</ele>
        <time>2026-04-30T16:04:06+00:00</time>
      </trkpt>
      <trkpt lat="54.8597" lon="25.53042">
        <ele>137</ele>
        <time>2026-04-30T16:04:09+00:00</time>
      </trkpt>
      <trkpt lat="54.85971" lon="25.53043">
        <ele>137</ele>
        <time>2026-04-30T16:04:12+00:00</time>
      </trkpt>
      <trkpt lat="54.85971" lon="25.53046">
        <ele>137</ele>
        <time>2026-04-30T16:04:15+00:00</time>
      </trkpt>
      <trkpt lat="54.85971" lon="25.53055">
        <ele>137</ele>
        <time>2026-04-30T16:04:18+00:00</time>
      </trkpt>
      <trkpt lat="54.85974" lon="25.5306">
        <ele>137</ele>
        <time>2026-04-30T16:04:21+00:00</time>
      </trkpt>
      <trkpt lat="54.85978" lon="25.53064">
        <ele>152</ele>
        <time>2026-04-30T16:04:24+00:00</time>
      </trkpt>
      <trkpt lat="54.8598" lon="25.53065">
        <ele>137</ele>
        <time>2026-04-30T16:04:27+00:00</time>
      </trkpt>
      <trkpt lat="54.85983" lon="25.53065">
        <ele>137</ele>
        <time>2026-04-30T16:04:30+00:00</time>
      </trkpt>
      <trkpt lat="54.85989" lon="25.53063">
        <ele>137</ele>
        <time>2026-04-30T16:04:33+00:00</time>
      </trkpt>
      <trkpt lat="54.86002" lon="25.53059">
        <ele>149</ele>
        <time>2026-04-30T16:04:36+00:00</time>
      </trkpt>
      <trkpt lat="54.86021" lon="25.53055">
        <ele>152</ele>
        <time>2026-04-30T16:04:39+00:00</time>
      </trkpt>
      <trkpt lat="54.86032" lon="25.53051">
        <ele>137</ele>
        <time>2026-04-30T16:04:42+00:00</time>
      </trkpt>
      <trkpt lat="54.86061" lon="25.53047">
        <ele>155</ele>
        <time>2026-04-30T16:04:45+00:00</time>
      </trkpt>
      <trkpt lat="54.86074" lon="25.53047">
        <ele>137</ele>
        <time>2026-04-30T16:04:48+00:00</time>
      </trkpt>
      <trkpt lat="54.86089" lon="25.53045">
        <ele>164</ele>
        <time>2026-04-30T16:04:51+00:00</time>
      </trkpt>
      <trkpt lat="54.86101" lon="25.53042">
        <ele>137</ele>
        <time>2026-04-30T16:04:54+00:00</time>
      </trkpt>
      <trkpt lat="54.86108" lon="25.53041">
        <ele>164</ele>
        <time>2026-04-30T16:04:57+00:00</time>
      </trkpt>
      <trkpt lat="54.86115" lon="25.53038">
        <ele>137</ele>
        <time>2026-04-30T16:05:00+00:00</time>
      </trkpt>
      <trkpt lat="54.86122" lon="25.53034">
        <ele>136</ele>
        <time>2026-04-30T16:05:03+00:00</time>
      </trkpt>
      <trkpt lat="54.86132" lon="25.5303">
        <ele>165</ele>
        <time>2026-04-30T16:05:06+00:00</time>
      </trkpt>
      <trkpt lat="54.86147" lon="25.53028">
        <ele>136</ele>
        <time>2026-04-30T16:05:09+00:00</time>
      </trkpt>
      <trkpt lat="54.86156" lon="25.53025">
        <ele>165</ele>
        <time>2026-04-30T16:05:12+00:00</time>
      </trkpt>
      <trkpt lat="54.86174" lon="25.53021">
        <ele>160</ele>
        <time>2026-04-30T16:05:15+00:00</time>
      </trkpt>
      <trkpt lat="54.86196" lon="25.53017">
        <ele>158</ele>
        <time>2026-04-30T16:05:18+00:00</time>
      </trkpt>
      <trkpt lat="54.86207" lon="25.53017">
        <ele>131</ele>
        <time>2026-04-30T16:05:21+00:00</time>
      </trkpt>
      <trkpt lat="54.86224" lon="25.53012">
        <ele>153</ele>
        <time>2026-04-30T16:05:24+00:00</time>
      </trkpt>
      <trkpt lat="54.86237" lon="25.53011">
        <ele>130</ele>
        <time>2026-04-30T16:05:27+00:00</time>
      </trkpt>
      <trkpt lat="54.86243" lon="25.53009">
        <ele>147</ele>
        <time>2026-04-30T16:05:30+00:00</time>
      </trkpt>
      <trkpt lat="54.86253" lon="25.53008">
        <ele>130</ele>
        <time>2026-04-30T16:05:33+00:00</time>
      </trkpt>
      <trkpt lat="54.86264" lon="25.53006">
        <ele>147</ele>
        <time>2026-04-30T16:05:36+00:00</time>
      </trkpt>
      <trkpt lat="54.86278" lon="25.53005">
        <ele>130</ele>
        <time>2026-04-30T16:05:39+00:00</time>
      </trkpt>
      <trkpt lat="54.8631" lon="25.52997">
        <ele>144</ele>
        <time>2026-04-30T16:05:42+00:00</time>
      </trkpt>
      <trkpt lat="54.86319" lon="25.52993">
        <ele>130</ele>
        <time>2026-04-30T16:05:45+00:00</time>
      </trkpt>
      <trkpt lat="54.86324" lon="25.52993">
        <ele>130</ele>
        <time>2026-04-30T16:05:48+00:00</time>
      </trkpt>
      <trkpt lat="54.86326" lon="25.5299">
        <ele>141</ele>
        <time>2026-04-30T16:05:51+00:00</time>
      </trkpt>
      <trkpt lat="54.86331" lon="25.52989">
        <ele>131</ele>
        <time>2026-04-30T16:05:54+00:00</time>
      </trkpt>
      <trkpt lat="54.86333" lon="25.52989">
        <ele>131</ele>
        <time>2026-04-30T16:05:57+00:00</time>
      </trkpt>
      <trkpt lat="54.86336" lon="25.52988">
        <ele>131</ele>
        <time>2026-04-30T16:06:00+00:00</time>
      </trkpt>
      <trkpt lat="54.86346" lon="25.52988">
        <ele>141</ele>
        <time>2026-04-30T16:06:03+00:00</time>
      </trkpt>
      <trkpt lat="54.86358" lon="25.52987">
        <ele>132</ele>
        <time>2026-04-30T16:06:06+00:00</time>
      </trkpt>
      <trkpt lat="54.86362" lon="25.52985">
        <ele>145</ele>
        <time>2026-04-30T16:06:09+00:00</time>
      </trkpt>
      <trkpt lat="54.86369" lon="25.52984">
        <ele>132</ele>
        <time>2026-04-30T16:06:12+00:00</time>
      </trkpt>
      <trkpt lat="54.86381" lon="25.52984">
        <ele>150</ele>
        <time>2026-04-30T16:06:15+00:00</time>
      </trkpt>
      <trkpt lat="54.86387" lon="25.52983">
        <ele>132</ele>
        <time>2026-04-30T16:06:18+00:00</time>
      </trkpt>
      <trkpt lat="54.86392" lon="25.52981">
        <ele>132</ele>
        <time>2026-04-30T16:06:21+00:00</time>
      </trkpt>
      <trkpt lat="54.8641" lon="25.52978">
        <ele>150</ele>
        <time>2026-04-30T16:06:24+00:00</time>
      </trkpt>
      <trkpt lat="54.86416" lon="25.52976">
        <ele>132</ele>
        <time>2026-04-30T16:06:27+00:00</time>
      </trkpt>
      <trkpt lat="54.86428" lon="25.52976">
        <ele>150</ele>
        <time>2026-04-30T16:06:30+00:00</time>
      </trkpt>
      <trkpt lat="54.86434" lon="25.52977">
        <ele>133</ele>
        <time>2026-04-30T16:06:33+00:00</time>
      </trkpt>
      <trkpt lat="54.86442" lon="25.52976">
        <ele>134</ele>
        <time>2026-04-30T16:06:36+00:00</time>
      </trkpt>
      <trkpt lat="54.86451" lon="25.52976">
        <ele>154</ele>
        <time>2026-04-30T16:06:39+00:00</time>
      </trkpt>
      <trkpt lat="54.86455" lon="25.52974">
        <ele>135</ele>
        <time>2026-04-30T16:06:42+00:00</time>
      </trkpt>
      <trkpt lat="54.86461" lon="25.52973">
        <ele>136</ele>
        <time>2026-04-30T16:06:45+00:00</time>
      </trkpt>
      <trkpt lat="54.86475" lon="25.52971">
        <ele>159</ele>
        <time>2026-04-30T16:06:48+00:00</time>
      </trkpt>
      <trkpt lat="54.86494" lon="25.52971">
        <ele>161</ele>
        <time>2026-04-30T16:06:51+00:00</time>
      </trkpt>
      <trkpt lat="54.86497" lon="25.52973">
        <ele>138</ele>
        <time>2026-04-30T16:06:54+00:00</time>
      </trkpt>
      <trkpt lat="54.86505" lon="25.52975">
        <ele>139</ele>
        <time>2026-04-30T16:06:57+00:00</time>
      </trkpt>
      <trkpt lat="54.86511" lon="25.52976">
        <ele>161</ele>
        <time>2026-04-30T16:07:00+00:00</time>
      </trkpt>
      <trkpt lat="54.86513" lon="25.52978">
        <ele>139</ele>
        <time>2026-04-30T16:07:03+00:00</time>
      </trkpt>
      <trkpt lat="54.86529" lon="25.52985">
        <ele>157</ele>
        <time>2026-04-30T16:07:06+00:00</time>
      </trkpt>
      <trkpt lat="54.86536" lon="25.5299">
        <ele>139</ele>
        <time>2026-04-30T16:07:09+00:00</time>
      </trkpt>
      <trkpt lat="54.86574" lon="25.53008">
        <ele>155</ele>
        <time>2026-04-30T16:07:12+00:00</time>
      </trkpt>
      <trkpt lat="54.86584" lon="25.53015">
        <ele>139</ele>
        <time>2026-04-30T16:07:15+00:00</time>
      </trkpt>
      <trkpt lat="54.86594" lon="25.53021">
        <ele>151</ele>
        <time>2026-04-30T16:07:18+00:00</time>
      </trkpt>
      <trkpt lat="54.86599" lon="25.53022">
        <ele>139</ele>
        <time>2026-04-30T16:07:21+00:00</time>
      </trkpt>
      <trkpt lat="54.8661" lon="25.53029">
        <ele>150</ele>
        <time>2026-04-30T16:07:24+00:00</time>
      </trkpt>
      <trkpt lat="54.86612" lon="25.53031">
        <ele>138</ele>
        <time>2026-04-30T16:07:27+00:00</time>
      </trkpt>
      <trkpt lat="54.86614" lon="25.53033">
        <ele>138</ele>
        <time>2026-04-30T16:07:30+00:00</time>
      </trkpt>
      <trkpt lat="54.86614" lon="25.53036">
        <ele>138</ele>
        <time>2026-04-30T16:07:33+00:00</time>
      </trkpt>
      <trkpt lat="54.86623" lon="25.53047">
        <ele>150</ele>
        <time>2026-04-30T16:07:36+00:00</time>
      </trkpt>
      <trkpt lat="54.86629" lon="25.5305">
        <ele>137</ele>
        <time>2026-04-30T16:07:39+00:00</time>
      </trkpt>
      <trkpt lat="54.86634" lon="25.53049">
        <ele>137</ele>
        <time>2026-04-30T16:07:42+00:00</time>
      </trkpt>
      <trkpt lat="54.86642" lon="25.5305">
        <ele>150</ele>
        <time>2026-04-30T16:07:45+00:00</time>
      </trkpt>
      <trkpt lat="54.8665" lon="25.53052">
        <ele>136</ele>
        <time>2026-04-30T16:07:48+00:00</time>
      </trkpt>
      <trkpt lat="54.86653" lon="25.53058">
        <ele>136</ele>
        <time>2026-04-30T16:07:51+00:00</time>
      </trkpt>
      <trkpt lat="54.86654" lon="25.5306">
        <ele>136</ele>
        <time>2026-04-30T16:07:54+00:00</time>
      </trkpt>
      <trkpt lat="54.86656" lon="25.53064">
        <ele>148</ele>
        <time>2026-04-30T16:07:57+00:00</time>
      </trkpt>
      <trkpt lat="54.86657" lon="25.53072">
        <ele>136</ele>
        <time>2026-04-30T16:08:00+00:00</time>
      </trkpt>
      <trkpt lat="54.86658" lon="25.53076">
        <ele>136</ele>
        <time>2026-04-30T16:08:03+00:00</time>
      </trkpt>
      <trkpt lat="54.8666" lon="25.53077">
        <ele>136</ele>
        <time>2026-04-30T16:08:06+00:00</time>
      </trkpt>
      <trkpt lat="54.8666" lon="25.53079">
        <ele>136</ele>
        <time>2026-04-30T16:08:09+00:00</time>
      </trkpt>
      <trkpt lat="54.86662" lon="25.5308">
        <ele>136</ele>
        <time>2026-04-30T16:08:12+00:00</time>
      </trkpt>
      <trkpt lat="54.86664" lon="25.53083">
        <ele>136</ele>
        <time>2026-04-30T16:08:15+00:00</time>
      </trkpt>
      <trkpt lat="54.86669" lon="25.53088">
        <ele>146</ele>
        <time>2026-04-30T16:08:18+00:00</time>
      </trkpt>
      <trkpt lat="54.86676" lon="25.53094">
        <ele>136</ele>
        <time>2026-04-30T16:08:21+00:00</time>
      </trkpt>
      <trkpt lat="54.8669" lon="25.53108">
        <ele>146</ele>
        <time>2026-04-30T16:08:24+00:00</time>
      </trkpt>
      <trkpt lat="54.86695" lon="25.5311">
        <ele>137</ele>
        <time>2026-04-30T16:08:27+00:00</time>
      </trkpt>
      <trkpt lat="54.86696" lon="25.53111">
        <ele>137</ele>
        <time>2026-04-30T16:08:30+00:00</time>
      </trkpt>
      <trkpt lat="54.86698" lon="25.53111">
        <ele>137</ele>
        <time>2026-04-30T16:08:33+00:00</time>
      </trkpt>
      <trkpt lat="54.86698" lon="25.53109">
        <ele>138</ele>
        <time>2026-04-30T16:08:36+00:00</time>
      </trkpt>
      <trkpt lat="54.86699" lon="25.53108">
        <ele>138</ele>
        <time>2026-04-30T16:08:39+00:00</time>
      </trkpt>
      <trkpt lat="54.86699" lon="25.53105">
        <ele>138</ele>
        <time>2026-04-30T16:08:42+00:00</time>
      </trkpt>
      <trkpt lat="54.867" lon="25.53103">
        <ele>138</ele>
        <time>2026-04-30T16:08:45+00:00</time>
      </trkpt>
      <trkpt lat="54.867" lon="25.53095">
        <ele>147</ele>
        <time>2026-04-30T16:08:48+00:00</time>
      </trkpt>
      <trkpt lat="54.86699" lon="25.53093">
        <ele>138</ele>
        <time>2026-04-30T16:08:51+00:00</time>
      </trkpt>
      <trkpt lat="54.86699" lon="25.5309">
        <ele>138</ele>
        <time>2026-04-30T16:08:54+00:00</time>
      </trkpt>
      <trkpt lat="54.86698" lon="25.53088">
        <ele>138</ele>
        <time>2026-04-30T16:08:57+00:00</time>
      </trkpt>
      <trkpt lat="54.86698" lon="25.53084">
        <ele>138</ele>
        <time>2026-04-30T16:09:00+00:00</time>
      </trkpt>
      <trkpt lat="54.86699" lon="25.53081">
        <ele>138</ele>
        <time>2026-04-30T16:09:03+00:00</time>
      </trkpt>
      <trkpt lat="54.86699" lon="25.5308">
        <ele>138</ele>
        <time>2026-04-30T16:09:06+00:00</time>
      </trkpt>
      <trkpt lat="54.867" lon="25.53078">
        <ele>137</ele>
        <time>2026-04-30T16:09:09+00:00</time>
      </trkpt>
      <trkpt lat="54.867" lon="25.53072">
        <ele>137</ele>
        <time>2026-04-30T16:09:12+00:00</time>
      </trkpt>
      <trkpt lat="54.86702" lon="25.53067">
        <ele>149</ele>
        <time>2026-04-30T16:09:15+00:00</time>
      </trkpt>
      <trkpt lat="54.86703" lon="25.53066">
        <ele>137</ele>
        <time>2026-04-30T16:09:18+00:00</time>
      </trkpt>
      <trkpt lat="54.86706" lon="25.53064">
        <ele>136</ele>
        <time>2026-04-30T16:09:21+00:00</time>
      </trkpt>
      <trkpt lat="54.86713" lon="25.53063">
        <ele>135</ele>
        <time>2026-04-30T16:09:24+00:00</time>
      </trkpt>
      <trkpt lat="54.86717" lon="25.53061">
        <ele>134</ele>
        <time>2026-04-30T16:09:27+00:00</time>
      </trkpt>
      <trkpt lat="54.86719" lon="25.53062">
        <ele>152</ele>
        <time>2026-04-30T16:09:30+00:00</time>
      </trkpt>
      <trkpt lat="54.8672" lon="25.53064">
        <ele>133</ele>
        <time>2026-04-30T16:09:33+00:00</time>
      </trkpt>
      <trkpt lat="54.86723" lon="25.53068">
        <ele>133</ele>
        <time>2026-04-30T16:09:36+00:00</time>
      </trkpt>
      <trkpt lat="54.86723" lon="25.53069">
        <ele>132</ele>
        <time>2026-04-30T16:09:39+00:00</time>
      </trkpt>
      <trkpt lat="54.86723" lon="25.53069">
        <ele>132</ele>
        <time>2026-04-30T16:09:42+00:00</time>
      </trkpt>
      <trkpt lat="54.86726" lon="25.53079">
        <ele>131</ele>
        <time>2026-04-30T16:09:45+00:00</time>
      </trkpt>
      <trkpt lat="54.86729" lon="25.53085">
        <ele>152</ele>
        <time>2026-04-30T16:09:48+00:00</time>
      </trkpt>
      <trkpt lat="54.86731" lon="25.5309">
        <ele>131</ele>
        <time>2026-04-30T16:09:51+00:00</time>
      </trkpt>
      <trkpt lat="54.86731" lon="25.53093">
        <ele>131</ele>
        <time>2026-04-30T16:09:54+00:00</time>
      </trkpt>
      <trkpt lat="54.86734" lon="25.53098">
        <ele>131</ele>
        <time>2026-04-30T16:09:57+00:00</time>
      </trkpt>
      <trkpt lat="54.86734" lon="25.53101">
        <ele>131</ele>
        <time>2026-04-30T16:10:00+00:00</time>
      </trkpt>
      <trkpt lat="54.86735" lon="25.53102">
        <ele>131</ele>
        <time>2026-04-30T16:10:03+00:00</time>
      </trkpt>
      <trkpt lat="54.86735" lon="25.53105">
        <ele>131</ele>
        <time>2026-04-30T16:10:06+00:00</time>
      </trkpt>
      <trkpt lat="54.86735" lon="25.53106">
        <ele>131</ele>
        <time>2026-04-30T16:10:09+00:00</time>
      </trkpt>
      <trkpt lat="54.86736" lon="25.5311">
        <ele>148</ele>
        <time>2026-04-30T16:10:12+00:00</time>
      </trkpt>
      <trkpt lat="54.8674" lon="25.53121">
        <ele>130</ele>
        <time>2026-04-30T16:10:15+00:00</time>
      </trkpt>
      <trkpt lat="54.86741" lon="25.53125">
        <ele>130</ele>
        <time>2026-04-30T16:10:18+00:00</time>
      </trkpt>
      <trkpt lat="54.86742" lon="25.53128">
        <ele>130</ele>
        <time>2026-04-30T16:10:21+00:00</time>
      </trkpt>
      <trkpt lat="54.86743" lon="25.5313">
        <ele>130</ele>
        <time>2026-04-30T16:10:24+00:00</time>
      </trkpt>
      <trkpt lat="54.86743" lon="25.53141">
        <ele>144</ele>
        <time>2026-04-30T16:10:27+00:00</time>
      </trkpt>
      <trkpt lat="54.86744" lon="25.53142">
        <ele>130</ele>
        <time>2026-04-30T16:10:30+00:00</time>
      </trkpt>
      <trkpt lat="54.86744" lon="25.53155">
        <ele>130</ele>
        <time>2026-04-30T16:10:33+00:00</time>
      </trkpt>
      <trkpt lat="54.86743" lon="25.53157">
        <ele>130</ele>
        <time>2026-04-30T16:10:36+00:00</time>
      </trkpt>
      <trkpt lat="54.86743" lon="25.53162">
        <ele>130</ele>
        <time>2026-04-30T16:10:39+00:00</time>
      </trkpt>
      <trkpt lat="54.86743" lon="25.53172">
        <ele>140</ele>
        <time>2026-04-30T16:10:42+00:00</time>
      </trkpt>
      <trkpt lat="54.86746" lon="25.53178">
        <ele>130</ele>
        <time>2026-04-30T16:10:45+00:00</time>
      </trkpt>
      <trkpt lat="54.86749" lon="25.53181">
        <ele>130</ele>
        <time>2026-04-30T16:10:48+00:00</time>
      </trkpt>
      <trkpt lat="54.86749" lon="25.53183">
        <ele>130</ele>
        <time>2026-04-30T16:10:51+00:00</time>
      </trkpt>
      <trkpt lat="54.86753" lon="25.53186">
        <ele>130</ele>
        <time>2026-04-30T16:10:54+00:00</time>
      </trkpt>
      <trkpt lat="54.86758" lon="25.53191">
        <ele>138</ele>
        <time>2026-04-30T16:10:57+00:00</time>
      </trkpt>
      <trkpt lat="54.86761" lon="25.53194">
        <ele>130</ele>
        <time>2026-04-30T16:11:00+00:00</time>
      </trkpt>
      <trkpt lat="54.86773" lon="25.53208">
        <ele>136</ele>
        <time>2026-04-30T16:11:03+00:00</time>
      </trkpt>
      <trkpt lat="54.86777" lon="25.53217">
        <ele>130</ele>
        <time>2026-04-30T16:11:06+00:00</time>
      </trkpt>
      <trkpt lat="54.86779" lon="25.53224">
        <ele>130</ele>
        <time>2026-04-30T16:11:09+00:00</time>
      </trkpt>
      <trkpt lat="54.86781" lon="25.53226">
        <ele>130</ele>
        <time>2026-04-30T16:11:12+00:00</time>
      </trkpt>
      <trkpt lat="54.86781" lon="25.53228">
        <ele>130</ele>
        <time>2026-04-30T16:11:15+00:00</time>
      </trkpt>
      <trkpt lat="54.86782" lon="25.53231">
        <ele>134</ele>
        <time>2026-04-30T16:11:18+00:00</time>
      </trkpt>
      <trkpt lat="54.86782" lon="25.53233">
        <ele>131</ele>
        <time>2026-04-30T16:11:21+00:00</time>
      </trkpt>
      <trkpt lat="54.86783" lon="25.53237">
        <ele>131</ele>
        <time>2026-04-30T16:11:24+00:00</time>
      </trkpt>
      <trkpt lat="54.86783" lon="25.5324">
        <ele>131</ele>
        <time>2026-04-30T16:11:27+00:00</time>
      </trkpt>
      <trkpt lat="54.86784" lon="25.53244">
        <ele>131</ele>
        <time>2026-04-30T16:11:30+00:00</time>
      </trkpt>
      <trkpt lat="54.86784" lon="25.53248">
        <ele>131</ele>
        <time>2026-04-30T16:11:33+00:00</time>
      </trkpt>
      <trkpt lat="54.86785" lon="25.53252">
        <ele>131</ele>
        <time>2026-04-30T16:11:36+00:00</time>
      </trkpt>
      <trkpt lat="54.86785" lon="25.53276">
        <ele>133</ele>
        <time>2026-04-30T16:11:39+00:00</time>
      </trkpt>
      <trkpt lat="54.86786" lon="25.53283">
        <ele>131</ele>
        <time>2026-04-30T16:11:42+00:00</time>
      </trkpt>
      <trkpt lat="54.86786" lon="25.53289">
        <ele>131</ele>
        <time>2026-04-30T16:11:45+00:00</time>
      </trkpt>
      <trkpt lat="54.86787" lon="25.53299">
        <ele>131</ele>
        <time>2026-04-30T16:11:48+00:00</time>
      </trkpt>
      <trkpt lat="54.86789" lon="25.53303">
        <ele>133</ele>
        <time>2026-04-30T16:11:51+00:00</time>
      </trkpt>
      <trkpt lat="54.86789" lon="25.53308">
        <ele>131</ele>
        <time>2026-04-30T16:11:54+00:00</time>
      </trkpt>
      <trkpt lat="54.86792" lon="25.53317">
        <ele>131</ele>
        <time>2026-04-30T16:11:57+00:00</time>
      </trkpt>
      <trkpt lat="54.86794" lon="25.53324">
        <ele>131</ele>
        <time>2026-04-30T16:12:00+00:00</time>
      </trkpt>
      <trkpt lat="54.86799" lon="25.53334">
        <ele>134</ele>
        <time>2026-04-30T16:12:03+00:00</time>
      </trkpt>
      <trkpt lat="54.86807" lon="25.53344">
        <ele>132</ele>
        <time>2026-04-30T16:12:06+00:00</time>
      </trkpt>
      <trkpt lat="54.86816" lon="25.53351">
        <ele>139</ele>
        <time>2026-04-30T16:12:09+00:00</time>
      </trkpt>
      <trkpt lat="54.86849" lon="25.53372">
        <ele>141</ele>
        <time>2026-04-30T16:12:12+00:00</time>
      </trkpt>
      <trkpt lat="54.86859" lon="25.53376">
        <ele>134</ele>
        <time>2026-04-30T16:12:15+00:00</time>
      </trkpt>
      <trkpt lat="54.86868" lon="25.53382">
        <ele>142</ele>
        <time>2026-04-30T16:12:18+00:00</time>
      </trkpt>
      <trkpt lat="54.869" lon="25.53401">
        <ele>141</ele>
        <time>2026-04-30T16:12:21+00:00</time>
      </trkpt>
      <trkpt lat="54.86908" lon="25.53406">
        <ele>135</ele>
        <time>2026-04-30T16:12:24+00:00</time>
      </trkpt>
      <trkpt lat="54.86914" lon="25.53411">
        <ele>140</ele>
        <time>2026-04-30T16:12:27+00:00</time>
      </trkpt>
      <trkpt lat="54.86919" lon="25.53414">
        <ele>135</ele>
        <time>2026-04-30T16:12:30+00:00</time>
      </trkpt>
      <trkpt lat="54.86924" lon="25.53415">
        <ele>135</ele>
        <time>2026-04-30T16:12:33+00:00</time>
      </trkpt>
      <trkpt lat="54.86926" lon="25.53416">
        <ele>135</ele>
        <time>2026-04-30T16:12:36+00:00</time>
      </trkpt>
      <trkpt lat="54.86927" lon="25.53418">
        <ele>135</ele>
        <time>2026-04-30T16:12:39+00:00</time>
      </trkpt>
      <trkpt lat="54.86929" lon="25.53419">
        <ele>135</ele>
        <time>2026-04-30T16:12:42+00:00</time>
      </trkpt>
      <trkpt lat="54.8693" lon="25.53423">
        <ele>140</ele>
        <time>2026-04-30T16:12:45+00:00</time>
      </trkpt>
      <trkpt lat="54.86933" lon="25.53426">
        <ele>135</ele>
        <time>2026-04-30T16:12:48+00:00</time>
      </trkpt>
      <trkpt lat="54.86943" lon="25.5343">
        <ele>136</ele>
        <time>2026-04-30T16:12:51+00:00</time>
      </trkpt>
      <trkpt lat="54.86952" lon="25.53435">
        <ele>141</ele>
        <time>2026-04-30T16:12:54+00:00</time>
      </trkpt>
      <trkpt lat="54.86962" lon="25.53444">
        <ele>136</ele>
        <time>2026-04-30T16:12:57+00:00</time>
      </trkpt>
      <trkpt lat="54.86985" lon="25.53459">
        <ele>142</ele>
        <time>2026-04-30T16:13:00+00:00</time>
      </trkpt>
      <trkpt lat="54.87005" lon="25.53469">
        <ele>142</ele>
        <time>2026-04-30T16:13:03+00:00</time>
      </trkpt>
      <trkpt lat="54.87011" lon="25.53475">
        <ele>137</ele>
        <time>2026-04-30T16:13:06+00:00</time>
      </trkpt>
      <trkpt lat="54.87018" lon="25.53485">
        <ele>142</ele>
        <time>2026-04-30T16:13:09+00:00</time>
      </trkpt>
      <trkpt lat="54.87027" lon="25.53502">
        <ele>137</ele>
        <time>2026-04-30T16:13:12+00:00</time>
      </trkpt>
      <trkpt lat="54.87035" lon="25.53522">
        <ele>139</ele>
        <time>2026-04-30T16:13:15+00:00</time>
      </trkpt>
      <trkpt lat="54.87038" lon="25.53528">
        <ele>137</ele>
        <time>2026-04-30T16:13:18+00:00</time>
      </trkpt>
      <trkpt lat="54.8704" lon="25.53533">
        <ele>137</ele>
        <time>2026-04-30T16:13:21+00:00</time>
      </trkpt>
      <trkpt lat="54.87045" lon="25.53544">
        <ele>139</ele>
        <time>2026-04-30T16:13:24+00:00</time>
      </trkpt>
      <trkpt lat="54.87049" lon="25.53556">
        <ele>136</ele>
        <time>2026-04-30T16:13:27+00:00</time>
      </trkpt>
      <trkpt lat="54.87053" lon="25.53562">
        <ele>136</ele>
        <time>2026-04-30T16:13:30+00:00</time>
      </trkpt>
      <trkpt lat="54.87069" lon="25.53601">
        <ele>147</ele>
        <time>2026-04-30T16:13:33+00:00</time>
      </trkpt>
      <trkpt lat="54.87072" lon="25.53606">
        <ele>136</ele>
        <time>2026-04-30T16:13:36+00:00</time>
      </trkpt>
      <trkpt lat="54.87076" lon="25.53616">
        <ele>136</ele>
        <time>2026-04-30T16:13:39+00:00</time>
      </trkpt>
      <trkpt lat="54.87083" lon="25.5363">
        <ele>151</ele>
        <time>2026-04-30T16:13:42+00:00</time>
      </trkpt>
      <trkpt lat="54.87093" lon="25.53654">
        <ele>151</ele>
        <time>2026-04-30T16:13:45+00:00</time>
      </trkpt>
      <trkpt lat="54.87096" lon="25.53659">
        <ele>136</ele>
        <time>2026-04-30T16:13:48+00:00</time>
      </trkpt>
      <trkpt lat="54.87101" lon="25.53674">
        <ele>136</ele>
        <time>2026-04-30T16:13:51+00:00</time>
      </trkpt>
      <trkpt lat="54.87104" lon="25.53679">
        <ele>151</ele>
        <time>2026-04-30T16:13:54+00:00</time>
      </trkpt>
      <trkpt lat="54.87108" lon="25.53689">
        <ele>136</ele>
        <time>2026-04-30T16:13:57+00:00</time>
      </trkpt>
      <trkpt lat="54.8711" lon="25.53694">
        <ele>136</ele>
        <time>2026-04-30T16:14:00+00:00</time>
      </trkpt>
      <trkpt lat="54.87136" lon="25.53762">
        <ele>145</ele>
        <time>2026-04-30T16:14:03+00:00</time>
      </trkpt>
      <trkpt lat="54.87137" lon="25.53766">
        <ele>135</ele>
        <time>2026-04-30T16:14:06+00:00</time>
      </trkpt>
      <trkpt lat="54.87144" lon="25.53782">
        <ele>135</ele>
        <time>2026-04-30T16:14:09+00:00</time>
      </trkpt>
      <trkpt lat="54.87146" lon="25.53786">
        <ele>140</ele>
        <time>2026-04-30T16:14:12+00:00</time>
      </trkpt>
      <trkpt lat="54.87153" lon="25.53802">
        <ele>135</ele>
        <time>2026-04-30T16:14:15+00:00</time>
      </trkpt>
      <trkpt lat="54.87159" lon="25.53812">
        <ele>140</ele>
        <time>2026-04-30T16:14:18+00:00</time>
      </trkpt>
      <trkpt lat="54.87165" lon="25.53826">
        <ele>134</ele>
        <time>2026-04-30T16:14:21+00:00</time>
      </trkpt>
      <trkpt lat="54.87167" lon="25.5383">
        <ele>134</ele>
        <time>2026-04-30T16:14:24+00:00</time>
      </trkpt>
      <trkpt lat="54.87171" lon="25.5384">
        <ele>140</ele>
        <time>2026-04-30T16:14:27+00:00</time>
      </trkpt>
      <trkpt lat="54.87178" lon="25.53853">
        <ele>134</ele>
        <time>2026-04-30T16:14:30+00:00</time>
      </trkpt>
      <trkpt lat="54.8719" lon="25.53879">
        <ele>140</ele>
        <time>2026-04-30T16:14:33+00:00</time>
      </trkpt>
      <trkpt lat="54.872" lon="25.53896">
        <ele>132</ele>
        <time>2026-04-30T16:14:36+00:00</time>
      </trkpt>
      <trkpt lat="54.87202" lon="25.53898">
        <ele>139</ele>
        <time>2026-04-30T16:14:39+00:00</time>
      </trkpt>
      <trkpt lat="54.87206" lon="25.53907">
        <ele>132</ele>
        <time>2026-04-30T16:14:42+00:00</time>
      </trkpt>
      <trkpt lat="54.8721" lon="25.53916">
        <ele>132</ele>
        <time>2026-04-30T16:14:45+00:00</time>
      </trkpt>
      <trkpt lat="54.87214" lon="25.53938">
        <ele>139</ele>
        <time>2026-04-30T16:14:48+00:00</time>
      </trkpt>
      <trkpt lat="54.87215" lon="25.53943">
        <ele>131</ele>
        <time>2026-04-30T16:14:51+00:00</time>
      </trkpt>
      <trkpt lat="54.87217" lon="25.53954">
        <ele>130</ele>
        <time>2026-04-30T16:14:54+00:00</time>
      </trkpt>
      <trkpt lat="54.87218" lon="25.53959">
        <ele>130</ele>
        <time>2026-04-30T16:14:57+00:00</time>
      </trkpt>
      <trkpt lat="54.87221" lon="25.53972">
        <ele>136</ele>
        <time>2026-04-30T16:15:00+00:00</time>
      </trkpt>
      <trkpt lat="54.87224" lon="25.53981">
        <ele>129</ele>
        <time>2026-04-30T16:15:03+00:00</time>
      </trkpt>
      <trkpt lat="54.87226" lon="25.53984">
        <ele>129</ele>
        <time>2026-04-30T16:15:06+00:00</time>
      </trkpt>
      <trkpt lat="54.87226" lon="25.53987">
        <ele>129</ele>
        <time>2026-04-30T16:15:09+00:00</time>
      </trkpt>
      <trkpt lat="54.87231" lon="25.54002">
        <ele>133</ele>
        <time>2026-04-30T16:15:12+00:00</time>
      </trkpt>
      <trkpt lat="54.87237" lon="25.54011">
        <ele>129</ele>
        <time>2026-04-30T16:15:15+00:00</time>
      </trkpt>
      <trkpt lat="54.87239" lon="25.54014">
        <ele>129</ele>
        <time>2026-04-30T16:15:18+00:00</time>
      </trkpt>
      <trkpt lat="54.87242" lon="25.54015">
        <ele>129</ele>
        <time>2026-04-30T16:15:21+00:00</time>
      </trkpt>
      <trkpt lat="54.87249" lon="25.54017">
        <ele>131</ele>
        <time>2026-04-30T16:15:24+00:00</time>
      </trkpt>
      <trkpt lat="54.87258" lon="25.54018">
        <ele>129</ele>
        <time>2026-04-30T16:15:27+00:00</time>
      </trkpt>
      <trkpt lat="54.87266" lon="25.54021">
        <ele>133</ele>
        <time>2026-04-30T16:15:30+00:00</time>
      </trkpt>
      <trkpt lat="54.87281" lon="25.54029">
        <ele>136</ele>
        <time>2026-04-30T16:15:33+00:00</time>
      </trkpt>
      <trkpt lat="54.87298" lon="25.54041">
        <ele>136</ele>
        <time>2026-04-30T16:15:36+00:00</time>
      </trkpt>
      <trkpt lat="54.87307" lon="25.54046">
        <ele>131</ele>
        <time>2026-04-30T16:15:39+00:00</time>
      </trkpt>
      <trkpt lat="54.87315" lon="25.54052">
        <ele>144</ele>
        <time>2026-04-30T16:15:42+00:00</time>
      </trkpt>
      <trkpt lat="54.87327" lon="25.54061">
        <ele>131</ele>
        <time>2026-04-30T16:15:45+00:00</time>
      </trkpt>
      <trkpt lat="54.87331" lon="25.54065">
        <ele>150</ele>
        <time>2026-04-30T16:15:48+00:00</time>
      </trkpt>
      <trkpt lat="54.87335" lon="25.54069">
        <ele>131</ele>
        <time>2026-04-30T16:15:51+00:00</time>
      </trkpt>
      <trkpt lat="54.87341" lon="25.54081">
        <ele>132</ele>
        <time>2026-04-30T16:15:54+00:00</time>
      </trkpt>
      <trkpt lat="54.87348" lon="25.54082">
        <ele>150</ele>
        <time>2026-04-30T16:15:57+00:00</time>
      </trkpt>
      <trkpt lat="54.87359" lon="25.54085">
        <ele>132</ele>
        <time>2026-04-30T16:16:00+00:00</time>
      </trkpt>
      <trkpt lat="54.87365" lon="25.54093">
        <ele>148</ele>
        <time>2026-04-30T16:16:03+00:00</time>
      </trkpt>
      <trkpt lat="54.87371" lon="25.54106">
        <ele>132</ele>
        <time>2026-04-30T16:16:06+00:00</time>
      </trkpt>
      <trkpt lat="54.87377" lon="25.54117">
        <ele>148</ele>
        <time>2026-04-30T16:16:09+00:00</time>
      </trkpt>
      <trkpt lat="54.87401" lon="25.54139">
        <ele>148</ele>
        <time>2026-04-30T16:16:12+00:00</time>
      </trkpt>
      <trkpt lat="54.87406" lon="25.54147">
        <ele>133</ele>
        <time>2026-04-30T16:16:15+00:00</time>
      </trkpt>
      <trkpt lat="54.87407" lon="25.54159">
        <ele>134</ele>
        <time>2026-04-30T16:16:18+00:00</time>
      </trkpt>
      <trkpt lat="54.87406" lon="25.5416">
        <ele>134</ele>
        <time>2026-04-30T16:16:21+00:00</time>
      </trkpt>
      <trkpt lat="54.87406" lon="25.54173">
        <ele>146</ele>
        <time>2026-04-30T16:16:24+00:00</time>
      </trkpt>
      <trkpt lat="54.87405" lon="25.5418">
        <ele>134</ele>
        <time>2026-04-30T16:16:27+00:00</time>
      </trkpt>
      <trkpt lat="54.87404" lon="25.54183">
        <ele>134</ele>
        <time>2026-04-30T16:16:30+00:00</time>
      </trkpt>
      <trkpt lat="54.87403" lon="25.54186">
        <ele>134</ele>
        <time>2026-04-30T16:16:33+00:00</time>
      </trkpt>
      <trkpt lat="54.87402" lon="25.5419">
        <ele>134</ele>
        <time>2026-04-30T16:16:36+00:00</time>
      </trkpt>
      <trkpt lat="54.87401" lon="25.54193">
        <ele>134</ele>
        <time>2026-04-30T16:16:39+00:00</time>
      </trkpt>
      <trkpt lat="54.874" lon="25.542">
        <ele>145</ele>
        <time>2026-04-30T16:16:42+00:00</time>
      </trkpt>
      <trkpt lat="54.87398" lon="25.54203">
        <ele>134</ele>
        <time>2026-04-30T16:16:45+00:00</time>
      </trkpt>
      <trkpt lat="54.87398" lon="25.54206">
        <ele>134</ele>
        <time>2026-04-30T16:16:48+00:00</time>
      </trkpt>
      <trkpt lat="54.87398" lon="25.54209">
        <ele>134</ele>
        <time>2026-04-30T16:16:51+00:00</time>
      </trkpt>
      <trkpt lat="54.87398" lon="25.54221">
        <ele>134</ele>
        <time>2026-04-30T16:16:54+00:00</time>
      </trkpt>
      <trkpt lat="54.87401" lon="25.5423">
        <ele>143</ele>
        <time>2026-04-30T16:16:57+00:00</time>
      </trkpt>
      <trkpt lat="54.87403" lon="25.54235">
        <ele>135</ele>
        <time>2026-04-30T16:17:00+00:00</time>
      </trkpt>
      <trkpt lat="54.87405" lon="25.54241">
        <ele>135</ele>
        <time>2026-04-30T16:17:03+00:00</time>
      </trkpt>
      <trkpt lat="54.87405" lon="25.54249">
        <ele>135</ele>
        <time>2026-04-30T16:17:06+00:00</time>
      </trkpt>
      <trkpt lat="54.87406" lon="25.5425">
        <ele>135</ele>
        <time>2026-04-30T16:17:09+00:00</time>
      </trkpt>
      <trkpt lat="54.87406" lon="25.54254">
        <ele>142</ele>
        <time>2026-04-30T16:17:12+00:00</time>
      </trkpt>
      <trkpt lat="54.87407" lon="25.54257">
        <ele>135</ele>
        <time>2026-04-30T16:17:15+00:00</time>
      </trkpt>
      <trkpt lat="54.87407" lon="25.54262">
        <ele>135</ele>
        <time>2026-04-30T16:17:18+00:00</time>
      </trkpt>
      <trkpt lat="54.87406" lon="25.54269">
        <ele>135</ele>
        <time>2026-04-30T16:17:21+00:00</time>
      </trkpt>
      <trkpt lat="54.87396" lon="25.54294">
        <ele>143</ele>
        <time>2026-04-30T16:17:24+00:00</time>
      </trkpt>
      <trkpt lat="54.87395" lon="25.54297">
        <ele>135</ele>
        <time>2026-04-30T16:17:27+00:00</time>
      </trkpt>
      <trkpt lat="54.87395" lon="25.54303">
        <ele>135</ele>
        <time>2026-04-30T16:17:30+00:00</time>
      </trkpt>
      <trkpt lat="54.87395" lon="25.54314">
        <ele>135</ele>
        <time>2026-04-30T16:17:33+00:00</time>
      </trkpt>
      <trkpt lat="54.87396" lon="25.54321">
        <ele>145</ele>
        <time>2026-04-30T16:17:36+00:00</time>
      </trkpt>
      <trkpt lat="54.87396" lon="25.54324">
        <ele>135</ele>
        <time>2026-04-30T16:17:39+00:00</time>
      </trkpt>
      <trkpt lat="54.87398" lon="25.54339">
        <ele>135</ele>
        <time>2026-04-30T16:17:42+00:00</time>
      </trkpt>
      <trkpt lat="54.87398" lon="25.54342">
        <ele>135</ele>
        <time>2026-04-30T16:17:45+00:00</time>
      </trkpt>
      <trkpt lat="54.874" lon="25.5435">
        <ele>145</ele>
        <time>2026-04-30T16:17:48+00:00</time>
      </trkpt>
      <trkpt lat="54.874" lon="25.54357">
        <ele>135</ele>
        <time>2026-04-30T16:17:51+00:00</time>
      </trkpt>
      <trkpt lat="54.874" lon="25.54361">
        <ele>135</ele>
        <time>2026-04-30T16:17:54+00:00</time>
      </trkpt>
      <trkpt lat="54.874" lon="25.54369">
        <ele>135</ele>
        <time>2026-04-30T16:17:57+00:00</time>
      </trkpt>
      <trkpt lat="54.87401" lon="25.54372">
        <ele>135</ele>
        <time>2026-04-30T16:18:00+00:00</time>
      </trkpt>
      <trkpt lat="54.87401" lon="25.54388">
        <ele>147</ele>
        <time>2026-04-30T16:18:03+00:00</time>
      </trkpt>
      <trkpt lat="54.87402" lon="25.54391">
        <ele>135</ele>
        <time>2026-04-30T16:18:06+00:00</time>
      </trkpt>
      <trkpt lat="54.87402" lon="25.54395">
        <ele>135</ele>
        <time>2026-04-30T16:18:09+00:00</time>
      </trkpt>
      <trkpt lat="54.87402" lon="25.54398">
        <ele>135</ele>
        <time>2026-04-30T16:18:12+00:00</time>
      </trkpt>
      <trkpt lat="54.87405" lon="25.54402">
        <ele>135</ele>
        <time>2026-04-30T16:18:15+00:00</time>
      </trkpt>
      <trkpt lat="54.87415" lon="25.54413">
        <ele>149</ele>
        <time>2026-04-30T16:18:18+00:00</time>
      </trkpt>
      <trkpt lat="54.87422" lon="25.54419">
        <ele>135</ele>
        <time>2026-04-30T16:18:21+00:00</time>
      </trkpt>
      <trkpt lat="54.87429" lon="25.54426">
        <ele>149</ele>
        <time>2026-04-30T16:18:24+00:00</time>
      </trkpt>
      <trkpt lat="54.87431" lon="25.54429">
        <ele>135</ele>
        <time>2026-04-30T16:18:27+00:00</time>
      </trkpt>
      <trkpt lat="54.87435" lon="25.54441">
        <ele>135</ele>
        <time>2026-04-30T16:18:30+00:00</time>
      </trkpt>
      <trkpt lat="54.87437" lon="25.54456">
        <ele>143</ele>
        <time>2026-04-30T16:18:33+00:00</time>
      </trkpt>
      <trkpt lat="54.87437" lon="25.54483">
        <ele>140</ele>
        <time>2026-04-30T16:18:36+00:00</time>
      </trkpt>
      <trkpt lat="54.87437" lon="25.54488">
        <ele>135</ele>
        <time>2026-04-30T16:18:39+00:00</time>
      </trkpt>
      <trkpt lat="54.87437" lon="25.54493">
        <ele>135</ele>
        <time>2026-04-30T16:18:42+00:00</time>
      </trkpt>
      <trkpt lat="54.8744" lon="25.54507">
        <ele>135</ele>
        <time>2026-04-30T16:18:45+00:00</time>
      </trkpt>
      <trkpt lat="54.8744" lon="25.54511">
        <ele>137</ele>
        <time>2026-04-30T16:18:48+00:00</time>
      </trkpt>
      <trkpt lat="54.87441" lon="25.54513">
        <ele>135</ele>
        <time>2026-04-30T16:18:51+00:00</time>
      </trkpt>
      <trkpt lat="54.87441" lon="25.54525">
        <ele>135</ele>
        <time>2026-04-30T16:18:54+00:00</time>
      </trkpt>
      <trkpt lat="54.87439" lon="25.54538">
        <ele>137</ele>
        <time>2026-04-30T16:18:57+00:00</time>
      </trkpt>
      <trkpt lat="54.87438" lon="25.54543">
        <ele>135</ele>
        <time>2026-04-30T16:19:00+00:00</time>
      </trkpt>
      <trkpt lat="54.87433" lon="25.54567">
        <ele>136</ele>
        <time>2026-04-30T16:19:03+00:00</time>
      </trkpt>
      <trkpt lat="54.87428" lon="25.54592">
        <ele>134</ele>
        <time>2026-04-30T16:19:06+00:00</time>
      </trkpt>
      <trkpt lat="54.87424" lon="25.54606">
        <ele>136</ele>
        <time>2026-04-30T16:19:09+00:00</time>
      </trkpt>
      <trkpt lat="54.87421" lon="25.54627">
        <ele>133</ele>
        <time>2026-04-30T16:19:12+00:00</time>
      </trkpt>
      <trkpt lat="54.87419" lon="25.54634">
        <ele>137</ele>
        <time>2026-04-30T16:19:15+00:00</time>
      </trkpt>
      <trkpt lat="54.87416" lon="25.5465">
        <ele>133</ele>
        <time>2026-04-30T16:19:18+00:00</time>
      </trkpt>
      <trkpt lat="54.87411" lon="25.54674">
        <ele>137</ele>
        <time>2026-04-30T16:19:21+00:00</time>
      </trkpt>
      <trkpt lat="54.8741" lon="25.54683">
        <ele>132</ele>
        <time>2026-04-30T16:19:24+00:00</time>
      </trkpt>
      <trkpt lat="54.87401" lon="25.54712">
        <ele>142</ele>
        <time>2026-04-30T16:19:27+00:00</time>
      </trkpt>
      <trkpt lat="54.87385" lon="25.54756">
        <ele>142</ele>
        <time>2026-04-30T16:19:30+00:00</time>
      </trkpt>
      <trkpt lat="54.87381" lon="25.54769">
        <ele>132</ele>
        <time>2026-04-30T16:19:33+00:00</time>
      </trkpt>
      <trkpt lat="54.87373" lon="25.54796">
        <ele>142</ele>
        <time>2026-04-30T16:19:36+00:00</time>
      </trkpt>
      <trkpt lat="54.87369" lon="25.54808">
        <ele>133</ele>
        <time>2026-04-30T16:19:39+00:00</time>
      </trkpt>
      <trkpt lat="54.87368" lon="25.54814">
        <ele>133</ele>
        <time>2026-04-30T16:19:42+00:00</time>
      </trkpt>
      <trkpt lat="54.87365" lon="25.54826">
        <ele>134</ele>
        <time>2026-04-30T16:19:45+00:00</time>
      </trkpt>
      <trkpt lat="54.87363" lon="25.54837">
        <ele>133</ele>
        <time>2026-04-30T16:19:48+00:00</time>
      </trkpt>
      <trkpt lat="54.87361" lon="25.54842">
        <ele>133</ele>
        <time>2026-04-30T16:19:51+00:00</time>
      </trkpt>
      <trkpt lat="54.87359" lon="25.54852">
        <ele>133</ele>
        <time>2026-04-30T16:19:54+00:00</time>
      </trkpt>
      <trkpt lat="54.87357" lon="25.54857">
        <ele>133</ele>
        <time>2026-04-30T16:19:57+00:00</time>
      </trkpt>
      <trkpt lat="54.87355" lon="25.54868">
        <ele>134</ele>
        <time>2026-04-30T16:20:00+00:00</time>
      </trkpt>
      <trkpt lat="54.87353" lon="25.54874">
        <ele>134</ele>
        <time>2026-04-30T16:20:03+00:00</time>
      </trkpt>
      <trkpt lat="54.8735" lon="25.54885">
        <ele>133</ele>
        <time>2026-04-30T16:20:06+00:00</time>
      </trkpt>
      <trkpt lat="54.87345" lon="25.54904">
        <ele>135</ele>
        <time>2026-04-30T16:20:09+00:00</time>
      </trkpt>
      <trkpt lat="54.87344" lon="25.5491">
        <ele>136</ele>
        <time>2026-04-30T16:20:12+00:00</time>
      </trkpt>
      <trkpt lat="54.8734" lon="25.54922">
        <ele>135</ele>
        <time>2026-04-30T16:20:15+00:00</time>
      </trkpt>
      <trkpt lat="54.87336" lon="25.54939">
        <ele>136</ele>
        <time>2026-04-30T16:20:18+00:00</time>
      </trkpt>
      <trkpt lat="54.87334" lon="25.54955">
        <ele>135</ele>
        <time>2026-04-30T16:20:21+00:00</time>
      </trkpt>
      <trkpt lat="54.87334" lon="25.54965">
        <ele>135</ele>
        <time>2026-04-30T16:20:24+00:00</time>
      </trkpt>
      <trkpt lat="54.87335" lon="25.54971">
        <ele>138</ele>
        <time>2026-04-30T16:20:27+00:00</time>
      </trkpt>
      <trkpt lat="54.87336" lon="25.54977">
        <ele>135</ele>
        <time>2026-04-30T16:20:30+00:00</time>
      </trkpt>
      <trkpt lat="54.87338" lon="25.54982">
        <ele>135</ele>
        <time>2026-04-30T16:20:33+00:00</time>
      </trkpt>
      <trkpt lat="54.87343" lon="25.54991">
        <ele>135</ele>
        <time>2026-04-30T16:20:36+00:00</time>
      </trkpt>
      <trkpt lat="54.87349" lon="25.54998">
        <ele>138</ele>
        <time>2026-04-30T16:20:39+00:00</time>
      </trkpt>
      <trkpt lat="54.87355" lon="25.55005">
        <ele>135</ele>
        <time>2026-04-30T16:20:42+00:00</time>
      </trkpt>
      <trkpt lat="54.87365" lon="25.55013">
        <ele>139</ele>
        <time>2026-04-30T16:20:45+00:00</time>
      </trkpt>
      <trkpt lat="54.87386" lon="25.55027">
        <ele>140</ele>
        <time>2026-04-30T16:20:48+00:00</time>
      </trkpt>
      <trkpt lat="54.87399" lon="25.55039">
        <ele>134</ele>
        <time>2026-04-30T16:20:51+00:00</time>
      </trkpt>
      <trkpt lat="54.87409" lon="25.5505">
        <ele>140</ele>
        <time>2026-04-30T16:20:54+00:00</time>
      </trkpt>
      <trkpt lat="54.87416" lon="25.55057">
        <ele>133</ele>
        <time>2026-04-30T16:20:57+00:00</time>
      </trkpt>
      <trkpt lat="54.87435" lon="25.55067">
        <ele>140</ele>
        <time>2026-04-30T16:21:00+00:00</time>
      </trkpt>
      <trkpt lat="54.87459" lon="25.55075">
        <ele>140</ele>
        <time>2026-04-30T16:21:03+00:00</time>
      </trkpt>
      <trkpt lat="54.87468" lon="25.5508">
        <ele>132</ele>
        <time>2026-04-30T16:21:06+00:00</time>
      </trkpt>
      <trkpt lat="54.87481" lon="25.55089">
        <ele>142</ele>
        <time>2026-04-30T16:21:09+00:00</time>
      </trkpt>
      <trkpt lat="54.87492" lon="25.55099">
        <ele>132</ele>
        <time>2026-04-30T16:21:12+00:00</time>
      </trkpt>
      <trkpt lat="54.87501" lon="25.5511">
        <ele>143</ele>
        <time>2026-04-30T16:21:15+00:00</time>
      </trkpt>
      <trkpt lat="54.87503" lon="25.55113">
        <ele>132</ele>
        <time>2026-04-30T16:21:18+00:00</time>
      </trkpt>
      <trkpt lat="54.87506" lon="25.55117">
        <ele>132</ele>
        <time>2026-04-30T16:21:21+00:00</time>
      </trkpt>
      <trkpt lat="54.87514" lon="25.5513">
        <ele>143</ele>
        <time>2026-04-30T16:21:24+00:00</time>
      </trkpt>
      <trkpt lat="54.87518" lon="25.55139">
        <ele>132</ele>
        <time>2026-04-30T16:21:27+00:00</time>
      </trkpt>
      <trkpt lat="54.87523" lon="25.55149">
        <ele>132</ele>
        <time>2026-04-30T16:21:30+00:00</time>
      </trkpt>
      <trkpt lat="54.87528" lon="25.55159">
        <ele>155</ele>
        <time>2026-04-30T16:21:33+00:00</time>
      </trkpt>
      <trkpt lat="54.87536" lon="25.5518">
        <ele>133</ele>
        <time>2026-04-30T16:21:36+00:00</time>
      </trkpt>
      <trkpt lat="54.87538" lon="25.55185">
        <ele>155</ele>
        <time>2026-04-30T16:21:39+00:00</time>
      </trkpt>
      <trkpt lat="54.8754" lon="25.55191">
        <ele>133</ele>
        <time>2026-04-30T16:21:42+00:00</time>
      </trkpt>
      <trkpt lat="54.87546" lon="25.55203">
        <ele>133</ele>
        <time>2026-04-30T16:21:45+00:00</time>
      </trkpt>
      <trkpt lat="54.87553" lon="25.55222">
        <ele>155</ele>
        <time>2026-04-30T16:21:48+00:00</time>
      </trkpt>
      <trkpt lat="54.87558" lon="25.55234">
        <ele>133</ele>
        <time>2026-04-30T16:21:51+00:00</time>
      </trkpt>
      <trkpt lat="54.87566" lon="25.55254">
        <ele>153</ele>
        <time>2026-04-30T16:21:54+00:00</time>
      </trkpt>
      <trkpt lat="54.87575" lon="25.55283">
        <ele>152</ele>
        <time>2026-04-30T16:21:57+00:00</time>
      </trkpt>
      <trkpt lat="54.87581" lon="25.55298">
        <ele>134</ele>
        <time>2026-04-30T16:22:00+00:00</time>
      </trkpt>
      <trkpt lat="54.87584" lon="25.55303">
        <ele>134</ele>
        <time>2026-04-30T16:22:03+00:00</time>
      </trkpt>
      <trkpt lat="54.87588" lon="25.55314">
        <ele>152</ele>
        <time>2026-04-30T16:22:06+00:00</time>
      </trkpt>
      <trkpt lat="54.8759" lon="25.55319">
        <ele>134</ele>
        <time>2026-04-30T16:22:09+00:00</time>
      </trkpt>
      <trkpt lat="54.87602" lon="25.55351">
        <ele>151</ele>
        <time>2026-04-30T16:22:12+00:00</time>
      </trkpt>
      <trkpt lat="54.87611" lon="25.55379">
        <ele>151</ele>
        <time>2026-04-30T16:22:15+00:00</time>
      </trkpt>
      <trkpt lat="54.87612" lon="25.55384">
        <ele>134</ele>
        <time>2026-04-30T16:22:18+00:00</time>
      </trkpt>
      <trkpt lat="54.87615" lon="25.55397">
        <ele>134</ele>
        <time>2026-04-30T16:22:21+00:00</time>
      </trkpt>
      <trkpt lat="54.87618" lon="25.55409">
        <ele>149</ele>
        <time>2026-04-30T16:22:24+00:00</time>
      </trkpt>
      <trkpt lat="54.87627" lon="25.55428">
        <ele>134</ele>
        <time>2026-04-30T16:22:27+00:00</time>
      </trkpt>
      <trkpt lat="54.87631" lon="25.55441">
        <ele>150</ele>
        <time>2026-04-30T16:22:30+00:00</time>
      </trkpt>
      <trkpt lat="54.87632" lon="25.55445">
        <ele>134</ele>
        <time>2026-04-30T16:22:33+00:00</time>
      </trkpt>
      <trkpt lat="54.87634" lon="25.55449">
        <ele>134</ele>
        <time>2026-04-30T16:22:36+00:00</time>
      </trkpt>
      <trkpt lat="54.87635" lon="25.55452">
        <ele>134</ele>
        <time>2026-04-30T16:22:39+00:00</time>
      </trkpt>
      <trkpt lat="54.87638" lon="25.55458">
        <ele>134</ele>
        <time>2026-04-30T16:22:42+00:00</time>
      </trkpt>
      <trkpt lat="54.87645" lon="25.55474">
        <ele>151</ele>
        <time>2026-04-30T16:22:45+00:00</time>
      </trkpt>
      <trkpt lat="54.87648" lon="25.55484">
        <ele>134</ele>
        <time>2026-04-30T16:22:48+00:00</time>
      </trkpt>
      <trkpt lat="54.87651" lon="25.55491">
        <ele>134</ele>
        <time>2026-04-30T16:22:51+00:00</time>
      </trkpt>
      <trkpt lat="54.87651" lon="25.55495">
        <ele>134</ele>
        <time>2026-04-30T16:22:54+00:00</time>
      </trkpt>
      <trkpt lat="54.87654" lon="25.55503">
        <ele>147</ele>
        <time>2026-04-30T16:22:57+00:00</time>
      </trkpt>
      <trkpt lat="54.87656" lon="25.55517">
        <ele>134</ele>
        <time>2026-04-30T16:23:00+00:00</time>
      </trkpt>
      <trkpt lat="54.87663" lon="25.55534">
        <ele>143</ele>
        <time>2026-04-30T16:23:03+00:00</time>
      </trkpt>
      <trkpt lat="54.87666" lon="25.55544">
        <ele>135</ele>
        <time>2026-04-30T16:23:06+00:00</time>
      </trkpt>
      <trkpt lat="54.87667" lon="25.5555">
        <ele>135</ele>
        <time>2026-04-30T16:23:09+00:00</time>
      </trkpt>
      <trkpt lat="54.8767" lon="25.5556">
        <ele>146</ele>
        <time>2026-04-30T16:23:12+00:00</time>
      </trkpt>
      <trkpt lat="54.87674" lon="25.55574">
        <ele>135</ele>
        <time>2026-04-30T16:23:15+00:00</time>
      </trkpt>
      <trkpt lat="54.87678" lon="25.55591">
        <ele>149</ele>
        <time>2026-04-30T16:23:18+00:00</time>
      </trkpt>
      <trkpt lat="54.87681" lon="25.55609">
        <ele>134</ele>
        <time>2026-04-30T16:23:21+00:00</time>
      </trkpt>
      <trkpt lat="54.87685" lon="25.55623">
        <ele>150</ele>
        <time>2026-04-30T16:23:24+00:00</time>
      </trkpt>
      <trkpt lat="54.87691" lon="25.5566">
        <ele>152</ele>
        <time>2026-04-30T16:23:27+00:00</time>
      </trkpt>
      <trkpt lat="54.87694" lon="25.55674">
        <ele>134</ele>
        <time>2026-04-30T16:23:30+00:00</time>
      </trkpt>
      <trkpt lat="54.87696" lon="25.55687">
        <ele>152</ele>
        <time>2026-04-30T16:23:33+00:00</time>
      </trkpt>
      <trkpt lat="54.87704" lon="25.55713">
        <ele>152</ele>
        <time>2026-04-30T16:23:36+00:00</time>
      </trkpt>
      <trkpt lat="54.87706" lon="25.5572">
        <ele>134</ele>
        <time>2026-04-30T16:23:39+00:00</time>
      </trkpt>
      <trkpt lat="54.87709" lon="25.55733">
        <ele>134</ele>
        <time>2026-04-30T16:23:42+00:00</time>
      </trkpt>
      <trkpt lat="54.87712" lon="25.55745">
        <ele>152</ele>
        <time>2026-04-30T16:23:45+00:00</time>
      </trkpt>
      <trkpt lat="54.87712" lon="25.55751">
        <ele>134</ele>
        <time>2026-04-30T16:23:48+00:00</time>
      </trkpt>
      <trkpt lat="54.87714" lon="25.55757">
        <ele>134</ele>
        <time>2026-04-30T16:23:51+00:00</time>
      </trkpt>
      <trkpt lat="54.87716" lon="25.5577">
        <ele>134</ele>
        <time>2026-04-30T16:23:54+00:00</time>
      </trkpt>
      <trkpt lat="54.8772" lon="25.55788">
        <ele>152</ele>
        <time>2026-04-30T16:23:57+00:00</time>
      </trkpt>
      <trkpt lat="54.87723" lon="25.55811">
        <ele>135</ele>
        <time>2026-04-30T16:24:00+00:00</time>
      </trkpt>
      <trkpt lat="54.87723" lon="25.55817">
        <ele>149</ele>
        <time>2026-04-30T16:24:03+00:00</time>
      </trkpt>
      <trkpt lat="54.87727" lon="25.55843">
        <ele>149</ele>
        <time>2026-04-30T16:24:06+00:00</time>
      </trkpt>
      <trkpt lat="54.87734" lon="25.55889">
        <ele>149</ele>
        <time>2026-04-30T16:24:09+00:00</time>
      </trkpt>
      <trkpt lat="54.87734" lon="25.55894">
        <ele>136</ele>
        <time>2026-04-30T16:24:12+00:00</time>
      </trkpt>
      <trkpt lat="54.87735" lon="25.55901">
        <ele>136</ele>
        <time>2026-04-30T16:24:15+00:00</time>
      </trkpt>
      <trkpt lat="54.87735" lon="25.55913">
        <ele>136</ele>
        <time>2026-04-30T16:24:18+00:00</time>
      </trkpt>
      <trkpt lat="54.87734" lon="25.55919">
        <ele>141</ele>
        <time>2026-04-30T16:24:21+00:00</time>
      </trkpt>
      <trkpt lat="54.87735" lon="25.55925">
        <ele>135</ele>
        <time>2026-04-30T16:24:24+00:00</time>
      </trkpt>
      <trkpt lat="54.87735" lon="25.5593">
        <ele>135</ele>
        <time>2026-04-30T16:24:27+00:00</time>
      </trkpt>
      <trkpt lat="54.87736" lon="25.55942">
        <ele>135</ele>
        <time>2026-04-30T16:24:30+00:00</time>
      </trkpt>
      <trkpt lat="54.87738" lon="25.55953">
        <ele>140</ele>
        <time>2026-04-30T16:24:33+00:00</time>
      </trkpt>
      <trkpt lat="54.87746" lon="25.55992">
        <ele>140</ele>
        <time>2026-04-30T16:24:36+00:00</time>
      </trkpt>
      <trkpt lat="54.87752" lon="25.56006">
        <ele>135</ele>
        <time>2026-04-30T16:24:39+00:00</time>
      </trkpt>
      <trkpt lat="54.87753" lon="25.5601">
        <ele>135</ele>
        <time>2026-04-30T16:24:42+00:00</time>
      </trkpt>
      <trkpt lat="54.87755" lon="25.56014">
        <ele>135</ele>
        <time>2026-04-30T16:24:45+00:00</time>
      </trkpt>
      <trkpt lat="54.87768" lon="25.56036">
        <ele>140</ele>
        <time>2026-04-30T16:24:48+00:00</time>
      </trkpt>
      <trkpt lat="54.8777" lon="25.56041">
        <ele>135</ele>
        <time>2026-04-30T16:24:51+00:00</time>
      </trkpt>
      <trkpt lat="54.87773" lon="25.56046">
        <ele>135</ele>
        <time>2026-04-30T16:24:54+00:00</time>
      </trkpt>
      <trkpt lat="54.87775" lon="25.5605">
        <ele>135</ele>
        <time>2026-04-30T16:24:57+00:00</time>
      </trkpt>
      <trkpt lat="54.8779" lon="25.56077">
        <ele>140</ele>
        <time>2026-04-30T16:25:00+00:00</time>
      </trkpt>
      <trkpt lat="54.87795" lon="25.56086">
        <ele>134</ele>
        <time>2026-04-30T16:25:03+00:00</time>
      </trkpt>
      <trkpt lat="54.87806" lon="25.56098">
        <ele>138</ele>
        <time>2026-04-30T16:25:06+00:00</time>
      </trkpt>
      <trkpt lat="54.87811" lon="25.56104">
        <ele>133</ele>
        <time>2026-04-30T16:25:09+00:00</time>
      </trkpt>
      <trkpt lat="54.87839" lon="25.56125">
        <ele>138</ele>
        <time>2026-04-30T16:25:12+00:00</time>
      </trkpt>
      <trkpt lat="54.87846" lon="25.5613">
        <ele>132</ele>
        <time>2026-04-30T16:25:15+00:00</time>
      </trkpt>
      <trkpt lat="54.87849" lon="25.56131">
        <ele>132</ele>
        <time>2026-04-30T16:25:18+00:00</time>
      </trkpt>
      <trkpt lat="54.87852" lon="25.56132">
        <ele>132</ele>
        <time>2026-04-30T16:25:21+00:00</time>
      </trkpt>
      <trkpt lat="54.87859" lon="25.56131">
        <ele>136</ele>
        <time>2026-04-30T16:25:24+00:00</time>
      </trkpt>
      <trkpt lat="54.87878" lon="25.56125">
        <ele>134</ele>
        <time>2026-04-30T16:25:27+00:00</time>
      </trkpt>
      <trkpt lat="54.8789" lon="25.56123">
        <ele>131</ele>
        <time>2026-04-30T16:25:30+00:00</time>
      </trkpt>
      <trkpt lat="54.87904" lon="25.56119">
        <ele>127</ele>
        <time>2026-04-30T16:25:33+00:00</time>
      </trkpt>
      <trkpt lat="54.87913" lon="25.56115">
        <ele>131</ele>
        <time>2026-04-30T16:25:36+00:00</time>
      </trkpt>
      <trkpt lat="54.87917" lon="25.56115">
        <ele>131</ele>
        <time>2026-04-30T16:25:39+00:00</time>
      </trkpt>
      <trkpt lat="54.87925" lon="25.56114">
        <ele>126</ele>
        <time>2026-04-30T16:25:42+00:00</time>
      </trkpt>
      <trkpt lat="54.87946" lon="25.56118">
        <ele>125</ele>
        <time>2026-04-30T16:25:45+00:00</time>
      </trkpt>
      <trkpt lat="54.87967" lon="25.56116">
        <ele>128</ele>
        <time>2026-04-30T16:25:48+00:00</time>
      </trkpt>
      <trkpt lat="54.87973" lon="25.56114">
        <ele>131</ele>
        <time>2026-04-30T16:25:51+00:00</time>
      </trkpt>
      <trkpt lat="54.87992" lon="25.56102">
        <ele>131</ele>
        <time>2026-04-30T16:25:54+00:00</time>
      </trkpt>
      <trkpt lat="54.87995" lon="25.56099">
        <ele>131</ele>
        <time>2026-04-30T16:25:57+00:00</time>
      </trkpt>
      <trkpt lat="54.88004" lon="25.56091">
        <ele>131</ele>
        <time>2026-04-30T16:26:00+00:00</time>
      </trkpt>
      <trkpt lat="54.88007" lon="25.5609">
        <ele>134</ele>
        <time>2026-04-30T16:26:03+00:00</time>
      </trkpt>
      <trkpt lat="54.8801" lon="25.56089">
        <ele>131</ele>
        <time>2026-04-30T16:26:06+00:00</time>
      </trkpt>
      <trkpt lat="54.88013" lon="25.5609">
        <ele>131</ele>
        <time>2026-04-30T16:26:09+00:00</time>
      </trkpt>
      <trkpt lat="54.88015" lon="25.56092">
        <ele>131</ele>
        <time>2026-04-30T16:26:12+00:00</time>
      </trkpt>
      <trkpt lat="54.88022" lon="25.56096">
        <ele>136</ele>
        <time>2026-04-30T16:26:15+00:00</time>
      </trkpt>
      <trkpt lat="54.8803" lon="25.56099">
        <ele>132</ele>
        <time>2026-04-30T16:26:18+00:00</time>
      </trkpt>
      <trkpt lat="54.88034" lon="25.56101">
        <ele>132</ele>
        <time>2026-04-30T16:26:21+00:00</time>
      </trkpt>
      <trkpt lat="54.88037" lon="25.56104">
        <ele>138</ele>
        <time>2026-04-30T16:26:24+00:00</time>
      </trkpt>
      <trkpt lat="54.8805" lon="25.56126">
        <ele>140</ele>
        <time>2026-04-30T16:26:27+00:00</time>
      </trkpt>
      <trkpt lat="54.88054" lon="25.56133">
        <ele>133</ele>
        <time>2026-04-30T16:26:30+00:00</time>
      </trkpt>
      <trkpt lat="54.8806" lon="25.56141">
        <ele>133</ele>
        <time>2026-04-30T16:26:33+00:00</time>
      </trkpt>
      <trkpt lat="54.88065" lon="25.56152">
        <ele>143</ele>
        <time>2026-04-30T16:26:36+00:00</time>
      </trkpt>
      <trkpt lat="54.88075" lon="25.56165">
        <ele>133</ele>
        <time>2026-04-30T16:26:39+00:00</time>
      </trkpt>
      <trkpt lat="54.8808" lon="25.56173">
        <ele>143</ele>
        <time>2026-04-30T16:26:42+00:00</time>
      </trkpt>
      <trkpt lat="54.88083" lon="25.56181">
        <ele>134</ele>
        <time>2026-04-30T16:26:45+00:00</time>
      </trkpt>
      <trkpt lat="54.88084" lon="25.56185">
        <ele>134</ele>
        <time>2026-04-30T16:26:48+00:00</time>
      </trkpt>
      <trkpt lat="54.88086" lon="25.5619">
        <ele>134</ele>
        <time>2026-04-30T16:26:51+00:00</time>
      </trkpt>
      <trkpt lat="54.8809" lon="25.562">
        <ele>145</ele>
        <time>2026-04-30T16:26:54+00:00</time>
      </trkpt>
      <trkpt lat="54.88102" lon="25.56229">
        <ele>148</ele>
        <time>2026-04-30T16:26:57+00:00</time>
      </trkpt>
      <trkpt lat="54.88107" lon="25.56238">
        <ele>135</ele>
        <time>2026-04-30T16:27:00+00:00</time>
      </trkpt>
      <trkpt lat="54.88114" lon="25.56256">
        <ele>150</ele>
        <time>2026-04-30T16:27:03+00:00</time>
      </trkpt>
      <trkpt lat="54.88118" lon="25.56269">
        <ele>136</ele>
        <time>2026-04-30T16:27:06+00:00</time>
      </trkpt>
      <trkpt lat="54.88118" lon="25.56271">
        <ele>136</ele>
        <time>2026-04-30T16:27:09+00:00</time>
      </trkpt>
      <trkpt lat="54.8812" lon="25.56278">
        <ele>136</ele>
        <time>2026-04-30T16:27:12+00:00</time>
      </trkpt>
      <trkpt lat="54.88123" lon="25.56286">
        <ele>152</ele>
        <time>2026-04-30T16:27:15+00:00</time>
      </trkpt>
      <trkpt lat="54.88126" lon="25.56297">
        <ele>137</ele>
        <time>2026-04-30T16:27:18+00:00</time>
      </trkpt>
      <trkpt lat="54.88128" lon="25.56304">
        <ele>137</ele>
        <time>2026-04-30T16:27:21+00:00</time>
      </trkpt>
      <trkpt lat="54.88131" lon="25.5631">
        <ele>153</ele>
        <time>2026-04-30T16:27:24+00:00</time>
      </trkpt>
      <trkpt lat="54.88132" lon="25.56313">
        <ele>137</ele>
        <time>2026-04-30T16:27:27+00:00</time>
      </trkpt>
      <trkpt lat="54.88134" lon="25.56317">
        <ele>137</ele>
        <time>2026-04-30T16:27:30+00:00</time>
      </trkpt>
      <trkpt lat="54.88144" lon="25.56336">
        <ele>152</ele>
        <time>2026-04-30T16:27:33+00:00</time>
      </trkpt>
      <trkpt lat="54.88146" lon="25.56341">
        <ele>137</ele>
        <time>2026-04-30T16:27:36+00:00</time>
      </trkpt>
      <trkpt lat="54.88148" lon="25.56346">
        <ele>137</ele>
        <time>2026-04-30T16:27:39+00:00</time>
      </trkpt>
      <trkpt lat="54.8815" lon="25.56351">
        <ele>137</ele>
        <time>2026-04-30T16:27:42+00:00</time>
      </trkpt>
      <trkpt lat="54.88153" lon="25.56357">
        <ele>137</ele>
        <time>2026-04-30T16:27:45+00:00</time>
      </trkpt>
      <trkpt lat="54.88171" lon="25.56406">
        <ele>152</ele>
        <time>2026-04-30T16:27:48+00:00</time>
      </trkpt>
      <trkpt lat="54.88172" lon="25.56411">
        <ele>138</ele>
        <time>2026-04-30T16:27:51+00:00</time>
      </trkpt>
      <trkpt lat="54.88178" lon="25.56424">
        <ele>138</ele>
        <time>2026-04-30T16:27:54+00:00</time>
      </trkpt>
      <trkpt lat="54.8818" lon="25.56428">
        <ele>153</ele>
        <time>2026-04-30T16:27:57+00:00</time>
      </trkpt>
      <trkpt lat="54.88186" lon="25.56441">
        <ele>138</ele>
        <time>2026-04-30T16:28:00+00:00</time>
      </trkpt>
      <trkpt lat="54.88189" lon="25.56445">
        <ele>138</ele>
        <time>2026-04-30T16:28:03+00:00</time>
      </trkpt>
      <trkpt lat="54.88193" lon="25.56454">
        <ele>153</ele>
        <time>2026-04-30T16:28:06+00:00</time>
      </trkpt>
      <trkpt lat="54.88202" lon="25.56478">
        <ele>153</ele>
        <time>2026-04-30T16:28:09+00:00</time>
      </trkpt>
      <trkpt lat="54.88215" lon="25.56503">
        <ele>154</ele>
        <time>2026-04-30T16:28:12+00:00</time>
      </trkpt>
      <trkpt lat="54.8822" lon="25.56511">
        <ele>138</ele>
        <time>2026-04-30T16:28:15+00:00</time>
      </trkpt>
      <trkpt lat="54.88232" lon="25.56525">
        <ele>156</ele>
        <time>2026-04-30T16:28:18+00:00</time>
      </trkpt>
      <trkpt lat="54.88239" lon="25.56538">
        <ele>138</ele>
        <time>2026-04-30T16:28:21+00:00</time>
      </trkpt>
      <trkpt lat="54.88246" lon="25.56547">
        <ele>156</ele>
        <time>2026-04-30T16:28:24+00:00</time>
      </trkpt>
      <trkpt lat="54.8825" lon="25.56552">
        <ele>137</ele>
        <time>2026-04-30T16:28:27+00:00</time>
      </trkpt>
      <trkpt lat="54.88258" lon="25.56561">
        <ele>137</ele>
        <time>2026-04-30T16:28:30+00:00</time>
      </trkpt>
      <trkpt lat="54.88261" lon="25.56567">
        <ele>156</ele>
        <time>2026-04-30T16:28:33+00:00</time>
      </trkpt>
      <trkpt lat="54.88288" lon="25.56604">
        <ele>150</ele>
        <time>2026-04-30T16:28:36+00:00</time>
      </trkpt>
      <trkpt lat="54.88298" lon="25.56622">
        <ele>136</ele>
        <time>2026-04-30T16:28:39+00:00</time>
      </trkpt>
      <trkpt lat="54.88308" lon="25.56639">
        <ele>150</ele>
        <time>2026-04-30T16:28:42+00:00</time>
      </trkpt>
      <trkpt lat="54.88312" lon="25.56648">
        <ele>136</ele>
        <time>2026-04-30T16:28:45+00:00</time>
      </trkpt>
      <trkpt lat="54.8832" lon="25.56663">
        <ele>150</ele>
        <time>2026-04-30T16:28:48+00:00</time>
      </trkpt>
      <trkpt lat="54.88328" lon="25.56681">
        <ele>136</ele>
        <time>2026-04-30T16:28:51+00:00</time>
      </trkpt>
      <trkpt lat="54.88335" lon="25.56695">
        <ele>149</ele>
        <time>2026-04-30T16:28:54+00:00</time>
      </trkpt>
      <trkpt lat="54.88337" lon="25.56699">
        <ele>136</ele>
        <time>2026-04-30T16:28:57+00:00</time>
      </trkpt>
      <trkpt lat="54.88345" lon="25.56713">
        <ele>136</ele>
        <time>2026-04-30T16:29:00+00:00</time>
      </trkpt>
      <trkpt lat="54.88358" lon="25.56741">
        <ele>148</ele>
        <time>2026-04-30T16:29:03+00:00</time>
      </trkpt>
      <trkpt lat="54.88362" lon="25.56745">
        <ele>136</ele>
        <time>2026-04-30T16:29:06+00:00</time>
      </trkpt>
      <trkpt lat="54.88367" lon="25.56753">
        <ele>136</ele>
        <time>2026-04-30T16:29:09+00:00</time>
      </trkpt>
      <trkpt lat="54.88372" lon="25.56766">
        <ele>148</ele>
        <time>2026-04-30T16:29:12+00:00</time>
      </trkpt>
      <trkpt lat="54.88378" lon="25.56773">
        <ele>136</ele>
        <time>2026-04-30T16:29:15+00:00</time>
      </trkpt>
      <trkpt lat="54.8838" lon="25.56777">
        <ele>136</ele>
        <time>2026-04-30T16:29:18+00:00</time>
      </trkpt>
      <trkpt lat="54.88385" lon="25.56785">
        <ele>149</ele>
        <time>2026-04-30T16:29:21+00:00</time>
      </trkpt>
      <trkpt lat="54.88392" lon="25.56796">
        <ele>137</ele>
        <time>2026-04-30T16:29:24+00:00</time>
      </trkpt>
      <trkpt lat="54.88406" lon="25.56811">
        <ele>147</ele>
        <time>2026-04-30T16:29:27+00:00</time>
      </trkpt>
      <trkpt lat="54.88431" lon="25.56847">
        <ele>150</ele>
        <time>2026-04-30T16:29:30+00:00</time>
      </trkpt>
      <trkpt lat="54.88436" lon="25.56854">
        <ele>138</ele>
        <time>2026-04-30T16:29:33+00:00</time>
      </trkpt>
      <trkpt lat="54.88441" lon="25.56857">
        <ele>138</ele>
        <time>2026-04-30T16:29:36+00:00</time>
      </trkpt>
      <trkpt lat="54.88443" lon="25.56858">
        <ele>138</ele>
        <time>2026-04-30T16:29:39+00:00</time>
      </trkpt>
      <trkpt lat="54.88444" lon="25.56857">
        <ele>138</ele>
        <time>2026-04-30T16:29:42+00:00</time>
      </trkpt>
      <trkpt lat="54.88448" lon="25.56855">
        <ele>153</ele>
        <time>2026-04-30T16:29:45+00:00</time>
      </trkpt>
      <trkpt lat="54.88449" lon="25.56852">
        <ele>138</ele>
        <time>2026-04-30T16:29:48+00:00</time>
      </trkpt>
      <trkpt lat="54.88455" lon="25.56844">
        <ele>138</ele>
        <time>2026-04-30T16:29:51+00:00</time>
      </trkpt>
      <trkpt lat="54.88459" lon="25.56838">
        <ele>138</ele>
        <time>2026-04-30T16:29:54+00:00</time>
      </trkpt>
      <trkpt lat="54.88461" lon="25.56833">
        <ele>156</ele>
        <time>2026-04-30T16:29:57+00:00</time>
      </trkpt>
      <trkpt lat="54.88463" lon="25.56832">
        <ele>138</ele>
        <time>2026-04-30T16:30:00+00:00</time>
      </trkpt>
      <trkpt lat="54.88469" lon="25.56817">
        <ele>138</ele>
        <time>2026-04-30T16:30:03+00:00</time>
      </trkpt>
      <trkpt lat="54.88472" lon="25.56811">
        <ele>159</ele>
        <time>2026-04-30T16:30:06+00:00</time>
      </trkpt>
      <trkpt lat="54.88475" lon="25.56806">
        <ele>139</ele>
        <time>2026-04-30T16:30:09+00:00</time>
      </trkpt>
      <trkpt lat="54.88482" lon="25.56797">
        <ele>139</ele>
        <time>2026-04-30T16:30:12+00:00</time>
      </trkpt>
      <trkpt lat="54.88489" lon="25.56791">
        <ele>156</ele>
        <time>2026-04-30T16:30:15+00:00</time>
      </trkpt>
      <trkpt lat="54.88489" lon="25.5679">
        <ele>140</ele>
        <time>2026-04-30T16:30:18+00:00</time>
      </trkpt>
      <trkpt lat="54.88489" lon="25.56789">
        <ele>140</ele>
        <time>2026-04-30T16:30:21+00:00</time>
      </trkpt>
      <trkpt lat="54.8849" lon="25.56789">
        <ele>140</ele>
        <time>2026-04-30T16:30:24+00:00</time>
      </trkpt>
      <trkpt lat="54.8849" lon="25.56787">
        <ele>140</ele>
        <time>2026-04-30T16:30:27+00:00</time>
      </trkpt>
      <trkpt lat="54.88491" lon="25.56785">
        <ele>140</ele>
        <time>2026-04-30T16:30:30+00:00</time>
      </trkpt>
      <trkpt lat="54.88504" lon="25.5677">
        <ele>154</ele>
        <time>2026-04-30T16:30:33+00:00</time>
      </trkpt>
      <trkpt lat="54.88518" lon="25.56769">
        <ele>142</ele>
        <time>2026-04-30T16:30:36+00:00</time>
      </trkpt>
      <trkpt lat="54.88525" lon="25.56768">
        <ele>150</ele>
        <time>2026-04-30T16:30:39+00:00</time>
      </trkpt>
      <trkpt lat="54.88536" lon="25.56768">
        <ele>143</ele>
        <time>2026-04-30T16:30:42+00:00</time>
      </trkpt>
      <trkpt lat="54.88539" lon="25.56769">
        <ele>144</ele>
        <time>2026-04-30T16:30:45+00:00</time>
      </trkpt>
      <trkpt lat="54.88555" lon="25.56769">
        <ele>147</ele>
        <time>2026-04-30T16:30:48+00:00</time>
      </trkpt>
      <trkpt lat="54.88564" lon="25.56771">
        <ele>145</ele>
        <time>2026-04-30T16:30:51+00:00</time>
      </trkpt>
      <trkpt lat="54.88568" lon="25.56774">
        <ele>146</ele>
        <time>2026-04-30T16:30:54+00:00</time>
      </trkpt>
      <trkpt lat="54.8857" lon="25.56776">
        <ele>149</ele>
        <time>2026-04-30T16:30:57+00:00</time>
      </trkpt>
      <trkpt lat="54.88572" lon="25.56778">
        <ele>146</ele>
        <time>2026-04-30T16:31:00+00:00</time>
      </trkpt>
      <trkpt lat="54.88579" lon="25.56786">
        <ele>147</ele>
        <time>2026-04-30T16:31:03+00:00</time>
      </trkpt>
      <trkpt lat="54.8858" lon="25.56788">
        <ele>148</ele>
        <time>2026-04-30T16:31:06+00:00</time>
      </trkpt>
      <trkpt lat="54.88582" lon="25.56789">
        <ele>148</ele>
        <time>2026-04-30T16:31:09+00:00</time>
      </trkpt>
      <trkpt lat="54.88582" lon="25.5679">
        <ele>149</ele>
        <time>2026-04-30T16:31:12+00:00</time>
      </trkpt>
      <trkpt lat="54.88586" lon="25.56794">
        <ele>152</ele>
        <time>2026-04-30T16:31:15+00:00</time>
      </trkpt>
      <trkpt lat="54.88587" lon="25.56796">
        <ele>150</ele>
        <time>2026-04-30T16:31:18+00:00</time>
      </trkpt>
      <trkpt lat="54.88587" lon="25.56796">
        <ele>150</ele>
        <time>2026-04-30T16:31:21+00:00</time>
      </trkpt>
      <trkpt lat="54.88591" lon="25.568">
        <ele>151</ele>
        <time>2026-04-30T16:31:24+00:00</time>
      </trkpt>
      <trkpt lat="54.88598" lon="25.56803">
        <ele>151</ele>
        <time>2026-04-30T16:31:27+00:00</time>
      </trkpt>
      <trkpt lat="54.88601" lon="25.56804">
        <ele>161</ele>
        <time>2026-04-30T16:31:30+00:00</time>
      </trkpt>
      <trkpt lat="54.88603" lon="25.56806">
        <ele>152</ele>
        <time>2026-04-30T16:31:33+00:00</time>
      </trkpt>
      <trkpt lat="54.88617" lon="25.56812">
        <ele>161</ele>
        <time>2026-04-30T16:31:36+00:00</time>
      </trkpt>
      <trkpt lat="54.88622" lon="25.56815">
        <ele>153</ele>
        <time>2026-04-30T16:31:39+00:00</time>
      </trkpt>
      <trkpt lat="54.88626" lon="25.56818">
        <ele>153</ele>
        <time>2026-04-30T16:31:42+00:00</time>
      </trkpt>
      <trkpt lat="54.88639" lon="25.56818">
        <ele>159</ele>
        <time>2026-04-30T16:31:45+00:00</time>
      </trkpt>
      <trkpt lat="54.88648" lon="25.56821">
        <ele>154</ele>
        <time>2026-04-30T16:31:48+00:00</time>
      </trkpt>
      <trkpt lat="54.88656" lon="25.56825">
        <ele>157</ele>
        <time>2026-04-30T16:31:51+00:00</time>
      </trkpt>
      <trkpt lat="54.88667" lon="25.56829">
        <ele>155</ele>
        <time>2026-04-30T16:31:54+00:00</time>
      </trkpt>
      <trkpt lat="54.88671" lon="25.56831">
        <ele>155</ele>
        <time>2026-04-30T16:31:57+00:00</time>
      </trkpt>
      <trkpt lat="54.8868" lon="25.5684">
        <ele>157</ele>
        <time>2026-04-30T16:32:00+00:00</time>
      </trkpt>
      <trkpt lat="54.88686" lon="25.56844">
        <ele>155</ele>
        <time>2026-04-30T16:32:03+00:00</time>
      </trkpt>
      <trkpt lat="54.88691" lon="25.56849">
        <ele>155</ele>
        <time>2026-04-30T16:32:06+00:00</time>
      </trkpt>
      <trkpt lat="54.88702" lon="25.56856">
        <ele>159</ele>
        <time>2026-04-30T16:32:09+00:00</time>
      </trkpt>
      <trkpt lat="54.88705" lon="25.5686">
        <ele>156</ele>
        <time>2026-04-30T16:32:12+00:00</time>
      </trkpt>
      <trkpt lat="54.88707" lon="25.56862">
        <ele>156</ele>
        <time>2026-04-30T16:32:15+00:00</time>
      </trkpt>
      <trkpt lat="54.8871" lon="25.56868">
        <ele>156</ele>
        <time>2026-04-30T16:32:18+00:00</time>
      </trkpt>
      <trkpt lat="54.88712" lon="25.56874">
        <ele>156</ele>
        <time>2026-04-30T16:32:21+00:00</time>
      </trkpt>
      <trkpt lat="54.88717" lon="25.56881">
        <ele>161</ele>
        <time>2026-04-30T16:32:24+00:00</time>
      </trkpt>
      <trkpt lat="54.88718" lon="25.56884">
        <ele>157</ele>
        <time>2026-04-30T16:32:27+00:00</time>
      </trkpt>
      <trkpt lat="54.88725" lon="25.56895">
        <ele>157</ele>
        <time>2026-04-30T16:32:30+00:00</time>
      </trkpt>
      <trkpt lat="54.88731" lon="25.56902">
        <ele>161</ele>
        <time>2026-04-30T16:32:33+00:00</time>
      </trkpt>
      <trkpt lat="54.88734" lon="25.56905">
        <ele>157</ele>
        <time>2026-04-30T16:32:36+00:00</time>
      </trkpt>
      <trkpt lat="54.88735" lon="25.56906">
        <ele>157</ele>
        <time>2026-04-30T16:32:39+00:00</time>
      </trkpt>
      <trkpt lat="54.88743" lon="25.56915">
        <ele>158</ele>
        <time>2026-04-30T16:32:42+00:00</time>
      </trkpt>
      <trkpt lat="54.88753" lon="25.56927">
        <ele>165</ele>
        <time>2026-04-30T16:32:45+00:00</time>
      </trkpt>
      <trkpt lat="54.88753" lon="25.56929">
        <ele>159</ele>
        <time>2026-04-30T16:32:48+00:00</time>
      </trkpt>
      <trkpt lat="54.8876" lon="25.56936">
        <ele>160</ele>
        <time>2026-04-30T16:32:51+00:00</time>
      </trkpt>
      <trkpt lat="54.88774" lon="25.56948">
        <ele>180</ele>
        <time>2026-04-30T16:32:54+00:00</time>
      </trkpt>
      <trkpt lat="54.88779" lon="25.56951">
        <ele>161</ele>
        <time>2026-04-30T16:32:57+00:00</time>
      </trkpt>
      <trkpt lat="54.88785" lon="25.56955">
        <ele>162</ele>
        <time>2026-04-30T16:33:00+00:00</time>
      </trkpt>
      <trkpt lat="54.88792" lon="25.5696">
        <ele>180</ele>
        <time>2026-04-30T16:33:03+00:00</time>
      </trkpt>
      <trkpt lat="54.88797" lon="25.56965">
        <ele>164</ele>
        <time>2026-04-30T16:33:06+00:00</time>
      </trkpt>
      <trkpt lat="54.88803" lon="25.56969">
        <ele>165</ele>
        <time>2026-04-30T16:33:09+00:00</time>
      </trkpt>
      <trkpt lat="54.88812" lon="25.56973">
        <ele>179</ele>
        <time>2026-04-30T16:33:12+00:00</time>
      </trkpt>
      <trkpt lat="54.8882" lon="25.56978">
        <ele>167</ele>
        <time>2026-04-30T16:33:15+00:00</time>
      </trkpt>
      <trkpt lat="54.88821" lon="25.56979">
        <ele>167</ele>
        <time>2026-04-30T16:33:18+00:00</time>
      </trkpt>
      <trkpt lat="54.88823" lon="25.5698">
        <ele>167</ele>
        <time>2026-04-30T16:33:21+00:00</time>
      </trkpt>
      <trkpt lat="54.88823" lon="25.56981">
        <ele>167</ele>
        <time>2026-04-30T16:33:24+00:00</time>
      </trkpt>
      <trkpt lat="54.88829" lon="25.5699">
        <ele>184</ele>
        <time>2026-04-30T16:33:27+00:00</time>
      </trkpt>
      <trkpt lat="54.88834" lon="25.5699">
        <ele>168</ele>
        <time>2026-04-30T16:33:30+00:00</time>
      </trkpt>
      <trkpt lat="54.88844" lon="25.56996">
        <ele>190</ele>
        <time>2026-04-30T16:33:33+00:00</time>
      </trkpt>
      <trkpt lat="54.8885" lon="25.57">
        <ele>168</ele>
        <time>2026-04-30T16:33:36+00:00</time>
      </trkpt>
      <trkpt lat="54.88858" lon="25.57007">
        <ele>168</ele>
        <time>2026-04-30T16:33:39+00:00</time>
      </trkpt>
      <trkpt lat="54.88859" lon="25.57009">
        <ele>194</ele>
        <time>2026-04-30T16:33:42+00:00</time>
      </trkpt>
      <trkpt lat="54.88864" lon="25.57017">
        <ele>168</ele>
        <time>2026-04-30T16:33:45+00:00</time>
      </trkpt>
      <trkpt lat="54.88865" lon="25.57021">
        <ele>168</ele>
        <time>2026-04-30T16:33:48+00:00</time>
      </trkpt>
      <trkpt lat="54.88875" lon="25.57035">
        <ele>194</ele>
        <time>2026-04-30T16:33:51+00:00</time>
      </trkpt>
      <trkpt lat="54.88884" lon="25.57058">
        <ele>194</ele>
        <time>2026-04-30T16:33:54+00:00</time>
      </trkpt>
      <trkpt lat="54.88887" lon="25.57062">
        <ele>169</ele>
        <time>2026-04-30T16:33:57+00:00</time>
      </trkpt>
      <trkpt lat="54.88898" lon="25.57084">
        <ele>189</ele>
        <time>2026-04-30T16:34:00+00:00</time>
      </trkpt>
      <trkpt lat="54.88908" lon="25.57108">
        <ele>189</ele>
        <time>2026-04-30T16:34:03+00:00</time>
      </trkpt>
      <trkpt lat="54.88913" lon="25.57128">
        <ele>170</ele>
        <time>2026-04-30T16:34:06+00:00</time>
      </trkpt>
      <trkpt lat="54.88906" lon="25.57161">
        <ele>190</ele>
        <time>2026-04-30T16:34:09+00:00</time>
      </trkpt>
      <trkpt lat="54.88897" lon="25.57164">
        <ele>138</ele>
        <time>2026-04-30T16:34:12+00:00</time>
      </trkpt>
      <trkpt lat="54.88898" lon="25.57181">
        <ele>190</ele>
        <time>2026-04-30T16:34:15+00:00</time>
      </trkpt>
      <trkpt lat="54.88892" lon="25.57238">
        <ele>189</ele>
        <time>2026-04-30T16:34:18+00:00</time>
      </trkpt>
      <trkpt lat="54.88891" lon="25.57259">
        <ele>138</ele>
        <time>2026-04-30T16:34:21+00:00</time>
      </trkpt>
      <trkpt lat="54.88892" lon="25.57276">
        <ele>179</ele>
        <time>2026-04-30T16:34:24+00:00</time>
      </trkpt>
      <trkpt lat="54.88892" lon="25.57292">
        <ele>139</ele>
        <time>2026-04-30T16:34:27+00:00</time>
      </trkpt>
      <trkpt lat="54.88894" lon="25.57308">
        <ele>176</ele>
        <time>2026-04-30T16:34:30+00:00</time>
      </trkpt>
      <trkpt lat="54.88894" lon="25.57325">
        <ele>143</ele>
        <time>2026-04-30T16:34:33+00:00</time>
      </trkpt>
      <trkpt lat="54.88892" lon="25.57345">
        <ele>181</ele>
        <time>2026-04-30T16:34:36+00:00</time>
      </trkpt>
      <trkpt lat="54.88891" lon="25.57361">
        <ele>144</ele>
        <time>2026-04-30T16:34:39+00:00</time>
      </trkpt>
      <trkpt lat="54.88888" lon="25.57382">
        <ele>186</ele>
        <time>2026-04-30T16:34:42+00:00</time>
      </trkpt>
      <trkpt lat="54.88888" lon="25.57402">
        <ele>145</ele>
        <time>2026-04-30T16:34:45+00:00</time>
      </trkpt>
      <trkpt lat="54.88888" lon="25.5742">
        <ele>183</ele>
        <time>2026-04-30T16:34:48+00:00</time>
      </trkpt>
      <trkpt lat="54.88885" lon="25.57453">
        <ele>186</ele>
        <time>2026-04-30T16:34:51+00:00</time>
      </trkpt>
      <trkpt lat="54.88884" lon="25.57459">
        <ele>144</ele>
        <time>2026-04-30T16:34:54+00:00</time>
      </trkpt>
      <trkpt lat="54.88885" lon="25.57479">
        <ele>143</ele>
        <time>2026-04-30T16:34:57+00:00</time>
      </trkpt>
      <trkpt lat="54.88883" lon="25.57523">
        <ele>189</ele>
        <time>2026-04-30T16:35:00+00:00</time>
      </trkpt>
      <trkpt lat="54.88884" lon="25.57556">
        <ele>189</ele>
        <time>2026-04-30T16:35:03+00:00</time>
      </trkpt>
      <trkpt lat="54.88884" lon="25.57578">
        <ele>140</ele>
        <time>2026-04-30T16:35:06+00:00</time>
      </trkpt>
      <trkpt lat="54.88885" lon="25.57611">
        <ele>192</ele>
        <time>2026-04-30T16:35:09+00:00</time>
      </trkpt>
      <trkpt lat="54.88886" lon="25.57622">
        <ele>143</ele>
        <time>2026-04-30T16:35:12+00:00</time>
      </trkpt>
      <trkpt lat="54.88887" lon="25.57641">
        <ele>192</ele>
        <time>2026-04-30T16:35:15+00:00</time>
      </trkpt>
      <trkpt lat="54.88888" lon="25.5765">
        <ele>144</ele>
        <time>2026-04-30T16:35:18+00:00</time>
      </trkpt>
      <trkpt lat="54.8889" lon="25.5768">
        <ele>189</ele>
        <time>2026-04-30T16:35:21+00:00</time>
      </trkpt>
      <trkpt lat="54.88893" lon="25.57694">
        <ele>141</ele>
        <time>2026-04-30T16:35:24+00:00</time>
      </trkpt>
      <trkpt lat="54.88892" lon="25.57723">
        <ele>189</ele>
        <time>2026-04-30T16:35:27+00:00</time>
      </trkpt>
      <trkpt lat="54.88888" lon="25.57762">
        <ele>196</ele>
        <time>2026-04-30T16:35:30+00:00</time>
      </trkpt>
      <trkpt lat="54.88891" lon="25.57783">
        <ele>129</ele>
        <time>2026-04-30T16:35:33+00:00</time>
      </trkpt>
      <trkpt lat="54.88892" lon="25.57793">
        <ele>196</ele>
        <time>2026-04-30T16:35:36+00:00</time>
      </trkpt>
      <trkpt lat="54.88893" lon="25.57799">
        <ele>126</ele>
        <time>2026-04-30T16:35:39+00:00</time>
      </trkpt>
      <trkpt lat="54.88903" lon="25.57831">
        <ele>193</ele>
        <time>2026-04-30T16:35:42+00:00</time>
      </trkpt>
      <trkpt lat="54.88906" lon="25.57846">
        <ele>129</ele>
        <time>2026-04-30T16:35:45+00:00</time>
      </trkpt>
      <trkpt lat="54.88912" lon="25.57867">
        <ele>189</ele>
        <time>2026-04-30T16:35:48+00:00</time>
      </trkpt>
      <trkpt lat="54.88916" lon="25.57875">
        <ele>133</ele>
        <time>2026-04-30T16:35:51+00:00</time>
      </trkpt>
      <trkpt lat="54.88917" lon="25.57881">
        <ele>134</ele>
        <time>2026-04-30T16:35:54+00:00</time>
      </trkpt>
      <trkpt lat="54.88929" lon="25.57908">
        <ele>193</ele>
        <time>2026-04-30T16:35:57+00:00</time>
      </trkpt>
      <trkpt lat="54.88944" lon="25.57926">
        <ele>194</ele>
        <time>2026-04-30T16:36:00+00:00</time>
      </trkpt>
      <trkpt lat="54.88949" lon="25.57933">
        <ele>138</ele>
        <time>2026-04-30T16:36:03+00:00</time>
      </trkpt>
      <trkpt lat="54.88947" lon="25.57993">
        <ele>195</ele>
        <time>2026-04-30T16:36:06+00:00</time>
      </trkpt>
      <trkpt lat="54.88956" lon="25.57998">
        <ele>144</ele>
        <time>2026-04-30T16:36:09+00:00</time>
      </trkpt>
      <trkpt lat="54.88963" lon="25.58001">
        <ele>198</ele>
        <time>2026-04-30T16:36:12+00:00</time>
      </trkpt>
      <trkpt lat="54.88975" lon="25.58001">
        <ele>148</ele>
        <time>2026-04-30T16:36:15+00:00</time>
      </trkpt>
      <trkpt lat="54.88984" lon="25.58003">
        <ele>198</ele>
        <time>2026-04-30T16:36:18+00:00</time>
      </trkpt>
      <trkpt lat="54.88986" lon="25.58004">
        <ele>149</ele>
        <time>2026-04-30T16:36:21+00:00</time>
      </trkpt>
      <trkpt lat="54.88992" lon="25.58008">
        <ele>149</ele>
        <time>2026-04-30T16:36:24+00:00</time>
      </trkpt>
      <trkpt lat="54.88994" lon="25.58009">
        <ele>149</ele>
        <time>2026-04-30T16:36:27+00:00</time>
      </trkpt>
      <trkpt lat="54.88998" lon="25.58009">
        <ele>150</ele>
        <time>2026-04-30T16:36:30+00:00</time>
      </trkpt>
      <trkpt lat="54.89008" lon="25.58009">
        <ele>194</ele>
        <time>2026-04-30T16:36:33+00:00</time>
      </trkpt>
      <trkpt lat="54.89013" lon="25.58011">
        <ele>151</ele>
        <time>2026-04-30T16:36:36+00:00</time>
      </trkpt>
      <trkpt lat="54.89016" lon="25.58013">
        <ele>150</ele>
        <time>2026-04-30T16:36:39+00:00</time>
      </trkpt>
      <trkpt lat="54.89036" lon="25.58016">
        <ele>193</ele>
        <time>2026-04-30T16:36:42+00:00</time>
      </trkpt>
      <trkpt lat="54.89047" lon="25.58023">
        <ele>165</ele>
        <time>2026-04-30T16:36:45+00:00</time>
      </trkpt>
      <trkpt lat="54.89051" lon="25.58026">
        <ele>193</ele>
        <time>2026-04-30T16:36:48+00:00</time>
      </trkpt>
      <trkpt lat="54.89066" lon="25.58025">
        <ele>179</ele>
        <time>2026-04-30T16:36:51+00:00</time>
      </trkpt>
      <trkpt lat="54.89075" lon="25.5803">
        <ele>195</ele>
        <time>2026-04-30T16:36:54+00:00</time>
      </trkpt>
      <trkpt lat="54.89094" lon="25.5804">
        <ele>195</ele>
        <time>2026-04-30T16:36:57+00:00</time>
      </trkpt>
      <trkpt lat="54.8911" lon="25.5805">
        <ele>195</ele>
        <time>2026-04-30T16:37:00+00:00</time>
      </trkpt>
      <trkpt lat="54.8912" lon="25.58058">
        <ele>179</ele>
        <time>2026-04-30T16:37:03+00:00</time>
      </trkpt>
      <trkpt lat="54.89134" lon="25.58066">
        <ele>188</ele>
        <time>2026-04-30T16:37:06+00:00</time>
      </trkpt>
      <trkpt lat="54.89158" lon="25.58081">
        <ele>185</ele>
        <time>2026-04-30T16:37:09+00:00</time>
      </trkpt>
      <trkpt lat="54.89174" lon="25.58089">
        <ele>176</ele>
        <time>2026-04-30T16:37:12+00:00</time>
      </trkpt>
      <trkpt lat="54.89193" lon="25.581">
        <ele>183</ele>
        <time>2026-04-30T16:37:15+00:00</time>
      </trkpt>
      <trkpt lat="54.89214" lon="25.58111">
        <ele>190</ele>
        <time>2026-04-30T16:37:18+00:00</time>
      </trkpt>
      <trkpt lat="54.89239" lon="25.58128">
        <ele>190</ele>
        <time>2026-04-30T16:37:21+00:00</time>
      </trkpt>
      <trkpt lat="54.89251" lon="25.58133">
        <ele>180</ele>
        <time>2026-04-30T16:37:24+00:00</time>
      </trkpt>
      <trkpt lat="54.89254" lon="25.58135">
        <ele>180</ele>
        <time>2026-04-30T16:37:27+00:00</time>
      </trkpt>
      <trkpt lat="54.89262" lon="25.58142">
        <ele>187</ele>
        <time>2026-04-30T16:37:30+00:00</time>
      </trkpt>
      <trkpt lat="54.89283" lon="25.58159">
        <ele>184</ele>
        <time>2026-04-30T16:37:33+00:00</time>
      </trkpt>
      <trkpt lat="54.89307" lon="25.58173">
        <ele>182</ele>
        <time>2026-04-30T16:37:36+00:00</time>
      </trkpt>
      <trkpt lat="54.89318" lon="25.58181">
        <ele>180</ele>
        <time>2026-04-30T16:37:39+00:00</time>
      </trkpt>
      <trkpt lat="54.89327" lon="25.58187">
        <ele>176</ele>
        <time>2026-04-30T16:37:42+00:00</time>
      </trkpt>
      <trkpt lat="54.89355" lon="25.58203">
        <ele>177</ele>
        <time>2026-04-30T16:37:45+00:00</time>
      </trkpt>
      <trkpt lat="54.89374" lon="25.58214">
        <ele>177</ele>
        <time>2026-04-30T16:37:48+00:00</time>
      </trkpt>
      <trkpt lat="54.89384" lon="25.58221">
        <ele>179</ele>
        <time>2026-04-30T16:37:51+00:00</time>
      </trkpt>
      <trkpt lat="54.89389" lon="25.58226">
        <ele>177</ele>
        <time>2026-04-30T16:37:54+00:00</time>
      </trkpt>
      <trkpt lat="54.89395" lon="25.58229">
        <ele>179</ele>
        <time>2026-04-30T16:37:57+00:00</time>
      </trkpt>
      <trkpt lat="54.89401" lon="25.58232">
        <ele>179</ele>
        <time>2026-04-30T16:38:00+00:00</time>
      </trkpt>
      <trkpt lat="54.8942" lon="25.5824">
        <ele>179</ele>
        <time>2026-04-30T16:38:03+00:00</time>
      </trkpt>
      <trkpt lat="54.89455" lon="25.5826">
        <ele>183</ele>
        <time>2026-04-30T16:38:06+00:00</time>
      </trkpt>
      <trkpt lat="54.89483" lon="25.58273">
        <ele>187</ele>
        <time>2026-04-30T16:38:09+00:00</time>
      </trkpt>
      <trkpt lat="54.89489" lon="25.58278">
        <ele>178</ele>
        <time>2026-04-30T16:38:12+00:00</time>
      </trkpt>
      <trkpt lat="54.895" lon="25.58292">
        <ele>190</ele>
        <time>2026-04-30T16:38:15+00:00</time>
      </trkpt>
      <trkpt lat="54.89504" lon="25.58301">
        <ele>178</ele>
        <time>2026-04-30T16:38:18+00:00</time>
      </trkpt>
      <trkpt lat="54.89509" lon="25.58309">
        <ele>178</ele>
        <time>2026-04-30T16:38:21+00:00</time>
      </trkpt>
      <trkpt lat="54.89516" lon="25.58323">
        <ele>190</ele>
        <time>2026-04-30T16:38:24+00:00</time>
      </trkpt>
      <trkpt lat="54.89518" lon="25.58328">
        <ele>178</ele>
        <time>2026-04-30T16:38:27+00:00</time>
      </trkpt>
      <trkpt lat="54.89534" lon="25.58357">
        <ele>191</ele>
        <time>2026-04-30T16:38:30+00:00</time>
      </trkpt>
      <trkpt lat="54.89538" lon="25.58367">
        <ele>178</ele>
        <time>2026-04-30T16:38:33+00:00</time>
      </trkpt>
      <trkpt lat="54.8954" lon="25.58371">
        <ele>178</ele>
        <time>2026-04-30T16:38:36+00:00</time>
      </trkpt>
      <trkpt lat="54.89552" lon="25.584">
        <ele>188</ele>
        <time>2026-04-30T16:38:39+00:00</time>
      </trkpt>
      <trkpt lat="54.89555" lon="25.58405">
        <ele>178</ele>
        <time>2026-04-30T16:38:42+00:00</time>
      </trkpt>
      <trkpt lat="54.89556" lon="25.58409">
        <ele>178</ele>
        <time>2026-04-30T16:38:45+00:00</time>
      </trkpt>
      <trkpt lat="54.89559" lon="25.58414">
        <ele>178</ele>
        <time>2026-04-30T16:38:48+00:00</time>
      </trkpt>
      <trkpt lat="54.89576" lon="25.58459">
        <ele>186</ele>
        <time>2026-04-30T16:38:51+00:00</time>
      </trkpt>
      <trkpt lat="54.89579" lon="25.58464">
        <ele>179</ele>
        <time>2026-04-30T16:38:54+00:00</time>
      </trkpt>
      <trkpt lat="54.89585" lon="25.58481">
        <ele>179</ele>
        <time>2026-04-30T16:38:57+00:00</time>
      </trkpt>
      <trkpt lat="54.8959" lon="25.58506">
        <ele>185</ele>
        <time>2026-04-30T16:39:00+00:00</time>
      </trkpt>
      <trkpt lat="54.8959" lon="25.58512">
        <ele>179</ele>
        <time>2026-04-30T16:39:03+00:00</time>
      </trkpt>
      <trkpt lat="54.8959" lon="25.58543">
        <ele>185</ele>
        <time>2026-04-30T16:39:06+00:00</time>
      </trkpt>
      <trkpt lat="54.8959" lon="25.58549">
        <ele>179</ele>
        <time>2026-04-30T16:39:09+00:00</time>
      </trkpt>
      <trkpt lat="54.89589" lon="25.58568">
        <ele>179</ele>
        <time>2026-04-30T16:39:12+00:00</time>
      </trkpt>
      <trkpt lat="54.89588" lon="25.58574">
        <ele>189</ele>
        <time>2026-04-30T16:39:15+00:00</time>
      </trkpt>
      <trkpt lat="54.89589" lon="25.5858">
        <ele>179</ele>
        <time>2026-04-30T16:39:18+00:00</time>
      </trkpt>
      <trkpt lat="54.89589" lon="25.58592">
        <ele>179</ele>
        <time>2026-04-30T16:39:21+00:00</time>
      </trkpt>
      <trkpt lat="54.8959" lon="25.58604">
        <ele>190</ele>
        <time>2026-04-30T16:39:24+00:00</time>
      </trkpt>
      <trkpt lat="54.8959" lon="25.58636">
        <ele>191</ele>
        <time>2026-04-30T16:39:27+00:00</time>
      </trkpt>
      <trkpt lat="54.8959" lon="25.58642">
        <ele>179</ele>
        <time>2026-04-30T16:39:30+00:00</time>
      </trkpt>
      <trkpt lat="54.89589" lon="25.58654">
        <ele>179</ele>
        <time>2026-04-30T16:39:33+00:00</time>
      </trkpt>
      <trkpt lat="54.89588" lon="25.5866">
        <ele>179</ele>
        <time>2026-04-30T16:39:36+00:00</time>
      </trkpt>
      <trkpt lat="54.89588" lon="25.58667">
        <ele>190</ele>
        <time>2026-04-30T16:39:39+00:00</time>
      </trkpt>
      <trkpt lat="54.89587" lon="25.58672">
        <ele>179</ele>
        <time>2026-04-30T16:39:42+00:00</time>
      </trkpt>
      <trkpt lat="54.89587" lon="25.5869">
        <ele>179</ele>
        <time>2026-04-30T16:39:45+00:00</time>
      </trkpt>
      <trkpt lat="54.89586" lon="25.58696">
        <ele>189</ele>
        <time>2026-04-30T16:39:48+00:00</time>
      </trkpt>
      <trkpt lat="54.89586" lon="25.58755">
        <ele>187</ele>
        <time>2026-04-30T16:39:51+00:00</time>
      </trkpt>
      <trkpt lat="54.89587" lon="25.5876">
        <ele>179</ele>
        <time>2026-04-30T16:39:54+00:00</time>
      </trkpt>
      <trkpt lat="54.89587" lon="25.5877">
        <ele>178</ele>
        <time>2026-04-30T16:39:57+00:00</time>
      </trkpt>
      <trkpt lat="54.89587" lon="25.58774">
        <ele>178</ele>
        <time>2026-04-30T16:40:00+00:00</time>
      </trkpt>
      <trkpt lat="54.89587" lon="25.58789">
        <ele>185</ele>
        <time>2026-04-30T16:40:03+00:00</time>
      </trkpt>
      <trkpt lat="54.89587" lon="25.58791">
        <ele>178</ele>
        <time>2026-04-30T16:40:06+00:00</time>
      </trkpt>
      <trkpt lat="54.89587" lon="25.58794">
        <ele>178</ele>
        <time>2026-04-30T16:40:09+00:00</time>
      </trkpt>
      <trkpt lat="54.89587" lon="25.58797">
        <ele>178</ele>
        <time>2026-04-30T16:40:12+00:00</time>
      </trkpt>
      <trkpt lat="54.89586" lon="25.58798">
        <ele>178</ele>
        <time>2026-04-30T16:40:15+00:00</time>
      </trkpt>
      <trkpt lat="54.89586" lon="25.588">
        <ele>178</ele>
        <time>2026-04-30T16:40:18+00:00</time>
      </trkpt>
      <trkpt lat="54.89585" lon="25.58804">
        <ele>178</ele>
        <time>2026-04-30T16:40:21+00:00</time>
      </trkpt>
      <trkpt lat="54.89585" lon="25.58808">
        <ele>178</ele>
        <time>2026-04-30T16:40:24+00:00</time>
      </trkpt>
      <trkpt lat="54.89584" lon="25.58809">
        <ele>178</ele>
        <time>2026-04-30T16:40:27+00:00</time>
      </trkpt>
      <trkpt lat="54.89584" lon="25.5882">
        <ele>184</ele>
        <time>2026-04-30T16:40:30+00:00</time>
      </trkpt>
      <trkpt lat="54.89583" lon="25.58821">
        <ele>176</ele>
        <time>2026-04-30T16:40:33+00:00</time>
      </trkpt>
      <trkpt lat="54.89583" lon="25.58824">
        <ele>176</ele>
        <time>2026-04-30T16:40:36+00:00</time>
      </trkpt>
      <trkpt lat="54.89583" lon="25.58826">
        <ele>176</ele>
        <time>2026-04-30T16:40:39+00:00</time>
      </trkpt>
      <trkpt lat="54.89583" lon="25.58841">
        <ele>175</ele>
        <time>2026-04-30T16:40:42+00:00</time>
      </trkpt>
      <trkpt lat="54.89582" lon="25.58843">
        <ele>175</ele>
        <time>2026-04-30T16:40:45+00:00</time>
      </trkpt>
      <trkpt lat="54.89582" lon="25.58859">
        <ele>182</ele>
        <time>2026-04-30T16:40:48+00:00</time>
      </trkpt>
      <trkpt lat="54.89583" lon="25.58861">
        <ele>172</ele>
        <time>2026-04-30T16:40:51+00:00</time>
      </trkpt>
      <trkpt lat="54.89583" lon="25.58868">
        <ele>172</ele>
        <time>2026-04-30T16:40:54+00:00</time>
      </trkpt>
      <trkpt lat="54.89582" lon="25.5887">
        <ele>172</ele>
        <time>2026-04-30T16:40:57+00:00</time>
      </trkpt>
      <trkpt lat="54.89582" lon="25.58876">
        <ele>171</ele>
        <time>2026-04-30T16:41:00+00:00</time>
      </trkpt>
      <trkpt lat="54.89581" lon="25.58878">
        <ele>171</ele>
        <time>2026-04-30T16:41:03+00:00</time>
      </trkpt>
      <trkpt lat="54.89581" lon="25.58885">
        <ele>170</ele>
        <time>2026-04-30T16:41:06+00:00</time>
      </trkpt>
      <trkpt lat="54.89582" lon="25.58887">
        <ele>179</ele>
        <time>2026-04-30T16:41:09+00:00</time>
      </trkpt>
      <trkpt lat="54.89582" lon="25.58898">
        <ele>168</ele>
        <time>2026-04-30T16:41:12+00:00</time>
      </trkpt>
      <trkpt lat="54.89581" lon="25.589">
        <ele>168</ele>
        <time>2026-04-30T16:41:15+00:00</time>
      </trkpt>
      <trkpt lat="54.89581" lon="25.58923">
        <ele>174</ele>
        <time>2026-04-30T16:41:18+00:00</time>
      </trkpt>
      <trkpt lat="54.8958" lon="25.58926">
        <ele>165</ele>
        <time>2026-04-30T16:41:21+00:00</time>
      </trkpt>
      <trkpt lat="54.8958" lon="25.58949">
        <ele>162</ele>
        <time>2026-04-30T16:41:24+00:00</time>
      </trkpt>
      <trkpt lat="54.89581" lon="25.58951">
        <ele>163</ele>
        <time>2026-04-30T16:41:27+00:00</time>
      </trkpt>
      <trkpt lat="54.89581" lon="25.58987">
        <ele>158</ele>
        <time>2026-04-30T16:41:30+00:00</time>
      </trkpt>
      <trkpt lat="54.89581" lon="25.5903">
        <ele>155</ele>
        <time>2026-04-30T16:41:33+00:00</time>
      </trkpt>
      <trkpt lat="54.89582" lon="25.59033">
        <ele>152</ele>
        <time>2026-04-30T16:41:36+00:00</time>
      </trkpt>
      <trkpt lat="54.89582" lon="25.59035">
        <ele>152</ele>
        <time>2026-04-30T16:41:39+00:00</time>
      </trkpt>
      <trkpt lat="54.89583" lon="25.59038">
        <ele>152</ele>
        <time>2026-04-30T16:41:42+00:00</time>
      </trkpt>
      <trkpt lat="54.89583" lon="25.59051">
        <ele>151</ele>
        <time>2026-04-30T16:41:45+00:00</time>
      </trkpt>
      <trkpt lat="54.89584" lon="25.59053">
        <ele>150</ele>
        <time>2026-04-30T16:41:48+00:00</time>
      </trkpt>
      <trkpt lat="54.89584" lon="25.59058">
        <ele>154</ele>
        <time>2026-04-30T16:41:51+00:00</time>
      </trkpt>
      <trkpt lat="54.89585" lon="25.5906">
        <ele>150</ele>
        <time>2026-04-30T16:41:54+00:00</time>
      </trkpt>
      <trkpt lat="54.89585" lon="25.59065">
        <ele>149</ele>
        <time>2026-04-30T16:41:57+00:00</time>
      </trkpt>
      <trkpt lat="54.89584" lon="25.59068">
        <ele>149</ele>
        <time>2026-04-30T16:42:00+00:00</time>
      </trkpt>
      <trkpt lat="54.89584" lon="25.59092">
        <ele>154</ele>
        <time>2026-04-30T16:42:03+00:00</time>
      </trkpt>
      <trkpt lat="54.89583" lon="25.59094">
        <ele>148</ele>
        <time>2026-04-30T16:42:06+00:00</time>
      </trkpt>
      <trkpt lat="54.89583" lon="25.59109">
        <ele>147</ele>
        <time>2026-04-30T16:42:09+00:00</time>
      </trkpt>
      <trkpt lat="54.89581" lon="25.59121">
        <ele>153</ele>
        <time>2026-04-30T16:42:12+00:00</time>
      </trkpt>
      <trkpt lat="54.89581" lon="25.59139">
        <ele>146</ele>
        <time>2026-04-30T16:42:15+00:00</time>
      </trkpt>
      <trkpt lat="54.89579" lon="25.59151">
        <ele>153</ele>
        <time>2026-04-30T16:42:18+00:00</time>
      </trkpt>
      <trkpt lat="54.89579" lon="25.59156">
        <ele>146</ele>
        <time>2026-04-30T16:42:21+00:00</time>
      </trkpt>
      <trkpt lat="54.89578" lon="25.59168">
        <ele>146</ele>
        <time>2026-04-30T16:42:24+00:00</time>
      </trkpt>
      <trkpt lat="54.89577" lon="25.59195">
        <ele>150</ele>
        <time>2026-04-30T16:42:27+00:00</time>
      </trkpt>
      <trkpt lat="54.89576" lon="25.59208">
        <ele>145</ele>
        <time>2026-04-30T16:42:30+00:00</time>
      </trkpt>
      <trkpt lat="54.89576" lon="25.59214">
        <ele>145</ele>
        <time>2026-04-30T16:42:33+00:00</time>
      </trkpt>
      <trkpt lat="54.89574" lon="25.59221">
        <ele>145</ele>
        <time>2026-04-30T16:42:36+00:00</time>
      </trkpt>
      <trkpt lat="54.89571" lon="25.59254">
        <ele>150</ele>
        <time>2026-04-30T16:42:39+00:00</time>
      </trkpt>
      <trkpt lat="54.89569" lon="25.59273">
        <ele>144</ele>
        <time>2026-04-30T16:42:42+00:00</time>
      </trkpt>
      <trkpt lat="54.89565" lon="25.59299">
        <ele>145</ele>
        <time>2026-04-30T16:42:45+00:00</time>
      </trkpt>
      <trkpt lat="54.89557" lon="25.59336">
        <ele>145</ele>
        <time>2026-04-30T16:42:48+00:00</time>
      </trkpt>
      <trkpt lat="54.89556" lon="25.59343">
        <ele>143</ele>
        <time>2026-04-30T16:42:51+00:00</time>
      </trkpt>
      <trkpt lat="54.89553" lon="25.59355">
        <ele>143</ele>
        <time>2026-04-30T16:42:54+00:00</time>
      </trkpt>
      <trkpt lat="54.89552" lon="25.59361">
        <ele>143</ele>
        <time>2026-04-30T16:42:57+00:00</time>
      </trkpt>
      <trkpt lat="54.89549" lon="25.5938">
        <ele>142</ele>
        <time>2026-04-30T16:43:00+00:00</time>
      </trkpt>
      <trkpt lat="54.89544" lon="25.59405">
        <ele>142</ele>
        <time>2026-04-30T16:43:03+00:00</time>
      </trkpt>
      <trkpt lat="54.89536" lon="25.5944">
        <ele>143</ele>
        <time>2026-04-30T16:43:06+00:00</time>
      </trkpt>
      <trkpt lat="54.89534" lon="25.59453">
        <ele>142</ele>
        <time>2026-04-30T16:43:09+00:00</time>
      </trkpt>
      <trkpt lat="54.8953" lon="25.59467">
        <ele>143</ele>
        <time>2026-04-30T16:43:12+00:00</time>
      </trkpt>
      <trkpt lat="54.89523" lon="25.59502">
        <ele>143</ele>
        <time>2026-04-30T16:43:15+00:00</time>
      </trkpt>
      <trkpt lat="54.89514" lon="25.59547">
        <ele>143</ele>
        <time>2026-04-30T16:43:18+00:00</time>
      </trkpt>
      <trkpt lat="54.89507" lon="25.59574">
        <ele>142</ele>
        <time>2026-04-30T16:43:21+00:00</time>
      </trkpt>
      <trkpt lat="54.89503" lon="25.59588">
        <ele>141</ele>
        <time>2026-04-30T16:43:24+00:00</time>
      </trkpt>
      <trkpt lat="54.89501" lon="25.59602">
        <ele>142</ele>
        <time>2026-04-30T16:43:27+00:00</time>
      </trkpt>
      <trkpt lat="54.89496" lon="25.59623">
        <ele>141</ele>
        <time>2026-04-30T16:43:30+00:00</time>
      </trkpt>
      <trkpt lat="54.89494" lon="25.59633">
        <ele>144</ele>
        <time>2026-04-30T16:43:33+00:00</time>
      </trkpt>
      <trkpt lat="54.89494" lon="25.59659">
        <ele>141</ele>
        <time>2026-04-30T16:43:36+00:00</time>
      </trkpt>
      <trkpt lat="54.89493" lon="25.59662">
        <ele>149</ele>
        <time>2026-04-30T16:43:39+00:00</time>
      </trkpt>
      <trkpt lat="54.8949" lon="25.59667">
        <ele>141</ele>
        <time>2026-04-30T16:43:42+00:00</time>
      </trkpt>
      <trkpt lat="54.89486" lon="25.5967">
        <ele>142</ele>
        <time>2026-04-30T16:43:45+00:00</time>
      </trkpt>
      <trkpt lat="54.89472" lon="25.59677">
        <ele>149</ele>
        <time>2026-04-30T16:43:48+00:00</time>
      </trkpt>
      <trkpt lat="54.89462" lon="25.59684">
        <ele>142</ele>
        <time>2026-04-30T16:43:51+00:00</time>
      </trkpt>
      <trkpt lat="54.89452" lon="25.59694">
        <ele>148</ele>
        <time>2026-04-30T16:43:54+00:00</time>
      </trkpt>
      <trkpt lat="54.89434" lon="25.59718">
        <ele>148</ele>
        <time>2026-04-30T16:43:57+00:00</time>
      </trkpt>
      <trkpt lat="54.8943" lon="25.59722">
        <ele>142</ele>
        <time>2026-04-30T16:44:00+00:00</time>
      </trkpt>
      <trkpt lat="54.89428" lon="25.59726">
        <ele>142</ele>
        <time>2026-04-30T16:44:03+00:00</time>
      </trkpt>
      <trkpt lat="54.89424" lon="25.5973">
        <ele>142</ele>
        <time>2026-04-30T16:44:06+00:00</time>
      </trkpt>
      <trkpt lat="54.89422" lon="25.59734">
        <ele>142</ele>
        <time>2026-04-30T16:44:09+00:00</time>
      </trkpt>
      <trkpt lat="54.89419" lon="25.59738">
        <ele>148</ele>
        <time>2026-04-30T16:44:12+00:00</time>
      </trkpt>
      <trkpt lat="54.89408" lon="25.59754">
        <ele>142</ele>
        <time>2026-04-30T16:44:15+00:00</time>
      </trkpt>
      <trkpt lat="54.89406" lon="25.59758">
        <ele>150</ele>
        <time>2026-04-30T16:44:18+00:00</time>
      </trkpt>
      <trkpt lat="54.89403" lon="25.59762">
        <ele>142</ele>
        <time>2026-04-30T16:44:21+00:00</time>
      </trkpt>
      <trkpt lat="54.89399" lon="25.5977">
        <ele>142</ele>
        <time>2026-04-30T16:44:24+00:00</time>
      </trkpt>
      <trkpt lat="54.89395" lon="25.59774">
        <ele>142</ele>
        <time>2026-04-30T16:44:27+00:00</time>
      </trkpt>
      <trkpt lat="54.8939" lon="25.59783">
        <ele>151</ele>
        <time>2026-04-30T16:44:30+00:00</time>
      </trkpt>
      <trkpt lat="54.89387" lon="25.59787">
        <ele>142</ele>
        <time>2026-04-30T16:44:33+00:00</time>
      </trkpt>
      <trkpt lat="54.89384" lon="25.59791">
        <ele>142</ele>
        <time>2026-04-30T16:44:36+00:00</time>
      </trkpt>
      <trkpt lat="54.89381" lon="25.59795">
        <ele>142</ele>
        <time>2026-04-30T16:44:39+00:00</time>
      </trkpt>
      <trkpt lat="54.89371" lon="25.59813">
        <ele>152</ele>
        <time>2026-04-30T16:44:42+00:00</time>
      </trkpt>
      <trkpt lat="54.89358" lon="25.5984">
        <ele>154</ele>
        <time>2026-04-30T16:44:45+00:00</time>
      </trkpt>
      <trkpt lat="54.89354" lon="25.59853">
        <ele>143</ele>
        <time>2026-04-30T16:44:48+00:00</time>
      </trkpt>
      <trkpt lat="54.89347" lon="25.59881">
        <ele>154</ele>
        <time>2026-04-30T16:44:51+00:00</time>
      </trkpt>
      <trkpt lat="54.89344" lon="25.59888">
        <ele>143</ele>
        <time>2026-04-30T16:44:54+00:00</time>
      </trkpt>
      <trkpt lat="54.89343" lon="25.59895">
        <ele>143</ele>
        <time>2026-04-30T16:44:57+00:00</time>
      </trkpt>
      <trkpt lat="54.8934" lon="25.59902">
        <ele>143</ele>
        <time>2026-04-30T16:45:00+00:00</time>
      </trkpt>
      <trkpt lat="54.89337" lon="25.59915">
        <ele>155</ele>
        <time>2026-04-30T16:45:03+00:00</time>
      </trkpt>
      <trkpt lat="54.89329" lon="25.59942">
        <ele>155</ele>
        <time>2026-04-30T16:45:06+00:00</time>
      </trkpt>
      <trkpt lat="54.89328" lon="25.59949">
        <ele>143</ele>
        <time>2026-04-30T16:45:09+00:00</time>
      </trkpt>
      <trkpt lat="54.89326" lon="25.59955">
        <ele>143</ele>
        <time>2026-04-30T16:45:12+00:00</time>
      </trkpt>
      <trkpt lat="54.89325" lon="25.59961">
        <ele>143</ele>
        <time>2026-04-30T16:45:15+00:00</time>
      </trkpt>
      <trkpt lat="54.8932" lon="25.59982">
        <ele>154</ele>
        <time>2026-04-30T16:45:18+00:00</time>
      </trkpt>
      <trkpt lat="54.89315" lon="25.60012">
        <ele>154</ele>
        <time>2026-04-30T16:45:21+00:00</time>
      </trkpt>
      <trkpt lat="54.89309" lon="25.60034">
        <ele>143</ele>
        <time>2026-04-30T16:45:24+00:00</time>
      </trkpt>
      <trkpt lat="54.89308" lon="25.60041">
        <ele>154</ele>
        <time>2026-04-30T16:45:27+00:00</time>
      </trkpt>
      <trkpt lat="54.89304" lon="25.60055">
        <ele>143</ele>
        <time>2026-04-30T16:45:30+00:00</time>
      </trkpt>
      <trkpt lat="54.89296" lon="25.60074">
        <ele>150</ele>
        <time>2026-04-30T16:45:33+00:00</time>
      </trkpt>
      <trkpt lat="54.89289" lon="25.60086">
        <ele>143</ele>
        <time>2026-04-30T16:45:36+00:00</time>
      </trkpt>
      <trkpt lat="54.89287" lon="25.60092">
        <ele>143</ele>
        <time>2026-04-30T16:45:39+00:00</time>
      </trkpt>
      <trkpt lat="54.89284" lon="25.60097">
        <ele>150</ele>
        <time>2026-04-30T16:45:42+00:00</time>
      </trkpt>
      <trkpt lat="54.89279" lon="25.60108">
        <ele>143</ele>
        <time>2026-04-30T16:45:45+00:00</time>
      </trkpt>
      <trkpt lat="54.89272" lon="25.60119">
        <ele>150</ele>
        <time>2026-04-30T16:45:48+00:00</time>
      </trkpt>
      <trkpt lat="54.89267" lon="25.60129">
        <ele>143</ele>
        <time>2026-04-30T16:45:51+00:00</time>
      </trkpt>
      <trkpt lat="54.89255" lon="25.60148">
        <ele>143</ele>
        <time>2026-04-30T16:45:54+00:00</time>
      </trkpt>
      <trkpt lat="54.89246" lon="25.6016">
        <ele>143</ele>
        <time>2026-04-30T16:45:57+00:00</time>
      </trkpt>
      <trkpt lat="54.89238" lon="25.60167">
        <ele>140</ele>
        <time>2026-04-30T16:46:00+00:00</time>
      </trkpt>
      <trkpt lat="54.8923" lon="25.60172">
        <ele>143</ele>
        <time>2026-04-30T16:46:03+00:00</time>
      </trkpt>
      <trkpt lat="54.89221" lon="25.60175">
        <ele>140</ele>
        <time>2026-04-30T16:46:06+00:00</time>
      </trkpt>
      <trkpt lat="54.89204" lon="25.60177">
        <ele>141</ele>
        <time>2026-04-30T16:46:09+00:00</time>
      </trkpt>
      <trkpt lat="54.89196" lon="25.60179">
        <ele>142</ele>
        <time>2026-04-30T16:46:12+00:00</time>
      </trkpt>
      <trkpt lat="54.89187" lon="25.60183">
        <ele>142</ele>
        <time>2026-04-30T16:46:15+00:00</time>
      </trkpt>
      <trkpt lat="54.89179" lon="25.60187">
        <ele>142</ele>
        <time>2026-04-30T16:46:18+00:00</time>
      </trkpt>
      <trkpt lat="54.89155" lon="25.60204">
        <ele>144</ele>
        <time>2026-04-30T16:46:21+00:00</time>
      </trkpt>
      <trkpt lat="54.89147" lon="25.60207">
        <ele>142</ele>
        <time>2026-04-30T16:46:24+00:00</time>
      </trkpt>
      <trkpt lat="54.89117" lon="25.60216">
        <ele>146</ele>
        <time>2026-04-30T16:46:27+00:00</time>
      </trkpt>
      <trkpt lat="54.8911" lon="25.60219">
        <ele>142</ele>
        <time>2026-04-30T16:46:30+00:00</time>
      </trkpt>
      <trkpt lat="54.89102" lon="25.60224">
        <ele>141</ele>
        <time>2026-04-30T16:46:33+00:00</time>
      </trkpt>
      <trkpt lat="54.89099" lon="25.60228">
        <ele>148</ele>
        <time>2026-04-30T16:46:36+00:00</time>
      </trkpt>
      <trkpt lat="54.89095" lon="25.60232">
        <ele>141</ele>
        <time>2026-04-30T16:46:39+00:00</time>
      </trkpt>
      <trkpt lat="54.89086" lon="25.60245">
        <ele>150</ele>
        <time>2026-04-30T16:46:42+00:00</time>
      </trkpt>
      <trkpt lat="54.89082" lon="25.60255">
        <ele>141</ele>
        <time>2026-04-30T16:46:45+00:00</time>
      </trkpt>
      <trkpt lat="54.8908" lon="25.60262">
        <ele>141</ele>
        <time>2026-04-30T16:46:48+00:00</time>
      </trkpt>
      <trkpt lat="54.89078" lon="25.60269">
        <ele>150</ele>
        <time>2026-04-30T16:46:51+00:00</time>
      </trkpt>
      <trkpt lat="54.89077" lon="25.60276">
        <ele>140</ele>
        <time>2026-04-30T16:46:54+00:00</time>
      </trkpt>
      <trkpt lat="54.89067" lon="25.60314">
        <ele>148</ele>
        <time>2026-04-30T16:46:57+00:00</time>
      </trkpt>
      <trkpt lat="54.89062" lon="25.60347">
        <ele>146</ele>
        <time>2026-04-30T16:47:00+00:00</time>
      </trkpt>
      <trkpt lat="54.89053" lon="25.60389">
        <ele>148</ele>
        <time>2026-04-30T16:47:03+00:00</time>
      </trkpt>
      <trkpt lat="54.89048" lon="25.6041">
        <ele>138</ele>
        <time>2026-04-30T16:47:06+00:00</time>
      </trkpt>
      <trkpt lat="54.89046" lon="25.60417">
        <ele>150</ele>
        <time>2026-04-30T16:47:09+00:00</time>
      </trkpt>
      <trkpt lat="54.89045" lon="25.60424">
        <ele>138</ele>
        <time>2026-04-30T16:47:12+00:00</time>
      </trkpt>
      <trkpt lat="54.89043" lon="25.6044">
        <ele>138</ele>
        <time>2026-04-30T16:47:15+00:00</time>
      </trkpt>
      <trkpt lat="54.89029" lon="25.60503">
        <ele>151</ele>
        <time>2026-04-30T16:47:18+00:00</time>
      </trkpt>
      <trkpt lat="54.89025" lon="25.60533">
        <ele>151</ele>
        <time>2026-04-30T16:47:21+00:00</time>
      </trkpt>
      <trkpt lat="54.89021" lon="25.60548">
        <ele>137</ele>
        <time>2026-04-30T16:47:24+00:00</time>
      </trkpt>
      <trkpt lat="54.89016" lon="25.60562">
        <ele>159</ele>
        <time>2026-04-30T16:47:27+00:00</time>
      </trkpt>
      <trkpt lat="54.89011" lon="25.60573">
        <ele>136</ele>
        <time>2026-04-30T16:47:30+00:00</time>
      </trkpt>
      <trkpt lat="54.88995" lon="25.60601">
        <ele>161</ele>
        <time>2026-04-30T16:47:33+00:00</time>
      </trkpt>
      <trkpt lat="54.88987" lon="25.60612">
        <ele>136</ele>
        <time>2026-04-30T16:47:36+00:00</time>
      </trkpt>
      <trkpt lat="54.8898" lon="25.60622">
        <ele>163</ele>
        <time>2026-04-30T16:47:39+00:00</time>
      </trkpt>
      <trkpt lat="54.88972" lon="25.60628">
        <ele>135</ele>
        <time>2026-04-30T16:47:42+00:00</time>
      </trkpt>
      <trkpt lat="54.88966" lon="25.6063">
        <ele>135</ele>
        <time>2026-04-30T16:47:45+00:00</time>
      </trkpt>
      <trkpt lat="54.88962" lon="25.60631">
        <ele>163</ele>
        <time>2026-04-30T16:47:48+00:00</time>
      </trkpt>
      <trkpt lat="54.88958" lon="25.6063">
        <ele>134</ele>
        <time>2026-04-30T16:47:51+00:00</time>
      </trkpt>
      <trkpt lat="54.88947" lon="25.60626">
        <ele>134</ele>
        <time>2026-04-30T16:47:54+00:00</time>
      </trkpt>
      <trkpt lat="54.88936" lon="25.60619">
        <ele>150</ele>
        <time>2026-04-30T16:47:57+00:00</time>
      </trkpt>
      <trkpt lat="54.88927" lon="25.60616">
        <ele>134</ele>
        <time>2026-04-30T16:48:00+00:00</time>
      </trkpt>
      <trkpt lat="54.88908" lon="25.60609">
        <ele>145</ele>
        <time>2026-04-30T16:48:03+00:00</time>
      </trkpt>
      <trkpt lat="54.88893" lon="25.60605">
        <ele>133</ele>
        <time>2026-04-30T16:48:06+00:00</time>
      </trkpt>
      <trkpt lat="54.88864" lon="25.60599">
        <ele>145</ele>
        <time>2026-04-30T16:48:09+00:00</time>
      </trkpt>
      <trkpt lat="54.88839" lon="25.60599">
        <ele>146</ele>
        <time>2026-04-30T16:48:12+00:00</time>
      </trkpt>
      <trkpt lat="54.88829" lon="25.60597">
        <ele>130</ele>
        <time>2026-04-30T16:48:15+00:00</time>
      </trkpt>
      <trkpt lat="54.88815" lon="25.60589">
        <ele>147</ele>
        <time>2026-04-30T16:48:18+00:00</time>
      </trkpt>
      <trkpt lat="54.88781" lon="25.60563">
        <ele>145</ele>
        <time>2026-04-30T16:48:21+00:00</time>
      </trkpt>
      <trkpt lat="54.88776" lon="25.6056">
        <ele>128</ele>
        <time>2026-04-30T16:48:24+00:00</time>
      </trkpt>
      <trkpt lat="54.88757" lon="25.60547">
        <ele>143</ele>
        <time>2026-04-30T16:48:27+00:00</time>
      </trkpt>
      <trkpt lat="54.88728" lon="25.60533">
        <ele>140</ele>
        <time>2026-04-30T16:48:30+00:00</time>
      </trkpt>
      <trkpt lat="54.88718" lon="25.60529">
        <ele>125</ele>
        <time>2026-04-30T16:48:33+00:00</time>
      </trkpt>
      <trkpt lat="54.88713" lon="25.60528">
        <ele>124</ele>
        <time>2026-04-30T16:48:36+00:00</time>
      </trkpt>
      <trkpt lat="54.88708" lon="25.60528">
        <ele>141</ele>
        <time>2026-04-30T16:48:39+00:00</time>
      </trkpt>
      <trkpt lat="54.88703" lon="25.60528">
        <ele>124</ele>
        <time>2026-04-30T16:48:42+00:00</time>
      </trkpt>
      <trkpt lat="54.88683" lon="25.60533">
        <ele>140</ele>
        <time>2026-04-30T16:48:45+00:00</time>
      </trkpt>
      <trkpt lat="54.88678" lon="25.60533">
        <ele>123</ele>
        <time>2026-04-30T16:48:48+00:00</time>
      </trkpt>
      <trkpt lat="54.88668" lon="25.60533">
        <ele>122</ele>
        <time>2026-04-30T16:48:51+00:00</time>
      </trkpt>
      <trkpt lat="54.88648" lon="25.6053">
        <ele>140</ele>
        <time>2026-04-30T16:48:54+00:00</time>
      </trkpt>
      <trkpt lat="54.88638" lon="25.6053">
        <ele>121</ele>
        <time>2026-04-30T16:48:57+00:00</time>
      </trkpt>
      <trkpt lat="54.88605" lon="25.6054">
        <ele>123</ele>
        <time>2026-04-30T16:49:00+00:00</time>
      </trkpt>
      <trkpt lat="54.88586" lon="25.60547">
        <ele>120</ele>
        <time>2026-04-30T16:49:03+00:00</time>
      </trkpt>
      <trkpt lat="54.88567" lon="25.60554">
        <ele>118</ele>
        <time>2026-04-30T16:49:06+00:00</time>
      </trkpt>
      <trkpt lat="54.88542" lon="25.6056">
        <ele>115</ele>
        <time>2026-04-30T16:49:09+00:00</time>
      </trkpt>
      <trkpt lat="54.88533" lon="25.60559">
        <ele>117</ele>
        <time>2026-04-30T16:49:12+00:00</time>
      </trkpt>
      <trkpt lat="54.88526" lon="25.60556">
        <ele>115</ele>
        <time>2026-04-30T16:49:15+00:00</time>
      </trkpt>
      <trkpt lat="54.88522" lon="25.6055">
        <ele>116</ele>
        <time>2026-04-30T16:49:18+00:00</time>
      </trkpt>
      <trkpt lat="54.8852" lon="25.60546">
        <ele>116</ele>
        <time>2026-04-30T16:49:21+00:00</time>
      </trkpt>
      <trkpt lat="54.88517" lon="25.60537">
        <ele>116</ele>
        <time>2026-04-30T16:49:24+00:00</time>
      </trkpt>
      <trkpt lat="54.88515" lon="25.60526">
        <ele>116</ele>
        <time>2026-04-30T16:49:27+00:00</time>
      </trkpt>
      <trkpt lat="54.88515" lon="25.60515">
        <ele>116</ele>
        <time>2026-04-30T16:49:30+00:00</time>
      </trkpt>
      <trkpt lat="54.88515" lon="25.60509">
        <ele>116</ele>
        <time>2026-04-30T16:49:33+00:00</time>
      </trkpt>
      <trkpt lat="54.88515" lon="25.60493">
        <ele>118</ele>
        <time>2026-04-30T16:49:36+00:00</time>
      </trkpt>
      <trkpt lat="54.88516" lon="25.60488">
        <ele>116</ele>
        <time>2026-04-30T16:49:39+00:00</time>
      </trkpt>
      <trkpt lat="54.88516" lon="25.60472">
        <ele>116</ele>
        <time>2026-04-30T16:49:42+00:00</time>
      </trkpt>
      <trkpt lat="54.88515" lon="25.60467">
        <ele>116</ele>
        <time>2026-04-30T16:49:45+00:00</time>
      </trkpt>
      <trkpt lat="54.88515" lon="25.60457">
        <ele>125</ele>
        <time>2026-04-30T16:49:48+00:00</time>
      </trkpt>
      <trkpt lat="54.88513" lon="25.60442">
        <ele>116</ele>
        <time>2026-04-30T16:49:51+00:00</time>
      </trkpt>
      <trkpt lat="54.88511" lon="25.60437">
        <ele>116</ele>
        <time>2026-04-30T16:49:54+00:00</time>
      </trkpt>
      <trkpt lat="54.88511" lon="25.60432">
        <ele>116</ele>
        <time>2026-04-30T16:49:57+00:00</time>
      </trkpt>
      <trkpt lat="54.88508" lon="25.60417">
        <ele>134</ele>
        <time>2026-04-30T16:50:00+00:00</time>
      </trkpt>
      <trkpt lat="54.88507" lon="25.60413">
        <ele>116</ele>
        <time>2026-04-30T16:50:03+00:00</time>
      </trkpt>
      <trkpt lat="54.88506" lon="25.60403">
        <ele>117</ele>
        <time>2026-04-30T16:50:06+00:00</time>
      </trkpt>
      <trkpt lat="54.88503" lon="25.60393">
        <ele>117</ele>
        <time>2026-04-30T16:50:09+00:00</time>
      </trkpt>
      <trkpt lat="54.88502" lon="25.60388">
        <ele>134</ele>
        <time>2026-04-30T16:50:12+00:00</time>
      </trkpt>
      <trkpt lat="54.88501" lon="25.60379">
        <ele>117</ele>
        <time>2026-04-30T16:50:15+00:00</time>
      </trkpt>
      <trkpt lat="54.88501" lon="25.60376">
        <ele>117</ele>
        <time>2026-04-30T16:50:18+00:00</time>
      </trkpt>
      <trkpt lat="54.88497" lon="25.60361">
        <ele>127</ele>
        <time>2026-04-30T16:50:21+00:00</time>
      </trkpt>
      <trkpt lat="54.88491" lon="25.60342">
        <ele>116</ele>
        <time>2026-04-30T16:50:24+00:00</time>
      </trkpt>
      <trkpt lat="54.8849" lon="25.60331">
        <ele>123</ele>
        <time>2026-04-30T16:50:27+00:00</time>
      </trkpt>
      <trkpt lat="54.8849" lon="25.60315">
        <ele>116</ele>
        <time>2026-04-30T16:50:30+00:00</time>
      </trkpt>
      <trkpt lat="54.88489" lon="25.60309">
        <ele>116</ele>
        <time>2026-04-30T16:50:33+00:00</time>
      </trkpt>
      <trkpt lat="54.88489" lon="25.60304">
        <ele>118</ele>
        <time>2026-04-30T16:50:36+00:00</time>
      </trkpt>
      <trkpt lat="54.88483" lon="25.60266">
        <ele>118</ele>
        <time>2026-04-30T16:50:39+00:00</time>
      </trkpt>
      <trkpt lat="54.88477" lon="25.60239">
        <ele>120</ele>
        <time>2026-04-30T16:50:42+00:00</time>
      </trkpt>
      <trkpt lat="54.88472" lon="25.60218">
        <ele>116</ele>
        <time>2026-04-30T16:50:45+00:00</time>
      </trkpt>
      <trkpt lat="54.88467" lon="25.60194">
        <ele>124</ele>
        <time>2026-04-30T16:50:48+00:00</time>
      </trkpt>
      <trkpt lat="54.88463" lon="25.60177">
        <ele>116</ele>
        <time>2026-04-30T16:50:51+00:00</time>
      </trkpt>
      <trkpt lat="54.88459" lon="25.60164">
        <ele>125</ele>
        <time>2026-04-30T16:50:54+00:00</time>
      </trkpt>
      <trkpt lat="54.88457" lon="25.60157">
        <ele>116</ele>
        <time>2026-04-30T16:50:57+00:00</time>
      </trkpt>
      <trkpt lat="54.88457" lon="25.6015">
        <ele>116</ele>
        <time>2026-04-30T16:51:00+00:00</time>
      </trkpt>
      <trkpt lat="54.88456" lon="25.60145">
        <ele>116</ele>
        <time>2026-04-30T16:51:03+00:00</time>
      </trkpt>
      <trkpt lat="54.88452" lon="25.60125">
        <ele>126</ele>
        <time>2026-04-30T16:51:06+00:00</time>
      </trkpt>
      <trkpt lat="54.88451" lon="25.60117">
        <ele>116</ele>
        <time>2026-04-30T16:51:09+00:00</time>
      </trkpt>
      <trkpt lat="54.8845" lon="25.60102">
        <ele>116</ele>
        <time>2026-04-30T16:51:12+00:00</time>
      </trkpt>
      <trkpt lat="54.8845" lon="25.60096">
        <ele>126</ele>
        <time>2026-04-30T16:51:15+00:00</time>
      </trkpt>
      <trkpt lat="54.88448" lon="25.6008">
        <ele>116</ele>
        <time>2026-04-30T16:51:18+00:00</time>
      </trkpt>
      <trkpt lat="54.88445" lon="25.60067">
        <ele>125</ele>
        <time>2026-04-30T16:51:21+00:00</time>
      </trkpt>
      <trkpt lat="54.88445" lon="25.60061">
        <ele>116</ele>
        <time>2026-04-30T16:51:24+00:00</time>
      </trkpt>
      <trkpt lat="54.88443" lon="25.60049">
        <ele>116</ele>
        <time>2026-04-30T16:51:27+00:00</time>
      </trkpt>
      <trkpt lat="54.88441" lon="25.60043">
        <ele>116</ele>
        <time>2026-04-30T16:51:30+00:00</time>
      </trkpt>
      <trkpt lat="54.88441" lon="25.60033">
        <ele>125</ele>
        <time>2026-04-30T16:51:33+00:00</time>
      </trkpt>
      <trkpt lat="54.88441" lon="25.60013">
        <ele>115</ele>
        <time>2026-04-30T16:51:36+00:00</time>
      </trkpt>
      <trkpt lat="54.88442" lon="25.60002">
        <ele>125</ele>
        <time>2026-04-30T16:51:39+00:00</time>
      </trkpt>
      <trkpt lat="54.88442" lon="25.59986">
        <ele>115</ele>
        <time>2026-04-30T16:51:42+00:00</time>
      </trkpt>
      <trkpt lat="54.88441" lon="25.59981">
        <ele>115</ele>
        <time>2026-04-30T16:51:45+00:00</time>
      </trkpt>
      <trkpt lat="54.88441" lon="25.59956">
        <ele>126</ele>
        <time>2026-04-30T16:51:48+00:00</time>
      </trkpt>
      <trkpt lat="54.88443" lon="25.59944">
        <ele>114</ele>
        <time>2026-04-30T16:51:51+00:00</time>
      </trkpt>
      <trkpt lat="54.88443" lon="25.59933">
        <ele>114</ele>
        <time>2026-04-30T16:51:54+00:00</time>
      </trkpt>
      <trkpt lat="54.88443" lon="25.59922">
        <ele>132</ele>
        <time>2026-04-30T16:51:57+00:00</time>
      </trkpt>
      <trkpt lat="54.88441" lon="25.59917">
        <ele>114</ele>
        <time>2026-04-30T16:52:00+00:00</time>
      </trkpt>
      <trkpt lat="54.88441" lon="25.59912">
        <ele>114</ele>
        <time>2026-04-30T16:52:03+00:00</time>
      </trkpt>
      <trkpt lat="54.88436" lon="25.59896">
        <ele>136</ele>
        <time>2026-04-30T16:52:06+00:00</time>
      </trkpt>
      <trkpt lat="54.88435" lon="25.5989">
        <ele>114</ele>
        <time>2026-04-30T16:52:09+00:00</time>
      </trkpt>
      <trkpt lat="54.88433" lon="25.59884">
        <ele>114</ele>
        <time>2026-04-30T16:52:12+00:00</time>
      </trkpt>
      <trkpt lat="54.88432" lon="25.59874">
        <ele>114</ele>
        <time>2026-04-30T16:52:15+00:00</time>
      </trkpt>
      <trkpt lat="54.88431" lon="25.59862">
        <ele>136</ele>
        <time>2026-04-30T16:52:18+00:00</time>
      </trkpt>
      <trkpt lat="54.8843" lon="25.59851">
        <ele>114</ele>
        <time>2026-04-30T16:52:21+00:00</time>
      </trkpt>
      <trkpt lat="54.88425" lon="25.5983">
        <ele>136</ele>
        <time>2026-04-30T16:52:24+00:00</time>
      </trkpt>
      <trkpt lat="54.88421" lon="25.59808">
        <ele>114</ele>
        <time>2026-04-30T16:52:27+00:00</time>
      </trkpt>
      <trkpt lat="54.8842" lon="25.59803">
        <ele>135</ele>
        <time>2026-04-30T16:52:30+00:00</time>
      </trkpt>
      <trkpt lat="54.8842" lon="25.59796">
        <ele>114</ele>
        <time>2026-04-30T16:52:33+00:00</time>
      </trkpt>
      <trkpt lat="54.8842" lon="25.59792">
        <ele>114</ele>
        <time>2026-04-30T16:52:36+00:00</time>
      </trkpt>
      <trkpt lat="54.8842" lon="25.59768">
        <ele>134</ele>
        <time>2026-04-30T16:52:39+00:00</time>
      </trkpt>
      <trkpt lat="54.8842" lon="25.59764">
        <ele>115</ele>
        <time>2026-04-30T16:52:42+00:00</time>
      </trkpt>
      <trkpt lat="54.8842" lon="25.59755">
        <ele>115</ele>
        <time>2026-04-30T16:52:45+00:00</time>
      </trkpt>
      <trkpt lat="54.88421" lon="25.59751">
        <ele>115</ele>
        <time>2026-04-30T16:52:48+00:00</time>
      </trkpt>
      <trkpt lat="54.88422" lon="25.59743">
        <ele>115</ele>
        <time>2026-04-30T16:52:51+00:00</time>
      </trkpt>
      <trkpt lat="54.88423" lon="25.59737">
        <ele>133</ele>
        <time>2026-04-30T16:52:54+00:00</time>
      </trkpt>
      <trkpt lat="54.88423" lon="25.59707">
        <ele>133</ele>
        <time>2026-04-30T16:52:57+00:00</time>
      </trkpt>
      <trkpt lat="54.88424" lon="25.59701">
        <ele>115</ele>
        <time>2026-04-30T16:53:00+00:00</time>
      </trkpt>
      <trkpt lat="54.88424" lon="25.59696">
        <ele>115</ele>
        <time>2026-04-30T16:53:03+00:00</time>
      </trkpt>
      <trkpt lat="54.88425" lon="25.59691">
        <ele>115</ele>
        <time>2026-04-30T16:53:06+00:00</time>
      </trkpt>
      <trkpt lat="54.88425" lon="25.59686">
        <ele>115</ele>
        <time>2026-04-30T16:53:09+00:00</time>
      </trkpt>
      <trkpt lat="54.88424" lon="25.59681">
        <ele>115</ele>
        <time>2026-04-30T16:53:12+00:00</time>
      </trkpt>
      <trkpt lat="54.88424" lon="25.59676">
        <ele>134</ele>
        <time>2026-04-30T16:53:15+00:00</time>
      </trkpt>
      <trkpt lat="54.88423" lon="25.59672">
        <ele>115</ele>
        <time>2026-04-30T16:53:18+00:00</time>
      </trkpt>
      <trkpt lat="54.88421" lon="25.59667">
        <ele>115</ele>
        <time>2026-04-30T16:53:21+00:00</time>
      </trkpt>
      <trkpt lat="54.88419" lon="25.59663">
        <ele>115</ele>
        <time>2026-04-30T16:53:24+00:00</time>
      </trkpt>
      <trkpt lat="54.88417" lon="25.59659">
        <ele>115</ele>
        <time>2026-04-30T16:53:27+00:00</time>
      </trkpt>
      <trkpt lat="54.88397" lon="25.59635">
        <ele>134</ele>
        <time>2026-04-30T16:53:30+00:00</time>
      </trkpt>
      <trkpt lat="54.88384" lon="25.59622">
        <ele>116</ele>
        <time>2026-04-30T16:53:33+00:00</time>
      </trkpt>
      <trkpt lat="54.88371" lon="25.59603">
        <ele>135</ele>
        <time>2026-04-30T16:53:36+00:00</time>
      </trkpt>
      <trkpt lat="54.88364" lon="25.59594">
        <ele>115</ele>
        <time>2026-04-30T16:53:39+00:00</time>
      </trkpt>
      <trkpt lat="54.88357" lon="25.59588">
        <ele>135</ele>
        <time>2026-04-30T16:53:42+00:00</time>
      </trkpt>
      <trkpt lat="54.88352" lon="25.59582">
        <ele>115</ele>
        <time>2026-04-30T16:53:45+00:00</time>
      </trkpt>
      <trkpt lat="54.88338" lon="25.59557">
        <ele>135</ele>
        <time>2026-04-30T16:53:48+00:00</time>
      </trkpt>
      <trkpt lat="54.88329" lon="25.59545">
        <ele>114</ele>
        <time>2026-04-30T16:53:51+00:00</time>
      </trkpt>
      <trkpt lat="54.88324" lon="25.59536">
        <ele>131</ele>
        <time>2026-04-30T16:53:54+00:00</time>
      </trkpt>
      <trkpt lat="54.88316" lon="25.59524">
        <ele>113</ele>
        <time>2026-04-30T16:53:57+00:00</time>
      </trkpt>
      <trkpt lat="54.88312" lon="25.5952">
        <ele>113</ele>
        <time>2026-04-30T16:54:00+00:00</time>
      </trkpt>
      <trkpt lat="54.88307" lon="25.59512">
        <ele>127</ele>
        <time>2026-04-30T16:54:03+00:00</time>
      </trkpt>
      <trkpt lat="54.88299" lon="25.59501">
        <ele>112</ele>
        <time>2026-04-30T16:54:06+00:00</time>
      </trkpt>
      <trkpt lat="54.88297" lon="25.59498">
        <ele>112</ele>
        <time>2026-04-30T16:54:09+00:00</time>
      </trkpt>
      <trkpt lat="54.88291" lon="25.59492">
        <ele>127</ele>
        <time>2026-04-30T16:54:12+00:00</time>
      </trkpt>
      <trkpt lat="54.88282" lon="25.59484">
        <ele>112</ele>
        <time>2026-04-30T16:54:15+00:00</time>
      </trkpt>
      <trkpt lat="54.88279" lon="25.59481">
        <ele>111</ele>
        <time>2026-04-30T16:54:18+00:00</time>
      </trkpt>
      <trkpt lat="54.88276" lon="25.59476">
        <ele>127</ele>
        <time>2026-04-30T16:54:21+00:00</time>
      </trkpt>
      <trkpt lat="54.88272" lon="25.59464">
        <ele>111</ele>
        <time>2026-04-30T16:54:24+00:00</time>
      </trkpt>
      <trkpt lat="54.8827" lon="25.59454">
        <ele>110</ele>
        <time>2026-04-30T16:54:27+00:00</time>
      </trkpt>
      <trkpt lat="54.88267" lon="25.59444">
        <ele>123</ele>
        <time>2026-04-30T16:54:30+00:00</time>
      </trkpt>
      <trkpt lat="54.88267" lon="25.59439">
        <ele>110</ele>
        <time>2026-04-30T16:54:33+00:00</time>
      </trkpt>
      <trkpt lat="54.88266" lon="25.59428">
        <ele>110</ele>
        <time>2026-04-30T16:54:36+00:00</time>
      </trkpt>
      <trkpt lat="54.88266" lon="25.59416">
        <ele>122</ele>
        <time>2026-04-30T16:54:39+00:00</time>
      </trkpt>
      <trkpt lat="54.88266" lon="25.5941">
        <ele>110</ele>
        <time>2026-04-30T16:54:42+00:00</time>
      </trkpt>
      <trkpt lat="54.88266" lon="25.59399">
        <ele>110</ele>
        <time>2026-04-30T16:54:45+00:00</time>
      </trkpt>
      <trkpt lat="54.88265" lon="25.59389">
        <ele>119</ele>
        <time>2026-04-30T16:54:48+00:00</time>
      </trkpt>
      <trkpt lat="54.88263" lon="25.5938">
        <ele>110</ele>
        <time>2026-04-30T16:54:51+00:00</time>
      </trkpt>
      <trkpt lat="54.88261" lon="25.5937">
        <ele>109</ele>
        <time>2026-04-30T16:54:54+00:00</time>
      </trkpt>
      <trkpt lat="54.88249" lon="25.59328">
        <ele>119</ele>
        <time>2026-04-30T16:54:57+00:00</time>
      </trkpt>
      <trkpt lat="54.88247" lon="25.59316">
        <ele>109</ele>
        <time>2026-04-30T16:55:00+00:00</time>
      </trkpt>
      <trkpt lat="54.88246" lon="25.59305">
        <ele>109</ele>
        <time>2026-04-30T16:55:03+00:00</time>
      </trkpt>
      <trkpt lat="54.88246" lon="25.593">
        <ele>122</ele>
        <time>2026-04-30T16:55:06+00:00</time>
      </trkpt>
      <trkpt lat="54.88246" lon="25.59288">
        <ele>109</ele>
        <time>2026-04-30T16:55:09+00:00</time>
      </trkpt>
      <trkpt lat="54.88245" lon="25.59285">
        <ele>109</ele>
        <time>2026-04-30T16:55:12+00:00</time>
      </trkpt>
      <trkpt lat="54.88245" lon="25.59266">
        <ele>129</ele>
        <time>2026-04-30T16:55:15+00:00</time>
      </trkpt>
      <trkpt lat="54.8825" lon="25.59263">
        <ele>108</ele>
        <time>2026-04-30T16:55:18+00:00</time>
      </trkpt>
      <trkpt lat="54.88251" lon="25.59263">
        <ele>108</ele>
        <time>2026-04-30T16:55:21+00:00</time>
      </trkpt>
      <trkpt lat="54.88251" lon="25.59262">
        <ele>108</ele>
        <time>2026-04-30T16:55:24+00:00</time>
      </trkpt>
      <trkpt lat="54.88253" lon="25.59261">
        <ele>109</ele>
        <time>2026-04-30T16:55:27+00:00</time>
      </trkpt>
      <trkpt lat="54.88254" lon="25.59259">
        <ele>109</ele>
        <time>2026-04-30T16:55:30+00:00</time>
      </trkpt>
      <trkpt lat="54.88254" lon="25.59259">
        <ele>109</ele>
        <time>2026-04-30T16:55:33+00:00</time>
      </trkpt>
      <trkpt lat="54.88256" lon="25.59257">
        <ele>109</ele>
        <time>2026-04-30T16:55:36+00:00</time>
      </trkpt>
      <trkpt lat="54.88259" lon="25.59251">
        <ele>129</ele>
        <time>2026-04-30T16:55:39+00:00</time>
      </trkpt>
      <trkpt lat="54.88264" lon="25.59248">
        <ele>111</ele>
        <time>2026-04-30T16:55:42+00:00</time>
      </trkpt>
      <trkpt lat="54.88267" lon="25.59248">
        <ele>111</ele>
        <time>2026-04-30T16:55:45+00:00</time>
      </trkpt>
      <trkpt lat="54.88271" lon="25.59246">
        <ele>112</ele>
        <time>2026-04-30T16:55:48+00:00</time>
      </trkpt>
      <trkpt lat="54.88274" lon="25.59247">
        <ele>138</ele>
        <time>2026-04-30T16:55:51+00:00</time>
      </trkpt>
      <trkpt lat="54.88287" lon="25.59243">
        <ele>113</ele>
        <time>2026-04-30T16:55:54+00:00</time>
      </trkpt>
      <trkpt lat="54.88296" lon="25.59244">
        <ele>138</ele>
        <time>2026-04-30T16:55:57+00:00</time>
      </trkpt>
      <trkpt lat="54.883" lon="25.59242">
        <ele>115</ele>
        <time>2026-04-30T16:56:00+00:00</time>
      </trkpt>
      <trkpt lat="54.88302" lon="25.5924">
        <ele>115</ele>
        <time>2026-04-30T16:56:03+00:00</time>
      </trkpt>
      <trkpt lat="54.88303" lon="25.59239">
        <ele>115</ele>
        <time>2026-04-30T16:56:06+00:00</time>
      </trkpt>
      <trkpt lat="54.88308" lon="25.59233">
        <ele>117</ele>
        <time>2026-04-30T16:56:09+00:00</time>
      </trkpt>
      <trkpt lat="54.8831" lon="25.59228">
        <ele>137</ele>
        <time>2026-04-30T16:56:12+00:00</time>
      </trkpt>
      <trkpt lat="54.88312" lon="25.59227">
        <ele>117</ele>
        <time>2026-04-30T16:56:15+00:00</time>
      </trkpt>
      <trkpt lat="54.88312" lon="25.59226">
        <ele>117</ele>
        <time>2026-04-30T16:56:18+00:00</time>
      </trkpt>
      <trkpt lat="54.88316" lon="25.5922">
        <ele>118</ele>
        <time>2026-04-30T16:56:21+00:00</time>
      </trkpt>
      <trkpt lat="54.88317" lon="25.59215">
        <ele>118</ele>
        <time>2026-04-30T16:56:24+00:00</time>
      </trkpt>
      <trkpt lat="54.88317" lon="25.59214">
        <ele>125</ele>
        <time>2026-04-30T16:56:27+00:00</time>
      </trkpt>
      <trkpt lat="54.88316" lon="25.59216">
        <ele>126</ele>
        <time>2026-04-30T16:56:30+00:00</time>
      </trkpt>
      <trkpt lat="54.88316" lon="25.59217">
        <ele>126</ele>
        <time>2026-04-30T16:56:33+00:00</time>
      </trkpt>
      <trkpt lat="54.88312" lon="25.59216">
        <ele>137</ele>
        <time>2026-04-30T16:56:36+00:00</time>
      </trkpt>
      <trkpt lat="54.88311" lon="25.59215">
        <ele>128</ele>
        <time>2026-04-30T16:56:39+00:00</time>
      </trkpt>
      <trkpt lat="54.8831" lon="25.59213">
        <ele>128</ele>
        <time>2026-04-30T16:56:42+00:00</time>
      </trkpt>
      <trkpt lat="54.8831" lon="25.59211">
        <ele>129</ele>
        <time>2026-04-30T16:56:45+00:00</time>
      </trkpt>
      <trkpt lat="54.88304" lon="25.59209">
        <ele>130</ele>
        <time>2026-04-30T16:56:48+00:00</time>
      </trkpt>
      <trkpt lat="54.88304" lon="25.59208">
        <ele>130</ele>
        <time>2026-04-30T16:56:51+00:00</time>
      </trkpt>
      <trkpt lat="54.88295" lon="25.59203">
        <ele>129</ele>
        <time>2026-04-30T16:56:54+00:00</time>
      </trkpt>
      <trkpt lat="54.8829" lon="25.59203">
        <ele>131</ele>
        <time>2026-04-30T16:56:57+00:00</time>
      </trkpt>
      <trkpt lat="54.88288" lon="25.59202">
        <ele>131</ele>
        <time>2026-04-30T16:57:00+00:00</time>
      </trkpt>
      <trkpt lat="54.88283" lon="25.59202">
        <ele>130</ele>
        <time>2026-04-30T16:57:03+00:00</time>
      </trkpt>
      <trkpt lat="54.88283" lon="25.59201">
        <ele>130</ele>
        <time>2026-04-30T16:57:06+00:00</time>
      </trkpt>
      <trkpt lat="54.88283" lon="25.59201">
        <ele>130</ele>
        <time>2026-04-30T16:57:09+00:00</time>
      </trkpt>
      <trkpt lat="54.88283" lon="25.59203">
        <ele>130</ele>
        <time>2026-04-30T16:57:12+00:00</time>
      </trkpt>
      <trkpt lat="54.88283" lon="25.59203">
        <ele>129</ele>
        <time>2026-04-30T16:57:15+00:00</time>
      </trkpt>
      <trkpt lat="54.88283" lon="25.59199">
        <ele>129</ele>
        <time>2026-04-30T16:57:18+00:00</time>
      </trkpt>
      <trkpt lat="54.88283" lon="25.59199">
        <ele>129</ele>
        <time>2026-04-30T16:57:21+00:00</time>
      </trkpt>
      <trkpt lat="54.88283" lon="25.59198">
        <ele>129</ele>
        <time>2026-04-30T16:57:24+00:00</time>
      </trkpt>
      <trkpt lat="54.8828" lon="25.59191">
        <ele>128</ele>
        <time>2026-04-30T16:57:27+00:00</time>
      </trkpt>
      <trkpt lat="54.88277" lon="25.59187">
        <ele>128</ele>
        <time>2026-04-30T16:57:30+00:00</time>
      </trkpt>
      <trkpt lat="54.88277" lon="25.59185">
        <ele>128</ele>
        <time>2026-04-30T16:57:33+00:00</time>
      </trkpt>
      <trkpt lat="54.88279" lon="25.59181">
        <ele>127</ele>
        <time>2026-04-30T16:57:36+00:00</time>
      </trkpt>
      <trkpt lat="54.88279" lon="25.59178">
        <ele>127</ele>
        <time>2026-04-30T16:57:39+00:00</time>
      </trkpt>
      <trkpt lat="54.88274" lon="25.59176">
        <ele>126</ele>
        <time>2026-04-30T16:57:42+00:00</time>
      </trkpt>
      <trkpt lat="54.88273" lon="25.59174">
        <ele>126</ele>
        <time>2026-04-30T16:57:45+00:00</time>
      </trkpt>
      <trkpt lat="54.88273" lon="25.59172">
        <ele>125</ele>
        <time>2026-04-30T16:57:48+00:00</time>
      </trkpt>
      <trkpt lat="54.88272" lon="25.59172">
        <ele>125</ele>
        <time>2026-04-30T16:57:51+00:00</time>
      </trkpt>
      <trkpt lat="54.88272" lon="25.5917">
        <ele>125</ele>
        <time>2026-04-30T16:57:54+00:00</time>
      </trkpt>
      <trkpt lat="54.88271" lon="25.5917">
        <ele>125</ele>
        <time>2026-04-30T16:57:57+00:00</time>
      </trkpt>
      <trkpt lat="54.88268" lon="25.59166">
        <ele>123</ele>
        <time>2026-04-30T16:58:00+00:00</time>
      </trkpt>
      <trkpt lat="54.88266" lon="25.59165">
        <ele>127</ele>
        <time>2026-04-30T16:58:03+00:00</time>
      </trkpt>
      <trkpt lat="54.88261" lon="25.59163">
        <ele>121</ele>
        <time>2026-04-30T16:58:06+00:00</time>
      </trkpt>
      <trkpt lat="54.88257" lon="25.59162">
        <ele>119</ele>
        <time>2026-04-30T16:58:09+00:00</time>
      </trkpt>
      <trkpt lat="54.88256" lon="25.5916">
        <ele>117</ele>
        <time>2026-04-30T16:58:12+00:00</time>
      </trkpt>
      <trkpt lat="54.88253" lon="25.59158">
        <ele>116</ele>
        <time>2026-04-30T16:58:15+00:00</time>
      </trkpt>
      <trkpt lat="54.88252" lon="25.59152">
        <ele>128</ele>
        <time>2026-04-30T16:58:18+00:00</time>
      </trkpt>
      <trkpt lat="54.88251" lon="25.5915">
        <ele>116</ele>
        <time>2026-04-30T16:58:21+00:00</time>
      </trkpt>
      <trkpt lat="54.88252" lon="25.59149">
        <ele>116</ele>
        <time>2026-04-30T16:58:24+00:00</time>
      </trkpt>
      <trkpt lat="54.88253" lon="25.59146">
        <ele>115</ele>
        <time>2026-04-30T16:58:27+00:00</time>
      </trkpt>
      <trkpt lat="54.88254" lon="25.59143">
        <ele>115</ele>
        <time>2026-04-30T16:58:30+00:00</time>
      </trkpt>
      <trkpt lat="54.88254" lon="25.5914">
        <ele>115</ele>
        <time>2026-04-30T16:58:33+00:00</time>
      </trkpt>
      <trkpt lat="54.88256" lon="25.59135">
        <ele>115</ele>
        <time>2026-04-30T16:58:36+00:00</time>
      </trkpt>
      <trkpt lat="54.88261" lon="25.59126">
        <ele>129</ele>
        <time>2026-04-30T16:58:39+00:00</time>
      </trkpt>
      <trkpt lat="54.88263" lon="25.59125">
        <ele>116</ele>
        <time>2026-04-30T16:58:42+00:00</time>
      </trkpt>
      <trkpt lat="54.88263" lon="25.59123">
        <ele>116</ele>
        <time>2026-04-30T16:58:45+00:00</time>
      </trkpt>
      <trkpt lat="54.88266" lon="25.59117">
        <ele>116</ele>
        <time>2026-04-30T16:58:48+00:00</time>
      </trkpt>
      <trkpt lat="54.88271" lon="25.59112">
        <ele>117</ele>
        <time>2026-04-30T16:58:51+00:00</time>
      </trkpt>
      <trkpt lat="54.88272" lon="25.59111">
        <ele>117</ele>
        <time>2026-04-30T16:58:54+00:00</time>
      </trkpt>
      <trkpt lat="54.88274" lon="25.59109">
        <ele>130</ele>
        <time>2026-04-30T16:58:57+00:00</time>
      </trkpt>
      <trkpt lat="54.88282" lon="25.59105">
        <ele>119</ele>
        <time>2026-04-30T16:59:00+00:00</time>
      </trkpt>
      <trkpt lat="54.88288" lon="25.59099">
        <ele>121</ele>
        <time>2026-04-30T16:59:03+00:00</time>
      </trkpt>
      <trkpt lat="54.8829" lon="25.59096">
        <ele>131</ele>
        <time>2026-04-30T16:59:06+00:00</time>
      </trkpt>
      <trkpt lat="54.88293" lon="25.59093">
        <ele>122</ele>
        <time>2026-04-30T16:59:09+00:00</time>
      </trkpt>
      <trkpt lat="54.88293" lon="25.5909">
        <ele>123</ele>
        <time>2026-04-30T16:59:12+00:00</time>
      </trkpt>
      <trkpt lat="54.88292" lon="25.59089">
        <ele>123</ele>
        <time>2026-04-30T16:59:15+00:00</time>
      </trkpt>
      <trkpt lat="54.88292" lon="25.59086">
        <ele>124</ele>
        <time>2026-04-30T16:59:18+00:00</time>
      </trkpt>
      <trkpt lat="54.88294" lon="25.59082">
        <ele>125</ele>
        <time>2026-04-30T16:59:21+00:00</time>
      </trkpt>
      <trkpt lat="54.88298" lon="25.59079">
        <ele>131</ele>
        <time>2026-04-30T16:59:24+00:00</time>
      </trkpt>
      <trkpt lat="54.88308" lon="25.59069">
        <ele>127</ele>
        <time>2026-04-30T16:59:27+00:00</time>
      </trkpt>
      <trkpt lat="54.88313" lon="25.59065">
        <ele>144</ele>
        <time>2026-04-30T16:59:30+00:00</time>
      </trkpt>
      <trkpt lat="54.88317" lon="25.5906">
        <ele>128</ele>
        <time>2026-04-30T16:59:33+00:00</time>
      </trkpt>
      <trkpt lat="54.88319" lon="25.59056">
        <ele>129</ele>
        <time>2026-04-30T16:59:36+00:00</time>
      </trkpt>
      <trkpt lat="54.8832" lon="25.59055">
        <ele>129</ele>
        <time>2026-04-30T16:59:39+00:00</time>
      </trkpt>
      <trkpt lat="54.8832" lon="25.59053">
        <ele>129</ele>
        <time>2026-04-30T16:59:42+00:00</time>
      </trkpt>
      <trkpt lat="54.88323" lon="25.59049">
        <ele>129</ele>
        <time>2026-04-30T16:59:45+00:00</time>
      </trkpt>
      <trkpt lat="54.88323" lon="25.59047">
        <ele>129</ele>
        <time>2026-04-30T16:59:48+00:00</time>
      </trkpt>
      <trkpt lat="54.88324" lon="25.59046">
        <ele>160</ele>
        <time>2026-04-30T16:59:51+00:00</time>
      </trkpt>
      <trkpt lat="54.88325" lon="25.59041">
        <ele>130</ele>
        <time>2026-04-30T16:59:54+00:00</time>
      </trkpt>
      <trkpt lat="54.88326" lon="25.5904">
        <ele>130</ele>
        <time>2026-04-30T16:59:57+00:00</time>
      </trkpt>
      <trkpt lat="54.88327" lon="25.59033">
        <ele>131</ele>
        <time>2026-04-30T17:00:00+00:00</time>
      </trkpt>
      <trkpt lat="54.88329" lon="25.59028">
        <ele>132</ele>
        <time>2026-04-30T17:00:03+00:00</time>
      </trkpt>
      <trkpt lat="54.88329" lon="25.59023">
        <ele>132</ele>
        <time>2026-04-30T17:00:06+00:00</time>
      </trkpt>
      <trkpt lat="54.88327" lon="25.59018">
        <ele>157</ele>
        <time>2026-04-30T17:00:09+00:00</time>
      </trkpt>
      <trkpt lat="54.88327" lon="25.59016">
        <ele>133</ele>
        <time>2026-04-30T17:00:12+00:00</time>
      </trkpt>
      <trkpt lat="54.88326" lon="25.59013">
        <ele>134</ele>
        <time>2026-04-30T17:00:15+00:00</time>
      </trkpt>
      <trkpt lat="54.88324" lon="25.59009">
        <ele>134</ele>
        <time>2026-04-30T17:00:18+00:00</time>
      </trkpt>
      <trkpt lat="54.88323" lon="25.59008">
        <ele>134</ele>
        <time>2026-04-30T17:00:21+00:00</time>
      </trkpt>
      <trkpt lat="54.8832" lon="25.59007">
        <ele>135</ele>
        <time>2026-04-30T17:00:24+00:00</time>
      </trkpt>
      <trkpt lat="54.8832" lon="25.59006">
        <ele>135</ele>
        <time>2026-04-30T17:00:27+00:00</time>
      </trkpt>
      <trkpt lat="54.88317" lon="25.59004">
        <ele>136</ele>
        <time>2026-04-30T17:00:30+00:00</time>
      </trkpt>
      <trkpt lat="54.88316" lon="25.59003">
        <ele>158</ele>
        <time>2026-04-30T17:00:33+00:00</time>
      </trkpt>
      <trkpt lat="54.88316" lon="25.59002">
        <ele>137</ele>
        <time>2026-04-30T17:00:36+00:00</time>
      </trkpt>
      <trkpt lat="54.88315" lon="25.59001">
        <ele>137</ele>
        <time>2026-04-30T17:00:39+00:00</time>
      </trkpt>
      <trkpt lat="54.88315" lon="25.59">
        <ele>137</ele>
        <time>2026-04-30T17:00:42+00:00</time>
      </trkpt>
      <trkpt lat="54.88312" lon="25.58994">
        <ele>140</ele>
        <time>2026-04-30T17:00:45+00:00</time>
      </trkpt>
      <trkpt lat="54.8831" lon="25.58991">
        <ele>141</ele>
        <time>2026-04-30T17:00:48+00:00</time>
      </trkpt>
      <trkpt lat="54.88306" lon="25.58989">
        <ele>141</ele>
        <time>2026-04-30T17:00:51+00:00</time>
      </trkpt>
      <trkpt lat="54.88304" lon="25.58986">
        <ele>157</ele>
        <time>2026-04-30T17:00:54+00:00</time>
      </trkpt>
      <trkpt lat="54.883" lon="25.58977">
        <ele>142</ele>
        <time>2026-04-30T17:00:57+00:00</time>
      </trkpt>
      <trkpt lat="54.883" lon="25.58975">
        <ele>142</ele>
        <time>2026-04-30T17:01:00+00:00</time>
      </trkpt>
      <trkpt lat="54.88299" lon="25.58974">
        <ele>142</ele>
        <time>2026-04-30T17:01:03+00:00</time>
      </trkpt>
      <trkpt lat="54.88299" lon="25.58966">
        <ele>145</ele>
        <time>2026-04-30T17:01:06+00:00</time>
      </trkpt>
      <trkpt lat="54.883" lon="25.58964">
        <ele>145</ele>
        <time>2026-04-30T17:01:09+00:00</time>
      </trkpt>
      <trkpt lat="54.883" lon="25.58952">
        <ele>157</ele>
        <time>2026-04-30T17:01:12+00:00</time>
      </trkpt>
      <trkpt lat="54.883" lon="25.58951">
        <ele>147</ele>
        <time>2026-04-30T17:01:15+00:00</time>
      </trkpt>
      <trkpt lat="54.88301" lon="25.58948">
        <ele>148</ele>
        <time>2026-04-30T17:01:18+00:00</time>
      </trkpt>
      <trkpt lat="54.88301" lon="25.58941">
        <ele>149</ele>
        <time>2026-04-30T17:01:21+00:00</time>
      </trkpt>
      <trkpt lat="54.883" lon="25.58938">
        <ele>149</ele>
        <time>2026-04-30T17:01:24+00:00</time>
      </trkpt>
      <trkpt lat="54.883" lon="25.58936">
        <ele>150</ele>
        <time>2026-04-30T17:01:27+00:00</time>
      </trkpt>
      <trkpt lat="54.88299" lon="25.58935">
        <ele>150</ele>
        <time>2026-04-30T17:01:30+00:00</time>
      </trkpt>
      <trkpt lat="54.88298" lon="25.58931">
        <ele>150</ele>
        <time>2026-04-30T17:01:33+00:00</time>
      </trkpt>
      <trkpt lat="54.88299" lon="25.58923">
        <ele>158</ele>
        <time>2026-04-30T17:01:36+00:00</time>
      </trkpt>
      <trkpt lat="54.883" lon="25.58922">
        <ele>150</ele>
        <time>2026-04-30T17:01:39+00:00</time>
      </trkpt>
      <trkpt lat="54.883" lon="25.58921">
        <ele>151</ele>
        <time>2026-04-30T17:01:42+00:00</time>
      </trkpt>
      <trkpt lat="54.88301" lon="25.58917">
        <ele>151</ele>
        <time>2026-04-30T17:01:45+00:00</time>
      </trkpt>
      <trkpt lat="54.88302" lon="25.58913">
        <ele>152</ele>
        <time>2026-04-30T17:01:48+00:00</time>
      </trkpt>
      <trkpt lat="54.88303" lon="25.58911">
        <ele>152</ele>
        <time>2026-04-30T17:01:51+00:00</time>
      </trkpt>
      <trkpt lat="54.88304" lon="25.58904">
        <ele>153</ele>
        <time>2026-04-30T17:01:54+00:00</time>
      </trkpt>
      <trkpt lat="54.88305" lon="25.58902">
        <ele>153</ele>
        <time>2026-04-30T17:01:57+00:00</time>
      </trkpt>
      <trkpt lat="54.88305" lon="25.58891">
        <ele>169</ele>
        <time>2026-04-30T17:02:00+00:00</time>
      </trkpt>
      <trkpt lat="54.88306" lon="25.5889">
        <ele>155</ele>
        <time>2026-04-30T17:02:03+00:00</time>
      </trkpt>
      <trkpt lat="54.88305" lon="25.58888">
        <ele>155</ele>
        <time>2026-04-30T17:02:06+00:00</time>
      </trkpt>
      <trkpt lat="54.88305" lon="25.58886">
        <ele>155</ele>
        <time>2026-04-30T17:02:09+00:00</time>
      </trkpt>
      <trkpt lat="54.88306" lon="25.58885">
        <ele>155</ele>
        <time>2026-04-30T17:02:12+00:00</time>
      </trkpt>
      <trkpt lat="54.88306" lon="25.58849">
        <ele>179</ele>
        <time>2026-04-30T17:02:15+00:00</time>
      </trkpt>
      <trkpt lat="54.88306" lon="25.58848">
        <ele>160</ele>
        <time>2026-04-30T17:02:18+00:00</time>
      </trkpt>
      <trkpt lat="54.88306" lon="25.58819">
        <ele>176</ele>
        <time>2026-04-30T17:02:21+00:00</time>
      </trkpt>
      <trkpt lat="54.88306" lon="25.58816">
        <ele>162</ele>
        <time>2026-04-30T17:02:24+00:00</time>
      </trkpt>
      <trkpt lat="54.88306" lon="25.58811">
        <ele>162</ele>
        <time>2026-04-30T17:02:27+00:00</time>
      </trkpt>
      <trkpt lat="54.88308" lon="25.58804">
        <ele>163</ele>
        <time>2026-04-30T17:02:30+00:00</time>
      </trkpt>
      <trkpt lat="54.88308" lon="25.58796">
        <ele>164</ele>
        <time>2026-04-30T17:02:33+00:00</time>
      </trkpt>
      <trkpt lat="54.88309" lon="25.58794">
        <ele>164</ele>
        <time>2026-04-30T17:02:36+00:00</time>
      </trkpt>
      <trkpt lat="54.88309" lon="25.58789">
        <ele>180</ele>
        <time>2026-04-30T17:02:39+00:00</time>
      </trkpt>
      <trkpt lat="54.88308" lon="25.58787">
        <ele>165</ele>
        <time>2026-04-30T17:02:42+00:00</time>
      </trkpt>
      <trkpt lat="54.88308" lon="25.58729">
        <ele>185</ele>
        <time>2026-04-30T17:02:45+00:00</time>
      </trkpt>
      <trkpt lat="54.88307" lon="25.58727">
        <ele>170</ele>
        <time>2026-04-30T17:02:48+00:00</time>
      </trkpt>
      <trkpt lat="54.88307" lon="25.58725">
        <ele>170</ele>
        <time>2026-04-30T17:02:51+00:00</time>
      </trkpt>
      <trkpt lat="54.88308" lon="25.58723">
        <ele>170</ele>
        <time>2026-04-30T17:02:54+00:00</time>
      </trkpt>
      <trkpt lat="54.88308" lon="25.58712">
        <ele>171</ele>
        <time>2026-04-30T17:02:57+00:00</time>
      </trkpt>
      <trkpt lat="54.88309" lon="25.5871">
        <ele>171</ele>
        <time>2026-04-30T17:03:00+00:00</time>
      </trkpt>
      <trkpt lat="54.88309" lon="25.58709">
        <ele>171</ele>
        <time>2026-04-30T17:03:03+00:00</time>
      </trkpt>
      <trkpt lat="54.8831" lon="25.58706">
        <ele>171</ele>
        <time>2026-04-30T17:03:06+00:00</time>
      </trkpt>
      <trkpt lat="54.8831" lon="25.58701">
        <ele>185</ele>
        <time>2026-04-30T17:03:09+00:00</time>
      </trkpt>
      <trkpt lat="54.88311" lon="25.58697">
        <ele>171</ele>
        <time>2026-04-30T17:03:12+00:00</time>
      </trkpt>
      <trkpt lat="54.88315" lon="25.58687">
        <ele>170</ele>
        <time>2026-04-30T17:03:15+00:00</time>
      </trkpt>
      <trkpt lat="54.88315" lon="25.58686">
        <ele>170</ele>
        <time>2026-04-30T17:03:18+00:00</time>
      </trkpt>
      <trkpt lat="54.88317" lon="25.5868">
        <ele>170</ele>
        <time>2026-04-30T17:03:21+00:00</time>
      </trkpt>
      <trkpt lat="54.88318" lon="25.58679">
        <ele>169</ele>
        <time>2026-04-30T17:03:24+00:00</time>
      </trkpt>
      <trkpt lat="54.88319" lon="25.58677">
        <ele>182</ele>
        <time>2026-04-30T17:03:27+00:00</time>
      </trkpt>
      <trkpt lat="54.8832" lon="25.58674">
        <ele>169</ele>
        <time>2026-04-30T17:03:30+00:00</time>
      </trkpt>
      <trkpt lat="54.88323" lon="25.5867">
        <ele>168</ele>
        <time>2026-04-30T17:03:33+00:00</time>
      </trkpt>
      <trkpt lat="54.88323" lon="25.58669">
        <ele>168</ele>
        <time>2026-04-30T17:03:36+00:00</time>
      </trkpt>
      <trkpt lat="54.88326" lon="25.58659">
        <ele>167</ele>
        <time>2026-04-30T17:03:39+00:00</time>
      </trkpt>
      <trkpt lat="54.88329" lon="25.58651">
        <ele>177</ele>
        <time>2026-04-30T17:03:42+00:00</time>
      </trkpt>
      <trkpt lat="54.88329" lon="25.58642">
        <ele>165</ele>
        <time>2026-04-30T17:03:45+00:00</time>
      </trkpt>
      <trkpt lat="54.88328" lon="25.5864">
        <ele>165</ele>
        <time>2026-04-30T17:03:48+00:00</time>
      </trkpt>
      <trkpt lat="54.88328" lon="25.58636">
        <ele>165</ele>
        <time>2026-04-30T17:03:51+00:00</time>
      </trkpt>
      <trkpt lat="54.88326" lon="25.58631">
        <ele>165</ele>
        <time>2026-04-30T17:03:54+00:00</time>
      </trkpt>
      <trkpt lat="54.88326" lon="25.58629">
        <ele>165</ele>
        <time>2026-04-30T17:03:57+00:00</time>
      </trkpt>
      <trkpt lat="54.88325" lon="25.58625">
        <ele>176</ele>
        <time>2026-04-30T17:04:00+00:00</time>
      </trkpt>
      <trkpt lat="54.88325" lon="25.58624">
        <ele>164</ele>
        <time>2026-04-30T17:04:03+00:00</time>
      </trkpt>
      <trkpt lat="54.88324" lon="25.58621">
        <ele>164</ele>
        <time>2026-04-30T17:04:06+00:00</time>
      </trkpt>
      <trkpt lat="54.88324" lon="25.5862">
        <ele>164</ele>
        <time>2026-04-30T17:04:09+00:00</time>
      </trkpt>
      <trkpt lat="54.88322" lon="25.58617">
        <ele>164</ele>
        <time>2026-04-30T17:04:12+00:00</time>
      </trkpt>
      <trkpt lat="54.88322" lon="25.5861">
        <ele>163</ele>
        <time>2026-04-30T17:04:15+00:00</time>
      </trkpt>
      <trkpt lat="54.88319" lon="25.58607">
        <ele>163</ele>
        <time>2026-04-30T17:04:18+00:00</time>
      </trkpt>
      <trkpt lat="54.88319" lon="25.58606">
        <ele>163</ele>
        <time>2026-04-30T17:04:21+00:00</time>
      </trkpt>
      <trkpt lat="54.88319" lon="25.58605">
        <ele>163</ele>
        <time>2026-04-30T17:04:24+00:00</time>
      </trkpt>
      <trkpt lat="54.88318" lon="25.586">
        <ele>176</ele>
        <time>2026-04-30T17:04:27+00:00</time>
      </trkpt>
      <trkpt lat="54.88317" lon="25.58599">
        <ele>163</ele>
        <time>2026-04-30T17:04:30+00:00</time>
      </trkpt>
      <trkpt lat="54.88317" lon="25.58597">
        <ele>163</ele>
        <time>2026-04-30T17:04:33+00:00</time>
      </trkpt>
      <trkpt lat="54.88317" lon="25.58595">
        <ele>163</ele>
        <time>2026-04-30T17:04:36+00:00</time>
      </trkpt>
      <trkpt lat="54.88317" lon="25.58589">
        <ele>162</ele>
        <time>2026-04-30T17:04:39+00:00</time>
      </trkpt>
      <trkpt lat="54.88316" lon="25.58587">
        <ele>162</ele>
        <time>2026-04-30T17:04:42+00:00</time>
      </trkpt>
      <trkpt lat="54.88317" lon="25.58572">
        <ele>171</ele>
        <time>2026-04-30T17:04:45+00:00</time>
      </trkpt>
      <trkpt lat="54.88316" lon="25.58567">
        <ele>161</ele>
        <time>2026-04-30T17:04:48+00:00</time>
      </trkpt>
      <trkpt lat="54.88315" lon="25.58562">
        <ele>161</ele>
        <time>2026-04-30T17:04:51+00:00</time>
      </trkpt>
      <trkpt lat="54.88315" lon="25.58557">
        <ele>161</ele>
        <time>2026-04-30T17:04:54+00:00</time>
      </trkpt>
      <trkpt lat="54.8831" lon="25.58536">
        <ele>164</ele>
        <time>2026-04-30T17:04:57+00:00</time>
      </trkpt>
      <trkpt lat="54.8831" lon="25.58528">
        <ele>160</ele>
        <time>2026-04-30T17:05:00+00:00</time>
      </trkpt>
      <trkpt lat="54.88308" lon="25.58524">
        <ele>159</ele>
        <time>2026-04-30T17:05:03+00:00</time>
      </trkpt>
      <trkpt lat="54.88308" lon="25.58519">
        <ele>159</ele>
        <time>2026-04-30T17:05:06+00:00</time>
      </trkpt>
      <trkpt lat="54.88306" lon="25.58512">
        <ele>159</ele>
        <time>2026-04-30T17:05:09+00:00</time>
      </trkpt>
      <trkpt lat="54.88306" lon="25.58505">
        <ele>161</ele>
        <time>2026-04-30T17:05:12+00:00</time>
      </trkpt>
      <trkpt lat="54.88303" lon="25.58494">
        <ele>158</ele>
        <time>2026-04-30T17:05:15+00:00</time>
      </trkpt>
      <trkpt lat="54.88301" lon="25.58482">
        <ele>157</ele>
        <time>2026-04-30T17:05:18+00:00</time>
      </trkpt>
      <trkpt lat="54.88301" lon="25.58475">
        <ele>161</ele>
        <time>2026-04-30T17:05:21+00:00</time>
      </trkpt>
      <trkpt lat="54.88303" lon="25.58468">
        <ele>157</ele>
        <time>2026-04-30T17:05:24+00:00</time>
      </trkpt>
      <trkpt lat="54.88304" lon="25.58464">
        <ele>156</ele>
        <time>2026-04-30T17:05:27+00:00</time>
      </trkpt>
      <trkpt lat="54.88304" lon="25.58455">
        <ele>156</ele>
        <time>2026-04-30T17:05:30+00:00</time>
      </trkpt>
      <trkpt lat="54.88306" lon="25.58442">
        <ele>161</ele>
        <time>2026-04-30T17:05:33+00:00</time>
      </trkpt>
      <trkpt lat="54.88308" lon="25.58438">
        <ele>155</ele>
        <time>2026-04-30T17:05:36+00:00</time>
      </trkpt>
      <trkpt lat="54.88308" lon="25.58434">
        <ele>155</ele>
        <time>2026-04-30T17:05:39+00:00</time>
      </trkpt>
      <trkpt lat="54.88311" lon="25.58417">
        <ele>154</ele>
        <time>2026-04-30T17:05:42+00:00</time>
      </trkpt>
      <trkpt lat="54.8831" lon="25.58413">
        <ele>161</ele>
        <time>2026-04-30T17:05:45+00:00</time>
      </trkpt>
      <trkpt lat="54.8831" lon="25.58405">
        <ele>154</ele>
        <time>2026-04-30T17:05:48+00:00</time>
      </trkpt>
      <trkpt lat="54.88306" lon="25.58392">
        <ele>153</ele>
        <time>2026-04-30T17:05:51+00:00</time>
      </trkpt>
      <trkpt lat="54.88294" lon="25.58376">
        <ele>164</ele>
        <time>2026-04-30T17:05:54+00:00</time>
      </trkpt>
      <trkpt lat="54.88288" lon="25.58368">
        <ele>151</ele>
        <time>2026-04-30T17:05:57+00:00</time>
      </trkpt>
      <trkpt lat="54.88286" lon="25.58363">
        <ele>151</ele>
        <time>2026-04-30T17:06:00+00:00</time>
      </trkpt>
      <trkpt lat="54.88282" lon="25.58355">
        <ele>164</ele>
        <time>2026-04-30T17:06:03+00:00</time>
      </trkpt>
      <trkpt lat="54.8828" lon="25.5835">
        <ele>151</ele>
        <time>2026-04-30T17:06:06+00:00</time>
      </trkpt>
      <trkpt lat="54.88279" lon="25.58347">
        <ele>151</ele>
        <time>2026-04-30T17:06:09+00:00</time>
      </trkpt>
      <trkpt lat="54.88275" lon="25.58337">
        <ele>150</ele>
        <time>2026-04-30T17:06:12+00:00</time>
      </trkpt>
      <trkpt lat="54.88274" lon="25.58331">
        <ele>159</ele>
        <time>2026-04-30T17:06:15+00:00</time>
      </trkpt>
      <trkpt lat="54.88272" lon="25.58328">
        <ele>150</ele>
        <time>2026-04-30T17:06:18+00:00</time>
      </trkpt>
      <trkpt lat="54.88272" lon="25.58321">
        <ele>149</ele>
        <time>2026-04-30T17:06:21+00:00</time>
      </trkpt>
      <trkpt lat="54.88272" lon="25.58302">
        <ele>155</ele>
        <time>2026-04-30T17:06:24+00:00</time>
      </trkpt>
      <trkpt lat="54.88274" lon="25.58296">
        <ele>148</ele>
        <time>2026-04-30T17:06:27+00:00</time>
      </trkpt>
      <trkpt lat="54.88274" lon="25.58293">
        <ele>148</ele>
        <time>2026-04-30T17:06:30+00:00</time>
      </trkpt>
      <trkpt lat="54.88273" lon="25.5829">
        <ele>147</ele>
        <time>2026-04-30T17:06:33+00:00</time>
      </trkpt>
      <trkpt lat="54.88273" lon="25.58286">
        <ele>147</ele>
        <time>2026-04-30T17:06:36+00:00</time>
      </trkpt>
      <trkpt lat="54.88269" lon="25.58274">
        <ele>154</ele>
        <time>2026-04-30T17:06:39+00:00</time>
      </trkpt>
      <trkpt lat="54.88262" lon="25.58259">
        <ele>146</ele>
        <time>2026-04-30T17:06:42+00:00</time>
      </trkpt>
      <trkpt lat="54.88259" lon="25.5825">
        <ele>154</ele>
        <time>2026-04-30T17:06:45+00:00</time>
      </trkpt>
      <trkpt lat="54.88258" lon="25.58246">
        <ele>146</ele>
        <time>2026-04-30T17:06:48+00:00</time>
      </trkpt>
      <trkpt lat="54.88256" lon="25.58243">
        <ele>146</ele>
        <time>2026-04-30T17:06:51+00:00</time>
      </trkpt>
      <trkpt lat="54.88252" lon="25.58218">
        <ele>154</ele>
        <time>2026-04-30T17:06:54+00:00</time>
      </trkpt>
      <trkpt lat="54.8825" lon="25.58208">
        <ele>144</ele>
        <time>2026-04-30T17:06:57+00:00</time>
      </trkpt>
      <trkpt lat="54.88246" lon="25.582">
        <ele>144</ele>
        <time>2026-04-30T17:07:00+00:00</time>
      </trkpt>
      <trkpt lat="54.88243" lon="25.58195">
        <ele>154</ele>
        <time>2026-04-30T17:07:03+00:00</time>
      </trkpt>
      <trkpt lat="54.88234" lon="25.58189">
        <ele>143</ele>
        <time>2026-04-30T17:07:06+00:00</time>
      </trkpt>
      <trkpt lat="54.88216" lon="25.58176">
        <ele>162</ele>
        <time>2026-04-30T17:07:09+00:00</time>
      </trkpt>
      <trkpt lat="54.88207" lon="25.58172">
        <ele>142</ele>
        <time>2026-04-30T17:07:12+00:00</time>
      </trkpt>
      <trkpt lat="54.88191" lon="25.58169">
        <ele>165</ele>
        <time>2026-04-30T17:07:15+00:00</time>
      </trkpt>
      <trkpt lat="54.88184" lon="25.58168">
        <ele>140</ele>
        <time>2026-04-30T17:07:18+00:00</time>
      </trkpt>
      <trkpt lat="54.88176" lon="25.58169">
        <ele>140</ele>
        <time>2026-04-30T17:07:21+00:00</time>
      </trkpt>
      <trkpt lat="54.88171" lon="25.58169">
        <ele>166</ele>
        <time>2026-04-30T17:07:24+00:00</time>
      </trkpt>
      <trkpt lat="54.8816" lon="25.58164">
        <ele>139</ele>
        <time>2026-04-30T17:07:27+00:00</time>
      </trkpt>
      <trkpt lat="54.88154" lon="25.58159">
        <ele>168</ele>
        <time>2026-04-30T17:07:30+00:00</time>
      </trkpt>
      <trkpt lat="54.88152" lon="25.58156">
        <ele>138</ele>
        <time>2026-04-30T17:07:33+00:00</time>
      </trkpt>
      <trkpt lat="54.88147" lon="25.58149">
        <ele>138</ele>
        <time>2026-04-30T17:07:36+00:00</time>
      </trkpt>
      <trkpt lat="54.88142" lon="25.58138">
        <ele>168</ele>
        <time>2026-04-30T17:07:39+00:00</time>
      </trkpt>
      <trkpt lat="54.88141" lon="25.58134">
        <ele>138</ele>
        <time>2026-04-30T17:07:42+00:00</time>
      </trkpt>
      <trkpt lat="54.88139" lon="25.58132">
        <ele>138</ele>
        <time>2026-04-30T17:07:45+00:00</time>
      </trkpt>
      <trkpt lat="54.88135" lon="25.58123">
        <ele>138</ele>
        <time>2026-04-30T17:07:48+00:00</time>
      </trkpt>
      <trkpt lat="54.88123" lon="25.58095">
        <ele>170</ele>
        <time>2026-04-30T17:07:51+00:00</time>
      </trkpt>
      <trkpt lat="54.88121" lon="25.58092">
        <ele>137</ele>
        <time>2026-04-30T17:07:54+00:00</time>
      </trkpt>
      <trkpt lat="54.88119" lon="25.58093">
        <ele>137</ele>
        <time>2026-04-30T17:07:57+00:00</time>
      </trkpt>
      <trkpt lat="54.88118" lon="25.581">
        <ele>137</ele>
        <time>2026-04-30T17:08:00+00:00</time>
      </trkpt>
      <trkpt lat="54.88118" lon="25.58104">
        <ele>137</ele>
        <time>2026-04-30T17:08:03+00:00</time>
      </trkpt>
      <trkpt lat="54.88114" lon="25.58127">
        <ele>170</ele>
        <time>2026-04-30T17:08:06+00:00</time>
      </trkpt>
      <trkpt lat="54.88113" lon="25.58131">
        <ele>136</ele>
        <time>2026-04-30T17:08:09+00:00</time>
      </trkpt>
      <trkpt lat="54.88113" lon="25.58132">
        <ele>136</ele>
        <time>2026-04-30T17:08:12+00:00</time>
      </trkpt>
      <trkpt lat="54.88113" lon="25.58133">
        <ele>136</ele>
        <time>2026-04-30T17:08:15+00:00</time>
      </trkpt>
      <trkpt lat="54.88108" lon="25.58139">
        <ele>136</ele>
        <time>2026-04-30T17:08:18+00:00</time>
      </trkpt>
      <trkpt lat="54.88104" lon="25.58146">
        <ele>165</ele>
        <time>2026-04-30T17:08:21+00:00</time>
      </trkpt>
      <trkpt lat="54.881" lon="25.58156">
        <ele>136</ele>
        <time>2026-04-30T17:08:24+00:00</time>
      </trkpt>
      <trkpt lat="54.88099" lon="25.58158">
        <ele>135</ele>
        <time>2026-04-30T17:08:27+00:00</time>
      </trkpt>
      <trkpt lat="54.88098" lon="25.58159">
        <ele>135</ele>
        <time>2026-04-30T17:08:30+00:00</time>
      </trkpt>
      <trkpt lat="54.88098" lon="25.58162">
        <ele>135</ele>
        <time>2026-04-30T17:08:33+00:00</time>
      </trkpt>
      <trkpt lat="54.88097" lon="25.58167">
        <ele>135</ele>
        <time>2026-04-30T17:08:36+00:00</time>
      </trkpt>
      <trkpt lat="54.88097" lon="25.58171">
        <ele>160</ele>
        <time>2026-04-30T17:08:39+00:00</time>
      </trkpt>
      <trkpt lat="54.88096" lon="25.58178">
        <ele>135</ele>
        <time>2026-04-30T17:08:42+00:00</time>
      </trkpt>
      <trkpt lat="54.88095" lon="25.58185">
        <ele>135</ele>
        <time>2026-04-30T17:08:45+00:00</time>
      </trkpt>
      <trkpt lat="54.88095" lon="25.5819">
        <ele>135</ele>
        <time>2026-04-30T17:08:48+00:00</time>
      </trkpt>
      <trkpt lat="54.88095" lon="25.58207">
        <ele>156</ele>
        <time>2026-04-30T17:08:51+00:00</time>
      </trkpt>
      <trkpt lat="54.88094" lon="25.58211">
        <ele>134</ele>
        <time>2026-04-30T17:08:54+00:00</time>
      </trkpt>
      <trkpt lat="54.88094" lon="25.58228">
        <ele>134</ele>
        <time>2026-04-30T17:08:57+00:00</time>
      </trkpt>
      <trkpt lat="54.88093" lon="25.58232">
        <ele>134</ele>
        <time>2026-04-30T17:09:00+00:00</time>
      </trkpt>
      <trkpt lat="54.88093" lon="25.58243">
        <ele>156</ele>
        <time>2026-04-30T17:09:03+00:00</time>
      </trkpt>
      <trkpt lat="54.88092" lon="25.58247">
        <ele>133</ele>
        <time>2026-04-30T17:09:06+00:00</time>
      </trkpt>
      <trkpt lat="54.88092" lon="25.58256">
        <ele>133</ele>
        <time>2026-04-30T17:09:09+00:00</time>
      </trkpt>
      <trkpt lat="54.88091" lon="25.5826">
        <ele>133</ele>
        <time>2026-04-30T17:09:12+00:00</time>
      </trkpt>
      <trkpt lat="54.88091" lon="25.58264">
        <ele>133</ele>
        <time>2026-04-30T17:09:15+00:00</time>
      </trkpt>
      <trkpt lat="54.88092" lon="25.58268">
        <ele>133</ele>
        <time>2026-04-30T17:09:18+00:00</time>
      </trkpt>
      <trkpt lat="54.88092" lon="25.58283">
        <ele>156</ele>
        <time>2026-04-30T17:09:21+00:00</time>
      </trkpt>
      <trkpt lat="54.88094" lon="25.5829">
        <ele>132</ele>
        <time>2026-04-30T17:09:24+00:00</time>
      </trkpt>
      <trkpt lat="54.88094" lon="25.58297">
        <ele>132</ele>
        <time>2026-04-30T17:09:27+00:00</time>
      </trkpt>
      <trkpt lat="54.88095" lon="25.583">
        <ele>132</ele>
        <time>2026-04-30T17:09:30+00:00</time>
      </trkpt>
      <trkpt lat="54.88095" lon="25.58305">
        <ele>132</ele>
        <time>2026-04-30T17:09:33+00:00</time>
      </trkpt>
      <trkpt lat="54.88095" lon="25.58308">
        <ele>132</ele>
        <time>2026-04-30T17:09:36+00:00</time>
      </trkpt>
      <trkpt lat="54.88096" lon="25.58316">
        <ele>152</ele>
        <time>2026-04-30T17:09:39+00:00</time>
      </trkpt>
      <trkpt lat="54.88097" lon="25.58322">
        <ele>131</ele>
        <time>2026-04-30T17:09:42+00:00</time>
      </trkpt>
      <trkpt lat="54.88097" lon="25.58324">
        <ele>131</ele>
        <time>2026-04-30T17:09:45+00:00</time>
      </trkpt>
      <trkpt lat="54.88098" lon="25.5833">
        <ele>131</ele>
        <time>2026-04-30T17:09:48+00:00</time>
      </trkpt>
      <trkpt lat="54.88098" lon="25.58332">
        <ele>131</ele>
        <time>2026-04-30T17:09:51+00:00</time>
      </trkpt>
      <trkpt lat="54.88099" lon="25.58334">
        <ele>131</ele>
        <time>2026-04-30T17:09:54+00:00</time>
      </trkpt>
      <trkpt lat="54.881" lon="25.58347">
        <ele>149</ele>
        <time>2026-04-30T17:09:57+00:00</time>
      </trkpt>
      <trkpt lat="54.88099" lon="25.58349">
        <ele>130</ele>
        <time>2026-04-30T17:10:00+00:00</time>
      </trkpt>
      <trkpt lat="54.88099" lon="25.58352">
        <ele>130</ele>
        <time>2026-04-30T17:10:03+00:00</time>
      </trkpt>
      <trkpt lat="54.88098" lon="25.58355">
        <ele>129</ele>
        <time>2026-04-30T17:10:06+00:00</time>
      </trkpt>
      <trkpt lat="54.88097" lon="25.58359">
        <ele>129</ele>
        <time>2026-04-30T17:10:09+00:00</time>
      </trkpt>
      <trkpt lat="54.88094" lon="25.58367">
        <ele>129</ele>
        <time>2026-04-30T17:10:12+00:00</time>
      </trkpt>
      <trkpt lat="54.88092" lon="25.5837">
        <ele>141</ele>
        <time>2026-04-30T17:10:15+00:00</time>
      </trkpt>
      <trkpt lat="54.88088" lon="25.58373">
        <ele>128</ele>
        <time>2026-04-30T17:10:18+00:00</time>
      </trkpt>
      <trkpt lat="54.88078" lon="25.58374">
        <ele>127</ele>
        <time>2026-04-30T17:10:21+00:00</time>
      </trkpt>
      <trkpt lat="54.88072" lon="25.58376">
        <ele>141</ele>
        <time>2026-04-30T17:10:24+00:00</time>
      </trkpt>
      <trkpt lat="54.88069" lon="25.58377">
        <ele>127</ele>
        <time>2026-04-30T17:10:27+00:00</time>
      </trkpt>
      <trkpt lat="54.88048" lon="25.58377">
        <ele>155</ele>
        <time>2026-04-30T17:10:30+00:00</time>
      </trkpt>
      <trkpt lat="54.88045" lon="25.58376">
        <ele>126</ele>
        <time>2026-04-30T17:10:33+00:00</time>
      </trkpt>
      <trkpt lat="54.8804" lon="25.58371">
        <ele>125</ele>
        <time>2026-04-30T17:10:36+00:00</time>
      </trkpt>
      <trkpt lat="54.88034" lon="25.58367">
        <ele>125</ele>
        <time>2026-04-30T17:10:39+00:00</time>
      </trkpt>
      <trkpt lat="54.88028" lon="25.58367">
        <ele>155</ele>
        <time>2026-04-30T17:10:42+00:00</time>
      </trkpt>
      <trkpt lat="54.88022" lon="25.58368">
        <ele>124</ele>
        <time>2026-04-30T17:10:45+00:00</time>
      </trkpt>
      <trkpt lat="54.88018" lon="25.58367">
        <ele>123</ele>
        <time>2026-04-30T17:10:48+00:00</time>
      </trkpt>
      <trkpt lat="54.88015" lon="25.58368">
        <ele>123</ele>
        <time>2026-04-30T17:10:51+00:00</time>
      </trkpt>
      <trkpt lat="54.88009" lon="25.58374">
        <ele>154</ele>
        <time>2026-04-30T17:10:54+00:00</time>
      </trkpt>
      <trkpt lat="54.88002" lon="25.58376">
        <ele>121</ele>
        <time>2026-04-30T17:10:57+00:00</time>
      </trkpt>
      <trkpt lat="54.87999" lon="25.5838">
        <ele>120</ele>
        <time>2026-04-30T17:11:00+00:00</time>
      </trkpt>
      <trkpt lat="54.87998" lon="25.58381">
        <ele>120</ele>
        <time>2026-04-30T17:11:03+00:00</time>
      </trkpt>
      <trkpt lat="54.87995" lon="25.58385">
        <ele>153</ele>
        <time>2026-04-30T17:11:06+00:00</time>
      </trkpt>
      <trkpt lat="54.87995" lon="25.5839">
        <ele>119</ele>
        <time>2026-04-30T17:11:09+00:00</time>
      </trkpt>
      <trkpt lat="54.87993" lon="25.58396">
        <ele>119</ele>
        <time>2026-04-30T17:11:12+00:00</time>
      </trkpt>
      <trkpt lat="54.87992" lon="25.58399">
        <ele>119</ele>
        <time>2026-04-30T17:11:15+00:00</time>
      </trkpt>
      <trkpt lat="54.87991" lon="25.58401">
        <ele>119</ele>
        <time>2026-04-30T17:11:18+00:00</time>
      </trkpt>
      <trkpt lat="54.87989" lon="25.58402">
        <ele>118</ele>
        <time>2026-04-30T17:11:21+00:00</time>
      </trkpt>
      <trkpt lat="54.87989" lon="25.58406">
        <ele>118</ele>
        <time>2026-04-30T17:11:24+00:00</time>
      </trkpt>
      <trkpt lat="54.87985" lon="25.58412">
        <ele>150</ele>
        <time>2026-04-30T17:11:27+00:00</time>
      </trkpt>
      <trkpt lat="54.87985" lon="25.58414">
        <ele>117</ele>
        <time>2026-04-30T17:11:30+00:00</time>
      </trkpt>
      <trkpt lat="54.87984" lon="25.58417">
        <ele>117</ele>
        <time>2026-04-30T17:11:33+00:00</time>
      </trkpt>
      <trkpt lat="54.87984" lon="25.58418">
        <ele>116</ele>
        <time>2026-04-30T17:11:36+00:00</time>
      </trkpt>
      <trkpt lat="54.87979" lon="25.58431">
        <ele>116</ele>
        <time>2026-04-30T17:11:39+00:00</time>
      </trkpt>
      <trkpt lat="54.87979" lon="25.58433">
        <ele>115</ele>
        <time>2026-04-30T17:11:42+00:00</time>
      </trkpt>
      <trkpt lat="54.87978" lon="25.58436">
        <ele>150</ele>
        <time>2026-04-30T17:11:45+00:00</time>
      </trkpt>
      <trkpt lat="54.87971" lon="25.58447">
        <ele>114</ele>
        <time>2026-04-30T17:11:48+00:00</time>
      </trkpt>
      <trkpt lat="54.87966" lon="25.58457">
        <ele>148</ele>
        <time>2026-04-30T17:11:51+00:00</time>
      </trkpt>
      <trkpt lat="54.87964" lon="25.58459">
        <ele>113</ele>
        <time>2026-04-30T17:11:54+00:00</time>
      </trkpt>
      <trkpt lat="54.87962" lon="25.58464">
        <ele>112</ele>
        <time>2026-04-30T17:11:57+00:00</time>
      </trkpt>
      <trkpt lat="54.87962" lon="25.58466">
        <ele>112</ele>
        <time>2026-04-30T17:12:00+00:00</time>
      </trkpt>
      <trkpt lat="54.87959" lon="25.58472">
        <ele>112</ele>
        <time>2026-04-30T17:12:03+00:00</time>
      </trkpt>
      <trkpt lat="54.87958" lon="25.58481">
        <ele>134</ele>
        <time>2026-04-30T17:12:06+00:00</time>
      </trkpt>
      <trkpt lat="54.87957" lon="25.58486">
        <ele>111</ele>
        <time>2026-04-30T17:12:09+00:00</time>
      </trkpt>
      <trkpt lat="54.87957" lon="25.58494">
        <ele>111</ele>
        <time>2026-04-30T17:12:12+00:00</time>
      </trkpt>
      <trkpt lat="54.87955" lon="25.58497">
        <ele>110</ele>
        <time>2026-04-30T17:12:15+00:00</time>
      </trkpt>
      <trkpt lat="54.87955" lon="25.58501">
        <ele>110</ele>
        <time>2026-04-30T17:12:18+00:00</time>
      </trkpt>
      <trkpt lat="54.87955" lon="25.58508">
        <ele>131</ele>
        <time>2026-04-30T17:12:21+00:00</time>
      </trkpt>
      <trkpt lat="54.87955" lon="25.58508">
        <ele>110</ele>
        <time>2026-04-30T17:12:24+00:00</time>
      </trkpt>
      <trkpt lat="54.87955" lon="25.5851">
        <ele>110</ele>
        <time>2026-04-30T17:12:27+00:00</time>
      </trkpt>
      <trkpt lat="54.87956" lon="25.58511">
        <ele>109</ele>
        <time>2026-04-30T17:12:30+00:00</time>
      </trkpt>
      <trkpt lat="54.87956" lon="25.5852">
        <ele>109</ele>
        <time>2026-04-30T17:12:33+00:00</time>
      </trkpt>
      <trkpt lat="54.87955" lon="25.58522">
        <ele>109</ele>
        <time>2026-04-30T17:12:36+00:00</time>
      </trkpt>
      <trkpt lat="54.87955" lon="25.58529">
        <ele>108</ele>
        <time>2026-04-30T17:12:39+00:00</time>
      </trkpt>
      <trkpt lat="54.87954" lon="25.58531">
        <ele>108</ele>
        <time>2026-04-30T17:12:42+00:00</time>
      </trkpt>
      <trkpt lat="54.87954" lon="25.58534">
        <ele>131</ele>
        <time>2026-04-30T17:12:45+00:00</time>
      </trkpt>
      <trkpt lat="54.87953" lon="25.58536">
        <ele>108</ele>
        <time>2026-04-30T17:12:48+00:00</time>
      </trkpt>
      <trkpt lat="54.87953" lon="25.58543">
        <ele>108</ele>
        <time>2026-04-30T17:12:51+00:00</time>
      </trkpt>
      <trkpt lat="54.87952" lon="25.58544">
        <ele>108</ele>
        <time>2026-04-30T17:12:54+00:00</time>
      </trkpt>
      <trkpt lat="54.87952" lon="25.58546">
        <ele>108</ele>
        <time>2026-04-30T17:12:57+00:00</time>
      </trkpt>
      <trkpt lat="54.87949" lon="25.5855">
        <ele>108</ele>
        <time>2026-04-30T17:13:00+00:00</time>
      </trkpt>
      <trkpt lat="54.87947" lon="25.58551">
        <ele>108</ele>
        <time>2026-04-30T17:13:03+00:00</time>
      </trkpt>
      <trkpt lat="54.87946" lon="25.5855">
        <ele>108</ele>
        <time>2026-04-30T17:13:06+00:00</time>
      </trkpt>
      <trkpt lat="54.87939" lon="25.58547">
        <ele>132</ele>
        <time>2026-04-30T17:13:09+00:00</time>
      </trkpt>
      <trkpt lat="54.87935" lon="25.58541">
        <ele>107</ele>
        <time>2026-04-30T17:13:12+00:00</time>
      </trkpt>
      <trkpt lat="54.87933" lon="25.58538">
        <ele>107</ele>
        <time>2026-04-30T17:13:15+00:00</time>
      </trkpt>
      <trkpt lat="54.87933" lon="25.58534">
        <ele>107</ele>
        <time>2026-04-30T17:13:18+00:00</time>
      </trkpt>
      <trkpt lat="54.87931" lon="25.58531">
        <ele>107</ele>
        <time>2026-04-30T17:13:21+00:00</time>
      </trkpt>
      <trkpt lat="54.87931" lon="25.58524">
        <ele>132</ele>
        <time>2026-04-30T17:13:24+00:00</time>
      </trkpt>
      <trkpt lat="54.87932" lon="25.58523">
        <ele>107</ele>
        <time>2026-04-30T17:13:27+00:00</time>
      </trkpt>
      <trkpt lat="54.87932" lon="25.58522">
        <ele>107</ele>
        <time>2026-04-30T17:13:30+00:00</time>
      </trkpt>
      <trkpt lat="54.87931" lon="25.58521">
        <ele>107</ele>
        <time>2026-04-30T17:13:33+00:00</time>
      </trkpt>
      <trkpt lat="54.87931" lon="25.58519">
        <ele>107</ele>
        <time>2026-04-30T17:13:36+00:00</time>
      </trkpt>
      <trkpt lat="54.87929" lon="25.58516">
        <ele>107</ele>
        <time>2026-04-30T17:13:39+00:00</time>
      </trkpt>
      <trkpt lat="54.87929" lon="25.58515">
        <ele>107</ele>
        <time>2026-04-30T17:13:42+00:00</time>
      </trkpt>
      <trkpt lat="54.87929" lon="25.58513">
        <ele>107</ele>
        <time>2026-04-30T17:13:45+00:00</time>
      </trkpt>
      <trkpt lat="54.87928" lon="25.58511">
        <ele>107</ele>
        <time>2026-04-30T17:13:48+00:00</time>
      </trkpt>
      <trkpt lat="54.87928" lon="25.5851">
        <ele>107</ele>
        <time>2026-04-30T17:13:51+00:00</time>
      </trkpt>
      <trkpt lat="54.87928" lon="25.58509">
        <ele>107</ele>
        <time>2026-04-30T17:13:54+00:00</time>
      </trkpt>
      <trkpt lat="54.87923" lon="25.58503">
        <ele>133</ele>
        <time>2026-04-30T17:13:57+00:00</time>
      </trkpt>
      <trkpt lat="54.87923" lon="25.58502">
        <ele>107</ele>
        <time>2026-04-30T17:14:00+00:00</time>
      </trkpt>
      <trkpt lat="54.87919" lon="25.58498">
        <ele>107</ele>
        <time>2026-04-30T17:14:03+00:00</time>
      </trkpt>
      <trkpt lat="54.87918" lon="25.58496">
        <ele>107</ele>
        <time>2026-04-30T17:14:06+00:00</time>
      </trkpt>
      <trkpt lat="54.87918" lon="25.58495">
        <ele>107</ele>
        <time>2026-04-30T17:14:09+00:00</time>
      </trkpt>
      <trkpt lat="54.87913" lon="25.58488">
        <ele>107</ele>
        <time>2026-04-30T17:14:12+00:00</time>
      </trkpt>
      <trkpt lat="54.8791" lon="25.58482">
        <ele>133</ele>
        <time>2026-04-30T17:14:15+00:00</time>
      </trkpt>
      <trkpt lat="54.87902" lon="25.58477">
        <ele>107</ele>
        <time>2026-04-30T17:14:18+00:00</time>
      </trkpt>
      <trkpt lat="54.87899" lon="25.58473">
        <ele>107</ele>
        <time>2026-04-30T17:14:21+00:00</time>
      </trkpt>
      <trkpt lat="54.87897" lon="25.58469">
        <ele>133</ele>
        <time>2026-04-30T17:14:24+00:00</time>
      </trkpt>
      <trkpt lat="54.87897" lon="25.58464">
        <ele>107</ele>
        <time>2026-04-30T17:14:27+00:00</time>
      </trkpt>
      <trkpt lat="54.87896" lon="25.58462">
        <ele>107</ele>
        <time>2026-04-30T17:14:30+00:00</time>
      </trkpt>
      <trkpt lat="54.87896" lon="25.5846">
        <ele>107</ele>
        <time>2026-04-30T17:14:33+00:00</time>
      </trkpt>
      <trkpt lat="54.87894" lon="25.58457">
        <ele>107</ele>
        <time>2026-04-30T17:14:36+00:00</time>
      </trkpt>
      <trkpt lat="54.87894" lon="25.58456">
        <ele>107</ele>
        <time>2026-04-30T17:14:39+00:00</time>
      </trkpt>
      <trkpt lat="54.87891" lon="25.58451">
        <ele>107</ele>
        <time>2026-04-30T17:14:42+00:00</time>
      </trkpt>
      <trkpt lat="54.87889" lon="25.58449">
        <ele>107</ele>
        <time>2026-04-30T17:14:45+00:00</time>
      </trkpt>
      <trkpt lat="54.87885" lon="25.58443">
        <ele>133</ele>
        <time>2026-04-30T17:14:48+00:00</time>
      </trkpt>
      <trkpt lat="54.87885" lon="25.58442">
        <ele>107</ele>
        <time>2026-04-30T17:14:51+00:00</time>
      </trkpt>
      <trkpt lat="54.87878" lon="25.58429">
        <ele>107</ele>
        <time>2026-04-30T17:14:54+00:00</time>
      </trkpt>
      <trkpt lat="54.87873" lon="25.5842">
        <ele>133</ele>
        <time>2026-04-30T17:14:57+00:00</time>
      </trkpt>
      <trkpt lat="54.87869" lon="25.58413">
        <ele>107</ele>
        <time>2026-04-30T17:15:00+00:00</time>
      </trkpt>
      <trkpt lat="54.87867" lon="25.58409">
        <ele>107</ele>
        <time>2026-04-30T17:15:03+00:00</time>
      </trkpt>
      <trkpt lat="54.87867" lon="25.58405">
        <ele>107</ele>
        <time>2026-04-30T17:15:06+00:00</time>
      </trkpt>
      <trkpt lat="54.87865" lon="25.58402">
        <ele>107</ele>
        <time>2026-04-30T17:15:09+00:00</time>
      </trkpt>
      <trkpt lat="54.87865" lon="25.584">
        <ele>107</ele>
        <time>2026-04-30T17:15:12+00:00</time>
      </trkpt>
      <trkpt lat="54.87856" lon="25.58385">
        <ele>127</ele>
        <time>2026-04-30T17:15:15+00:00</time>
      </trkpt>
      <trkpt lat="54.87854" lon="25.5838">
        <ele>107</ele>
        <time>2026-04-30T17:15:18+00:00</time>
      </trkpt>
      <trkpt lat="54.87854" lon="25.58377">
        <ele>107</ele>
        <time>2026-04-30T17:15:21+00:00</time>
      </trkpt>
      <trkpt lat="54.87851" lon="25.58374">
        <ele>108</ele>
        <time>2026-04-30T17:15:24+00:00</time>
      </trkpt>
      <trkpt lat="54.87847" lon="25.58373">
        <ele>107</ele>
        <time>2026-04-30T17:15:27+00:00</time>
      </trkpt>
      <trkpt lat="54.87844" lon="25.58368">
        <ele>124</ele>
        <time>2026-04-30T17:15:30+00:00</time>
      </trkpt>
      <trkpt lat="54.87842" lon="25.58365">
        <ele>107</ele>
        <time>2026-04-30T17:15:33+00:00</time>
      </trkpt>
      <trkpt lat="54.87839" lon="25.58357">
        <ele>106</ele>
        <time>2026-04-30T17:15:36+00:00</time>
      </trkpt>
      <trkpt lat="54.87838" lon="25.58351">
        <ele>106</ele>
        <time>2026-04-30T17:15:39+00:00</time>
      </trkpt>
      <trkpt lat="54.87836" lon="25.58344">
        <ele>124</ele>
        <time>2026-04-30T17:15:42+00:00</time>
      </trkpt>
      <trkpt lat="54.87836" lon="25.58343">
        <ele>106</ele>
        <time>2026-04-30T17:15:45+00:00</time>
      </trkpt>
      <trkpt lat="54.87834" lon="25.58339">
        <ele>106</ele>
        <time>2026-04-30T17:15:48+00:00</time>
      </trkpt>
      <trkpt lat="54.87834" lon="25.58337">
        <ele>106</ele>
        <time>2026-04-30T17:15:51+00:00</time>
      </trkpt>
      <trkpt lat="54.87832" lon="25.58334">
        <ele>106</ele>
        <time>2026-04-30T17:15:54+00:00</time>
      </trkpt>
      <trkpt lat="54.87828" lon="25.5833">
        <ele>106</ele>
        <time>2026-04-30T17:15:57+00:00</time>
      </trkpt>
      <trkpt lat="54.87827" lon="25.58328">
        <ele>106</ele>
        <time>2026-04-30T17:16:00+00:00</time>
      </trkpt>
      <trkpt lat="54.87826" lon="25.58327">
        <ele>106</ele>
        <time>2026-04-30T17:16:03+00:00</time>
      </trkpt>
      <trkpt lat="54.87823" lon="25.5832">
        <ele>122</ele>
        <time>2026-04-30T17:16:06+00:00</time>
      </trkpt>
      <trkpt lat="54.87823" lon="25.58318">
        <ele>106</ele>
        <time>2026-04-30T17:16:09+00:00</time>
      </trkpt>
      <trkpt lat="54.87822" lon="25.58314">
        <ele>106</ele>
        <time>2026-04-30T17:16:12+00:00</time>
      </trkpt>
      <trkpt lat="54.87822" lon="25.58313">
        <ele>106</ele>
        <time>2026-04-30T17:16:15+00:00</time>
      </trkpt>
      <trkpt lat="54.8782" lon="25.58309">
        <ele>106</ele>
        <time>2026-04-30T17:16:18+00:00</time>
      </trkpt>
      <trkpt lat="54.87817" lon="25.58305">
        <ele>106</ele>
        <time>2026-04-30T17:16:21+00:00</time>
      </trkpt>
      <trkpt lat="54.87816" lon="25.58303">
        <ele>106</ele>
        <time>2026-04-30T17:16:24+00:00</time>
      </trkpt>
      <trkpt lat="54.87814" lon="25.58301">
        <ele>106</ele>
        <time>2026-04-30T17:16:27+00:00</time>
      </trkpt>
      <trkpt lat="54.87812" lon="25.58297">
        <ele>121</ele>
        <time>2026-04-30T17:16:30+00:00</time>
      </trkpt>
      <trkpt lat="54.87812" lon="25.58291">
        <ele>106</ele>
        <time>2026-04-30T17:16:33+00:00</time>
      </trkpt>
      <trkpt lat="54.87812" lon="25.58289">
        <ele>106</ele>
        <time>2026-04-30T17:16:36+00:00</time>
      </trkpt>
      <trkpt lat="54.87812" lon="25.58288">
        <ele>106</ele>
        <time>2026-04-30T17:16:39+00:00</time>
      </trkpt>
      <trkpt lat="54.87811" lon="25.58287">
        <ele>106</ele>
        <time>2026-04-30T17:16:42+00:00</time>
      </trkpt>
      <trkpt lat="54.87808" lon="25.58281">
        <ele>106</ele>
        <time>2026-04-30T17:16:45+00:00</time>
      </trkpt>
      <trkpt lat="54.87807" lon="25.5828">
        <ele>106</ele>
        <time>2026-04-30T17:16:48+00:00</time>
      </trkpt>
      <trkpt lat="54.87806" lon="25.58277">
        <ele>106</ele>
        <time>2026-04-30T17:16:51+00:00</time>
      </trkpt>
      <trkpt lat="54.87806" lon="25.58273">
        <ele>121</ele>
        <time>2026-04-30T17:16:54+00:00</time>
      </trkpt>
      <trkpt lat="54.87805" lon="25.58271">
        <ele>106</ele>
        <time>2026-04-30T17:16:57+00:00</time>
      </trkpt>
      <trkpt lat="54.87805" lon="25.58267">
        <ele>106</ele>
        <time>2026-04-30T17:17:00+00:00</time>
      </trkpt>
      <trkpt lat="54.87802" lon="25.58258">
        <ele>106</ele>
        <time>2026-04-30T17:17:03+00:00</time>
      </trkpt>
      <trkpt lat="54.878" lon="25.58255">
        <ele>106</ele>
        <time>2026-04-30T17:17:06+00:00</time>
      </trkpt>
      <trkpt lat="54.87797" lon="25.58253">
        <ele>105</ele>
        <time>2026-04-30T17:17:09+00:00</time>
      </trkpt>
      <trkpt lat="54.87794" lon="25.58252">
        <ele>118</ele>
        <time>2026-04-30T17:17:12+00:00</time>
      </trkpt>
      <trkpt lat="54.87791" lon="25.58253">
        <ele>105</ele>
        <time>2026-04-30T17:17:15+00:00</time>
      </trkpt>
      <trkpt lat="54.87789" lon="25.58253">
        <ele>104</ele>
        <time>2026-04-30T17:17:18+00:00</time>
      </trkpt>
      <trkpt lat="54.87786" lon="25.58252">
        <ele>104</ele>
        <time>2026-04-30T17:17:21+00:00</time>
      </trkpt>
      <trkpt lat="54.87784" lon="25.5825">
        <ele>104</ele>
        <time>2026-04-30T17:17:24+00:00</time>
      </trkpt>
      <trkpt lat="54.87782" lon="25.58248">
        <ele>104</ele>
        <time>2026-04-30T17:17:27+00:00</time>
      </trkpt>
      <trkpt lat="54.87779" lon="25.58243">
        <ele>118</ele>
        <time>2026-04-30T17:17:30+00:00</time>
      </trkpt>
      <trkpt lat="54.87778" lon="25.5824">
        <ele>103</ele>
        <time>2026-04-30T17:17:33+00:00</time>
      </trkpt>
      <trkpt lat="54.87777" lon="25.58239">
        <ele>103</ele>
        <time>2026-04-30T17:17:36+00:00</time>
      </trkpt>
      <trkpt lat="54.87777" lon="25.58238">
        <ele>103</ele>
        <time>2026-04-30T17:17:39+00:00</time>
      </trkpt>
      <trkpt lat="54.87777" lon="25.58237">
        <ele>103</ele>
        <time>2026-04-30T17:17:42+00:00</time>
      </trkpt>
      <trkpt lat="54.87776" lon="25.58234">
        <ele>103</ele>
        <time>2026-04-30T17:17:45+00:00</time>
      </trkpt>
      <trkpt lat="54.87775" lon="25.5823">
        <ele>103</ele>
        <time>2026-04-30T17:17:48+00:00</time>
      </trkpt>
      <trkpt lat="54.87775" lon="25.58228">
        <ele>103</ele>
        <time>2026-04-30T17:17:51+00:00</time>
      </trkpt>
      <trkpt lat="54.87774" lon="25.58227">
        <ele>103</ele>
        <time>2026-04-30T17:17:54+00:00</time>
      </trkpt>
      <trkpt lat="54.87773" lon="25.58224">
        <ele>103</ele>
        <time>2026-04-30T17:17:57+00:00</time>
      </trkpt>
      <trkpt lat="54.87772" lon="25.58221">
        <ele>102</ele>
        <time>2026-04-30T17:18:00+00:00</time>
      </trkpt>
      <trkpt lat="54.87768" lon="25.5822">
        <ele>117</ele>
        <time>2026-04-30T17:18:03+00:00</time>
      </trkpt>
      <trkpt lat="54.87768" lon="25.58219">
        <ele>102</ele>
        <time>2026-04-30T17:18:06+00:00</time>
      </trkpt>
      <trkpt lat="54.87767" lon="25.58218">
        <ele>102</ele>
        <time>2026-04-30T17:18:09+00:00</time>
      </trkpt>
      <trkpt lat="54.87764" lon="25.58218">
        <ele>102</ele>
        <time>2026-04-30T17:18:12+00:00</time>
      </trkpt>
      <trkpt lat="54.87764" lon="25.58216">
        <ele>102</ele>
        <time>2026-04-30T17:18:15+00:00</time>
      </trkpt>
      <trkpt lat="54.87766" lon="25.58211">
        <ele>102</ele>
        <time>2026-04-30T17:18:18+00:00</time>
      </trkpt>
      <trkpt lat="54.87766" lon="25.58207">
        <ele>102</ele>
        <time>2026-04-30T17:18:21+00:00</time>
      </trkpt>
      <trkpt lat="54.87766" lon="25.58204">
        <ele>101</ele>
        <time>2026-04-30T17:18:24+00:00</time>
      </trkpt>
      <trkpt lat="54.87762" lon="25.58201">
        <ele>117</ele>
        <time>2026-04-30T17:18:27+00:00</time>
      </trkpt>
      <trkpt lat="54.8776" lon="25.58196">
        <ele>101</ele>
        <time>2026-04-30T17:18:30+00:00</time>
      </trkpt>
      <trkpt lat="54.8776" lon="25.58194">
        <ele>101</ele>
        <time>2026-04-30T17:18:33+00:00</time>
      </trkpt>
      <trkpt lat="54.87759" lon="25.58192">
        <ele>101</ele>
        <time>2026-04-30T17:18:36+00:00</time>
      </trkpt>
      <trkpt lat="54.87758" lon="25.58189">
        <ele>101</ele>
        <time>2026-04-30T17:18:39+00:00</time>
      </trkpt>
      <trkpt lat="54.87757" lon="25.58188">
        <ele>101</ele>
        <time>2026-04-30T17:18:42+00:00</time>
      </trkpt>
      <trkpt lat="54.87757" lon="25.58187">
        <ele>101</ele>
        <time>2026-04-30T17:18:45+00:00</time>
      </trkpt>
      <trkpt lat="54.87757" lon="25.58185">
        <ele>101</ele>
        <time>2026-04-30T17:18:48+00:00</time>
      </trkpt>
      <trkpt lat="54.87752" lon="25.58181">
        <ele>118</ele>
        <time>2026-04-30T17:18:51+00:00</time>
      </trkpt>
      <trkpt lat="54.8775" lon="25.58177">
        <ele>101</ele>
        <time>2026-04-30T17:18:54+00:00</time>
      </trkpt>
      <trkpt lat="54.8775" lon="25.58173">
        <ele>101</ele>
        <time>2026-04-30T17:18:57+00:00</time>
      </trkpt>
      <trkpt lat="54.87748" lon="25.5817">
        <ele>101</ele>
        <time>2026-04-30T17:19:00+00:00</time>
      </trkpt>
      <trkpt lat="54.87748" lon="25.58168">
        <ele>101</ele>
        <time>2026-04-30T17:19:03+00:00</time>
      </trkpt>
      <trkpt lat="54.87746" lon="25.58165">
        <ele>101</ele>
        <time>2026-04-30T17:19:06+00:00</time>
      </trkpt>
      <trkpt lat="54.87745" lon="25.58162">
        <ele>101</ele>
        <time>2026-04-30T17:19:09+00:00</time>
      </trkpt>
      <trkpt lat="54.87745" lon="25.58161">
        <ele>101</ele>
        <time>2026-04-30T17:19:12+00:00</time>
      </trkpt>
      <trkpt lat="54.87744" lon="25.58159">
        <ele>101</ele>
        <time>2026-04-30T17:19:15+00:00</time>
      </trkpt>
      <trkpt lat="54.87744" lon="25.58154">
        <ele>120</ele>
        <time>2026-04-30T17:19:18+00:00</time>
      </trkpt>
      <trkpt lat="54.87744" lon="25.58152">
        <ele>101</ele>
        <time>2026-04-30T17:19:21+00:00</time>
      </trkpt>
      <trkpt lat="54.87743" lon="25.5815">
        <ele>101</ele>
        <time>2026-04-30T17:19:24+00:00</time>
      </trkpt>
      <trkpt lat="54.87741" lon="25.58147">
        <ele>101</ele>
        <time>2026-04-30T17:19:27+00:00</time>
      </trkpt>
      <trkpt lat="54.87741" lon="25.58145">
        <ele>101</ele>
        <time>2026-04-30T17:19:30+00:00</time>
      </trkpt>
      <trkpt lat="54.87741" lon="25.58144">
        <ele>101</ele>
        <time>2026-04-30T17:19:33+00:00</time>
      </trkpt>
      <trkpt lat="54.8774" lon="25.58141">
        <ele>101</ele>
        <time>2026-04-30T17:19:36+00:00</time>
      </trkpt>
      <trkpt lat="54.87738" lon="25.58133">
        <ele>101</ele>
        <time>2026-04-30T17:19:39+00:00</time>
      </trkpt>
      <trkpt lat="54.87738" lon="25.58132">
        <ele>101</ele>
        <time>2026-04-30T17:19:42+00:00</time>
      </trkpt>
      <trkpt lat="54.87734" lon="25.58125">
        <ele>122</ele>
        <time>2026-04-30T17:19:45+00:00</time>
      </trkpt>
      <trkpt lat="54.87734" lon="25.58123">
        <ele>102</ele>
        <time>2026-04-30T17:19:48+00:00</time>
      </trkpt>
      <trkpt lat="54.87733" lon="25.58121">
        <ele>102</ele>
        <time>2026-04-30T17:19:51+00:00</time>
      </trkpt>
      <trkpt lat="54.87733" lon="25.5812">
        <ele>102</ele>
        <time>2026-04-30T17:19:54+00:00</time>
      </trkpt>
      <trkpt lat="54.87731" lon="25.58115">
        <ele>102</ele>
        <time>2026-04-30T17:19:57+00:00</time>
      </trkpt>
      <trkpt lat="54.87731" lon="25.58114">
        <ele>102</ele>
        <time>2026-04-30T17:20:00+00:00</time>
      </trkpt>
      <trkpt lat="54.8773" lon="25.58113">
        <ele>102</ele>
        <time>2026-04-30T17:20:03+00:00</time>
      </trkpt>
      <trkpt lat="54.8773" lon="25.58111">
        <ele>102</ele>
        <time>2026-04-30T17:20:06+00:00</time>
      </trkpt>
      <trkpt lat="54.87723" lon="25.58103">
        <ele>122</ele>
        <time>2026-04-30T17:20:09+00:00</time>
      </trkpt>
      <trkpt lat="54.87722" lon="25.58101">
        <ele>102</ele>
        <time>2026-04-30T17:20:12+00:00</time>
      </trkpt>
      <trkpt lat="54.87719" lon="25.58096">
        <ele>102</ele>
        <time>2026-04-30T17:20:15+00:00</time>
      </trkpt>
      <trkpt lat="54.87719" lon="25.58093">
        <ele>102</ele>
        <time>2026-04-30T17:20:18+00:00</time>
      </trkpt>
      <trkpt lat="54.87717" lon="25.58091">
        <ele>102</ele>
        <time>2026-04-30T17:20:21+00:00</time>
      </trkpt>
      <trkpt lat="54.87717" lon="25.58089">
        <ele>102</ele>
        <time>2026-04-30T17:20:24+00:00</time>
      </trkpt>
      <trkpt lat="54.87714" lon="25.58084">
        <ele>102</ele>
        <time>2026-04-30T17:20:27+00:00</time>
      </trkpt>
      <trkpt lat="54.87714" lon="25.58081">
        <ele>123</ele>
        <time>2026-04-30T17:20:30+00:00</time>
      </trkpt>
      <trkpt lat="54.87713" lon="25.58079">
        <ele>102</ele>
        <time>2026-04-30T17:20:33+00:00</time>
      </trkpt>
      <trkpt lat="54.87713" lon="25.58075">
        <ele>102</ele>
        <time>2026-04-30T17:20:36+00:00</time>
      </trkpt>
      <trkpt lat="54.87711" lon="25.58071">
        <ele>103</ele>
        <time>2026-04-30T17:20:39+00:00</time>
      </trkpt>
      <trkpt lat="54.87708" lon="25.58069">
        <ele>103</ele>
        <time>2026-04-30T17:20:42+00:00</time>
      </trkpt>
      <trkpt lat="54.87706" lon="25.58065">
        <ele>103</ele>
        <time>2026-04-30T17:20:45+00:00</time>
      </trkpt>
      <trkpt lat="54.87704" lon="25.58063">
        <ele>103</ele>
        <time>2026-04-30T17:20:48+00:00</time>
      </trkpt>
      <trkpt lat="54.87703" lon="25.58063">
        <ele>124</ele>
        <time>2026-04-30T17:20:51+00:00</time>
      </trkpt>
      <trkpt lat="54.87699" lon="25.58058">
        <ele>103</ele>
        <time>2026-04-30T17:20:54+00:00</time>
      </trkpt>
      <trkpt lat="54.87693" lon="25.58048">
        <ele>102</ele>
        <time>2026-04-30T17:20:57+00:00</time>
      </trkpt>
      <trkpt lat="54.87692" lon="25.58046">
        <ele>102</ele>
        <time>2026-04-30T17:21:00+00:00</time>
      </trkpt>
      <trkpt lat="54.87688" lon="25.58039">
        <ele>133</ele>
        <time>2026-04-30T17:21:03+00:00</time>
      </trkpt>
      <trkpt lat="54.87686" lon="25.58036">
        <ele>103</ele>
        <time>2026-04-30T17:21:06+00:00</time>
      </trkpt>
      <trkpt lat="54.87685" lon="25.58035">
        <ele>102</ele>
        <time>2026-04-30T17:21:09+00:00</time>
      </trkpt>
      <trkpt lat="54.87683" lon="25.5803">
        <ele>102</ele>
        <time>2026-04-30T17:21:12+00:00</time>
      </trkpt>
      <trkpt lat="54.87681" lon="25.58029">
        <ele>102</ele>
        <time>2026-04-30T17:21:15+00:00</time>
      </trkpt>
      <trkpt lat="54.87679" lon="25.58023">
        <ele>102</ele>
        <time>2026-04-30T17:21:18+00:00</time>
      </trkpt>
      <trkpt lat="54.87677" lon="25.58022">
        <ele>102</ele>
        <time>2026-04-30T17:21:21+00:00</time>
      </trkpt>
      <trkpt lat="54.87675" lon="25.58017">
        <ele>140</ele>
        <time>2026-04-30T17:21:24+00:00</time>
      </trkpt>
      <trkpt lat="54.87674" lon="25.58013">
        <ele>102</ele>
        <time>2026-04-30T17:21:27+00:00</time>
      </trkpt>
      <trkpt lat="54.87673" lon="25.58009">
        <ele>102</ele>
        <time>2026-04-30T17:21:30+00:00</time>
      </trkpt>
      <trkpt lat="54.87673" lon="25.58006">
        <ele>102</ele>
        <time>2026-04-30T17:21:33+00:00</time>
      </trkpt>
      <trkpt lat="54.87672" lon="25.58005">
        <ele>102</ele>
        <time>2026-04-30T17:21:36+00:00</time>
      </trkpt>
      <trkpt lat="54.87673" lon="25.58">
        <ele>102</ele>
        <time>2026-04-30T17:21:39+00:00</time>
      </trkpt>
      <trkpt lat="54.87672" lon="25.57997">
        <ele>102</ele>
        <time>2026-04-30T17:21:42+00:00</time>
      </trkpt>
      <trkpt lat="54.8767" lon="25.57994">
        <ele>102</ele>
        <time>2026-04-30T17:21:45+00:00</time>
      </trkpt>
      <trkpt lat="54.87667" lon="25.57991">
        <ele>140</ele>
        <time>2026-04-30T17:21:48+00:00</time>
      </trkpt>
      <trkpt lat="54.87663" lon="25.57985">
        <ele>102</ele>
        <time>2026-04-30T17:21:51+00:00</time>
      </trkpt>
      <trkpt lat="54.87662" lon="25.57982">
        <ele>102</ele>
        <time>2026-04-30T17:21:54+00:00</time>
      </trkpt>
      <trkpt lat="54.87662" lon="25.57981">
        <ele>102</ele>
        <time>2026-04-30T17:21:57+00:00</time>
      </trkpt>
      <trkpt lat="54.8766" lon="25.57977">
        <ele>102</ele>
        <time>2026-04-30T17:22:00+00:00</time>
      </trkpt>
      <trkpt lat="54.8766" lon="25.57976">
        <ele>102</ele>
        <time>2026-04-30T17:22:03+00:00</time>
      </trkpt>
      <trkpt lat="54.87659" lon="25.57974">
        <ele>102</ele>
        <time>2026-04-30T17:22:06+00:00</time>
      </trkpt>
      <trkpt lat="54.87659" lon="25.57971">
        <ele>102</ele>
        <time>2026-04-30T17:22:09+00:00</time>
      </trkpt>
      <trkpt lat="54.87656" lon="25.57965">
        <ele>143</ele>
        <time>2026-04-30T17:22:12+00:00</time>
      </trkpt>
      <trkpt lat="54.87651" lon="25.57956">
        <ele>102</ele>
        <time>2026-04-30T17:22:15+00:00</time>
      </trkpt>
      <trkpt lat="54.87647" lon="25.57955">
        <ele>102</ele>
        <time>2026-04-30T17:22:18+00:00</time>
      </trkpt>
      <trkpt lat="54.87646" lon="25.57954">
        <ele>102</ele>
        <time>2026-04-30T17:22:21+00:00</time>
      </trkpt>
      <trkpt lat="54.87641" lon="25.57951">
        <ele>139</ele>
        <time>2026-04-30T17:22:24+00:00</time>
      </trkpt>
      <trkpt lat="54.87641" lon="25.57949">
        <ele>102</ele>
        <time>2026-04-30T17:22:27+00:00</time>
      </trkpt>
      <trkpt lat="54.87637" lon="25.57945">
        <ele>102</ele>
        <time>2026-04-30T17:22:30+00:00</time>
      </trkpt>
      <trkpt lat="54.87637" lon="25.57944">
        <ele>102</ele>
        <time>2026-04-30T17:22:33+00:00</time>
      </trkpt>
      <trkpt lat="54.87637" lon="25.57944">
        <ele>102</ele>
        <time>2026-04-30T17:22:36+00:00</time>
      </trkpt>
      <trkpt lat="54.87635" lon="25.57943">
        <ele>102</ele>
        <time>2026-04-30T17:22:39+00:00</time>
      </trkpt>
      <trkpt lat="54.87633" lon="25.57941">
        <ele>102</ele>
        <time>2026-04-30T17:22:42+00:00</time>
      </trkpt>
      <trkpt lat="54.87632" lon="25.57939">
        <ele>102</ele>
        <time>2026-04-30T17:22:45+00:00</time>
      </trkpt>
      <trkpt lat="54.87632" lon="25.57938">
        <ele>102</ele>
        <time>2026-04-30T17:22:48+00:00</time>
      </trkpt>
      <trkpt lat="54.87629" lon="25.57937">
        <ele>136</ele>
        <time>2026-04-30T17:22:51+00:00</time>
      </trkpt>
      <trkpt lat="54.87629" lon="25.5793">
        <ele>103</ele>
        <time>2026-04-30T17:22:54+00:00</time>
      </trkpt>
      <trkpt lat="54.87629" lon="25.57927">
        <ele>103</ele>
        <time>2026-04-30T17:22:57+00:00</time>
      </trkpt>
      <trkpt lat="54.87626" lon="25.57922">
        <ele>103</ele>
        <time>2026-04-30T17:23:00+00:00</time>
      </trkpt>
      <trkpt lat="54.87621" lon="25.57918">
        <ele>102</ele>
        <time>2026-04-30T17:23:03+00:00</time>
      </trkpt>
      <trkpt lat="54.87611" lon="25.57914">
        <ele>136</ele>
        <time>2026-04-30T17:23:06+00:00</time>
      </trkpt>
      <trkpt lat="54.87611" lon="25.57913">
        <ele>102</ele>
        <time>2026-04-30T17:23:09+00:00</time>
      </trkpt>
      <trkpt lat="54.87606" lon="25.5791">
        <ele>101</ele>
        <time>2026-04-30T17:23:12+00:00</time>
      </trkpt>
      <trkpt lat="54.87597" lon="25.57904">
        <ele>101</ele>
        <time>2026-04-30T17:23:15+00:00</time>
      </trkpt>
      <trkpt lat="54.87595" lon="25.57903">
        <ele>134</ele>
        <time>2026-04-30T17:23:18+00:00</time>
      </trkpt>
      <trkpt lat="54.87594" lon="25.57904">
        <ele>101</ele>
        <time>2026-04-30T17:23:21+00:00</time>
      </trkpt>
      <trkpt lat="54.87595" lon="25.57904">
        <ele>101</ele>
        <time>2026-04-30T17:23:24+00:00</time>
      </trkpt>
      <trkpt lat="54.87594" lon="25.57904">
        <ele>101</ele>
        <time>2026-04-30T17:23:27+00:00</time>
      </trkpt>
      <trkpt lat="54.87594" lon="25.57903">
        <ele>101</ele>
        <time>2026-04-30T17:23:30+00:00</time>
      </trkpt>
      <trkpt lat="54.87593" lon="25.57902">
        <ele>101</ele>
        <time>2026-04-30T17:23:33+00:00</time>
      </trkpt>
      <trkpt lat="54.87593" lon="25.57899">
        <ele>101</ele>
        <time>2026-04-30T17:23:36+00:00</time>
      </trkpt>
      <trkpt lat="54.87592" lon="25.57896">
        <ele>101</ele>
        <time>2026-04-30T17:23:39+00:00</time>
      </trkpt>
      <trkpt lat="54.87591" lon="25.57894">
        <ele>101</ele>
        <time>2026-04-30T17:23:42+00:00</time>
      </trkpt>
      <trkpt lat="54.8759" lon="25.57892">
        <ele>101</ele>
        <time>2026-04-30T17:23:45+00:00</time>
      </trkpt>
      <trkpt lat="54.8759" lon="25.5789">
        <ele>101</ele>
        <time>2026-04-30T17:23:48+00:00</time>
      </trkpt>
      <trkpt lat="54.8759" lon="25.57889">
        <ele>101</ele>
        <time>2026-04-30T17:23:51+00:00</time>
      </trkpt>
      <trkpt lat="54.87589" lon="25.57887">
        <ele>101</ele>
        <time>2026-04-30T17:23:54+00:00</time>
      </trkpt>
      <trkpt lat="54.87587" lon="25.57885">
        <ele>134</ele>
        <time>2026-04-30T17:23:57+00:00</time>
      </trkpt>
      <trkpt lat="54.87579" lon="25.57881">
        <ele>101</ele>
        <time>2026-04-30T17:24:00+00:00</time>
      </trkpt>
      <trkpt lat="54.87577" lon="25.57878">
        <ele>101</ele>
        <time>2026-04-30T17:24:03+00:00</time>
      </trkpt>
      <trkpt lat="54.87575" lon="25.57877">
        <ele>101</ele>
        <time>2026-04-30T17:24:06+00:00</time>
      </trkpt>
      <trkpt lat="54.87573" lon="25.57874">
        <ele>143</ele>
        <time>2026-04-30T17:24:09+00:00</time>
      </trkpt>
      <trkpt lat="54.87569" lon="25.57867">
        <ele>102</ele>
        <time>2026-04-30T17:24:12+00:00</time>
      </trkpt>
      <trkpt lat="54.87566" lon="25.57865">
        <ele>102</ele>
        <time>2026-04-30T17:24:15+00:00</time>
      </trkpt>
      <trkpt lat="54.87566" lon="25.57861">
        <ele>103</ele>
        <time>2026-04-30T17:24:18+00:00</time>
      </trkpt>
      <trkpt lat="54.87571" lon="25.57842">
        <ele>154</ele>
        <time>2026-04-30T17:24:21+00:00</time>
      </trkpt>
      <trkpt lat="54.87574" lon="25.57841">
        <ele>112</ele>
        <time>2026-04-30T17:24:24+00:00</time>
      </trkpt>
      <trkpt lat="54.87581" lon="25.57834">
        <ele>116</ele>
        <time>2026-04-30T17:24:27+00:00</time>
      </trkpt>
      <trkpt lat="54.8758" lon="25.5783">
        <ele>117</ele>
        <time>2026-04-30T17:24:30+00:00</time>
      </trkpt>
      <trkpt lat="54.87581" lon="25.57828">
        <ele>154</ele>
        <time>2026-04-30T17:24:33+00:00</time>
      </trkpt>
      <trkpt lat="54.87581" lon="25.57826">
        <ele>119</ele>
        <time>2026-04-30T17:24:36+00:00</time>
      </trkpt>
      <trkpt lat="54.87582" lon="25.57825">
        <ele>119</ele>
        <time>2026-04-30T17:24:39+00:00</time>
      </trkpt>
      <trkpt lat="54.87582" lon="25.57824">
        <ele>119</ele>
        <time>2026-04-30T17:24:42+00:00</time>
      </trkpt>
      <trkpt lat="54.87583" lon="25.57821">
        <ele>119</ele>
        <time>2026-04-30T17:24:45+00:00</time>
      </trkpt>
      <trkpt lat="54.87584" lon="25.57818">
        <ele>120</ele>
        <time>2026-04-30T17:24:48+00:00</time>
      </trkpt>
      <trkpt lat="54.87586" lon="25.57815">
        <ele>120</ele>
        <time>2026-04-30T17:24:51+00:00</time>
      </trkpt>
      <trkpt lat="54.87587" lon="25.57814">
        <ele>121</ele>
        <time>2026-04-30T17:24:54+00:00</time>
      </trkpt>
      <trkpt lat="54.87587" lon="25.57813">
        <ele>121</ele>
        <time>2026-04-30T17:24:57+00:00</time>
      </trkpt>
      <trkpt lat="54.87595" lon="25.57807">
        <ele>151</ele>
        <time>2026-04-30T17:25:00+00:00</time>
      </trkpt>
      <trkpt lat="54.87595" lon="25.57807">
        <ele>123</ele>
        <time>2026-04-30T17:25:03+00:00</time>
      </trkpt>
      <trkpt lat="54.87595" lon="25.57804">
        <ele>124</ele>
        <time>2026-04-30T17:25:06+00:00</time>
      </trkpt>
      <trkpt lat="54.87597" lon="25.57803">
        <ele>125</ele>
        <time>2026-04-30T17:25:09+00:00</time>
      </trkpt>
      <trkpt lat="54.87597" lon="25.57801">
        <ele>125</ele>
        <time>2026-04-30T17:25:12+00:00</time>
      </trkpt>
      <trkpt lat="54.87595" lon="25.57798">
        <ele>125</ele>
        <time>2026-04-30T17:25:15+00:00</time>
      </trkpt>
      <trkpt lat="54.87595" lon="25.57795">
        <ele>126</ele>
        <time>2026-04-30T17:25:18+00:00</time>
      </trkpt>
      <trkpt lat="54.87594" lon="25.57794">
        <ele>126</ele>
        <time>2026-04-30T17:25:21+00:00</time>
      </trkpt>
      <trkpt lat="54.87594" lon="25.57793">
        <ele>126</ele>
        <time>2026-04-30T17:25:24+00:00</time>
      </trkpt>
      <trkpt lat="54.87593" lon="25.57792">
        <ele>126</ele>
        <time>2026-04-30T17:25:27+00:00</time>
      </trkpt>
      <trkpt lat="54.8759" lon="25.57791">
        <ele>126</ele>
        <time>2026-04-30T17:25:30+00:00</time>
      </trkpt>
      <trkpt lat="54.87588" lon="25.57788">
        <ele>151</ele>
        <time>2026-04-30T17:25:33+00:00</time>
      </trkpt>
      <trkpt lat="54.87587" lon="25.57785">
        <ele>127</ele>
        <time>2026-04-30T17:25:36+00:00</time>
      </trkpt>
      <trkpt lat="54.87587" lon="25.57783">
        <ele>127</ele>
        <time>2026-04-30T17:25:39+00:00</time>
      </trkpt>
      <trkpt lat="54.87586" lon="25.57782">
        <ele>127</ele>
        <time>2026-04-30T17:25:42+00:00</time>
      </trkpt>
      <trkpt lat="54.87585" lon="25.57777">
        <ele>127</ele>
        <time>2026-04-30T17:25:45+00:00</time>
      </trkpt>
      <trkpt lat="54.87581" lon="25.57771">
        <ele>127</ele>
        <time>2026-04-30T17:25:48+00:00</time>
      </trkpt>
      <trkpt lat="54.87581" lon="25.57769">
        <ele>127</ele>
        <time>2026-04-30T17:25:51+00:00</time>
      </trkpt>
      <trkpt lat="54.87579" lon="25.57766">
        <ele>150</ele>
        <time>2026-04-30T17:25:54+00:00</time>
      </trkpt>
      <trkpt lat="54.87579" lon="25.57761">
        <ele>128</ele>
        <time>2026-04-30T17:25:57+00:00</time>
      </trkpt>
      <trkpt lat="54.87577" lon="25.57756">
        <ele>128</ele>
        <time>2026-04-30T17:26:00+00:00</time>
      </trkpt>
      <trkpt lat="54.87577" lon="25.57751">
        <ele>128</ele>
        <time>2026-04-30T17:26:03+00:00</time>
      </trkpt>
      <trkpt lat="54.87575" lon="25.57745">
        <ele>128</ele>
        <time>2026-04-30T17:26:06+00:00</time>
      </trkpt>
      <trkpt lat="54.87572" lon="25.57738">
        <ele>147</ele>
        <time>2026-04-30T17:26:09+00:00</time>
      </trkpt>
      <trkpt lat="54.87572" lon="25.57737">
        <ele>128</ele>
        <time>2026-04-30T17:26:12+00:00</time>
      </trkpt>
      <trkpt lat="54.87571" lon="25.57733">
        <ele>128</ele>
        <time>2026-04-30T17:26:15+00:00</time>
      </trkpt>
      <trkpt lat="54.8757" lon="25.57731">
        <ele>128</ele>
        <time>2026-04-30T17:26:18+00:00</time>
      </trkpt>
      <trkpt lat="54.87569" lon="25.57729">
        <ele>128</ele>
        <time>2026-04-30T17:26:21+00:00</time>
      </trkpt>
      <trkpt lat="54.87565" lon="25.57723">
        <ele>127</ele>
        <time>2026-04-30T17:26:24+00:00</time>
      </trkpt>
      <trkpt lat="54.87562" lon="25.57716">
        <ele>147</ele>
        <time>2026-04-30T17:26:27+00:00</time>
      </trkpt>
      <trkpt lat="54.87559" lon="25.5771">
        <ele>127</ele>
        <time>2026-04-30T17:26:30+00:00</time>
      </trkpt>
      <trkpt lat="54.87559" lon="25.57699">
        <ele>127</ele>
        <time>2026-04-30T17:26:33+00:00</time>
      </trkpt>
      <trkpt lat="54.87557" lon="25.57696">
        <ele>127</ele>
        <time>2026-04-30T17:26:36+00:00</time>
      </trkpt>
      <trkpt lat="54.87557" lon="25.57695">
        <ele>127</ele>
        <time>2026-04-30T17:26:39+00:00</time>
      </trkpt>
      <trkpt lat="54.87556" lon="25.57695">
        <ele>127</ele>
        <time>2026-04-30T17:26:42+00:00</time>
      </trkpt>
      <trkpt lat="54.87557" lon="25.57693">
        <ele>127</ele>
        <time>2026-04-30T17:26:45+00:00</time>
      </trkpt>
      <trkpt lat="54.87555" lon="25.57693">
        <ele>145</ele>
        <time>2026-04-30T17:26:48+00:00</time>
      </trkpt>
      <trkpt lat="54.87555" lon="25.57692">
        <ele>126</ele>
        <time>2026-04-30T17:26:51+00:00</time>
      </trkpt>
      <trkpt lat="54.87554" lon="25.57691">
        <ele>126</ele>
        <time>2026-04-30T17:26:54+00:00</time>
      </trkpt>
      <trkpt lat="54.87553" lon="25.57689">
        <ele>126</ele>
        <time>2026-04-30T17:26:57+00:00</time>
      </trkpt>
      <trkpt lat="54.87553" lon="25.57688">
        <ele>126</ele>
        <time>2026-04-30T17:27:00+00:00</time>
      </trkpt>
      <trkpt lat="54.87553" lon="25.57686">
        <ele>126</ele>
        <time>2026-04-30T17:27:03+00:00</time>
      </trkpt>
      <trkpt lat="54.87553" lon="25.57684">
        <ele>126</ele>
        <time>2026-04-30T17:27:06+00:00</time>
      </trkpt>
      <trkpt lat="54.87554" lon="25.57677">
        <ele>126</ele>
        <time>2026-04-30T17:27:09+00:00</time>
      </trkpt>
      <trkpt lat="54.87555" lon="25.57675">
        <ele>126</ele>
        <time>2026-04-30T17:27:12+00:00</time>
      </trkpt>
      <trkpt lat="54.87555" lon="25.57672">
        <ele>126</ele>
        <time>2026-04-30T17:27:15+00:00</time>
      </trkpt>
      <trkpt lat="54.87555" lon="25.57671">
        <ele>126</ele>
        <time>2026-04-30T17:27:18+00:00</time>
      </trkpt>
      <trkpt lat="54.87556" lon="25.57662">
        <ele>145</ele>
        <time>2026-04-30T17:27:21+00:00</time>
      </trkpt>
      <trkpt lat="54.87556" lon="25.57661">
        <ele>126</ele>
        <time>2026-04-30T17:27:24+00:00</time>
      </trkpt>
      <trkpt lat="54.87556" lon="25.57659">
        <ele>126</ele>
        <time>2026-04-30T17:27:27+00:00</time>
      </trkpt>
      <trkpt lat="54.87558" lon="25.57653">
        <ele>126</ele>
        <time>2026-04-30T17:27:30+00:00</time>
      </trkpt>
      <trkpt lat="54.87558" lon="25.57646">
        <ele>127</ele>
        <time>2026-04-30T17:27:33+00:00</time>
      </trkpt>
      <trkpt lat="54.87558" lon="25.57644">
        <ele>126</ele>
        <time>2026-04-30T17:27:36+00:00</time>
      </trkpt>
      <trkpt lat="54.87557" lon="25.57641">
        <ele>126</ele>
        <time>2026-04-30T17:27:39+00:00</time>
      </trkpt>
      <trkpt lat="54.87556" lon="25.5764">
        <ele>126</ele>
        <time>2026-04-30T17:27:42+00:00</time>
      </trkpt>
      <trkpt lat="54.87556" lon="25.57638">
        <ele>126</ele>
        <time>2026-04-30T17:27:45+00:00</time>
      </trkpt>
      <trkpt lat="54.87556" lon="25.57637">
        <ele>145</ele>
        <time>2026-04-30T17:27:48+00:00</time>
      </trkpt>
      <trkpt lat="54.87555" lon="25.57631">
        <ele>126</ele>
        <time>2026-04-30T17:27:51+00:00</time>
      </trkpt>
      <trkpt lat="54.87555" lon="25.57628">
        <ele>126</ele>
        <time>2026-04-30T17:27:54+00:00</time>
      </trkpt>
      <trkpt lat="54.87553" lon="25.57628">
        <ele>126</ele>
        <time>2026-04-30T17:27:57+00:00</time>
      </trkpt>
      <trkpt lat="54.87553" lon="25.57626">
        <ele>127</ele>
        <time>2026-04-30T17:28:00+00:00</time>
      </trkpt>
      <trkpt lat="54.87551" lon="25.57625">
        <ele>127</ele>
        <time>2026-04-30T17:28:03+00:00</time>
      </trkpt>
      <trkpt lat="54.87544" lon="25.57624">
        <ele>140</ele>
        <time>2026-04-30T17:28:06+00:00</time>
      </trkpt>
      <trkpt lat="54.87539" lon="25.57625">
        <ele>127</ele>
        <time>2026-04-30T17:28:09+00:00</time>
      </trkpt>
      <trkpt lat="54.87525" lon="25.57628">
        <ele>140</ele>
        <time>2026-04-30T17:28:12+00:00</time>
      </trkpt>
      <trkpt lat="54.87514" lon="25.57628">
        <ele>126</ele>
        <time>2026-04-30T17:28:15+00:00</time>
      </trkpt>
      <trkpt lat="54.87506" lon="25.57626">
        <ele>141</ele>
        <time>2026-04-30T17:28:18+00:00</time>
      </trkpt>
      <trkpt lat="54.87496" lon="25.5762">
        <ele>124</ele>
        <time>2026-04-30T17:28:21+00:00</time>
      </trkpt>
      <trkpt lat="54.87485" lon="25.57618">
        <ele>142</ele>
        <time>2026-04-30T17:28:24+00:00</time>
      </trkpt>
      <trkpt lat="54.87477" lon="25.57616">
        <ele>123</ele>
        <time>2026-04-30T17:28:27+00:00</time>
      </trkpt>
      <trkpt lat="54.87462" lon="25.57609">
        <ele>142</ele>
        <time>2026-04-30T17:28:30+00:00</time>
      </trkpt>
      <trkpt lat="54.87455" lon="25.57604">
        <ele>121</ele>
        <time>2026-04-30T17:28:33+00:00</time>
      </trkpt>
      <trkpt lat="54.87446" lon="25.576">
        <ele>138</ele>
        <time>2026-04-30T17:28:36+00:00</time>
      </trkpt>
      <trkpt lat="54.87434" lon="25.57597">
        <ele>119</ele>
        <time>2026-04-30T17:28:39+00:00</time>
      </trkpt>
      <trkpt lat="54.87431" lon="25.57596">
        <ele>119</ele>
        <time>2026-04-30T17:28:42+00:00</time>
      </trkpt>
      <trkpt lat="54.87426" lon="25.5759">
        <ele>137</ele>
        <time>2026-04-30T17:28:45+00:00</time>
      </trkpt>
      <trkpt lat="54.87426" lon="25.57589">
        <ele>118</ele>
        <time>2026-04-30T17:28:48+00:00</time>
      </trkpt>
      <trkpt lat="54.87426" lon="25.57588">
        <ele>118</ele>
        <time>2026-04-30T17:28:51+00:00</time>
      </trkpt>
      <trkpt lat="54.87427" lon="25.57585">
        <ele>118</ele>
        <time>2026-04-30T17:28:54+00:00</time>
      </trkpt>
      <trkpt lat="54.87427" lon="25.57583">
        <ele>118</ele>
        <time>2026-04-30T17:28:57+00:00</time>
      </trkpt>
      <trkpt lat="54.87432" lon="25.57575">
        <ele>118</ele>
        <time>2026-04-30T17:29:00+00:00</time>
      </trkpt>
      <trkpt lat="54.87433" lon="25.57572">
        <ele>118</ele>
        <time>2026-04-30T17:29:03+00:00</time>
      </trkpt>
      <trkpt lat="54.87434" lon="25.5757">
        <ele>118</ele>
        <time>2026-04-30T17:29:06+00:00</time>
      </trkpt>
      <trkpt lat="54.87437" lon="25.57563">
        <ele>144</ele>
        <time>2026-04-30T17:29:09+00:00</time>
      </trkpt>
      <trkpt lat="54.87443" lon="25.57555">
        <ele>119</ele>
        <time>2026-04-30T17:29:12+00:00</time>
      </trkpt>
      <trkpt lat="54.87445" lon="25.57549">
        <ele>119</ele>
        <time>2026-04-30T17:29:15+00:00</time>
      </trkpt>
      <trkpt lat="54.87445" lon="25.57547">
        <ele>119</ele>
        <time>2026-04-30T17:29:18+00:00</time>
      </trkpt>
      <trkpt lat="54.87446" lon="25.57544">
        <ele>119</ele>
        <time>2026-04-30T17:29:21+00:00</time>
      </trkpt>
      <trkpt lat="54.87446" lon="25.57536">
        <ele>151</ele>
        <time>2026-04-30T17:29:24+00:00</time>
      </trkpt>
      <trkpt lat="54.87447" lon="25.57535">
        <ele>120</ele>
        <time>2026-04-30T17:29:27+00:00</time>
      </trkpt>
      <trkpt lat="54.87447" lon="25.57532">
        <ele>120</ele>
        <time>2026-04-30T17:29:30+00:00</time>
      </trkpt>
      <trkpt lat="54.87448" lon="25.5753">
        <ele>120</ele>
        <time>2026-04-30T17:29:33+00:00</time>
      </trkpt>
      <trkpt lat="54.87448" lon="25.57526">
        <ele>120</ele>
        <time>2026-04-30T17:29:36+00:00</time>
      </trkpt>
      <trkpt lat="54.87448" lon="25.57524">
        <ele>120</ele>
        <time>2026-04-30T17:29:39+00:00</time>
      </trkpt>
      <trkpt lat="54.87448" lon="25.57523">
        <ele>121</ele>
        <time>2026-04-30T17:29:42+00:00</time>
      </trkpt>
      <trkpt lat="54.8745" lon="25.57519">
        <ele>121</ele>
        <time>2026-04-30T17:29:45+00:00</time>
      </trkpt>
      <trkpt lat="54.8745" lon="25.57518">
        <ele>121</ele>
        <time>2026-04-30T17:29:48+00:00</time>
      </trkpt>
      <trkpt lat="54.8745" lon="25.57517">
        <ele>121</ele>
        <time>2026-04-30T17:29:51+00:00</time>
      </trkpt>
      <trkpt lat="54.87451" lon="25.57514">
        <ele>122</ele>
        <time>2026-04-30T17:29:54+00:00</time>
      </trkpt>
      <trkpt lat="54.87452" lon="25.57513">
        <ele>122</ele>
        <time>2026-04-30T17:29:57+00:00</time>
      </trkpt>
      <trkpt lat="54.87452" lon="25.57512">
        <ele>153</ele>
        <time>2026-04-30T17:30:00+00:00</time>
      </trkpt>
      <trkpt lat="54.87453" lon="25.57507">
        <ele>123</ele>
        <time>2026-04-30T17:30:03+00:00</time>
      </trkpt>
      <trkpt lat="54.87453" lon="25.57504">
        <ele>123</ele>
        <time>2026-04-30T17:30:06+00:00</time>
      </trkpt>
      <trkpt lat="54.87454" lon="25.57502">
        <ele>123</ele>
        <time>2026-04-30T17:30:09+00:00</time>
      </trkpt>
      <trkpt lat="54.87454" lon="25.57497">
        <ele>124</ele>
        <time>2026-04-30T17:30:12+00:00</time>
      </trkpt>
      <trkpt lat="54.87455" lon="25.57495">
        <ele>124</ele>
        <time>2026-04-30T17:30:15+00:00</time>
      </trkpt>
      <trkpt lat="54.87456" lon="25.57492">
        <ele>124</ele>
        <time>2026-04-30T17:30:18+00:00</time>
      </trkpt>
      <trkpt lat="54.87456" lon="25.57487">
        <ele>153</ele>
        <time>2026-04-30T17:30:21+00:00</time>
      </trkpt>
      <trkpt lat="54.87457" lon="25.57486">
        <ele>125</ele>
        <time>2026-04-30T17:30:24+00:00</time>
      </trkpt>
      <trkpt lat="54.87457" lon="25.57481">
        <ele>126</ele>
        <time>2026-04-30T17:30:27+00:00</time>
      </trkpt>
      <trkpt lat="54.87458" lon="25.5748">
        <ele>126</ele>
        <time>2026-04-30T17:30:30+00:00</time>
      </trkpt>
      <trkpt lat="54.87458" lon="25.57474">
        <ele>127</ele>
        <time>2026-04-30T17:30:33+00:00</time>
      </trkpt>
      <trkpt lat="54.87462" lon="25.57469">
        <ele>128</ele>
        <time>2026-04-30T17:30:36+00:00</time>
      </trkpt>
      <trkpt lat="54.87462" lon="25.57466">
        <ele>128</ele>
        <time>2026-04-30T17:30:39+00:00</time>
      </trkpt>
      <trkpt lat="54.87466" lon="25.57459">
        <ele>151</ele>
        <time>2026-04-30T17:30:42+00:00</time>
      </trkpt>
      <trkpt lat="54.87468" lon="25.57458">
        <ele>129</ele>
        <time>2026-04-30T17:30:45+00:00</time>
      </trkpt>
      <trkpt lat="54.87469" lon="25.57456">
        <ele>129</ele>
        <time>2026-04-30T17:30:48+00:00</time>
      </trkpt>
      <trkpt lat="54.8747" lon="25.57454">
        <ele>129</ele>
        <time>2026-04-30T17:30:51+00:00</time>
      </trkpt>
      <trkpt lat="54.87471" lon="25.57453">
        <ele>130</ele>
        <time>2026-04-30T17:30:54+00:00</time>
      </trkpt>
      <trkpt lat="54.87472" lon="25.57453">
        <ele>130</ele>
        <time>2026-04-30T17:30:57+00:00</time>
      </trkpt>
      <trkpt lat="54.87474" lon="25.57449">
        <ele>131</ele>
        <time>2026-04-30T17:31:00+00:00</time>
      </trkpt>
      <trkpt lat="54.87476" lon="25.57447">
        <ele>131</ele>
        <time>2026-04-30T17:31:03+00:00</time>
      </trkpt>
      <trkpt lat="54.87476" lon="25.57446">
        <ele>131</ele>
        <time>2026-04-30T17:31:06+00:00</time>
      </trkpt>
      <trkpt lat="54.8748" lon="25.57444">
        <ele>151</ele>
        <time>2026-04-30T17:31:09+00:00</time>
      </trkpt>
      <trkpt lat="54.87483" lon="25.57439">
        <ele>132</ele>
        <time>2026-04-30T17:31:12+00:00</time>
      </trkpt>
      <trkpt lat="54.87486" lon="25.57433">
        <ele>132</ele>
        <time>2026-04-30T17:31:15+00:00</time>
      </trkpt>
      <trkpt lat="54.87487" lon="25.5743">
        <ele>133</ele>
        <time>2026-04-30T17:31:18+00:00</time>
      </trkpt>
      <trkpt lat="54.87488" lon="25.57428">
        <ele>133</ele>
        <time>2026-04-30T17:31:21+00:00</time>
      </trkpt>
      <trkpt lat="54.87489" lon="25.57423">
        <ele>148</ele>
        <time>2026-04-30T17:31:24+00:00</time>
      </trkpt>
      <trkpt lat="54.87492" lon="25.57413">
        <ele>134</ele>
        <time>2026-04-30T17:31:27+00:00</time>
      </trkpt>
      <trkpt lat="54.87493" lon="25.57409">
        <ele>134</ele>
        <time>2026-04-30T17:31:30+00:00</time>
      </trkpt>
      <trkpt lat="54.87493" lon="25.57407">
        <ele>134</ele>
        <time>2026-04-30T17:31:33+00:00</time>
      </trkpt>
      <trkpt lat="54.87495" lon="25.57402">
        <ele>134</ele>
        <time>2026-04-30T17:31:36+00:00</time>
      </trkpt>
      <trkpt lat="54.87495" lon="25.574">
        <ele>134</ele>
        <time>2026-04-30T17:31:39+00:00</time>
      </trkpt>
      <trkpt lat="54.87498" lon="25.57395">
        <ele>146</ele>
        <time>2026-04-30T17:31:42+00:00</time>
      </trkpt>
      <trkpt lat="54.87498" lon="25.57394">
        <ele>134</ele>
        <time>2026-04-30T17:31:45+00:00</time>
      </trkpt>
      <trkpt lat="54.875" lon="25.57393">
        <ele>134</ele>
        <time>2026-04-30T17:31:48+00:00</time>
      </trkpt>
      <trkpt lat="54.87503" lon="25.57387">
        <ele>135</ele>
        <time>2026-04-30T17:31:51+00:00</time>
      </trkpt>
      <trkpt lat="54.87504" lon="25.57386">
        <ele>135</ele>
        <time>2026-04-30T17:31:54+00:00</time>
      </trkpt>
      <trkpt lat="54.87511" lon="25.57383">
        <ele>146</ele>
        <time>2026-04-30T17:31:57+00:00</time>
      </trkpt>
      <trkpt lat="54.87516" lon="25.57384">
        <ele>136</ele>
        <time>2026-04-30T17:32:00+00:00</time>
      </trkpt>
      <trkpt lat="54.8752" lon="25.57384">
        <ele>136</ele>
        <time>2026-04-30T17:32:03+00:00</time>
      </trkpt>
      <trkpt lat="54.87523" lon="25.57381">
        <ele>137</ele>
        <time>2026-04-30T17:32:06+00:00</time>
      </trkpt>
      <trkpt lat="54.87525" lon="25.57378">
        <ele>137</ele>
        <time>2026-04-30T17:32:09+00:00</time>
      </trkpt>
      <trkpt lat="54.87527" lon="25.57376">
        <ele>146</ele>
        <time>2026-04-30T17:32:12+00:00</time>
      </trkpt>
      <trkpt lat="54.87535" lon="25.57371">
        <ele>137</ele>
        <time>2026-04-30T17:32:15+00:00</time>
      </trkpt>
      <trkpt lat="54.8754" lon="25.57372">
        <ele>138</ele>
        <time>2026-04-30T17:32:18+00:00</time>
      </trkpt>
      <trkpt lat="54.87557" lon="25.57373">
        <ele>147</ele>
        <time>2026-04-30T17:32:21+00:00</time>
      </trkpt>
      <trkpt lat="54.87593" lon="25.57378">
        <ele>147</ele>
        <time>2026-04-30T17:32:24+00:00</time>
      </trkpt>
      <trkpt lat="54.87598" lon="25.57377">
        <ele>139</ele>
        <time>2026-04-30T17:32:27+00:00</time>
      </trkpt>
      <trkpt lat="54.876" lon="25.57376">
        <ele>139</ele>
        <time>2026-04-30T17:32:30+00:00</time>
      </trkpt>
      <trkpt lat="54.87601" lon="25.57375">
        <ele>139</ele>
        <time>2026-04-30T17:32:33+00:00</time>
      </trkpt>
      <trkpt lat="54.87601" lon="25.57373">
        <ele>139</ele>
        <time>2026-04-30T17:32:36+00:00</time>
      </trkpt>
      <trkpt lat="54.87602" lon="25.5737">
        <ele>139</ele>
        <time>2026-04-30T17:32:39+00:00</time>
      </trkpt>
      <trkpt lat="54.87603" lon="25.57362">
        <ele>147</ele>
        <time>2026-04-30T17:32:42+00:00</time>
      </trkpt>
      <trkpt lat="54.87604" lon="25.57353">
        <ele>139</ele>
        <time>2026-04-30T17:32:45+00:00</time>
      </trkpt>
      <trkpt lat="54.87606" lon="25.57341">
        <ele>139</ele>
        <time>2026-04-30T17:32:48+00:00</time>
      </trkpt>
      <trkpt lat="54.87607" lon="25.57338">
        <ele>139</ele>
        <time>2026-04-30T17:32:51+00:00</time>
      </trkpt>
      <trkpt lat="54.8761" lon="25.57318">
        <ele>146</ele>
        <time>2026-04-30T17:32:54+00:00</time>
      </trkpt>
      <trkpt lat="54.87615" lon="25.57303">
        <ele>137</ele>
        <time>2026-04-30T17:32:57+00:00</time>
      </trkpt>
      <trkpt lat="54.87618" lon="25.57297">
        <ele>137</ele>
        <time>2026-04-30T17:33:00+00:00</time>
      </trkpt>
      <trkpt lat="54.87618" lon="25.57294">
        <ele>145</ele>
        <time>2026-04-30T17:33:03+00:00</time>
      </trkpt>
      <trkpt lat="54.8762" lon="25.57282">
        <ele>136</ele>
        <time>2026-04-30T17:33:06+00:00</time>
      </trkpt>
      <trkpt lat="54.8762" lon="25.57269">
        <ele>135</ele>
        <time>2026-04-30T17:33:09+00:00</time>
      </trkpt>
      <trkpt lat="54.87622" lon="25.5726">
        <ele>144</ele>
        <time>2026-04-30T17:33:12+00:00</time>
      </trkpt>
      <trkpt lat="54.87623" lon="25.57252">
        <ele>134</ele>
        <time>2026-04-30T17:33:15+00:00</time>
      </trkpt>
      <trkpt lat="54.87624" lon="25.57247">
        <ele>133</ele>
        <time>2026-04-30T17:33:18+00:00</time>
      </trkpt>
      <trkpt lat="54.87625" lon="25.5724">
        <ele>133</ele>
        <time>2026-04-30T17:33:21+00:00</time>
      </trkpt>
      <trkpt lat="54.87625" lon="25.57233">
        <ele>144</ele>
        <time>2026-04-30T17:33:24+00:00</time>
      </trkpt>
      <trkpt lat="54.87628" lon="25.57221">
        <ele>132</ele>
        <time>2026-04-30T17:33:27+00:00</time>
      </trkpt>
      <trkpt lat="54.8763" lon="25.57204">
        <ele>146</ele>
        <time>2026-04-30T17:33:30+00:00</time>
      </trkpt>
      <trkpt lat="54.8763" lon="25.57193">
        <ele>131</ele>
        <time>2026-04-30T17:33:33+00:00</time>
      </trkpt>
      <trkpt lat="54.87629" lon="25.57187">
        <ele>131</ele>
        <time>2026-04-30T17:33:36+00:00</time>
      </trkpt>
      <trkpt lat="54.87629" lon="25.57149">
        <ele>147</ele>
        <time>2026-04-30T17:33:39+00:00</time>
      </trkpt>
      <trkpt lat="54.87627" lon="25.57136">
        <ele>129</ele>
        <time>2026-04-30T17:33:42+00:00</time>
      </trkpt>
      <trkpt lat="54.87626" lon="25.57131">
        <ele>129</ele>
        <time>2026-04-30T17:33:45+00:00</time>
      </trkpt>
      <trkpt lat="54.87626" lon="25.57125">
        <ele>129</ele>
        <time>2026-04-30T17:33:48+00:00</time>
      </trkpt>
      <trkpt lat="54.87625" lon="25.5712">
        <ele>150</ele>
        <time>2026-04-30T17:33:51+00:00</time>
      </trkpt>
      <trkpt lat="54.87625" lon="25.57109">
        <ele>129</ele>
        <time>2026-04-30T17:33:54+00:00</time>
      </trkpt>
      <trkpt lat="54.87625" lon="25.57099">
        <ele>129</ele>
        <time>2026-04-30T17:33:57+00:00</time>
      </trkpt>
      <trkpt lat="54.87625" lon="25.57093">
        <ele>129</ele>
        <time>2026-04-30T17:34:00+00:00</time>
      </trkpt>
      <trkpt lat="54.87625" lon="25.57091">
        <ele>154</ele>
        <time>2026-04-30T17:34:03+00:00</time>
      </trkpt>
      <trkpt lat="54.87625" lon="25.57064">
        <ele>128</ele>
        <time>2026-04-30T17:34:06+00:00</time>
      </trkpt>
      <trkpt lat="54.87624" lon="25.5706">
        <ele>154</ele>
        <time>2026-04-30T17:34:09+00:00</time>
      </trkpt>
      <trkpt lat="54.87624" lon="25.57055">
        <ele>128</ele>
        <time>2026-04-30T17:34:12+00:00</time>
      </trkpt>
      <trkpt lat="54.87622" lon="25.57039">
        <ele>128</ele>
        <time>2026-04-30T17:34:15+00:00</time>
      </trkpt>
      <trkpt lat="54.87621" lon="25.5703">
        <ele>149</ele>
        <time>2026-04-30T17:34:18+00:00</time>
      </trkpt>
      <trkpt lat="54.87622" lon="25.57021">
        <ele>128</ele>
        <time>2026-04-30T17:34:21+00:00</time>
      </trkpt>
      <trkpt lat="54.87624" lon="25.57015">
        <ele>128</ele>
        <time>2026-04-30T17:34:24+00:00</time>
      </trkpt>
      <trkpt lat="54.87629" lon="25.57007">
        <ele>150</ele>
        <time>2026-04-30T17:34:27+00:00</time>
      </trkpt>
      <trkpt lat="54.87637" lon="25.56997">
        <ele>128</ele>
        <time>2026-04-30T17:34:30+00:00</time>
      </trkpt>
      <trkpt lat="54.87645" lon="25.56985">
        <ele>151</ele>
        <time>2026-04-30T17:34:33+00:00</time>
      </trkpt>
      <trkpt lat="54.87645" lon="25.56983">
        <ele>128</ele>
        <time>2026-04-30T17:34:36+00:00</time>
      </trkpt>
      <trkpt lat="54.87647" lon="25.56981">
        <ele>129</ele>
        <time>2026-04-30T17:34:39+00:00</time>
      </trkpt>
      <trkpt lat="54.87653" lon="25.56975">
        <ele>129</ele>
        <time>2026-04-30T17:34:42+00:00</time>
      </trkpt>
      <trkpt lat="54.87664" lon="25.56965">
        <ele>150</ele>
        <time>2026-04-30T17:34:45+00:00</time>
      </trkpt>
      <trkpt lat="54.87667" lon="25.5696">
        <ele>129</ele>
        <time>2026-04-30T17:34:48+00:00</time>
      </trkpt>
      <trkpt lat="54.8767" lon="25.56954">
        <ele>130</ele>
        <time>2026-04-30T17:34:51+00:00</time>
      </trkpt>
      <trkpt lat="54.87673" lon="25.56948">
        <ele>130</ele>
        <time>2026-04-30T17:34:54+00:00</time>
      </trkpt>
      <trkpt lat="54.8768" lon="25.56936">
        <ele>150</ele>
        <time>2026-04-30T17:34:57+00:00</time>
      </trkpt>
      <trkpt lat="54.87693" lon="25.5691">
        <ele>150</ele>
        <time>2026-04-30T17:35:00+00:00</time>
      </trkpt>
      <trkpt lat="54.87694" lon="25.56904">
        <ele>131</ele>
        <time>2026-04-30T17:35:03+00:00</time>
      </trkpt>
      <trkpt lat="54.87698" lon="25.56899">
        <ele>131</ele>
        <time>2026-04-30T17:35:06+00:00</time>
      </trkpt>
      <trkpt lat="54.87702" lon="25.56892">
        <ele>131</ele>
        <time>2026-04-30T17:35:09+00:00</time>
      </trkpt>
      <trkpt lat="54.87706" lon="25.5688">
        <ele>150</ele>
        <time>2026-04-30T17:35:12+00:00</time>
      </trkpt>
      <trkpt lat="54.87709" lon="25.56866">
        <ele>133</ele>
        <time>2026-04-30T17:35:15+00:00</time>
      </trkpt>
      <trkpt lat="54.8771" lon="25.56863">
        <ele>133</ele>
        <time>2026-04-30T17:35:18+00:00</time>
      </trkpt>
      <trkpt lat="54.87713" lon="25.56846">
        <ele>156</ele>
        <time>2026-04-30T17:35:21+00:00</time>
      </trkpt>
      <trkpt lat="54.87719" lon="25.56832">
        <ele>134</ele>
        <time>2026-04-30T17:35:24+00:00</time>
      </trkpt>
      <trkpt lat="54.87719" lon="25.56828">
        <ele>134</ele>
        <time>2026-04-30T17:35:27+00:00</time>
      </trkpt>
      <trkpt lat="54.87722" lon="25.56819">
        <ele>158</ele>
        <time>2026-04-30T17:35:30+00:00</time>
      </trkpt>
      <trkpt lat="54.87724" lon="25.56801">
        <ele>134</ele>
        <time>2026-04-30T17:35:33+00:00</time>
      </trkpt>
      <trkpt lat="54.87725" lon="25.56773">
        <ele>157</ele>
        <time>2026-04-30T17:35:36+00:00</time>
      </trkpt>
      <trkpt lat="54.87719" lon="25.56721">
        <ele>156</ele>
        <time>2026-04-30T17:35:39+00:00</time>
      </trkpt>
      <trkpt lat="54.87718" lon="25.56717">
        <ele>135</ele>
        <time>2026-04-30T17:35:42+00:00</time>
      </trkpt>
      <trkpt lat="54.87714" lon="25.56709">
        <ele>135</ele>
        <time>2026-04-30T17:35:45+00:00</time>
      </trkpt>
      <trkpt lat="54.87711" lon="25.56694">
        <ele>156</ele>
        <time>2026-04-30T17:35:48+00:00</time>
      </trkpt>
      <trkpt lat="54.87708" lon="25.56687">
        <ele>137</ele>
        <time>2026-04-30T17:35:51+00:00</time>
      </trkpt>
      <trkpt lat="54.87704" lon="25.56677">
        <ele>137</ele>
        <time>2026-04-30T17:35:54+00:00</time>
      </trkpt>
      <trkpt lat="54.87701" lon="25.5667">
        <ele>156</ele>
        <time>2026-04-30T17:35:57+00:00</time>
      </trkpt>
      <trkpt lat="54.87701" lon="25.56666">
        <ele>137</ele>
        <time>2026-04-30T17:36:00+00:00</time>
      </trkpt>
      <trkpt lat="54.87696" lon="25.56656">
        <ele>137</ele>
        <time>2026-04-30T17:36:03+00:00</time>
      </trkpt>
      <trkpt lat="54.87691" lon="25.56647">
        <ele>156</ele>
        <time>2026-04-30T17:36:06+00:00</time>
      </trkpt>
      <trkpt lat="54.87688" lon="25.56638">
        <ele>137</ele>
        <time>2026-04-30T17:36:09+00:00</time>
      </trkpt>
      <trkpt lat="54.87686" lon="25.56633">
        <ele>137</ele>
        <time>2026-04-30T17:36:12+00:00</time>
      </trkpt>
      <trkpt lat="54.87685" lon="25.56629">
        <ele>136</ele>
        <time>2026-04-30T17:36:15+00:00</time>
      </trkpt>
      <trkpt lat="54.87679" lon="25.56615">
        <ele>157</ele>
        <time>2026-04-30T17:36:18+00:00</time>
      </trkpt>
      <trkpt lat="54.87674" lon="25.56607">
        <ele>135</ele>
        <time>2026-04-30T17:36:21+00:00</time>
      </trkpt>
      <trkpt lat="54.8767" lon="25.56597">
        <ele>135</ele>
        <time>2026-04-30T17:36:24+00:00</time>
      </trkpt>
      <trkpt lat="54.87668" lon="25.56586">
        <ele>153</ele>
        <time>2026-04-30T17:36:27+00:00</time>
      </trkpt>
      <trkpt lat="54.87666" lon="25.56569">
        <ele>134</ele>
        <time>2026-04-30T17:36:30+00:00</time>
      </trkpt>
      <trkpt lat="54.87666" lon="25.56558">
        <ele>149</ele>
        <time>2026-04-30T17:36:33+00:00</time>
      </trkpt>
      <trkpt lat="54.87671" lon="25.56507">
        <ele>145</ele>
        <time>2026-04-30T17:36:36+00:00</time>
      </trkpt>
      <trkpt lat="54.87673" lon="25.56491">
        <ele>132</ele>
        <time>2026-04-30T17:36:39+00:00</time>
      </trkpt>
      <trkpt lat="54.87675" lon="25.56482">
        <ele>132</ele>
        <time>2026-04-30T17:36:42+00:00</time>
      </trkpt>
      <trkpt lat="54.87676" lon="25.56472">
        <ele>141</ele>
        <time>2026-04-30T17:36:45+00:00</time>
      </trkpt>
      <trkpt lat="54.87677" lon="25.56462">
        <ele>132</ele>
        <time>2026-04-30T17:36:48+00:00</time>
      </trkpt>
      <trkpt lat="54.87677" lon="25.56457">
        <ele>132</ele>
        <time>2026-04-30T17:36:51+00:00</time>
      </trkpt>
      <trkpt lat="54.87677" lon="25.56451">
        <ele>132</ele>
        <time>2026-04-30T17:36:54+00:00</time>
      </trkpt>
      <trkpt lat="54.87683" lon="25.56407">
        <ele>130</ele>
        <time>2026-04-30T17:36:57+00:00</time>
      </trkpt>
      <trkpt lat="54.87687" lon="25.56387">
        <ele>132</ele>
        <time>2026-04-30T17:37:00+00:00</time>
      </trkpt>
      <trkpt lat="54.87688" lon="25.56382">
        <ele>132</ele>
        <time>2026-04-30T17:37:03+00:00</time>
      </trkpt>
      <trkpt lat="54.87689" lon="25.56377">
        <ele>131</ele>
        <time>2026-04-30T17:37:06+00:00</time>
      </trkpt>
      <trkpt lat="54.87691" lon="25.56367">
        <ele>132</ele>
        <time>2026-04-30T17:37:09+00:00</time>
      </trkpt>
      <trkpt lat="54.87694" lon="25.56352">
        <ele>132</ele>
        <time>2026-04-30T17:37:12+00:00</time>
      </trkpt>
      <trkpt lat="54.87694" lon="25.56348">
        <ele>131</ele>
        <time>2026-04-30T17:37:15+00:00</time>
      </trkpt>
      <trkpt lat="54.87696" lon="25.56343">
        <ele>133</ele>
        <time>2026-04-30T17:37:18+00:00</time>
      </trkpt>
      <trkpt lat="54.87696" lon="25.56338">
        <ele>133</ele>
        <time>2026-04-30T17:37:21+00:00</time>
      </trkpt>
      <trkpt lat="54.87698" lon="25.56334">
        <ele>133</ele>
        <time>2026-04-30T17:37:24+00:00</time>
      </trkpt>
      <trkpt lat="54.87699" lon="25.56324">
        <ele>133</ele>
        <time>2026-04-30T17:37:27+00:00</time>
      </trkpt>
      <trkpt lat="54.87701" lon="25.56319">
        <ele>131</ele>
        <time>2026-04-30T17:37:30+00:00</time>
      </trkpt>
      <trkpt lat="54.87701" lon="25.56314">
        <ele>133</ele>
        <time>2026-04-30T17:37:33+00:00</time>
      </trkpt>
      <trkpt lat="54.87703" lon="25.5631">
        <ele>133</ele>
        <time>2026-04-30T17:37:36+00:00</time>
      </trkpt>
      <trkpt lat="54.87704" lon="25.56299">
        <ele>132</ele>
        <time>2026-04-30T17:37:39+00:00</time>
      </trkpt>
      <trkpt lat="54.87704" lon="25.56295">
        <ele>132</ele>
        <time>2026-04-30T17:37:42+00:00</time>
      </trkpt>
      <trkpt lat="54.87705" lon="25.56282">
        <ele>132</ele>
        <time>2026-04-30T17:37:45+00:00</time>
      </trkpt>
      <trkpt lat="54.87706" lon="25.56274">
        <ele>132</ele>
        <time>2026-04-30T17:37:48+00:00</time>
      </trkpt>
      <trkpt lat="54.87707" lon="25.56265">
        <ele>132</ele>
        <time>2026-04-30T17:37:51+00:00</time>
      </trkpt>
      <trkpt lat="54.87707" lon="25.56261">
        <ele>132</ele>
        <time>2026-04-30T17:37:54+00:00</time>
      </trkpt>
      <trkpt lat="54.8771" lon="25.56253">
        <ele>130</ele>
        <time>2026-04-30T17:37:57+00:00</time>
      </trkpt>
      <trkpt lat="54.87712" lon="25.56241">
        <ele>131</ele>
        <time>2026-04-30T17:38:00+00:00</time>
      </trkpt>
      <trkpt lat="54.87712" lon="25.56239">
        <ele>131</ele>
        <time>2026-04-30T17:38:03+00:00</time>
      </trkpt>
      <trkpt lat="54.87711" lon="25.56235">
        <ele>131</ele>
        <time>2026-04-30T17:38:06+00:00</time>
      </trkpt>
      <trkpt lat="54.87709" lon="25.56234">
        <ele>131</ele>
        <time>2026-04-30T17:38:09+00:00</time>
      </trkpt>
      <trkpt lat="54.87704" lon="25.56235">
        <ele>128</ele>
        <time>2026-04-30T17:38:12+00:00</time>
      </trkpt>
      <trkpt lat="54.87693" lon="25.56241">
        <ele>131</ele>
        <time>2026-04-30T17:38:15+00:00</time>
      </trkpt>
      <trkpt lat="54.87683" lon="25.56246">
        <ele>124</ele>
        <time>2026-04-30T17:38:18+00:00</time>
      </trkpt>
      <trkpt lat="54.87671" lon="25.56256">
        <ele>130</ele>
        <time>2026-04-30T17:38:21+00:00</time>
      </trkpt>
      <trkpt lat="54.87665" lon="25.56262">
        <ele>124</ele>
        <time>2026-04-30T17:38:24+00:00</time>
      </trkpt>
      <trkpt lat="54.87656" lon="25.56267">
        <ele>130</ele>
        <time>2026-04-30T17:38:27+00:00</time>
      </trkpt>
      <trkpt lat="54.87649" lon="25.56267">
        <ele>126</ele>
        <time>2026-04-30T17:38:30+00:00</time>
      </trkpt>
      <trkpt lat="54.8764" lon="25.56264">
        <ele>130</ele>
        <time>2026-04-30T17:38:33+00:00</time>
      </trkpt>
      <trkpt lat="54.8763" lon="25.56261">
        <ele>126</ele>
        <time>2026-04-30T17:38:36+00:00</time>
      </trkpt>
      <trkpt lat="54.87613" lon="25.56253">
        <ele>128</ele>
        <time>2026-04-30T17:38:39+00:00</time>
      </trkpt>
      <trkpt lat="54.8761" lon="25.5625">
        <ele>129</ele>
        <time>2026-04-30T17:38:42+00:00</time>
      </trkpt>
      <trkpt lat="54.87606" lon="25.56244">
        <ele>130</ele>
        <time>2026-04-30T17:38:45+00:00</time>
      </trkpt>
      <trkpt lat="54.87594" lon="25.56231">
        <ele>133</ele>
        <time>2026-04-30T17:38:48+00:00</time>
      </trkpt>
      <trkpt lat="54.87593" lon="25.56229">
        <ele>130</ele>
        <time>2026-04-30T17:38:51+00:00</time>
      </trkpt>
      <trkpt lat="54.87587" lon="25.56225">
        <ele>130</ele>
        <time>2026-04-30T17:38:54+00:00</time>
      </trkpt>
      <trkpt lat="54.87581" lon="25.56219">
        <ele>130</ele>
        <time>2026-04-30T17:38:57+00:00</time>
      </trkpt>
      <trkpt lat="54.87569" lon="25.56203">
        <ele>150</ele>
        <time>2026-04-30T17:39:00+00:00</time>
      </trkpt>
      <trkpt lat="54.87564" lon="25.56199">
        <ele>131</ele>
        <time>2026-04-30T17:39:03+00:00</time>
      </trkpt>
      <trkpt lat="54.8755" lon="25.56192">
        <ele>155</ele>
        <time>2026-04-30T17:39:06+00:00</time>
      </trkpt>
      <trkpt lat="54.8754" lon="25.56189">
        <ele>132</ele>
        <time>2026-04-30T17:39:09+00:00</time>
      </trkpt>
      <trkpt lat="54.87531" lon="25.56184">
        <ele>153</ele>
        <time>2026-04-30T17:39:12+00:00</time>
      </trkpt>
      <trkpt lat="54.87508" lon="25.56181">
        <ele>151</ele>
        <time>2026-04-30T17:39:15+00:00</time>
      </trkpt>
      <trkpt lat="54.87504" lon="25.5618">
        <ele>132</ele>
        <time>2026-04-30T17:39:18+00:00</time>
      </trkpt>
      <trkpt lat="54.87498" lon="25.56176">
        <ele>133</ele>
        <time>2026-04-30T17:39:21+00:00</time>
      </trkpt>
      <trkpt lat="54.8749" lon="25.56168">
        <ele>151</ele>
        <time>2026-04-30T17:39:24+00:00</time>
      </trkpt>
      <trkpt lat="54.87489" lon="25.56165">
        <ele>133</ele>
        <time>2026-04-30T17:39:27+00:00</time>
      </trkpt>
      <trkpt lat="54.87484" lon="25.5616">
        <ele>133</ele>
        <time>2026-04-30T17:39:30+00:00</time>
      </trkpt>
      <trkpt lat="54.87469" lon="25.56148">
        <ele>147</ele>
        <time>2026-04-30T17:39:33+00:00</time>
      </trkpt>
      <trkpt lat="54.87461" lon="25.56137">
        <ele>133</ele>
        <time>2026-04-30T17:39:36+00:00</time>
      </trkpt>
      <trkpt lat="54.87459" lon="25.56133">
        <ele>133</ele>
        <time>2026-04-30T17:39:39+00:00</time>
      </trkpt>
      <trkpt lat="54.87456" lon="25.56129">
        <ele>146</ele>
        <time>2026-04-30T17:39:42+00:00</time>
      </trkpt>
      <trkpt lat="54.87449" lon="25.5612">
        <ele>133</ele>
        <time>2026-04-30T17:39:45+00:00</time>
      </trkpt>
      <trkpt lat="54.87444" lon="25.56115">
        <ele>133</ele>
        <time>2026-04-30T17:39:48+00:00</time>
      </trkpt>
      <trkpt lat="54.87438" lon="25.56112">
        <ele>145</ele>
        <time>2026-04-30T17:39:51+00:00</time>
      </trkpt>
      <trkpt lat="54.87427" lon="25.56108">
        <ele>133</ele>
        <time>2026-04-30T17:39:54+00:00</time>
      </trkpt>
      <trkpt lat="54.87421" lon="25.56108">
        <ele>145</ele>
        <time>2026-04-30T17:39:57+00:00</time>
      </trkpt>
      <trkpt lat="54.87386" lon="25.56098">
        <ele>144</ele>
        <time>2026-04-30T17:40:00+00:00</time>
      </trkpt>
      <trkpt lat="54.87376" lon="25.56093">
        <ele>133</ele>
        <time>2026-04-30T17:40:03+00:00</time>
      </trkpt>
      <trkpt lat="54.87373" lon="25.56091">
        <ele>133</ele>
        <time>2026-04-30T17:40:06+00:00</time>
      </trkpt>
      <trkpt lat="54.87365" lon="25.56089">
        <ele>144</ele>
        <time>2026-04-30T17:40:09+00:00</time>
      </trkpt>
      <trkpt lat="54.87352" lon="25.56083">
        <ele>133</ele>
        <time>2026-04-30T17:40:12+00:00</time>
      </trkpt>
      <trkpt lat="54.87336" lon="25.56081">
        <ele>141</ele>
        <time>2026-04-30T17:40:15+00:00</time>
      </trkpt>
      <trkpt lat="54.87323" lon="25.56075">
        <ele>133</ele>
        <time>2026-04-30T17:40:18+00:00</time>
      </trkpt>
      <trkpt lat="54.87298" lon="25.56068">
        <ele>136</ele>
        <time>2026-04-30T17:40:21+00:00</time>
      </trkpt>
      <trkpt lat="54.87288" lon="25.56063">
        <ele>134</ele>
        <time>2026-04-30T17:40:24+00:00</time>
      </trkpt>
      <trkpt lat="54.87279" lon="25.56059">
        <ele>136</ele>
        <time>2026-04-30T17:40:27+00:00</time>
      </trkpt>
      <trkpt lat="54.87263" lon="25.56056">
        <ele>133</ele>
        <time>2026-04-30T17:40:30+00:00</time>
      </trkpt>
      <trkpt lat="54.87243" lon="25.56052">
        <ele>133</ele>
        <time>2026-04-30T17:40:33+00:00</time>
      </trkpt>
      <trkpt lat="54.87231" lon="25.56049">
        <ele>134</ele>
        <time>2026-04-30T17:40:36+00:00</time>
      </trkpt>
      <trkpt lat="54.87181" lon="25.5604">
        <ele>135</ele>
        <time>2026-04-30T17:40:39+00:00</time>
      </trkpt>
      <trkpt lat="54.87178" lon="25.56038">
        <ele>135</ele>
        <time>2026-04-30T17:40:42+00:00</time>
      </trkpt>
      <trkpt lat="54.87175" lon="25.56033">
        <ele>135</ele>
        <time>2026-04-30T17:40:45+00:00</time>
      </trkpt>
      <trkpt lat="54.87173" lon="25.56021">
        <ele>135</ele>
        <time>2026-04-30T17:40:48+00:00</time>
      </trkpt>
      <trkpt lat="54.87173" lon="25.55987">
        <ele>134</ele>
        <time>2026-04-30T17:40:51+00:00</time>
      </trkpt>
      <trkpt lat="54.87172" lon="25.55981">
        <ele>135</ele>
        <time>2026-04-30T17:40:54+00:00</time>
      </trkpt>
      <trkpt lat="54.87172" lon="25.55969">
        <ele>135</ele>
        <time>2026-04-30T17:40:57+00:00</time>
      </trkpt>
      <trkpt lat="54.8717" lon="25.55936">
        <ele>134</ele>
        <time>2026-04-30T17:41:00+00:00</time>
      </trkpt>
      <trkpt lat="54.8717" lon="25.55923">
        <ele>136</ele>
        <time>2026-04-30T17:41:03+00:00</time>
      </trkpt>
      <trkpt lat="54.87169" lon="25.55916">
        <ele>136</ele>
        <time>2026-04-30T17:41:06+00:00</time>
      </trkpt>
      <trkpt lat="54.87169" lon="25.55903">
        <ele>134</ele>
        <time>2026-04-30T17:41:09+00:00</time>
      </trkpt>
      <trkpt lat="54.8717" lon="25.55897">
        <ele>136</ele>
        <time>2026-04-30T17:41:12+00:00</time>
      </trkpt>
      <trkpt lat="54.8717" lon="25.55884">
        <ele>136</ele>
        <time>2026-04-30T17:41:15+00:00</time>
      </trkpt>
      <trkpt lat="54.87174" lon="25.55846">
        <ele>135</ele>
        <time>2026-04-30T17:41:18+00:00</time>
      </trkpt>
      <trkpt lat="54.87176" lon="25.55834">
        <ele>136</ele>
        <time>2026-04-30T17:41:21+00:00</time>
      </trkpt>
      <trkpt lat="54.87177" lon="25.55822">
        <ele>136</ele>
        <time>2026-04-30T17:41:24+00:00</time>
      </trkpt>
      <trkpt lat="54.87177" lon="25.55816">
        <ele>136</ele>
        <time>2026-04-30T17:41:27+00:00</time>
      </trkpt>
      <trkpt lat="54.8718" lon="25.55793">
        <ele>137</ele>
        <time>2026-04-30T17:41:30+00:00</time>
      </trkpt>
      <trkpt lat="54.87181" lon="25.5578">
        <ele>138</ele>
        <time>2026-04-30T17:41:33+00:00</time>
      </trkpt>
      <trkpt lat="54.87184" lon="25.55746">
        <ele>146</ele>
        <time>2026-04-30T17:41:36+00:00</time>
      </trkpt>
      <trkpt lat="54.87188" lon="25.55721">
        <ele>137</ele>
        <time>2026-04-30T17:41:39+00:00</time>
      </trkpt>
      <trkpt lat="54.87188" lon="25.55715">
        <ele>147</ele>
        <time>2026-04-30T17:41:42+00:00</time>
      </trkpt>
      <trkpt lat="54.8719" lon="25.55701">
        <ele>137</ele>
        <time>2026-04-30T17:41:45+00:00</time>
      </trkpt>
      <trkpt lat="54.8719" lon="25.55688">
        <ele>137</ele>
        <time>2026-04-30T17:41:48+00:00</time>
      </trkpt>
      <trkpt lat="54.87194" lon="25.55662">
        <ele>144</ele>
        <time>2026-04-30T17:41:51+00:00</time>
      </trkpt>
      <trkpt lat="54.87198" lon="25.5562">
        <ele>141</ele>
        <time>2026-04-30T17:41:54+00:00</time>
      </trkpt>
      <trkpt lat="54.87199" lon="25.55614">
        <ele>136</ele>
        <time>2026-04-30T17:41:57+00:00</time>
      </trkpt>
      <trkpt lat="54.872" lon="25.55602">
        <ele>137</ele>
        <time>2026-04-30T17:42:00+00:00</time>
      </trkpt>
      <trkpt lat="54.872" lon="25.55597">
        <ele>137</ele>
        <time>2026-04-30T17:42:03+00:00</time>
      </trkpt>
      <trkpt lat="54.8721" lon="25.55536">
        <ele>139</ele>
        <time>2026-04-30T17:42:06+00:00</time>
      </trkpt>
      <trkpt lat="54.8721" lon="25.5553">
        <ele>137</ele>
        <time>2026-04-30T17:42:09+00:00</time>
      </trkpt>
      <trkpt lat="54.87208" lon="25.55527">
        <ele>137</ele>
        <time>2026-04-30T17:42:12+00:00</time>
      </trkpt>
      <trkpt lat="54.87206" lon="25.55526">
        <ele>137</ele>
        <time>2026-04-30T17:42:15+00:00</time>
      </trkpt>
      <trkpt lat="54.87194" lon="25.55528">
        <ele>139</ele>
        <time>2026-04-30T17:42:18+00:00</time>
      </trkpt>
      <trkpt lat="54.87187" lon="25.55526">
        <ele>136</ele>
        <time>2026-04-30T17:42:21+00:00</time>
      </trkpt>
      <trkpt lat="54.87181" lon="25.55523">
        <ele>136</ele>
        <time>2026-04-30T17:42:24+00:00</time>
      </trkpt>
      <trkpt lat="54.87144" lon="25.55488">
        <ele>135</ele>
        <time>2026-04-30T17:42:27+00:00</time>
      </trkpt>
      <trkpt lat="54.87131" lon="25.55477">
        <ele>135</ele>
        <time>2026-04-30T17:42:30+00:00</time>
      </trkpt>
      <trkpt lat="54.87125" lon="25.55472">
        <ele>134</ele>
        <time>2026-04-30T17:42:33+00:00</time>
      </trkpt>
      <trkpt lat="54.87118" lon="25.55461">
        <ele>134</ele>
        <time>2026-04-30T17:42:36+00:00</time>
      </trkpt>
      <trkpt lat="54.8711" lon="25.55453">
        <ele>134</ele>
        <time>2026-04-30T17:42:39+00:00</time>
      </trkpt>
      <trkpt lat="54.87097" lon="25.55444">
        <ele>134</ele>
        <time>2026-04-30T17:42:42+00:00</time>
      </trkpt>
      <trkpt lat="54.87085" lon="25.55436">
        <ele>134</ele>
        <time>2026-04-30T17:42:45+00:00</time>
      </trkpt>
      <trkpt lat="54.87069" lon="25.55426">
        <ele>136</ele>
        <time>2026-04-30T17:42:48+00:00</time>
      </trkpt>
      <trkpt lat="54.87065" lon="25.55423">
        <ele>133</ele>
        <time>2026-04-30T17:42:51+00:00</time>
      </trkpt>
      <trkpt lat="54.87062" lon="25.55419">
        <ele>133</ele>
        <time>2026-04-30T17:42:54+00:00</time>
      </trkpt>
      <trkpt lat="54.87061" lon="25.55416">
        <ele>133</ele>
        <time>2026-04-30T17:42:57+00:00</time>
      </trkpt>
      <trkpt lat="54.87058" lon="25.5541">
        <ele>132</ele>
        <time>2026-04-30T17:43:00+00:00</time>
      </trkpt>
      <trkpt lat="54.87054" lon="25.55402">
        <ele>136</ele>
        <time>2026-04-30T17:43:03+00:00</time>
      </trkpt>
      <trkpt lat="54.8705" lon="25.55392">
        <ele>132</ele>
        <time>2026-04-30T17:43:06+00:00</time>
      </trkpt>
      <trkpt lat="54.87045" lon="25.55366">
        <ele>142</ele>
        <time>2026-04-30T17:43:09+00:00</time>
      </trkpt>
      <trkpt lat="54.87043" lon="25.55355">
        <ele>131</ele>
        <time>2026-04-30T17:43:12+00:00</time>
      </trkpt>
      <trkpt lat="54.87039" lon="25.55344">
        <ele>131</ele>
        <time>2026-04-30T17:43:15+00:00</time>
      </trkpt>
      <trkpt lat="54.87035" lon="25.55329">
        <ele>145</ele>
        <time>2026-04-30T17:43:18+00:00</time>
      </trkpt>
      <trkpt lat="54.87035" lon="25.55324">
        <ele>131</ele>
        <time>2026-04-30T17:43:21+00:00</time>
      </trkpt>
      <trkpt lat="54.8703" lon="25.55303">
        <ele>145</ele>
        <time>2026-04-30T17:43:24+00:00</time>
      </trkpt>
      <trkpt lat="54.87025" lon="25.55281">
        <ele>131</ele>
        <time>2026-04-30T17:43:27+00:00</time>
      </trkpt>
      <trkpt lat="54.87023" lon="25.5527">
        <ele>145</ele>
        <time>2026-04-30T17:43:30+00:00</time>
      </trkpt>
      <trkpt lat="54.87019" lon="25.5526">
        <ele>130</ele>
        <time>2026-04-30T17:43:33+00:00</time>
      </trkpt>
      <trkpt lat="54.87011" lon="25.55242">
        <ele>143</ele>
        <time>2026-04-30T17:43:36+00:00</time>
      </trkpt>
      <trkpt lat="54.87007" lon="25.55227">
        <ele>130</ele>
        <time>2026-04-30T17:43:39+00:00</time>
      </trkpt>
      <trkpt lat="54.87005" lon="25.55222">
        <ele>130</ele>
        <time>2026-04-30T17:43:42+00:00</time>
      </trkpt>
      <trkpt lat="54.86997" lon="25.55184">
        <ele>142</ele>
        <time>2026-04-30T17:43:45+00:00</time>
      </trkpt>
      <trkpt lat="54.86994" lon="25.55157">
        <ele>142</ele>
        <time>2026-04-30T17:43:48+00:00</time>
      </trkpt>
      <trkpt lat="54.86993" lon="25.55145">
        <ele>129</ele>
        <time>2026-04-30T17:43:51+00:00</time>
      </trkpt>
      <trkpt lat="54.86993" lon="25.5514">
        <ele>129</ele>
        <time>2026-04-30T17:43:54+00:00</time>
      </trkpt>
      <trkpt lat="54.86991" lon="25.55112">
        <ele>145</ele>
        <time>2026-04-30T17:43:57+00:00</time>
      </trkpt>
      <trkpt lat="54.86991" lon="25.55107">
        <ele>129</ele>
        <time>2026-04-30T17:44:00+00:00</time>
      </trkpt>
      <trkpt lat="54.86991" lon="25.55102">
        <ele>129</ele>
        <time>2026-04-30T17:44:03+00:00</time>
      </trkpt>
      <trkpt lat="54.8699" lon="25.55096">
        <ele>129</ele>
        <time>2026-04-30T17:44:06+00:00</time>
      </trkpt>
      <trkpt lat="54.8699" lon="25.55073">
        <ele>145</ele>
        <time>2026-04-30T17:44:09+00:00</time>
      </trkpt>
      <trkpt lat="54.86989" lon="25.55061">
        <ele>127</ele>
        <time>2026-04-30T17:44:12+00:00</time>
      </trkpt>
      <trkpt lat="54.86989" lon="25.55045">
        <ele>140</ele>
        <time>2026-04-30T17:44:15+00:00</time>
      </trkpt>
      <trkpt lat="54.86988" lon="25.5504">
        <ele>127</ele>
        <time>2026-04-30T17:44:18+00:00</time>
      </trkpt>
      <trkpt lat="54.86988" lon="25.55027">
        <ele>127</ele>
        <time>2026-04-30T17:44:21+00:00</time>
      </trkpt>
      <trkpt lat="54.86986" lon="25.55021">
        <ele>127</ele>
        <time>2026-04-30T17:44:24+00:00</time>
      </trkpt>
      <trkpt lat="54.86986" lon="25.55014">
        <ele>134</ele>
        <time>2026-04-30T17:44:27+00:00</time>
      </trkpt>
      <trkpt lat="54.86983" lon="25.54997">
        <ele>126</ele>
        <time>2026-04-30T17:44:30+00:00</time>
      </trkpt>
      <trkpt lat="54.86983" lon="25.54986">
        <ele>130</ele>
        <time>2026-04-30T17:44:33+00:00</time>
      </trkpt>
      <trkpt lat="54.86982" lon="25.5498">
        <ele>126</ele>
        <time>2026-04-30T17:44:36+00:00</time>
      </trkpt>
      <trkpt lat="54.86982" lon="25.54975">
        <ele>126</ele>
        <time>2026-04-30T17:44:39+00:00</time>
      </trkpt>
      <trkpt lat="54.86982" lon="25.5497">
        <ele>126</ele>
        <time>2026-04-30T17:44:42+00:00</time>
      </trkpt>
      <trkpt lat="54.86982" lon="25.54959">
        <ele>131</ele>
        <time>2026-04-30T17:44:45+00:00</time>
      </trkpt>
      <trkpt lat="54.86981" lon="25.54953">
        <ele>126</ele>
        <time>2026-04-30T17:44:48+00:00</time>
      </trkpt>
      <trkpt lat="54.86982" lon="25.54942">
        <ele>125</ele>
        <time>2026-04-30T17:44:51+00:00</time>
      </trkpt>
      <trkpt lat="54.86982" lon="25.54937">
        <ele>125</ele>
        <time>2026-04-30T17:44:54+00:00</time>
      </trkpt>
      <trkpt lat="54.86989" lon="25.54913">
        <ele>132</ele>
        <time>2026-04-30T17:44:57+00:00</time>
      </trkpt>
      <trkpt lat="54.86991" lon="25.54909">
        <ele>125</ele>
        <time>2026-04-30T17:45:00+00:00</time>
      </trkpt>
      <trkpt lat="54.86992" lon="25.54904">
        <ele>125</ele>
        <time>2026-04-30T17:45:03+00:00</time>
      </trkpt>
      <trkpt lat="54.86993" lon="25.54895">
        <ele>125</ele>
        <time>2026-04-30T17:45:06+00:00</time>
      </trkpt>
      <trkpt lat="54.86994" lon="25.5489">
        <ele>125</ele>
        <time>2026-04-30T17:45:09+00:00</time>
      </trkpt>
      <trkpt lat="54.86995" lon="25.54882">
        <ele>130</ele>
        <time>2026-04-30T17:45:12+00:00</time>
      </trkpt>
      <trkpt lat="54.87001" lon="25.54865">
        <ele>124</ele>
        <time>2026-04-30T17:45:15+00:00</time>
      </trkpt>
      <trkpt lat="54.87005" lon="25.54859">
        <ele>129</ele>
        <time>2026-04-30T17:45:18+00:00</time>
      </trkpt>
      <trkpt lat="54.87007" lon="25.54851">
        <ele>124</ele>
        <time>2026-04-30T17:45:21+00:00</time>
      </trkpt>
      <trkpt lat="54.87008" lon="25.54847">
        <ele>124</ele>
        <time>2026-04-30T17:45:24+00:00</time>
      </trkpt>
      <trkpt lat="54.87009" lon="25.54843">
        <ele>124</ele>
        <time>2026-04-30T17:45:27+00:00</time>
      </trkpt>
      <trkpt lat="54.87012" lon="25.54829">
        <ele>129</ele>
        <time>2026-04-30T17:45:30+00:00</time>
      </trkpt>
      <trkpt lat="54.87013" lon="25.54826">
        <ele>124</ele>
        <time>2026-04-30T17:45:33+00:00</time>
      </trkpt>
      <trkpt lat="54.87014" lon="25.54817">
        <ele>123</ele>
        <time>2026-04-30T17:45:36+00:00</time>
      </trkpt>
      <trkpt lat="54.87015" lon="25.54814">
        <ele>123</ele>
        <time>2026-04-30T17:45:39+00:00</time>
      </trkpt>
      <trkpt lat="54.87015" lon="25.54812">
        <ele>123</ele>
        <time>2026-04-30T17:45:42+00:00</time>
      </trkpt>
      <trkpt lat="54.87015" lon="25.54802">
        <ele>130</ele>
        <time>2026-04-30T17:45:45+00:00</time>
      </trkpt>
      <trkpt lat="54.87013" lon="25.548">
        <ele>123</ele>
        <time>2026-04-30T17:45:48+00:00</time>
      </trkpt>
      <trkpt lat="54.87004" lon="25.54797">
        <ele>123</ele>
        <time>2026-04-30T17:45:51+00:00</time>
      </trkpt>
      <trkpt lat="54.87" lon="25.54792">
        <ele>131</ele>
        <time>2026-04-30T17:45:54+00:00</time>
      </trkpt>
      <trkpt lat="54.87" lon="25.54791">
        <ele>123</ele>
        <time>2026-04-30T17:45:57+00:00</time>
      </trkpt>
      <trkpt lat="54.86999" lon="25.54789">
        <ele>123</ele>
        <time>2026-04-30T17:46:00+00:00</time>
      </trkpt>
      <trkpt lat="54.86998" lon="25.54788">
        <ele>123</ele>
        <time>2026-04-30T17:46:03+00:00</time>
      </trkpt>
      <trkpt lat="54.86994" lon="25.54781">
        <ele>123</ele>
        <time>2026-04-30T17:46:06+00:00</time>
      </trkpt>
      <trkpt lat="54.86992" lon="25.54775">
        <ele>123</ele>
        <time>2026-04-30T17:46:09+00:00</time>
      </trkpt>
      <trkpt lat="54.86992" lon="25.54773">
        <ele>123</ele>
        <time>2026-04-30T17:46:12+00:00</time>
      </trkpt>
      <trkpt lat="54.86991" lon="25.54772">
        <ele>131</ele>
        <time>2026-04-30T17:46:15+00:00</time>
      </trkpt>
      <trkpt lat="54.8699" lon="25.54769">
        <ele>123</ele>
        <time>2026-04-30T17:46:18+00:00</time>
      </trkpt>
      <trkpt lat="54.86988" lon="25.54767">
        <ele>123</ele>
        <time>2026-04-30T17:46:21+00:00</time>
      </trkpt>
      <trkpt lat="54.86986" lon="25.54763">
        <ele>123</ele>
        <time>2026-04-30T17:46:24+00:00</time>
      </trkpt>
      <trkpt lat="54.86983" lon="25.5476">
        <ele>123</ele>
        <time>2026-04-30T17:46:27+00:00</time>
      </trkpt>
      <trkpt lat="54.86944" lon="25.54717">
        <ele>136</ele>
        <time>2026-04-30T17:46:30+00:00</time>
      </trkpt>
      <trkpt lat="54.86939" lon="25.54711">
        <ele>124</ele>
        <time>2026-04-30T17:46:33+00:00</time>
      </trkpt>
      <trkpt lat="54.86931" lon="25.54704">
        <ele>125</ele>
        <time>2026-04-30T17:46:36+00:00</time>
      </trkpt>
      <trkpt lat="54.8692" lon="25.54699">
        <ele>141</ele>
        <time>2026-04-30T17:46:39+00:00</time>
      </trkpt>
      <trkpt lat="54.86916" lon="25.54696">
        <ele>127</ele>
        <time>2026-04-30T17:46:42+00:00</time>
      </trkpt>
      <trkpt lat="54.86912" lon="25.54691">
        <ele>127</ele>
        <time>2026-04-30T17:46:45+00:00</time>
      </trkpt>
      <trkpt lat="54.86907" lon="25.54683">
        <ele>148</ele>
        <time>2026-04-30T17:46:48+00:00</time>
      </trkpt>
      <trkpt lat="54.86904" lon="25.54677">
        <ele>127</ele>
        <time>2026-04-30T17:46:51+00:00</time>
      </trkpt>
      <trkpt lat="54.869" lon="25.54661">
        <ele>128</ele>
        <time>2026-04-30T17:46:54+00:00</time>
      </trkpt>
      <trkpt lat="54.86898" lon="25.54652">
        <ele>148</ele>
        <time>2026-04-30T17:46:57+00:00</time>
      </trkpt>
      <trkpt lat="54.86898" lon="25.54645">
        <ele>128</ele>
        <time>2026-04-30T17:47:00+00:00</time>
      </trkpt>
      <trkpt lat="54.86896" lon="25.54635">
        <ele>129</ele>
        <time>2026-04-30T17:47:03+00:00</time>
      </trkpt>
      <trkpt lat="54.86896" lon="25.54625">
        <ele>149</ele>
        <time>2026-04-30T17:47:06+00:00</time>
      </trkpt>
      <trkpt lat="54.86895" lon="25.54621">
        <ele>130</ele>
        <time>2026-04-30T17:47:09+00:00</time>
      </trkpt>
      <trkpt lat="54.86895" lon="25.54616">
        <ele>130</ele>
        <time>2026-04-30T17:47:12+00:00</time>
      </trkpt>
      <trkpt lat="54.86892" lon="25.54594">
        <ele>149</ele>
        <time>2026-04-30T17:47:15+00:00</time>
      </trkpt>
      <trkpt lat="54.86891" lon="25.54589">
        <ele>131</ele>
        <time>2026-04-30T17:47:18+00:00</time>
      </trkpt>
      <trkpt lat="54.8689" lon="25.54584">
        <ele>131</ele>
        <time>2026-04-30T17:47:21+00:00</time>
      </trkpt>
      <trkpt lat="54.86888" lon="25.54575">
        <ele>131</ele>
        <time>2026-04-30T17:47:24+00:00</time>
      </trkpt>
      <trkpt lat="54.86887" lon="25.54571">
        <ele>132</ele>
        <time>2026-04-30T17:47:27+00:00</time>
      </trkpt>
      <trkpt lat="54.86876" lon="25.54535">
        <ele>149</ele>
        <time>2026-04-30T17:47:30+00:00</time>
      </trkpt>
      <trkpt lat="54.8687" lon="25.54518">
        <ele>134</ele>
        <time>2026-04-30T17:47:33+00:00</time>
      </trkpt>
      <trkpt lat="54.86867" lon="25.54513">
        <ele>149</ele>
        <time>2026-04-30T17:47:36+00:00</time>
      </trkpt>
      <trkpt lat="54.86859" lon="25.54492">
        <ele>134</ele>
        <time>2026-04-30T17:47:39+00:00</time>
      </trkpt>
      <trkpt lat="54.86858" lon="25.54487">
        <ele>153</ele>
        <time>2026-04-30T17:47:42+00:00</time>
      </trkpt>
      <trkpt lat="54.86853" lon="25.54472">
        <ele>134</ele>
        <time>2026-04-30T17:47:45+00:00</time>
      </trkpt>
      <trkpt lat="54.86851" lon="25.54464">
        <ele>134</ele>
        <time>2026-04-30T17:47:48+00:00</time>
      </trkpt>
      <trkpt lat="54.86848" lon="25.5446">
        <ele>153</ele>
        <time>2026-04-30T17:47:51+00:00</time>
      </trkpt>
      <trkpt lat="54.86846" lon="25.54451">
        <ele>134</ele>
        <time>2026-04-30T17:47:54+00:00</time>
      </trkpt>
      <trkpt lat="54.86843" lon="25.54442">
        <ele>134</ele>
        <time>2026-04-30T17:47:57+00:00</time>
      </trkpt>
      <trkpt lat="54.86837" lon="25.54423">
        <ele>154</ele>
        <time>2026-04-30T17:48:00+00:00</time>
      </trkpt>
      <trkpt lat="54.86832" lon="25.54404">
        <ele>135</ele>
        <time>2026-04-30T17:48:03+00:00</time>
      </trkpt>
      <trkpt lat="54.8683" lon="25.54395">
        <ele>152</ele>
        <time>2026-04-30T17:48:06+00:00</time>
      </trkpt>
      <trkpt lat="54.86827" lon="25.5439">
        <ele>135</ele>
        <time>2026-04-30T17:48:09+00:00</time>
      </trkpt>
      <trkpt lat="54.86826" lon="25.54385">
        <ele>135</ele>
        <time>2026-04-30T17:48:12+00:00</time>
      </trkpt>
      <trkpt lat="54.86826" lon="25.54384">
        <ele>135</ele>
        <time>2026-04-30T17:48:15+00:00</time>
      </trkpt>
      <trkpt lat="54.86822" lon="25.54383">
        <ele>135</ele>
        <time>2026-04-30T17:48:18+00:00</time>
      </trkpt>
      <trkpt lat="54.86816" lon="25.54385">
        <ele>150</ele>
        <time>2026-04-30T17:48:21+00:00</time>
      </trkpt>
      <trkpt lat="54.86811" lon="25.54388">
        <ele>135</ele>
        <time>2026-04-30T17:48:24+00:00</time>
      </trkpt>
      <trkpt lat="54.86801" lon="25.54401">
        <ele>150</ele>
        <time>2026-04-30T17:48:27+00:00</time>
      </trkpt>
      <trkpt lat="54.86799" lon="25.54405">
        <ele>135</ele>
        <time>2026-04-30T17:48:30+00:00</time>
      </trkpt>
      <trkpt lat="54.86795" lon="25.54418">
        <ele>135</ele>
        <time>2026-04-30T17:48:33+00:00</time>
      </trkpt>
      <trkpt lat="54.86785" lon="25.54442">
        <ele>146</ele>
        <time>2026-04-30T17:48:36+00:00</time>
      </trkpt>
      <trkpt lat="54.86784" lon="25.54447">
        <ele>136</ele>
        <time>2026-04-30T17:48:39+00:00</time>
      </trkpt>
      <trkpt lat="54.86778" lon="25.54463">
        <ele>136</ele>
        <time>2026-04-30T17:48:42+00:00</time>
      </trkpt>
      <trkpt lat="54.86777" lon="25.54468">
        <ele>146</ele>
        <time>2026-04-30T17:48:45+00:00</time>
      </trkpt>
      <trkpt lat="54.86772" lon="25.54483">
        <ele>136</ele>
        <time>2026-04-30T17:48:48+00:00</time>
      </trkpt>
      <trkpt lat="54.86766" lon="25.54498">
        <ele>147</ele>
        <time>2026-04-30T17:48:51+00:00</time>
      </trkpt>
      <trkpt lat="54.86765" lon="25.54503">
        <ele>136</ele>
        <time>2026-04-30T17:48:54+00:00</time>
      </trkpt>
      <trkpt lat="54.86758" lon="25.54524">
        <ele>147</ele>
        <time>2026-04-30T17:48:57+00:00</time>
      </trkpt>
      <trkpt lat="54.86756" lon="25.5453">
        <ele>136</ele>
        <time>2026-04-30T17:49:00+00:00</time>
      </trkpt>
      <trkpt lat="54.86755" lon="25.54535">
        <ele>136</ele>
        <time>2026-04-30T17:49:03+00:00</time>
      </trkpt>
      <trkpt lat="54.86753" lon="25.54541">
        <ele>136</ele>
        <time>2026-04-30T17:49:06+00:00</time>
      </trkpt>
      <trkpt lat="54.86742" lon="25.5457">
        <ele>145</ele>
        <time>2026-04-30T17:49:09+00:00</time>
      </trkpt>
      <trkpt lat="54.86733" lon="25.54592">
        <ele>142</ele>
        <time>2026-04-30T17:49:12+00:00</time>
      </trkpt>
      <trkpt lat="54.86727" lon="25.54607">
        <ele>136</ele>
        <time>2026-04-30T17:49:15+00:00</time>
      </trkpt>
      <trkpt lat="54.86724" lon="25.54616">
        <ele>140</ele>
        <time>2026-04-30T17:49:18+00:00</time>
      </trkpt>
      <trkpt lat="54.86723" lon="25.54621">
        <ele>135</ele>
        <time>2026-04-30T17:49:21+00:00</time>
      </trkpt>
      <trkpt lat="54.86721" lon="25.54626">
        <ele>135</ele>
        <time>2026-04-30T17:49:24+00:00</time>
      </trkpt>
      <trkpt lat="54.86718" lon="25.54636">
        <ele>135</ele>
        <time>2026-04-30T17:49:27+00:00</time>
      </trkpt>
      <trkpt lat="54.86717" lon="25.54641">
        <ele>140</ele>
        <time>2026-04-30T17:49:30+00:00</time>
      </trkpt>
      <trkpt lat="54.86708" lon="25.54668">
        <ele>128</ele>
        <time>2026-04-30T17:49:33+00:00</time>
      </trkpt>
      <trkpt lat="54.86698" lon="25.54694">
        <ele>122</ele>
        <time>2026-04-30T17:49:36+00:00</time>
      </trkpt>
      <trkpt lat="54.86695" lon="25.54699">
        <ele>133</ele>
        <time>2026-04-30T17:49:39+00:00</time>
      </trkpt>
      <trkpt lat="54.86689" lon="25.54717">
        <ele>120</ele>
        <time>2026-04-30T17:49:42+00:00</time>
      </trkpt>
      <trkpt lat="54.86684" lon="25.54725">
        <ele>132</ele>
        <time>2026-04-30T17:49:45+00:00</time>
      </trkpt>
      <trkpt lat="54.86681" lon="25.54728">
        <ele>132</ele>
        <time>2026-04-30T17:49:48+00:00</time>
      </trkpt>
      <trkpt lat="54.86678" lon="25.54729">
        <ele>132</ele>
        <time>2026-04-30T17:49:51+00:00</time>
      </trkpt>
      <trkpt lat="54.86674" lon="25.54729">
        <ele>120</ele>
        <time>2026-04-30T17:49:54+00:00</time>
      </trkpt>
      <trkpt lat="54.86669" lon="25.54728">
        <ele>132</ele>
        <time>2026-04-30T17:49:57+00:00</time>
      </trkpt>
      <trkpt lat="54.86665" lon="25.54727">
        <ele>132</ele>
        <time>2026-04-30T17:50:00+00:00</time>
      </trkpt>
      <trkpt lat="54.86657" lon="25.54722">
        <ele>121</ele>
        <time>2026-04-30T17:50:03+00:00</time>
      </trkpt>
      <trkpt lat="54.86627" lon="25.54703">
        <ele>123</ele>
        <time>2026-04-30T17:50:06+00:00</time>
      </trkpt>
      <trkpt lat="54.86623" lon="25.54699">
        <ele>131</ele>
        <time>2026-04-30T17:50:09+00:00</time>
      </trkpt>
      <trkpt lat="54.86603" lon="25.54687">
        <ele>126</ele>
        <time>2026-04-30T17:50:12+00:00</time>
      </trkpt>
      <trkpt lat="54.86586" lon="25.54674">
        <ele>132</ele>
        <time>2026-04-30T17:50:15+00:00</time>
      </trkpt>
      <trkpt lat="54.86582" lon="25.54672">
        <ele>131</ele>
        <time>2026-04-30T17:50:18+00:00</time>
      </trkpt>
      <trkpt lat="54.86565" lon="25.54659">
        <ele>139</ele>
        <time>2026-04-30T17:50:21+00:00</time>
      </trkpt>
      <trkpt lat="54.86557" lon="25.54654">
        <ele>131</ele>
        <time>2026-04-30T17:50:24+00:00</time>
      </trkpt>
      <trkpt lat="54.86531" lon="25.54634">
        <ele>139</ele>
        <time>2026-04-30T17:50:27+00:00</time>
      </trkpt>
      <trkpt lat="54.86524" lon="25.5463">
        <ele>131</ele>
        <time>2026-04-30T17:50:30+00:00</time>
      </trkpt>
      <trkpt lat="54.8652" lon="25.54629">
        <ele>132</ele>
        <time>2026-04-30T17:50:33+00:00</time>
      </trkpt>
      <trkpt lat="54.86513" lon="25.54627">
        <ele>146</ele>
        <time>2026-04-30T17:50:36+00:00</time>
      </trkpt>
      <trkpt lat="54.86493" lon="25.54626">
        <ele>146</ele>
        <time>2026-04-30T17:50:39+00:00</time>
      </trkpt>
      <trkpt lat="54.8648" lon="25.54619">
        <ele>132</ele>
        <time>2026-04-30T17:50:42+00:00</time>
      </trkpt>
      <trkpt lat="54.8646" lon="25.54602">
        <ele>148</ele>
        <time>2026-04-30T17:50:45+00:00</time>
      </trkpt>
      <trkpt lat="54.86447" lon="25.54592">
        <ele>132</ele>
        <time>2026-04-30T17:50:48+00:00</time>
      </trkpt>
      <trkpt lat="54.86443" lon="25.5459">
        <ele>148</ele>
        <time>2026-04-30T17:50:51+00:00</time>
      </trkpt>
      <trkpt lat="54.8641" lon="25.54577">
        <ele>141</ele>
        <time>2026-04-30T17:50:54+00:00</time>
      </trkpt>
      <trkpt lat="54.86385" lon="25.54569">
        <ele>139</ele>
        <time>2026-04-30T17:50:57+00:00</time>
      </trkpt>
      <trkpt lat="54.86378" lon="25.54568">
        <ele>131</ele>
        <time>2026-04-30T17:51:00+00:00</time>
      </trkpt>
      <trkpt lat="54.86374" lon="25.54569">
        <ele>131</ele>
        <time>2026-04-30T17:51:03+00:00</time>
      </trkpt>
      <trkpt lat="54.86367" lon="25.54571">
        <ele>137</ele>
        <time>2026-04-30T17:51:06+00:00</time>
      </trkpt>
      <trkpt lat="54.86364" lon="25.54573">
        <ele>131</ele>
        <time>2026-04-30T17:51:09+00:00</time>
      </trkpt>
      <trkpt lat="54.86361" lon="25.54577">
        <ele>132</ele>
        <time>2026-04-30T17:51:12+00:00</time>
      </trkpt>
      <trkpt lat="54.86356" lon="25.54584">
        <ele>132</ele>
        <time>2026-04-30T17:51:15+00:00</time>
      </trkpt>
      <trkpt lat="54.86356" lon="25.54587">
        <ele>132</ele>
        <time>2026-04-30T17:51:18+00:00</time>
      </trkpt>
      <trkpt lat="54.86347" lon="25.54613">
        <ele>137</ele>
        <time>2026-04-30T17:51:21+00:00</time>
      </trkpt>
      <trkpt lat="54.86346" lon="25.54617">
        <ele>132</ele>
        <time>2026-04-30T17:51:24+00:00</time>
      </trkpt>
      <trkpt lat="54.86344" lon="25.54621">
        <ele>132</ele>
        <time>2026-04-30T17:51:27+00:00</time>
      </trkpt>
      <trkpt lat="54.86339" lon="25.54629">
        <ele>132</ele>
        <time>2026-04-30T17:51:30+00:00</time>
      </trkpt>
      <trkpt lat="54.86336" lon="25.54631">
        <ele>133</ele>
        <time>2026-04-30T17:51:33+00:00</time>
      </trkpt>
      <trkpt lat="54.8633" lon="25.54634">
        <ele>138</ele>
        <time>2026-04-30T17:51:36+00:00</time>
      </trkpt>
      <trkpt lat="54.86324" lon="25.54634">
        <ele>133</ele>
        <time>2026-04-30T17:51:39+00:00</time>
      </trkpt>
      <trkpt lat="54.86307" lon="25.54631">
        <ele>143</ele>
        <time>2026-04-30T17:51:42+00:00</time>
      </trkpt>
      <trkpt lat="54.86285" lon="25.54631">
        <ele>143</ele>
        <time>2026-04-30T17:51:45+00:00</time>
      </trkpt>
      <trkpt lat="54.86281" lon="25.5463">
        <ele>134</ele>
        <time>2026-04-30T17:51:48+00:00</time>
      </trkpt>
      <trkpt lat="54.86275" lon="25.54626">
        <ele>134</ele>
        <time>2026-04-30T17:51:51+00:00</time>
      </trkpt>
      <trkpt lat="54.86272" lon="25.54626">
        <ele>134</ele>
        <time>2026-04-30T17:51:54+00:00</time>
      </trkpt>
      <trkpt lat="54.86266" lon="25.54631">
        <ele>144</ele>
        <time>2026-04-30T17:51:57+00:00</time>
      </trkpt>
      <trkpt lat="54.86257" lon="25.54635">
        <ele>134</ele>
        <time>2026-04-30T17:52:00+00:00</time>
      </trkpt>
      <trkpt lat="54.86243" lon="25.54643">
        <ele>144</ele>
        <time>2026-04-30T17:52:03+00:00</time>
      </trkpt>
      <trkpt lat="54.86239" lon="25.54647">
        <ele>134</ele>
        <time>2026-04-30T17:52:06+00:00</time>
      </trkpt>
      <trkpt lat="54.8622" lon="25.54659">
        <ele>149</ele>
        <time>2026-04-30T17:52:09+00:00</time>
      </trkpt>
      <trkpt lat="54.86213" lon="25.54665">
        <ele>134</ele>
        <time>2026-04-30T17:52:12+00:00</time>
      </trkpt>
      <trkpt lat="54.862" lon="25.54674">
        <ele>148</ele>
        <time>2026-04-30T17:52:15+00:00</time>
      </trkpt>
      <trkpt lat="54.86185" lon="25.54682">
        <ele>134</ele>
        <time>2026-04-30T17:52:18+00:00</time>
      </trkpt>
      <trkpt lat="54.86171" lon="25.54685">
        <ele>148</ele>
        <time>2026-04-30T17:52:21+00:00</time>
      </trkpt>
      <trkpt lat="54.86164" lon="25.54689">
        <ele>134</ele>
        <time>2026-04-30T17:52:24+00:00</time>
      </trkpt>
      <trkpt lat="54.86158" lon="25.54695">
        <ele>134</ele>
        <time>2026-04-30T17:52:27+00:00</time>
      </trkpt>
      <trkpt lat="54.86138" lon="25.54705">
        <ele>147</ele>
        <time>2026-04-30T17:52:30+00:00</time>
      </trkpt>
      <trkpt lat="54.86132" lon="25.54709">
        <ele>134</ele>
        <time>2026-04-30T17:52:33+00:00</time>
      </trkpt>
      <trkpt lat="54.86128" lon="25.54714">
        <ele>134</ele>
        <time>2026-04-30T17:52:36+00:00</time>
      </trkpt>
      <trkpt lat="54.86116" lon="25.5473">
        <ele>147</ele>
        <time>2026-04-30T17:52:39+00:00</time>
      </trkpt>
      <trkpt lat="54.86112" lon="25.54735">
        <ele>133</ele>
        <time>2026-04-30T17:52:42+00:00</time>
      </trkpt>
      <trkpt lat="54.86109" lon="25.54736">
        <ele>133</ele>
        <time>2026-04-30T17:52:45+00:00</time>
      </trkpt>
      <trkpt lat="54.86106" lon="25.54736">
        <ele>133</ele>
        <time>2026-04-30T17:52:48+00:00</time>
      </trkpt>
      <trkpt lat="54.86098" lon="25.54734">
        <ele>138</ele>
        <time>2026-04-30T17:52:51+00:00</time>
      </trkpt>
      <trkpt lat="54.86089" lon="25.54728">
        <ele>133</ele>
        <time>2026-04-30T17:52:54+00:00</time>
      </trkpt>
      <trkpt lat="54.86076" lon="25.54711">
        <ele>138</ele>
        <time>2026-04-30T17:52:57+00:00</time>
      </trkpt>
      <trkpt lat="54.86071" lon="25.54704">
        <ele>133</ele>
        <time>2026-04-30T17:53:00+00:00</time>
      </trkpt>
      <trkpt lat="54.86069" lon="25.547">
        <ele>133</ele>
        <time>2026-04-30T17:53:03+00:00</time>
      </trkpt>
      <trkpt lat="54.86068" lon="25.54695">
        <ele>133</ele>
        <time>2026-04-30T17:53:06+00:00</time>
      </trkpt>
      <trkpt lat="54.86064" lon="25.54686">
        <ele>150</ele>
        <time>2026-04-30T17:53:09+00:00</time>
      </trkpt>
      <trkpt lat="54.86062" lon="25.54677">
        <ele>133</ele>
        <time>2026-04-30T17:53:12+00:00</time>
      </trkpt>
      <trkpt lat="54.86056" lon="25.54662">
        <ele>150</ele>
        <time>2026-04-30T17:53:15+00:00</time>
      </trkpt>
      <trkpt lat="54.86056" lon="25.54659">
        <ele>133</ele>
        <time>2026-04-30T17:53:18+00:00</time>
      </trkpt>
      <trkpt lat="54.86054" lon="25.54653">
        <ele>133</ele>
        <time>2026-04-30T17:53:21+00:00</time>
      </trkpt>
      <trkpt lat="54.86045" lon="25.54635">
        <ele>149</ele>
        <time>2026-04-30T17:53:24+00:00</time>
      </trkpt>
      <trkpt lat="54.86041" lon="25.54623">
        <ele>133</ele>
        <time>2026-04-30T17:53:27+00:00</time>
      </trkpt>
      <trkpt lat="54.86039" lon="25.54614">
        <ele>133</ele>
        <time>2026-04-30T17:53:30+00:00</time>
      </trkpt>
      <trkpt lat="54.86039" lon="25.54604">
        <ele>148</ele>
        <time>2026-04-30T17:53:33+00:00</time>
      </trkpt>
      <trkpt lat="54.8604" lon="25.54595">
        <ele>133</ele>
        <time>2026-04-30T17:53:36+00:00</time>
      </trkpt>
      <trkpt lat="54.8604" lon="25.54591">
        <ele>133</ele>
        <time>2026-04-30T17:53:39+00:00</time>
      </trkpt>
      <trkpt lat="54.86042" lon="25.54583">
        <ele>133</ele>
        <time>2026-04-30T17:53:42+00:00</time>
      </trkpt>
      <trkpt lat="54.86043" lon="25.54579">
        <ele>133</ele>
        <time>2026-04-30T17:53:45+00:00</time>
      </trkpt>
      <trkpt lat="54.86047" lon="25.54557">
        <ele>146</ele>
        <time>2026-04-30T17:53:48+00:00</time>
      </trkpt>
      <trkpt lat="54.86047" lon="25.54552">
        <ele>133</ele>
        <time>2026-04-30T17:53:51+00:00</time>
      </trkpt>
      <trkpt lat="54.86049" lon="25.54533">
        <ele>133</ele>
        <time>2026-04-30T17:53:54+00:00</time>
      </trkpt>
      <trkpt lat="54.86056" lon="25.54496">
        <ele>141</ele>
        <time>2026-04-30T17:53:57+00:00</time>
      </trkpt>
      <trkpt lat="54.86056" lon="25.54491">
        <ele>133</ele>
        <time>2026-04-30T17:54:00+00:00</time>
      </trkpt>
      <trkpt lat="54.86058" lon="25.54476">
        <ele>133</ele>
        <time>2026-04-30T17:54:03+00:00</time>
      </trkpt>
      <trkpt lat="54.86059" lon="25.54471">
        <ele>133</ele>
        <time>2026-04-30T17:54:06+00:00</time>
      </trkpt>
      <trkpt lat="54.8606" lon="25.54465">
        <ele>145</ele>
        <time>2026-04-30T17:54:09+00:00</time>
      </trkpt>
      <trkpt lat="54.86063" lon="25.54443">
        <ele>133</ele>
        <time>2026-04-30T17:54:12+00:00</time>
      </trkpt>
      <trkpt lat="54.86066" lon="25.54426">
        <ele>150</ele>
        <time>2026-04-30T17:54:15+00:00</time>
      </trkpt>
      <trkpt lat="54.86066" lon="25.5442">
        <ele>134</ele>
        <time>2026-04-30T17:54:18+00:00</time>
      </trkpt>
      <trkpt lat="54.86072" lon="25.54399">
        <ele>150</ele>
        <time>2026-04-30T17:54:21+00:00</time>
      </trkpt>
      <trkpt lat="54.86076" lon="25.54379">
        <ele>134</ele>
        <time>2026-04-30T17:54:24+00:00</time>
      </trkpt>
      <trkpt lat="54.86077" lon="25.54374">
        <ele>134</ele>
        <time>2026-04-30T17:54:27+00:00</time>
      </trkpt>
      <trkpt lat="54.86078" lon="25.54369">
        <ele>150</ele>
        <time>2026-04-30T17:54:30+00:00</time>
      </trkpt>
      <trkpt lat="54.86081" lon="25.54359">
        <ele>134</ele>
        <time>2026-04-30T17:54:33+00:00</time>
      </trkpt>
      <trkpt lat="54.86083" lon="25.54345">
        <ele>134</ele>
        <time>2026-04-30T17:54:36+00:00</time>
      </trkpt>
      <trkpt lat="54.86083" lon="25.54343">
        <ele>149</ele>
        <time>2026-04-30T17:54:39+00:00</time>
      </trkpt>
      <trkpt lat="54.86086" lon="25.54335">
        <ele>134</ele>
        <time>2026-04-30T17:54:42+00:00</time>
      </trkpt>
      <trkpt lat="54.86086" lon="25.54329">
        <ele>134</ele>
        <time>2026-04-30T17:54:45+00:00</time>
      </trkpt>
      <trkpt lat="54.86086" lon="25.54318">
        <ele>134</ele>
        <time>2026-04-30T17:54:48+00:00</time>
      </trkpt>
      <trkpt lat="54.86085" lon="25.54306">
        <ele>149</ele>
        <time>2026-04-30T17:54:51+00:00</time>
      </trkpt>
      <trkpt lat="54.86083" lon="25.54296">
        <ele>134</ele>
        <time>2026-04-30T17:54:54+00:00</time>
      </trkpt>
      <trkpt lat="54.86081" lon="25.54281">
        <ele>134</ele>
        <time>2026-04-30T17:54:57+00:00</time>
      </trkpt>
      <trkpt lat="54.86081" lon="25.54276">
        <ele>147</ele>
        <time>2026-04-30T17:55:00+00:00</time>
      </trkpt>
      <trkpt lat="54.86081" lon="25.54271">
        <ele>134</ele>
        <time>2026-04-30T17:55:03+00:00</time>
      </trkpt>
      <trkpt lat="54.8608" lon="25.54261">
        <ele>134</ele>
        <time>2026-04-30T17:55:06+00:00</time>
      </trkpt>
      <trkpt lat="54.86077" lon="25.54241">
        <ele>148</ele>
        <time>2026-04-30T17:55:09+00:00</time>
      </trkpt>
      <trkpt lat="54.86077" lon="25.54235">
        <ele>134</ele>
        <time>2026-04-30T17:55:12+00:00</time>
      </trkpt>
      <trkpt lat="54.86076" lon="25.5423">
        <ele>134</ele>
        <time>2026-04-30T17:55:15+00:00</time>
      </trkpt>
      <trkpt lat="54.86076" lon="25.54213">
        <ele>150</ele>
        <time>2026-04-30T17:55:18+00:00</time>
      </trkpt>
      <trkpt lat="54.86074" lon="25.54209">
        <ele>135</ele>
        <time>2026-04-30T17:55:21+00:00</time>
      </trkpt>
      <trkpt lat="54.86072" lon="25.54191">
        <ele>135</ele>
        <time>2026-04-30T17:55:24+00:00</time>
      </trkpt>
      <trkpt lat="54.86072" lon="25.5418">
        <ele>160</ele>
        <time>2026-04-30T17:55:27+00:00</time>
      </trkpt>
      <trkpt lat="54.86071" lon="25.54174">
        <ele>135</ele>
        <time>2026-04-30T17:55:30+00:00</time>
      </trkpt>
      <trkpt lat="54.86071" lon="25.54169">
        <ele>135</ele>
        <time>2026-04-30T17:55:33+00:00</time>
      </trkpt>
      <trkpt lat="54.86069" lon="25.54152">
        <ele>162</ele>
        <time>2026-04-30T17:55:36+00:00</time>
      </trkpt>
      <trkpt lat="54.86069" lon="25.54141">
        <ele>135</ele>
        <time>2026-04-30T17:55:39+00:00</time>
      </trkpt>
      <trkpt lat="54.86068" lon="25.54136">
        <ele>135</ele>
        <time>2026-04-30T17:55:42+00:00</time>
      </trkpt>
      <trkpt lat="54.86068" lon="25.54125">
        <ele>135</ele>
        <time>2026-04-30T17:55:45+00:00</time>
      </trkpt>
      <trkpt lat="54.86066" lon="25.54115">
        <ele>162</ele>
        <time>2026-04-30T17:55:48+00:00</time>
      </trkpt>
      <trkpt lat="54.86066" lon="25.5411">
        <ele>135</ele>
        <time>2026-04-30T17:55:51+00:00</time>
      </trkpt>
      <trkpt lat="54.86064" lon="25.54105">
        <ele>135</ele>
        <time>2026-04-30T17:55:54+00:00</time>
      </trkpt>
      <trkpt lat="54.86064" lon="25.541">
        <ele>134</ele>
        <time>2026-04-30T17:55:57+00:00</time>
      </trkpt>
      <trkpt lat="54.86064" lon="25.54079">
        <ele>163</ele>
        <time>2026-04-30T17:56:00+00:00</time>
      </trkpt>
      <trkpt lat="54.86062" lon="25.54064">
        <ele>134</ele>
        <time>2026-04-30T17:56:03+00:00</time>
      </trkpt>
      <trkpt lat="54.86062" lon="25.54053">
        <ele>134</ele>
        <time>2026-04-30T17:56:06+00:00</time>
      </trkpt>
      <trkpt lat="54.86061" lon="25.54048">
        <ele>164</ele>
        <time>2026-04-30T17:56:09+00:00</time>
      </trkpt>
      <trkpt lat="54.86061" lon="25.54043">
        <ele>134</ele>
        <time>2026-04-30T17:56:12+00:00</time>
      </trkpt>
      <trkpt lat="54.86061" lon="25.54039">
        <ele>134</ele>
        <time>2026-04-30T17:56:15+00:00</time>
      </trkpt>
      <trkpt lat="54.8606" lon="25.54021">
        <ele>134</ele>
        <time>2026-04-30T17:56:18+00:00</time>
      </trkpt>
      <trkpt lat="54.86059" lon="25.54008">
        <ele>164</ele>
        <time>2026-04-30T17:56:21+00:00</time>
      </trkpt>
      <trkpt lat="54.86058" lon="25.53997">
        <ele>135</ele>
        <time>2026-04-30T17:56:24+00:00</time>
      </trkpt>
      <trkpt lat="54.86057" lon="25.53987">
        <ele>135</ele>
        <time>2026-04-30T17:56:27+00:00</time>
      </trkpt>
      <trkpt lat="54.86057" lon="25.53983">
        <ele>135</ele>
        <time>2026-04-30T17:56:30+00:00</time>
      </trkpt>
      <trkpt lat="54.86056" lon="25.53978">
        <ele>164</ele>
        <time>2026-04-30T17:56:33+00:00</time>
      </trkpt>
      <trkpt lat="54.86056" lon="25.53968">
        <ele>134</ele>
        <time>2026-04-30T17:56:36+00:00</time>
      </trkpt>
      <trkpt lat="54.86055" lon="25.53963">
        <ele>134</ele>
        <time>2026-04-30T17:56:39+00:00</time>
      </trkpt>
      <trkpt lat="54.86055" lon="25.53958">
        <ele>134</ele>
        <time>2026-04-30T17:56:42+00:00</time>
      </trkpt>
      <trkpt lat="54.86054" lon="25.53953">
        <ele>134</ele>
        <time>2026-04-30T17:56:45+00:00</time>
      </trkpt>
      <trkpt lat="54.86054" lon="25.53943">
        <ele>157</ele>
        <time>2026-04-30T17:56:48+00:00</time>
      </trkpt>
      <trkpt lat="54.86052" lon="25.53934">
        <ele>134</ele>
        <time>2026-04-30T17:56:51+00:00</time>
      </trkpt>
      <trkpt lat="54.86052" lon="25.53932">
        <ele>134</ele>
        <time>2026-04-30T17:56:54+00:00</time>
      </trkpt>
      <trkpt lat="54.86051" lon="25.53928">
        <ele>134</ele>
        <time>2026-04-30T17:56:57+00:00</time>
      </trkpt>
      <trkpt lat="54.86051" lon="25.53925">
        <ele>134</ele>
        <time>2026-04-30T17:57:00+00:00</time>
      </trkpt>
      <trkpt lat="54.86047" lon="25.53897">
        <ele>151</ele>
        <time>2026-04-30T17:57:03+00:00</time>
      </trkpt>
      <trkpt lat="54.86047" lon="25.53892">
        <ele>134</ele>
        <time>2026-04-30T17:57:06+00:00</time>
      </trkpt>
      <trkpt lat="54.86047" lon="25.53887">
        <ele>134</ele>
        <time>2026-04-30T17:57:09+00:00</time>
      </trkpt>
      <trkpt lat="54.86047" lon="25.53872">
        <ele>134</ele>
        <time>2026-04-30T17:57:12+00:00</time>
      </trkpt>
      <trkpt lat="54.86046" lon="25.53867">
        <ele>151</ele>
        <time>2026-04-30T17:57:15+00:00</time>
      </trkpt>
      <trkpt lat="54.86043" lon="25.53841">
        <ele>134</ele>
        <time>2026-04-30T17:57:18+00:00</time>
      </trkpt>
      <trkpt lat="54.86042" lon="25.53836">
        <ele>152</ele>
        <time>2026-04-30T17:57:21+00:00</time>
      </trkpt>
      <trkpt lat="54.86042" lon="25.53831">
        <ele>134</ele>
        <time>2026-04-30T17:57:24+00:00</time>
      </trkpt>
      <trkpt lat="54.8604" lon="25.53822">
        <ele>134</ele>
        <time>2026-04-30T17:57:27+00:00</time>
      </trkpt>
      <trkpt lat="54.8604" lon="25.53819">
        <ele>134</ele>
        <time>2026-04-30T17:57:30+00:00</time>
      </trkpt>
      <trkpt lat="54.86038" lon="25.53803">
        <ele>153</ele>
        <time>2026-04-30T17:57:33+00:00</time>
      </trkpt>
      <trkpt lat="54.86038" lon="25.53798">
        <ele>134</ele>
        <time>2026-04-30T17:57:36+00:00</time>
      </trkpt>
      <trkpt lat="54.86036" lon="25.53789">
        <ele>135</ele>
        <time>2026-04-30T17:57:39+00:00</time>
      </trkpt>
      <trkpt lat="54.86036" lon="25.53775">
        <ele>156</ele>
        <time>2026-04-30T17:57:42+00:00</time>
      </trkpt>
      <trkpt lat="54.86034" lon="25.5376">
        <ele>135</ele>
        <time>2026-04-30T17:57:45+00:00</time>
      </trkpt>
      <trkpt lat="54.86034" lon="25.5375">
        <ele>135</ele>
        <time>2026-04-30T17:57:48+00:00</time>
      </trkpt>
      <trkpt lat="54.86027" lon="25.5369">
        <ele>156</ele>
        <time>2026-04-30T17:57:51+00:00</time>
      </trkpt>
      <trkpt lat="54.86026" lon="25.5368">
        <ele>135</ele>
        <time>2026-04-30T17:57:54+00:00</time>
      </trkpt>
      <trkpt lat="54.86026" lon="25.53664">
        <ele>135</ele>
        <time>2026-04-30T17:57:57+00:00</time>
      </trkpt>
      <trkpt lat="54.86027" lon="25.53659">
        <ele>156</ele>
        <time>2026-04-30T17:58:00+00:00</time>
      </trkpt>
      <trkpt lat="54.86026" lon="25.53654">
        <ele>135</ele>
        <time>2026-04-30T17:58:03+00:00</time>
      </trkpt>
      <trkpt lat="54.86026" lon="25.53639">
        <ele>135</ele>
        <time>2026-04-30T17:58:06+00:00</time>
      </trkpt>
      <trkpt lat="54.86026" lon="25.53633">
        <ele>135</ele>
        <time>2026-04-30T17:58:09+00:00</time>
      </trkpt>
      <trkpt lat="54.86026" lon="25.53628">
        <ele>156</ele>
        <time>2026-04-30T17:58:12+00:00</time>
      </trkpt>
      <trkpt lat="54.86023" lon="25.53612">
        <ele>135</ele>
        <time>2026-04-30T17:58:15+00:00</time>
      </trkpt>
      <trkpt lat="54.86023" lon="25.53595">
        <ele>158</ele>
        <time>2026-04-30T17:58:18+00:00</time>
      </trkpt>
      <trkpt lat="54.86021" lon="25.53585">
        <ele>135</ele>
        <time>2026-04-30T17:58:21+00:00</time>
      </trkpt>
      <trkpt lat="54.86021" lon="25.53574">
        <ele>135</ele>
        <time>2026-04-30T17:58:24+00:00</time>
      </trkpt>
      <trkpt lat="54.8602" lon="25.53569">
        <ele>158</ele>
        <time>2026-04-30T17:58:27+00:00</time>
      </trkpt>
      <trkpt lat="54.8602" lon="25.53558">
        <ele>135</ele>
        <time>2026-04-30T17:58:30+00:00</time>
      </trkpt>
      <trkpt lat="54.86018" lon="25.53547">
        <ele>135</ele>
        <time>2026-04-30T17:58:33+00:00</time>
      </trkpt>
      <trkpt lat="54.86013" lon="25.53522">
        <ele>155</ele>
        <time>2026-04-30T17:58:36+00:00</time>
      </trkpt>
      <trkpt lat="54.86012" lon="25.53509">
        <ele>135</ele>
        <time>2026-04-30T17:58:39+00:00</time>
      </trkpt>
      <trkpt lat="54.8601" lon="25.53492">
        <ele>152</ele>
        <time>2026-04-30T17:58:42+00:00</time>
      </trkpt>
      <trkpt lat="54.8601" lon="25.53481">
        <ele>135</ele>
        <time>2026-04-30T17:58:45+00:00</time>
      </trkpt>
      <trkpt lat="54.86009" lon="25.53476">
        <ele>135</ele>
        <time>2026-04-30T17:58:48+00:00</time>
      </trkpt>
      <trkpt lat="54.86008" lon="25.53455">
        <ele>146</ele>
        <time>2026-04-30T17:58:51+00:00</time>
      </trkpt>
      <trkpt lat="54.86007" lon="25.53444">
        <ele>134</ele>
        <time>2026-04-30T17:58:54+00:00</time>
      </trkpt>
      <trkpt lat="54.86006" lon="25.53439">
        <ele>134</ele>
        <time>2026-04-30T17:58:57+00:00</time>
      </trkpt>
      <trkpt lat="54.86002" lon="25.53414">
        <ele>146</ele>
        <time>2026-04-30T17:59:00+00:00</time>
      </trkpt>
      <trkpt lat="54.86" lon="25.53407">
        <ele>134</ele>
        <time>2026-04-30T17:59:03+00:00</time>
      </trkpt>
      <trkpt lat="54.85998" lon="25.53404">
        <ele>134</ele>
        <time>2026-04-30T17:59:06+00:00</time>
      </trkpt>
      <trkpt lat="54.85994" lon="25.53398">
        <ele>134</ele>
        <time>2026-04-30T17:59:09+00:00</time>
      </trkpt>
      <trkpt lat="54.85987" lon="25.53392">
        <ele>150</ele>
        <time>2026-04-30T17:59:12+00:00</time>
      </trkpt>
      <trkpt lat="54.85979" lon="25.53387">
        <ele>134</ele>
        <time>2026-04-30T17:59:15+00:00</time>
      </trkpt>
      <trkpt lat="54.85967" lon="25.53383">
        <ele>150</ele>
        <time>2026-04-30T17:59:18+00:00</time>
      </trkpt>
      <trkpt lat="54.85937" lon="25.53366">
        <ele>164</ele>
        <time>2026-04-30T17:59:21+00:00</time>
      </trkpt>
      <trkpt lat="54.85922" lon="25.53357">
        <ele>164</ele>
        <time>2026-04-30T17:59:24+00:00</time>
      </trkpt>
      <trkpt lat="54.85906" lon="25.53344">
        <ele>172</ele>
        <time>2026-04-30T17:59:27+00:00</time>
      </trkpt>
      <trkpt lat="54.85902" lon="25.53341">
        <ele>134</ele>
        <time>2026-04-30T17:59:30+00:00</time>
      </trkpt>
      <trkpt lat="54.85876" lon="25.53326">
        <ele>173</ele>
        <time>2026-04-30T17:59:33+00:00</time>
      </trkpt>
      <trkpt lat="54.85839" lon="25.53308">
        <ele>175</ele>
        <time>2026-04-30T17:59:36+00:00</time>
      </trkpt>
      <trkpt lat="54.85816" lon="25.53299">
        <ele>175</ele>
        <time>2026-04-30T17:59:39+00:00</time>
      </trkpt>
      <trkpt lat="54.85793" lon="25.53284">
        <ele>174</ele>
        <time>2026-04-30T17:59:42+00:00</time>
      </trkpt>
      <trkpt lat="54.85783" lon="25.53277">
        <ele>134</ele>
        <time>2026-04-30T17:59:45+00:00</time>
      </trkpt>
      <trkpt lat="54.8577" lon="25.53266">
        <ele>174</ele>
        <time>2026-04-30T17:59:48+00:00</time>
      </trkpt>
      <trkpt lat="54.85751" lon="25.53255">
        <ele>176</ele>
        <time>2026-04-30T17:59:51+00:00</time>
      </trkpt>
      <trkpt lat="54.85716" lon="25.53238">
        <ele>173</ele>
        <time>2026-04-30T17:59:54+00:00</time>
      </trkpt>
      <trkpt lat="54.85698" lon="25.53226">
        <ele>171</ele>
        <time>2026-04-30T17:59:57+00:00</time>
      </trkpt>
      <trkpt lat="54.85679" lon="25.53214">
        <ele>170</ele>
        <time>2026-04-30T18:00:00+00:00</time>
      </trkpt>
      <trkpt lat="54.85672" lon="25.5321">
        <ele>132</ele>
        <time>2026-04-30T18:00:03+00:00</time>
      </trkpt>
      <trkpt lat="54.85657" lon="25.53199">
        <ele>166</ele>
        <time>2026-04-30T18:00:06+00:00</time>
      </trkpt>
      <trkpt lat="54.85641" lon="25.53191">
        <ele>166</ele>
        <time>2026-04-30T18:00:09+00:00</time>
      </trkpt>
      <trkpt lat="54.85611" lon="25.53174">
        <ele>173</ele>
        <time>2026-04-30T18:00:12+00:00</time>
      </trkpt>
      <trkpt lat="54.85596" lon="25.53164">
        <ele>173</ele>
        <time>2026-04-30T18:00:15+00:00</time>
      </trkpt>
      <trkpt lat="54.85588" lon="25.5316">
        <ele>131</ele>
        <time>2026-04-30T18:00:18+00:00</time>
      </trkpt>
      <trkpt lat="54.85562" lon="25.53142">
        <ele>178</ele>
        <time>2026-04-30T18:00:21+00:00</time>
      </trkpt>
      <trkpt lat="54.85551" lon="25.53137">
        <ele>131</ele>
        <time>2026-04-30T18:00:24+00:00</time>
      </trkpt>
      <trkpt lat="54.85535" lon="25.53125">
        <ele>179</ele>
        <time>2026-04-30T18:00:27+00:00</time>
      </trkpt>
      <trkpt lat="54.85525" lon="25.53119">
        <ele>131</ele>
        <time>2026-04-30T18:00:30+00:00</time>
      </trkpt>
      <trkpt lat="54.85496" lon="25.53106">
        <ele>173</ele>
        <time>2026-04-30T18:00:33+00:00</time>
      </trkpt>
      <trkpt lat="54.85486" lon="25.53101">
        <ele>131</ele>
        <time>2026-04-30T18:00:36+00:00</time>
      </trkpt>
      <trkpt lat="54.85476" lon="25.53094">
        <ele>167</ele>
        <time>2026-04-30T18:00:39+00:00</time>
      </trkpt>
      <trkpt lat="54.85471" lon="25.53089">
        <ele>131</ele>
        <time>2026-04-30T18:00:42+00:00</time>
      </trkpt>
      <trkpt lat="54.85468" lon="25.53085">
        <ele>131</ele>
        <time>2026-04-30T18:00:45+00:00</time>
      </trkpt>
      <trkpt lat="54.85466" lon="25.5308">
        <ele>131</ele>
        <time>2026-04-30T18:00:48+00:00</time>
      </trkpt>
      <trkpt lat="54.85465" lon="25.53074">
        <ele>167</ele>
        <time>2026-04-30T18:00:51+00:00</time>
      </trkpt>
      <trkpt lat="54.85463" lon="25.53047">
        <ele>168</ele>
        <time>2026-04-30T18:00:54+00:00</time>
      </trkpt>
      <trkpt lat="54.85461" lon="25.5304">
        <ele>131</ele>
        <time>2026-04-30T18:00:57+00:00</time>
      </trkpt>
      <trkpt lat="54.85461" lon="25.53028">
        <ele>131</ele>
        <time>2026-04-30T18:01:00+00:00</time>
      </trkpt>
      <trkpt lat="54.8546" lon="25.53022">
        <ele>131</ele>
        <time>2026-04-30T18:01:03+00:00</time>
      </trkpt>
      <trkpt lat="54.85461" lon="25.53015">
        <ele>169</ele>
        <time>2026-04-30T18:01:06+00:00</time>
      </trkpt>
      <trkpt lat="54.85461" lon="25.53003">
        <ele>131</ele>
        <time>2026-04-30T18:01:09+00:00</time>
      </trkpt>
      <trkpt lat="54.85459" lon="25.52991">
        <ele>131</ele>
        <time>2026-04-30T18:01:12+00:00</time>
      </trkpt>
      <trkpt lat="54.85459" lon="25.52984">
        <ele>169</ele>
        <time>2026-04-30T18:01:15+00:00</time>
      </trkpt>
      <trkpt lat="54.85456" lon="25.52963">
        <ele>131</ele>
        <time>2026-04-30T18:01:18+00:00</time>
      </trkpt>
      <trkpt lat="54.85456" lon="25.52942">
        <ele>174</ele>
        <time>2026-04-30T18:01:21+00:00</time>
      </trkpt>
      <trkpt lat="54.85455" lon="25.52936">
        <ele>131</ele>
        <time>2026-04-30T18:01:24+00:00</time>
      </trkpt>
      <trkpt lat="54.85455" lon="25.52929">
        <ele>131</ele>
        <time>2026-04-30T18:01:27+00:00</time>
      </trkpt>
      <trkpt lat="54.85454" lon="25.52916">
        <ele>131</ele>
        <time>2026-04-30T18:01:30+00:00</time>
      </trkpt>
      <trkpt lat="54.85453" lon="25.52903">
        <ele>179</ele>
        <time>2026-04-30T18:01:33+00:00</time>
      </trkpt>
      <trkpt lat="54.85452" lon="25.5289">
        <ele>130</ele>
        <time>2026-04-30T18:01:36+00:00</time>
      </trkpt>
      <trkpt lat="54.85451" lon="25.52876">
        <ele>184</ele>
        <time>2026-04-30T18:01:39+00:00</time>
      </trkpt>
      <trkpt lat="54.8545" lon="25.52869">
        <ele>130</ele>
        <time>2026-04-30T18:01:42+00:00</time>
      </trkpt>
      <trkpt lat="54.85449" lon="25.52855">
        <ele>130</ele>
        <time>2026-04-30T18:01:45+00:00</time>
      </trkpt>
      <trkpt lat="54.85448" lon="25.52848">
        <ele>189</ele>
        <time>2026-04-30T18:01:48+00:00</time>
      </trkpt>
      <trkpt lat="54.85446" lon="25.52828">
        <ele>130</ele>
        <time>2026-04-30T18:01:51+00:00</time>
      </trkpt>
      <trkpt lat="54.85445" lon="25.52821">
        <ele>189</ele>
        <time>2026-04-30T18:01:54+00:00</time>
      </trkpt>
      <trkpt lat="54.85441" lon="25.52775">
        <ele>188</ele>
        <time>2026-04-30T18:01:57+00:00</time>
      </trkpt>
      <trkpt lat="54.85441" lon="25.52767">
        <ele>129</ele>
        <time>2026-04-30T18:02:00+00:00</time>
      </trkpt>
      <trkpt lat="54.8544" lon="25.52752">
        <ele>129</ele>
        <time>2026-04-30T18:02:03+00:00</time>
      </trkpt>
      <trkpt lat="54.85437" lon="25.52719">
        <ele>187</ele>
        <time>2026-04-30T18:02:06+00:00</time>
      </trkpt>
      <trkpt lat="54.85435" lon="25.52695">
        <ele>128</ele>
        <time>2026-04-30T18:02:09+00:00</time>
      </trkpt>
      <trkpt lat="54.85426" lon="25.5263">
        <ele>182</ele>
        <time>2026-04-30T18:02:12+00:00</time>
      </trkpt>
      <trkpt lat="54.85425" lon="25.52615">
        <ele>128</ele>
        <time>2026-04-30T18:02:15+00:00</time>
      </trkpt>
      <trkpt lat="54.85423" lon="25.52608">
        <ele>128</ele>
        <time>2026-04-30T18:02:18+00:00</time>
      </trkpt>
      <trkpt lat="54.85421" lon="25.52588">
        <ele>179</ele>
        <time>2026-04-30T18:02:21+00:00</time>
      </trkpt>
      <trkpt lat="54.85421" lon="25.52575">
        <ele>128</ele>
        <time>2026-04-30T18:02:24+00:00</time>
      </trkpt>
      <trkpt lat="54.8542" lon="25.52569">
        <ele>128</ele>
        <time>2026-04-30T18:02:27+00:00</time>
      </trkpt>
      <trkpt lat="54.8542" lon="25.52563">
        <ele>128</ele>
        <time>2026-04-30T18:02:30+00:00</time>
      </trkpt>
      <trkpt lat="54.85419" lon="25.52557">
        <ele>173</ele>
        <time>2026-04-30T18:02:33+00:00</time>
      </trkpt>
      <trkpt lat="54.85419" lon="25.52551">
        <ele>128</ele>
        <time>2026-04-30T18:02:36+00:00</time>
      </trkpt>
      <trkpt lat="54.85418" lon="25.5254">
        <ele>128</ele>
        <time>2026-04-30T18:02:39+00:00</time>
      </trkpt>
      <trkpt lat="54.85416" lon="25.52521">
        <ele>168</ele>
        <time>2026-04-30T18:02:42+00:00</time>
      </trkpt>
      <trkpt lat="54.85414" lon="25.52503">
        <ele>129</ele>
        <time>2026-04-30T18:02:45+00:00</time>
      </trkpt>
      <trkpt lat="54.85409" lon="25.52473">
        <ele>160</ele>
        <time>2026-04-30T18:02:48+00:00</time>
      </trkpt>
      <trkpt lat="54.85405" lon="25.52443">
        <ele>152</ele>
        <time>2026-04-30T18:02:51+00:00</time>
      </trkpt>
      <trkpt lat="54.85405" lon="25.52424">
        <ele>129</ele>
        <time>2026-04-30T18:02:54+00:00</time>
      </trkpt>
      <trkpt lat="54.85405" lon="25.52399">
        <ele>151</ele>
        <time>2026-04-30T18:02:57+00:00</time>
      </trkpt>
      <trkpt lat="54.85406" lon="25.52397">
        <ele>130</ele>
        <time>2026-04-30T18:03:00+00:00</time>
      </trkpt>
      <trkpt lat="54.8541" lon="25.52395">
        <ele>130</ele>
        <time>2026-04-30T18:03:03+00:00</time>
      </trkpt>
      <trkpt lat="54.85417" lon="25.52393">
        <ele>130</ele>
        <time>2026-04-30T18:03:06+00:00</time>
      </trkpt>
      <trkpt lat="54.85433" lon="25.52391">
        <ele>149</ele>
        <time>2026-04-30T18:03:09+00:00</time>
      </trkpt>
      <trkpt lat="54.85457" lon="25.52381">
        <ele>148</ele>
        <time>2026-04-30T18:03:12+00:00</time>
      </trkpt>
      <trkpt lat="54.85476" lon="25.52377">
        <ele>145</ele>
        <time>2026-04-30T18:03:15+00:00</time>
      </trkpt>
      <trkpt lat="54.8548" lon="25.52377">
        <ele>132</ele>
        <time>2026-04-30T18:03:18+00:00</time>
      </trkpt>
      <trkpt lat="54.85508" lon="25.52371">
        <ele>144</ele>
        <time>2026-04-30T18:03:21+00:00</time>
      </trkpt>
      <trkpt lat="54.85528" lon="25.5236">
        <ele>143</ele>
        <time>2026-04-30T18:03:24+00:00</time>
      </trkpt>
      <trkpt lat="54.85535" lon="25.52358">
        <ele>133</ele>
        <time>2026-04-30T18:03:27+00:00</time>
      </trkpt>
      <trkpt lat="54.85544" lon="25.52357">
        <ele>143</ele>
        <time>2026-04-30T18:03:30+00:00</time>
      </trkpt>
      <trkpt lat="54.85554" lon="25.52351">
        <ele>133</ele>
        <time>2026-04-30T18:03:33+00:00</time>
      </trkpt>
      <trkpt lat="54.85561" lon="25.52349">
        <ele>145</ele>
        <time>2026-04-30T18:03:36+00:00</time>
      </trkpt>
      <trkpt lat="54.85567" lon="25.52349">
        <ele>133</ele>
        <time>2026-04-30T18:03:39+00:00</time>
      </trkpt>
      <trkpt lat="54.85572" lon="25.5235">
        <ele>133</ele>
        <time>2026-04-30T18:03:42+00:00</time>
      </trkpt>
      <trkpt lat="54.85596" lon="25.52359">
        <ele>147</ele>
        <time>2026-04-30T18:03:45+00:00</time>
      </trkpt>
      <trkpt lat="54.85601" lon="25.5236">
        <ele>134</ele>
        <time>2026-04-30T18:03:48+00:00</time>
      </trkpt>
      <trkpt lat="54.85614" lon="25.52357">
        <ele>147</ele>
        <time>2026-04-30T18:03:51+00:00</time>
      </trkpt>
      <trkpt lat="54.85623" lon="25.52359">
        <ele>134</ele>
        <time>2026-04-30T18:03:54+00:00</time>
      </trkpt>
      <trkpt lat="54.85625" lon="25.5236">
        <ele>134</ele>
        <time>2026-04-30T18:03:57+00:00</time>
      </trkpt>
      <trkpt lat="54.8564" lon="25.5236">
        <ele>139</ele>
        <time>2026-04-30T18:04:00+00:00</time>
      </trkpt>
      <trkpt lat="54.85643" lon="25.52359">
        <ele>134</ele>
        <time>2026-04-30T18:04:03+00:00</time>
      </trkpt>
      <trkpt lat="54.85652" lon="25.52354">
        <ele>134</ele>
        <time>2026-04-30T18:04:06+00:00</time>
      </trkpt>
      <trkpt lat="54.85657" lon="25.52349">
        <ele>139</ele>
        <time>2026-04-30T18:04:09+00:00</time>
      </trkpt>
      <trkpt lat="54.85663" lon="25.5234">
        <ele>134</ele>
        <time>2026-04-30T18:04:12+00:00</time>
      </trkpt>
      <trkpt lat="54.85667" lon="25.52331">
        <ele>134</ele>
        <time>2026-04-30T18:04:15+00:00</time>
      </trkpt>
      <trkpt lat="54.85672" lon="25.52311">
        <ele>138</ele>
        <time>2026-04-30T18:04:18+00:00</time>
      </trkpt>
      <trkpt lat="54.85672" lon="25.52308">
        <ele>134</ele>
        <time>2026-04-30T18:04:21+00:00</time>
      </trkpt>
      <trkpt lat="54.85666" lon="25.52301">
        <ele>133</ele>
        <time>2026-04-30T18:04:24+00:00</time>
      </trkpt>
      <trkpt lat="54.85663" lon="25.52289">
        <ele>138</ele>
        <time>2026-04-30T18:04:27+00:00</time>
      </trkpt>
      <trkpt lat="54.85667" lon="25.5228">
        <ele>133</ele>
        <time>2026-04-30T18:04:30+00:00</time>
      </trkpt>
      <trkpt lat="54.8567" lon="25.52265">
        <ele>140</ele>
        <time>2026-04-30T18:04:33+00:00</time>
      </trkpt>
      <trkpt lat="54.85672" lon="25.52256">
        <ele>133</ele>
        <time>2026-04-30T18:04:36+00:00</time>
      </trkpt>
      <trkpt lat="54.85672" lon="25.52252">
        <ele>133</ele>
        <time>2026-04-30T18:04:39+00:00</time>
      </trkpt>
      <trkpt lat="54.85677" lon="25.5222">
        <ele>143</ele>
        <time>2026-04-30T18:04:42+00:00</time>
      </trkpt>
      <trkpt lat="54.85677" lon="25.52211">
        <ele>133</ele>
        <time>2026-04-30T18:04:45+00:00</time>
      </trkpt>
      <trkpt lat="54.85678" lon="25.52207">
        <ele>133</ele>
        <time>2026-04-30T18:04:48+00:00</time>
      </trkpt>
      <trkpt lat="54.85678" lon="25.52203">
        <ele>133</ele>
        <time>2026-04-30T18:04:51+00:00</time>
      </trkpt>
      <trkpt lat="54.85679" lon="25.52195">
        <ele>133</ele>
        <time>2026-04-30T18:04:54+00:00</time>
      </trkpt>
      <trkpt lat="54.85683" lon="25.52179">
        <ele>158</ele>
        <time>2026-04-30T18:04:57+00:00</time>
      </trkpt>
      <trkpt lat="54.85686" lon="25.52162">
        <ele>133</ele>
        <time>2026-04-30T18:05:00+00:00</time>
      </trkpt>
      <trkpt lat="54.85686" lon="25.52156">
        <ele>133</ele>
        <time>2026-04-30T18:05:03+00:00</time>
      </trkpt>
      <trkpt lat="54.85686" lon="25.52152">
        <ele>159</ele>
        <time>2026-04-30T18:05:06+00:00</time>
      </trkpt>
      <trkpt lat="54.85687" lon="25.52138">
        <ele>133</ele>
        <time>2026-04-30T18:05:09+00:00</time>
      </trkpt>
      <trkpt lat="54.85688" lon="25.52124">
        <ele>161</ele>
        <time>2026-04-30T18:05:12+00:00</time>
      </trkpt>
      <trkpt lat="54.85688" lon="25.52118">
        <ele>132</ele>
        <time>2026-04-30T18:05:15+00:00</time>
      </trkpt>
      <trkpt lat="54.85693" lon="25.52094">
        <ele>164</ele>
        <time>2026-04-30T18:05:18+00:00</time>
      </trkpt>
      <trkpt lat="54.85695" lon="25.5208">
        <ele>131</ele>
        <time>2026-04-30T18:05:21+00:00</time>
      </trkpt>
      <trkpt lat="54.85695" lon="25.52068">
        <ele>131</ele>
        <time>2026-04-30T18:05:24+00:00</time>
      </trkpt>
      <trkpt lat="54.85697" lon="25.52065">
        <ele>165</ele>
        <time>2026-04-30T18:05:27+00:00</time>
      </trkpt>
      <trkpt lat="54.85697" lon="25.52062">
        <ele>130</ele>
        <time>2026-04-30T18:05:30+00:00</time>
      </trkpt>
      <trkpt lat="54.85699" lon="25.52057">
        <ele>130</ele>
        <time>2026-04-30T18:05:33+00:00</time>
      </trkpt>
      <trkpt lat="54.857" lon="25.52049">
        <ele>130</ele>
        <time>2026-04-30T18:05:36+00:00</time>
      </trkpt>
      <trkpt lat="54.85701" lon="25.52044">
        <ele>130</ele>
        <time>2026-04-30T18:05:39+00:00</time>
      </trkpt>
      <trkpt lat="54.85702" lon="25.52035">
        <ele>166</ele>
        <time>2026-04-30T18:05:42+00:00</time>
      </trkpt>
      <trkpt lat="54.85702" lon="25.52024">
        <ele>130</ele>
        <time>2026-04-30T18:05:45+00:00</time>
      </trkpt>
      <trkpt lat="54.85702" lon="25.52019">
        <ele>130</ele>
        <time>2026-04-30T18:05:48+00:00</time>
      </trkpt>
      <trkpt lat="54.85703" lon="25.52009">
        <ele>129</ele>
        <time>2026-04-30T18:05:51+00:00</time>
      </trkpt>
      <trkpt lat="54.85704" lon="25.52003">
        <ele>165</ele>
        <time>2026-04-30T18:05:54+00:00</time>
      </trkpt>
      <trkpt lat="54.85704" lon="25.51986">
        <ele>128</ele>
        <time>2026-04-30T18:05:57+00:00</time>
      </trkpt>
      <trkpt lat="54.85704" lon="25.5198">
        <ele>128</ele>
        <time>2026-04-30T18:06:00+00:00</time>
      </trkpt>
      <trkpt lat="54.85704" lon="25.51974">
        <ele>164</ele>
        <time>2026-04-30T18:06:03+00:00</time>
      </trkpt>
      <trkpt lat="54.85704" lon="25.51968">
        <ele>128</ele>
        <time>2026-04-30T18:06:06+00:00</time>
      </trkpt>
      <trkpt lat="54.85703" lon="25.51962">
        <ele>128</ele>
        <time>2026-04-30T18:06:09+00:00</time>
      </trkpt>
      <trkpt lat="54.85699" lon="25.51939">
        <ele>160</ele>
        <time>2026-04-30T18:06:12+00:00</time>
      </trkpt>
      <trkpt lat="54.85697" lon="25.51928">
        <ele>128</ele>
        <time>2026-04-30T18:06:15+00:00</time>
      </trkpt>
      <trkpt lat="54.85691" lon="25.51907">
        <ele>160</ele>
        <time>2026-04-30T18:06:18+00:00</time>
      </trkpt>
      <trkpt lat="54.85689" lon="25.51902">
        <ele>128</ele>
        <time>2026-04-30T18:06:21+00:00</time>
      </trkpt>
      <trkpt lat="54.85688" lon="25.51898">
        <ele>128</ele>
        <time>2026-04-30T18:06:24+00:00</time>
      </trkpt>
      <trkpt lat="54.85682" lon="25.5188">
        <ele>154</ele>
        <time>2026-04-30T18:06:27+00:00</time>
      </trkpt>
      <trkpt lat="54.85679" lon="25.51863">
        <ele>128</ele>
        <time>2026-04-30T18:06:30+00:00</time>
      </trkpt>
      <trkpt lat="54.85679" lon="25.51857">
        <ele>128</ele>
        <time>2026-04-30T18:06:33+00:00</time>
      </trkpt>
      <trkpt lat="54.85677" lon="25.51852">
        <ele>149</ele>
        <time>2026-04-30T18:06:36+00:00</time>
      </trkpt>
      <trkpt lat="54.85677" lon="25.51847">
        <ele>127</ele>
        <time>2026-04-30T18:06:39+00:00</time>
      </trkpt>
      <trkpt lat="54.85673" lon="25.51832">
        <ele>127</ele>
        <time>2026-04-30T18:06:42+00:00</time>
      </trkpt>
      <trkpt lat="54.85672" lon="25.51823">
        <ele>141</ele>
        <time>2026-04-30T18:06:45+00:00</time>
      </trkpt>
      <trkpt lat="54.85672" lon="25.51818">
        <ele>127</ele>
        <time>2026-04-30T18:06:48+00:00</time>
      </trkpt>
      <trkpt lat="54.85672" lon="25.51814">
        <ele>127</ele>
        <time>2026-04-30T18:06:51+00:00</time>
      </trkpt>
      <trkpt lat="54.85672" lon="25.51806">
        <ele>127</ele>
        <time>2026-04-30T18:06:54+00:00</time>
      </trkpt>
      <trkpt lat="54.85672" lon="25.51803">
        <ele>127</ele>
        <time>2026-04-30T18:06:57+00:00</time>
      </trkpt>
      <trkpt lat="54.85669" lon="25.51802">
        <ele>127</ele>
        <time>2026-04-30T18:07:00+00:00</time>
      </trkpt>
      <trkpt lat="54.85662" lon="25.51803">
        <ele>141</ele>
        <time>2026-04-30T18:07:03+00:00</time>
      </trkpt>
      <trkpt lat="54.85659" lon="25.51803">
        <ele>127</ele>
        <time>2026-04-30T18:07:06+00:00</time>
      </trkpt>
      <trkpt lat="54.85647" lon="25.51794">
        <ele>138</ele>
        <time>2026-04-30T18:07:09+00:00</time>
      </trkpt>
      <trkpt lat="54.85643" lon="25.51793">
        <ele>127</ele>
        <time>2026-04-30T18:07:12+00:00</time>
      </trkpt>
      <trkpt lat="54.85638" lon="25.51793">
        <ele>127</ele>
        <time>2026-04-30T18:07:15+00:00</time>
      </trkpt>
      <trkpt lat="54.85625" lon="25.51796">
        <ele>136</ele>
        <time>2026-04-30T18:07:18+00:00</time>
      </trkpt>
      <trkpt lat="54.8562" lon="25.51795">
        <ele>127</ele>
        <time>2026-04-30T18:07:21+00:00</time>
      </trkpt>
      <trkpt lat="54.85613" lon="25.51792">
        <ele>127</ele>
        <time>2026-04-30T18:07:24+00:00</time>
      </trkpt>
      <trkpt lat="54.85604" lon="25.51787">
        <ele>136</ele>
        <time>2026-04-30T18:07:27+00:00</time>
      </trkpt>
      <trkpt lat="54.85593" lon="25.51777">
        <ele>127</ele>
        <time>2026-04-30T18:07:30+00:00</time>
      </trkpt>
      <trkpt lat="54.85591" lon="25.51776">
        <ele>127</ele>
        <time>2026-04-30T18:07:33+00:00</time>
      </trkpt>
      <trkpt lat="54.85589" lon="25.51777">
        <ele>136</ele>
        <time>2026-04-30T18:07:36+00:00</time>
      </trkpt>
      <trkpt lat="54.85588" lon="25.51774">
        <ele>127</ele>
        <time>2026-04-30T18:07:39+00:00</time>
      </trkpt>
      <trkpt lat="54.85588" lon="25.51772">
        <ele>126</ele>
        <time>2026-04-30T18:07:42+00:00</time>
      </trkpt>
      <trkpt lat="54.85587" lon="25.51771">
        <ele>126</ele>
        <time>2026-04-30T18:07:45+00:00</time>
      </trkpt>
      <trkpt lat="54.85587" lon="25.51755">
        <ele>125</ele>
        <time>2026-04-30T18:07:48+00:00</time>
      </trkpt>
      <trkpt lat="54.85586" lon="25.51753">
        <ele>125</ele>
        <time>2026-04-30T18:07:51+00:00</time>
      </trkpt>
      <trkpt lat="54.85586" lon="25.51751">
        <ele>136</ele>
        <time>2026-04-30T18:07:54+00:00</time>
      </trkpt>
      <trkpt lat="54.85584" lon="25.51741">
        <ele>124</ele>
        <time>2026-04-30T18:07:57+00:00</time>
      </trkpt>
      <trkpt lat="54.85583" lon="25.51737">
        <ele>124</ele>
        <time>2026-04-30T18:08:00+00:00</time>
      </trkpt>
      <trkpt lat="54.8558" lon="25.51727">
        <ele>123</ele>
        <time>2026-04-30T18:08:03+00:00</time>
      </trkpt>
      <trkpt lat="54.85578" lon="25.51717">
        <ele>132</ele>
        <time>2026-04-30T18:08:06+00:00</time>
      </trkpt>
      <trkpt lat="54.85578" lon="25.51701">
        <ele>122</ele>
        <time>2026-04-30T18:08:09+00:00</time>
      </trkpt>
      <trkpt lat="54.85574" lon="25.51694">
        <ele>121</ele>
        <time>2026-04-30T18:08:12+00:00</time>
      </trkpt>
      <trkpt lat="54.85573" lon="25.51691">
        <ele>134</ele>
        <time>2026-04-30T18:08:15+00:00</time>
      </trkpt>
      <trkpt lat="54.85572" lon="25.5169">
        <ele>121</ele>
        <time>2026-04-30T18:08:18+00:00</time>
      </trkpt>
      <trkpt lat="54.85565" lon="25.51689">
        <ele>121</ele>
        <time>2026-04-30T18:08:21+00:00</time>
      </trkpt>
      <trkpt lat="54.85562" lon="25.51687">
        <ele>121</ele>
        <time>2026-04-30T18:08:24+00:00</time>
      </trkpt>
      <trkpt lat="54.85556" lon="25.51683">
        <ele>136</ele>
        <time>2026-04-30T18:08:27+00:00</time>
      </trkpt>
      <trkpt lat="54.85552" lon="25.51677">
        <ele>121</ele>
        <time>2026-04-30T18:08:30+00:00</time>
      </trkpt>
      <trkpt lat="54.8555" lon="25.51677">
        <ele>120</ele>
        <time>2026-04-30T18:08:33+00:00</time>
      </trkpt>
      <trkpt lat="54.8555" lon="25.51676">
        <ele>120</ele>
        <time>2026-04-30T18:08:36+00:00</time>
      </trkpt>
      <trkpt lat="54.85549" lon="25.51675">
        <ele>120</ele>
        <time>2026-04-30T18:08:39+00:00</time>
      </trkpt>
      <trkpt lat="54.85548" lon="25.51673">
        <ele>120</ele>
        <time>2026-04-30T18:08:42+00:00</time>
      </trkpt>
      <trkpt lat="54.8554" lon="25.51669">
        <ele>149</ele>
        <time>2026-04-30T18:08:45+00:00</time>
      </trkpt>
      <trkpt lat="54.85528" lon="25.51666">
        <ele>119</ele>
        <time>2026-04-30T18:08:48+00:00</time>
      </trkpt>
      <trkpt lat="54.85524" lon="25.51664">
        <ele>149</ele>
        <time>2026-04-30T18:08:51+00:00</time>
      </trkpt>
      <trkpt lat="54.85519" lon="25.51658">
        <ele>118</ele>
        <time>2026-04-30T18:08:54+00:00</time>
      </trkpt>
      <trkpt lat="54.85511" lon="25.51652">
        <ele>118</ele>
        <time>2026-04-30T18:08:57+00:00</time>
      </trkpt>
      <trkpt lat="54.8551" lon="25.5165">
        <ele>163</ele>
        <time>2026-04-30T18:09:00+00:00</time>
      </trkpt>
      <trkpt lat="54.85507" lon="25.51648">
        <ele>118</ele>
        <time>2026-04-30T18:09:03+00:00</time>
      </trkpt>
      <trkpt lat="54.85505" lon="25.51645">
        <ele>118</ele>
        <time>2026-04-30T18:09:06+00:00</time>
      </trkpt>
      <trkpt lat="54.85505" lon="25.51644">
        <ele>118</ele>
        <time>2026-04-30T18:09:09+00:00</time>
      </trkpt>
      <trkpt lat="54.85504" lon="25.51641">
        <ele>118</ele>
        <time>2026-04-30T18:09:12+00:00</time>
      </trkpt>
      <trkpt lat="54.85502" lon="25.51639">
        <ele>118</ele>
        <time>2026-04-30T18:09:15+00:00</time>
      </trkpt>
      <trkpt lat="54.85501" lon="25.51639">
        <ele>118</ele>
        <time>2026-04-30T18:09:18+00:00</time>
      </trkpt>
      <trkpt lat="54.85501" lon="25.51638">
        <ele>117</ele>
        <time>2026-04-30T18:09:21+00:00</time>
      </trkpt>
      <trkpt lat="54.85493" lon="25.51633">
        <ele>163</ele>
        <time>2026-04-30T18:09:24+00:00</time>
      </trkpt>
      <trkpt lat="54.85489" lon="25.51631">
        <ele>117</ele>
        <time>2026-04-30T18:09:27+00:00</time>
      </trkpt>
      <trkpt lat="54.85485" lon="25.51625">
        <ele>117</ele>
        <time>2026-04-30T18:09:30+00:00</time>
      </trkpt>
      <trkpt lat="54.85483" lon="25.51621">
        <ele>117</ele>
        <time>2026-04-30T18:09:33+00:00</time>
      </trkpt>
      <trkpt lat="54.8548" lon="25.51619">
        <ele>117</ele>
        <time>2026-04-30T18:09:36+00:00</time>
      </trkpt>
      <trkpt lat="54.85474" lon="25.51616">
        <ele>162</ele>
        <time>2026-04-30T18:09:39+00:00</time>
      </trkpt>
      <trkpt lat="54.85473" lon="25.51614">
        <ele>117</ele>
        <time>2026-04-30T18:09:42+00:00</time>
      </trkpt>
      <trkpt lat="54.85456" lon="25.51603">
        <ele>162</ele>
        <time>2026-04-30T18:09:45+00:00</time>
      </trkpt>
      <trkpt lat="54.85455" lon="25.51602">
        <ele>118</ele>
        <time>2026-04-30T18:09:48+00:00</time>
      </trkpt>
      <trkpt lat="54.85453" lon="25.51599">
        <ele>118</ele>
        <time>2026-04-30T18:09:51+00:00</time>
      </trkpt>
      <trkpt lat="54.8545" lon="25.51594">
        <ele>118</ele>
        <time>2026-04-30T18:09:54+00:00</time>
      </trkpt>
      <trkpt lat="54.85437" lon="25.51585">
        <ele>144</ele>
        <time>2026-04-30T18:09:57+00:00</time>
      </trkpt>
      <trkpt lat="54.85435" lon="25.51583">
        <ele>118</ele>
        <time>2026-04-30T18:10:00+00:00</time>
      </trkpt>
      <trkpt lat="54.85429" lon="25.51577">
        <ele>118</ele>
        <time>2026-04-30T18:10:03+00:00</time>
      </trkpt>
      <trkpt lat="54.85425" lon="25.51574">
        <ele>118</ele>
        <time>2026-04-30T18:10:06+00:00</time>
      </trkpt>
      <trkpt lat="54.85421" lon="25.51567">
        <ele>144</ele>
        <time>2026-04-30T18:10:09+00:00</time>
      </trkpt>
      <trkpt lat="54.85414" lon="25.51563">
        <ele>118</ele>
        <time>2026-04-30T18:10:12+00:00</time>
      </trkpt>
      <trkpt lat="54.85407" lon="25.51558">
        <ele>118</ele>
        <time>2026-04-30T18:10:15+00:00</time>
      </trkpt>
      <trkpt lat="54.85407" lon="25.51557">
        <ele>118</ele>
        <time>2026-04-30T18:10:18+00:00</time>
      </trkpt>
      <trkpt lat="54.85405" lon="25.51556">
        <ele>146</ele>
        <time>2026-04-30T18:10:21+00:00</time>
      </trkpt>
      <trkpt lat="54.85403" lon="25.51553">
        <ele>117</ele>
        <time>2026-04-30T18:10:24+00:00</time>
      </trkpt>
      <trkpt lat="54.85403" lon="25.51549">
        <ele>117</ele>
        <time>2026-04-30T18:10:27+00:00</time>
      </trkpt>
      <trkpt lat="54.85404" lon="25.51548">
        <ele>117</ele>
        <time>2026-04-30T18:10:30+00:00</time>
      </trkpt>
      <trkpt lat="54.85403" lon="25.51546">
        <ele>117</ele>
        <time>2026-04-30T18:10:33+00:00</time>
      </trkpt>
      <trkpt lat="54.85403" lon="25.51542">
        <ele>117</ele>
        <time>2026-04-30T18:10:36+00:00</time>
      </trkpt>
      <trkpt lat="54.85395" lon="25.51532">
        <ele>149</ele>
        <time>2026-04-30T18:10:39+00:00</time>
      </trkpt>
      <trkpt lat="54.85395" lon="25.5153">
        <ele>117</ele>
        <time>2026-04-30T18:10:42+00:00</time>
      </trkpt>
      <trkpt lat="54.85393" lon="25.51527">
        <ele>117</ele>
        <time>2026-04-30T18:10:45+00:00</time>
      </trkpt>
      <trkpt lat="54.85393" lon="25.51524">
        <ele>117</ele>
        <time>2026-04-30T18:10:48+00:00</time>
      </trkpt>
      <trkpt lat="54.85392" lon="25.51523">
        <ele>117</ele>
        <time>2026-04-30T18:10:51+00:00</time>
      </trkpt>
      <trkpt lat="54.85392" lon="25.5152">
        <ele>118</ele>
        <time>2026-04-30T18:10:54+00:00</time>
      </trkpt>
      <trkpt lat="54.85389" lon="25.51512">
        <ele>118</ele>
        <time>2026-04-30T18:10:57+00:00</time>
      </trkpt>
      <trkpt lat="54.85389" lon="25.5151">
        <ele>118</ele>
        <time>2026-04-30T18:11:00+00:00</time>
      </trkpt>
      <trkpt lat="54.85389" lon="25.51504">
        <ele>150</ele>
        <time>2026-04-30T18:11:03+00:00</time>
      </trkpt>
      <trkpt lat="54.85388" lon="25.515">
        <ele>118</ele>
        <time>2026-04-30T18:11:06+00:00</time>
      </trkpt>
      <trkpt lat="54.85388" lon="25.51486">
        <ele>118</ele>
        <time>2026-04-30T18:11:09+00:00</time>
      </trkpt>
      <trkpt lat="54.85387" lon="25.51483">
        <ele>118</ele>
        <time>2026-04-30T18:11:12+00:00</time>
      </trkpt>
      <trkpt lat="54.85387" lon="25.51467">
        <ele>154</ele>
        <time>2026-04-30T18:11:15+00:00</time>
      </trkpt>
      <trkpt lat="54.85386" lon="25.51465">
        <ele>118</ele>
        <time>2026-04-30T18:11:18+00:00</time>
      </trkpt>
      <trkpt lat="54.85386" lon="25.51463">
        <ele>118</ele>
        <time>2026-04-30T18:11:21+00:00</time>
      </trkpt>
      <trkpt lat="54.85382" lon="25.5145">
        <ele>117</ele>
        <time>2026-04-30T18:11:24+00:00</time>
      </trkpt>
      <trkpt lat="54.85381" lon="25.51446">
        <ele>117</ele>
        <time>2026-04-30T18:11:27+00:00</time>
      </trkpt>
      <trkpt lat="54.85381" lon="25.51444">
        <ele>117</ele>
        <time>2026-04-30T18:11:30+00:00</time>
      </trkpt>
      <trkpt lat="54.85379" lon="25.51442">
        <ele>162</ele>
        <time>2026-04-30T18:11:33+00:00</time>
      </trkpt>
      <trkpt lat="54.85378" lon="25.51439">
        <ele>118</ele>
        <time>2026-04-30T18:11:36+00:00</time>
      </trkpt>
      <trkpt lat="54.85375" lon="25.51435">
        <ele>118</ele>
        <time>2026-04-30T18:11:39+00:00</time>
      </trkpt>
      <trkpt lat="54.85375" lon="25.51434">
        <ele>118</ele>
        <time>2026-04-30T18:11:42+00:00</time>
      </trkpt>
      <trkpt lat="54.85373" lon="25.51432">
        <ele>118</ele>
        <time>2026-04-30T18:11:45+00:00</time>
      </trkpt>
      <trkpt lat="54.85372" lon="25.51428">
        <ele>118</ele>
        <time>2026-04-30T18:11:48+00:00</time>
      </trkpt>
      <trkpt lat="54.85369" lon="25.51422">
        <ele>118</ele>
        <time>2026-04-30T18:11:51+00:00</time>
      </trkpt>
      <trkpt lat="54.85368" lon="25.51418">
        <ele>162</ele>
        <time>2026-04-30T18:11:54+00:00</time>
      </trkpt>
      <trkpt lat="54.85368" lon="25.51416">
        <ele>118</ele>
        <time>2026-04-30T18:11:57+00:00</time>
      </trkpt>
      <trkpt lat="54.85368" lon="25.51415">
        <ele>118</ele>
        <time>2026-04-30T18:12:00+00:00</time>
      </trkpt>
      <trkpt lat="54.85367" lon="25.51412">
        <ele>118</ele>
        <time>2026-04-30T18:12:03+00:00</time>
      </trkpt>
      <trkpt lat="54.85363" lon="25.51405">
        <ele>118</ele>
        <time>2026-04-30T18:12:06+00:00</time>
      </trkpt>
      <trkpt lat="54.85356" lon="25.51392">
        <ele>162</ele>
        <time>2026-04-30T18:12:09+00:00</time>
      </trkpt>
      <trkpt lat="54.85352" lon="25.51386">
        <ele>118</ele>
        <time>2026-04-30T18:12:12+00:00</time>
      </trkpt>
      <trkpt lat="54.8535" lon="25.51379">
        <ele>118</ele>
        <time>2026-04-30T18:12:15+00:00</time>
      </trkpt>
      <trkpt lat="54.85349" lon="25.51376">
        <ele>118</ele>
        <time>2026-04-30T18:12:18+00:00</time>
      </trkpt>
      <trkpt lat="54.85347" lon="25.5137">
        <ele>118</ele>
        <time>2026-04-30T18:12:21+00:00</time>
      </trkpt>
      <trkpt lat="54.85345" lon="25.51365">
        <ele>156</ele>
        <time>2026-04-30T18:12:24+00:00</time>
      </trkpt>
      <trkpt lat="54.85343" lon="25.51363">
        <ele>118</ele>
        <time>2026-04-30T18:12:27+00:00</time>
      </trkpt>
      <trkpt lat="54.85343" lon="25.51361">
        <ele>118</ele>
        <time>2026-04-30T18:12:30+00:00</time>
      </trkpt>
      <trkpt lat="54.85341" lon="25.51358">
        <ele>119</ele>
        <time>2026-04-30T18:12:33+00:00</time>
      </trkpt>
      <trkpt lat="54.85337" lon="25.51354">
        <ele>119</ele>
        <time>2026-04-30T18:12:36+00:00</time>
      </trkpt>
      <trkpt lat="54.8533" lon="25.51352">
        <ele>156</ele>
        <time>2026-04-30T18:12:39+00:00</time>
      </trkpt>
      <trkpt lat="54.85326" lon="25.51349">
        <ele>120</ele>
        <time>2026-04-30T18:12:42+00:00</time>
      </trkpt>
      <trkpt lat="54.85323" lon="25.51345">
        <ele>121</ele>
        <time>2026-04-30T18:12:45+00:00</time>
      </trkpt>
      <trkpt lat="54.85321" lon="25.51344">
        <ele>121</ele>
        <time>2026-04-30T18:12:48+00:00</time>
      </trkpt>
      <trkpt lat="54.85316" lon="25.51343">
        <ele>123</ele>
        <time>2026-04-30T18:12:51+00:00</time>
      </trkpt>
      <trkpt lat="54.85312" lon="25.51337">
        <ele>154</ele>
        <time>2026-04-30T18:12:54+00:00</time>
      </trkpt>
      <trkpt lat="54.8531" lon="25.51332">
        <ele>124</ele>
        <time>2026-04-30T18:12:57+00:00</time>
      </trkpt>
      <trkpt lat="54.8531" lon="25.5133">
        <ele>124</ele>
        <time>2026-04-30T18:13:00+00:00</time>
      </trkpt>
      <trkpt lat="54.85309" lon="25.51327">
        <ele>124</ele>
        <time>2026-04-30T18:13:03+00:00</time>
      </trkpt>
      <trkpt lat="54.85309" lon="25.51326">
        <ele>124</ele>
        <time>2026-04-30T18:13:06+00:00</time>
      </trkpt>
      <trkpt lat="54.85307" lon="25.51322">
        <ele>125</ele>
        <time>2026-04-30T18:13:09+00:00</time>
      </trkpt>
      <trkpt lat="54.85307" lon="25.5132">
        <ele>125</ele>
        <time>2026-04-30T18:13:12+00:00</time>
      </trkpt>
      <trkpt lat="54.85306" lon="25.51317">
        <ele>125</ele>
        <time>2026-04-30T18:13:15+00:00</time>
      </trkpt>
      <trkpt lat="54.85305" lon="25.51316">
        <ele>125</ele>
        <time>2026-04-30T18:13:18+00:00</time>
      </trkpt>
      <trkpt lat="54.85299" lon="25.51312">
        <ele>145</ele>
        <time>2026-04-30T18:13:21+00:00</time>
      </trkpt>
      <trkpt lat="54.85296" lon="25.5131">
        <ele>126</ele>
        <time>2026-04-30T18:13:24+00:00</time>
      </trkpt>
      <trkpt lat="54.85281" lon="25.51307">
        <ele>145</ele>
        <time>2026-04-30T18:13:27+00:00</time>
      </trkpt>
      <trkpt lat="54.85278" lon="25.51304">
        <ele>126</ele>
        <time>2026-04-30T18:13:30+00:00</time>
      </trkpt>
      <trkpt lat="54.8526" lon="25.51299">
        <ele>119</ele>
        <time>2026-04-30T18:13:33+00:00</time>
      </trkpt>
      <trkpt lat="54.85252" lon="25.51295">
        <ele>127</ele>
        <time>2026-04-30T18:13:36+00:00</time>
      </trkpt>
      <trkpt lat="54.85247" lon="25.5129">
        <ele>128</ele>
        <time>2026-04-30T18:13:39+00:00</time>
      </trkpt>
      <trkpt lat="54.85244" lon="25.51287">
        <ele>119</ele>
        <time>2026-04-30T18:13:42+00:00</time>
      </trkpt>
      <trkpt lat="54.85239" lon="25.51283">
        <ele>128</ele>
        <time>2026-04-30T18:13:45+00:00</time>
      </trkpt>
      <trkpt lat="54.85237" lon="25.51281">
        <ele>128</ele>
        <time>2026-04-30T18:13:48+00:00</time>
      </trkpt>
      <trkpt lat="54.85236" lon="25.51278">
        <ele>128</ele>
        <time>2026-04-30T18:13:51+00:00</time>
      </trkpt>
      <trkpt lat="54.85234" lon="25.51275">
        <ele>128</ele>
        <time>2026-04-30T18:13:54+00:00</time>
      </trkpt>
      <trkpt lat="54.85229" lon="25.5128">
        <ele>110</ele>
        <time>2026-04-30T18:13:57+00:00</time>
      </trkpt>
      <trkpt lat="54.85226" lon="25.5128">
        <ele>127</ele>
        <time>2026-04-30T18:14:00+00:00</time>
      </trkpt>
      <trkpt lat="54.85221" lon="25.5128">
        <ele>126</ele>
        <time>2026-04-30T18:14:03+00:00</time>
      </trkpt>
      <trkpt lat="54.8522" lon="25.51277">
        <ele>126</ele>
        <time>2026-04-30T18:14:06+00:00</time>
      </trkpt>
      <trkpt lat="54.8522" lon="25.51275">
        <ele>125</ele>
        <time>2026-04-30T18:14:09+00:00</time>
      </trkpt>
      <trkpt lat="54.85219" lon="25.51274">
        <ele>125</ele>
        <time>2026-04-30T18:14:12+00:00</time>
      </trkpt>
      <trkpt lat="54.85219" lon="25.51272">
        <ele>125</ele>
        <time>2026-04-30T18:14:15+00:00</time>
      </trkpt>
      <trkpt lat="54.85218" lon="25.5127">
        <ele>125</ele>
        <time>2026-04-30T18:14:18+00:00</time>
      </trkpt>
      <trkpt lat="54.85218" lon="25.51268">
        <ele>108</ele>
        <time>2026-04-30T18:14:21+00:00</time>
      </trkpt>
      <trkpt lat="54.85217" lon="25.51267">
        <ele>123</ele>
        <time>2026-04-30T18:14:24+00:00</time>
      </trkpt>
      <trkpt lat="54.85217" lon="25.51261">
        <ele>122</ele>
        <time>2026-04-30T18:14:27+00:00</time>
      </trkpt>
      <trkpt lat="54.85216" lon="25.51261">
        <ele>122</ele>
        <time>2026-04-30T18:14:30+00:00</time>
      </trkpt>
      <trkpt lat="54.85216" lon="25.51257">
        <ele>121</ele>
        <time>2026-04-30T18:14:33+00:00</time>
      </trkpt>
      <trkpt lat="54.85215" lon="25.51254">
        <ele>121</ele>
        <time>2026-04-30T18:14:36+00:00</time>
      </trkpt>
      <trkpt lat="54.85214" lon="25.5125">
        <ele>119</ele>
        <time>2026-04-30T18:14:39+00:00</time>
      </trkpt>
      <trkpt lat="54.85213" lon="25.51249">
        <ele>119</ele>
        <time>2026-04-30T18:14:42+00:00</time>
      </trkpt>
      <trkpt lat="54.85213" lon="25.51249">
        <ele>119</ele>
        <time>2026-04-30T18:14:45+00:00</time>
      </trkpt>
      <trkpt lat="54.8521" lon="25.51252">
        <ele>108</ele>
        <time>2026-04-30T18:14:48+00:00</time>
      </trkpt>
      <trkpt lat="54.8521" lon="25.51249">
        <ele>118</ele>
        <time>2026-04-30T18:14:51+00:00</time>
      </trkpt>
      <trkpt lat="54.85208" lon="25.51248">
        <ele>118</ele>
        <time>2026-04-30T18:14:54+00:00</time>
      </trkpt>
      <trkpt lat="54.85206" lon="25.51249">
        <ele>118</ele>
        <time>2026-04-30T18:14:57+00:00</time>
      </trkpt>
      <trkpt lat="54.85202" lon="25.51253">
        <ele>118</ele>
        <time>2026-04-30T18:15:00+00:00</time>
      </trkpt>
      <trkpt lat="54.85195" lon="25.51255">
        <ele>108</ele>
        <time>2026-04-30T18:15:03+00:00</time>
      </trkpt>
      <trkpt lat="54.85188" lon="25.5126">
        <ele>118</ele>
        <time>2026-04-30T18:15:06+00:00</time>
      </trkpt>
      <trkpt lat="54.85188" lon="25.51261">
        <ele>118</ele>
        <time>2026-04-30T18:15:09+00:00</time>
      </trkpt>
      <trkpt lat="54.85185" lon="25.51265">
        <ele>118</ele>
        <time>2026-04-30T18:15:12+00:00</time>
      </trkpt>
      <trkpt lat="54.85178" lon="25.51277">
        <ele>105</ele>
        <time>2026-04-30T18:15:15+00:00</time>
      </trkpt>
      <trkpt lat="54.85172" lon="25.51286">
        <ele>118</ele>
        <time>2026-04-30T18:15:18+00:00</time>
      </trkpt>
      <trkpt lat="54.85167" lon="25.51295">
        <ele>118</ele>
        <time>2026-04-30T18:15:21+00:00</time>
      </trkpt>
      <trkpt lat="54.85166" lon="25.51298">
        <ele>105</ele>
        <time>2026-04-30T18:15:24+00:00</time>
      </trkpt>
      <trkpt lat="54.85163" lon="25.51303">
        <ele>118</ele>
        <time>2026-04-30T18:15:27+00:00</time>
      </trkpt>
      <trkpt lat="54.85162" lon="25.51306">
        <ele>118</ele>
        <time>2026-04-30T18:15:30+00:00</time>
      </trkpt>
      <trkpt lat="54.85158" lon="25.5131">
        <ele>117</ele>
        <time>2026-04-30T18:15:33+00:00</time>
      </trkpt>
      <trkpt lat="54.85158" lon="25.51311">
        <ele>117</ele>
        <time>2026-04-30T18:15:36+00:00</time>
      </trkpt>
      <trkpt lat="54.85155" lon="25.51313">
        <ele>117</ele>
        <time>2026-04-30T18:15:39+00:00</time>
      </trkpt>
      <trkpt lat="54.85153" lon="25.5131">
        <ele>107</ele>
        <time>2026-04-30T18:15:42+00:00</time>
      </trkpt>
      <trkpt lat="54.85153" lon="25.51308">
        <ele>117</ele>
        <time>2026-04-30T18:15:45+00:00</time>
      </trkpt>
      <trkpt lat="54.85151" lon="25.51299">
        <ele>117</ele>
        <time>2026-04-30T18:15:48+00:00</time>
      </trkpt>
      <trkpt lat="54.85148" lon="25.51291">
        <ele>117</ele>
        <time>2026-04-30T18:15:51+00:00</time>
      </trkpt>
      <trkpt lat="54.85147" lon="25.51288">
        <ele>117</ele>
        <time>2026-04-30T18:15:54+00:00</time>
      </trkpt>
      <trkpt lat="54.85146" lon="25.51284">
        <ele>110</ele>
        <time>2026-04-30T18:15:57+00:00</time>
      </trkpt>
      <trkpt lat="54.85146" lon="25.51283">
        <ele>116</ele>
        <time>2026-04-30T18:16:00+00:00</time>
      </trkpt>
      <trkpt lat="54.85146" lon="25.51281">
        <ele>116</ele>
        <time>2026-04-30T18:16:03+00:00</time>
      </trkpt>
      <trkpt lat="54.85144" lon="25.51282">
        <ele>116</ele>
        <time>2026-04-30T18:16:06+00:00</time>
      </trkpt>
      <trkpt lat="54.85133" lon="25.51293">
        <ele>116</ele>
        <time>2026-04-30T18:16:09+00:00</time>
      </trkpt>
      <trkpt lat="54.85126" lon="25.51296">
        <ele>120</ele>
        <time>2026-04-30T18:16:12+00:00</time>
      </trkpt>
      <trkpt lat="54.85122" lon="25.51297">
        <ele>116</ele>
        <time>2026-04-30T18:16:15+00:00</time>
      </trkpt>
      <trkpt lat="54.85117" lon="25.51297">
        <ele>116</ele>
        <time>2026-04-30T18:16:18+00:00</time>
      </trkpt>
      <trkpt lat="54.85111" lon="25.51295">
        <ele>120</ele>
        <time>2026-04-30T18:16:21+00:00</time>
      </trkpt>
      <trkpt lat="54.85105" lon="25.51291">
        <ele>116</ele>
        <time>2026-04-30T18:16:24+00:00</time>
      </trkpt>
      <trkpt lat="54.85094" lon="25.51275">
        <ele>128</ele>
        <time>2026-04-30T18:16:27+00:00</time>
      </trkpt>
      <trkpt lat="54.85085" lon="25.51267">
        <ele>117</ele>
        <time>2026-04-30T18:16:30+00:00</time>
      </trkpt>
      <trkpt lat="54.85078" lon="25.51257">
        <ele>136</ele>
        <time>2026-04-30T18:16:33+00:00</time>
      </trkpt>
      <trkpt lat="54.85075" lon="25.51251">
        <ele>117</ele>
        <time>2026-04-30T18:16:36+00:00</time>
      </trkpt>
      <trkpt lat="54.85073" lon="25.51248">
        <ele>117</ele>
        <time>2026-04-30T18:16:39+00:00</time>
      </trkpt>
      <trkpt lat="54.85069" lon="25.51238">
        <ele>117</ele>
        <time>2026-04-30T18:16:42+00:00</time>
      </trkpt>
      <trkpt lat="54.85067" lon="25.51236">
        <ele>163</ele>
        <time>2026-04-30T18:16:45+00:00</time>
      </trkpt>
      <trkpt lat="54.85061" lon="25.51225">
        <ele>117</ele>
        <time>2026-04-30T18:16:48+00:00</time>
      </trkpt>
      <trkpt lat="54.8506" lon="25.51224">
        <ele>117</ele>
        <time>2026-04-30T18:16:51+00:00</time>
      </trkpt>
      <trkpt lat="54.85059" lon="25.51223">
        <ele>117</ele>
        <time>2026-04-30T18:16:54+00:00</time>
      </trkpt>
      <trkpt lat="54.85058" lon="25.51222">
        <ele>117</ele>
        <time>2026-04-30T18:16:57+00:00</time>
      </trkpt>
      <trkpt lat="54.85051" lon="25.51212">
        <ele>163</ele>
        <time>2026-04-30T18:17:00+00:00</time>
      </trkpt>
      <trkpt lat="54.85046" lon="25.51206">
        <ele>117</ele>
        <time>2026-04-30T18:17:03+00:00</time>
      </trkpt>
      <trkpt lat="54.85023" lon="25.51193">
        <ele>161</ele>
        <time>2026-04-30T18:17:06+00:00</time>
      </trkpt>
      <trkpt lat="54.85021" lon="25.51193">
        <ele>117</ele>
        <time>2026-04-30T18:17:09+00:00</time>
      </trkpt>
      <trkpt lat="54.85018" lon="25.51196">
        <ele>117</ele>
        <time>2026-04-30T18:17:12+00:00</time>
      </trkpt>
      <trkpt lat="54.85016" lon="25.51201">
        <ele>117</ele>
        <time>2026-04-30T18:17:15+00:00</time>
      </trkpt>
      <trkpt lat="54.85016" lon="25.51204">
        <ele>117</ele>
        <time>2026-04-30T18:17:18+00:00</time>
      </trkpt>
      <trkpt lat="54.85014" lon="25.51207">
        <ele>117</ele>
        <time>2026-04-30T18:17:21+00:00</time>
      </trkpt>
      <trkpt lat="54.85014" lon="25.51208">
        <ele>117</ele>
        <time>2026-04-30T18:17:24+00:00</time>
      </trkpt>
      <trkpt lat="54.85013" lon="25.51212">
        <ele>160</ele>
        <time>2026-04-30T18:17:27+00:00</time>
      </trkpt>
      <trkpt lat="54.8501" lon="25.51213">
        <ele>117</ele>
        <time>2026-04-30T18:17:30+00:00</time>
      </trkpt>
      <trkpt lat="54.85" lon="25.5121">
        <ele>117</ele>
        <time>2026-04-30T18:17:33+00:00</time>
      </trkpt>
      <trkpt lat="54.84998" lon="25.51208">
        <ele>160</ele>
        <time>2026-04-30T18:17:36+00:00</time>
      </trkpt>
      <trkpt lat="54.84996" lon="25.51204">
        <ele>118</ele>
        <time>2026-04-30T18:17:39+00:00</time>
      </trkpt>
      <trkpt lat="54.84992" lon="25.512">
        <ele>118</ele>
        <time>2026-04-30T18:17:42+00:00</time>
      </trkpt>
      <trkpt lat="54.84991" lon="25.51198">
        <ele>118</ele>
        <time>2026-04-30T18:17:45+00:00</time>
      </trkpt>
      <trkpt lat="54.84983" lon="25.51191">
        <ele>158</ele>
        <time>2026-04-30T18:17:48+00:00</time>
      </trkpt>
      <trkpt lat="54.84977" lon="25.51193">
        <ele>118</ele>
        <time>2026-04-30T18:17:51+00:00</time>
      </trkpt>
      <trkpt lat="54.84973" lon="25.51197">
        <ele>119</ele>
        <time>2026-04-30T18:17:54+00:00</time>
      </trkpt>
      <trkpt lat="54.84972" lon="25.51197">
        <ele>119</ele>
        <time>2026-04-30T18:17:57+00:00</time>
      </trkpt>
      <trkpt lat="54.8497" lon="25.51195">
        <ele>119</ele>
        <time>2026-04-30T18:18:00+00:00</time>
      </trkpt>
      <trkpt lat="54.84966" lon="25.51188">
        <ele>159</ele>
        <time>2026-04-30T18:18:03+00:00</time>
      </trkpt>
      <trkpt lat="54.84963" lon="25.51185">
        <ele>119</ele>
        <time>2026-04-30T18:18:06+00:00</time>
      </trkpt>
      <trkpt lat="54.84959" lon="25.51178">
        <ele>119</ele>
        <time>2026-04-30T18:18:09+00:00</time>
      </trkpt>
      <trkpt lat="54.84956" lon="25.51173">
        <ele>119</ele>
        <time>2026-04-30T18:18:12+00:00</time>
      </trkpt>
      <trkpt lat="54.84953" lon="25.51168">
        <ele>161</ele>
        <time>2026-04-30T18:18:15+00:00</time>
      </trkpt>
      <trkpt lat="54.84952" lon="25.51165">
        <ele>119</ele>
        <time>2026-04-30T18:18:18+00:00</time>
      </trkpt>
      <trkpt lat="54.84949" lon="25.51157">
        <ele>119</ele>
        <time>2026-04-30T18:18:21+00:00</time>
      </trkpt>
      <trkpt lat="54.84946" lon="25.5115">
        <ele>119</ele>
        <time>2026-04-30T18:18:24+00:00</time>
      </trkpt>
      <trkpt lat="54.84944" lon="25.51147">
        <ele>120</ele>
        <time>2026-04-30T18:18:27+00:00</time>
      </trkpt>
      <trkpt lat="54.84944" lon="25.51145">
        <ele>161</ele>
        <time>2026-04-30T18:18:30+00:00</time>
      </trkpt>
      <trkpt lat="54.84943" lon="25.51142">
        <ele>120</ele>
        <time>2026-04-30T18:18:33+00:00</time>
      </trkpt>
      <trkpt lat="54.84936" lon="25.51121">
        <ele>156</ele>
        <time>2026-04-30T18:18:36+00:00</time>
      </trkpt>
      <trkpt lat="54.84932" lon="25.51115">
        <ele>120</ele>
        <time>2026-04-30T18:18:39+00:00</time>
      </trkpt>
      <trkpt lat="54.8493" lon="25.51109">
        <ele>120</ele>
        <time>2026-04-30T18:18:42+00:00</time>
      </trkpt>
      <trkpt lat="54.84928" lon="25.51107">
        <ele>120</ele>
        <time>2026-04-30T18:18:45+00:00</time>
      </trkpt>
      <trkpt lat="54.84928" lon="25.51104">
        <ele>120</ele>
        <time>2026-04-30T18:18:48+00:00</time>
      </trkpt>
      <trkpt lat="54.84923" lon="25.51093">
        <ele>151</ele>
        <time>2026-04-30T18:18:51+00:00</time>
      </trkpt>
      <trkpt lat="54.84918" lon="25.5108">
        <ele>120</ele>
        <time>2026-04-30T18:18:54+00:00</time>
      </trkpt>
      <trkpt lat="54.84916" lon="25.51076">
        <ele>120</ele>
        <time>2026-04-30T18:18:57+00:00</time>
      </trkpt>
      <trkpt lat="54.84914" lon="25.51069">
        <ele>155</ele>
        <time>2026-04-30T18:19:00+00:00</time>
      </trkpt>
      <trkpt lat="54.84909" lon="25.51059">
        <ele>120</ele>
        <time>2026-04-30T18:19:03+00:00</time>
      </trkpt>
      <trkpt lat="54.84904" lon="25.51053">
        <ele>120</ele>
        <time>2026-04-30T18:19:06+00:00</time>
      </trkpt>
      <trkpt lat="54.84903" lon="25.51052">
        <ele>120</ele>
        <time>2026-04-30T18:19:09+00:00</time>
      </trkpt>
      <trkpt lat="54.84901" lon="25.51048">
        <ele>159</ele>
        <time>2026-04-30T18:19:12+00:00</time>
      </trkpt>
      <trkpt lat="54.84897" lon="25.51044">
        <ele>120</ele>
        <time>2026-04-30T18:19:15+00:00</time>
      </trkpt>
      <trkpt lat="54.84894" lon="25.51036">
        <ele>120</ele>
        <time>2026-04-30T18:19:18+00:00</time>
      </trkpt>
      <trkpt lat="54.84891" lon="25.51031">
        <ele>120</ele>
        <time>2026-04-30T18:19:21+00:00</time>
      </trkpt>
      <trkpt lat="54.84889" lon="25.51023">
        <ele>159</ele>
        <time>2026-04-30T18:19:24+00:00</time>
      </trkpt>
      <trkpt lat="54.84887" lon="25.51017">
        <ele>120</ele>
        <time>2026-04-30T18:19:27+00:00</time>
      </trkpt>
      <trkpt lat="54.84887" lon="25.51014">
        <ele>120</ele>
        <time>2026-04-30T18:19:30+00:00</time>
      </trkpt>
      <trkpt lat="54.84885" lon="25.51008">
        <ele>120</ele>
        <time>2026-04-30T18:19:33+00:00</time>
      </trkpt>
      <trkpt lat="54.84883" lon="25.51006">
        <ele>120</ele>
        <time>2026-04-30T18:19:36+00:00</time>
      </trkpt>
      <trkpt lat="54.84883" lon="25.51004">
        <ele>120</ele>
        <time>2026-04-30T18:19:39+00:00</time>
      </trkpt>
      <trkpt lat="54.84881" lon="25.51001">
        <ele>160</ele>
        <time>2026-04-30T18:19:42+00:00</time>
      </trkpt>
      <trkpt lat="54.8488" lon="25.50998">
        <ele>120</ele>
        <time>2026-04-30T18:19:45+00:00</time>
      </trkpt>
      <trkpt lat="54.84878" lon="25.50996">
        <ele>120</ele>
        <time>2026-04-30T18:19:48+00:00</time>
      </trkpt>
      <trkpt lat="54.84878" lon="25.50994">
        <ele>120</ele>
        <time>2026-04-30T18:19:51+00:00</time>
      </trkpt>
      <trkpt lat="54.84876" lon="25.50987">
        <ele>120</ele>
        <time>2026-04-30T18:19:54+00:00</time>
      </trkpt>
      <trkpt lat="54.84873" lon="25.50982">
        <ele>120</ele>
        <time>2026-04-30T18:19:57+00:00</time>
      </trkpt>
      <trkpt lat="54.84868" lon="25.50977">
        <ele>161</ele>
        <time>2026-04-30T18:20:00+00:00</time>
      </trkpt>
      <trkpt lat="54.84863" lon="25.50974">
        <ele>120</ele>
        <time>2026-04-30T18:20:03+00:00</time>
      </trkpt>
      <trkpt lat="54.84858" lon="25.50968">
        <ele>120</ele>
        <time>2026-04-30T18:20:06+00:00</time>
      </trkpt>
      <trkpt lat="54.84852" lon="25.50964">
        <ele>161</ele>
        <time>2026-04-30T18:20:09+00:00</time>
      </trkpt>
      <trkpt lat="54.84845" lon="25.50955">
        <ele>121</ele>
        <time>2026-04-30T18:20:12+00:00</time>
      </trkpt>
      <trkpt lat="54.84841" lon="25.50953">
        <ele>121</ele>
        <time>2026-04-30T18:20:15+00:00</time>
      </trkpt>
      <trkpt lat="54.84841" lon="25.50952">
        <ele>121</ele>
        <time>2026-04-30T18:20:18+00:00</time>
      </trkpt>
      <trkpt lat="54.84841" lon="25.50951">
        <ele>121</ele>
        <time>2026-04-30T18:20:21+00:00</time>
      </trkpt>
      <trkpt lat="54.84827" lon="25.50943">
        <ele>161</ele>
        <time>2026-04-30T18:20:24+00:00</time>
      </trkpt>
      <trkpt lat="54.84812" lon="25.50932">
        <ele>157</ele>
        <time>2026-04-30T18:20:27+00:00</time>
      </trkpt>
      <trkpt lat="54.84804" lon="25.50929">
        <ele>120</ele>
        <time>2026-04-30T18:20:30+00:00</time>
      </trkpt>
      <trkpt lat="54.84803" lon="25.50928">
        <ele>120</ele>
        <time>2026-04-30T18:20:33+00:00</time>
      </trkpt>
      <trkpt lat="54.84801" lon="25.50927">
        <ele>120</ele>
        <time>2026-04-30T18:20:36+00:00</time>
      </trkpt>
      <trkpt lat="54.84796" lon="25.5092">
        <ele>154</ele>
        <time>2026-04-30T18:20:39+00:00</time>
      </trkpt>
      <trkpt lat="54.84787" lon="25.50913">
        <ele>120</ele>
        <time>2026-04-30T18:20:42+00:00</time>
      </trkpt>
      <trkpt lat="54.84777" lon="25.50907">
        <ele>154</ele>
        <time>2026-04-30T18:20:45+00:00</time>
      </trkpt>
      <trkpt lat="54.84767" lon="25.50898">
        <ele>121</ele>
        <time>2026-04-30T18:20:48+00:00</time>
      </trkpt>
      <trkpt lat="54.84762" lon="25.50895">
        <ele>154</ele>
        <time>2026-04-30T18:20:51+00:00</time>
      </trkpt>
      <trkpt lat="54.84754" lon="25.50885">
        <ele>121</ele>
        <time>2026-04-30T18:20:54+00:00</time>
      </trkpt>
      <trkpt lat="54.84751" lon="25.5088">
        <ele>120</ele>
        <time>2026-04-30T18:20:57+00:00</time>
      </trkpt>
      <trkpt lat="54.84751" lon="25.50878">
        <ele>120</ele>
        <time>2026-04-30T18:21:00+00:00</time>
      </trkpt>
      <trkpt lat="54.8475" lon="25.50877">
        <ele>154</ele>
        <time>2026-04-30T18:21:03+00:00</time>
      </trkpt>
      <trkpt lat="54.84748" lon="25.50873">
        <ele>120</ele>
        <time>2026-04-30T18:21:06+00:00</time>
      </trkpt>
      <trkpt lat="54.84735" lon="25.50863">
        <ele>168</ele>
        <time>2026-04-30T18:21:09+00:00</time>
      </trkpt>
      <trkpt lat="54.84731" lon="25.50859">
        <ele>120</ele>
        <time>2026-04-30T18:21:12+00:00</time>
      </trkpt>
      <trkpt lat="54.84729" lon="25.50857">
        <ele>120</ele>
        <time>2026-04-30T18:21:15+00:00</time>
      </trkpt>
      <trkpt lat="54.84726" lon="25.50849">
        <ele>120</ele>
        <time>2026-04-30T18:21:18+00:00</time>
      </trkpt>
      <trkpt lat="54.84724" lon="25.50847">
        <ele>120</ele>
        <time>2026-04-30T18:21:21+00:00</time>
      </trkpt>
      <trkpt lat="54.84708" lon="25.50836">
        <ele>179</ele>
        <time>2026-04-30T18:21:24+00:00</time>
      </trkpt>
      <trkpt lat="54.84692" lon="25.50822">
        <ele>179</ele>
        <time>2026-04-30T18:21:27+00:00</time>
      </trkpt>
      <trkpt lat="54.84685" lon="25.50817">
        <ele>120</ele>
        <time>2026-04-30T18:21:30+00:00</time>
      </trkpt>
      <trkpt lat="54.84682" lon="25.50814">
        <ele>120</ele>
        <time>2026-04-30T18:21:33+00:00</time>
      </trkpt>
      <trkpt lat="54.84681" lon="25.50812">
        <ele>120</ele>
        <time>2026-04-30T18:21:36+00:00</time>
      </trkpt>
      <trkpt lat="54.84669" lon="25.50799">
        <ele>161</ele>
        <time>2026-04-30T18:21:39+00:00</time>
      </trkpt>
      <trkpt lat="54.84666" lon="25.5079">
        <ele>120</ele>
        <time>2026-04-30T18:21:42+00:00</time>
      </trkpt>
      <trkpt lat="54.84662" lon="25.50785">
        <ele>120</ele>
        <time>2026-04-30T18:21:45+00:00</time>
      </trkpt>
      <trkpt lat="54.84656" lon="25.50775">
        <ele>152</ele>
        <time>2026-04-30T18:21:48+00:00</time>
      </trkpt>
      <trkpt lat="54.84653" lon="25.50765">
        <ele>120</ele>
        <time>2026-04-30T18:21:51+00:00</time>
      </trkpt>
      <trkpt lat="54.8465" lon="25.5076">
        <ele>120</ele>
        <time>2026-04-30T18:21:54+00:00</time>
      </trkpt>
      <trkpt lat="54.84646" lon="25.50754">
        <ele>147</ele>
        <time>2026-04-30T18:21:57+00:00</time>
      </trkpt>
      <trkpt lat="54.84642" lon="25.50745">
        <ele>120</ele>
        <time>2026-04-30T18:22:00+00:00</time>
      </trkpt>
      <trkpt lat="54.84637" lon="25.50736">
        <ele>120</ele>
        <time>2026-04-30T18:22:03+00:00</time>
      </trkpt>
      <trkpt lat="54.84631" lon="25.50718">
        <ele>150</ele>
        <time>2026-04-30T18:22:06+00:00</time>
      </trkpt>
      <trkpt lat="54.84623" lon="25.50701">
        <ele>120</ele>
        <time>2026-04-30T18:22:09+00:00</time>
      </trkpt>
      <trkpt lat="54.84622" lon="25.50696">
        <ele>120</ele>
        <time>2026-04-30T18:22:12+00:00</time>
      </trkpt>
      <trkpt lat="54.84622" lon="25.50691">
        <ele>153</ele>
        <time>2026-04-30T18:22:15+00:00</time>
      </trkpt>
      <trkpt lat="54.84621" lon="25.50681">
        <ele>120</ele>
        <time>2026-04-30T18:22:18+00:00</time>
      </trkpt>
      <trkpt lat="54.8462" lon="25.50673">
        <ele>120</ele>
        <time>2026-04-30T18:22:21+00:00</time>
      </trkpt>
      <trkpt lat="54.84618" lon="25.5066">
        <ele>166</ele>
        <time>2026-04-30T18:22:24+00:00</time>
      </trkpt>
      <trkpt lat="54.84616" lon="25.50649">
        <ele>120</ele>
        <time>2026-04-30T18:22:27+00:00</time>
      </trkpt>
      <trkpt lat="54.84614" lon="25.50644">
        <ele>120</ele>
        <time>2026-04-30T18:22:30+00:00</time>
      </trkpt>
      <trkpt lat="54.8461" lon="25.5063">
        <ele>166</ele>
        <time>2026-04-30T18:22:33+00:00</time>
      </trkpt>
      <trkpt lat="54.84608" lon="25.50627">
        <ele>120</ele>
        <time>2026-04-30T18:22:36+00:00</time>
      </trkpt>
      <trkpt lat="54.84605" lon="25.50609">
        <ele>120</ele>
        <time>2026-04-30T18:22:39+00:00</time>
      </trkpt>
      <trkpt lat="54.84605" lon="25.506">
        <ele>159</ele>
        <time>2026-04-30T18:22:42+00:00</time>
      </trkpt>
      <trkpt lat="54.84606" lon="25.50597">
        <ele>120</ele>
        <time>2026-04-30T18:22:45+00:00</time>
      </trkpt>
      <trkpt lat="54.84606" lon="25.50593">
        <ele>120</ele>
        <time>2026-04-30T18:22:48+00:00</time>
      </trkpt>
      <trkpt lat="54.84607" lon="25.50586">
        <ele>121</ele>
        <time>2026-04-30T18:22:51+00:00</time>
      </trkpt>
      <trkpt lat="54.84607" lon="25.50553">
        <ele>147</ele>
        <time>2026-04-30T18:22:54+00:00</time>
      </trkpt>
      <trkpt lat="54.84608" lon="25.50549">
        <ele>121</ele>
        <time>2026-04-30T18:22:57+00:00</time>
      </trkpt>
      <trkpt lat="54.84608" lon="25.50538">
        <ele>121</ele>
        <time>2026-04-30T18:23:00+00:00</time>
      </trkpt>
      <trkpt lat="54.84607" lon="25.50525">
        <ele>147</ele>
        <time>2026-04-30T18:23:03+00:00</time>
      </trkpt>
      <trkpt lat="54.84602" lon="25.50502">
        <ele>121</ele>
        <time>2026-04-30T18:23:06+00:00</time>
      </trkpt>
      <trkpt lat="54.84602" lon="25.50498">
        <ele>150</ele>
        <time>2026-04-30T18:23:09+00:00</time>
      </trkpt>
      <trkpt lat="54.84602" lon="25.50495">
        <ele>121</ele>
        <time>2026-04-30T18:23:12+00:00</time>
      </trkpt>
      <trkpt lat="54.84602" lon="25.50483">
        <ele>121</ele>
        <time>2026-04-30T18:23:15+00:00</time>
      </trkpt>
      <trkpt lat="54.84603" lon="25.50474">
        <ele>121</ele>
        <time>2026-04-30T18:23:18+00:00</time>
      </trkpt>
      <trkpt lat="54.84603" lon="25.50454">
        <ele>151</ele>
        <time>2026-04-30T18:23:21+00:00</time>
      </trkpt>
      <trkpt lat="54.84602" lon="25.50447">
        <ele>120</ele>
        <time>2026-04-30T18:23:24+00:00</time>
      </trkpt>
      <trkpt lat="54.84602" lon="25.50443">
        <ele>120</ele>
        <time>2026-04-30T18:23:27+00:00</time>
      </trkpt>
      <trkpt lat="54.84603" lon="25.50434">
        <ele>120</ele>
        <time>2026-04-30T18:23:30+00:00</time>
      </trkpt>
      <trkpt lat="54.84603" lon="25.50403">
        <ele>152</ele>
        <time>2026-04-30T18:23:33+00:00</time>
      </trkpt>
      <trkpt lat="54.84602" lon="25.50394">
        <ele>120</ele>
        <time>2026-04-30T18:23:36+00:00</time>
      </trkpt>
      <trkpt lat="54.84601" lon="25.50389">
        <ele>119</ele>
        <time>2026-04-30T18:23:39+00:00</time>
      </trkpt>
      <trkpt lat="54.84599" lon="25.50369">
        <ele>152</ele>
        <time>2026-04-30T18:23:42+00:00</time>
      </trkpt>
      <trkpt lat="54.84599" lon="25.50343">
        <ele>119</ele>
        <time>2026-04-30T18:23:45+00:00</time>
      </trkpt>
      <trkpt lat="54.846" lon="25.5034">
        <ele>156</ele>
        <time>2026-04-30T18:23:48+00:00</time>
      </trkpt>
      <trkpt lat="54.846" lon="25.50336">
        <ele>119</ele>
        <time>2026-04-30T18:23:51+00:00</time>
      </trkpt>
      <trkpt lat="54.84601" lon="25.50327">
        <ele>119</ele>
        <time>2026-04-30T18:23:54+00:00</time>
      </trkpt>
      <trkpt lat="54.84607" lon="25.50307">
        <ele>158</ele>
        <time>2026-04-30T18:23:57+00:00</time>
      </trkpt>
      <trkpt lat="54.84608" lon="25.50299">
        <ele>119</ele>
        <time>2026-04-30T18:24:00+00:00</time>
      </trkpt>
      <trkpt lat="54.84608" lon="25.50282">
        <ele>119</ele>
        <time>2026-04-30T18:24:03+00:00</time>
      </trkpt>
      <trkpt lat="54.84608" lon="25.50274">
        <ele>159</ele>
        <time>2026-04-30T18:24:06+00:00</time>
      </trkpt>
      <trkpt lat="54.84611" lon="25.50264">
        <ele>119</ele>
        <time>2026-04-30T18:24:09+00:00</time>
      </trkpt>
      <trkpt lat="54.84611" lon="25.5026">
        <ele>119</ele>
        <time>2026-04-30T18:24:12+00:00</time>
      </trkpt>
      <trkpt lat="54.84618" lon="25.50242">
        <ele>159</ele>
        <time>2026-04-30T18:24:15+00:00</time>
      </trkpt>
      <trkpt lat="54.8462" lon="25.50238">
        <ele>119</ele>
        <time>2026-04-30T18:24:18+00:00</time>
      </trkpt>
      <trkpt lat="54.84621" lon="25.50236">
        <ele>119</ele>
        <time>2026-04-30T18:24:21+00:00</time>
      </trkpt>
      <trkpt lat="54.84622" lon="25.50234">
        <ele>119</ele>
        <time>2026-04-30T18:24:24+00:00</time>
      </trkpt>
      <trkpt lat="54.84625" lon="25.50225">
        <ele>119</ele>
        <time>2026-04-30T18:24:27+00:00</time>
      </trkpt>
      <trkpt lat="54.84626" lon="25.50223">
        <ele>119</ele>
        <time>2026-04-30T18:24:30+00:00</time>
      </trkpt>
      <trkpt lat="54.84628" lon="25.50216">
        <ele>161</ele>
        <time>2026-04-30T18:24:33+00:00</time>
      </trkpt>
      <trkpt lat="54.84631" lon="25.50213">
        <ele>119</ele>
        <time>2026-04-30T18:24:36+00:00</time>
      </trkpt>
      <trkpt lat="54.84633" lon="25.50208">
        <ele>119</ele>
        <time>2026-04-30T18:24:39+00:00</time>
      </trkpt>
      <trkpt lat="54.84636" lon="25.50204">
        <ele>118</ele>
        <time>2026-04-30T18:24:42+00:00</time>
      </trkpt>
      <trkpt lat="54.84638" lon="25.50199">
        <ele>117</ele>
        <time>2026-04-30T18:24:45+00:00</time>
      </trkpt>
      <trkpt lat="54.84639" lon="25.50192">
        <ele>161</ele>
        <time>2026-04-30T18:24:48+00:00</time>
      </trkpt>
      <trkpt lat="54.84638" lon="25.50166">
        <ele>118</ele>
        <time>2026-04-30T18:24:51+00:00</time>
      </trkpt>
      <trkpt lat="54.84637" lon="25.50163">
        <ele>161</ele>
        <time>2026-04-30T18:24:54+00:00</time>
      </trkpt>
      <trkpt lat="54.84637" lon="25.50157">
        <ele>118</ele>
        <time>2026-04-30T18:24:57+00:00</time>
      </trkpt>
      <trkpt lat="54.84637" lon="25.50155">
        <ele>118</ele>
        <time>2026-04-30T18:25:00+00:00</time>
      </trkpt>
      <trkpt lat="54.84636" lon="25.50147">
        <ele>118</ele>
        <time>2026-04-30T18:25:03+00:00</time>
      </trkpt>
      <trkpt lat="54.84635" lon="25.50143">
        <ele>118</ele>
        <time>2026-04-30T18:25:06+00:00</time>
      </trkpt>
      <trkpt lat="54.84634" lon="25.50132">
        <ele>153</ele>
        <time>2026-04-30T18:25:09+00:00</time>
      </trkpt>
      <trkpt lat="54.84634" lon="25.50129">
        <ele>119</ele>
        <time>2026-04-30T18:25:12+00:00</time>
      </trkpt>
      <trkpt lat="54.84634" lon="25.50119">
        <ele>119</ele>
        <time>2026-04-30T18:25:15+00:00</time>
      </trkpt>
      <trkpt lat="54.84633" lon="25.50118">
        <ele>119</ele>
        <time>2026-04-30T18:25:18+00:00</time>
      </trkpt>
      <trkpt lat="54.84632" lon="25.50115">
        <ele>119</ele>
        <time>2026-04-30T18:25:21+00:00</time>
      </trkpt>
      <trkpt lat="54.84632" lon="25.5011">
        <ele>119</ele>
        <time>2026-04-30T18:25:24+00:00</time>
      </trkpt>
      <trkpt lat="54.84631" lon="25.50107">
        <ele>119</ele>
        <time>2026-04-30T18:25:27+00:00</time>
      </trkpt>
      <trkpt lat="54.84631" lon="25.50086">
        <ele>158</ele>
        <time>2026-04-30T18:25:30+00:00</time>
      </trkpt>
      <trkpt lat="54.84628" lon="25.50068">
        <ele>119</ele>
        <time>2026-04-30T18:25:33+00:00</time>
      </trkpt>
      <trkpt lat="54.84628" lon="25.50057">
        <ele>159</ele>
        <time>2026-04-30T18:25:36+00:00</time>
      </trkpt>
      <trkpt lat="54.84627" lon="25.50053">
        <ele>119</ele>
        <time>2026-04-30T18:25:39+00:00</time>
      </trkpt>
      <trkpt lat="54.84627" lon="25.50044">
        <ele>119</ele>
        <time>2026-04-30T18:25:42+00:00</time>
      </trkpt>
      <trkpt lat="54.84626" lon="25.50039">
        <ele>119</ele>
        <time>2026-04-30T18:25:45+00:00</time>
      </trkpt>
      <trkpt lat="54.84626" lon="25.50024">
        <ele>149</ele>
        <time>2026-04-30T18:25:48+00:00</time>
      </trkpt>
      <trkpt lat="54.84626" lon="25.50017">
        <ele>119</ele>
        <time>2026-04-30T18:25:51+00:00</time>
      </trkpt>
      <trkpt lat="54.84625" lon="25.50013">
        <ele>119</ele>
        <time>2026-04-30T18:25:54+00:00</time>
      </trkpt>
      <trkpt lat="54.84625" lon="25.50005">
        <ele>119</ele>
        <time>2026-04-30T18:25:57+00:00</time>
      </trkpt>
      <trkpt lat="54.84624" lon="25.50001">
        <ele>119</ele>
        <time>2026-04-30T18:26:00+00:00</time>
      </trkpt>
      <trkpt lat="54.84624" lon="25.49987">
        <ele>140</ele>
        <time>2026-04-30T18:26:03+00:00</time>
      </trkpt>
      <trkpt lat="54.84624" lon="25.49981">
        <ele>119</ele>
        <time>2026-04-30T18:26:06+00:00</time>
      </trkpt>
      <trkpt lat="54.84623" lon="25.49971">
        <ele>119</ele>
        <time>2026-04-30T18:26:09+00:00</time>
      </trkpt>
      <trkpt lat="54.84622" lon="25.49964">
        <ele>119</ele>
        <time>2026-04-30T18:26:12+00:00</time>
      </trkpt>
      <trkpt lat="54.84621" lon="25.49956">
        <ele>139</ele>
        <time>2026-04-30T18:26:15+00:00</time>
      </trkpt>
      <trkpt lat="54.8462" lon="25.49948">
        <ele>119</ele>
        <time>2026-04-30T18:26:18+00:00</time>
      </trkpt>
      <trkpt lat="54.84619" lon="25.49944">
        <ele>119</ele>
        <time>2026-04-30T18:26:21+00:00</time>
      </trkpt>
      <trkpt lat="54.84619" lon="25.49939">
        <ele>119</ele>
        <time>2026-04-30T18:26:24+00:00</time>
      </trkpt>
      <trkpt lat="54.84619" lon="25.49935">
        <ele>119</ele>
        <time>2026-04-30T18:26:27+00:00</time>
      </trkpt>
      <trkpt lat="54.84619" lon="25.49928">
        <ele>138</ele>
        <time>2026-04-30T18:26:30+00:00</time>
      </trkpt>
      <trkpt lat="54.84617" lon="25.49913">
        <ele>120</ele>
        <time>2026-04-30T18:26:33+00:00</time>
      </trkpt>
      <trkpt lat="54.84616" lon="25.49898">
        <ele>137</ele>
        <time>2026-04-30T18:26:36+00:00</time>
      </trkpt>
      <trkpt lat="54.84615" lon="25.49883">
        <ele>120</ele>
        <time>2026-04-30T18:26:39+00:00</time>
      </trkpt>
      <trkpt lat="54.84615" lon="25.49877">
        <ele>120</ele>
        <time>2026-04-30T18:26:42+00:00</time>
      </trkpt>
      <trkpt lat="54.84613" lon="25.49868">
        <ele>137</ele>
        <time>2026-04-30T18:26:45+00:00</time>
      </trkpt>
      <trkpt lat="54.84613" lon="25.49853">
        <ele>120</ele>
        <time>2026-04-30T18:26:48+00:00</time>
      </trkpt>
      <trkpt lat="54.84611" lon="25.49845">
        <ele>120</ele>
        <time>2026-04-30T18:26:51+00:00</time>
      </trkpt>
      <trkpt lat="54.84611" lon="25.49836">
        <ele>138</ele>
        <time>2026-04-30T18:26:54+00:00</time>
      </trkpt>
      <trkpt lat="54.84608" lon="25.49824">
        <ele>120</ele>
        <time>2026-04-30T18:26:57+00:00</time>
      </trkpt>
      <trkpt lat="54.84608" lon="25.49817">
        <ele>120</ele>
        <time>2026-04-30T18:27:00+00:00</time>
      </trkpt>
      <trkpt lat="54.84607" lon="25.49813">
        <ele>120</ele>
        <time>2026-04-30T18:27:03+00:00</time>
      </trkpt>
      <trkpt lat="54.84603" lon="25.49806">
        <ele>140</ele>
        <time>2026-04-30T18:27:06+00:00</time>
      </trkpt>
      <trkpt lat="54.84602" lon="25.49804">
        <ele>119</ele>
        <time>2026-04-30T18:27:09+00:00</time>
      </trkpt>
      <trkpt lat="54.84603" lon="25.49803">
        <ele>119</ele>
        <time>2026-04-30T18:27:12+00:00</time>
      </trkpt>
      <trkpt lat="54.84604" lon="25.49803">
        <ele>119</ele>
        <time>2026-04-30T18:27:15+00:00</time>
      </trkpt>
      <trkpt lat="54.84604" lon="25.49804">
        <ele>119</ele>
        <time>2026-04-30T18:27:18+00:00</time>
      </trkpt>
      <trkpt lat="54.84603" lon="25.49805">
        <ele>119</ele>
        <time>2026-04-30T18:27:21+00:00</time>
      </trkpt>
      <trkpt lat="54.84603" lon="25.49804">
        <ele>119</ele>
        <time>2026-04-30T18:27:24+00:00</time>
      </trkpt>
      <trkpt lat="54.84603" lon="25.49797">
        <ele>118</ele>
        <time>2026-04-30T18:27:27+00:00</time>
      </trkpt>
      <trkpt lat="54.84604" lon="25.49795">
        <ele>118</ele>
        <time>2026-04-30T18:27:30+00:00</time>
      </trkpt>
      <trkpt lat="54.84605" lon="25.49792">
        <ele>118</ele>
        <time>2026-04-30T18:27:33+00:00</time>
      </trkpt>
      <trkpt lat="54.84605" lon="25.4979">
        <ele>149</ele>
        <time>2026-04-30T18:27:36+00:00</time>
      </trkpt>
      <trkpt lat="54.84608" lon="25.49787">
        <ele>118</ele>
        <time>2026-04-30T18:27:39+00:00</time>
      </trkpt>
      <trkpt lat="54.84636" lon="25.49783">
        <ele>152</ele>
        <time>2026-04-30T18:27:42+00:00</time>
      </trkpt>
      <trkpt lat="54.84648" lon="25.4978">
        <ele>119</ele>
        <time>2026-04-30T18:27:45+00:00</time>
      </trkpt>
      <trkpt lat="54.84662" lon="25.49779">
        <ele>152</ele>
        <time>2026-04-30T18:27:48+00:00</time>
      </trkpt>
      <trkpt lat="54.84675" lon="25.49775">
        <ele>119</ele>
        <time>2026-04-30T18:27:51+00:00</time>
      </trkpt>
      <trkpt lat="54.84698" lon="25.49774">
        <ele>166</ele>
        <time>2026-04-30T18:27:54+00:00</time>
      </trkpt>
      <trkpt lat="54.84703" lon="25.49776">
        <ele>120</ele>
        <time>2026-04-30T18:27:57+00:00</time>
      </trkpt>
      <trkpt lat="54.84707" lon="25.49777">
        <ele>120</ele>
        <time>2026-04-30T18:28:00+00:00</time>
      </trkpt>
      <trkpt lat="54.84719" lon="25.49785">
        <ele>180</ele>
        <time>2026-04-30T18:28:03+00:00</time>
      </trkpt>
      <trkpt lat="54.84725" lon="25.4979">
        <ele>120</ele>
        <time>2026-04-30T18:28:06+00:00</time>
      </trkpt>
      <trkpt lat="54.84734" lon="25.49798">
        <ele>180</ele>
        <time>2026-04-30T18:28:09+00:00</time>
      </trkpt>
      <trkpt lat="54.84737" lon="25.49804">
        <ele>120</ele>
        <time>2026-04-30T18:28:12+00:00</time>
      </trkpt>
      <trkpt lat="54.84739" lon="25.49805">
        <ele>120</ele>
        <time>2026-04-30T18:28:15+00:00</time>
      </trkpt>
      <trkpt lat="54.84744" lon="25.49811">
        <ele>120</ele>
        <time>2026-04-30T18:28:18+00:00</time>
      </trkpt>
      <trkpt lat="54.84754" lon="25.4982">
        <ele>182</ele>
        <time>2026-04-30T18:28:21+00:00</time>
      </trkpt>
      <trkpt lat="54.84756" lon="25.49822">
        <ele>120</ele>
        <time>2026-04-30T18:28:24+00:00</time>
      </trkpt>
      <trkpt lat="54.8476" lon="25.49823">
        <ele>120</ele>
        <time>2026-04-30T18:28:27+00:00</time>
      </trkpt>
      <trkpt lat="54.84762" lon="25.49822">
        <ele>120</ele>
        <time>2026-04-30T18:28:30+00:00</time>
      </trkpt>
      <trkpt lat="54.84773" lon="25.49828">
        <ele>185</ele>
        <time>2026-04-30T18:28:33+00:00</time>
      </trkpt>
      <trkpt lat="54.84783" lon="25.49836">
        <ele>120</ele>
        <time>2026-04-30T18:28:36+00:00</time>
      </trkpt>
      <trkpt lat="54.84793" lon="25.49843">
        <ele>185</ele>
        <time>2026-04-30T18:28:39+00:00</time>
      </trkpt>
      <trkpt lat="54.84797" lon="25.49847">
        <ele>120</ele>
        <time>2026-04-30T18:28:42+00:00</time>
      </trkpt>
      <trkpt lat="54.84803" lon="25.49855">
        <ele>120</ele>
        <time>2026-04-30T18:28:45+00:00</time>
      </trkpt>
      <trkpt lat="54.84806" lon="25.4986">
        <ele>187</ele>
        <time>2026-04-30T18:28:48+00:00</time>
      </trkpt>
      <trkpt lat="54.84813" lon="25.49879">
        <ele>120</ele>
        <time>2026-04-30T18:28:51+00:00</time>
      </trkpt>
      <trkpt lat="54.8482" lon="25.4989">
        <ele>187</ele>
        <time>2026-04-30T18:28:54+00:00</time>
      </trkpt>
      <trkpt lat="54.84824" lon="25.49895">
        <ele>120</ele>
        <time>2026-04-30T18:28:57+00:00</time>
      </trkpt>
      <trkpt lat="54.84831" lon="25.499">
        <ele>120</ele>
        <time>2026-04-30T18:29:00+00:00</time>
      </trkpt>
      <trkpt lat="54.84837" lon="25.49909">
        <ele>186</ele>
        <time>2026-04-30T18:29:03+00:00</time>
      </trkpt>
      <trkpt lat="54.84845" lon="25.49935">
        <ele>183</ele>
        <time>2026-04-30T18:29:06+00:00</time>
      </trkpt>
      <trkpt lat="54.84851" lon="25.49954">
        <ele>121</ele>
        <time>2026-04-30T18:29:09+00:00</time>
      </trkpt>
      <trkpt lat="54.84855" lon="25.49972">
        <ele>161</ele>
        <time>2026-04-30T18:29:12+00:00</time>
      </trkpt>
      <trkpt lat="54.84859" lon="25.49981">
        <ele>121</ele>
        <time>2026-04-30T18:29:15+00:00</time>
      </trkpt>
      <trkpt lat="54.84867" lon="25.49997">
        <ele>157</ele>
        <time>2026-04-30T18:29:18+00:00</time>
      </trkpt>
      <trkpt lat="54.84868" lon="25.50002">
        <ele>121</ele>
        <time>2026-04-30T18:29:21+00:00</time>
      </trkpt>
      <trkpt lat="54.8487" lon="25.50007">
        <ele>121</ele>
        <time>2026-04-30T18:29:24+00:00</time>
      </trkpt>
      <trkpt lat="54.84875" lon="25.50031">
        <ele>162</ele>
        <time>2026-04-30T18:29:27+00:00</time>
      </trkpt>
      <trkpt lat="54.84877" lon="25.50039">
        <ele>121</ele>
        <time>2026-04-30T18:29:30+00:00</time>
      </trkpt>
      <trkpt lat="54.84883" lon="25.50053">
        <ele>120</ele>
        <time>2026-04-30T18:29:33+00:00</time>
      </trkpt>
      <trkpt lat="54.84884" lon="25.50057">
        <ele>167</ele>
        <time>2026-04-30T18:29:36+00:00</time>
      </trkpt>
      <trkpt lat="54.84885" lon="25.50064">
        <ele>120</ele>
        <time>2026-04-30T18:29:39+00:00</time>
      </trkpt>
      <trkpt lat="54.84887" lon="25.50067">
        <ele>120</ele>
        <time>2026-04-30T18:29:42+00:00</time>
      </trkpt>
      <trkpt lat="54.84887" lon="25.5007">
        <ele>120</ele>
        <time>2026-04-30T18:29:45+00:00</time>
      </trkpt>
      <trkpt lat="54.8489" lon="25.50082">
        <ele>167</ele>
        <time>2026-04-30T18:29:48+00:00</time>
      </trkpt>
      <trkpt lat="54.84893" lon="25.50092">
        <ele>120</ele>
        <time>2026-04-30T18:29:51+00:00</time>
      </trkpt>
      <trkpt lat="54.84896" lon="25.50124">
        <ele>165</ele>
        <time>2026-04-30T18:29:54+00:00</time>
      </trkpt>
      <trkpt lat="54.84896" lon="25.50134">
        <ele>119</ele>
        <time>2026-04-30T18:29:57+00:00</time>
      </trkpt>
      <trkpt lat="54.84899" lon="25.50161">
        <ele>160</ele>
        <time>2026-04-30T18:30:00+00:00</time>
      </trkpt>
      <trkpt lat="54.84899" lon="25.50166">
        <ele>119</ele>
        <time>2026-04-30T18:30:03+00:00</time>
      </trkpt>
      <trkpt lat="54.84903" lon="25.50175">
        <ele>119</ele>
        <time>2026-04-30T18:30:06+00:00</time>
      </trkpt>
      <trkpt lat="54.84905" lon="25.50184">
        <ele>119</ele>
        <time>2026-04-30T18:30:09+00:00</time>
      </trkpt>
      <trkpt lat="54.84906" lon="25.50189">
        <ele>160</ele>
        <time>2026-04-30T18:30:12+00:00</time>
      </trkpt>
      <trkpt lat="54.84906" lon="25.50203">
        <ele>119</ele>
        <time>2026-04-30T18:30:15+00:00</time>
      </trkpt>
      <trkpt lat="54.84906" lon="25.50208">
        <ele>119</ele>
        <time>2026-04-30T18:30:18+00:00</time>
      </trkpt>
      <trkpt lat="54.84906" lon="25.50214">
        <ele>119</ele>
        <time>2026-04-30T18:30:21+00:00</time>
      </trkpt>
      <trkpt lat="54.84907" lon="25.50222">
        <ele>164</ele>
        <time>2026-04-30T18:30:24+00:00</time>
      </trkpt>
      <trkpt lat="54.84907" lon="25.50227">
        <ele>119</ele>
        <time>2026-04-30T18:30:27+00:00</time>
      </trkpt>
      <trkpt lat="54.84909" lon="25.50233">
        <ele>119</ele>
        <time>2026-04-30T18:30:30+00:00</time>
      </trkpt>
      <trkpt lat="54.84911" lon="25.50243">
        <ele>119</ele>
        <time>2026-04-30T18:30:33+00:00</time>
      </trkpt>
      <trkpt lat="54.84913" lon="25.50254">
        <ele>168</ele>
        <time>2026-04-30T18:30:36+00:00</time>
      </trkpt>
    </trkseg>
  </trk>
</gpx>
