<?xml version="1.0"?>
<gpx version="1.0"
creator="Viking 1.7 -- http://viking.sf.net/"
xmlns:xsi="http://www.w3.org/2001/XMLSchema-instance"
xmlns="http://www.topografix.com/GPX/1/0"
xsi:schemaLocation="http://www.topografix.com/GPX/1/0 http://www.topografix.com/GPX/1/0/gpx.xsd">
<trk>
  <name>VIKING_TR001#2</name>
  <trkseg>
  <trkpt lat="54.72723167" lon="25.262485">
    <ele>176</ele>
    <time>2022-01-18T18:47:11Z</time>
  </trkpt>
  <trkpt lat="54.72723" lon="25.26249">
    <ele>176</ele>
    <time>2022-01-18T18:47:12Z</time>
  </trkpt>
  <trkpt lat="54.72722833" lon="25.26250167">
    <ele>176</ele>
    <time>2022-01-18T18:47:13Z</time>
  </trkpt>
  <trkpt lat="54.72722833" lon="25.26252167">
    <ele>176</ele>
    <time>2022-01-18T18:47:14Z</time>
  </trkpt>
  <trkpt lat="54.72722667" lon="25.26254833">
    <ele>176</ele>
    <time>2022-01-18T18:47:15Z</time>
  </trkpt>
  <trkpt lat="54.72722833" lon="25.26257833">
    <ele>176</ele>
    <time>2022-01-18T18:47:16Z</time>
  </trkpt>
  <trkpt lat="54.72723" lon="25.26261">
    <ele>176</ele>
    <time>2022-01-18T18:47:17Z</time>
  </trkpt>
  <trkpt lat="54.72723" lon="25.26264833">
    <ele>175</ele>
    <time>2022-01-18T18:47:18Z</time>
  </trkpt>
  <trkpt lat="54.72723167" lon="25.262685">
    <ele>175</ele>
    <time>2022-01-18T18:47:19Z</time>
  </trkpt>
  <trkpt lat="54.72723333" lon="25.26272167">
    <ele>175</ele>
    <time>2022-01-18T18:47:20Z</time>
  </trkpt>
  <trkpt lat="54.72723667" lon="25.26276167">
    <ele>175</ele>
    <time>2022-01-18T18:47:21Z</time>
  </trkpt>
  <trkpt lat="54.72724" lon="25.26280333">
    <ele>175</ele>
    <time>2022-01-18T18:47:22Z</time>
  </trkpt>
  <trkpt lat="54.72724333" lon="25.26284667">
    <ele>176</ele>
    <time>2022-01-18T18:47:23Z</time>
  </trkpt>
  <trkpt lat="54.727255" lon="25.26289333">
    <ele>176</ele>
    <time>2022-01-18T18:47:24Z</time>
  </trkpt>
  <trkpt lat="54.72726333" lon="25.26293167">
    <ele>176</ele>
    <time>2022-01-18T18:47:25Z</time>
  </trkpt>
  <trkpt lat="54.72727" lon="25.26297167">
    <ele>176</ele>
    <time>2022-01-18T18:47:26Z</time>
  </trkpt>
  <trkpt lat="54.72727167" lon="25.263005">
    <ele>177</ele>
    <time>2022-01-18T18:47:27Z</time>
  </trkpt>
  <trkpt lat="54.727265" lon="25.26304667">
    <ele>177</ele>
    <time>2022-01-18T18:47:28Z</time>
  </trkpt>
  <trkpt lat="54.72726" lon="25.26309167">
    <ele>177</ele>
    <time>2022-01-18T18:47:29Z</time>
  </trkpt>
  <trkpt lat="54.72726" lon="25.26313833">
    <ele>177</ele>
    <time>2022-01-18T18:47:30Z</time>
  </trkpt>
  <trkpt lat="54.72726167" lon="25.26318333">
    <ele>177</ele>
    <time>2022-01-18T18:47:31Z</time>
  </trkpt>
  <trkpt lat="54.727265" lon="25.263225">
    <ele>177</ele>
    <time>2022-01-18T18:47:32Z</time>
  </trkpt>
  <trkpt lat="54.72727" lon="25.26326833">
    <ele>177</ele>
    <time>2022-01-18T18:47:33Z</time>
  </trkpt>
  <trkpt lat="54.72727667" lon="25.263315">
    <ele>178</ele>
    <time>2022-01-18T18:47:34Z</time>
  </trkpt>
  <trkpt lat="54.72728333" lon="25.26335833">
    <ele>178</ele>
    <time>2022-01-18T18:47:35Z</time>
  </trkpt>
  <trkpt lat="54.727285" lon="25.26340333">
    <ele>179</ele>
    <time>2022-01-18T18:47:36Z</time>
  </trkpt>
  <trkpt lat="54.72728667" lon="25.26344667">
    <ele>179</ele>
    <time>2022-01-18T18:47:37Z</time>
  </trkpt>
  <trkpt lat="54.72729167" lon="25.26349333">
    <ele>180</ele>
    <time>2022-01-18T18:47:38Z</time>
  </trkpt>
  <trkpt lat="54.72729833" lon="25.26354667">
    <ele>180</ele>
    <time>2022-01-18T18:47:39Z</time>
  </trkpt>
  <trkpt lat="54.72730833" lon="25.2636">
    <ele>180</ele>
    <time>2022-01-18T18:47:40Z</time>
  </trkpt>
  <trkpt lat="54.72732" lon="25.26365167">
    <ele>180</ele>
    <time>2022-01-18T18:47:41Z</time>
  </trkpt>
  <trkpt lat="54.72733" lon="25.26369667">
    <ele>180</ele>
    <time>2022-01-18T18:47:42Z</time>
  </trkpt>
  <trkpt lat="54.72733833" lon="25.26374833">
    <ele>181</ele>
    <time>2022-01-18T18:47:43Z</time>
  </trkpt>
  <trkpt lat="54.72734833" lon="25.26378833">
    <ele>181</ele>
    <time>2022-01-18T18:47:44Z</time>
  </trkpt>
  <trkpt lat="54.72736" lon="25.263825">
    <ele>181</ele>
    <time>2022-01-18T18:47:45Z</time>
  </trkpt>
  <trkpt lat="54.72737333" lon="25.26387333">
    <ele>181</ele>
    <time>2022-01-18T18:47:46Z</time>
  </trkpt>
  <trkpt lat="54.72738167" lon="25.26391167">
    <ele>181</ele>
    <time>2022-01-18T18:47:47Z</time>
  </trkpt>
  <trkpt lat="54.72739167" lon="25.26395167">
    <ele>182</ele>
    <time>2022-01-18T18:47:48Z</time>
  </trkpt>
  <trkpt lat="54.7274" lon="25.26399333">
    <ele>182</ele>
    <time>2022-01-18T18:47:49Z</time>
  </trkpt>
  <trkpt lat="54.72740833" lon="25.264035">
    <ele>182</ele>
    <time>2022-01-18T18:47:50Z</time>
  </trkpt>
  <trkpt lat="54.72741833" lon="25.264075">
    <ele>183</ele>
    <time>2022-01-18T18:47:51Z</time>
  </trkpt>
  <trkpt lat="54.72742833" lon="25.26412">
    <ele>183</ele>
    <time>2022-01-18T18:47:52Z</time>
  </trkpt>
  <trkpt lat="54.72743667" lon="25.264165">
    <ele>183</ele>
    <time>2022-01-18T18:47:53Z</time>
  </trkpt>
  <trkpt lat="54.72744167" lon="25.26420667">
    <ele>182</ele>
    <time>2022-01-18T18:47:54Z</time>
  </trkpt>
  <trkpt lat="54.727445" lon="25.26424333">
    <ele>182</ele>
    <time>2022-01-18T18:47:55Z</time>
  </trkpt>
  <trkpt lat="54.72744667" lon="25.26427333">
    <ele>182</ele>
    <time>2022-01-18T18:47:56Z</time>
  </trkpt>
  <trkpt lat="54.72744333" lon="25.26429667">
    <ele>182</ele>
    <time>2022-01-18T18:47:57Z</time>
  </trkpt>
  <trkpt lat="54.72744" lon="25.26431667">
    <ele>181</ele>
    <time>2022-01-18T18:47:58Z</time>
  </trkpt>
  <trkpt lat="54.72743667" lon="25.26432667">
    <ele>181</ele>
    <time>2022-01-18T18:47:59Z</time>
  </trkpt>
  <trkpt lat="54.727435" lon="25.26433">
    <ele>180</ele>
    <time>2022-01-18T18:48:00Z</time>
  </trkpt>
  <trkpt lat="54.72743667" lon="25.26433">
    <ele>180</ele>
    <time>2022-01-18T18:48:01Z</time>
  </trkpt>
  <trkpt lat="54.72744" lon="25.26432333">
    <ele>179</ele>
    <time>2022-01-18T18:48:02Z</time>
  </trkpt>
  <trkpt lat="54.72744" lon="25.264315">
    <ele>179</ele>
    <time>2022-01-18T18:48:03Z</time>
  </trkpt>
  <trkpt lat="54.72744667" lon="25.26432667">
    <ele>179</ele>
    <time>2022-01-18T18:48:04Z</time>
  </trkpt>
  <trkpt lat="54.72744333" lon="25.264365">
    <ele>178</ele>
    <time>2022-01-18T18:48:05Z</time>
  </trkpt>
  <trkpt lat="54.72743833" lon="25.26441333">
    <ele>178</ele>
    <time>2022-01-18T18:48:06Z</time>
  </trkpt>
  <trkpt lat="54.72742667" lon="25.26445667">
    <ele>178</ele>
    <time>2022-01-18T18:48:07Z</time>
  </trkpt>
  <trkpt lat="54.72741167" lon="25.26449333">
    <ele>179</ele>
    <time>2022-01-18T18:48:08Z</time>
  </trkpt>
  <trkpt lat="54.72739333" lon="25.26452333">
    <ele>179</ele>
    <time>2022-01-18T18:48:09Z</time>
  </trkpt>
  <trkpt lat="54.72737333" lon="25.264555">
    <ele>179</ele>
    <time>2022-01-18T18:48:10Z</time>
  </trkpt>
  <trkpt lat="54.72735167" lon="25.26458">
    <ele>179</ele>
    <time>2022-01-18T18:48:11Z</time>
  </trkpt>
  <trkpt lat="54.72732667" lon="25.2646">
    <ele>179</ele>
    <time>2022-01-18T18:48:12Z</time>
  </trkpt>
  <trkpt lat="54.72729833" lon="25.264615">
    <ele>179</ele>
    <time>2022-01-18T18:48:13Z</time>
  </trkpt>
  <trkpt lat="54.72726833" lon="25.26462833">
    <ele>179</ele>
    <time>2022-01-18T18:48:14Z</time>
  </trkpt>
  <trkpt lat="54.72723833" lon="25.26464">
    <ele>179</ele>
    <time>2022-01-18T18:48:15Z</time>
  </trkpt>
  <trkpt lat="54.72721" lon="25.26464833">
    <ele>179</ele>
    <time>2022-01-18T18:48:16Z</time>
  </trkpt>
  <trkpt lat="54.72717833" lon="25.26465833">
    <ele>179</ele>
    <time>2022-01-18T18:48:17Z</time>
  </trkpt>
  <trkpt lat="54.72714667" lon="25.26466333">
    <ele>179</ele>
    <time>2022-01-18T18:48:18Z</time>
  </trkpt>
  <trkpt lat="54.72711333" lon="25.26467">
    <ele>179</ele>
    <time>2022-01-18T18:48:19Z</time>
  </trkpt>
  <trkpt lat="54.727075" lon="25.264675">
    <ele>179</ele>
    <time>2022-01-18T18:48:20Z</time>
  </trkpt>
  <trkpt lat="54.72704333" lon="25.26467667">
    <ele>180</ele>
    <time>2022-01-18T18:48:21Z</time>
  </trkpt>
  <trkpt lat="54.72700667" lon="25.264675">
    <ele>180</ele>
    <time>2022-01-18T18:48:22Z</time>
  </trkpt>
  <trkpt lat="54.72698" lon="25.26466833">
    <ele>180</ele>
    <time>2022-01-18T18:48:23Z</time>
  </trkpt>
  <trkpt lat="54.72695333" lon="25.26465833">
    <ele>180</ele>
    <time>2022-01-18T18:48:24Z</time>
  </trkpt>
  <trkpt lat="54.726925" lon="25.264645">
    <ele>180</ele>
    <time>2022-01-18T18:48:25Z</time>
  </trkpt>
  <trkpt lat="54.72689667" lon="25.26463167">
    <ele>179</ele>
    <time>2022-01-18T18:48:26Z</time>
  </trkpt>
  <trkpt lat="54.72687" lon="25.26461167">
    <ele>179</ele>
    <time>2022-01-18T18:48:27Z</time>
  </trkpt>
  <trkpt lat="54.72684167" lon="25.26459167">
    <ele>179</ele>
    <time>2022-01-18T18:48:28Z</time>
  </trkpt>
  <trkpt lat="54.72681333" lon="25.26457667">
    <ele>179</ele>
    <time>2022-01-18T18:48:29Z</time>
  </trkpt>
  <trkpt lat="54.726785" lon="25.26457">
    <ele>179</ele>
    <time>2022-01-18T18:48:30Z</time>
  </trkpt>
  <trkpt lat="54.72676" lon="25.26457">
    <ele>179</ele>
    <time>2022-01-18T18:48:31Z</time>
  </trkpt>
  <trkpt lat="54.72673167" lon="25.26457">
    <ele>179</ele>
    <time>2022-01-18T18:48:32Z</time>
  </trkpt>
  <trkpt lat="54.72670333" lon="25.26456833">
    <ele>180</ele>
    <time>2022-01-18T18:48:33Z</time>
  </trkpt>
  <trkpt lat="54.72667167" lon="25.26456333">
    <ele>180</ele>
    <time>2022-01-18T18:48:34Z</time>
  </trkpt>
  <trkpt lat="54.72664833" lon="25.26455833">
    <ele>180</ele>
    <time>2022-01-18T18:48:35Z</time>
  </trkpt>
  <trkpt lat="54.72662" lon="25.26455">
    <ele>180</ele>
    <time>2022-01-18T18:48:36Z</time>
  </trkpt>
  <trkpt lat="54.72658833" lon="25.26454167">
    <ele>181</ele>
    <time>2022-01-18T18:48:37Z</time>
  </trkpt>
  <trkpt lat="54.72655333" lon="25.26452833">
    <ele>181</ele>
    <time>2022-01-18T18:48:38Z</time>
  </trkpt>
  <trkpt lat="54.72652333" lon="25.26452167">
    <ele>181</ele>
    <time>2022-01-18T18:48:39Z</time>
  </trkpt>
  <trkpt lat="54.7265" lon="25.264525">
    <ele>181</ele>
    <time>2022-01-18T18:48:40Z</time>
  </trkpt>
  <trkpt lat="54.72648333" lon="25.26453667">
    <ele>181</ele>
    <time>2022-01-18T18:48:41Z</time>
  </trkpt>
  <trkpt lat="54.72648167" lon="25.26456333">
    <ele>181</ele>
    <time>2022-01-18T18:48:42Z</time>
  </trkpt>
  <trkpt lat="54.72648333" lon="25.26459833">
    <ele>181</ele>
    <time>2022-01-18T18:48:43Z</time>
  </trkpt>
  <trkpt lat="54.72648833" lon="25.26464">
    <ele>181</ele>
    <time>2022-01-18T18:48:44Z</time>
  </trkpt>
  <trkpt lat="54.72649333" lon="25.26467333">
    <ele>180</ele>
    <time>2022-01-18T18:48:45Z</time>
  </trkpt>
  <trkpt lat="54.72649667" lon="25.26471">
    <ele>180</ele>
    <time>2022-01-18T18:48:46Z</time>
  </trkpt>
  <trkpt lat="54.72650167" lon="25.26474667">
    <ele>180</ele>
    <time>2022-01-18T18:48:47Z</time>
  </trkpt>
  <trkpt lat="54.72650667" lon="25.26478667">
    <ele>179</ele>
    <time>2022-01-18T18:48:48Z</time>
  </trkpt>
  <trkpt lat="54.72651" lon="25.264835">
    <ele>178</ele>
    <time>2022-01-18T18:48:49Z</time>
  </trkpt>
  <trkpt lat="54.72651833" lon="25.264885">
    <ele>178</ele>
    <time>2022-01-18T18:48:50Z</time>
  </trkpt>
  <trkpt lat="54.72652667" lon="25.26493333">
    <ele>177</ele>
    <time>2022-01-18T18:48:51Z</time>
  </trkpt>
  <trkpt lat="54.72653167" lon="25.26498333">
    <ele>177</ele>
    <time>2022-01-18T18:48:52Z</time>
  </trkpt>
  <trkpt lat="54.72653667" lon="25.26503333">
    <ele>177</ele>
    <time>2022-01-18T18:48:53Z</time>
  </trkpt>
  <trkpt lat="54.72654" lon="25.26508333">
    <ele>177</ele>
    <time>2022-01-18T18:48:54Z</time>
  </trkpt>
  <trkpt lat="54.726545" lon="25.26512833">
    <ele>177</ele>
    <time>2022-01-18T18:48:55Z</time>
  </trkpt>
  <trkpt lat="54.726555" lon="25.265175">
    <ele>177</ele>
    <time>2022-01-18T18:48:56Z</time>
  </trkpt>
  <trkpt lat="54.72656833" lon="25.26522167">
    <ele>177</ele>
    <time>2022-01-18T18:48:57Z</time>
  </trkpt>
  <trkpt lat="54.72658667" lon="25.265265">
    <ele>177</ele>
    <time>2022-01-18T18:48:58Z</time>
  </trkpt>
  <trkpt lat="54.72660833" lon="25.26530667">
    <ele>177</ele>
    <time>2022-01-18T18:48:59Z</time>
  </trkpt>
  <trkpt lat="54.72662833" lon="25.26534167">
    <ele>177</ele>
    <time>2022-01-18T18:49:00Z</time>
  </trkpt>
  <trkpt lat="54.72665167" lon="25.265365">
    <ele>177</ele>
    <time>2022-01-18T18:49:01Z</time>
  </trkpt>
  <trkpt lat="54.72667" lon="25.26538833">
    <ele>177</ele>
    <time>2022-01-18T18:49:02Z</time>
  </trkpt>
  <trkpt lat="54.726695" lon="25.265405">
    <ele>178</ele>
    <time>2022-01-18T18:49:03Z</time>
  </trkpt>
  <trkpt lat="54.72672" lon="25.26541167">
    <ele>178</ele>
    <time>2022-01-18T18:49:04Z</time>
  </trkpt>
  <trkpt lat="54.72674667" lon="25.26541833">
    <ele>178</ele>
    <time>2022-01-18T18:49:05Z</time>
  </trkpt>
  <trkpt lat="54.726775" lon="25.26544333">
    <ele>178</ele>
    <time>2022-01-18T18:49:06Z</time>
  </trkpt>
  <trkpt lat="54.72679" lon="25.26544833">
    <ele>178</ele>
    <time>2022-01-18T18:49:07Z</time>
  </trkpt>
  <trkpt lat="54.72679667" lon="25.265455">
    <ele>178</ele>
    <time>2022-01-18T18:49:08Z</time>
  </trkpt>
  <trkpt lat="54.7268" lon="25.26545833">
    <ele>178</ele>
    <time>2022-01-18T18:49:09Z</time>
  </trkpt>
  <trkpt lat="54.72680667" lon="25.26546667">
    <ele>178</ele>
    <time>2022-01-18T18:49:10Z</time>
  </trkpt>
  <trkpt lat="54.72682" lon="25.26547">
    <ele>178</ele>
    <time>2022-01-18T18:49:11Z</time>
  </trkpt>
  <trkpt lat="54.726835" lon="25.26547333">
    <ele>178</ele>
    <time>2022-01-18T18:49:12Z</time>
  </trkpt>
  <trkpt lat="54.72685833" lon="25.26548333">
    <ele>178</ele>
    <time>2022-01-18T18:49:13Z</time>
  </trkpt>
  <trkpt lat="54.72687667" lon="25.26550167">
    <ele>178</ele>
    <time>2022-01-18T18:49:14Z</time>
  </trkpt>
  <trkpt lat="54.72690667" lon="25.26553333">
    <ele>177</ele>
    <time>2022-01-18T18:49:15Z</time>
  </trkpt>
  <trkpt lat="54.72694" lon="25.26557667">
    <ele>177</ele>
    <time>2022-01-18T18:49:16Z</time>
  </trkpt>
  <trkpt lat="54.72697167" lon="25.26563">
    <ele>176</ele>
    <time>2022-01-18T18:49:17Z</time>
  </trkpt>
  <trkpt lat="54.727" lon="25.26569167">
    <ele>176</ele>
    <time>2022-01-18T18:49:18Z</time>
  </trkpt>
  <trkpt lat="54.727025" lon="25.26574167">
    <ele>175</ele>
    <time>2022-01-18T18:49:19Z</time>
  </trkpt>
  <trkpt lat="54.72704667" lon="25.26581167">
    <ele>175</ele>
    <time>2022-01-18T18:49:20Z</time>
  </trkpt>
  <trkpt lat="54.72706" lon="25.26587333">
    <ele>174</ele>
    <time>2022-01-18T18:49:21Z</time>
  </trkpt>
  <trkpt lat="54.727075" lon="25.26594">
    <ele>174</ele>
    <time>2022-01-18T18:49:22Z</time>
  </trkpt>
  <trkpt lat="54.72709333" lon="25.26600333">
    <ele>174</ele>
    <time>2022-01-18T18:49:23Z</time>
  </trkpt>
  <trkpt lat="54.72711" lon="25.26605333">
    <ele>174</ele>
    <time>2022-01-18T18:49:24Z</time>
  </trkpt>
  <trkpt lat="54.727125" lon="25.26612167">
    <ele>174</ele>
    <time>2022-01-18T18:49:25Z</time>
  </trkpt>
  <trkpt lat="54.72713167" lon="25.266185">
    <ele>174</ele>
    <time>2022-01-18T18:49:26Z</time>
  </trkpt>
  <trkpt lat="54.72713333" lon="25.266245">
    <ele>174</ele>
    <time>2022-01-18T18:49:27Z</time>
  </trkpt>
  <trkpt lat="54.72713333" lon="25.26630333">
    <ele>174</ele>
    <time>2022-01-18T18:49:28Z</time>
  </trkpt>
  <trkpt lat="54.72713667" lon="25.26635667">
    <ele>174</ele>
    <time>2022-01-18T18:49:29Z</time>
  </trkpt>
  <trkpt lat="54.72714333" lon="25.26641333">
    <ele>174</ele>
    <time>2022-01-18T18:49:30Z</time>
  </trkpt>
  <trkpt lat="54.727155" lon="25.266465">
    <ele>174</ele>
    <time>2022-01-18T18:49:31Z</time>
  </trkpt>
  <trkpt lat="54.72716833" lon="25.26651333">
    <ele>174</ele>
    <time>2022-01-18T18:49:32Z</time>
  </trkpt>
  <trkpt lat="54.72717833" lon="25.266565">
    <ele>174</ele>
    <time>2022-01-18T18:49:33Z</time>
  </trkpt>
  <trkpt lat="54.72717833" lon="25.26660167">
    <ele>174</ele>
    <time>2022-01-18T18:49:34Z</time>
  </trkpt>
  <trkpt lat="54.72717667" lon="25.26666">
    <ele>174</ele>
    <time>2022-01-18T18:49:35Z</time>
  </trkpt>
  <trkpt lat="54.727175" lon="25.266715">
    <ele>174</ele>
    <time>2022-01-18T18:49:36Z</time>
  </trkpt>
  <trkpt lat="54.72717167" lon="25.26677">
    <ele>174</ele>
    <time>2022-01-18T18:49:37Z</time>
  </trkpt>
  <trkpt lat="54.72717667" lon="25.266825">
    <ele>174</ele>
    <time>2022-01-18T18:49:38Z</time>
  </trkpt>
  <trkpt lat="54.72718" lon="25.26686833">
    <ele>173</ele>
    <time>2022-01-18T18:49:39Z</time>
  </trkpt>
  <trkpt lat="54.72717667" lon="25.26693333">
    <ele>173</ele>
    <time>2022-01-18T18:49:40Z</time>
  </trkpt>
  <trkpt lat="54.72717333" lon="25.266985">
    <ele>172</ele>
    <time>2022-01-18T18:49:41Z</time>
  </trkpt>
  <trkpt lat="54.72717667" lon="25.26702">
    <ele>172</ele>
    <time>2022-01-18T18:49:42Z</time>
  </trkpt>
  <trkpt lat="54.72717333" lon="25.26706833">
    <ele>171</ele>
    <time>2022-01-18T18:49:43Z</time>
  </trkpt>
  <trkpt lat="54.72717167" lon="25.267125">
    <ele>170</ele>
    <time>2022-01-18T18:49:44Z</time>
  </trkpt>
  <trkpt lat="54.72717667" lon="25.26717667">
    <ele>170</ele>
    <time>2022-01-18T18:49:45Z</time>
  </trkpt>
  <trkpt lat="54.727155" lon="25.26722167">
    <ele>170</ele>
    <time>2022-01-18T18:49:46Z</time>
  </trkpt>
  <trkpt lat="54.72713667" lon="25.26728333">
    <ele>169</ele>
    <time>2022-01-18T18:49:47Z</time>
  </trkpt>
  <trkpt lat="54.72712" lon="25.26733167">
    <ele>169</ele>
    <time>2022-01-18T18:49:48Z</time>
  </trkpt>
  <trkpt lat="54.72710833" lon="25.26737667">
    <ele>168</ele>
    <time>2022-01-18T18:49:49Z</time>
  </trkpt>
  <trkpt lat="54.7271" lon="25.26741333">
    <ele>168</ele>
    <time>2022-01-18T18:49:50Z</time>
  </trkpt>
  <trkpt lat="54.72709667" lon="25.26744">
    <ele>167</ele>
    <time>2022-01-18T18:49:51Z</time>
  </trkpt>
  <trkpt lat="54.72709667" lon="25.26746833">
    <ele>166</ele>
    <time>2022-01-18T18:49:52Z</time>
  </trkpt>
  <trkpt lat="54.72709667" lon="25.2675">
    <ele>165</ele>
    <time>2022-01-18T18:49:53Z</time>
  </trkpt>
  <trkpt lat="54.727095" lon="25.26752833">
    <ele>165</ele>
    <time>2022-01-18T18:49:54Z</time>
  </trkpt>
  <trkpt lat="54.72709" lon="25.26758">
    <ele>164</ele>
    <time>2022-01-18T18:49:55Z</time>
  </trkpt>
  <trkpt lat="54.72709167" lon="25.26761667">
    <ele>163</ele>
    <time>2022-01-18T18:49:56Z</time>
  </trkpt>
  <trkpt lat="54.72709333" lon="25.26765833">
    <ele>162</ele>
    <time>2022-01-18T18:49:57Z</time>
  </trkpt>
  <trkpt lat="54.72709167" lon="25.267705">
    <ele>162</ele>
    <time>2022-01-18T18:49:58Z</time>
  </trkpt>
  <trkpt lat="54.72708833" lon="25.26774333">
    <ele>162</ele>
    <time>2022-01-18T18:49:59Z</time>
  </trkpt>
  <trkpt lat="54.72707833" lon="25.2678">
    <ele>161</ele>
    <time>2022-01-18T18:50:00Z</time>
  </trkpt>
  <trkpt lat="54.72706333" lon="25.26784">
    <ele>161</ele>
    <time>2022-01-18T18:50:01Z</time>
  </trkpt>
  <trkpt lat="54.727035" lon="25.26789667">
    <ele>161</ele>
    <time>2022-01-18T18:50:02Z</time>
  </trkpt>
  <trkpt lat="54.72701167" lon="25.26792333">
    <ele>160</ele>
    <time>2022-01-18T18:50:03Z</time>
  </trkpt>
  <trkpt lat="54.72698833" lon="25.267945">
    <ele>159</ele>
    <time>2022-01-18T18:50:04Z</time>
  </trkpt>
  <trkpt lat="54.72695667" lon="25.26798333">
    <ele>159</ele>
    <time>2022-01-18T18:50:05Z</time>
  </trkpt>
  <trkpt lat="54.72693667" lon="25.26801">
    <ele>159</ele>
    <time>2022-01-18T18:50:06Z</time>
  </trkpt>
  <trkpt lat="54.72691333" lon="25.26804">
    <ele>159</ele>
    <time>2022-01-18T18:50:07Z</time>
  </trkpt>
  <trkpt lat="54.72688667" lon="25.26806667">
    <ele>159</ele>
    <time>2022-01-18T18:50:08Z</time>
  </trkpt>
  <trkpt lat="54.72686167" lon="25.26808667">
    <ele>158</ele>
    <time>2022-01-18T18:50:09Z</time>
  </trkpt>
  <trkpt lat="54.72683833" lon="25.268105">
    <ele>157</ele>
    <time>2022-01-18T18:50:10Z</time>
  </trkpt>
  <trkpt lat="54.726815" lon="25.268125">
    <ele>157</ele>
    <time>2022-01-18T18:50:11Z</time>
  </trkpt>
  <trkpt lat="54.72679167" lon="25.26814167">
    <ele>156</ele>
    <time>2022-01-18T18:50:12Z</time>
  </trkpt>
  <trkpt lat="54.72676833" lon="25.26816167">
    <ele>156</ele>
    <time>2022-01-18T18:50:13Z</time>
  </trkpt>
  <trkpt lat="54.72674167" lon="25.268185">
    <ele>155</ele>
    <time>2022-01-18T18:50:14Z</time>
  </trkpt>
  <trkpt lat="54.72671" lon="25.26820667">
    <ele>155</ele>
    <time>2022-01-18T18:50:15Z</time>
  </trkpt>
  <trkpt lat="54.72668333" lon="25.26821833">
    <ele>154</ele>
    <time>2022-01-18T18:50:16Z</time>
  </trkpt>
  <trkpt lat="54.72665667" lon="25.26823">
    <ele>154</ele>
    <time>2022-01-18T18:50:17Z</time>
  </trkpt>
  <trkpt lat="54.72663667" lon="25.268235">
    <ele>154</ele>
    <time>2022-01-18T18:50:18Z</time>
  </trkpt>
  <trkpt lat="54.72661333" lon="25.26824">
    <ele>154</ele>
    <time>2022-01-18T18:50:19Z</time>
  </trkpt>
  <trkpt lat="54.72659" lon="25.26824333">
    <ele>154</ele>
    <time>2022-01-18T18:50:20Z</time>
  </trkpt>
  <trkpt lat="54.72656833" lon="25.26824833">
    <ele>154</ele>
    <time>2022-01-18T18:50:21Z</time>
  </trkpt>
  <trkpt lat="54.726545" lon="25.26825167">
    <ele>154</ele>
    <time>2022-01-18T18:50:22Z</time>
  </trkpt>
  <trkpt lat="54.72652167" lon="25.26826167">
    <ele>154</ele>
    <time>2022-01-18T18:50:23Z</time>
  </trkpt>
  <trkpt lat="54.72649833" lon="25.26827">
    <ele>154</ele>
    <time>2022-01-18T18:50:24Z</time>
  </trkpt>
  <trkpt lat="54.72647667" lon="25.26827167">
    <ele>154</ele>
    <time>2022-01-18T18:50:25Z</time>
  </trkpt>
  <trkpt lat="54.726455" lon="25.26826833">
    <ele>154</ele>
    <time>2022-01-18T18:50:26Z</time>
  </trkpt>
  <trkpt lat="54.72643" lon="25.26827">
    <ele>154</ele>
    <time>2022-01-18T18:50:27Z</time>
  </trkpt>
  <trkpt lat="54.72640667" lon="25.26828167">
    <ele>154</ele>
    <time>2022-01-18T18:50:28Z</time>
  </trkpt>
  <trkpt lat="54.72638" lon="25.268295">
    <ele>155</ele>
    <time>2022-01-18T18:50:29Z</time>
  </trkpt>
  <trkpt lat="54.72635667" lon="25.26831167">
    <ele>156</ele>
    <time>2022-01-18T18:50:30Z</time>
  </trkpt>
  <trkpt lat="54.72633167" lon="25.26833">
    <ele>156</ele>
    <time>2022-01-18T18:50:31Z</time>
  </trkpt>
  <trkpt lat="54.72631" lon="25.26834333">
    <ele>157</ele>
    <time>2022-01-18T18:50:32Z</time>
  </trkpt>
  <trkpt lat="54.72627667" lon="25.268355">
    <ele>157</ele>
    <time>2022-01-18T18:50:33Z</time>
  </trkpt>
  <trkpt lat="54.72624833" lon="25.26836333">
    <ele>158</ele>
    <time>2022-01-18T18:50:34Z</time>
  </trkpt>
  <trkpt lat="54.72622167" lon="25.26836333">
    <ele>158</ele>
    <time>2022-01-18T18:50:35Z</time>
  </trkpt>
  <trkpt lat="54.726195" lon="25.26836333">
    <ele>159</ele>
    <time>2022-01-18T18:50:36Z</time>
  </trkpt>
  <trkpt lat="54.72617167" lon="25.26836833">
    <ele>160</ele>
    <time>2022-01-18T18:50:37Z</time>
  </trkpt>
  <trkpt lat="54.726145" lon="25.26837">
    <ele>160</ele>
    <time>2022-01-18T18:50:38Z</time>
  </trkpt>
  <trkpt lat="54.726115" lon="25.26836333">
    <ele>160</ele>
    <time>2022-01-18T18:50:39Z</time>
  </trkpt>
  <trkpt lat="54.726095" lon="25.26835333">
    <ele>160</ele>
    <time>2022-01-18T18:50:40Z</time>
  </trkpt>
  <trkpt lat="54.72607167" lon="25.26834333">
    <ele>161</ele>
    <time>2022-01-18T18:50:41Z</time>
  </trkpt>
  <trkpt lat="54.72604833" lon="25.26833333">
    <ele>161</ele>
    <time>2022-01-18T18:50:42Z</time>
  </trkpt>
  <trkpt lat="54.72602667" lon="25.268315">
    <ele>161</ele>
    <time>2022-01-18T18:50:43Z</time>
  </trkpt>
  <trkpt lat="54.72600167" lon="25.26830167">
    <ele>161</ele>
    <time>2022-01-18T18:50:44Z</time>
  </trkpt>
  <trkpt lat="54.72596833" lon="25.26829333">
    <ele>161</ele>
    <time>2022-01-18T18:50:45Z</time>
  </trkpt>
  <trkpt lat="54.72595" lon="25.268285">
    <ele>161</ele>
    <time>2022-01-18T18:50:46Z</time>
  </trkpt>
  <trkpt lat="54.725925" lon="25.26826833">
    <ele>161</ele>
    <time>2022-01-18T18:50:47Z</time>
  </trkpt>
  <trkpt lat="54.725905" lon="25.26825333">
    <ele>161</ele>
    <time>2022-01-18T18:50:48Z</time>
  </trkpt>
  <trkpt lat="54.725895" lon="25.26824167">
    <ele>161</ele>
    <time>2022-01-18T18:50:49Z</time>
  </trkpt>
  <trkpt lat="54.72589" lon="25.26823833">
    <ele>160</ele>
    <time>2022-01-18T18:50:50Z</time>
  </trkpt>
  <trkpt lat="54.72588667" lon="25.26823333">
    <ele>160</ele>
    <time>2022-01-18T18:50:51Z</time>
  </trkpt>
  <trkpt lat="54.72588833" lon="25.26824333">
    <ele>159</ele>
    <time>2022-01-18T18:50:52Z</time>
  </trkpt>
  <trkpt lat="54.72588833" lon="25.26825167">
    <ele>159</ele>
    <time>2022-01-18T18:50:53Z</time>
  </trkpt>
  <trkpt lat="54.72588167" lon="25.268265">
    <ele>159</ele>
    <time>2022-01-18T18:50:54Z</time>
  </trkpt>
  <trkpt lat="54.72587" lon="25.26826667">
    <ele>159</ele>
    <time>2022-01-18T18:50:55Z</time>
  </trkpt>
  <trkpt lat="54.72585167" lon="25.26827833">
    <ele>158</ele>
    <time>2022-01-18T18:50:56Z</time>
  </trkpt>
  <trkpt lat="54.72582667" lon="25.26828333">
    <ele>158</ele>
    <time>2022-01-18T18:50:57Z</time>
  </trkpt>
  <trkpt lat="54.7258" lon="25.26828">
    <ele>158</ele>
    <time>2022-01-18T18:50:58Z</time>
  </trkpt>
  <trkpt lat="54.72577167" lon="25.26827">
    <ele>158</ele>
    <time>2022-01-18T18:50:59Z</time>
  </trkpt>
  <trkpt lat="54.72573833" lon="25.26825833">
    <ele>158</ele>
    <time>2022-01-18T18:51:00Z</time>
  </trkpt>
  <trkpt lat="54.72571" lon="25.268255">
    <ele>158</ele>
    <time>2022-01-18T18:51:01Z</time>
  </trkpt>
  <trkpt lat="54.72568667" lon="25.26825167">
    <ele>158</ele>
    <time>2022-01-18T18:51:02Z</time>
  </trkpt>
  <trkpt lat="54.72565833" lon="25.268245">
    <ele>157</ele>
    <time>2022-01-18T18:51:03Z</time>
  </trkpt>
  <trkpt lat="54.72563" lon="25.26824">
    <ele>157</ele>
    <time>2022-01-18T18:51:04Z</time>
  </trkpt>
  <trkpt lat="54.7256" lon="25.268235">
    <ele>157</ele>
    <time>2022-01-18T18:51:05Z</time>
  </trkpt>
  <trkpt lat="54.72557333" lon="25.26823167">
    <ele>157</ele>
    <time>2022-01-18T18:51:06Z</time>
  </trkpt>
  <trkpt lat="54.725545" lon="25.26821667">
    <ele>158</ele>
    <time>2022-01-18T18:51:07Z</time>
  </trkpt>
  <trkpt lat="54.72552333" lon="25.268195">
    <ele>158</ele>
    <time>2022-01-18T18:51:08Z</time>
  </trkpt>
  <trkpt lat="54.72550333" lon="25.268165">
    <ele>159</ele>
    <time>2022-01-18T18:51:09Z</time>
  </trkpt>
  <trkpt lat="54.725485" lon="25.26813333">
    <ele>159</ele>
    <time>2022-01-18T18:51:10Z</time>
  </trkpt>
  <trkpt lat="54.72546667" lon="25.2681">
    <ele>159</ele>
    <time>2022-01-18T18:51:11Z</time>
  </trkpt>
  <trkpt lat="54.725455" lon="25.26806167">
    <ele>160</ele>
    <time>2022-01-18T18:51:12Z</time>
  </trkpt>
  <trkpt lat="54.72545333" lon="25.26802167">
    <ele>160</ele>
    <time>2022-01-18T18:51:13Z</time>
  </trkpt>
  <trkpt lat="54.72545667" lon="25.267985">
    <ele>160</ele>
    <time>2022-01-18T18:51:14Z</time>
  </trkpt>
  <trkpt lat="54.72545833" lon="25.26794167">
    <ele>160</ele>
    <time>2022-01-18T18:51:15Z</time>
  </trkpt>
  <trkpt lat="54.72546167" lon="25.26789667">
    <ele>160</ele>
    <time>2022-01-18T18:51:16Z</time>
  </trkpt>
  <trkpt lat="54.725465" lon="25.26785">
    <ele>160</ele>
    <time>2022-01-18T18:51:17Z</time>
  </trkpt>
  <trkpt lat="54.72546833" lon="25.267795">
    <ele>160</ele>
    <time>2022-01-18T18:51:18Z</time>
  </trkpt>
  <trkpt lat="54.72547333" lon="25.26774167">
    <ele>160</ele>
    <time>2022-01-18T18:51:19Z</time>
  </trkpt>
  <trkpt lat="54.72547833" lon="25.26768167">
    <ele>160</ele>
    <time>2022-01-18T18:51:20Z</time>
  </trkpt>
  <trkpt lat="54.72548667" lon="25.267625">
    <ele>160</ele>
    <time>2022-01-18T18:51:21Z</time>
  </trkpt>
  <trkpt lat="54.72548833" lon="25.26756833">
    <ele>160</ele>
    <time>2022-01-18T18:51:22Z</time>
  </trkpt>
  <trkpt lat="54.72549667" lon="25.267525">
    <ele>160</ele>
    <time>2022-01-18T18:51:23Z</time>
  </trkpt>
  <trkpt lat="54.72550667" lon="25.26748167">
    <ele>161</ele>
    <time>2022-01-18T18:51:24Z</time>
  </trkpt>
  <trkpt lat="54.72551667" lon="25.26744">
    <ele>161</ele>
    <time>2022-01-18T18:51:25Z</time>
  </trkpt>
  <trkpt lat="54.725525" lon="25.26739833">
    <ele>161</ele>
    <time>2022-01-18T18:51:26Z</time>
  </trkpt>
  <trkpt lat="54.72552667" lon="25.26735833">
    <ele>161</ele>
    <time>2022-01-18T18:51:27Z</time>
  </trkpt>
  <trkpt lat="54.725535" lon="25.26732167">
    <ele>161</ele>
    <time>2022-01-18T18:51:28Z</time>
  </trkpt>
  <trkpt lat="54.72553667" lon="25.267285">
    <ele>161</ele>
    <time>2022-01-18T18:51:29Z</time>
  </trkpt>
  <trkpt lat="54.72553833" lon="25.26724833">
    <ele>162</ele>
    <time>2022-01-18T18:51:30Z</time>
  </trkpt>
  <trkpt lat="54.72554167" lon="25.26721167">
    <ele>162</ele>
    <time>2022-01-18T18:51:31Z</time>
  </trkpt>
  <trkpt lat="54.725545" lon="25.26716333">
    <ele>163</ele>
    <time>2022-01-18T18:51:32Z</time>
  </trkpt>
  <trkpt lat="54.72554333" lon="25.26713">
    <ele>163</ele>
    <time>2022-01-18T18:51:33Z</time>
  </trkpt>
  <trkpt lat="54.72554667" lon="25.267095">
    <ele>163</ele>
    <time>2022-01-18T18:51:34Z</time>
  </trkpt>
  <trkpt lat="54.725555" lon="25.267055">
    <ele>164</ele>
    <time>2022-01-18T18:51:35Z</time>
  </trkpt>
  <trkpt lat="54.725565" lon="25.26701667">
    <ele>164</ele>
    <time>2022-01-18T18:51:36Z</time>
  </trkpt>
  <trkpt lat="54.72557667" lon="25.266975">
    <ele>164</ele>
    <time>2022-01-18T18:51:37Z</time>
  </trkpt>
  <trkpt lat="54.72559167" lon="25.266935">
    <ele>164</ele>
    <time>2022-01-18T18:51:38Z</time>
  </trkpt>
  <trkpt lat="54.72560833" lon="25.2669">
    <ele>165</ele>
    <time>2022-01-18T18:51:39Z</time>
  </trkpt>
  <trkpt lat="54.72562333" lon="25.26687167">
    <ele>165</ele>
    <time>2022-01-18T18:51:40Z</time>
  </trkpt>
  <trkpt lat="54.72564167" lon="25.26684667">
    <ele>165</ele>
    <time>2022-01-18T18:51:41Z</time>
  </trkpt>
  <trkpt lat="54.72566333" lon="25.26682167">
    <ele>165</ele>
    <time>2022-01-18T18:51:42Z</time>
  </trkpt>
  <trkpt lat="54.725685" lon="25.2668">
    <ele>165</ele>
    <time>2022-01-18T18:51:43Z</time>
  </trkpt>
  <trkpt lat="54.72570333" lon="25.26677667">
    <ele>165</ele>
    <time>2022-01-18T18:51:44Z</time>
  </trkpt>
  <trkpt lat="54.72572333" lon="25.26675167">
    <ele>166</ele>
    <time>2022-01-18T18:51:45Z</time>
  </trkpt>
  <trkpt lat="54.72574167" lon="25.26672667">
    <ele>166</ele>
    <time>2022-01-18T18:51:46Z</time>
  </trkpt>
  <trkpt lat="54.72576333" lon="25.266705">
    <ele>166</ele>
    <time>2022-01-18T18:51:47Z</time>
  </trkpt>
  <trkpt lat="54.72578333" lon="25.266685">
    <ele>167</ele>
    <time>2022-01-18T18:51:48Z</time>
  </trkpt>
  <trkpt lat="54.72580333" lon="25.26666333">
    <ele>168</ele>
    <time>2022-01-18T18:51:49Z</time>
  </trkpt>
  <trkpt lat="54.725815" lon="25.26663833">
    <ele>168</ele>
    <time>2022-01-18T18:51:50Z</time>
  </trkpt>
  <trkpt lat="54.72582667" lon="25.26661167">
    <ele>169</ele>
    <time>2022-01-18T18:51:51Z</time>
  </trkpt>
  <trkpt lat="54.72584" lon="25.26657167">
    <ele>169</ele>
    <time>2022-01-18T18:51:52Z</time>
  </trkpt>
  <trkpt lat="54.725855" lon="25.266525">
    <ele>170</ele>
    <time>2022-01-18T18:51:53Z</time>
  </trkpt>
  <trkpt lat="54.72587" lon="25.26647833">
    <ele>170</ele>
    <time>2022-01-18T18:51:54Z</time>
  </trkpt>
  <trkpt lat="54.72588667" lon="25.266435">
    <ele>170</ele>
    <time>2022-01-18T18:51:55Z</time>
  </trkpt>
  <trkpt lat="54.725905" lon="25.26639667">
    <ele>170</ele>
    <time>2022-01-18T18:51:56Z</time>
  </trkpt>
  <trkpt lat="54.72593" lon="25.26635833">
    <ele>171</ele>
    <time>2022-01-18T18:51:57Z</time>
  </trkpt>
  <trkpt lat="54.72595167" lon="25.266325">
    <ele>171</ele>
    <time>2022-01-18T18:51:58Z</time>
  </trkpt>
  <trkpt lat="54.72597167" lon="25.26629333">
    <ele>171</ele>
    <time>2022-01-18T18:51:59Z</time>
  </trkpt>
  <trkpt lat="54.72598833" lon="25.26626">
    <ele>172</ele>
    <time>2022-01-18T18:52:00Z</time>
  </trkpt>
  <trkpt lat="54.726" lon="25.26622">
    <ele>172</ele>
    <time>2022-01-18T18:52:01Z</time>
  </trkpt>
  <trkpt lat="54.726005" lon="25.26619667">
    <ele>172</ele>
    <time>2022-01-18T18:52:02Z</time>
  </trkpt>
  <trkpt lat="54.72601167" lon="25.26616667">
    <ele>173</ele>
    <time>2022-01-18T18:52:03Z</time>
  </trkpt>
  <trkpt lat="54.72601333" lon="25.26612167">
    <ele>173</ele>
    <time>2022-01-18T18:52:04Z</time>
  </trkpt>
  <trkpt lat="54.72601667" lon="25.26608333">
    <ele>173</ele>
    <time>2022-01-18T18:52:05Z</time>
  </trkpt>
  <trkpt lat="54.72601833" lon="25.26604333">
    <ele>174</ele>
    <time>2022-01-18T18:52:06Z</time>
  </trkpt>
  <trkpt lat="54.72602167" lon="25.26599833">
    <ele>174</ele>
    <time>2022-01-18T18:52:07Z</time>
  </trkpt>
  <trkpt lat="54.72601833" lon="25.26595">
    <ele>174</ele>
    <time>2022-01-18T18:52:08Z</time>
  </trkpt>
  <trkpt lat="54.72602" lon="25.26590833">
    <ele>174</ele>
    <time>2022-01-18T18:52:09Z</time>
  </trkpt>
  <trkpt lat="54.72601667" lon="25.265865">
    <ele>174</ele>
    <time>2022-01-18T18:52:10Z</time>
  </trkpt>
  <trkpt lat="54.72602" lon="25.26581667">
    <ele>174</ele>
    <time>2022-01-18T18:52:11Z</time>
  </trkpt>
  <trkpt lat="54.72602333" lon="25.26577167">
    <ele>175</ele>
    <time>2022-01-18T18:52:12Z</time>
  </trkpt>
  <trkpt lat="54.726025" lon="25.26572833">
    <ele>175</ele>
    <time>2022-01-18T18:52:13Z</time>
  </trkpt>
  <trkpt lat="54.72602667" lon="25.265695">
    <ele>175</ele>
    <time>2022-01-18T18:52:14Z</time>
  </trkpt>
  <trkpt lat="54.72602833" lon="25.265665">
    <ele>175</ele>
    <time>2022-01-18T18:52:15Z</time>
  </trkpt>
  <trkpt lat="54.72603" lon="25.26563333">
    <ele>175</ele>
    <time>2022-01-18T18:52:16Z</time>
  </trkpt>
  <trkpt lat="54.72602833" lon="25.26560167">
    <ele>175</ele>
    <time>2022-01-18T18:52:17Z</time>
  </trkpt>
  <trkpt lat="54.72602667" lon="25.26557">
    <ele>175</ele>
    <time>2022-01-18T18:52:18Z</time>
  </trkpt>
  <trkpt lat="54.726025" lon="25.26553667">
    <ele>175</ele>
    <time>2022-01-18T18:52:19Z</time>
  </trkpt>
  <trkpt lat="54.72602333" lon="25.265505">
    <ele>176</ele>
    <time>2022-01-18T18:52:20Z</time>
  </trkpt>
  <trkpt lat="54.726015" lon="25.26548333">
    <ele>176</ele>
    <time>2022-01-18T18:52:21Z</time>
  </trkpt>
  <trkpt lat="54.726005" lon="25.265465">
    <ele>176</ele>
    <time>2022-01-18T18:52:22Z</time>
  </trkpt>
  <trkpt lat="54.72599" lon="25.26545333">
    <ele>176</ele>
    <time>2022-01-18T18:52:23Z</time>
  </trkpt>
  <trkpt lat="54.72597167" lon="25.26544333">
    <ele>176</ele>
    <time>2022-01-18T18:52:24Z</time>
  </trkpt>
  <trkpt lat="54.72595" lon="25.26544">
    <ele>177</ele>
    <time>2022-01-18T18:52:25Z</time>
  </trkpt>
  <trkpt lat="54.72593167" lon="25.26544167">
    <ele>177</ele>
    <time>2022-01-18T18:52:26Z</time>
  </trkpt>
  <trkpt lat="54.72590833" lon="25.26545333">
    <ele>177</ele>
    <time>2022-01-18T18:52:27Z</time>
  </trkpt>
  <trkpt lat="54.72588167" lon="25.26546333">
    <ele>177</ele>
    <time>2022-01-18T18:52:28Z</time>
  </trkpt>
  <trkpt lat="54.725865" lon="25.26546333">
    <ele>177</ele>
    <time>2022-01-18T18:52:29Z</time>
  </trkpt>
  <trkpt lat="54.72584833" lon="25.26545833">
    <ele>177</ele>
    <time>2022-01-18T18:52:30Z</time>
  </trkpt>
  <trkpt lat="54.72584333" lon="25.26544167">
    <ele>177</ele>
    <time>2022-01-18T18:52:31Z</time>
  </trkpt>
  <trkpt lat="54.72583667" lon="25.26542167">
    <ele>177</ele>
    <time>2022-01-18T18:52:32Z</time>
  </trkpt>
  <trkpt lat="54.72583167" lon="25.265415">
    <ele>177</ele>
    <time>2022-01-18T18:52:33Z</time>
  </trkpt>
  <trkpt lat="54.72582333" lon="25.265425">
    <ele>176</ele>
    <time>2022-01-18T18:52:34Z</time>
  </trkpt>
  <trkpt lat="54.72581667" lon="25.26543">
    <ele>176</ele>
    <time>2022-01-18T18:52:35Z</time>
  </trkpt>
  <trkpt lat="54.72581" lon="25.26543833">
    <ele>176</ele>
    <time>2022-01-18T18:52:36Z</time>
  </trkpt>
  <trkpt lat="54.72581" lon="25.26546167">
    <ele>176</ele>
    <time>2022-01-18T18:52:37Z</time>
  </trkpt>
  <trkpt lat="54.72581333" lon="25.26548833">
    <ele>176</ele>
    <time>2022-01-18T18:52:38Z</time>
  </trkpt>
  <trkpt lat="54.72582167" lon="25.26552333">
    <ele>176</ele>
    <time>2022-01-18T18:52:39Z</time>
  </trkpt>
  <trkpt lat="54.72582833" lon="25.26555833">
    <ele>176</ele>
    <time>2022-01-18T18:52:40Z</time>
  </trkpt>
  <trkpt lat="54.725835" lon="25.265595">
    <ele>176</ele>
    <time>2022-01-18T18:52:41Z</time>
  </trkpt>
  <trkpt lat="54.72583833" lon="25.26563">
    <ele>176</ele>
    <time>2022-01-18T18:52:42Z</time>
  </trkpt>
  <trkpt lat="54.725845" lon="25.265665">
    <ele>176</ele>
    <time>2022-01-18T18:52:43Z</time>
  </trkpt>
  <trkpt lat="54.72585" lon="25.2657">
    <ele>176</ele>
    <time>2022-01-18T18:52:44Z</time>
  </trkpt>
  <trkpt lat="54.72584833" lon="25.26573333">
    <ele>176</ele>
    <time>2022-01-18T18:52:45Z</time>
  </trkpt>
  <trkpt lat="54.72584667" lon="25.26574333">
    <ele>177</ele>
    <time>2022-01-18T18:52:46Z</time>
  </trkpt>
  <trkpt lat="54.72583667" lon="25.26575">
    <ele>177</ele>
    <time>2022-01-18T18:52:47Z</time>
  </trkpt>
  <trkpt lat="54.72583667" lon="25.26575167">
    <ele>177</ele>
    <time>2022-01-18T18:52:48Z</time>
  </trkpt>
  <trkpt lat="54.72583333" lon="25.26575333">
    <ele>177</ele>
    <time>2022-01-18T18:52:49Z</time>
  </trkpt>
  <trkpt lat="54.72583167" lon="25.26575667">
    <ele>177</ele>
    <time>2022-01-18T18:52:50Z</time>
  </trkpt>
  <trkpt lat="54.72582333" lon="25.26576">
    <ele>177</ele>
    <time>2022-01-18T18:52:51Z</time>
  </trkpt>
  <trkpt lat="54.72580833" lon="25.26577333">
    <ele>177</ele>
    <time>2022-01-18T18:52:52Z</time>
  </trkpt>
  <trkpt lat="54.725785" lon="25.26578667">
    <ele>176</ele>
    <time>2022-01-18T18:52:53Z</time>
  </trkpt>
  <trkpt lat="54.72575833" lon="25.2658">
    <ele>176</ele>
    <time>2022-01-18T18:52:54Z</time>
  </trkpt>
  <trkpt lat="54.72572833" lon="25.26581333">
    <ele>176</ele>
    <time>2022-01-18T18:52:55Z</time>
  </trkpt>
  <trkpt lat="54.72570833" lon="25.26582833">
    <ele>176</ele>
    <time>2022-01-18T18:52:56Z</time>
  </trkpt>
  <trkpt lat="54.72568667" lon="25.26584833">
    <ele>176</ele>
    <time>2022-01-18T18:52:57Z</time>
  </trkpt>
  <trkpt lat="54.72566667" lon="25.26587667">
    <ele>175</ele>
    <time>2022-01-18T18:52:58Z</time>
  </trkpt>
  <trkpt lat="54.72564333" lon="25.26591167">
    <ele>175</ele>
    <time>2022-01-18T18:52:59Z</time>
  </trkpt>
  <trkpt lat="54.725615" lon="25.26595">
    <ele>175</ele>
    <time>2022-01-18T18:53:00Z</time>
  </trkpt>
  <trkpt lat="54.72558167" lon="25.26598667">
    <ele>174</ele>
    <time>2022-01-18T18:53:01Z</time>
  </trkpt>
  <trkpt lat="54.725555" lon="25.26600833">
    <ele>174</ele>
    <time>2022-01-18T18:53:02Z</time>
  </trkpt>
  <trkpt lat="54.725525" lon="25.266035">
    <ele>173</ele>
    <time>2022-01-18T18:53:03Z</time>
  </trkpt>
  <trkpt lat="54.725495" lon="25.26606167">
    <ele>173</ele>
    <time>2022-01-18T18:53:04Z</time>
  </trkpt>
  <trkpt lat="54.72547167" lon="25.26608667">
    <ele>173</ele>
    <time>2022-01-18T18:53:05Z</time>
  </trkpt>
  <trkpt lat="54.72545167" lon="25.26612">
    <ele>172</ele>
    <time>2022-01-18T18:53:06Z</time>
  </trkpt>
  <trkpt lat="54.72543333" lon="25.266165">
    <ele>172</ele>
    <time>2022-01-18T18:53:07Z</time>
  </trkpt>
  <trkpt lat="54.725405" lon="25.26621">
    <ele>172</ele>
    <time>2022-01-18T18:53:08Z</time>
  </trkpt>
  <trkpt lat="54.72538333" lon="25.26623667">
    <ele>172</ele>
    <time>2022-01-18T18:53:09Z</time>
  </trkpt>
  <trkpt lat="54.72535833" lon="25.26627667">
    <ele>172</ele>
    <time>2022-01-18T18:53:10Z</time>
  </trkpt>
  <trkpt lat="54.72534" lon="25.26632">
    <ele>172</ele>
    <time>2022-01-18T18:53:11Z</time>
  </trkpt>
  <trkpt lat="54.72533167" lon="25.26636833">
    <ele>172</ele>
    <time>2022-01-18T18:53:12Z</time>
  </trkpt>
  <trkpt lat="54.72532167" lon="25.26641833">
    <ele>172</ele>
    <time>2022-01-18T18:53:13Z</time>
  </trkpt>
  <trkpt lat="54.72532" lon="25.266465">
    <ele>172</ele>
    <time>2022-01-18T18:53:14Z</time>
  </trkpt>
  <trkpt lat="54.725315" lon="25.266505">
    <ele>171</ele>
    <time>2022-01-18T18:53:15Z</time>
  </trkpt>
  <trkpt lat="54.72531" lon="25.26653833">
    <ele>171</ele>
    <time>2022-01-18T18:53:16Z</time>
  </trkpt>
  <trkpt lat="54.72530333" lon="25.26657667">
    <ele>171</ele>
    <time>2022-01-18T18:53:17Z</time>
  </trkpt>
  <trkpt lat="54.72530333" lon="25.26661333">
    <ele>171</ele>
    <time>2022-01-18T18:53:18Z</time>
  </trkpt>
  <trkpt lat="54.725305" lon="25.266665">
    <ele>170</ele>
    <time>2022-01-18T18:53:19Z</time>
  </trkpt>
  <trkpt lat="54.72530833" lon="25.26672">
    <ele>170</ele>
    <time>2022-01-18T18:53:20Z</time>
  </trkpt>
  <trkpt lat="54.72531167" lon="25.26677167">
    <ele>170</ele>
    <time>2022-01-18T18:53:21Z</time>
  </trkpt>
  <trkpt lat="54.72531333" lon="25.26681333">
    <ele>170</ele>
    <time>2022-01-18T18:53:22Z</time>
  </trkpt>
  <trkpt lat="54.72531" lon="25.26686833">
    <ele>170</ele>
    <time>2022-01-18T18:53:23Z</time>
  </trkpt>
  <trkpt lat="54.72530333" lon="25.26690833">
    <ele>170</ele>
    <time>2022-01-18T18:53:24Z</time>
  </trkpt>
  <trkpt lat="54.72528833" lon="25.26696833">
    <ele>170</ele>
    <time>2022-01-18T18:53:25Z</time>
  </trkpt>
  <trkpt lat="54.72527167" lon="25.26700667">
    <ele>169</ele>
    <time>2022-01-18T18:53:26Z</time>
  </trkpt>
  <trkpt lat="54.72524167" lon="25.26704667">
    <ele>168</ele>
    <time>2022-01-18T18:53:27Z</time>
  </trkpt>
  <trkpt lat="54.72520667" lon="25.26707333">
    <ele>168</ele>
    <time>2022-01-18T18:53:28Z</time>
  </trkpt>
  <trkpt lat="54.72517667" lon="25.26709333">
    <ele>167</ele>
    <time>2022-01-18T18:53:29Z</time>
  </trkpt>
  <trkpt lat="54.72514167" lon="25.26710333">
    <ele>166</ele>
    <time>2022-01-18T18:53:30Z</time>
  </trkpt>
  <trkpt lat="54.72510667" lon="25.267115">
    <ele>165</ele>
    <time>2022-01-18T18:53:31Z</time>
  </trkpt>
  <trkpt lat="54.72507333" lon="25.26712">
    <ele>165</ele>
    <time>2022-01-18T18:53:32Z</time>
  </trkpt>
  <trkpt lat="54.72505167" lon="25.267125">
    <ele>164</ele>
    <time>2022-01-18T18:53:33Z</time>
  </trkpt>
  <trkpt lat="54.72503" lon="25.26713667">
    <ele>163</ele>
    <time>2022-01-18T18:53:34Z</time>
  </trkpt>
  <trkpt lat="54.72501167" lon="25.26714333">
    <ele>163</ele>
    <time>2022-01-18T18:53:35Z</time>
  </trkpt>
  <trkpt lat="54.72499667" lon="25.26716">
    <ele>163</ele>
    <time>2022-01-18T18:53:36Z</time>
  </trkpt>
  <trkpt lat="54.72497" lon="25.267195">
    <ele>163</ele>
    <time>2022-01-18T18:53:37Z</time>
  </trkpt>
  <trkpt lat="54.72492833" lon="25.26723833">
    <ele>163</ele>
    <time>2022-01-18T18:53:38Z</time>
  </trkpt>
  <trkpt lat="54.72489667" lon="25.26726667">
    <ele>162</ele>
    <time>2022-01-18T18:53:39Z</time>
  </trkpt>
  <trkpt lat="54.72486" lon="25.267295">
    <ele>162</ele>
    <time>2022-01-18T18:53:40Z</time>
  </trkpt>
  <trkpt lat="54.72483" lon="25.26732667">
    <ele>162</ele>
    <time>2022-01-18T18:53:41Z</time>
  </trkpt>
  <trkpt lat="54.72480833" lon="25.26736">
    <ele>161</ele>
    <time>2022-01-18T18:53:42Z</time>
  </trkpt>
  <trkpt lat="54.72479" lon="25.26738833">
    <ele>161</ele>
    <time>2022-01-18T18:53:43Z</time>
  </trkpt>
  <trkpt lat="54.72476667" lon="25.26741667">
    <ele>160</ele>
    <time>2022-01-18T18:53:44Z</time>
  </trkpt>
  <trkpt lat="54.72474833" lon="25.26743833">
    <ele>160</ele>
    <time>2022-01-18T18:53:45Z</time>
  </trkpt>
  <trkpt lat="54.72472833" lon="25.267463330000002">
    <ele>160</ele>
    <time>2022-01-18T18:53:46Z</time>
  </trkpt>
  <trkpt lat="54.72472333" lon="25.26746833">
    <ele>159</ele>
    <time>2022-01-18T18:53:47Z</time>
  </trkpt>
  <trkpt lat="54.72472" lon="25.26747">
    <ele>159</ele>
    <time>2022-01-18T18:53:48Z</time>
  </trkpt>
  <trkpt lat="54.72472167" lon="25.267475">
    <ele>159</ele>
    <time>2022-01-18T18:53:49Z</time>
  </trkpt>
  <trkpt lat="54.72472333" lon="25.26748">
    <ele>159</ele>
    <time>2022-01-18T18:53:50Z</time>
  </trkpt>
  <trkpt lat="54.72474" lon="25.26750167">
    <ele>158</ele>
    <time>2022-01-18T18:53:51Z</time>
  </trkpt>
  <trkpt lat="54.72475" lon="25.26754167">
    <ele>158</ele>
    <time>2022-01-18T18:53:52Z</time>
  </trkpt>
  <trkpt lat="54.72475833" lon="25.26758333">
    <ele>158</ele>
    <time>2022-01-18T18:53:53Z</time>
  </trkpt>
  <trkpt lat="54.724765" lon="25.267625">
    <ele>158</ele>
    <time>2022-01-18T18:53:54Z</time>
  </trkpt>
  <trkpt lat="54.72477333" lon="25.26767167">
    <ele>158</ele>
    <time>2022-01-18T18:53:55Z</time>
  </trkpt>
  <trkpt lat="54.72478833" lon="25.26771333">
    <ele>158</ele>
    <time>2022-01-18T18:53:56Z</time>
  </trkpt>
  <trkpt lat="54.7248" lon="25.26776333">
    <ele>158</ele>
    <time>2022-01-18T18:53:57Z</time>
  </trkpt>
  <trkpt lat="54.72479667" lon="25.26780333">
    <ele>158</ele>
    <time>2022-01-18T18:53:58Z</time>
  </trkpt>
  <trkpt lat="54.72478" lon="25.26780667">
    <ele>157</ele>
    <time>2022-01-18T18:53:59Z</time>
  </trkpt>
  <trkpt lat="54.72476167" lon="25.26780833">
    <ele>156</ele>
    <time>2022-01-18T18:54:00Z</time>
  </trkpt>
  <trkpt lat="54.72473833" lon="25.26779833">
    <ele>155</ele>
    <time>2022-01-18T18:54:01Z</time>
  </trkpt>
  <trkpt lat="54.72471" lon="25.26778333">
    <ele>154</ele>
    <time>2022-01-18T18:54:02Z</time>
  </trkpt>
  <trkpt lat="54.72468833" lon="25.267765">
    <ele>153</ele>
    <time>2022-01-18T18:54:03Z</time>
  </trkpt>
  <trkpt lat="54.72466833" lon="25.267755">
    <ele>153</ele>
    <time>2022-01-18T18:54:04Z</time>
  </trkpt>
  <trkpt lat="54.72465167" lon="25.26774667">
    <ele>152</ele>
    <time>2022-01-18T18:54:05Z</time>
  </trkpt>
  <trkpt lat="54.72463167" lon="25.26773667">
    <ele>151</ele>
    <time>2022-01-18T18:54:06Z</time>
  </trkpt>
  <trkpt lat="54.72460667" lon="25.267725">
    <ele>151</ele>
    <time>2022-01-18T18:54:07Z</time>
  </trkpt>
  <trkpt lat="54.72457333" lon="25.26771">
    <ele>150</ele>
    <time>2022-01-18T18:54:08Z</time>
  </trkpt>
  <trkpt lat="54.72453167" lon="25.26769">
    <ele>150</ele>
    <time>2022-01-18T18:54:09Z</time>
  </trkpt>
  <trkpt lat="54.72450667" lon="25.26768">
    <ele>149</ele>
    <time>2022-01-18T18:54:10Z</time>
  </trkpt>
  <trkpt lat="54.72448167" lon="25.26765833">
    <ele>148</ele>
    <time>2022-01-18T18:54:11Z</time>
  </trkpt>
  <trkpt lat="54.72446167" lon="25.26763833">
    <ele>148</ele>
    <time>2022-01-18T18:54:12Z</time>
  </trkpt>
  <trkpt lat="54.72444833" lon="25.26763">
    <ele>148</ele>
    <time>2022-01-18T18:54:13Z</time>
  </trkpt>
  <trkpt lat="54.72445167" lon="25.267625">
    <ele>147</ele>
    <time>2022-01-18T18:54:14Z</time>
  </trkpt>
  <trkpt lat="54.72445333" lon="25.26761667">
    <ele>147</ele>
    <time>2022-01-18T18:54:15Z</time>
  </trkpt>
  <trkpt lat="54.72445167" lon="25.267615">
    <ele>147</ele>
    <time>2022-01-18T18:54:16Z</time>
  </trkpt>
  <trkpt lat="54.72444167" lon="25.26762333">
    <ele>146</ele>
    <time>2022-01-18T18:54:17Z</time>
  </trkpt>
  <trkpt lat="54.72442" lon="25.26763167">
    <ele>146</ele>
    <time>2022-01-18T18:54:18Z</time>
  </trkpt>
  <trkpt lat="54.72439167" lon="25.26763667">
    <ele>145</ele>
    <time>2022-01-18T18:54:19Z</time>
  </trkpt>
  <trkpt lat="54.724365" lon="25.26764">
    <ele>144</ele>
    <time>2022-01-18T18:54:20Z</time>
  </trkpt>
  <trkpt lat="54.72432333" lon="25.267635">
    <ele>144</ele>
    <time>2022-01-18T18:54:21Z</time>
  </trkpt>
  <trkpt lat="54.72428167" lon="25.26761833">
    <ele>143</ele>
    <time>2022-01-18T18:54:22Z</time>
  </trkpt>
  <trkpt lat="54.72425667" lon="25.26760833">
    <ele>143</ele>
    <time>2022-01-18T18:54:23Z</time>
  </trkpt>
  <trkpt lat="54.72423333" lon="25.267605">
    <ele>142</ele>
    <time>2022-01-18T18:54:24Z</time>
  </trkpt>
  <trkpt lat="54.72421833" lon="25.26760833">
    <ele>142</ele>
    <time>2022-01-18T18:54:25Z</time>
  </trkpt>
  <trkpt lat="54.72421" lon="25.26762333">
    <ele>141</ele>
    <time>2022-01-18T18:54:26Z</time>
  </trkpt>
  <trkpt lat="54.72420833" lon="25.26764667">
    <ele>141</ele>
    <time>2022-01-18T18:54:27Z</time>
  </trkpt>
  <trkpt lat="54.724215" lon="25.267665">
    <ele>141</ele>
    <time>2022-01-18T18:54:28Z</time>
  </trkpt>
  <trkpt lat="54.72421833" lon="25.2677">
    <ele>140</ele>
    <time>2022-01-18T18:54:29Z</time>
  </trkpt>
  <trkpt lat="54.72422333" lon="25.26773167">
    <ele>140</ele>
    <time>2022-01-18T18:54:30Z</time>
  </trkpt>
  <trkpt lat="54.72423333" lon="25.26775833">
    <ele>140</ele>
    <time>2022-01-18T18:54:31Z</time>
  </trkpt>
  <trkpt lat="54.72424167" lon="25.26778667">
    <ele>140</ele>
    <time>2022-01-18T18:54:32Z</time>
  </trkpt>
  <trkpt lat="54.72424333" lon="25.26781333">
    <ele>140</ele>
    <time>2022-01-18T18:54:33Z</time>
  </trkpt>
  <trkpt lat="54.72424333" lon="25.26782167">
    <ele>140</ele>
    <time>2022-01-18T18:54:34Z</time>
  </trkpt>
  <trkpt lat="54.72424" lon="25.26783167">
    <ele>140</ele>
    <time>2022-01-18T18:54:35Z</time>
  </trkpt>
  <trkpt lat="54.72423333" lon="25.26784">
    <ele>140</ele>
    <time>2022-01-18T18:54:36Z</time>
  </trkpt>
  <trkpt lat="54.72423833" lon="25.26784333">
    <ele>140</ele>
    <time>2022-01-18T18:54:37Z</time>
  </trkpt>
  <trkpt lat="54.724245" lon="25.26785667">
    <ele>140</ele>
    <time>2022-01-18T18:54:38Z</time>
  </trkpt>
  <trkpt lat="54.72425333" lon="25.26788333">
    <ele>140</ele>
    <time>2022-01-18T18:54:39Z</time>
  </trkpt>
  <trkpt lat="54.724265" lon="25.267925">
    <ele>141</ele>
    <time>2022-01-18T18:54:40Z</time>
  </trkpt>
  <trkpt lat="54.72427333" lon="25.267965">
    <ele>141</ele>
    <time>2022-01-18T18:54:41Z</time>
  </trkpt>
  <trkpt lat="54.72428" lon="25.26801333">
    <ele>141</ele>
    <time>2022-01-18T18:54:42Z</time>
  </trkpt>
  <trkpt lat="54.72428167" lon="25.26806167">
    <ele>141</ele>
    <time>2022-01-18T18:54:43Z</time>
  </trkpt>
  <trkpt lat="54.72428333" lon="25.26810833">
    <ele>141</ele>
    <time>2022-01-18T18:54:44Z</time>
  </trkpt>
  <trkpt lat="54.72428667" lon="25.26815333">
    <ele>141</ele>
    <time>2022-01-18T18:54:45Z</time>
  </trkpt>
  <trkpt lat="54.72429" lon="25.268195">
    <ele>141</ele>
    <time>2022-01-18T18:54:46Z</time>
  </trkpt>
  <trkpt lat="54.724295" lon="25.26823833">
    <ele>141</ele>
    <time>2022-01-18T18:54:47Z</time>
  </trkpt>
  <trkpt lat="54.724305" lon="25.26825833">
    <ele>141</ele>
    <time>2022-01-18T18:54:48Z</time>
  </trkpt>
  <trkpt lat="54.72431833" lon="25.268275">
    <ele>140</ele>
    <time>2022-01-18T18:54:49Z</time>
  </trkpt>
  <trkpt lat="54.72432167" lon="25.26828167">
    <ele>140</ele>
    <time>2022-01-18T18:54:50Z</time>
  </trkpt>
  <trkpt lat="54.72432333" lon="25.26828667">
    <ele>140</ele>
    <time>2022-01-18T18:54:51Z</time>
  </trkpt>
  <trkpt lat="54.72431667" lon="25.26829167">
    <ele>139</ele>
    <time>2022-01-18T18:54:52Z</time>
  </trkpt>
  <trkpt lat="54.72431" lon="25.26830333">
    <ele>139</ele>
    <time>2022-01-18T18:54:53Z</time>
  </trkpt>
  <trkpt lat="54.7243" lon="25.26832333">
    <ele>139</ele>
    <time>2022-01-18T18:54:54Z</time>
  </trkpt>
  <trkpt lat="54.72429167" lon="25.26835833">
    <ele>139</ele>
    <time>2022-01-18T18:54:55Z</time>
  </trkpt>
  <trkpt lat="54.72428833" lon="25.268395">
    <ele>138</ele>
    <time>2022-01-18T18:54:56Z</time>
  </trkpt>
  <trkpt lat="54.724285" lon="25.26843">
    <ele>139</ele>
    <time>2022-01-18T18:54:57Z</time>
  </trkpt>
  <trkpt lat="54.724275" lon="25.268475">
    <ele>139</ele>
    <time>2022-01-18T18:54:58Z</time>
  </trkpt>
  <trkpt lat="54.72426" lon="25.26850833">
    <ele>139</ele>
    <time>2022-01-18T18:54:59Z</time>
  </trkpt>
  <trkpt lat="54.724245" lon="25.26853167">
    <ele>138</ele>
    <time>2022-01-18T18:55:00Z</time>
  </trkpt>
  <trkpt lat="54.724225" lon="25.26855">
    <ele>138</ele>
    <time>2022-01-18T18:55:01Z</time>
  </trkpt>
  <trkpt lat="54.724205" lon="25.26855833">
    <ele>138</ele>
    <time>2022-01-18T18:55:02Z</time>
  </trkpt>
  <trkpt lat="54.72418833" lon="25.268575">
    <ele>138</ele>
    <time>2022-01-18T18:55:03Z</time>
  </trkpt>
  <trkpt lat="54.72417667" lon="25.26857833">
    <ele>138</ele>
    <time>2022-01-18T18:55:04Z</time>
  </trkpt>
  <trkpt lat="54.72416833" lon="25.26857667">
    <ele>138</ele>
    <time>2022-01-18T18:55:05Z</time>
  </trkpt>
  <trkpt lat="54.72415667" lon="25.26858">
    <ele>137</ele>
    <time>2022-01-18T18:55:06Z</time>
  </trkpt>
  <trkpt lat="54.724145" lon="25.268585">
    <ele>137</ele>
    <time>2022-01-18T18:55:07Z</time>
  </trkpt>
  <trkpt lat="54.72413667" lon="25.26858833">
    <ele>136</ele>
    <time>2022-01-18T18:55:08Z</time>
  </trkpt>
  <trkpt lat="54.72412" lon="25.26860667">
    <ele>136</ele>
    <time>2022-01-18T18:55:09Z</time>
  </trkpt>
  <trkpt lat="54.72410833" lon="25.26860667">
    <ele>136</ele>
    <time>2022-01-18T18:55:10Z</time>
  </trkpt>
  <trkpt lat="54.72409667" lon="25.268605">
    <ele>135</ele>
    <time>2022-01-18T18:55:11Z</time>
  </trkpt>
  <trkpt lat="54.72408" lon="25.26860333">
    <ele>135</ele>
    <time>2022-01-18T18:55:12Z</time>
  </trkpt>
  <trkpt lat="54.72405667" lon="25.268585">
    <ele>135</ele>
    <time>2022-01-18T18:55:13Z</time>
  </trkpt>
  <trkpt lat="54.724035" lon="25.26855">
    <ele>135</ele>
    <time>2022-01-18T18:55:14Z</time>
  </trkpt>
  <trkpt lat="54.72401333" lon="25.268505">
    <ele>134</ele>
    <time>2022-01-18T18:55:15Z</time>
  </trkpt>
  <trkpt lat="54.72398833" lon="25.26846167">
    <ele>134</ele>
    <time>2022-01-18T18:55:16Z</time>
  </trkpt>
  <trkpt lat="54.72396833" lon="25.26843167">
    <ele>134</ele>
    <time>2022-01-18T18:55:17Z</time>
  </trkpt>
  <trkpt lat="54.72395" lon="25.26839667">
    <ele>134</ele>
    <time>2022-01-18T18:55:18Z</time>
  </trkpt>
  <trkpt lat="54.72393167" lon="25.26836667">
    <ele>134</ele>
    <time>2022-01-18T18:55:19Z</time>
  </trkpt>
  <trkpt lat="54.72390833" lon="25.268335">
    <ele>133</ele>
    <time>2022-01-18T18:55:20Z</time>
  </trkpt>
  <trkpt lat="54.72389333" lon="25.26830333">
    <ele>133</ele>
    <time>2022-01-18T18:55:21Z</time>
  </trkpt>
  <trkpt lat="54.72388167" lon="25.26827333">
    <ele>133</ele>
    <time>2022-01-18T18:55:22Z</time>
  </trkpt>
  <trkpt lat="54.72386833" lon="25.26823167">
    <ele>133</ele>
    <time>2022-01-18T18:55:23Z</time>
  </trkpt>
  <trkpt lat="54.72385833" lon="25.26819">
    <ele>133</ele>
    <time>2022-01-18T18:55:24Z</time>
  </trkpt>
  <trkpt lat="54.723845" lon="25.26814833">
    <ele>133</ele>
    <time>2022-01-18T18:55:25Z</time>
  </trkpt>
  <trkpt lat="54.723835" lon="25.268115">
    <ele>133</ele>
    <time>2022-01-18T18:55:26Z</time>
  </trkpt>
  <trkpt lat="54.72382167" lon="25.26807667">
    <ele>133</ele>
    <time>2022-01-18T18:55:27Z</time>
  </trkpt>
  <trkpt lat="54.72381" lon="25.26803833">
    <ele>133</ele>
    <time>2022-01-18T18:55:28Z</time>
  </trkpt>
  <trkpt lat="54.72379833" lon="25.26799667">
    <ele>134</ele>
    <time>2022-01-18T18:55:29Z</time>
  </trkpt>
  <trkpt lat="54.72379167" lon="25.26795667">
    <ele>134</ele>
    <time>2022-01-18T18:55:30Z</time>
  </trkpt>
  <trkpt lat="54.723785" lon="25.26792167">
    <ele>134</ele>
    <time>2022-01-18T18:55:31Z</time>
  </trkpt>
  <trkpt lat="54.72377333" lon="25.26787667">
    <ele>134</ele>
    <time>2022-01-18T18:55:32Z</time>
  </trkpt>
  <trkpt lat="54.723765" lon="25.26784333">
    <ele>135</ele>
    <time>2022-01-18T18:55:33Z</time>
  </trkpt>
  <trkpt lat="54.723755" lon="25.26779667">
    <ele>135</ele>
    <time>2022-01-18T18:55:34Z</time>
  </trkpt>
  <trkpt lat="54.72375333" lon="25.267765">
    <ele>135</ele>
    <time>2022-01-18T18:55:35Z</time>
  </trkpt>
  <trkpt lat="54.723745" lon="25.267725">
    <ele>136</ele>
    <time>2022-01-18T18:55:36Z</time>
  </trkpt>
  <trkpt lat="54.72374" lon="25.26768">
    <ele>136</ele>
    <time>2022-01-18T18:55:37Z</time>
  </trkpt>
  <trkpt lat="54.72373833" lon="25.26763167">
    <ele>136</ele>
    <time>2022-01-18T18:55:38Z</time>
  </trkpt>
  <trkpt lat="54.72373667" lon="25.26758167">
    <ele>137</ele>
    <time>2022-01-18T18:55:39Z</time>
  </trkpt>
  <trkpt lat="54.72373333" lon="25.26753167">
    <ele>137</ele>
    <time>2022-01-18T18:55:40Z</time>
  </trkpt>
  <trkpt lat="54.72372167" lon="25.26747667">
    <ele>137</ele>
    <time>2022-01-18T18:55:41Z</time>
  </trkpt>
  <trkpt lat="54.72371667" lon="25.26743667">
    <ele>138</ele>
    <time>2022-01-18T18:55:42Z</time>
  </trkpt>
  <trkpt lat="54.72371167" lon="25.26738333">
    <ele>138</ele>
    <time>2022-01-18T18:55:43Z</time>
  </trkpt>
  <trkpt lat="54.72371" lon="25.26732333">
    <ele>138</ele>
    <time>2022-01-18T18:55:44Z</time>
  </trkpt>
  <trkpt lat="54.72371333" lon="25.26726667">
    <ele>139</ele>
    <time>2022-01-18T18:55:45Z</time>
  </trkpt>
  <trkpt lat="54.72371" lon="25.267215">
    <ele>139</ele>
    <time>2022-01-18T18:55:46Z</time>
  </trkpt>
  <trkpt lat="54.72370167" lon="25.267165">
    <ele>139</ele>
    <time>2022-01-18T18:55:47Z</time>
  </trkpt>
  <trkpt lat="54.72369167" lon="25.26711333">
    <ele>139</ele>
    <time>2022-01-18T18:55:48Z</time>
  </trkpt>
  <trkpt lat="54.72367833" lon="25.267065">
    <ele>139</ele>
    <time>2022-01-18T18:55:49Z</time>
  </trkpt>
  <trkpt lat="54.72366333" lon="25.26702">
    <ele>139</ele>
    <time>2022-01-18T18:55:50Z</time>
  </trkpt>
  <trkpt lat="54.72364667" lon="25.26698167">
    <ele>139</ele>
    <time>2022-01-18T18:55:51Z</time>
  </trkpt>
  <trkpt lat="54.72362833" lon="25.26694167">
    <ele>139</ele>
    <time>2022-01-18T18:55:52Z</time>
  </trkpt>
  <trkpt lat="54.72360667" lon="25.266895">
    <ele>139</ele>
    <time>2022-01-18T18:55:53Z</time>
  </trkpt>
  <trkpt lat="54.723595" lon="25.26686167">
    <ele>139</ele>
    <time>2022-01-18T18:55:54Z</time>
  </trkpt>
  <trkpt lat="54.72358333" lon="25.26681">
    <ele>139</ele>
    <time>2022-01-18T18:55:55Z</time>
  </trkpt>
  <trkpt lat="54.723575" lon="25.26677333">
    <ele>139</ele>
    <time>2022-01-18T18:55:56Z</time>
  </trkpt>
  <trkpt lat="54.72356167" lon="25.26672833">
    <ele>139</ele>
    <time>2022-01-18T18:55:57Z</time>
  </trkpt>
  <trkpt lat="54.72354833" lon="25.266685">
    <ele>139</ele>
    <time>2022-01-18T18:55:58Z</time>
  </trkpt>
  <trkpt lat="54.72353667" lon="25.26664">
    <ele>139</ele>
    <time>2022-01-18T18:55:59Z</time>
  </trkpt>
  <trkpt lat="54.72352" lon="25.26659333">
    <ele>139</ele>
    <time>2022-01-18T18:56:00Z</time>
  </trkpt>
  <trkpt lat="54.72350167" lon="25.26654833">
    <ele>139</ele>
    <time>2022-01-18T18:56:01Z</time>
  </trkpt>
  <trkpt lat="54.72348833" lon="25.26650167">
    <ele>140</ele>
    <time>2022-01-18T18:56:02Z</time>
  </trkpt>
  <trkpt lat="54.72347" lon="25.26645667">
    <ele>140</ele>
    <time>2022-01-18T18:56:03Z</time>
  </trkpt>
  <trkpt lat="54.72346333" lon="25.26641">
    <ele>140</ele>
    <time>2022-01-18T18:56:04Z</time>
  </trkpt>
  <trkpt lat="54.72345833" lon="25.266375">
    <ele>140</ele>
    <time>2022-01-18T18:56:05Z</time>
  </trkpt>
  <trkpt lat="54.72346" lon="25.266355">
    <ele>140</ele>
    <time>2022-01-18T18:56:06Z</time>
  </trkpt>
  <trkpt lat="54.72346" lon="25.26634833">
    <ele>140</ele>
    <time>2022-01-18T18:56:07Z</time>
  </trkpt>
  <trkpt lat="54.72346" lon="25.26634333">
    <ele>139</ele>
    <time>2022-01-18T18:56:08Z</time>
  </trkpt>
  <trkpt lat="54.72345667" lon="25.26633833">
    <ele>140</ele>
    <time>2022-01-18T18:56:09Z</time>
  </trkpt>
  <trkpt lat="54.723445" lon="25.26632">
    <ele>140</ele>
    <time>2022-01-18T18:56:10Z</time>
  </trkpt>
  <trkpt lat="54.72343167" lon="25.26628667">
    <ele>140</ele>
    <time>2022-01-18T18:56:11Z</time>
  </trkpt>
  <trkpt lat="54.72342" lon="25.26624">
    <ele>140</ele>
    <time>2022-01-18T18:56:12Z</time>
  </trkpt>
  <trkpt lat="54.72340667" lon="25.26619167">
    <ele>140</ele>
    <time>2022-01-18T18:56:13Z</time>
  </trkpt>
  <trkpt lat="54.72339167" lon="25.26613333">
    <ele>140</ele>
    <time>2022-01-18T18:56:14Z</time>
  </trkpt>
  <trkpt lat="54.72338333" lon="25.266095">
    <ele>140</ele>
    <time>2022-01-18T18:56:15Z</time>
  </trkpt>
  <trkpt lat="54.72337333" lon="25.26604833">
    <ele>140</ele>
    <time>2022-01-18T18:56:16Z</time>
  </trkpt>
  <trkpt lat="54.723355" lon="25.26600333">
    <ele>140</ele>
    <time>2022-01-18T18:56:17Z</time>
  </trkpt>
  <trkpt lat="54.72333333" lon="25.265965">
    <ele>140</ele>
    <time>2022-01-18T18:56:18Z</time>
  </trkpt>
  <trkpt lat="54.72331" lon="25.26593167">
    <ele>140</ele>
    <time>2022-01-18T18:56:19Z</time>
  </trkpt>
  <trkpt lat="54.72328333" lon="25.2659">
    <ele>140</ele>
    <time>2022-01-18T18:56:20Z</time>
  </trkpt>
  <trkpt lat="54.72326167" lon="25.26587">
    <ele>140</ele>
    <time>2022-01-18T18:56:21Z</time>
  </trkpt>
  <trkpt lat="54.723235" lon="25.26584667">
    <ele>140</ele>
    <time>2022-01-18T18:56:22Z</time>
  </trkpt>
  <trkpt lat="54.723205" lon="25.26582833">
    <ele>140</ele>
    <time>2022-01-18T18:56:23Z</time>
  </trkpt>
  <trkpt lat="54.723175" lon="25.26581">
    <ele>140</ele>
    <time>2022-01-18T18:56:24Z</time>
  </trkpt>
  <trkpt lat="54.72314" lon="25.26578833">
    <ele>141</ele>
    <time>2022-01-18T18:56:25Z</time>
  </trkpt>
  <trkpt lat="54.72311833" lon="25.265775">
    <ele>141</ele>
    <time>2022-01-18T18:56:26Z</time>
  </trkpt>
  <trkpt lat="54.72308833" lon="25.26575833">
    <ele>141</ele>
    <time>2022-01-18T18:56:27Z</time>
  </trkpt>
  <trkpt lat="54.72306167" lon="25.26574">
    <ele>141</ele>
    <time>2022-01-18T18:56:28Z</time>
  </trkpt>
  <trkpt lat="54.72302667" lon="25.26571833">
    <ele>140</ele>
    <time>2022-01-18T18:56:29Z</time>
  </trkpt>
  <trkpt lat="54.72300167" lon="25.26570333">
    <ele>140</ele>
    <time>2022-01-18T18:56:30Z</time>
  </trkpt>
  <trkpt lat="54.72297333" lon="25.26568333">
    <ele>140</ele>
    <time>2022-01-18T18:56:31Z</time>
  </trkpt>
  <trkpt lat="54.72294333" lon="25.26566667">
    <ele>141</ele>
    <time>2022-01-18T18:56:32Z</time>
  </trkpt>
  <trkpt lat="54.72291333" lon="25.26564667">
    <ele>140</ele>
    <time>2022-01-18T18:56:33Z</time>
  </trkpt>
  <trkpt lat="54.72288167" lon="25.26563">
    <ele>140</ele>
    <time>2022-01-18T18:56:34Z</time>
  </trkpt>
  <trkpt lat="54.72285" lon="25.26561833">
    <ele>140</ele>
    <time>2022-01-18T18:56:35Z</time>
  </trkpt>
  <trkpt lat="54.72282" lon="25.265605">
    <ele>140</ele>
    <time>2022-01-18T18:56:36Z</time>
  </trkpt>
  <trkpt lat="54.72278833" lon="25.26559833">
    <ele>140</ele>
    <time>2022-01-18T18:56:37Z</time>
  </trkpt>
  <trkpt lat="54.72275833" lon="25.26559667">
    <ele>140</ele>
    <time>2022-01-18T18:56:38Z</time>
  </trkpt>
  <trkpt lat="54.72272833" lon="25.26559167">
    <ele>140</ele>
    <time>2022-01-18T18:56:39Z</time>
  </trkpt>
  <trkpt lat="54.72270167" lon="25.26558833">
    <ele>140</ele>
    <time>2022-01-18T18:56:40Z</time>
  </trkpt>
  <trkpt lat="54.722665" lon="25.26558167">
    <ele>140</ele>
    <time>2022-01-18T18:56:41Z</time>
  </trkpt>
  <trkpt lat="54.722635" lon="25.26558167">
    <ele>140</ele>
    <time>2022-01-18T18:56:42Z</time>
  </trkpt>
  <trkpt lat="54.72260333" lon="25.26558167">
    <ele>140</ele>
    <time>2022-01-18T18:56:43Z</time>
  </trkpt>
  <trkpt lat="54.72257333" lon="25.26557833">
    <ele>139</ele>
    <time>2022-01-18T18:56:44Z</time>
  </trkpt>
  <trkpt lat="54.72254333" lon="25.26557667">
    <ele>139</ele>
    <time>2022-01-18T18:56:45Z</time>
  </trkpt>
  <trkpt lat="54.72251833" lon="25.26557333">
    <ele>139</ele>
    <time>2022-01-18T18:56:46Z</time>
  </trkpt>
  <trkpt lat="54.72249167" lon="25.26557167">
    <ele>138</ele>
    <time>2022-01-18T18:56:47Z</time>
  </trkpt>
  <trkpt lat="54.72246333" lon="25.26557">
    <ele>138</ele>
    <time>2022-01-18T18:56:48Z</time>
  </trkpt>
  <trkpt lat="54.72243167" lon="25.26557333">
    <ele>138</ele>
    <time>2022-01-18T18:56:49Z</time>
  </trkpt>
  <trkpt lat="54.722401670000004" lon="25.265575">
    <ele>138</ele>
    <time>2022-01-18T18:56:50Z</time>
  </trkpt>
  <trkpt lat="54.72237333" lon="25.265575">
    <ele>138</ele>
    <time>2022-01-18T18:56:51Z</time>
  </trkpt>
  <trkpt lat="54.722335" lon="25.265575">
    <ele>137</ele>
    <time>2022-01-18T18:56:52Z</time>
  </trkpt>
  <trkpt lat="54.72230167" lon="25.265575">
    <ele>137</ele>
    <time>2022-01-18T18:56:53Z</time>
  </trkpt>
  <trkpt lat="54.72227167" lon="25.26557167">
    <ele>137</ele>
    <time>2022-01-18T18:56:54Z</time>
  </trkpt>
  <trkpt lat="54.72224333" lon="25.26556167">
    <ele>137</ele>
    <time>2022-01-18T18:56:55Z</time>
  </trkpt>
  <trkpt lat="54.72221667" lon="25.26556333">
    <ele>137</ele>
    <time>2022-01-18T18:56:56Z</time>
  </trkpt>
  <trkpt lat="54.72218833" lon="25.26555833">
    <ele>137</ele>
    <time>2022-01-18T18:56:57Z</time>
  </trkpt>
  <trkpt lat="54.72215833" lon="25.26554667">
    <ele>136</ele>
    <time>2022-01-18T18:56:58Z</time>
  </trkpt>
  <trkpt lat="54.72213" lon="25.26552833">
    <ele>137</ele>
    <time>2022-01-18T18:56:59Z</time>
  </trkpt>
  <trkpt lat="54.722105" lon="25.26550333">
    <ele>137</ele>
    <time>2022-01-18T18:57:00Z</time>
  </trkpt>
  <trkpt lat="54.72208333" lon="25.26547333">
    <ele>137</ele>
    <time>2022-01-18T18:57:01Z</time>
  </trkpt>
  <trkpt lat="54.72206333" lon="25.26544">
    <ele>137</ele>
    <time>2022-01-18T18:57:02Z</time>
  </trkpt>
  <trkpt lat="54.722045" lon="25.26540333">
    <ele>137</ele>
    <time>2022-01-18T18:57:03Z</time>
  </trkpt>
  <trkpt lat="54.722025" lon="25.26536833">
    <ele>137</ele>
    <time>2022-01-18T18:57:04Z</time>
  </trkpt>
  <trkpt lat="54.72200667" lon="25.265335">
    <ele>137</ele>
    <time>2022-01-18T18:57:05Z</time>
  </trkpt>
  <trkpt lat="54.72198667" lon="25.26530167">
    <ele>137</ele>
    <time>2022-01-18T18:57:06Z</time>
  </trkpt>
  <trkpt lat="54.72196667" lon="25.26526833">
    <ele>136</ele>
    <time>2022-01-18T18:57:07Z</time>
  </trkpt>
  <trkpt lat="54.721945" lon="25.26523167">
    <ele>136</ele>
    <time>2022-01-18T18:57:08Z</time>
  </trkpt>
  <trkpt lat="54.72192333" lon="25.265195">
    <ele>136</ele>
    <time>2022-01-18T18:57:09Z</time>
  </trkpt>
  <trkpt lat="54.72190167" lon="25.26516">
    <ele>136</ele>
    <time>2022-01-18T18:57:10Z</time>
  </trkpt>
  <trkpt lat="54.72188" lon="25.26512">
    <ele>136</ele>
    <time>2022-01-18T18:57:11Z</time>
  </trkpt>
  <trkpt lat="54.72186167" lon="25.26508">
    <ele>136</ele>
    <time>2022-01-18T18:57:12Z</time>
  </trkpt>
  <trkpt lat="54.72184167" lon="25.26503833">
    <ele>135</ele>
    <time>2022-01-18T18:57:13Z</time>
  </trkpt>
  <trkpt lat="54.721825" lon="25.264995">
    <ele>135</ele>
    <time>2022-01-18T18:57:14Z</time>
  </trkpt>
  <trkpt lat="54.72180333" lon="25.26494667">
    <ele>135</ele>
    <time>2022-01-18T18:57:15Z</time>
  </trkpt>
  <trkpt lat="54.721785" lon="25.26490667">
    <ele>135</ele>
    <time>2022-01-18T18:57:16Z</time>
  </trkpt>
  <trkpt lat="54.72176833" lon="25.264875">
    <ele>135</ele>
    <time>2022-01-18T18:57:17Z</time>
  </trkpt>
  <trkpt lat="54.72174833" lon="25.26484667">
    <ele>135</ele>
    <time>2022-01-18T18:57:18Z</time>
  </trkpt>
  <trkpt lat="54.72173" lon="25.26482333">
    <ele>135</ele>
    <time>2022-01-18T18:57:19Z</time>
  </trkpt>
  <trkpt lat="54.72170833" lon="25.26480333">
    <ele>135</ele>
    <time>2022-01-18T18:57:20Z</time>
  </trkpt>
  <trkpt lat="54.72168667" lon="25.26478167">
    <ele>136</ele>
    <time>2022-01-18T18:57:21Z</time>
  </trkpt>
  <trkpt lat="54.72167167" lon="25.26476333">
    <ele>136</ele>
    <time>2022-01-18T18:57:22Z</time>
  </trkpt>
  <trkpt lat="54.72165333" lon="25.26474">
    <ele>136</ele>
    <time>2022-01-18T18:57:23Z</time>
  </trkpt>
  <trkpt lat="54.72163333" lon="25.26472">
    <ele>136</ele>
    <time>2022-01-18T18:57:24Z</time>
  </trkpt>
  <trkpt lat="54.72160833" lon="25.26470167">
    <ele>136</ele>
    <time>2022-01-18T18:57:25Z</time>
  </trkpt>
  <trkpt lat="54.721585" lon="25.26469167">
    <ele>136</ele>
    <time>2022-01-18T18:57:26Z</time>
  </trkpt>
  <trkpt lat="54.72156" lon="25.264685">
    <ele>137</ele>
    <time>2022-01-18T18:57:27Z</time>
  </trkpt>
  <trkpt lat="54.72154333" lon="25.26468333">
    <ele>137</ele>
    <time>2022-01-18T18:57:28Z</time>
  </trkpt>
  <trkpt lat="54.72152" lon="25.26468667">
    <ele>137</ele>
    <time>2022-01-18T18:57:29Z</time>
  </trkpt>
  <trkpt lat="54.72149333" lon="25.26469833">
    <ele>137</ele>
    <time>2022-01-18T18:57:30Z</time>
  </trkpt>
  <trkpt lat="54.72146667" lon="25.26470667">
    <ele>138</ele>
    <time>2022-01-18T18:57:31Z</time>
  </trkpt>
  <trkpt lat="54.72143833" lon="25.26471833">
    <ele>138</ele>
    <time>2022-01-18T18:57:32Z</time>
  </trkpt>
  <trkpt lat="54.72141" lon="25.26472833">
    <ele>138</ele>
    <time>2022-01-18T18:57:33Z</time>
  </trkpt>
  <trkpt lat="54.72137333" lon="25.26474167">
    <ele>139</ele>
    <time>2022-01-18T18:57:34Z</time>
  </trkpt>
  <trkpt lat="54.72134167" lon="25.26475">
    <ele>139</ele>
    <time>2022-01-18T18:57:35Z</time>
  </trkpt>
  <trkpt lat="54.72131667" lon="25.264755">
    <ele>139</ele>
    <time>2022-01-18T18:57:36Z</time>
  </trkpt>
  <trkpt lat="54.721285" lon="25.264765">
    <ele>140</ele>
    <time>2022-01-18T18:57:37Z</time>
  </trkpt>
  <trkpt lat="54.72124667" lon="25.26478167">
    <ele>140</ele>
    <time>2022-01-18T18:57:38Z</time>
  </trkpt>
  <trkpt lat="54.72122333" lon="25.26479333">
    <ele>140</ele>
    <time>2022-01-18T18:57:39Z</time>
  </trkpt>
  <trkpt lat="54.72119333" lon="25.26480667">
    <ele>140</ele>
    <time>2022-01-18T18:57:40Z</time>
  </trkpt>
  <trkpt lat="54.72116333" lon="25.26481833">
    <ele>140</ele>
    <time>2022-01-18T18:57:41Z</time>
  </trkpt>
  <trkpt lat="54.721135" lon="25.26483">
    <ele>140</ele>
    <time>2022-01-18T18:57:42Z</time>
  </trkpt>
  <trkpt lat="54.721105" lon="25.26484667">
    <ele>140</ele>
    <time>2022-01-18T18:57:43Z</time>
  </trkpt>
  <trkpt lat="54.721075" lon="25.26486667">
    <ele>140</ele>
    <time>2022-01-18T18:57:44Z</time>
  </trkpt>
  <trkpt lat="54.72103833" lon="25.264885">
    <ele>140</ele>
    <time>2022-01-18T18:57:45Z</time>
  </trkpt>
  <trkpt lat="54.721015" lon="25.26489667">
    <ele>140</ele>
    <time>2022-01-18T18:57:46Z</time>
  </trkpt>
  <trkpt lat="54.720985" lon="25.26491333">
    <ele>140</ele>
    <time>2022-01-18T18:57:47Z</time>
  </trkpt>
  <trkpt lat="54.720955" lon="25.26492667">
    <ele>140</ele>
    <time>2022-01-18T18:57:48Z</time>
  </trkpt>
  <trkpt lat="54.72092833" lon="25.26494">
    <ele>139</ele>
    <time>2022-01-18T18:57:49Z</time>
  </trkpt>
  <trkpt lat="54.7209" lon="25.26494833">
    <ele>139</ele>
    <time>2022-01-18T18:57:50Z</time>
  </trkpt>
  <trkpt lat="54.72086667" lon="25.264965">
    <ele>139</ele>
    <time>2022-01-18T18:57:51Z</time>
  </trkpt>
  <trkpt lat="54.72084667" lon="25.264975">
    <ele>139</ele>
    <time>2022-01-18T18:57:52Z</time>
  </trkpt>
  <trkpt lat="54.72082" lon="25.26498333">
    <ele>139</ele>
    <time>2022-01-18T18:57:53Z</time>
  </trkpt>
  <trkpt lat="54.72079333" lon="25.26499">
    <ele>139</ele>
    <time>2022-01-18T18:57:54Z</time>
  </trkpt>
  <trkpt lat="54.72076667" lon="25.26499667">
    <ele>139</ele>
    <time>2022-01-18T18:57:55Z</time>
  </trkpt>
  <trkpt lat="54.72074167" lon="25.26499833">
    <ele>139</ele>
    <time>2022-01-18T18:57:56Z</time>
  </trkpt>
  <trkpt lat="54.72071667" lon="25.26500333">
    <ele>139</ele>
    <time>2022-01-18T18:57:57Z</time>
  </trkpt>
  <trkpt lat="54.72069333" lon="25.265006670000002">
    <ele>139</ele>
    <time>2022-01-18T18:57:58Z</time>
  </trkpt>
  <trkpt lat="54.72067" lon="25.26503167">
    <ele>140</ele>
    <time>2022-01-18T18:57:59Z</time>
  </trkpt>
  <trkpt lat="54.720645" lon="25.26505833">
    <ele>140</ele>
    <time>2022-01-18T18:58:00Z</time>
  </trkpt>
  <trkpt lat="54.72062" lon="25.26508">
    <ele>141</ele>
    <time>2022-01-18T18:58:01Z</time>
  </trkpt>
  <trkpt lat="54.72059667" lon="25.265095">
    <ele>142</ele>
    <time>2022-01-18T18:58:02Z</time>
  </trkpt>
  <trkpt lat="54.72057333" lon="25.26510833">
    <ele>142</ele>
    <time>2022-01-18T18:58:03Z</time>
  </trkpt>
  <trkpt lat="54.72055167" lon="25.26512833">
    <ele>143</ele>
    <time>2022-01-18T18:58:04Z</time>
  </trkpt>
  <trkpt lat="54.72053167" lon="25.26514167">
    <ele>144</ele>
    <time>2022-01-18T18:58:05Z</time>
  </trkpt>
  <trkpt lat="54.72051" lon="25.26515667">
    <ele>144</ele>
    <time>2022-01-18T18:58:06Z</time>
  </trkpt>
  <trkpt lat="54.72049" lon="25.26517833">
    <ele>144</ele>
    <time>2022-01-18T18:58:07Z</time>
  </trkpt>
  <trkpt lat="54.72047" lon="25.26521">
    <ele>144</ele>
    <time>2022-01-18T18:58:08Z</time>
  </trkpt>
  <trkpt lat="54.72045333" lon="25.26524667">
    <ele>145</ele>
    <time>2022-01-18T18:58:09Z</time>
  </trkpt>
  <trkpt lat="54.72043833" lon="25.26528">
    <ele>145</ele>
    <time>2022-01-18T18:58:10Z</time>
  </trkpt>
  <trkpt lat="54.72042167" lon="25.26531167">
    <ele>146</ele>
    <time>2022-01-18T18:58:11Z</time>
  </trkpt>
  <trkpt lat="54.72040167" lon="25.26534833">
    <ele>146</ele>
    <time>2022-01-18T18:58:12Z</time>
  </trkpt>
  <trkpt lat="54.72038833" lon="25.26538167">
    <ele>146</ele>
    <time>2022-01-18T18:58:13Z</time>
  </trkpt>
  <trkpt lat="54.72037333" lon="25.26542333">
    <ele>146</ele>
    <time>2022-01-18T18:58:14Z</time>
  </trkpt>
  <trkpt lat="54.720355" lon="25.265465">
    <ele>146</ele>
    <time>2022-01-18T18:58:15Z</time>
  </trkpt>
  <trkpt lat="54.72033667" lon="25.26550167">
    <ele>146</ele>
    <time>2022-01-18T18:58:16Z</time>
  </trkpt>
  <trkpt lat="54.72031667" lon="25.26553833">
    <ele>146</ele>
    <time>2022-01-18T18:58:17Z</time>
  </trkpt>
  <trkpt lat="54.72029333" lon="25.26557333">
    <ele>146</ele>
    <time>2022-01-18T18:58:18Z</time>
  </trkpt>
  <trkpt lat="54.72027" lon="25.26560167">
    <ele>146</ele>
    <time>2022-01-18T18:58:19Z</time>
  </trkpt>
  <trkpt lat="54.72024667" lon="25.26562833">
    <ele>146</ele>
    <time>2022-01-18T18:58:20Z</time>
  </trkpt>
  <trkpt lat="54.72022" lon="25.26565333">
    <ele>146</ele>
    <time>2022-01-18T18:58:21Z</time>
  </trkpt>
  <trkpt lat="54.72019" lon="25.26568333">
    <ele>146</ele>
    <time>2022-01-18T18:58:22Z</time>
  </trkpt>
  <trkpt lat="54.72015833" lon="25.26570833">
    <ele>146</ele>
    <time>2022-01-18T18:58:23Z</time>
  </trkpt>
  <trkpt lat="54.72013167" lon="25.26573">
    <ele>146</ele>
    <time>2022-01-18T18:58:24Z</time>
  </trkpt>
  <trkpt lat="54.72010333" lon="25.26575">
    <ele>146</ele>
    <time>2022-01-18T18:58:25Z</time>
  </trkpt>
  <trkpt lat="54.720075" lon="25.26576">
    <ele>147</ele>
    <time>2022-01-18T18:58:26Z</time>
  </trkpt>
  <trkpt lat="54.72005" lon="25.26575833">
    <ele>147</ele>
    <time>2022-01-18T18:58:27Z</time>
  </trkpt>
  <trkpt lat="54.720025" lon="25.26575167">
    <ele>147</ele>
    <time>2022-01-18T18:58:28Z</time>
  </trkpt>
  <trkpt lat="54.72000167" lon="25.26574167">
    <ele>147</ele>
    <time>2022-01-18T18:58:29Z</time>
  </trkpt>
  <trkpt lat="54.71997667" lon="25.26573">
    <ele>147</ele>
    <time>2022-01-18T18:58:30Z</time>
  </trkpt>
  <trkpt lat="54.71995333" lon="25.26572">
    <ele>147</ele>
    <time>2022-01-18T18:58:31Z</time>
  </trkpt>
  <trkpt lat="54.71992667" lon="25.26571167">
    <ele>147</ele>
    <time>2022-01-18T18:58:32Z</time>
  </trkpt>
  <trkpt lat="54.7199" lon="25.26570167">
    <ele>147</ele>
    <time>2022-01-18T18:58:33Z</time>
  </trkpt>
  <trkpt lat="54.71987" lon="25.26569167">
    <ele>148</ele>
    <time>2022-01-18T18:58:34Z</time>
  </trkpt>
  <trkpt lat="54.71984167" lon="25.26567833">
    <ele>148</ele>
    <time>2022-01-18T18:58:35Z</time>
  </trkpt>
  <trkpt lat="54.71981333" lon="25.26566667">
    <ele>148</ele>
    <time>2022-01-18T18:58:36Z</time>
  </trkpt>
  <trkpt lat="54.719785" lon="25.26565833">
    <ele>148</ele>
    <time>2022-01-18T18:58:37Z</time>
  </trkpt>
  <trkpt lat="54.71976" lon="25.26565667">
    <ele>149</ele>
    <time>2022-01-18T18:58:38Z</time>
  </trkpt>
  <trkpt lat="54.71973667" lon="25.26566167">
    <ele>149</ele>
    <time>2022-01-18T18:58:39Z</time>
  </trkpt>
  <trkpt lat="54.719715" lon="25.26567167">
    <ele>150</ele>
    <time>2022-01-18T18:58:40Z</time>
  </trkpt>
  <trkpt lat="54.71969333" lon="25.26568333">
    <ele>150</ele>
    <time>2022-01-18T18:58:41Z</time>
  </trkpt>
  <trkpt lat="54.71967" lon="25.26570333">
    <ele>151</ele>
    <time>2022-01-18T18:58:42Z</time>
  </trkpt>
  <trkpt lat="54.71964833" lon="25.265725">
    <ele>152</ele>
    <time>2022-01-18T18:58:43Z</time>
  </trkpt>
  <trkpt lat="54.71962833" lon="25.26575333">
    <ele>152</ele>
    <time>2022-01-18T18:58:44Z</time>
  </trkpt>
  <trkpt lat="54.71960833" lon="25.26578167">
    <ele>153</ele>
    <time>2022-01-18T18:58:45Z</time>
  </trkpt>
  <trkpt lat="54.71959167" lon="25.26580667">
    <ele>153</ele>
    <time>2022-01-18T18:58:46Z</time>
  </trkpt>
  <trkpt lat="54.71957333" lon="25.26583667">
    <ele>154</ele>
    <time>2022-01-18T18:58:47Z</time>
  </trkpt>
  <trkpt lat="54.71955167" lon="25.26586167">
    <ele>154</ele>
    <time>2022-01-18T18:58:48Z</time>
  </trkpt>
  <trkpt lat="54.719525" lon="25.26588667">
    <ele>155</ele>
    <time>2022-01-18T18:58:49Z</time>
  </trkpt>
  <trkpt lat="54.71949667" lon="25.26590333">
    <ele>155</ele>
    <time>2022-01-18T18:58:50Z</time>
  </trkpt>
  <trkpt lat="54.719465" lon="25.26592167">
    <ele>155</ele>
    <time>2022-01-18T18:58:51Z</time>
  </trkpt>
  <trkpt lat="54.71943333" lon="25.26593667">
    <ele>156</ele>
    <time>2022-01-18T18:58:52Z</time>
  </trkpt>
  <trkpt lat="54.719405" lon="25.26596">
    <ele>156</ele>
    <time>2022-01-18T18:58:53Z</time>
  </trkpt>
  <trkpt lat="54.71937667" lon="25.265975">
    <ele>156</ele>
    <time>2022-01-18T18:58:54Z</time>
  </trkpt>
  <trkpt lat="54.71934833" lon="25.26598833">
    <ele>156</ele>
    <time>2022-01-18T18:58:55Z</time>
  </trkpt>
  <trkpt lat="54.71932167" lon="25.26599">
    <ele>156</ele>
    <time>2022-01-18T18:58:56Z</time>
  </trkpt>
  <trkpt lat="54.71929833" lon="25.26598167">
    <ele>156</ele>
    <time>2022-01-18T18:58:57Z</time>
  </trkpt>
  <trkpt lat="54.71927333" lon="25.26597833">
    <ele>156</ele>
    <time>2022-01-18T18:58:58Z</time>
  </trkpt>
  <trkpt lat="54.71924667" lon="25.26598">
    <ele>156</ele>
    <time>2022-01-18T18:58:59Z</time>
  </trkpt>
  <trkpt lat="54.71921833" lon="25.26598667">
    <ele>156</ele>
    <time>2022-01-18T18:59:00Z</time>
  </trkpt>
  <trkpt lat="54.71919333" lon="25.265995">
    <ele>156</ele>
    <time>2022-01-18T18:59:01Z</time>
  </trkpt>
  <trkpt lat="54.71917" lon="25.26601">
    <ele>156</ele>
    <time>2022-01-18T18:59:02Z</time>
  </trkpt>
  <trkpt lat="54.71914333" lon="25.26601833">
    <ele>156</ele>
    <time>2022-01-18T18:59:03Z</time>
  </trkpt>
  <trkpt lat="54.71912167" lon="25.26603167">
    <ele>156</ele>
    <time>2022-01-18T18:59:04Z</time>
  </trkpt>
  <trkpt lat="54.71909667" lon="25.26605167">
    <ele>156</ele>
    <time>2022-01-18T18:59:05Z</time>
  </trkpt>
  <trkpt lat="54.71907333" lon="25.26608">
    <ele>156</ele>
    <time>2022-01-18T18:59:06Z</time>
  </trkpt>
  <trkpt lat="54.71905167" lon="25.26611333">
    <ele>156</ele>
    <time>2022-01-18T18:59:07Z</time>
  </trkpt>
  <trkpt lat="54.71902667" lon="25.26615333">
    <ele>156</ele>
    <time>2022-01-18T18:59:08Z</time>
  </trkpt>
  <trkpt lat="54.71900167" lon="25.26618">
    <ele>156</ele>
    <time>2022-01-18T18:59:09Z</time>
  </trkpt>
  <trkpt lat="54.71897667" lon="25.266215">
    <ele>156</ele>
    <time>2022-01-18T18:59:10Z</time>
  </trkpt>
  <trkpt lat="54.71895167" lon="25.26625667">
    <ele>155</ele>
    <time>2022-01-18T18:59:11Z</time>
  </trkpt>
  <trkpt lat="54.718925" lon="25.26628833">
    <ele>155</ele>
    <time>2022-01-18T18:59:12Z</time>
  </trkpt>
  <trkpt lat="54.71889667" lon="25.26631167">
    <ele>155</ele>
    <time>2022-01-18T18:59:13Z</time>
  </trkpt>
  <trkpt lat="54.71887333" lon="25.26633333">
    <ele>155</ele>
    <time>2022-01-18T18:59:14Z</time>
  </trkpt>
  <trkpt lat="54.71884833" lon="25.26636">
    <ele>154</ele>
    <time>2022-01-18T18:59:15Z</time>
  </trkpt>
  <trkpt lat="54.71882167" lon="25.26639333">
    <ele>154</ele>
    <time>2022-01-18T18:59:16Z</time>
  </trkpt>
  <trkpt lat="54.718795" lon="25.266425">
    <ele>154</ele>
    <time>2022-01-18T18:59:17Z</time>
  </trkpt>
  <trkpt lat="54.71876833" lon="25.26645667">
    <ele>154</ele>
    <time>2022-01-18T18:59:18Z</time>
  </trkpt>
  <trkpt lat="54.71873833" lon="25.26648167">
    <ele>154</ele>
    <time>2022-01-18T18:59:19Z</time>
  </trkpt>
  <trkpt lat="54.71870833" lon="25.26649667">
    <ele>154</ele>
    <time>2022-01-18T18:59:20Z</time>
  </trkpt>
  <trkpt lat="54.71868" lon="25.26650833">
    <ele>154</ele>
    <time>2022-01-18T18:59:21Z</time>
  </trkpt>
  <trkpt lat="54.71864833" lon="25.266515">
    <ele>154</ele>
    <time>2022-01-18T18:59:22Z</time>
  </trkpt>
  <trkpt lat="54.71862" lon="25.26652">
    <ele>154</ele>
    <time>2022-01-18T18:59:23Z</time>
  </trkpt>
  <trkpt lat="54.71859" lon="25.266525">
    <ele>154</ele>
    <time>2022-01-18T18:59:24Z</time>
  </trkpt>
  <trkpt lat="54.71856333" lon="25.26652667">
    <ele>155</ele>
    <time>2022-01-18T18:59:25Z</time>
  </trkpt>
  <trkpt lat="54.718535" lon="25.26652667">
    <ele>155</ele>
    <time>2022-01-18T18:59:26Z</time>
  </trkpt>
  <trkpt lat="54.71850833" lon="25.26652667">
    <ele>156</ele>
    <time>2022-01-18T18:59:27Z</time>
  </trkpt>
  <trkpt lat="54.71848" lon="25.26653">
    <ele>156</ele>
    <time>2022-01-18T18:59:28Z</time>
  </trkpt>
  <trkpt lat="54.71845667" lon="25.26652667">
    <ele>156</ele>
    <time>2022-01-18T18:59:29Z</time>
  </trkpt>
  <trkpt lat="54.71842667" lon="25.26652167">
    <ele>157</ele>
    <time>2022-01-18T18:59:30Z</time>
  </trkpt>
  <trkpt lat="54.718395" lon="25.266515">
    <ele>157</ele>
    <time>2022-01-18T18:59:31Z</time>
  </trkpt>
  <trkpt lat="54.71836333" lon="25.26650833">
    <ele>157</ele>
    <time>2022-01-18T18:59:32Z</time>
  </trkpt>
  <trkpt lat="54.71833" lon="25.26649667">
    <ele>157</ele>
    <time>2022-01-18T18:59:33Z</time>
  </trkpt>
  <trkpt lat="54.71830167" lon="25.266485">
    <ele>157</ele>
    <time>2022-01-18T18:59:34Z</time>
  </trkpt>
  <trkpt lat="54.71826833" lon="25.26647">
    <ele>158</ele>
    <time>2022-01-18T18:59:35Z</time>
  </trkpt>
  <trkpt lat="54.718245" lon="25.26645667">
    <ele>158</ele>
    <time>2022-01-18T18:59:36Z</time>
  </trkpt>
  <trkpt lat="54.71821667" lon="25.26644167">
    <ele>158</ele>
    <time>2022-01-18T18:59:37Z</time>
  </trkpt>
  <trkpt lat="54.71818167" lon="25.266425">
    <ele>158</ele>
    <time>2022-01-18T18:59:38Z</time>
  </trkpt>
  <trkpt lat="54.71815833" lon="25.26642333">
    <ele>158</ele>
    <time>2022-01-18T18:59:39Z</time>
  </trkpt>
  <trkpt lat="54.71812833" lon="25.26642167">
    <ele>158</ele>
    <time>2022-01-18T18:59:40Z</time>
  </trkpt>
  <trkpt lat="54.71809667" lon="25.26642167">
    <ele>158</ele>
    <time>2022-01-18T18:59:41Z</time>
  </trkpt>
  <trkpt lat="54.71806333" lon="25.26641667">
    <ele>158</ele>
    <time>2022-01-18T18:59:42Z</time>
  </trkpt>
  <trkpt lat="54.71802667" lon="25.26641167">
    <ele>158</ele>
    <time>2022-01-18T18:59:43Z</time>
  </trkpt>
  <trkpt lat="54.717985" lon="25.26640667">
    <ele>158</ele>
    <time>2022-01-18T18:59:44Z</time>
  </trkpt>
  <trkpt lat="54.71794167" lon="25.26639833">
    <ele>157</ele>
    <time>2022-01-18T18:59:45Z</time>
  </trkpt>
  <trkpt lat="54.71789833" lon="25.26638667">
    <ele>157</ele>
    <time>2022-01-18T18:59:46Z</time>
  </trkpt>
  <trkpt lat="54.71786" lon="25.26636833">
    <ele>157</ele>
    <time>2022-01-18T18:59:47Z</time>
  </trkpt>
  <trkpt lat="54.717825" lon="25.26634833">
    <ele>156</ele>
    <time>2022-01-18T18:59:48Z</time>
  </trkpt>
  <trkpt lat="54.717795" lon="25.266325">
    <ele>156</ele>
    <time>2022-01-18T18:59:49Z</time>
  </trkpt>
  <trkpt lat="54.71776667" lon="25.266305">
    <ele>156</ele>
    <time>2022-01-18T18:59:50Z</time>
  </trkpt>
  <trkpt lat="54.71774" lon="25.26628667">
    <ele>155</ele>
    <time>2022-01-18T18:59:51Z</time>
  </trkpt>
  <trkpt lat="54.71771333" lon="25.266275">
    <ele>155</ele>
    <time>2022-01-18T18:59:52Z</time>
  </trkpt>
  <trkpt lat="54.717685" lon="25.266265">
    <ele>155</ele>
    <time>2022-01-18T18:59:53Z</time>
  </trkpt>
  <trkpt lat="54.71765333" lon="25.266255">
    <ele>155</ele>
    <time>2022-01-18T18:59:54Z</time>
  </trkpt>
  <trkpt lat="54.717625" lon="25.26625333">
    <ele>154</ele>
    <time>2022-01-18T18:59:55Z</time>
  </trkpt>
  <trkpt lat="54.71759667" lon="25.26625">
    <ele>154</ele>
    <time>2022-01-18T18:59:56Z</time>
  </trkpt>
  <trkpt lat="54.71756833" lon="25.26624167">
    <ele>154</ele>
    <time>2022-01-18T18:59:57Z</time>
  </trkpt>
  <trkpt lat="54.71753667" lon="25.26623167">
    <ele>154</ele>
    <time>2022-01-18T18:59:58Z</time>
  </trkpt>
  <trkpt lat="54.71750667" lon="25.266225">
    <ele>153</ele>
    <time>2022-01-18T18:59:59Z</time>
  </trkpt>
  <trkpt lat="54.717475" lon="25.26621667">
    <ele>153</ele>
    <time>2022-01-18T19:00:00Z</time>
  </trkpt>
  <trkpt lat="54.71744333" lon="25.26620833">
    <ele>153</ele>
    <time>2022-01-18T19:00:01Z</time>
  </trkpt>
  <trkpt lat="54.71740833" lon="25.26619667">
    <ele>152</ele>
    <time>2022-01-18T19:00:02Z</time>
  </trkpt>
  <trkpt lat="54.71737333" lon="25.266185">
    <ele>152</ele>
    <time>2022-01-18T19:00:03Z</time>
  </trkpt>
  <trkpt lat="54.71733833" lon="25.26616833">
    <ele>151</ele>
    <time>2022-01-18T19:00:04Z</time>
  </trkpt>
  <trkpt lat="54.71730333" lon="25.26615667">
    <ele>151</ele>
    <time>2022-01-18T19:00:05Z</time>
  </trkpt>
  <trkpt lat="54.71726833" lon="25.26614667">
    <ele>150</ele>
    <time>2022-01-18T19:00:06Z</time>
  </trkpt>
  <trkpt lat="54.71723333" lon="25.26614">
    <ele>150</ele>
    <time>2022-01-18T19:00:07Z</time>
  </trkpt>
  <trkpt lat="54.71719833" lon="25.26613167">
    <ele>150</ele>
    <time>2022-01-18T19:00:08Z</time>
  </trkpt>
  <trkpt lat="54.71716833" lon="25.26612">
    <ele>150</ele>
    <time>2022-01-18T19:00:09Z</time>
  </trkpt>
  <trkpt lat="54.71713833" lon="25.26611333">
    <ele>149</ele>
    <time>2022-01-18T19:00:10Z</time>
  </trkpt>
  <trkpt lat="54.71710667" lon="25.26610667">
    <ele>149</ele>
    <time>2022-01-18T19:00:11Z</time>
  </trkpt>
  <trkpt lat="54.71707333" lon="25.2661">
    <ele>149</ele>
    <time>2022-01-18T19:00:12Z</time>
  </trkpt>
  <trkpt lat="54.71704167" lon="25.26609">
    <ele>149</ele>
    <time>2022-01-18T19:00:13Z</time>
  </trkpt>
  <trkpt lat="54.71701333" lon="25.26607667">
    <ele>149</ele>
    <time>2022-01-18T19:00:14Z</time>
  </trkpt>
  <trkpt lat="54.716985" lon="25.26606167">
    <ele>148</ele>
    <time>2022-01-18T19:00:15Z</time>
  </trkpt>
  <trkpt lat="54.716955" lon="25.26604333">
    <ele>148</ele>
    <time>2022-01-18T19:00:16Z</time>
  </trkpt>
  <trkpt lat="54.71692833" lon="25.26602833">
    <ele>148</ele>
    <time>2022-01-18T19:00:17Z</time>
  </trkpt>
  <trkpt lat="54.7169" lon="25.26601">
    <ele>148</ele>
    <time>2022-01-18T19:00:18Z</time>
  </trkpt>
  <trkpt lat="54.71687333" lon="25.26598833">
    <ele>148</ele>
    <time>2022-01-18T19:00:19Z</time>
  </trkpt>
  <trkpt lat="54.71685" lon="25.26596667">
    <ele>147</ele>
    <time>2022-01-18T19:00:20Z</time>
  </trkpt>
  <trkpt lat="54.716825" lon="25.26594667">
    <ele>147</ele>
    <time>2022-01-18T19:00:21Z</time>
  </trkpt>
  <trkpt lat="54.71680167" lon="25.265925">
    <ele>147</ele>
    <time>2022-01-18T19:00:22Z</time>
  </trkpt>
  <trkpt lat="54.71677833" lon="25.26590667">
    <ele>147</ele>
    <time>2022-01-18T19:00:23Z</time>
  </trkpt>
  <trkpt lat="54.71675667" lon="25.26589167">
    <ele>147</ele>
    <time>2022-01-18T19:00:24Z</time>
  </trkpt>
  <trkpt lat="54.71672667" lon="25.265875">
    <ele>147</ele>
    <time>2022-01-18T19:00:25Z</time>
  </trkpt>
  <trkpt lat="54.71671" lon="25.26586333">
    <ele>146</ele>
    <time>2022-01-18T19:00:26Z</time>
  </trkpt>
  <trkpt lat="54.71669167" lon="25.265845">
    <ele>146</ele>
    <time>2022-01-18T19:00:27Z</time>
  </trkpt>
  <trkpt lat="54.71667667" lon="25.26583">
    <ele>146</ele>
    <time>2022-01-18T19:00:28Z</time>
  </trkpt>
  <trkpt lat="54.71666667" lon="25.26582">
    <ele>146</ele>
    <time>2022-01-18T19:00:29Z</time>
  </trkpt>
  <trkpt lat="54.71666333" lon="25.26581333">
    <ele>146</ele>
    <time>2022-01-18T19:00:30Z</time>
  </trkpt>
  <trkpt lat="54.71666" lon="25.26581333">
    <ele>147</ele>
    <time>2022-01-18T19:00:31Z</time>
  </trkpt>
  <trkpt lat="54.716655" lon="25.26582">
    <ele>147</ele>
    <time>2022-01-18T19:00:32Z</time>
  </trkpt>
  <trkpt lat="54.71664667" lon="25.26582833">
    <ele>147</ele>
    <time>2022-01-18T19:00:33Z</time>
  </trkpt>
  <trkpt lat="54.71663667" lon="25.265825">
    <ele>148</ele>
    <time>2022-01-18T19:00:34Z</time>
  </trkpt>
  <trkpt lat="54.716615" lon="25.26582333">
    <ele>148</ele>
    <time>2022-01-18T19:00:35Z</time>
  </trkpt>
  <trkpt lat="54.71659" lon="25.26582667">
    <ele>148</ele>
    <time>2022-01-18T19:00:36Z</time>
  </trkpt>
  <trkpt lat="54.71656167" lon="25.26583">
    <ele>149</ele>
    <time>2022-01-18T19:00:37Z</time>
  </trkpt>
  <trkpt lat="54.71653333" lon="25.26583667">
    <ele>149</ele>
    <time>2022-01-18T19:00:38Z</time>
  </trkpt>
  <trkpt lat="54.71650333" lon="25.26584167">
    <ele>149</ele>
    <time>2022-01-18T19:00:39Z</time>
  </trkpt>
  <trkpt lat="54.71647333" lon="25.26584833">
    <ele>150</ele>
    <time>2022-01-18T19:00:40Z</time>
  </trkpt>
  <trkpt lat="54.71644333" lon="25.26585667">
    <ele>150</ele>
    <time>2022-01-18T19:00:41Z</time>
  </trkpt>
  <trkpt lat="54.71641333" lon="25.26586">
    <ele>150</ele>
    <time>2022-01-18T19:00:42Z</time>
  </trkpt>
  <trkpt lat="54.71638" lon="25.26585833">
    <ele>150</ele>
    <time>2022-01-18T19:00:43Z</time>
  </trkpt>
  <trkpt lat="54.71634833" lon="25.26585167">
    <ele>150</ele>
    <time>2022-01-18T19:00:44Z</time>
  </trkpt>
  <trkpt lat="54.71631833" lon="25.26584333">
    <ele>150</ele>
    <time>2022-01-18T19:00:45Z</time>
  </trkpt>
  <trkpt lat="54.71629" lon="25.26583">
    <ele>150</ele>
    <time>2022-01-18T19:00:46Z</time>
  </trkpt>
  <trkpt lat="54.71626167" lon="25.26581833">
    <ele>150</ele>
    <time>2022-01-18T19:00:47Z</time>
  </trkpt>
  <trkpt lat="54.71623333" lon="25.26580833">
    <ele>149</ele>
    <time>2022-01-18T19:00:48Z</time>
  </trkpt>
  <trkpt lat="54.71620333" lon="25.26579667">
    <ele>149</ele>
    <time>2022-01-18T19:00:49Z</time>
  </trkpt>
  <trkpt lat="54.71617333" lon="25.26578333">
    <ele>149</ele>
    <time>2022-01-18T19:00:50Z</time>
  </trkpt>
  <trkpt lat="54.71614167" lon="25.26576833">
    <ele>150</ele>
    <time>2022-01-18T19:00:51Z</time>
  </trkpt>
  <trkpt lat="54.71611" lon="25.265745">
    <ele>150</ele>
    <time>2022-01-18T19:00:52Z</time>
  </trkpt>
  <trkpt lat="54.71608" lon="25.26572">
    <ele>150</ele>
    <time>2022-01-18T19:00:53Z</time>
  </trkpt>
  <trkpt lat="54.71605167" lon="25.26569">
    <ele>150</ele>
    <time>2022-01-18T19:00:54Z</time>
  </trkpt>
  <trkpt lat="54.716025" lon="25.26565833">
    <ele>149</ele>
    <time>2022-01-18T19:00:55Z</time>
  </trkpt>
  <trkpt lat="54.715995" lon="25.26562833">
    <ele>149</ele>
    <time>2022-01-18T19:00:56Z</time>
  </trkpt>
  <trkpt lat="54.71596333" lon="25.26559667">
    <ele>149</ele>
    <time>2022-01-18T19:00:57Z</time>
  </trkpt>
  <trkpt lat="54.71593333" lon="25.26556167">
    <ele>149</ele>
    <time>2022-01-18T19:00:58Z</time>
  </trkpt>
  <trkpt lat="54.71590667" lon="25.26552667">
    <ele>149</ele>
    <time>2022-01-18T19:00:59Z</time>
  </trkpt>
  <trkpt lat="54.71587833" lon="25.26548833">
    <ele>149</ele>
    <time>2022-01-18T19:01:00Z</time>
  </trkpt>
  <trkpt lat="54.71585333" lon="25.26545">
    <ele>149</ele>
    <time>2022-01-18T19:01:01Z</time>
  </trkpt>
  <trkpt lat="54.71582667" lon="25.26541333">
    <ele>149</ele>
    <time>2022-01-18T19:01:02Z</time>
  </trkpt>
  <trkpt lat="54.715805" lon="25.265375">
    <ele>148</ele>
    <time>2022-01-18T19:01:03Z</time>
  </trkpt>
  <trkpt lat="54.71578667" lon="25.26533667">
    <ele>148</ele>
    <time>2022-01-18T19:01:04Z</time>
  </trkpt>
  <trkpt lat="54.71576667" lon="25.2653">
    <ele>148</ele>
    <time>2022-01-18T19:01:05Z</time>
  </trkpt>
  <trkpt lat="54.71574833" lon="25.26526167">
    <ele>148</ele>
    <time>2022-01-18T19:01:06Z</time>
  </trkpt>
  <trkpt lat="54.71572667" lon="25.26522333">
    <ele>148</ele>
    <time>2022-01-18T19:01:07Z</time>
  </trkpt>
  <trkpt lat="54.71571" lon="25.26518">
    <ele>148</ele>
    <time>2022-01-18T19:01:08Z</time>
  </trkpt>
  <trkpt lat="54.71569833" lon="25.26513667">
    <ele>148</ele>
    <time>2022-01-18T19:01:09Z</time>
  </trkpt>
  <trkpt lat="54.71568167" lon="25.26509333">
    <ele>148</ele>
    <time>2022-01-18T19:01:10Z</time>
  </trkpt>
  <trkpt lat="54.715665" lon="25.26505333">
    <ele>149</ele>
    <time>2022-01-18T19:01:11Z</time>
  </trkpt>
  <trkpt lat="54.715645" lon="25.26501333">
    <ele>149</ele>
    <time>2022-01-18T19:01:12Z</time>
  </trkpt>
  <trkpt lat="54.715625" lon="25.26497333">
    <ele>149</ele>
    <time>2022-01-18T19:01:13Z</time>
  </trkpt>
  <trkpt lat="54.71560833" lon="25.26493833">
    <ele>149</ele>
    <time>2022-01-18T19:01:14Z</time>
  </trkpt>
  <trkpt lat="54.71559" lon="25.26490333">
    <ele>149</ele>
    <time>2022-01-18T19:01:15Z</time>
  </trkpt>
  <trkpt lat="54.71557" lon="25.26486667">
    <ele>150</ele>
    <time>2022-01-18T19:01:16Z</time>
  </trkpt>
  <trkpt lat="54.71555" lon="25.26483333">
    <ele>150</ele>
    <time>2022-01-18T19:01:17Z</time>
  </trkpt>
  <trkpt lat="54.71552667" lon="25.26480167">
    <ele>149</ele>
    <time>2022-01-18T19:01:18Z</time>
  </trkpt>
  <trkpt lat="54.715505" lon="25.26476333">
    <ele>149</ele>
    <time>2022-01-18T19:01:19Z</time>
  </trkpt>
  <trkpt lat="54.71548167" lon="25.26472667">
    <ele>149</ele>
    <time>2022-01-18T19:01:20Z</time>
  </trkpt>
  <trkpt lat="54.71546" lon="25.26469667">
    <ele>149</ele>
    <time>2022-01-18T19:01:21Z</time>
  </trkpt>
  <trkpt lat="54.715435" lon="25.264665">
    <ele>149</ele>
    <time>2022-01-18T19:01:22Z</time>
  </trkpt>
  <trkpt lat="54.71541" lon="25.26463833">
    <ele>149</ele>
    <time>2022-01-18T19:01:23Z</time>
  </trkpt>
  <trkpt lat="54.71538667" lon="25.26461">
    <ele>149</ele>
    <time>2022-01-18T19:01:24Z</time>
  </trkpt>
  <trkpt lat="54.715365" lon="25.26458167">
    <ele>149</ele>
    <time>2022-01-18T19:01:25Z</time>
  </trkpt>
  <trkpt lat="54.71534333" lon="25.26455">
    <ele>149</ele>
    <time>2022-01-18T19:01:26Z</time>
  </trkpt>
  <trkpt lat="54.715325" lon="25.26450833">
    <ele>149</ele>
    <time>2022-01-18T19:01:27Z</time>
  </trkpt>
  <trkpt lat="54.71530167" lon="25.264475">
    <ele>149</ele>
    <time>2022-01-18T19:01:28Z</time>
  </trkpt>
  <trkpt lat="54.71527333" lon="25.26443667">
    <ele>149</ele>
    <time>2022-01-18T19:01:29Z</time>
  </trkpt>
  <trkpt lat="54.71525" lon="25.26439833">
    <ele>149</ele>
    <time>2022-01-18T19:01:30Z</time>
  </trkpt>
  <trkpt lat="54.715235" lon="25.264355">
    <ele>149</ele>
    <time>2022-01-18T19:01:31Z</time>
  </trkpt>
  <trkpt lat="54.71522167" lon="25.26431667">
    <ele>149</ele>
    <time>2022-01-18T19:01:32Z</time>
  </trkpt>
  <trkpt lat="54.71521667" lon="25.26428">
    <ele>150</ele>
    <time>2022-01-18T19:01:33Z</time>
  </trkpt>
  <trkpt lat="54.715225" lon="25.26424">
    <ele>150</ele>
    <time>2022-01-18T19:01:34Z</time>
  </trkpt>
  <trkpt lat="54.71524" lon="25.26420333">
    <ele>150</ele>
    <time>2022-01-18T19:01:35Z</time>
  </trkpt>
  <trkpt lat="54.71526" lon="25.26417667">
    <ele>150</ele>
    <time>2022-01-18T19:01:36Z</time>
  </trkpt>
  <trkpt lat="54.71527833" lon="25.26416167">
    <ele>150</ele>
    <time>2022-01-18T19:01:37Z</time>
  </trkpt>
  <trkpt lat="54.7153" lon="25.264155">
    <ele>150</ele>
    <time>2022-01-18T19:01:38Z</time>
  </trkpt>
  <trkpt lat="54.71533" lon="25.26415167">
    <ele>150</ele>
    <time>2022-01-18T19:01:39Z</time>
  </trkpt>
  <trkpt lat="54.71535167" lon="25.26415667">
    <ele>150</ele>
    <time>2022-01-18T19:01:40Z</time>
  </trkpt>
  <trkpt lat="54.715375" lon="25.26417333">
    <ele>150</ele>
    <time>2022-01-18T19:01:41Z</time>
  </trkpt>
  <trkpt lat="54.71539833" lon="25.26419167">
    <ele>151</ele>
    <time>2022-01-18T19:01:42Z</time>
  </trkpt>
  <trkpt lat="54.71542333" lon="25.26420833">
    <ele>151</ele>
    <time>2022-01-18T19:01:43Z</time>
  </trkpt>
  <trkpt lat="54.71545" lon="25.26422667">
    <ele>151</ele>
    <time>2022-01-18T19:01:44Z</time>
  </trkpt>
  <trkpt lat="54.71547667" lon="25.26424167">
    <ele>152</ele>
    <time>2022-01-18T19:01:45Z</time>
  </trkpt>
  <trkpt lat="54.71550333" lon="25.26425333">
    <ele>152</ele>
    <time>2022-01-18T19:01:46Z</time>
  </trkpt>
  <trkpt lat="54.71553" lon="25.26426">
    <ele>152</ele>
    <time>2022-01-18T19:01:47Z</time>
  </trkpt>
  <trkpt lat="54.715565" lon="25.26426">
    <ele>153</ele>
    <time>2022-01-18T19:01:48Z</time>
  </trkpt>
  <trkpt lat="54.71558667" lon="25.26425833">
    <ele>153</ele>
    <time>2022-01-18T19:01:49Z</time>
  </trkpt>
  <trkpt lat="54.71561667" lon="25.26426">
    <ele>154</ele>
    <time>2022-01-18T19:01:50Z</time>
  </trkpt>
  <trkpt lat="54.71564833" lon="25.26425167">
    <ele>154</ele>
    <time>2022-01-18T19:01:51Z</time>
  </trkpt>
  <trkpt lat="54.71567667" lon="25.26425">
    <ele>155</ele>
    <time>2022-01-18T19:01:52Z</time>
  </trkpt>
  <trkpt lat="54.71570833" lon="25.26424167">
    <ele>155</ele>
    <time>2022-01-18T19:01:53Z</time>
  </trkpt>
  <trkpt lat="54.71573833" lon="25.26422833">
    <ele>155</ele>
    <time>2022-01-18T19:01:54Z</time>
  </trkpt>
  <trkpt lat="54.71577667" lon="25.26422">
    <ele>156</ele>
    <time>2022-01-18T19:01:55Z</time>
  </trkpt>
  <trkpt lat="54.71580167" lon="25.26422333">
    <ele>156</ele>
    <time>2022-01-18T19:01:56Z</time>
  </trkpt>
  <trkpt lat="54.71583833" lon="25.26421833">
    <ele>156</ele>
    <time>2022-01-18T19:01:57Z</time>
  </trkpt>
  <trkpt lat="54.71586333" lon="25.26421167">
    <ele>156</ele>
    <time>2022-01-18T19:01:58Z</time>
  </trkpt>
  <trkpt lat="54.71589167" lon="25.26420167">
    <ele>157</ele>
    <time>2022-01-18T19:01:59Z</time>
  </trkpt>
  <trkpt lat="54.71592167" lon="25.26418667">
    <ele>157</ele>
    <time>2022-01-18T19:02:00Z</time>
  </trkpt>
  <trkpt lat="54.71595" lon="25.26418167">
    <ele>157</ele>
    <time>2022-01-18T19:02:01Z</time>
  </trkpt>
  <trkpt lat="54.71598" lon="25.26418667">
    <ele>157</ele>
    <time>2022-01-18T19:02:02Z</time>
  </trkpt>
  <trkpt lat="54.71601167" lon="25.264195">
    <ele>157</ele>
    <time>2022-01-18T19:02:03Z</time>
  </trkpt>
  <trkpt lat="54.71604167" lon="25.26420667">
    <ele>157</ele>
    <time>2022-01-18T19:02:04Z</time>
  </trkpt>
  <trkpt lat="54.71607167" lon="25.26422167">
    <ele>157</ele>
    <time>2022-01-18T19:02:05Z</time>
  </trkpt>
  <trkpt lat="54.7161" lon="25.26423833">
    <ele>156</ele>
    <time>2022-01-18T19:02:06Z</time>
  </trkpt>
  <trkpt lat="54.71613167" lon="25.26424667">
    <ele>156</ele>
    <time>2022-01-18T19:02:07Z</time>
  </trkpt>
  <trkpt lat="54.71616167" lon="25.264255">
    <ele>156</ele>
    <time>2022-01-18T19:02:08Z</time>
  </trkpt>
  <trkpt lat="54.71618833" lon="25.26426667">
    <ele>156</ele>
    <time>2022-01-18T19:02:09Z</time>
  </trkpt>
  <trkpt lat="54.71621667" lon="25.26427">
    <ele>157</ele>
    <time>2022-01-18T19:02:10Z</time>
  </trkpt>
  <trkpt lat="54.71624333" lon="25.26427167">
    <ele>157</ele>
    <time>2022-01-18T19:02:11Z</time>
  </trkpt>
  <trkpt lat="54.71627" lon="25.26426833">
    <ele>157</ele>
    <time>2022-01-18T19:02:12Z</time>
  </trkpt>
  <trkpt lat="54.71629667" lon="25.26425667">
    <ele>157</ele>
    <time>2022-01-18T19:02:13Z</time>
  </trkpt>
  <trkpt lat="54.71632" lon="25.26424">
    <ele>157</ele>
    <time>2022-01-18T19:02:14Z</time>
  </trkpt>
  <trkpt lat="54.71634167" lon="25.26422">
    <ele>157</ele>
    <time>2022-01-18T19:02:15Z</time>
  </trkpt>
  <trkpt lat="54.716365" lon="25.26420167">
    <ele>157</ele>
    <time>2022-01-18T19:02:16Z</time>
  </trkpt>
  <trkpt lat="54.716385" lon="25.26417667">
    <ele>157</ele>
    <time>2022-01-18T19:02:17Z</time>
  </trkpt>
  <trkpt lat="54.716405" lon="25.264155">
    <ele>157</ele>
    <time>2022-01-18T19:02:18Z</time>
  </trkpt>
  <trkpt lat="54.71642833" lon="25.26413667">
    <ele>158</ele>
    <time>2022-01-18T19:02:19Z</time>
  </trkpt>
  <trkpt lat="54.71645" lon="25.26411167">
    <ele>158</ele>
    <time>2022-01-18T19:02:20Z</time>
  </trkpt>
  <trkpt lat="54.71647167" lon="25.264085">
    <ele>158</ele>
    <time>2022-01-18T19:02:21Z</time>
  </trkpt>
  <trkpt lat="54.716495" lon="25.26406">
    <ele>159</ele>
    <time>2022-01-18T19:02:22Z</time>
  </trkpt>
  <trkpt lat="54.71651667" lon="25.26403833">
    <ele>159</ele>
    <time>2022-01-18T19:02:23Z</time>
  </trkpt>
  <trkpt lat="54.71653833" lon="25.26401333">
    <ele>159</ele>
    <time>2022-01-18T19:02:24Z</time>
  </trkpt>
  <trkpt lat="54.716565" lon="25.26398333">
    <ele>160</ele>
    <time>2022-01-18T19:02:25Z</time>
  </trkpt>
  <trkpt lat="54.71658" lon="25.26396">
    <ele>160</ele>
    <time>2022-01-18T19:02:26Z</time>
  </trkpt>
  <trkpt lat="54.71660167" lon="25.26393">
    <ele>160</ele>
    <time>2022-01-18T19:02:27Z</time>
  </trkpt>
  <trkpt lat="54.71662167" lon="25.26390167">
    <ele>160</ele>
    <time>2022-01-18T19:02:28Z</time>
  </trkpt>
  <trkpt lat="54.71664167" lon="25.263875">
    <ele>161</ele>
    <time>2022-01-18T19:02:29Z</time>
  </trkpt>
  <trkpt lat="54.716665" lon="25.26385167">
    <ele>161</ele>
    <time>2022-01-18T19:02:30Z</time>
  </trkpt>
  <trkpt lat="54.71668833" lon="25.26382667">
    <ele>161</ele>
    <time>2022-01-18T19:02:31Z</time>
  </trkpt>
  <trkpt lat="54.71671333" lon="25.263803329999998">
    <ele>161</ele>
    <time>2022-01-18T19:02:32Z</time>
  </trkpt>
  <trkpt lat="54.71674" lon="25.26378">
    <ele>161</ele>
    <time>2022-01-18T19:02:33Z</time>
  </trkpt>
  <trkpt lat="54.71676333" lon="25.26375167">
    <ele>161</ele>
    <time>2022-01-18T19:02:34Z</time>
  </trkpt>
  <trkpt lat="54.71678833" lon="25.263725">
    <ele>161</ele>
    <time>2022-01-18T19:02:35Z</time>
  </trkpt>
  <trkpt lat="54.716815" lon="25.263705">
    <ele>161</ele>
    <time>2022-01-18T19:02:36Z</time>
  </trkpt>
  <trkpt lat="54.71684167" lon="25.263685">
    <ele>162</ele>
    <time>2022-01-18T19:02:37Z</time>
  </trkpt>
  <trkpt lat="54.71686667" lon="25.26366167">
    <ele>162</ele>
    <time>2022-01-18T19:02:38Z</time>
  </trkpt>
  <trkpt lat="54.716895" lon="25.26363833">
    <ele>162</ele>
    <time>2022-01-18T19:02:39Z</time>
  </trkpt>
  <trkpt lat="54.71692167" lon="25.263615">
    <ele>162</ele>
    <time>2022-01-18T19:02:40Z</time>
  </trkpt>
  <trkpt lat="54.71694833" lon="25.26359667">
    <ele>162</ele>
    <time>2022-01-18T19:02:41Z</time>
  </trkpt>
  <trkpt lat="54.71697667" lon="25.26358333">
    <ele>162</ele>
    <time>2022-01-18T19:02:42Z</time>
  </trkpt>
  <trkpt lat="54.717005" lon="25.26357333">
    <ele>162</ele>
    <time>2022-01-18T19:02:43Z</time>
  </trkpt>
  <trkpt lat="54.71703167" lon="25.26356167">
    <ele>162</ele>
    <time>2022-01-18T19:02:44Z</time>
  </trkpt>
  <trkpt lat="54.71706167" lon="25.26355667">
    <ele>162</ele>
    <time>2022-01-18T19:02:45Z</time>
  </trkpt>
  <trkpt lat="54.71709" lon="25.26355667">
    <ele>162</ele>
    <time>2022-01-18T19:02:46Z</time>
  </trkpt>
  <trkpt lat="54.71711833" lon="25.26355667">
    <ele>162</ele>
    <time>2022-01-18T19:02:47Z</time>
  </trkpt>
  <trkpt lat="54.71714833" lon="25.26356">
    <ele>162</ele>
    <time>2022-01-18T19:02:48Z</time>
  </trkpt>
  <trkpt lat="54.71718" lon="25.263565">
    <ele>162</ele>
    <time>2022-01-18T19:02:49Z</time>
  </trkpt>
  <trkpt lat="54.71721167" lon="25.26357">
    <ele>162</ele>
    <time>2022-01-18T19:02:50Z</time>
  </trkpt>
  <trkpt lat="54.71724" lon="25.26357333">
    <ele>162</ele>
    <time>2022-01-18T19:02:51Z</time>
  </trkpt>
  <trkpt lat="54.71727" lon="25.26357667">
    <ele>162</ele>
    <time>2022-01-18T19:02:52Z</time>
  </trkpt>
  <trkpt lat="54.7173" lon="25.26358333">
    <ele>162</ele>
    <time>2022-01-18T19:02:53Z</time>
  </trkpt>
  <trkpt lat="54.71733" lon="25.26359167">
    <ele>162</ele>
    <time>2022-01-18T19:02:54Z</time>
  </trkpt>
  <trkpt lat="54.71736" lon="25.263605">
    <ele>162</ele>
    <time>2022-01-18T19:02:55Z</time>
  </trkpt>
  <trkpt lat="54.71739" lon="25.26362167">
    <ele>162</ele>
    <time>2022-01-18T19:02:56Z</time>
  </trkpt>
  <trkpt lat="54.717425" lon="25.26365333">
    <ele>162</ele>
    <time>2022-01-18T19:02:57Z</time>
  </trkpt>
  <trkpt lat="54.71745667" lon="25.26367667">
    <ele>161</ele>
    <time>2022-01-18T19:02:58Z</time>
  </trkpt>
  <trkpt lat="54.71748667" lon="25.263695">
    <ele>161</ele>
    <time>2022-01-18T19:02:59Z</time>
  </trkpt>
  <trkpt lat="54.717515" lon="25.26371333">
    <ele>161</ele>
    <time>2022-01-18T19:03:00Z</time>
  </trkpt>
  <trkpt lat="54.71754667" lon="25.26373667">
    <ele>161</ele>
    <time>2022-01-18T19:03:01Z</time>
  </trkpt>
  <trkpt lat="54.71756667" lon="25.26375333">
    <ele>161</ele>
    <time>2022-01-18T19:03:02Z</time>
  </trkpt>
  <trkpt lat="54.717595" lon="25.26377333">
    <ele>161</ele>
    <time>2022-01-18T19:03:03Z</time>
  </trkpt>
  <trkpt lat="54.71762333" lon="25.26379333">
    <ele>161</ele>
    <time>2022-01-18T19:03:04Z</time>
  </trkpt>
  <trkpt lat="54.71765167" lon="25.26381333">
    <ele>161</ele>
    <time>2022-01-18T19:03:05Z</time>
  </trkpt>
  <trkpt lat="54.71768167" lon="25.26383667">
    <ele>160</ele>
    <time>2022-01-18T19:03:06Z</time>
  </trkpt>
  <trkpt lat="54.71771167" lon="25.26386">
    <ele>160</ele>
    <time>2022-01-18T19:03:07Z</time>
  </trkpt>
  <trkpt lat="54.71774333" lon="25.26388167">
    <ele>160</ele>
    <time>2022-01-18T19:03:08Z</time>
  </trkpt>
  <trkpt lat="54.71777333" lon="25.26390167">
    <ele>160</ele>
    <time>2022-01-18T19:03:09Z</time>
  </trkpt>
  <trkpt lat="54.717805" lon="25.263915">
    <ele>159</ele>
    <time>2022-01-18T19:03:10Z</time>
  </trkpt>
  <trkpt lat="54.717835" lon="25.26392167">
    <ele>159</ele>
    <time>2022-01-18T19:03:11Z</time>
  </trkpt>
  <trkpt lat="54.71786167" lon="25.26392">
    <ele>159</ele>
    <time>2022-01-18T19:03:12Z</time>
  </trkpt>
  <trkpt lat="54.717885" lon="25.26391">
    <ele>159</ele>
    <time>2022-01-18T19:03:13Z</time>
  </trkpt>
  <trkpt lat="54.7179" lon="25.26388833">
    <ele>159</ele>
    <time>2022-01-18T19:03:14Z</time>
  </trkpt>
  <trkpt lat="54.71790667" lon="25.26385833">
    <ele>159</ele>
    <time>2022-01-18T19:03:15Z</time>
  </trkpt>
  <trkpt lat="54.71790333" lon="25.26382167">
    <ele>159</ele>
    <time>2022-01-18T19:03:16Z</time>
  </trkpt>
  <trkpt lat="54.717895" lon="25.26377833">
    <ele>159</ele>
    <time>2022-01-18T19:03:17Z</time>
  </trkpt>
  <trkpt lat="54.71789" lon="25.26373">
    <ele>159</ele>
    <time>2022-01-18T19:03:18Z</time>
  </trkpt>
  <trkpt lat="54.717875" lon="25.26368333">
    <ele>159</ele>
    <time>2022-01-18T19:03:19Z</time>
  </trkpt>
  <trkpt lat="54.71787167" lon="25.26362333">
    <ele>159</ele>
    <time>2022-01-18T19:03:20Z</time>
  </trkpt>
  <trkpt lat="54.71787833" lon="25.26356167">
    <ele>158</ele>
    <time>2022-01-18T19:03:21Z</time>
  </trkpt>
  <trkpt lat="54.71789333" lon="25.26351167">
    <ele>158</ele>
    <time>2022-01-18T19:03:22Z</time>
  </trkpt>
  <trkpt lat="54.71792333" lon="25.26345667">
    <ele>158</ele>
    <time>2022-01-18T19:03:23Z</time>
  </trkpt>
  <trkpt lat="54.71794167" lon="25.26342833">
    <ele>158</ele>
    <time>2022-01-18T19:03:24Z</time>
  </trkpt>
  <trkpt lat="54.71796667" lon="25.2634">
    <ele>157</ele>
    <time>2022-01-18T19:03:25Z</time>
  </trkpt>
  <trkpt lat="54.71799167" lon="25.26338333">
    <ele>157</ele>
    <time>2022-01-18T19:03:26Z</time>
  </trkpt>
  <trkpt lat="54.71802167" lon="25.26337167">
    <ele>157</ele>
    <time>2022-01-18T19:03:27Z</time>
  </trkpt>
  <trkpt lat="54.71804833" lon="25.26335833">
    <ele>157</ele>
    <time>2022-01-18T19:03:28Z</time>
  </trkpt>
  <trkpt lat="54.71808167" lon="25.26334833">
    <ele>156</ele>
    <time>2022-01-18T19:03:29Z</time>
  </trkpt>
  <trkpt lat="54.71810167" lon="25.26334">
    <ele>156</ele>
    <time>2022-01-18T19:03:30Z</time>
  </trkpt>
  <trkpt lat="54.71813" lon="25.26332333">
    <ele>156</ele>
    <time>2022-01-18T19:03:31Z</time>
  </trkpt>
  <trkpt lat="54.71815167" lon="25.26331">
    <ele>156</ele>
    <time>2022-01-18T19:03:32Z</time>
  </trkpt>
  <trkpt lat="54.718175" lon="25.26329833">
    <ele>155</ele>
    <time>2022-01-18T19:03:33Z</time>
  </trkpt>
  <trkpt lat="54.71819" lon="25.263285">
    <ele>155</ele>
    <time>2022-01-18T19:03:34Z</time>
  </trkpt>
  <trkpt lat="54.71819833" lon="25.26327333">
    <ele>154</ele>
    <time>2022-01-18T19:03:35Z</time>
  </trkpt>
  <trkpt lat="54.71820333" lon="25.26327">
    <ele>154</ele>
    <time>2022-01-18T19:03:36Z</time>
  </trkpt>
  <trkpt lat="54.718205" lon="25.263265">
    <ele>154</ele>
    <time>2022-01-18T19:03:37Z</time>
  </trkpt>
  <trkpt lat="54.71820667" lon="25.26324667">
    <ele>154</ele>
    <time>2022-01-18T19:03:38Z</time>
  </trkpt>
  <trkpt lat="54.71821667" lon="25.26322">
    <ele>153</ele>
    <time>2022-01-18T19:03:39Z</time>
  </trkpt>
  <trkpt lat="54.71823167" lon="25.26319">
    <ele>153</ele>
    <time>2022-01-18T19:03:40Z</time>
  </trkpt>
  <trkpt lat="54.71825" lon="25.263165">
    <ele>153</ele>
    <time>2022-01-18T19:03:41Z</time>
  </trkpt>
  <trkpt lat="54.71827167" lon="25.26313667">
    <ele>152</ele>
    <time>2022-01-18T19:03:42Z</time>
  </trkpt>
  <trkpt lat="54.71829667" lon="25.263115">
    <ele>152</ele>
    <time>2022-01-18T19:03:43Z</time>
  </trkpt>
  <trkpt lat="54.71832167" lon="25.263085">
    <ele>151</ele>
    <time>2022-01-18T19:03:44Z</time>
  </trkpt>
  <trkpt lat="54.71834833" lon="25.263055">
    <ele>151</ele>
    <time>2022-01-18T19:03:45Z</time>
  </trkpt>
  <trkpt lat="54.718375" lon="25.26302">
    <ele>151</ele>
    <time>2022-01-18T19:03:46Z</time>
  </trkpt>
  <trkpt lat="54.718405" lon="25.26299167">
    <ele>150</ele>
    <time>2022-01-18T19:03:47Z</time>
  </trkpt>
  <trkpt lat="54.71843833" lon="25.262975">
    <ele>150</ele>
    <time>2022-01-18T19:03:48Z</time>
  </trkpt>
  <trkpt lat="54.71847333" lon="25.26296333">
    <ele>150</ele>
    <time>2022-01-18T19:03:49Z</time>
  </trkpt>
  <trkpt lat="54.71851" lon="25.26295833">
    <ele>149</ele>
    <time>2022-01-18T19:03:50Z</time>
  </trkpt>
  <trkpt lat="54.71854667" lon="25.26295833">
    <ele>149</ele>
    <time>2022-01-18T19:03:51Z</time>
  </trkpt>
  <trkpt lat="54.71858333" lon="25.26296833">
    <ele>149</ele>
    <time>2022-01-18T19:03:52Z</time>
  </trkpt>
  <trkpt lat="54.71862" lon="25.26298833">
    <ele>149</ele>
    <time>2022-01-18T19:03:53Z</time>
  </trkpt>
  <trkpt lat="54.71865333" lon="25.26301333">
    <ele>149</ele>
    <time>2022-01-18T19:03:54Z</time>
  </trkpt>
  <trkpt lat="54.71869167" lon="25.26306167">
    <ele>149</ele>
    <time>2022-01-18T19:03:55Z</time>
  </trkpt>
  <trkpt lat="54.718725" lon="25.26311333">
    <ele>149</ele>
    <time>2022-01-18T19:03:56Z</time>
  </trkpt>
  <trkpt lat="54.71875167" lon="25.263155">
    <ele>149</ele>
    <time>2022-01-18T19:03:57Z</time>
  </trkpt>
  <trkpt lat="54.71878333" lon="25.26319167">
    <ele>149</ele>
    <time>2022-01-18T19:03:58Z</time>
  </trkpt>
  <trkpt lat="54.71880833" lon="25.26322333">
    <ele>149</ele>
    <time>2022-01-18T19:03:59Z</time>
  </trkpt>
  <trkpt lat="54.718835" lon="25.26325">
    <ele>148</ele>
    <time>2022-01-18T19:04:00Z</time>
  </trkpt>
  <trkpt lat="54.718865" lon="25.26326833">
    <ele>148</ele>
    <time>2022-01-18T19:04:01Z</time>
  </trkpt>
  <trkpt lat="54.718885" lon="25.26327333">
    <ele>148</ele>
    <time>2022-01-18T19:04:02Z</time>
  </trkpt>
  <trkpt lat="54.71891167" lon="25.26328333">
    <ele>148</ele>
    <time>2022-01-18T19:04:03Z</time>
  </trkpt>
  <trkpt lat="54.71893833" lon="25.263285">
    <ele>148</ele>
    <time>2022-01-18T19:04:04Z</time>
  </trkpt>
  <trkpt lat="54.71896667" lon="25.26328833">
    <ele>148</ele>
    <time>2022-01-18T19:04:05Z</time>
  </trkpt>
  <trkpt lat="54.71899833" lon="25.26328833">
    <ele>148</ele>
    <time>2022-01-18T19:04:06Z</time>
  </trkpt>
  <trkpt lat="54.71903333" lon="25.26328667">
    <ele>148</ele>
    <time>2022-01-18T19:04:07Z</time>
  </trkpt>
  <trkpt lat="54.71906667" lon="25.263285">
    <ele>148</ele>
    <time>2022-01-18T19:04:08Z</time>
  </trkpt>
  <trkpt lat="54.71910167" lon="25.26327833">
    <ele>148</ele>
    <time>2022-01-18T19:04:09Z</time>
  </trkpt>
  <trkpt lat="54.71913833" lon="25.26328167">
    <ele>149</ele>
    <time>2022-01-18T19:04:10Z</time>
  </trkpt>
  <trkpt lat="54.71917333" lon="25.26328167">
    <ele>149</ele>
    <time>2022-01-18T19:04:11Z</time>
  </trkpt>
  <trkpt lat="54.71920667" lon="25.26328">
    <ele>149</ele>
    <time>2022-01-18T19:04:12Z</time>
  </trkpt>
  <trkpt lat="54.71924167" lon="25.26328">
    <ele>149</ele>
    <time>2022-01-18T19:04:13Z</time>
  </trkpt>
  <trkpt lat="54.719275" lon="25.26328">
    <ele>149</ele>
    <time>2022-01-18T19:04:14Z</time>
  </trkpt>
  <trkpt lat="54.71930667" lon="25.26328">
    <ele>150</ele>
    <time>2022-01-18T19:04:15Z</time>
  </trkpt>
  <trkpt lat="54.71933833" lon="25.26328333">
    <ele>150</ele>
    <time>2022-01-18T19:04:16Z</time>
  </trkpt>
  <trkpt lat="54.71937333" lon="25.26328333">
    <ele>150</ele>
    <time>2022-01-18T19:04:17Z</time>
  </trkpt>
  <trkpt lat="54.71940667" lon="25.26327833">
    <ele>150</ele>
    <time>2022-01-18T19:04:18Z</time>
  </trkpt>
  <trkpt lat="54.71944" lon="25.26327333">
    <ele>149</ele>
    <time>2022-01-18T19:04:19Z</time>
  </trkpt>
  <trkpt lat="54.71947333" lon="25.26326667">
    <ele>150</ele>
    <time>2022-01-18T19:04:20Z</time>
  </trkpt>
  <trkpt lat="54.71950333" lon="25.263255">
    <ele>149</ele>
    <time>2022-01-18T19:04:21Z</time>
  </trkpt>
  <trkpt lat="54.71953667" lon="25.26325">
    <ele>149</ele>
    <time>2022-01-18T19:04:22Z</time>
  </trkpt>
  <trkpt lat="54.71957167" lon="25.26324833">
    <ele>149</ele>
    <time>2022-01-18T19:04:23Z</time>
  </trkpt>
  <trkpt lat="54.719605" lon="25.26324833">
    <ele>149</ele>
    <time>2022-01-18T19:04:24Z</time>
  </trkpt>
  <trkpt lat="54.71964" lon="25.26325333">
    <ele>149</ele>
    <time>2022-01-18T19:04:25Z</time>
  </trkpt>
  <trkpt lat="54.719675" lon="25.263255">
    <ele>149</ele>
    <time>2022-01-18T19:04:26Z</time>
  </trkpt>
  <trkpt lat="54.71971" lon="25.26325667">
    <ele>148</ele>
    <time>2022-01-18T19:04:27Z</time>
  </trkpt>
  <trkpt lat="54.71974667" lon="25.26326333">
    <ele>148</ele>
    <time>2022-01-18T19:04:28Z</time>
  </trkpt>
  <trkpt lat="54.71978333" lon="25.26326667">
    <ele>147</ele>
    <time>2022-01-18T19:04:29Z</time>
  </trkpt>
  <trkpt lat="54.719815" lon="25.26327">
    <ele>147</ele>
    <time>2022-01-18T19:04:30Z</time>
  </trkpt>
  <trkpt lat="54.71984667" lon="25.263275">
    <ele>146</ele>
    <time>2022-01-18T19:04:31Z</time>
  </trkpt>
  <trkpt lat="54.71987833" lon="25.263275">
    <ele>146</ele>
    <time>2022-01-18T19:04:32Z</time>
  </trkpt>
  <trkpt lat="54.71990833" lon="25.263275">
    <ele>145</ele>
    <time>2022-01-18T19:04:33Z</time>
  </trkpt>
  <trkpt lat="54.71994667" lon="25.263275">
    <ele>145</ele>
    <time>2022-01-18T19:04:34Z</time>
  </trkpt>
  <trkpt lat="54.71997333" lon="25.263275">
    <ele>145</ele>
    <time>2022-01-18T19:04:35Z</time>
  </trkpt>
  <trkpt lat="54.720005" lon="25.263275">
    <ele>144</ele>
    <time>2022-01-18T19:04:36Z</time>
  </trkpt>
  <trkpt lat="54.72003667" lon="25.26327333">
    <ele>144</ele>
    <time>2022-01-18T19:04:37Z</time>
  </trkpt>
  <trkpt lat="54.72006833" lon="25.26327167">
    <ele>143</ele>
    <time>2022-01-18T19:04:38Z</time>
  </trkpt>
  <trkpt lat="54.72009833" lon="25.26327167">
    <ele>143</ele>
    <time>2022-01-18T19:04:39Z</time>
  </trkpt>
  <trkpt lat="54.72013" lon="25.26326833">
    <ele>143</ele>
    <time>2022-01-18T19:04:40Z</time>
  </trkpt>
  <trkpt lat="54.72016" lon="25.26326667">
    <ele>142</ele>
    <time>2022-01-18T19:04:41Z</time>
  </trkpt>
  <trkpt lat="54.72019167" lon="25.263265">
    <ele>142</ele>
    <time>2022-01-18T19:04:42Z</time>
  </trkpt>
  <trkpt lat="54.72022167" lon="25.26326">
    <ele>142</ele>
    <time>2022-01-18T19:04:43Z</time>
  </trkpt>
  <trkpt lat="54.72025167" lon="25.26325333">
    <ele>142</ele>
    <time>2022-01-18T19:04:44Z</time>
  </trkpt>
  <trkpt lat="54.72028833" lon="25.26324667">
    <ele>141</ele>
    <time>2022-01-18T19:04:45Z</time>
  </trkpt>
  <trkpt lat="54.72032" lon="25.26324333">
    <ele>141</ele>
    <time>2022-01-18T19:04:46Z</time>
  </trkpt>
  <trkpt lat="54.72034167" lon="25.26324">
    <ele>141</ele>
    <time>2022-01-18T19:04:47Z</time>
  </trkpt>
  <trkpt lat="54.72037" lon="25.26323667">
    <ele>140</ele>
    <time>2022-01-18T19:04:48Z</time>
  </trkpt>
  <trkpt lat="54.7204" lon="25.26323">
    <ele>140</ele>
    <time>2022-01-18T19:04:49Z</time>
  </trkpt>
  <trkpt lat="54.72042833" lon="25.26322333">
    <ele>140</ele>
    <time>2022-01-18T19:04:50Z</time>
  </trkpt>
  <trkpt lat="54.72046" lon="25.26321667">
    <ele>139</ele>
    <time>2022-01-18T19:04:51Z</time>
  </trkpt>
  <trkpt lat="54.72048167" lon="25.26321167">
    <ele>139</ele>
    <time>2022-01-18T19:04:52Z</time>
  </trkpt>
  <trkpt lat="54.72050667" lon="25.26320833">
    <ele>139</ele>
    <time>2022-01-18T19:04:53Z</time>
  </trkpt>
  <trkpt lat="54.72053333" lon="25.26320333">
    <ele>139</ele>
    <time>2022-01-18T19:04:54Z</time>
  </trkpt>
  <trkpt lat="54.72056167" lon="25.26320167">
    <ele>139</ele>
    <time>2022-01-18T19:04:55Z</time>
  </trkpt>
  <trkpt lat="54.72058667" lon="25.26320167">
    <ele>139</ele>
    <time>2022-01-18T19:04:56Z</time>
  </trkpt>
  <trkpt lat="54.720605" lon="25.263195">
    <ele>139</ele>
    <time>2022-01-18T19:04:57Z</time>
  </trkpt>
  <trkpt lat="54.72063" lon="25.26318667">
    <ele>139</ele>
    <time>2022-01-18T19:04:58Z</time>
  </trkpt>
  <trkpt lat="54.72066" lon="25.26317667">
    <ele>140</ele>
    <time>2022-01-18T19:04:59Z</time>
  </trkpt>
  <trkpt lat="54.72067667" lon="25.26316333">
    <ele>140</ele>
    <time>2022-01-18T19:05:00Z</time>
  </trkpt>
  <trkpt lat="54.7207" lon="25.26315">
    <ele>140</ele>
    <time>2022-01-18T19:05:01Z</time>
  </trkpt>
  <trkpt lat="54.720725" lon="25.26313667">
    <ele>140</ele>
    <time>2022-01-18T19:05:02Z</time>
  </trkpt>
  <trkpt lat="54.72075333" lon="25.26312333">
    <ele>140</ele>
    <time>2022-01-18T19:05:03Z</time>
  </trkpt>
  <trkpt lat="54.72078167" lon="25.26311333">
    <ele>140</ele>
    <time>2022-01-18T19:05:04Z</time>
  </trkpt>
  <trkpt lat="54.72080833" lon="25.26309833">
    <ele>140</ele>
    <time>2022-01-18T19:05:05Z</time>
  </trkpt>
  <trkpt lat="54.720835" lon="25.26308167">
    <ele>140</ele>
    <time>2022-01-18T19:05:06Z</time>
  </trkpt>
  <trkpt lat="54.72086167" lon="25.26306167">
    <ele>140</ele>
    <time>2022-01-18T19:05:07Z</time>
  </trkpt>
  <trkpt lat="54.72088833" lon="25.26303667">
    <ele>140</ele>
    <time>2022-01-18T19:05:08Z</time>
  </trkpt>
  <trkpt lat="54.72091333" lon="25.263005">
    <ele>140</ele>
    <time>2022-01-18T19:05:09Z</time>
  </trkpt>
  <trkpt lat="54.72093833" lon="25.26297333">
    <ele>140</ele>
    <time>2022-01-18T19:05:10Z</time>
  </trkpt>
  <trkpt lat="54.72096167" lon="25.26295">
    <ele>141</ele>
    <time>2022-01-18T19:05:11Z</time>
  </trkpt>
  <trkpt lat="54.72098333" lon="25.26292333">
    <ele>141</ele>
    <time>2022-01-18T19:05:12Z</time>
  </trkpt>
  <trkpt lat="54.72100667" lon="25.262895">
    <ele>141</ele>
    <time>2022-01-18T19:05:13Z</time>
  </trkpt>
  <trkpt lat="54.72102833" lon="25.26286667">
    <ele>141</ele>
    <time>2022-01-18T19:05:14Z</time>
  </trkpt>
  <trkpt lat="54.72105167" lon="25.26284667">
    <ele>142</ele>
    <time>2022-01-18T19:05:15Z</time>
  </trkpt>
  <trkpt lat="54.72107667" lon="25.26283">
    <ele>142</ele>
    <time>2022-01-18T19:05:16Z</time>
  </trkpt>
  <trkpt lat="54.7211" lon="25.26281333">
    <ele>142</ele>
    <time>2022-01-18T19:05:17Z</time>
  </trkpt>
  <trkpt lat="54.72112333" lon="25.26279833">
    <ele>142</ele>
    <time>2022-01-18T19:05:18Z</time>
  </trkpt>
  <trkpt lat="54.72114667" lon="25.26278333">
    <ele>143</ele>
    <time>2022-01-18T19:05:19Z</time>
  </trkpt>
  <trkpt lat="54.72117" lon="25.262775">
    <ele>143</ele>
    <time>2022-01-18T19:05:20Z</time>
  </trkpt>
  <trkpt lat="54.72119667" lon="25.26277167">
    <ele>143</ele>
    <time>2022-01-18T19:05:21Z</time>
  </trkpt>
  <trkpt lat="54.72122333" lon="25.26277333">
    <ele>143</ele>
    <time>2022-01-18T19:05:22Z</time>
  </trkpt>
  <trkpt lat="54.72125167" lon="25.26278">
    <ele>143</ele>
    <time>2022-01-18T19:05:23Z</time>
  </trkpt>
  <trkpt lat="54.721285" lon="25.26278667">
    <ele>143</ele>
    <time>2022-01-18T19:05:24Z</time>
  </trkpt>
  <trkpt lat="54.721305" lon="25.26279">
    <ele>143</ele>
    <time>2022-01-18T19:05:25Z</time>
  </trkpt>
  <trkpt lat="54.72132833" lon="25.26279667">
    <ele>144</ele>
    <time>2022-01-18T19:05:26Z</time>
  </trkpt>
  <trkpt lat="54.72135667" lon="25.26280667">
    <ele>144</ele>
    <time>2022-01-18T19:05:27Z</time>
  </trkpt>
  <trkpt lat="54.72138" lon="25.26280833">
    <ele>144</ele>
    <time>2022-01-18T19:05:28Z</time>
  </trkpt>
  <trkpt lat="54.72139833" lon="25.26281">
    <ele>144</ele>
    <time>2022-01-18T19:05:29Z</time>
  </trkpt>
  <trkpt lat="54.72141667" lon="25.26280833">
    <ele>144</ele>
    <time>2022-01-18T19:05:30Z</time>
  </trkpt>
  <trkpt lat="54.72144167" lon="25.26281167">
    <ele>144</ele>
    <time>2022-01-18T19:05:31Z</time>
  </trkpt>
  <trkpt lat="54.72145667" lon="25.26282333">
    <ele>143</ele>
    <time>2022-01-18T19:05:32Z</time>
  </trkpt>
  <trkpt lat="54.72147667" lon="25.26284">
    <ele>143</ele>
    <time>2022-01-18T19:05:33Z</time>
  </trkpt>
  <trkpt lat="54.72149667" lon="25.26286167">
    <ele>143</ele>
    <time>2022-01-18T19:05:34Z</time>
  </trkpt>
  <trkpt lat="54.72151667" lon="25.26287833">
    <ele>143</ele>
    <time>2022-01-18T19:05:35Z</time>
  </trkpt>
  <trkpt lat="54.72154" lon="25.262895">
    <ele>143</ele>
    <time>2022-01-18T19:05:36Z</time>
  </trkpt>
  <trkpt lat="54.72155667" lon="25.26290167">
    <ele>143</ele>
    <time>2022-01-18T19:05:37Z</time>
  </trkpt>
  <trkpt lat="54.72158" lon="25.26291167">
    <ele>143</ele>
    <time>2022-01-18T19:05:38Z</time>
  </trkpt>
  <trkpt lat="54.72160667" lon="25.26292">
    <ele>143</ele>
    <time>2022-01-18T19:05:39Z</time>
  </trkpt>
  <trkpt lat="54.72163833" lon="25.26293333">
    <ele>143</ele>
    <time>2022-01-18T19:05:40Z</time>
  </trkpt>
  <trkpt lat="54.72167167" lon="25.26294667">
    <ele>143</ele>
    <time>2022-01-18T19:05:41Z</time>
  </trkpt>
  <trkpt lat="54.721705" lon="25.26295667">
    <ele>144</ele>
    <time>2022-01-18T19:05:42Z</time>
  </trkpt>
  <trkpt lat="54.72173833" lon="25.26296">
    <ele>144</ele>
    <time>2022-01-18T19:05:43Z</time>
  </trkpt>
  <trkpt lat="54.72177" lon="25.26295667">
    <ele>144</ele>
    <time>2022-01-18T19:05:44Z</time>
  </trkpt>
  <trkpt lat="54.72180167" lon="25.26295">
    <ele>144</ele>
    <time>2022-01-18T19:05:45Z</time>
  </trkpt>
  <trkpt lat="54.72183167" lon="25.26294167">
    <ele>144</ele>
    <time>2022-01-18T19:05:46Z</time>
  </trkpt>
  <trkpt lat="54.721855" lon="25.26293">
    <ele>143</ele>
    <time>2022-01-18T19:05:47Z</time>
  </trkpt>
  <trkpt lat="54.72187833" lon="25.26291667">
    <ele>143</ele>
    <time>2022-01-18T19:05:48Z</time>
  </trkpt>
  <trkpt lat="54.72190333" lon="25.26289667">
    <ele>143</ele>
    <time>2022-01-18T19:05:49Z</time>
  </trkpt>
  <trkpt lat="54.721925" lon="25.26288">
    <ele>143</ele>
    <time>2022-01-18T19:05:50Z</time>
  </trkpt>
  <trkpt lat="54.72195" lon="25.26286333">
    <ele>142</ele>
    <time>2022-01-18T19:05:51Z</time>
  </trkpt>
  <trkpt lat="54.72197333" lon="25.26285333">
    <ele>142</ele>
    <time>2022-01-18T19:05:52Z</time>
  </trkpt>
  <trkpt lat="54.72199667" lon="25.26285333">
    <ele>142</ele>
    <time>2022-01-18T19:05:53Z</time>
  </trkpt>
  <trkpt lat="54.72202167" lon="25.26285833">
    <ele>142</ele>
    <time>2022-01-18T19:05:54Z</time>
  </trkpt>
  <trkpt lat="54.72204667" lon="25.26286333">
    <ele>142</ele>
    <time>2022-01-18T19:05:55Z</time>
  </trkpt>
  <trkpt lat="54.72207167" lon="25.26286833">
    <ele>143</ele>
    <time>2022-01-18T19:05:56Z</time>
  </trkpt>
  <trkpt lat="54.72210167" lon="25.26286333">
    <ele>143</ele>
    <time>2022-01-18T19:05:57Z</time>
  </trkpt>
  <trkpt lat="54.72213167" lon="25.26286">
    <ele>143</ele>
    <time>2022-01-18T19:05:58Z</time>
  </trkpt>
  <trkpt lat="54.72215833" lon="25.26286">
    <ele>143</ele>
    <time>2022-01-18T19:05:59Z</time>
  </trkpt>
  <trkpt lat="54.722185" lon="25.26286">
    <ele>143</ele>
    <time>2022-01-18T19:06:00Z</time>
  </trkpt>
  <trkpt lat="54.72220833" lon="25.26286">
    <ele>143</ele>
    <time>2022-01-18T19:06:01Z</time>
  </trkpt>
  <trkpt lat="54.72223667" lon="25.26285333">
    <ele>143</ele>
    <time>2022-01-18T19:06:02Z</time>
  </trkpt>
  <trkpt lat="54.72226" lon="25.26284833">
    <ele>143</ele>
    <time>2022-01-18T19:06:03Z</time>
  </trkpt>
  <trkpt lat="54.722285" lon="25.26284167">
    <ele>144</ele>
    <time>2022-01-18T19:06:04Z</time>
  </trkpt>
  <trkpt lat="54.72230167" lon="25.26283667">
    <ele>144</ele>
    <time>2022-01-18T19:06:05Z</time>
  </trkpt>
  <trkpt lat="54.72231833" lon="25.26282">
    <ele>144</ele>
    <time>2022-01-18T19:06:06Z</time>
  </trkpt>
  <trkpt lat="54.72234333" lon="25.26279167">
    <ele>144</ele>
    <time>2022-01-18T19:06:07Z</time>
  </trkpt>
  <trkpt lat="54.72237167" lon="25.26276167">
    <ele>144</ele>
    <time>2022-01-18T19:06:08Z</time>
  </trkpt>
  <trkpt lat="54.722395" lon="25.26274667">
    <ele>144</ele>
    <time>2022-01-18T19:06:09Z</time>
  </trkpt>
  <trkpt lat="54.72241667" lon="25.26273167">
    <ele>145</ele>
    <time>2022-01-18T19:06:10Z</time>
  </trkpt>
  <trkpt lat="54.72244" lon="25.26271333">
    <ele>145</ele>
    <time>2022-01-18T19:06:11Z</time>
  </trkpt>
  <trkpt lat="54.72246333" lon="25.262695">
    <ele>145</ele>
    <time>2022-01-18T19:06:12Z</time>
  </trkpt>
  <trkpt lat="54.722485" lon="25.262675">
    <ele>145</ele>
    <time>2022-01-18T19:06:13Z</time>
  </trkpt>
  <trkpt lat="54.72251167" lon="25.26265333">
    <ele>146</ele>
    <time>2022-01-18T19:06:14Z</time>
  </trkpt>
  <trkpt lat="54.72254333" lon="25.26263667">
    <ele>146</ele>
    <time>2022-01-18T19:06:15Z</time>
  </trkpt>
  <trkpt lat="54.72257167" lon="25.26262167">
    <ele>146</ele>
    <time>2022-01-18T19:06:16Z</time>
  </trkpt>
  <trkpt lat="54.7226" lon="25.2626">
    <ele>146</ele>
    <time>2022-01-18T19:06:17Z</time>
  </trkpt>
  <trkpt lat="54.72262667" lon="25.26257833">
    <ele>146</ele>
    <time>2022-01-18T19:06:18Z</time>
  </trkpt>
  <trkpt lat="54.722655" lon="25.26255167">
    <ele>146</ele>
    <time>2022-01-18T19:06:19Z</time>
  </trkpt>
  <trkpt lat="54.72268167" lon="25.26252167">
    <ele>146</ele>
    <time>2022-01-18T19:06:20Z</time>
  </trkpt>
  <trkpt lat="54.72270667" lon="25.26249167">
    <ele>146</ele>
    <time>2022-01-18T19:06:21Z</time>
  </trkpt>
  <trkpt lat="54.722735" lon="25.26246167">
    <ele>146</ele>
    <time>2022-01-18T19:06:22Z</time>
  </trkpt>
  <trkpt lat="54.722765" lon="25.26243333">
    <ele>147</ele>
    <time>2022-01-18T19:06:23Z</time>
  </trkpt>
  <trkpt lat="54.72279" lon="25.26240833">
    <ele>146</ele>
    <time>2022-01-18T19:06:24Z</time>
  </trkpt>
  <trkpt lat="54.722815" lon="25.26239">
    <ele>147</ele>
    <time>2022-01-18T19:06:25Z</time>
  </trkpt>
  <trkpt lat="54.72283833" lon="25.26237167">
    <ele>147</ele>
    <time>2022-01-18T19:06:26Z</time>
  </trkpt>
  <trkpt lat="54.72286" lon="25.26235167">
    <ele>147</ele>
    <time>2022-01-18T19:06:27Z</time>
  </trkpt>
  <trkpt lat="54.72288" lon="25.26233833">
    <ele>147</ele>
    <time>2022-01-18T19:06:28Z</time>
  </trkpt>
  <trkpt lat="54.72290167" lon="25.262325">
    <ele>147</ele>
    <time>2022-01-18T19:06:29Z</time>
  </trkpt>
  <trkpt lat="54.72292333" lon="25.262315">
    <ele>147</ele>
    <time>2022-01-18T19:06:30Z</time>
  </trkpt>
  <trkpt lat="54.72294167" lon="25.26230167">
    <ele>147</ele>
    <time>2022-01-18T19:06:31Z</time>
  </trkpt>
  <trkpt lat="54.722965" lon="25.26229">
    <ele>148</ele>
    <time>2022-01-18T19:06:32Z</time>
  </trkpt>
  <trkpt lat="54.72298333" lon="25.26227167">
    <ele>148</ele>
    <time>2022-01-18T19:06:33Z</time>
  </trkpt>
  <trkpt lat="54.72300667" lon="25.26225333">
    <ele>148</ele>
    <time>2022-01-18T19:06:34Z</time>
  </trkpt>
  <trkpt lat="54.72303" lon="25.26223667">
    <ele>148</ele>
    <time>2022-01-18T19:06:35Z</time>
  </trkpt>
  <trkpt lat="54.72304833" lon="25.26222333">
    <ele>149</ele>
    <time>2022-01-18T19:06:36Z</time>
  </trkpt>
  <trkpt lat="54.72307167" lon="25.26221">
    <ele>149</ele>
    <time>2022-01-18T19:06:37Z</time>
  </trkpt>
  <trkpt lat="54.72309167" lon="25.26220333">
    <ele>149</ele>
    <time>2022-01-18T19:06:38Z</time>
  </trkpt>
  <trkpt lat="54.72311167" lon="25.26219667">
    <ele>149</ele>
    <time>2022-01-18T19:06:39Z</time>
  </trkpt>
  <trkpt lat="54.723135" lon="25.26219167">
    <ele>149</ele>
    <time>2022-01-18T19:06:40Z</time>
  </trkpt>
  <trkpt lat="54.723155" lon="25.26218333">
    <ele>149</ele>
    <time>2022-01-18T19:06:41Z</time>
  </trkpt>
  <trkpt lat="54.723185" lon="25.26217167">
    <ele>150</ele>
    <time>2022-01-18T19:06:42Z</time>
  </trkpt>
  <trkpt lat="54.72321333" lon="25.26216167">
    <ele>150</ele>
    <time>2022-01-18T19:06:43Z</time>
  </trkpt>
  <trkpt lat="54.72324" lon="25.26215">
    <ele>150</ele>
    <time>2022-01-18T19:06:44Z</time>
  </trkpt>
  <trkpt lat="54.72326167" lon="25.26213667">
    <ele>150</ele>
    <time>2022-01-18T19:06:45Z</time>
  </trkpt>
  <trkpt lat="54.72328167" lon="25.262115">
    <ele>150</ele>
    <time>2022-01-18T19:06:46Z</time>
  </trkpt>
  <trkpt lat="54.723305" lon="25.26208833">
    <ele>151</ele>
    <time>2022-01-18T19:06:47Z</time>
  </trkpt>
  <trkpt lat="54.72332833" lon="25.26206833">
    <ele>151</ele>
    <time>2022-01-18T19:06:48Z</time>
  </trkpt>
  <trkpt lat="54.72335333" lon="25.26205167">
    <ele>151</ele>
    <time>2022-01-18T19:06:49Z</time>
  </trkpt>
  <trkpt lat="54.72338" lon="25.262045">
    <ele>151</ele>
    <time>2022-01-18T19:06:50Z</time>
  </trkpt>
  <trkpt lat="54.72340833" lon="25.26203833">
    <ele>152</ele>
    <time>2022-01-18T19:06:51Z</time>
  </trkpt>
  <trkpt lat="54.72343667" lon="25.26203333">
    <ele>152</ele>
    <time>2022-01-18T19:06:52Z</time>
  </trkpt>
  <trkpt lat="54.72346667" lon="25.26202667">
    <ele>152</ele>
    <time>2022-01-18T19:06:53Z</time>
  </trkpt>
  <trkpt lat="54.72349333" lon="25.26202667">
    <ele>152</ele>
    <time>2022-01-18T19:06:54Z</time>
  </trkpt>
  <trkpt lat="54.72352" lon="25.26203333">
    <ele>152</ele>
    <time>2022-01-18T19:06:55Z</time>
  </trkpt>
  <trkpt lat="54.72354833" lon="25.262045">
    <ele>152</ele>
    <time>2022-01-18T19:06:56Z</time>
  </trkpt>
  <trkpt lat="54.72358" lon="25.26205667">
    <ele>152</ele>
    <time>2022-01-18T19:06:57Z</time>
  </trkpt>
  <trkpt lat="54.723615" lon="25.26207833">
    <ele>153</ele>
    <time>2022-01-18T19:06:58Z</time>
  </trkpt>
  <trkpt lat="54.72364667" lon="25.26210167">
    <ele>153</ele>
    <time>2022-01-18T19:06:59Z</time>
  </trkpt>
  <trkpt lat="54.723675" lon="25.26212667">
    <ele>153</ele>
    <time>2022-01-18T19:07:00Z</time>
  </trkpt>
  <trkpt lat="54.7237" lon="25.26214167">
    <ele>153</ele>
    <time>2022-01-18T19:07:01Z</time>
  </trkpt>
  <trkpt lat="54.72373" lon="25.262145">
    <ele>153</ele>
    <time>2022-01-18T19:07:02Z</time>
  </trkpt>
  <trkpt lat="54.72376" lon="25.26214833">
    <ele>153</ele>
    <time>2022-01-18T19:07:03Z</time>
  </trkpt>
  <trkpt lat="54.72378667" lon="25.262145">
    <ele>153</ele>
    <time>2022-01-18T19:07:04Z</time>
  </trkpt>
  <trkpt lat="54.723815" lon="25.26215">
    <ele>153</ele>
    <time>2022-01-18T19:07:05Z</time>
  </trkpt>
  <trkpt lat="54.72384" lon="25.26216167">
    <ele>153</ele>
    <time>2022-01-18T19:07:06Z</time>
  </trkpt>
  <trkpt lat="54.723865" lon="25.26217667">
    <ele>153</ele>
    <time>2022-01-18T19:07:07Z</time>
  </trkpt>
  <trkpt lat="54.72389167" lon="25.26219333">
    <ele>153</ele>
    <time>2022-01-18T19:07:08Z</time>
  </trkpt>
  <trkpt lat="54.72392167" lon="25.26220167">
    <ele>154</ele>
    <time>2022-01-18T19:07:09Z</time>
  </trkpt>
  <trkpt lat="54.72394833" lon="25.2622">
    <ele>154</ele>
    <time>2022-01-18T19:07:10Z</time>
  </trkpt>
  <trkpt lat="54.723975" lon="25.26218833">
    <ele>154</ele>
    <time>2022-01-18T19:07:11Z</time>
  </trkpt>
  <trkpt lat="54.724" lon="25.26216333">
    <ele>154</ele>
    <time>2022-01-18T19:07:12Z</time>
  </trkpt>
  <trkpt lat="54.72402833" lon="25.26212833">
    <ele>154</ele>
    <time>2022-01-18T19:07:13Z</time>
  </trkpt>
  <trkpt lat="54.72405167" lon="25.26209667">
    <ele>154</ele>
    <time>2022-01-18T19:07:14Z</time>
  </trkpt>
  <trkpt lat="54.724075" lon="25.26207">
    <ele>154</ele>
    <time>2022-01-18T19:07:15Z</time>
  </trkpt>
  <trkpt lat="54.72409833" lon="25.26204167">
    <ele>154</ele>
    <time>2022-01-18T19:07:16Z</time>
  </trkpt>
  <trkpt lat="54.72412167" lon="25.26201167">
    <ele>154</ele>
    <time>2022-01-18T19:07:17Z</time>
  </trkpt>
  <trkpt lat="54.72414667" lon="25.26198333">
    <ele>154</ele>
    <time>2022-01-18T19:07:18Z</time>
  </trkpt>
  <trkpt lat="54.724175" lon="25.26195333">
    <ele>154</ele>
    <time>2022-01-18T19:07:19Z</time>
  </trkpt>
  <trkpt lat="54.724205" lon="25.261925">
    <ele>154</ele>
    <time>2022-01-18T19:07:20Z</time>
  </trkpt>
  <trkpt lat="54.72423167" lon="25.261905">
    <ele>154</ele>
    <time>2022-01-18T19:07:21Z</time>
  </trkpt>
  <trkpt lat="54.72426167" lon="25.26189">
    <ele>154</ele>
    <time>2022-01-18T19:07:22Z</time>
  </trkpt>
  <trkpt lat="54.72428833" lon="25.261875">
    <ele>154</ele>
    <time>2022-01-18T19:07:23Z</time>
  </trkpt>
  <trkpt lat="54.724315" lon="25.26186">
    <ele>153</ele>
    <time>2022-01-18T19:07:24Z</time>
  </trkpt>
  <trkpt lat="54.72434333" lon="25.26183667">
    <ele>153</ele>
    <time>2022-01-18T19:07:25Z</time>
  </trkpt>
  <trkpt lat="54.72437" lon="25.26181333">
    <ele>153</ele>
    <time>2022-01-18T19:07:26Z</time>
  </trkpt>
  <trkpt lat="54.72439333" lon="25.26179333">
    <ele>153</ele>
    <time>2022-01-18T19:07:27Z</time>
  </trkpt>
  <trkpt lat="54.724415" lon="25.26176833">
    <ele>153</ele>
    <time>2022-01-18T19:07:28Z</time>
  </trkpt>
  <trkpt lat="54.72443" lon="25.26173667">
    <ele>153</ele>
    <time>2022-01-18T19:07:29Z</time>
  </trkpt>
  <trkpt lat="54.72444333" lon="25.2617">
    <ele>153</ele>
    <time>2022-01-18T19:07:30Z</time>
  </trkpt>
  <trkpt lat="54.72445333" lon="25.26166167">
    <ele>152</ele>
    <time>2022-01-18T19:07:31Z</time>
  </trkpt>
  <trkpt lat="54.724465" lon="25.261615">
    <ele>152</ele>
    <time>2022-01-18T19:07:32Z</time>
  </trkpt>
  <trkpt lat="54.72447667" lon="25.26157333">
    <ele>152</ele>
    <time>2022-01-18T19:07:33Z</time>
  </trkpt>
  <trkpt lat="54.72448667" lon="25.26153">
    <ele>152</ele>
    <time>2022-01-18T19:07:34Z</time>
  </trkpt>
  <trkpt lat="54.72449833" lon="25.26149">
    <ele>152</ele>
    <time>2022-01-18T19:07:35Z</time>
  </trkpt>
  <trkpt lat="54.72450667" lon="25.26144833">
    <ele>153</ele>
    <time>2022-01-18T19:07:36Z</time>
  </trkpt>
  <trkpt lat="54.72451333" lon="25.26140667">
    <ele>153</ele>
    <time>2022-01-18T19:07:37Z</time>
  </trkpt>
  <trkpt lat="54.72452333" lon="25.26136667">
    <ele>153</ele>
    <time>2022-01-18T19:07:38Z</time>
  </trkpt>
  <trkpt lat="54.72453667" lon="25.26132833">
    <ele>153</ele>
    <time>2022-01-18T19:07:39Z</time>
  </trkpt>
  <trkpt lat="54.72455167" lon="25.261295">
    <ele>154</ele>
    <time>2022-01-18T19:07:40Z</time>
  </trkpt>
  <trkpt lat="54.72457" lon="25.26126">
    <ele>154</ele>
    <time>2022-01-18T19:07:41Z</time>
  </trkpt>
  <trkpt lat="54.72458667" lon="25.26122333">
    <ele>154</ele>
    <time>2022-01-18T19:07:42Z</time>
  </trkpt>
  <trkpt lat="54.72460167" lon="25.26118833">
    <ele>154</ele>
    <time>2022-01-18T19:07:43Z</time>
  </trkpt>
  <trkpt lat="54.72461833" lon="25.26115333">
    <ele>155</ele>
    <time>2022-01-18T19:07:44Z</time>
  </trkpt>
  <trkpt lat="54.724635" lon="25.26111833">
    <ele>155</ele>
    <time>2022-01-18T19:07:45Z</time>
  </trkpt>
  <trkpt lat="54.72465333" lon="25.26108333">
    <ele>155</ele>
    <time>2022-01-18T19:07:46Z</time>
  </trkpt>
  <trkpt lat="54.72467167" lon="25.26105333">
    <ele>155</ele>
    <time>2022-01-18T19:07:47Z</time>
  </trkpt>
  <trkpt lat="54.72469" lon="25.26101833">
    <ele>155</ele>
    <time>2022-01-18T19:07:48Z</time>
  </trkpt>
  <trkpt lat="54.72471" lon="25.26098167">
    <ele>155</ele>
    <time>2022-01-18T19:07:49Z</time>
  </trkpt>
  <trkpt lat="54.72473" lon="25.26094167">
    <ele>155</ele>
    <time>2022-01-18T19:07:50Z</time>
  </trkpt>
  <trkpt lat="54.72475" lon="25.26090833">
    <ele>155</ele>
    <time>2022-01-18T19:07:51Z</time>
  </trkpt>
  <trkpt lat="54.72477167" lon="25.26087">
    <ele>155</ele>
    <time>2022-01-18T19:07:52Z</time>
  </trkpt>
  <trkpt lat="54.72479333" lon="25.26083167">
    <ele>156</ele>
    <time>2022-01-18T19:07:53Z</time>
  </trkpt>
  <trkpt lat="54.72481167" lon="25.26079667">
    <ele>156</ele>
    <time>2022-01-18T19:07:54Z</time>
  </trkpt>
  <trkpt lat="54.72482833" lon="25.26076167">
    <ele>156</ele>
    <time>2022-01-18T19:07:55Z</time>
  </trkpt>
  <trkpt lat="54.72484333" lon="25.260725">
    <ele>156</ele>
    <time>2022-01-18T19:07:56Z</time>
  </trkpt>
  <trkpt lat="54.72486" lon="25.26068667">
    <ele>157</ele>
    <time>2022-01-18T19:07:57Z</time>
  </trkpt>
  <trkpt lat="54.72487833" lon="25.26065167">
    <ele>157</ele>
    <time>2022-01-18T19:07:58Z</time>
  </trkpt>
  <trkpt lat="54.724895" lon="25.26061667">
    <ele>157</ele>
    <time>2022-01-18T19:07:59Z</time>
  </trkpt>
  <trkpt lat="54.72491333" lon="25.260585">
    <ele>157</ele>
    <time>2022-01-18T19:08:00Z</time>
  </trkpt>
  <trkpt lat="54.72493167" lon="25.26055">
    <ele>157</ele>
    <time>2022-01-18T19:08:01Z</time>
  </trkpt>
  <trkpt lat="54.724945" lon="25.26052">
    <ele>157</ele>
    <time>2022-01-18T19:08:02Z</time>
  </trkpt>
  <trkpt lat="54.72496833" lon="25.26047833">
    <ele>157</ele>
    <time>2022-01-18T19:08:03Z</time>
  </trkpt>
  <trkpt lat="54.72499" lon="25.26043833">
    <ele>157</ele>
    <time>2022-01-18T19:08:04Z</time>
  </trkpt>
  <trkpt lat="54.72501" lon="25.260395">
    <ele>157</ele>
    <time>2022-01-18T19:08:05Z</time>
  </trkpt>
  <trkpt lat="54.72503" lon="25.260355">
    <ele>157</ele>
    <time>2022-01-18T19:08:06Z</time>
  </trkpt>
  <trkpt lat="54.72505" lon="25.26031833">
    <ele>157</ele>
    <time>2022-01-18T19:08:07Z</time>
  </trkpt>
  <trkpt lat="54.72507167" lon="25.26029">
    <ele>157</ele>
    <time>2022-01-18T19:08:08Z</time>
  </trkpt>
  <trkpt lat="54.725095" lon="25.26026167">
    <ele>157</ele>
    <time>2022-01-18T19:08:09Z</time>
  </trkpt>
  <trkpt lat="54.72512" lon="25.26023667">
    <ele>158</ele>
    <time>2022-01-18T19:08:10Z</time>
  </trkpt>
  <trkpt lat="54.725145" lon="25.26020833">
    <ele>158</ele>
    <time>2022-01-18T19:08:11Z</time>
  </trkpt>
  <trkpt lat="54.72517167" lon="25.26018167">
    <ele>158</ele>
    <time>2022-01-18T19:08:12Z</time>
  </trkpt>
  <trkpt lat="54.72519667" lon="25.260155">
    <ele>158</ele>
    <time>2022-01-18T19:08:13Z</time>
  </trkpt>
  <trkpt lat="54.72522167" lon="25.26013167">
    <ele>158</ele>
    <time>2022-01-18T19:08:14Z</time>
  </trkpt>
  <trkpt lat="54.72525" lon="25.260115">
    <ele>158</ele>
    <time>2022-01-18T19:08:15Z</time>
  </trkpt>
  <trkpt lat="54.72527667" lon="25.26009833">
    <ele>158</ele>
    <time>2022-01-18T19:08:16Z</time>
  </trkpt>
  <trkpt lat="54.72530333" lon="25.26007667">
    <ele>158</ele>
    <time>2022-01-18T19:08:17Z</time>
  </trkpt>
  <trkpt lat="54.72533167" lon="25.26005">
    <ele>158</ele>
    <time>2022-01-18T19:08:18Z</time>
  </trkpt>
  <trkpt lat="54.72535833" lon="25.26002">
    <ele>158</ele>
    <time>2022-01-18T19:08:19Z</time>
  </trkpt>
  <trkpt lat="54.725385" lon="25.25999167">
    <ele>158</ele>
    <time>2022-01-18T19:08:20Z</time>
  </trkpt>
  <trkpt lat="54.72541" lon="25.25996">
    <ele>158</ele>
    <time>2022-01-18T19:08:21Z</time>
  </trkpt>
  <trkpt lat="54.725435" lon="25.25992167">
    <ele>158</ele>
    <time>2022-01-18T19:08:22Z</time>
  </trkpt>
  <trkpt lat="54.72546" lon="25.25986667">
    <ele>158</ele>
    <time>2022-01-18T19:08:23Z</time>
  </trkpt>
  <trkpt lat="54.72548667" lon="25.25982167">
    <ele>159</ele>
    <time>2022-01-18T19:08:24Z</time>
  </trkpt>
  <trkpt lat="54.72552" lon="25.25978667">
    <ele>159</ele>
    <time>2022-01-18T19:08:25Z</time>
  </trkpt>
  <trkpt lat="54.72555167" lon="25.25975833">
    <ele>159</ele>
    <time>2022-01-18T19:08:26Z</time>
  </trkpt>
  <trkpt lat="54.72558333" lon="25.25973333">
    <ele>159</ele>
    <time>2022-01-18T19:08:27Z</time>
  </trkpt>
  <trkpt lat="54.72561" lon="25.25970833">
    <ele>159</ele>
    <time>2022-01-18T19:08:28Z</time>
  </trkpt>
  <trkpt lat="54.725635" lon="25.25967667">
    <ele>159</ele>
    <time>2022-01-18T19:08:29Z</time>
  </trkpt>
  <trkpt lat="54.72565833" lon="25.259645">
    <ele>159</ele>
    <time>2022-01-18T19:08:30Z</time>
  </trkpt>
  <trkpt lat="54.72568667" lon="25.25961667">
    <ele>159</ele>
    <time>2022-01-18T19:08:31Z</time>
  </trkpt>
  <trkpt lat="54.72571333" lon="25.25958833">
    <ele>160</ele>
    <time>2022-01-18T19:08:32Z</time>
  </trkpt>
  <trkpt lat="54.72574" lon="25.25956167">
    <ele>160</ele>
    <time>2022-01-18T19:08:33Z</time>
  </trkpt>
  <trkpt lat="54.72576833" lon="25.25953667">
    <ele>160</ele>
    <time>2022-01-18T19:08:34Z</time>
  </trkpt>
  <trkpt lat="54.72579" lon="25.25951833">
    <ele>160</ele>
    <time>2022-01-18T19:08:35Z</time>
  </trkpt>
  <trkpt lat="54.72582333" lon="25.25948833">
    <ele>160</ele>
    <time>2022-01-18T19:08:36Z</time>
  </trkpt>
  <trkpt lat="54.725855" lon="25.259455">
    <ele>160</ele>
    <time>2022-01-18T19:08:37Z</time>
  </trkpt>
  <trkpt lat="54.72587667" lon="25.25944333">
    <ele>160</ele>
    <time>2022-01-18T19:08:38Z</time>
  </trkpt>
  <trkpt lat="54.72590333" lon="25.25943333">
    <ele>161</ele>
    <time>2022-01-18T19:08:39Z</time>
  </trkpt>
  <trkpt lat="54.72592667" lon="25.25943167">
    <ele>161</ele>
    <time>2022-01-18T19:08:40Z</time>
  </trkpt>
  <trkpt lat="54.72594833" lon="25.25944667">
    <ele>161</ele>
    <time>2022-01-18T19:08:41Z</time>
  </trkpt>
  <trkpt lat="54.725965" lon="25.25948">
    <ele>161</ele>
    <time>2022-01-18T19:08:42Z</time>
  </trkpt>
  <trkpt lat="54.72597" lon="25.25951667">
    <ele>161</ele>
    <time>2022-01-18T19:08:43Z</time>
  </trkpt>
  <trkpt lat="54.72596667" lon="25.259555">
    <ele>161</ele>
    <time>2022-01-18T19:08:44Z</time>
  </trkpt>
  <trkpt lat="54.72596" lon="25.2596">
    <ele>161</ele>
    <time>2022-01-18T19:08:45Z</time>
  </trkpt>
  <trkpt lat="54.72594667" lon="25.25963667">
    <ele>161</ele>
    <time>2022-01-18T19:08:46Z</time>
  </trkpt>
  <trkpt lat="54.72593333" lon="25.25966667">
    <ele>161</ele>
    <time>2022-01-18T19:08:47Z</time>
  </trkpt>
  <trkpt lat="54.72592333" lon="25.25968833">
    <ele>161</ele>
    <time>2022-01-18T19:08:48Z</time>
  </trkpt>
  <trkpt lat="54.72591667" lon="25.25970667">
    <ele>161</ele>
    <time>2022-01-18T19:08:49Z</time>
  </trkpt>
  <trkpt lat="54.725915" lon="25.25972667">
    <ele>161</ele>
    <time>2022-01-18T19:08:50Z</time>
  </trkpt>
  <trkpt lat="54.725915" lon="25.259745">
    <ele>161</ele>
    <time>2022-01-18T19:08:51Z</time>
  </trkpt>
  <trkpt lat="54.72591667" lon="25.25976">
    <ele>162</ele>
    <time>2022-01-18T19:08:52Z</time>
  </trkpt>
  <trkpt lat="54.72591667" lon="25.25976667">
    <ele>163</ele>
    <time>2022-01-18T19:08:53Z</time>
  </trkpt>
  <trkpt lat="54.725915" lon="25.25976833">
    <ele>163</ele>
    <time>2022-01-18T19:08:54Z</time>
  </trkpt>
  <trkpt lat="54.72591667" lon="25.25977">
    <ele>164</ele>
    <time>2022-01-18T19:08:55Z</time>
  </trkpt>
  <trkpt lat="54.72591667" lon="25.25977333">
    <ele>164</ele>
    <time>2022-01-18T19:08:56Z</time>
  </trkpt>
  <trkpt lat="54.72592333" lon="25.25978833">
    <ele>164</ele>
    <time>2022-01-18T19:08:57Z</time>
  </trkpt>
  <trkpt lat="54.72593167" lon="25.25981167">
    <ele>164</ele>
    <time>2022-01-18T19:08:58Z</time>
  </trkpt>
  <trkpt lat="54.72593833" lon="25.259835">
    <ele>164</ele>
    <time>2022-01-18T19:08:59Z</time>
  </trkpt>
  <trkpt lat="54.72593833" lon="25.259875">
    <ele>165</ele>
    <time>2022-01-18T19:09:00Z</time>
  </trkpt>
  <trkpt lat="54.72593333" lon="25.259915">
    <ele>165</ele>
    <time>2022-01-18T19:09:01Z</time>
  </trkpt>
  <trkpt lat="54.72593667" lon="25.25995167">
    <ele>165</ele>
    <time>2022-01-18T19:09:02Z</time>
  </trkpt>
  <trkpt lat="54.72593833" lon="25.260005">
    <ele>166</ele>
    <time>2022-01-18T19:09:03Z</time>
  </trkpt>
  <trkpt lat="54.72593833" lon="25.26005333">
    <ele>166</ele>
    <time>2022-01-18T19:09:04Z</time>
  </trkpt>
  <trkpt lat="54.72593667" lon="25.26010333">
    <ele>167</ele>
    <time>2022-01-18T19:09:05Z</time>
  </trkpt>
  <trkpt lat="54.72593833" lon="25.26015333">
    <ele>167</ele>
    <time>2022-01-18T19:09:06Z</time>
  </trkpt>
  <trkpt lat="54.72593833" lon="25.26020167">
    <ele>168</ele>
    <time>2022-01-18T19:09:07Z</time>
  </trkpt>
  <trkpt lat="54.72593667" lon="25.26025167">
    <ele>168</ele>
    <time>2022-01-18T19:09:08Z</time>
  </trkpt>
  <trkpt lat="54.72593" lon="25.260295">
    <ele>168</ele>
    <time>2022-01-18T19:09:09Z</time>
  </trkpt>
  <trkpt lat="54.725925" lon="25.260335">
    <ele>169</ele>
    <time>2022-01-18T19:09:10Z</time>
  </trkpt>
  <trkpt lat="54.72592" lon="25.26037667">
    <ele>169</ele>
    <time>2022-01-18T19:09:11Z</time>
  </trkpt>
  <trkpt lat="54.72591667" lon="25.26041667">
    <ele>169</ele>
    <time>2022-01-18T19:09:12Z</time>
  </trkpt>
  <trkpt lat="54.72591667" lon="25.26046">
    <ele>170</ele>
    <time>2022-01-18T19:09:13Z</time>
  </trkpt>
  <trkpt lat="54.72591833" lon="25.260505">
    <ele>170</ele>
    <time>2022-01-18T19:09:14Z</time>
  </trkpt>
  <trkpt lat="54.72592" lon="25.26054667">
    <ele>170</ele>
    <time>2022-01-18T19:09:15Z</time>
  </trkpt>
  <trkpt lat="54.72591333" lon="25.26058833">
    <ele>170</ele>
    <time>2022-01-18T19:09:16Z</time>
  </trkpt>
  <trkpt lat="54.725905" lon="25.26062667">
    <ele>170</ele>
    <time>2022-01-18T19:09:17Z</time>
  </trkpt>
  <trkpt lat="54.725895" lon="25.26066833">
    <ele>170</ele>
    <time>2022-01-18T19:09:18Z</time>
  </trkpt>
  <trkpt lat="54.725885" lon="25.26071167">
    <ele>171</ele>
    <time>2022-01-18T19:09:19Z</time>
  </trkpt>
  <trkpt lat="54.72587167" lon="25.26075667">
    <ele>171</ele>
    <time>2022-01-18T19:09:20Z</time>
  </trkpt>
  <trkpt lat="54.72586" lon="25.26079833">
    <ele>171</ele>
    <time>2022-01-18T19:09:21Z</time>
  </trkpt>
  <trkpt lat="54.72585833" lon="25.26083667">
    <ele>171</ele>
    <time>2022-01-18T19:09:22Z</time>
  </trkpt>
  <trkpt lat="54.725855" lon="25.26088167">
    <ele>171</ele>
    <time>2022-01-18T19:09:23Z</time>
  </trkpt>
  <trkpt lat="54.725845" lon="25.26092">
    <ele>171</ele>
    <time>2022-01-18T19:09:24Z</time>
  </trkpt>
  <trkpt lat="54.72583333" lon="25.26095833">
    <ele>171</ele>
    <time>2022-01-18T19:09:25Z</time>
  </trkpt>
  <trkpt lat="54.72582" lon="25.26098833">
    <ele>171</ele>
    <time>2022-01-18T19:09:26Z</time>
  </trkpt>
  <trkpt lat="54.72580667" lon="25.26102833">
    <ele>171</ele>
    <time>2022-01-18T19:09:27Z</time>
  </trkpt>
  <trkpt lat="54.72579333" lon="25.26107667">
    <ele>171</ele>
    <time>2022-01-18T19:09:28Z</time>
  </trkpt>
  <trkpt lat="54.72578833" lon="25.26113333">
    <ele>171</ele>
    <time>2022-01-18T19:09:29Z</time>
  </trkpt>
  <trkpt lat="54.725785" lon="25.26118667">
    <ele>172</ele>
    <time>2022-01-18T19:09:30Z</time>
  </trkpt>
  <trkpt lat="54.72578667" lon="25.261235">
    <ele>172</ele>
    <time>2022-01-18T19:09:31Z</time>
  </trkpt>
  <trkpt lat="54.725785" lon="25.261285">
    <ele>172</ele>
    <time>2022-01-18T19:09:32Z</time>
  </trkpt>
  <trkpt lat="54.725785" lon="25.26133167">
    <ele>172</ele>
    <time>2022-01-18T19:09:33Z</time>
  </trkpt>
  <trkpt lat="54.72578833" lon="25.26137667">
    <ele>172</ele>
    <time>2022-01-18T19:09:34Z</time>
  </trkpt>
  <trkpt lat="54.72579" lon="25.26141667">
    <ele>172</ele>
    <time>2022-01-18T19:09:35Z</time>
  </trkpt>
  <trkpt lat="54.72579333" lon="25.261455">
    <ele>172</ele>
    <time>2022-01-18T19:09:36Z</time>
  </trkpt>
  <trkpt lat="54.725795" lon="25.261495">
    <ele>172</ele>
    <time>2022-01-18T19:09:37Z</time>
  </trkpt>
  <trkpt lat="54.72579833" lon="25.26154">
    <ele>172</ele>
    <time>2022-01-18T19:09:38Z</time>
  </trkpt>
  <trkpt lat="54.725805" lon="25.26158">
    <ele>173</ele>
    <time>2022-01-18T19:09:39Z</time>
  </trkpt>
  <trkpt lat="54.72579833" lon="25.26159333">
    <ele>173</ele>
    <time>2022-01-18T19:09:40Z</time>
  </trkpt>
  <trkpt lat="54.725795" lon="25.26160333">
    <ele>173</ele>
    <time>2022-01-18T19:09:41Z</time>
  </trkpt>
  <trkpt lat="54.72579333" lon="25.26160667">
    <ele>174</ele>
    <time>2022-01-18T19:09:42Z</time>
  </trkpt>
  <trkpt lat="54.725795" lon="25.26161">
    <ele>174</ele>
    <time>2022-01-18T19:09:43Z</time>
  </trkpt>
  <trkpt lat="54.72580167" lon="25.26162833">
    <ele>174</ele>
    <time>2022-01-18T19:09:44Z</time>
  </trkpt>
  <trkpt lat="54.72581333" lon="25.26165667">
    <ele>175</ele>
    <time>2022-01-18T19:09:45Z</time>
  </trkpt>
  <trkpt lat="54.725825" lon="25.26168833">
    <ele>175</ele>
    <time>2022-01-18T19:09:46Z</time>
  </trkpt>
  <trkpt lat="54.72583833" lon="25.26171833">
    <ele>175</ele>
    <time>2022-01-18T19:09:47Z</time>
  </trkpt>
  <trkpt lat="54.72585333" lon="25.26176">
    <ele>176</ele>
    <time>2022-01-18T19:09:48Z</time>
  </trkpt>
  <trkpt lat="54.72586333" lon="25.26180167">
    <ele>176</ele>
    <time>2022-01-18T19:09:49Z</time>
  </trkpt>
  <trkpt lat="54.725875" lon="25.261845">
    <ele>176</ele>
    <time>2022-01-18T19:09:50Z</time>
  </trkpt>
  <trkpt lat="54.7259" lon="25.26191">
    <ele>177</ele>
    <time>2022-01-18T19:09:51Z</time>
  </trkpt>
  <trkpt lat="54.72591167" lon="25.26198167">
    <ele>177</ele>
    <time>2022-01-18T19:09:52Z</time>
  </trkpt>
  <trkpt lat="54.72592833" lon="25.26204333">
    <ele>178</ele>
    <time>2022-01-18T19:09:53Z</time>
  </trkpt>
  <trkpt lat="54.72594333" lon="25.26210667">
    <ele>178</ele>
    <time>2022-01-18T19:09:54Z</time>
  </trkpt>
  <trkpt lat="54.725945" lon="25.26216833">
    <ele>179</ele>
    <time>2022-01-18T19:09:55Z</time>
  </trkpt>
  <trkpt lat="54.72594" lon="25.26222667">
    <ele>179</ele>
    <time>2022-01-18T19:09:56Z</time>
  </trkpt>
  <trkpt lat="54.72592833" lon="25.26228667">
    <ele>179</ele>
    <time>2022-01-18T19:09:57Z</time>
  </trkpt>
  <trkpt lat="54.72591833" lon="25.26234833">
    <ele>179</ele>
    <time>2022-01-18T19:09:58Z</time>
  </trkpt>
  <trkpt lat="54.72591333" lon="25.26240833">
    <ele>179</ele>
    <time>2022-01-18T19:09:59Z</time>
  </trkpt>
  <trkpt lat="54.72589833" lon="25.262465">
    <ele>179</ele>
    <time>2022-01-18T19:10:00Z</time>
  </trkpt>
  <trkpt lat="54.725885" lon="25.26252833">
    <ele>179</ele>
    <time>2022-01-18T19:10:01Z</time>
  </trkpt>
  <trkpt lat="54.72587667" lon="25.26258833">
    <ele>179</ele>
    <time>2022-01-18T19:10:02Z</time>
  </trkpt>
  <trkpt lat="54.72586833" lon="25.26264">
    <ele>179</ele>
    <time>2022-01-18T19:10:03Z</time>
  </trkpt>
  <trkpt lat="54.72585333" lon="25.26268333">
    <ele>179</ele>
    <time>2022-01-18T19:10:04Z</time>
  </trkpt>
  <trkpt lat="54.72583167" lon="25.26272833">
    <ele>179</ele>
    <time>2022-01-18T19:10:05Z</time>
  </trkpt>
  <trkpt lat="54.72581333" lon="25.26277">
    <ele>179</ele>
    <time>2022-01-18T19:10:06Z</time>
  </trkpt>
  <trkpt lat="54.7258" lon="25.26281">
    <ele>179</ele>
    <time>2022-01-18T19:10:07Z</time>
  </trkpt>
  <trkpt lat="54.72579167" lon="25.26285667">
    <ele>179</ele>
    <time>2022-01-18T19:10:08Z</time>
  </trkpt>
  <trkpt lat="54.72578167" lon="25.26290333">
    <ele>179</ele>
    <time>2022-01-18T19:10:09Z</time>
  </trkpt>
  <trkpt lat="54.72576833" lon="25.26294">
    <ele>179</ele>
    <time>2022-01-18T19:10:10Z</time>
  </trkpt>
  <trkpt lat="54.72575" lon="25.26297667">
    <ele>178</ele>
    <time>2022-01-18T19:10:11Z</time>
  </trkpt>
  <trkpt lat="54.72573333" lon="25.26301833">
    <ele>178</ele>
    <time>2022-01-18T19:10:12Z</time>
  </trkpt>
  <trkpt lat="54.725715" lon="25.26306667">
    <ele>178</ele>
    <time>2022-01-18T19:10:13Z</time>
  </trkpt>
  <trkpt lat="54.72569333" lon="25.26311167">
    <ele>178</ele>
    <time>2022-01-18T19:10:14Z</time>
  </trkpt>
  <trkpt lat="54.72566667" lon="25.26313833">
    <ele>177</ele>
    <time>2022-01-18T19:10:15Z</time>
  </trkpt>
  <trkpt lat="54.72563833" lon="25.26315667">
    <ele>177</ele>
    <time>2022-01-18T19:10:16Z</time>
  </trkpt>
  <trkpt lat="54.72558833" lon="25.263185">
    <ele>176</ele>
    <time>2022-01-18T19:10:17Z</time>
  </trkpt>
  <trkpt lat="54.725545" lon="25.26319667">
    <ele>176</ele>
    <time>2022-01-18T19:10:18Z</time>
  </trkpt>
  <trkpt lat="54.72550167" lon="25.26319667">
    <ele>175</ele>
    <time>2022-01-18T19:10:19Z</time>
  </trkpt>
  <trkpt lat="54.72546667" lon="25.26319833">
    <ele>175</ele>
    <time>2022-01-18T19:10:20Z</time>
  </trkpt>
  <trkpt lat="54.72543" lon="25.26320667">
    <ele>174</ele>
    <time>2022-01-18T19:10:21Z</time>
  </trkpt>
  <trkpt lat="54.72540167" lon="25.26320833">
    <ele>173</ele>
    <time>2022-01-18T19:10:22Z</time>
  </trkpt>
  <trkpt lat="54.72536833" lon="25.263215">
    <ele>172</ele>
    <time>2022-01-18T19:10:23Z</time>
  </trkpt>
  <trkpt lat="54.72533167" lon="25.26323167">
    <ele>172</ele>
    <time>2022-01-18T19:10:24Z</time>
  </trkpt>
  <trkpt lat="54.7253" lon="25.26324833">
    <ele>171</ele>
    <time>2022-01-18T19:10:25Z</time>
  </trkpt>
  <trkpt lat="54.72527167" lon="25.26325667">
    <ele>170</ele>
    <time>2022-01-18T19:10:26Z</time>
  </trkpt>
  <trkpt lat="54.72523833" lon="25.26327667">
    <ele>170</ele>
    <time>2022-01-18T19:10:27Z</time>
  </trkpt>
  <trkpt lat="54.725205" lon="25.2633">
    <ele>169</ele>
    <time>2022-01-18T19:10:28Z</time>
  </trkpt>
  <trkpt lat="54.72516833" lon="25.26332833">
    <ele>168</ele>
    <time>2022-01-18T19:10:29Z</time>
  </trkpt>
  <trkpt lat="54.72514" lon="25.26335667">
    <ele>168</ele>
    <time>2022-01-18T19:10:30Z</time>
  </trkpt>
  <trkpt lat="54.725115" lon="25.263385">
    <ele>167</ele>
    <time>2022-01-18T19:10:31Z</time>
  </trkpt>
  <trkpt lat="54.72509" lon="25.26341">
    <ele>166</ele>
    <time>2022-01-18T19:10:32Z</time>
  </trkpt>
  <trkpt lat="54.72506667" lon="25.26343167">
    <ele>165</ele>
    <time>2022-01-18T19:10:33Z</time>
  </trkpt>
  <trkpt lat="54.72504167" lon="25.263455">
    <ele>165</ele>
    <time>2022-01-18T19:10:34Z</time>
  </trkpt>
  <trkpt lat="54.72501667" lon="25.263475">
    <ele>164</ele>
    <time>2022-01-18T19:10:35Z</time>
  </trkpt>
  <trkpt lat="54.72499167" lon="25.263495">
    <ele>163</ele>
    <time>2022-01-18T19:10:36Z</time>
  </trkpt>
  <trkpt lat="54.72496333" lon="25.26351667">
    <ele>163</ele>
    <time>2022-01-18T19:10:37Z</time>
  </trkpt>
  <trkpt lat="54.72493333" lon="25.26353333">
    <ele>162</ele>
    <time>2022-01-18T19:10:38Z</time>
  </trkpt>
  <trkpt lat="54.724905" lon="25.26355333">
    <ele>161</ele>
    <time>2022-01-18T19:10:39Z</time>
  </trkpt>
  <trkpt lat="54.72487833" lon="25.26357333">
    <ele>161</ele>
    <time>2022-01-18T19:10:40Z</time>
  </trkpt>
  <trkpt lat="54.724855" lon="25.26359833">
    <ele>160</ele>
    <time>2022-01-18T19:10:41Z</time>
  </trkpt>
  <trkpt lat="54.72483333" lon="25.26362667">
    <ele>160</ele>
    <time>2022-01-18T19:10:42Z</time>
  </trkpt>
  <trkpt lat="54.72481833" lon="25.26366">
    <ele>159</ele>
    <time>2022-01-18T19:10:43Z</time>
  </trkpt>
  <trkpt lat="54.724805" lon="25.263695">
    <ele>159</ele>
    <time>2022-01-18T19:10:44Z</time>
  </trkpt>
  <trkpt lat="54.72479" lon="25.26373">
    <ele>159</ele>
    <time>2022-01-18T19:10:45Z</time>
  </trkpt>
  <trkpt lat="54.72477667" lon="25.26376667">
    <ele>158</ele>
    <time>2022-01-18T19:10:46Z</time>
  </trkpt>
  <trkpt lat="54.72476333" lon="25.26381333">
    <ele>158</ele>
    <time>2022-01-18T19:10:47Z</time>
  </trkpt>
  <trkpt lat="54.72475333" lon="25.26386333">
    <ele>158</ele>
    <time>2022-01-18T19:10:48Z</time>
  </trkpt>
  <trkpt lat="54.72474667" lon="25.26391333">
    <ele>157</ele>
    <time>2022-01-18T19:10:49Z</time>
  </trkpt>
  <trkpt lat="54.724735" lon="25.26395667">
    <ele>157</ele>
    <time>2022-01-18T19:10:50Z</time>
  </trkpt>
  <trkpt lat="54.724715" lon="25.263995">
    <ele>156</ele>
    <time>2022-01-18T19:10:51Z</time>
  </trkpt>
  <trkpt lat="54.72469" lon="25.26402667">
    <ele>156</ele>
    <time>2022-01-18T19:10:52Z</time>
  </trkpt>
  <trkpt lat="54.72465667" lon="25.26405167">
    <ele>155</ele>
    <time>2022-01-18T19:10:53Z</time>
  </trkpt>
  <trkpt lat="54.72462167" lon="25.26408">
    <ele>155</ele>
    <time>2022-01-18T19:10:54Z</time>
  </trkpt>
  <trkpt lat="54.72459167" lon="25.26411167">
    <ele>154</ele>
    <time>2022-01-18T19:10:55Z</time>
  </trkpt>
  <trkpt lat="54.72456167" lon="25.26414667">
    <ele>154</ele>
    <time>2022-01-18T19:10:56Z</time>
  </trkpt>
  <trkpt lat="54.72453" lon="25.264185">
    <ele>153</ele>
    <time>2022-01-18T19:10:57Z</time>
  </trkpt>
  <trkpt lat="54.72448667" lon="25.26423167">
    <ele>153</ele>
    <time>2022-01-18T19:10:58Z</time>
  </trkpt>
  <trkpt lat="54.72444667" lon="25.26427667">
    <ele>153</ele>
    <time>2022-01-18T19:10:59Z</time>
  </trkpt>
  <trkpt lat="54.72441167" lon="25.26431">
    <ele>152</ele>
    <time>2022-01-18T19:11:00Z</time>
  </trkpt>
  <trkpt lat="54.724375" lon="25.26433333">
    <ele>152</ele>
    <time>2022-01-18T19:11:01Z</time>
  </trkpt>
  <trkpt lat="54.72433833" lon="25.26435">
    <ele>152</ele>
    <time>2022-01-18T19:11:02Z</time>
  </trkpt>
  <trkpt lat="54.72430833" lon="25.264365">
    <ele>151</ele>
    <time>2022-01-18T19:11:03Z</time>
  </trkpt>
  <trkpt lat="54.72427833" lon="25.26437833">
    <ele>151</ele>
    <time>2022-01-18T19:11:04Z</time>
  </trkpt>
  <trkpt lat="54.72424833" lon="25.264385">
    <ele>150</ele>
    <time>2022-01-18T19:11:05Z</time>
  </trkpt>
  <trkpt lat="54.72421167" lon="25.26438333">
    <ele>150</ele>
    <time>2022-01-18T19:11:06Z</time>
  </trkpt>
  <trkpt lat="54.72418167" lon="25.264385">
    <ele>149</ele>
    <time>2022-01-18T19:11:07Z</time>
  </trkpt>
  <trkpt lat="54.72415333" lon="25.26438833">
    <ele>149</ele>
    <time>2022-01-18T19:11:08Z</time>
  </trkpt>
  <trkpt lat="54.72412167" lon="25.26439167">
    <ele>149</ele>
    <time>2022-01-18T19:11:09Z</time>
  </trkpt>
  <trkpt lat="54.724095" lon="25.26439333">
    <ele>149</ele>
    <time>2022-01-18T19:11:10Z</time>
  </trkpt>
  <trkpt lat="54.72406167" lon="25.2644">
    <ele>148</ele>
    <time>2022-01-18T19:11:11Z</time>
  </trkpt>
  <trkpt lat="54.724025" lon="25.26440667">
    <ele>148</ele>
    <time>2022-01-18T19:11:12Z</time>
  </trkpt>
  <trkpt lat="54.72398833" lon="25.26441833">
    <ele>148</ele>
    <time>2022-01-18T19:11:13Z</time>
  </trkpt>
  <trkpt lat="54.72396" lon="25.26443">
    <ele>148</ele>
    <time>2022-01-18T19:11:14Z</time>
  </trkpt>
  <trkpt lat="54.72393167" lon="25.26444167">
    <ele>148</ele>
    <time>2022-01-18T19:11:15Z</time>
  </trkpt>
  <trkpt lat="54.72390667" lon="25.26445667">
    <ele>148</ele>
    <time>2022-01-18T19:11:16Z</time>
  </trkpt>
  <trkpt lat="54.72388" lon="25.264475">
    <ele>147</ele>
    <time>2022-01-18T19:11:17Z</time>
  </trkpt>
  <trkpt lat="54.72386167" lon="25.2645">
    <ele>147</ele>
    <time>2022-01-18T19:11:18Z</time>
  </trkpt>
  <trkpt lat="54.72385333" lon="25.264535">
    <ele>147</ele>
    <time>2022-01-18T19:11:19Z</time>
  </trkpt>
  <trkpt lat="54.72385333" lon="25.264575">
    <ele>147</ele>
    <time>2022-01-18T19:11:20Z</time>
  </trkpt>
  <trkpt lat="54.72384833" lon="25.26462167">
    <ele>147</ele>
    <time>2022-01-18T19:11:21Z</time>
  </trkpt>
  <trkpt lat="54.72384667" lon="25.26469167">
    <ele>147</ele>
    <time>2022-01-18T19:11:22Z</time>
  </trkpt>
  <trkpt lat="54.72385" lon="25.26474667">
    <ele>147</ele>
    <time>2022-01-18T19:11:23Z</time>
  </trkpt>
  <trkpt lat="54.72385833" lon="25.26479333">
    <ele>147</ele>
    <time>2022-01-18T19:11:24Z</time>
  </trkpt>
  <trkpt lat="54.72387167" lon="25.26483833">
    <ele>147</ele>
    <time>2022-01-18T19:11:25Z</time>
  </trkpt>
  <trkpt lat="54.72388667" lon="25.26488333">
    <ele>147</ele>
    <time>2022-01-18T19:11:26Z</time>
  </trkpt>
  <trkpt lat="54.72389833" lon="25.26493667">
    <ele>148</ele>
    <time>2022-01-18T19:11:27Z</time>
  </trkpt>
  <trkpt lat="54.72390333" lon="25.264995">
    <ele>148</ele>
    <time>2022-01-18T19:11:28Z</time>
  </trkpt>
  <trkpt lat="54.72391167" lon="25.26504667">
    <ele>148</ele>
    <time>2022-01-18T19:11:29Z</time>
  </trkpt>
  <trkpt lat="54.72391667" lon="25.26508333">
    <ele>148</ele>
    <time>2022-01-18T19:11:30Z</time>
  </trkpt>
  <trkpt lat="54.723925" lon="25.26510167">
    <ele>148</ele>
    <time>2022-01-18T19:11:31Z</time>
  </trkpt>
  <trkpt lat="54.72393833" lon="25.26511833">
    <ele>148</ele>
    <time>2022-01-18T19:11:32Z</time>
  </trkpt>
  <trkpt lat="54.72396" lon="25.26512833">
    <ele>148</ele>
    <time>2022-01-18T19:11:33Z</time>
  </trkpt>
  <trkpt lat="54.72398667" lon="25.26513167">
    <ele>148</ele>
    <time>2022-01-18T19:11:34Z</time>
  </trkpt>
  <trkpt lat="54.72401167" lon="25.26515333">
    <ele>148</ele>
    <time>2022-01-18T19:11:35Z</time>
  </trkpt>
  <trkpt lat="54.72403667" lon="25.265175">
    <ele>147</ele>
    <time>2022-01-18T19:11:36Z</time>
  </trkpt>
  <trkpt lat="54.72406333" lon="25.26520333">
    <ele>146</ele>
    <time>2022-01-18T19:11:37Z</time>
  </trkpt>
  <trkpt lat="54.72409333" lon="25.26522667">
    <ele>146</ele>
    <time>2022-01-18T19:11:38Z</time>
  </trkpt>
  <trkpt lat="54.72412167" lon="25.26523833">
    <ele>145</ele>
    <time>2022-01-18T19:11:39Z</time>
  </trkpt>
  <trkpt lat="54.724145" lon="25.26524667">
    <ele>145</ele>
    <time>2022-01-18T19:11:40Z</time>
  </trkpt>
  <trkpt lat="54.72416833" lon="25.265245">
    <ele>145</ele>
    <time>2022-01-18T19:11:41Z</time>
  </trkpt>
  <trkpt lat="54.72419167" lon="25.26524167">
    <ele>145</ele>
    <time>2022-01-18T19:11:42Z</time>
  </trkpt>
  <trkpt lat="54.724215" lon="25.26523">
    <ele>145</ele>
    <time>2022-01-18T19:11:43Z</time>
  </trkpt>
  <trkpt lat="54.72423333" lon="25.26521333">
    <ele>145</ele>
    <time>2022-01-18T19:11:44Z</time>
  </trkpt>
  <trkpt lat="54.72425667" lon="25.26519167">
    <ele>144</ele>
    <time>2022-01-18T19:11:45Z</time>
  </trkpt>
  <trkpt lat="54.72427167" lon="25.26517833">
    <ele>144</ele>
    <time>2022-01-18T19:11:46Z</time>
  </trkpt>
  <trkpt lat="54.72429333" lon="25.26516">
    <ele>144</ele>
    <time>2022-01-18T19:11:47Z</time>
  </trkpt>
  <trkpt lat="54.72430833" lon="25.26514333">
    <ele>144</ele>
    <time>2022-01-18T19:11:48Z</time>
  </trkpt>
  <trkpt lat="54.72432333" lon="25.26512167">
    <ele>144</ele>
    <time>2022-01-18T19:11:49Z</time>
  </trkpt>
  <trkpt lat="54.72433667" lon="25.26511667">
    <ele>145</ele>
    <time>2022-01-18T19:11:50Z</time>
  </trkpt>
  <trkpt lat="54.72434833" lon="25.26511">
    <ele>145</ele>
    <time>2022-01-18T19:11:51Z</time>
  </trkpt>
  <trkpt lat="54.72436667" lon="25.265105">
    <ele>145</ele>
    <time>2022-01-18T19:11:52Z</time>
  </trkpt>
  <trkpt lat="54.72438333" lon="25.265095">
    <ele>145</ele>
    <time>2022-01-18T19:11:53Z</time>
  </trkpt>
  <trkpt lat="54.72439833" lon="25.26508833">
    <ele>145</ele>
    <time>2022-01-18T19:11:54Z</time>
  </trkpt>
  <trkpt lat="54.72441" lon="25.26508">
    <ele>145</ele>
    <time>2022-01-18T19:11:55Z</time>
  </trkpt>
  <trkpt lat="54.72442167" lon="25.26507333">
    <ele>146</ele>
    <time>2022-01-18T19:11:56Z</time>
  </trkpt>
  <trkpt lat="54.72443833" lon="25.26506667">
    <ele>146</ele>
    <time>2022-01-18T19:11:57Z</time>
  </trkpt>
  <trkpt lat="54.72445" lon="25.26505667">
    <ele>147</ele>
    <time>2022-01-18T19:11:58Z</time>
  </trkpt>
  <trkpt lat="54.72446" lon="25.26504167">
    <ele>147</ele>
    <time>2022-01-18T19:11:59Z</time>
  </trkpt>
  <trkpt lat="54.72447333" lon="25.26504">
    <ele>147</ele>
    <time>2022-01-18T19:12:00Z</time>
  </trkpt>
  <trkpt lat="54.72448167" lon="25.26505167">
    <ele>148</ele>
    <time>2022-01-18T19:12:01Z</time>
  </trkpt>
  <trkpt lat="54.724495" lon="25.26506167">
    <ele>148</ele>
    <time>2022-01-18T19:12:02Z</time>
  </trkpt>
  <trkpt lat="54.72451" lon="25.26506667">
    <ele>148</ele>
    <time>2022-01-18T19:12:03Z</time>
  </trkpt>
  <trkpt lat="54.72453" lon="25.26506333">
    <ele>149</ele>
    <time>2022-01-18T19:12:04Z</time>
  </trkpt>
  <trkpt lat="54.72455333" lon="25.26506">
    <ele>150</ele>
    <time>2022-01-18T19:12:05Z</time>
  </trkpt>
  <trkpt lat="54.72457667" lon="25.26505833">
    <ele>150</ele>
    <time>2022-01-18T19:12:06Z</time>
  </trkpt>
  <trkpt lat="54.7246" lon="25.26505167">
    <ele>150</ele>
    <time>2022-01-18T19:12:07Z</time>
  </trkpt>
  <trkpt lat="54.72462167" lon="25.26504833">
    <ele>151</ele>
    <time>2022-01-18T19:12:08Z</time>
  </trkpt>
  <trkpt lat="54.72464333" lon="25.26504833">
    <ele>151</ele>
    <time>2022-01-18T19:12:09Z</time>
  </trkpt>
  <trkpt lat="54.724665" lon="25.26505">
    <ele>151</ele>
    <time>2022-01-18T19:12:10Z</time>
  </trkpt>
  <trkpt lat="54.72468" lon="25.26505167">
    <ele>152</ele>
    <time>2022-01-18T19:12:11Z</time>
  </trkpt>
  <trkpt lat="54.7247" lon="25.265045">
    <ele>152</ele>
    <time>2022-01-18T19:12:12Z</time>
  </trkpt>
  <trkpt lat="54.72471167" lon="25.26503833">
    <ele>152</ele>
    <time>2022-01-18T19:12:13Z</time>
  </trkpt>
  <trkpt lat="54.724725" lon="25.26504">
    <ele>153</ele>
    <time>2022-01-18T19:12:14Z</time>
  </trkpt>
  <trkpt lat="54.72474" lon="25.265045">
    <ele>153</ele>
    <time>2022-01-18T19:12:15Z</time>
  </trkpt>
  <trkpt lat="54.724755" lon="25.26504667">
    <ele>153</ele>
    <time>2022-01-18T19:12:16Z</time>
  </trkpt>
  <trkpt lat="54.72477333" lon="25.26504667">
    <ele>153</ele>
    <time>2022-01-18T19:12:17Z</time>
  </trkpt>
  <trkpt lat="54.72478833" lon="25.26504333">
    <ele>153</ele>
    <time>2022-01-18T19:12:18Z</time>
  </trkpt>
  <trkpt lat="54.72480333" lon="25.26504167">
    <ele>154</ele>
    <time>2022-01-18T19:12:19Z</time>
  </trkpt>
  <trkpt lat="54.72481667" lon="25.26503667">
    <ele>154</ele>
    <time>2022-01-18T19:12:20Z</time>
  </trkpt>
  <trkpt lat="54.72483333" lon="25.26503">
    <ele>154</ele>
    <time>2022-01-18T19:12:21Z</time>
  </trkpt>
  <trkpt lat="54.724855" lon="25.26502667">
    <ele>155</ele>
    <time>2022-01-18T19:12:22Z</time>
  </trkpt>
  <trkpt lat="54.72487833" lon="25.265025">
    <ele>155</ele>
    <time>2022-01-18T19:12:23Z</time>
  </trkpt>
  <trkpt lat="54.72489833" lon="25.26502">
    <ele>155</ele>
    <time>2022-01-18T19:12:24Z</time>
  </trkpt>
  <trkpt lat="54.72491667" lon="25.26501333">
    <ele>155</ele>
    <time>2022-01-18T19:12:25Z</time>
  </trkpt>
  <trkpt lat="54.72493667" lon="25.265005">
    <ele>156</ele>
    <time>2022-01-18T19:12:26Z</time>
  </trkpt>
  <trkpt lat="54.72495667" lon="25.264995">
    <ele>156</ele>
    <time>2022-01-18T19:12:27Z</time>
  </trkpt>
  <trkpt lat="54.72498" lon="25.26498833">
    <ele>156</ele>
    <time>2022-01-18T19:12:28Z</time>
  </trkpt>
  <trkpt lat="54.72500833" lon="25.264995">
    <ele>156</ele>
    <time>2022-01-18T19:12:29Z</time>
  </trkpt>
  <trkpt lat="54.72503167" lon="25.26499667">
    <ele>156</ele>
    <time>2022-01-18T19:12:30Z</time>
  </trkpt>
  <trkpt lat="54.72505" lon="25.26498167">
    <ele>156</ele>
    <time>2022-01-18T19:12:31Z</time>
  </trkpt>
  <trkpt lat="54.72507" lon="25.26495833">
    <ele>156</ele>
    <time>2022-01-18T19:12:32Z</time>
  </trkpt>
  <trkpt lat="54.725085" lon="25.26493167">
    <ele>156</ele>
    <time>2022-01-18T19:12:33Z</time>
  </trkpt>
  <trkpt lat="54.7251" lon="25.26491167">
    <ele>157</ele>
    <time>2022-01-18T19:12:34Z</time>
  </trkpt>
  <trkpt lat="54.725115" lon="25.2649">
    <ele>157</ele>
    <time>2022-01-18T19:12:35Z</time>
  </trkpt>
  <trkpt lat="54.72512" lon="25.264875">
    <ele>157</ele>
    <time>2022-01-18T19:12:36Z</time>
  </trkpt>
  <trkpt lat="54.72512167" lon="25.26485667">
    <ele>158</ele>
    <time>2022-01-18T19:12:37Z</time>
  </trkpt>
  <trkpt lat="54.72512667" lon="25.26484">
    <ele>158</ele>
    <time>2022-01-18T19:12:38Z</time>
  </trkpt>
  <trkpt lat="54.725135" lon="25.26481667">
    <ele>158</ele>
    <time>2022-01-18T19:12:39Z</time>
  </trkpt>
  <trkpt lat="54.725145" lon="25.26479333">
    <ele>158</ele>
    <time>2022-01-18T19:12:40Z</time>
  </trkpt>
  <trkpt lat="54.72515333" lon="25.26476667">
    <ele>159</ele>
    <time>2022-01-18T19:12:41Z</time>
  </trkpt>
  <trkpt lat="54.72516167" lon="25.26473">
    <ele>159</ele>
    <time>2022-01-18T19:12:42Z</time>
  </trkpt>
  <trkpt lat="54.72516333" lon="25.26470333">
    <ele>160</ele>
    <time>2022-01-18T19:12:43Z</time>
  </trkpt>
  <trkpt lat="54.72516333" lon="25.26467667">
    <ele>160</ele>
    <time>2022-01-18T19:12:44Z</time>
  </trkpt>
  <trkpt lat="54.72515833" lon="25.26464333">
    <ele>160</ele>
    <time>2022-01-18T19:12:45Z</time>
  </trkpt>
  <trkpt lat="54.72516333" lon="25.26459833">
    <ele>161</ele>
    <time>2022-01-18T19:12:46Z</time>
  </trkpt>
  <trkpt lat="54.72516833" lon="25.26455667">
    <ele>161</ele>
    <time>2022-01-18T19:12:47Z</time>
  </trkpt>
  <trkpt lat="54.72517333" lon="25.264525">
    <ele>162</ele>
    <time>2022-01-18T19:12:48Z</time>
  </trkpt>
  <trkpt lat="54.725175" lon="25.26449333">
    <ele>162</ele>
    <time>2022-01-18T19:12:49Z</time>
  </trkpt>
  <trkpt lat="54.725175" lon="25.26446333">
    <ele>162</ele>
    <time>2022-01-18T19:12:50Z</time>
  </trkpt>
  <trkpt lat="54.72517" lon="25.26444">
    <ele>163</ele>
    <time>2022-01-18T19:12:51Z</time>
  </trkpt>
  <trkpt lat="54.72516667" lon="25.264405">
    <ele>163</ele>
    <time>2022-01-18T19:12:52Z</time>
  </trkpt>
  <trkpt lat="54.72516667" lon="25.264365">
    <ele>163</ele>
    <time>2022-01-18T19:12:53Z</time>
  </trkpt>
  <trkpt lat="54.72517667" lon="25.26432333">
    <ele>163</ele>
    <time>2022-01-18T19:12:54Z</time>
  </trkpt>
  <trkpt lat="54.72518833" lon="25.26428333">
    <ele>162</ele>
    <time>2022-01-18T19:12:55Z</time>
  </trkpt>
  <trkpt lat="54.72519833" lon="25.26424667">
    <ele>162</ele>
    <time>2022-01-18T19:12:56Z</time>
  </trkpt>
  <trkpt lat="54.72520667" lon="25.264215">
    <ele>162</ele>
    <time>2022-01-18T19:12:57Z</time>
  </trkpt>
  <trkpt lat="54.72521667" lon="25.26418167">
    <ele>162</ele>
    <time>2022-01-18T19:12:58Z</time>
  </trkpt>
  <trkpt lat="54.72522833" lon="25.264155">
    <ele>162</ele>
    <time>2022-01-18T19:12:59Z</time>
  </trkpt>
  <trkpt lat="54.72524333" lon="25.26413667">
    <ele>161</ele>
    <time>2022-01-18T19:13:00Z</time>
  </trkpt>
  <trkpt lat="54.725255" lon="25.26412667">
    <ele>161</ele>
    <time>2022-01-18T19:13:01Z</time>
  </trkpt>
  <trkpt lat="54.72526667" lon="25.26413167">
    <ele>161</ele>
    <time>2022-01-18T19:13:02Z</time>
  </trkpt>
  <trkpt lat="54.72528167" lon="25.26413333">
    <ele>161</ele>
    <time>2022-01-18T19:13:03Z</time>
  </trkpt>
  <trkpt lat="54.72529667" lon="25.26413833">
    <ele>162</ele>
    <time>2022-01-18T19:13:04Z</time>
  </trkpt>
  <trkpt lat="54.725305" lon="25.26414333">
    <ele>162</ele>
    <time>2022-01-18T19:13:05Z</time>
  </trkpt>
  <trkpt lat="54.72530667" lon="25.26414">
    <ele>163</ele>
    <time>2022-01-18T19:13:06Z</time>
  </trkpt>
  <trkpt lat="54.725315" lon="25.264125">
    <ele>163</ele>
    <time>2022-01-18T19:13:07Z</time>
  </trkpt>
  <trkpt lat="54.72532333" lon="25.264115">
    <ele>164</ele>
    <time>2022-01-18T19:13:08Z</time>
  </trkpt>
  <trkpt lat="54.72534333" lon="25.26410333">
    <ele>164</ele>
    <time>2022-01-18T19:13:09Z</time>
  </trkpt>
  <trkpt lat="54.72536" lon="25.264095">
    <ele>165</ele>
    <time>2022-01-18T19:13:10Z</time>
  </trkpt>
  <trkpt lat="54.725385" lon="25.26409167">
    <ele>166</ele>
    <time>2022-01-18T19:13:11Z</time>
  </trkpt>
  <trkpt lat="54.72541167" lon="25.264095">
    <ele>166</ele>
    <time>2022-01-18T19:13:12Z</time>
  </trkpt>
  <trkpt lat="54.72543167" lon="25.26409833">
    <ele>166</ele>
    <time>2022-01-18T19:13:13Z</time>
  </trkpt>
  <trkpt lat="54.72545333" lon="25.26410167">
    <ele>167</ele>
    <time>2022-01-18T19:13:14Z</time>
  </trkpt>
  <trkpt lat="54.725475" lon="25.26410333">
    <ele>167</ele>
    <time>2022-01-18T19:13:15Z</time>
  </trkpt>
  <trkpt lat="54.72550167" lon="25.26409667">
    <ele>168</ele>
    <time>2022-01-18T19:13:16Z</time>
  </trkpt>
  <trkpt lat="54.72552333" lon="25.26408333">
    <ele>168</ele>
    <time>2022-01-18T19:13:17Z</time>
  </trkpt>
  <trkpt lat="54.725545" lon="25.26407333">
    <ele>168</ele>
    <time>2022-01-18T19:13:18Z</time>
  </trkpt>
  <trkpt lat="54.72556833" lon="25.264065">
    <ele>169</ele>
    <time>2022-01-18T19:13:19Z</time>
  </trkpt>
  <trkpt lat="54.72558833" lon="25.26406667">
    <ele>169</ele>
    <time>2022-01-18T19:13:20Z</time>
  </trkpt>
  <trkpt lat="54.72561" lon="25.26407333">
    <ele>170</ele>
    <time>2022-01-18T19:13:21Z</time>
  </trkpt>
  <trkpt lat="54.72563" lon="25.26407833">
    <ele>170</ele>
    <time>2022-01-18T19:13:22Z</time>
  </trkpt>
  <trkpt lat="54.72565167" lon="25.26408167">
    <ele>171</ele>
    <time>2022-01-18T19:13:23Z</time>
  </trkpt>
  <trkpt lat="54.72567" lon="25.26409">
    <ele>171</ele>
    <time>2022-01-18T19:13:24Z</time>
  </trkpt>
  <trkpt lat="54.72568833" lon="25.2641">
    <ele>171</ele>
    <time>2022-01-18T19:13:25Z</time>
  </trkpt>
  <trkpt lat="54.72571333" lon="25.26411333">
    <ele>172</ele>
    <time>2022-01-18T19:13:26Z</time>
  </trkpt>
  <trkpt lat="54.72574333" lon="25.26411833">
    <ele>172</ele>
    <time>2022-01-18T19:13:27Z</time>
  </trkpt>
  <trkpt lat="54.72577333" lon="25.26412167">
    <ele>172</ele>
    <time>2022-01-18T19:13:28Z</time>
  </trkpt>
  <trkpt lat="54.72580667" lon="25.26412167">
    <ele>172</ele>
    <time>2022-01-18T19:13:29Z</time>
  </trkpt>
  <trkpt lat="54.72583833" lon="25.26413">
    <ele>173</ele>
    <time>2022-01-18T19:13:30Z</time>
  </trkpt>
  <trkpt lat="54.72586167" lon="25.264145">
    <ele>173</ele>
    <time>2022-01-18T19:13:31Z</time>
  </trkpt>
  <trkpt lat="54.725885" lon="25.26414833">
    <ele>173</ele>
    <time>2022-01-18T19:13:32Z</time>
  </trkpt>
  <trkpt lat="54.72590833" lon="25.26415">
    <ele>173</ele>
    <time>2022-01-18T19:13:33Z</time>
  </trkpt>
  <trkpt lat="54.72593333" lon="25.26414833">
    <ele>173</ele>
    <time>2022-01-18T19:13:34Z</time>
  </trkpt>
  <trkpt lat="54.72595333" lon="25.26414333">
    <ele>174</ele>
    <time>2022-01-18T19:13:35Z</time>
  </trkpt>
  <trkpt lat="54.725975" lon="25.26413833">
    <ele>174</ele>
    <time>2022-01-18T19:13:36Z</time>
  </trkpt>
  <trkpt lat="54.726" lon="25.26412167">
    <ele>174</ele>
    <time>2022-01-18T19:13:37Z</time>
  </trkpt>
  <trkpt lat="54.72601667" lon="25.26410667">
    <ele>175</ele>
    <time>2022-01-18T19:13:38Z</time>
  </trkpt>
  <trkpt lat="54.72603833" lon="25.26409">
    <ele>175</ele>
    <time>2022-01-18T19:13:39Z</time>
  </trkpt>
  <trkpt lat="54.72606" lon="25.26407333">
    <ele>175</ele>
    <time>2022-01-18T19:13:40Z</time>
  </trkpt>
  <trkpt lat="54.72608167" lon="25.26405667">
    <ele>176</ele>
    <time>2022-01-18T19:13:41Z</time>
  </trkpt>
  <trkpt lat="54.72610167" lon="25.26404167">
    <ele>176</ele>
    <time>2022-01-18T19:13:42Z</time>
  </trkpt>
  <trkpt lat="54.72612167" lon="25.26402">
    <ele>176</ele>
    <time>2022-01-18T19:13:43Z</time>
  </trkpt>
  <trkpt lat="54.72614" lon="25.26399">
    <ele>176</ele>
    <time>2022-01-18T19:13:44Z</time>
  </trkpt>
  <trkpt lat="54.72615667" lon="25.26395833">
    <ele>176</ele>
    <time>2022-01-18T19:13:45Z</time>
  </trkpt>
  <trkpt lat="54.72616667" lon="25.26392167">
    <ele>176</ele>
    <time>2022-01-18T19:13:46Z</time>
  </trkpt>
  <trkpt lat="54.726175" lon="25.263885">
    <ele>176</ele>
    <time>2022-01-18T19:13:47Z</time>
  </trkpt>
  <trkpt lat="54.72618167" lon="25.26384667">
    <ele>177</ele>
    <time>2022-01-18T19:13:48Z</time>
  </trkpt>
  <trkpt lat="54.72618833" lon="25.26380833">
    <ele>177</ele>
    <time>2022-01-18T19:13:49Z</time>
  </trkpt>
  <trkpt lat="54.72619667" lon="25.26377167">
    <ele>177</ele>
    <time>2022-01-18T19:13:50Z</time>
  </trkpt>
  <trkpt lat="54.72620667" lon="25.26373833">
    <ele>177</ele>
    <time>2022-01-18T19:13:51Z</time>
  </trkpt>
  <trkpt lat="54.72621167" lon="25.26370333">
    <ele>177</ele>
    <time>2022-01-18T19:13:52Z</time>
  </trkpt>
  <trkpt lat="54.72622" lon="25.26367167">
    <ele>176</ele>
    <time>2022-01-18T19:13:53Z</time>
  </trkpt>
  <trkpt lat="54.72622833" lon="25.26363667">
    <ele>176</ele>
    <time>2022-01-18T19:13:54Z</time>
  </trkpt>
  <trkpt lat="54.726235" lon="25.26359833">
    <ele>176</ele>
    <time>2022-01-18T19:13:55Z</time>
  </trkpt>
  <trkpt lat="54.72624333" lon="25.26355833">
    <ele>176</ele>
    <time>2022-01-18T19:13:56Z</time>
  </trkpt>
  <trkpt lat="54.72625333" lon="25.263515">
    <ele>176</ele>
    <time>2022-01-18T19:13:57Z</time>
  </trkpt>
  <trkpt lat="54.72626167" lon="25.26346833">
    <ele>176</ele>
    <time>2022-01-18T19:13:58Z</time>
  </trkpt>
  <trkpt lat="54.72626833" lon="25.26341667">
    <ele>177</ele>
    <time>2022-01-18T19:13:59Z</time>
  </trkpt>
  <trkpt lat="54.72627667" lon="25.26336333">
    <ele>177</ele>
    <time>2022-01-18T19:14:00Z</time>
  </trkpt>
  <trkpt lat="54.72628333" lon="25.26331167">
    <ele>177</ele>
    <time>2022-01-18T19:14:01Z</time>
  </trkpt>
  <trkpt lat="54.72629" lon="25.26326333">
    <ele>176</ele>
    <time>2022-01-18T19:14:02Z</time>
  </trkpt>
  <trkpt lat="54.726295" lon="25.26321833">
    <ele>176</ele>
    <time>2022-01-18T19:14:03Z</time>
  </trkpt>
  <trkpt lat="54.72629833" lon="25.26317167">
    <ele>176</ele>
    <time>2022-01-18T19:14:04Z</time>
  </trkpt>
  <trkpt lat="54.726305" lon="25.263125">
    <ele>176</ele>
    <time>2022-01-18T19:14:05Z</time>
  </trkpt>
  <trkpt lat="54.72631167" lon="25.26305667">
    <ele>176</ele>
    <time>2022-01-18T19:14:06Z</time>
  </trkpt>
  <trkpt lat="54.72632" lon="25.262995">
    <ele>176</ele>
    <time>2022-01-18T19:14:07Z</time>
  </trkpt>
  <trkpt lat="54.726325" lon="25.26295333">
    <ele>176</ele>
    <time>2022-01-18T19:14:08Z</time>
  </trkpt>
  <trkpt lat="54.72633333" lon="25.26291">
    <ele>176</ele>
    <time>2022-01-18T19:14:09Z</time>
  </trkpt>
  <trkpt lat="54.72634" lon="25.26287167">
    <ele>176</ele>
    <time>2022-01-18T19:14:10Z</time>
  </trkpt>
  <trkpt lat="54.72634833" lon="25.26282667">
    <ele>175</ele>
    <time>2022-01-18T19:14:11Z</time>
  </trkpt>
  <trkpt lat="54.72635833" lon="25.26278">
    <ele>175</ele>
    <time>2022-01-18T19:14:12Z</time>
  </trkpt>
  <trkpt lat="54.72636833" lon="25.26273333">
    <ele>175</ele>
    <time>2022-01-18T19:14:13Z</time>
  </trkpt>
  <trkpt lat="54.72637667" lon="25.26268667">
    <ele>175</ele>
    <time>2022-01-18T19:14:14Z</time>
  </trkpt>
  <trkpt lat="54.72638833" lon="25.26263333">
    <ele>175</ele>
    <time>2022-01-18T19:14:15Z</time>
  </trkpt>
  <trkpt lat="54.72639667" lon="25.26257333">
    <ele>175</ele>
    <time>2022-01-18T19:14:16Z</time>
  </trkpt>
  <trkpt lat="54.72640667" lon="25.26251">
    <ele>175</ele>
    <time>2022-01-18T19:14:17Z</time>
  </trkpt>
  <trkpt lat="54.72641833" lon="25.262455">
    <ele>175</ele>
    <time>2022-01-18T19:14:18Z</time>
  </trkpt>
  <trkpt lat="54.72642667" lon="25.26239833">
    <ele>175</ele>
    <time>2022-01-18T19:14:19Z</time>
  </trkpt>
  <trkpt lat="54.72643833" lon="25.26234167">
    <ele>175</ele>
    <time>2022-01-18T19:14:20Z</time>
  </trkpt>
  <trkpt lat="54.72644667" lon="25.26229167">
    <ele>175</ele>
    <time>2022-01-18T19:14:21Z</time>
  </trkpt>
  <trkpt lat="54.72645667" lon="25.26224167">
    <ele>176</ele>
    <time>2022-01-18T19:14:22Z</time>
  </trkpt>
  <trkpt lat="54.72647" lon="25.26219333">
    <ele>176</ele>
    <time>2022-01-18T19:14:23Z</time>
  </trkpt>
  <trkpt lat="54.72648333" lon="25.262145">
    <ele>176</ele>
    <time>2022-01-18T19:14:24Z</time>
  </trkpt>
  <trkpt lat="54.726495" lon="25.2621">
    <ele>175</ele>
    <time>2022-01-18T19:14:25Z</time>
  </trkpt>
  <trkpt lat="54.726505" lon="25.26206">
    <ele>175</ele>
    <time>2022-01-18T19:14:26Z</time>
  </trkpt>
  <trkpt lat="54.72652167" lon="25.26201667">
    <ele>175</ele>
    <time>2022-01-18T19:14:27Z</time>
  </trkpt>
  <trkpt lat="54.72653667" lon="25.261965">
    <ele>175</ele>
    <time>2022-01-18T19:14:28Z</time>
  </trkpt>
  <trkpt lat="54.72655167" lon="25.26191833">
    <ele>175</ele>
    <time>2022-01-18T19:14:29Z</time>
  </trkpt>
  <trkpt lat="54.72657" lon="25.26188">
    <ele>175</ele>
    <time>2022-01-18T19:14:30Z</time>
  </trkpt>
  <trkpt lat="54.72659" lon="25.26184667">
    <ele>175</ele>
    <time>2022-01-18T19:14:31Z</time>
  </trkpt>
  <trkpt lat="54.726615" lon="25.261825">
    <ele>175</ele>
    <time>2022-01-18T19:14:32Z</time>
  </trkpt>
  <trkpt lat="54.72663833" lon="25.26181667">
    <ele>175</ele>
    <time>2022-01-18T19:14:33Z</time>
  </trkpt>
  <trkpt lat="54.72666333" lon="25.261815">
    <ele>175</ele>
    <time>2022-01-18T19:14:34Z</time>
  </trkpt>
  <trkpt lat="54.726695" lon="25.26181667">
    <ele>175</ele>
    <time>2022-01-18T19:14:35Z</time>
  </trkpt>
  <trkpt lat="54.72672333" lon="25.26183">
    <ele>175</ele>
    <time>2022-01-18T19:14:36Z</time>
  </trkpt>
  <trkpt lat="54.72675" lon="25.26185667">
    <ele>175</ele>
    <time>2022-01-18T19:14:37Z</time>
  </trkpt>
  <trkpt lat="54.72677667" lon="25.26188833">
    <ele>175</ele>
    <time>2022-01-18T19:14:38Z</time>
  </trkpt>
  <trkpt lat="54.72680667" lon="25.26192167">
    <ele>176</ele>
    <time>2022-01-18T19:14:39Z</time>
  </trkpt>
  <trkpt lat="54.72683833" lon="25.26194">
    <ele>176</ele>
    <time>2022-01-18T19:14:40Z</time>
  </trkpt>
  <trkpt lat="54.72687" lon="25.261955">
    <ele>176</ele>
    <time>2022-01-18T19:14:41Z</time>
  </trkpt>
  <trkpt lat="54.72690167" lon="25.26197833">
    <ele>176</ele>
    <time>2022-01-18T19:14:42Z</time>
  </trkpt>
  <trkpt lat="54.72692833" lon="25.26201167">
    <ele>177</ele>
    <time>2022-01-18T19:14:43Z</time>
  </trkpt>
  <trkpt lat="54.726955" lon="25.26204333">
    <ele>177</ele>
    <time>2022-01-18T19:14:44Z</time>
  </trkpt>
  <trkpt lat="54.726985" lon="25.26208">
    <ele>178</ele>
    <time>2022-01-18T19:14:45Z</time>
  </trkpt>
  <trkpt lat="54.72701333" lon="25.26211167">
    <ele>178</ele>
    <time>2022-01-18T19:14:46Z</time>
  </trkpt>
  <trkpt lat="54.72704" lon="25.26214167">
    <ele>178</ele>
    <time>2022-01-18T19:14:47Z</time>
  </trkpt>
  <trkpt lat="54.72705667" lon="25.26216167">
    <ele>178</ele>
    <time>2022-01-18T19:14:48Z</time>
  </trkpt>
  <trkpt lat="54.72707833" lon="25.26216833">
    <ele>178</ele>
    <time>2022-01-18T19:14:49Z</time>
  </trkpt>
  <trkpt lat="54.72709833" lon="25.26216833">
    <ele>178</ele>
    <time>2022-01-18T19:14:50Z</time>
  </trkpt>
  <trkpt lat="54.72711833" lon="25.26217">
    <ele>178</ele>
    <time>2022-01-18T19:14:51Z</time>
  </trkpt>
  <trkpt lat="54.72713833" lon="25.26218167">
    <ele>178</ele>
    <time>2022-01-18T19:14:52Z</time>
  </trkpt>
  <trkpt lat="54.72716167" lon="25.262195">
    <ele>178</ele>
    <time>2022-01-18T19:14:53Z</time>
  </trkpt>
  <trkpt lat="54.72718167" lon="25.26221">
    <ele>178</ele>
    <time>2022-01-18T19:14:54Z</time>
  </trkpt>
  <trkpt lat="54.72719667" lon="25.26222667">
    <ele>177</ele>
    <time>2022-01-18T19:14:55Z</time>
  </trkpt>
  <trkpt lat="54.72721" lon="25.26224">
    <ele>177</ele>
    <time>2022-01-18T19:14:56Z</time>
  </trkpt>
  <trkpt lat="54.72721667" lon="25.26224833">
    <ele>177</ele>
    <time>2022-01-18T19:14:57Z</time>
  </trkpt>
  <trkpt lat="54.72722833" lon="25.26225167">
    <ele>176</ele>
    <time>2022-01-18T19:14:58Z</time>
  </trkpt>
  <trkpt lat="54.72723667" lon="25.26225667">
    <ele>176</ele>
    <time>2022-01-18T19:14:59Z</time>
  </trkpt>
  </trkseg>
</trk>
</gpx>
