<?xml version="1.0"?>
<gpx version="1.0"
creator="Viking 1.8 -- http://viking.sf.net/"
xmlns:xsi="http://www.w3.org/2001/XMLSchema-instance"
xmlns="http://www.topografix.com/GPX/1/0"
xsi:schemaLocation="http://www.topografix.com/GPX/1/0 http://www.topografix.com/GPX/1/0/gpx.xsd">
<trk>
  <name>VIKING_TR001</name>
  <trkseg>
  <trkpt lat="54.752535" lon="25.29623667">
    <ele>136</ele>
    <time>2020-09-07T21:12:00.519999Z</time>
  </trkpt>
  <trkpt lat="54.752535" lon="25.29623667">
    <ele>136</ele>
    <time>2020-09-07T21:12:01.519999Z</time>
  </trkpt>
  <trkpt lat="54.75255167" lon="25.296256670000002">
    <ele>136</ele>
    <time>2020-09-07T21:12:02.519999Z</time>
  </trkpt>
  <trkpt lat="54.752565" lon="25.296273329999998">
    <ele>136</ele>
    <time>2020-09-07T21:12:03.520999Z</time>
  </trkpt>
  <trkpt lat="54.75257667" lon="25.2963">
    <ele>136</ele>
    <time>2020-09-07T21:12:04.519999Z</time>
  </trkpt>
  <trkpt lat="54.75258833" lon="25.29632167">
    <ele>137</ele>
    <time>2020-09-07T21:12:05.520999Z</time>
  </trkpt>
  <trkpt lat="54.75260333" lon="25.296355">
    <ele>137</ele>
    <time>2020-09-07T21:12:06.520999Z</time>
  </trkpt>
  <trkpt lat="54.75262667" lon="25.29639667">
    <ele>137</ele>
    <time>2020-09-07T21:12:07.519999Z</time>
  </trkpt>
  <trkpt lat="54.75264667" lon="25.29642667">
    <ele>138</ele>
    <time>2020-09-07T21:12:08.520999Z</time>
  </trkpt>
  <trkpt lat="54.75267" lon="25.29646333">
    <ele>139</ele>
    <time>2020-09-07T21:12:09.519999Z</time>
  </trkpt>
  <trkpt lat="54.75268833" lon="25.296495">
    <ele>139</ele>
    <time>2020-09-07T21:12:10.520999Z</time>
  </trkpt>
  <trkpt lat="54.75269833" lon="25.29653333">
    <ele>140</ele>
    <time>2020-09-07T21:12:11.520999Z</time>
  </trkpt>
  <trkpt lat="54.75271333" lon="25.29657">
    <ele>140</ele>
    <time>2020-09-07T21:12:12.520999Z</time>
  </trkpt>
  <trkpt lat="54.75273" lon="25.29660333">
    <ele>140</ele>
    <time>2020-09-07T21:12:13.520999Z</time>
  </trkpt>
  <trkpt lat="54.75275333" lon="25.29663833">
    <ele>141</ele>
    <time>2020-09-07T21:12:14.519999Z</time>
  </trkpt>
  <trkpt lat="54.75277667" lon="25.29666833">
    <ele>141</ele>
    <time>2020-09-07T21:12:15.519999Z</time>
  </trkpt>
  <trkpt lat="54.75279833" lon="25.29670333">
    <ele>141</ele>
    <time>2020-09-07T21:12:16.519999Z</time>
  </trkpt>
  <trkpt lat="54.75281833" lon="25.29672833">
    <ele>142</ele>
    <time>2020-09-07T21:12:17.519999Z</time>
  </trkpt>
  <trkpt lat="54.75283833" lon="25.29675833">
    <ele>142</ele>
    <time>2020-09-07T21:12:18.520999Z</time>
  </trkpt>
  <trkpt lat="54.75286" lon="25.29678833">
    <ele>143</ele>
    <time>2020-09-07T21:12:19.520999Z</time>
  </trkpt>
  <trkpt lat="54.75288333" lon="25.29682667">
    <ele>143</ele>
    <time>2020-09-07T21:12:20.520999Z</time>
  </trkpt>
  <trkpt lat="54.75290833" lon="25.296865">
    <ele>143</ele>
    <time>2020-09-07T21:12:21.520999Z</time>
  </trkpt>
  <trkpt lat="54.75293333" lon="25.29690167">
    <ele>144</ele>
    <time>2020-09-07T21:12:22.519999Z</time>
  </trkpt>
  <trkpt lat="54.75295667" lon="25.29693833">
    <ele>144</ele>
    <time>2020-09-07T21:12:23.520999Z</time>
  </trkpt>
  <trkpt lat="54.752975" lon="25.29697167">
    <ele>144</ele>
    <time>2020-09-07T21:12:24.520999Z</time>
  </trkpt>
  <trkpt lat="54.753" lon="25.29700833">
    <ele>144</ele>
    <time>2020-09-07T21:12:25.520999Z</time>
  </trkpt>
  <trkpt lat="54.75302" lon="25.29704167">
    <ele>145</ele>
    <time>2020-09-07T21:12:26.520999Z</time>
  </trkpt>
  <trkpt lat="54.75304333" lon="25.297075">
    <ele>145</ele>
    <time>2020-09-07T21:12:27.519999Z</time>
  </trkpt>
  <trkpt lat="54.75307167" lon="25.29711">
    <ele>145</ele>
    <time>2020-09-07T21:12:28.520999Z</time>
  </trkpt>
  <trkpt lat="54.7531" lon="25.29714667">
    <ele>145</ele>
    <time>2020-09-07T21:12:29.519999Z</time>
  </trkpt>
  <trkpt lat="54.75312667" lon="25.29717833">
    <ele>146</ele>
    <time>2020-09-07T21:12:30.519999Z</time>
  </trkpt>
  <trkpt lat="54.75314833" lon="25.29721">
    <ele>146</ele>
    <time>2020-09-07T21:12:31.519999Z</time>
  </trkpt>
  <trkpt lat="54.75317" lon="25.29725167">
    <ele>146</ele>
    <time>2020-09-07T21:12:32.519999Z</time>
  </trkpt>
  <trkpt lat="54.75319333" lon="25.29728833">
    <ele>147</ele>
    <time>2020-09-07T21:12:33.520999Z</time>
  </trkpt>
  <trkpt lat="54.75321333" lon="25.29732833">
    <ele>147</ele>
    <time>2020-09-07T21:12:34.519999Z</time>
  </trkpt>
  <trkpt lat="54.75322667" lon="25.29736833">
    <ele>147</ele>
    <time>2020-09-07T21:12:35.520999Z</time>
  </trkpt>
  <trkpt lat="54.75324" lon="25.297405">
    <ele>147</ele>
    <time>2020-09-07T21:12:36.520999Z</time>
  </trkpt>
  <trkpt lat="54.753255" lon="25.29743833">
    <ele>147</ele>
    <time>2020-09-07T21:12:37.520999Z</time>
  </trkpt>
  <trkpt lat="54.75326167" lon="25.29745833">
    <ele>148</ele>
    <time>2020-09-07T21:12:38.520999Z</time>
  </trkpt>
  <trkpt lat="54.75328833" lon="25.29748833">
    <ele>148</ele>
    <time>2020-09-07T21:12:39.519999Z</time>
  </trkpt>
  <trkpt lat="54.75330833" lon="25.29752333">
    <ele>148</ele>
    <time>2020-09-07T21:12:40.520999Z</time>
  </trkpt>
  <trkpt lat="54.75332333" lon="25.29757167">
    <ele>148</ele>
    <time>2020-09-07T21:12:41.519999Z</time>
  </trkpt>
  <trkpt lat="54.75334" lon="25.297625">
    <ele>148</ele>
    <time>2020-09-07T21:12:42.520999Z</time>
  </trkpt>
  <trkpt lat="54.75335333" lon="25.29767167">
    <ele>147</ele>
    <time>2020-09-07T21:12:43.520999Z</time>
  </trkpt>
  <trkpt lat="54.75336333" lon="25.29770167">
    <ele>147</ele>
    <time>2020-09-07T21:12:44.520999Z</time>
  </trkpt>
  <trkpt lat="54.75338167" lon="25.29774333">
    <ele>147</ele>
    <time>2020-09-07T21:12:45.519999Z</time>
  </trkpt>
  <trkpt lat="54.75339167" lon="25.29777667">
    <ele>147</ele>
    <time>2020-09-07T21:12:46.519999Z</time>
  </trkpt>
  <trkpt lat="54.7534" lon="25.29781">
    <ele>148</ele>
    <time>2020-09-07T21:12:47.520999Z</time>
  </trkpt>
  <trkpt lat="54.75340667" lon="25.29784">
    <ele>148</ele>
    <time>2020-09-07T21:12:48.520999Z</time>
  </trkpt>
  <trkpt lat="54.75341833" lon="25.29787167">
    <ele>148</ele>
    <time>2020-09-07T21:12:49.520999Z</time>
  </trkpt>
  <trkpt lat="54.75343333" lon="25.29790333">
    <ele>149</ele>
    <time>2020-09-07T21:12:50.519999Z</time>
  </trkpt>
  <trkpt lat="54.75345667" lon="25.29794833">
    <ele>149</ele>
    <time>2020-09-07T21:12:51.519999Z</time>
  </trkpt>
  <trkpt lat="54.753475" lon="25.29798667">
    <ele>149</ele>
    <time>2020-09-07T21:12:52.520999Z</time>
  </trkpt>
  <trkpt lat="54.75349167" lon="25.29802833">
    <ele>150</ele>
    <time>2020-09-07T21:12:53.519999Z</time>
  </trkpt>
  <trkpt lat="54.75350833" lon="25.29806833">
    <ele>150</ele>
    <time>2020-09-07T21:12:54.520999Z</time>
  </trkpt>
  <trkpt lat="54.75352833" lon="25.29810833">
    <ele>150</ele>
    <time>2020-09-07T21:12:55.520999Z</time>
  </trkpt>
  <trkpt lat="54.75355" lon="25.29814333">
    <ele>150</ele>
    <time>2020-09-07T21:12:56.519999Z</time>
  </trkpt>
  <trkpt lat="54.75357667" lon="25.298185">
    <ele>150</ele>
    <time>2020-09-07T21:12:57.520999Z</time>
  </trkpt>
  <trkpt lat="54.75360167" lon="25.29822333">
    <ele>151</ele>
    <time>2020-09-07T21:12:58.520999Z</time>
  </trkpt>
  <trkpt lat="54.75363167" lon="25.298265">
    <ele>151</ele>
    <time>2020-09-07T21:12:59.520999Z</time>
  </trkpt>
  <trkpt lat="54.75365833" lon="25.29831333">
    <ele>151</ele>
    <time>2020-09-07T21:13:00.520999Z</time>
  </trkpt>
  <trkpt lat="54.753675" lon="25.29836167">
    <ele>152</ele>
    <time>2020-09-07T21:13:01.520999Z</time>
  </trkpt>
  <trkpt lat="54.75369833" lon="25.29840333">
    <ele>152</ele>
    <time>2020-09-07T21:13:02.520999Z</time>
  </trkpt>
  <trkpt lat="54.75371333" lon="25.29843833">
    <ele>152</ele>
    <time>2020-09-07T21:13:03.520999Z</time>
  </trkpt>
  <trkpt lat="54.753735" lon="25.29847667">
    <ele>152</ele>
    <time>2020-09-07T21:13:04.520999Z</time>
  </trkpt>
  <trkpt lat="54.75375333" lon="25.298515">
    <ele>153</ele>
    <time>2020-09-07T21:13:05.520999Z</time>
  </trkpt>
  <trkpt lat="54.753765" lon="25.29855333">
    <ele>153</ele>
    <time>2020-09-07T21:13:06.520999Z</time>
  </trkpt>
  <trkpt lat="54.75377167" lon="25.29859167">
    <ele>153</ele>
    <time>2020-09-07T21:13:07.520999Z</time>
  </trkpt>
  <trkpt lat="54.75378" lon="25.29863">
    <ele>153</ele>
    <time>2020-09-07T21:13:08.520999Z</time>
  </trkpt>
  <trkpt lat="54.75379667" lon="25.298675">
    <ele>153</ele>
    <time>2020-09-07T21:13:09.519999Z</time>
  </trkpt>
  <trkpt lat="54.75381333" lon="25.29872167">
    <ele>153</ele>
    <time>2020-09-07T21:13:10.520999Z</time>
  </trkpt>
  <trkpt lat="54.75382833" lon="25.29876667">
    <ele>153</ele>
    <time>2020-09-07T21:13:11.520999Z</time>
  </trkpt>
  <trkpt lat="54.75384167" lon="25.29881">
    <ele>153</ele>
    <time>2020-09-07T21:13:12.520999Z</time>
  </trkpt>
  <trkpt lat="54.75385333" lon="25.29884833">
    <ele>153</ele>
    <time>2020-09-07T21:13:13.520999Z</time>
  </trkpt>
  <trkpt lat="54.75386333" lon="25.298885">
    <ele>153</ele>
    <time>2020-09-07T21:13:14.520999Z</time>
  </trkpt>
  <trkpt lat="54.75387" lon="25.29892333">
    <ele>153</ele>
    <time>2020-09-07T21:13:15.520999Z</time>
  </trkpt>
  <trkpt lat="54.75388167" lon="25.29896333">
    <ele>153</ele>
    <time>2020-09-07T21:13:16.520999Z</time>
  </trkpt>
  <trkpt lat="54.75389667" lon="25.29900333">
    <ele>153</ele>
    <time>2020-09-07T21:13:17.520999Z</time>
  </trkpt>
  <trkpt lat="54.75391333" lon="25.29904">
    <ele>153</ele>
    <time>2020-09-07T21:13:18.520999Z</time>
  </trkpt>
  <trkpt lat="54.75393" lon="25.29908167">
    <ele>152</ele>
    <time>2020-09-07T21:13:19.520999Z</time>
  </trkpt>
  <trkpt lat="54.753945" lon="25.29912">
    <ele>151</ele>
    <time>2020-09-07T21:13:20.520999Z</time>
  </trkpt>
  <trkpt lat="54.75396667" lon="25.29916167">
    <ele>151</ele>
    <time>2020-09-07T21:13:21.520999Z</time>
  </trkpt>
  <trkpt lat="54.75398667" lon="25.2992">
    <ele>151</ele>
    <time>2020-09-07T21:13:22.519999Z</time>
  </trkpt>
  <trkpt lat="54.75400667" lon="25.29924167">
    <ele>151</ele>
    <time>2020-09-07T21:13:23.520999Z</time>
  </trkpt>
  <trkpt lat="54.75402" lon="25.29928667">
    <ele>151</ele>
    <time>2020-09-07T21:13:24.520999Z</time>
  </trkpt>
  <trkpt lat="54.75403333" lon="25.29933167">
    <ele>151</ele>
    <time>2020-09-07T21:13:25.519999Z</time>
  </trkpt>
  <trkpt lat="54.75404833" lon="25.299375">
    <ele>151</ele>
    <time>2020-09-07T21:13:26.520999Z</time>
  </trkpt>
  <trkpt lat="54.75406" lon="25.29940833">
    <ele>150</ele>
    <time>2020-09-07T21:13:27.520999Z</time>
  </trkpt>
  <trkpt lat="54.75408333" lon="25.299445">
    <ele>150</ele>
    <time>2020-09-07T21:13:28.520999Z</time>
  </trkpt>
  <trkpt lat="54.7541" lon="25.29947667">
    <ele>150</ele>
    <time>2020-09-07T21:13:29.520999Z</time>
  </trkpt>
  <trkpt lat="54.75411333" lon="25.29951">
    <ele>150</ele>
    <time>2020-09-07T21:13:30.520999Z</time>
  </trkpt>
  <trkpt lat="54.754125" lon="25.29954667">
    <ele>150</ele>
    <time>2020-09-07T21:13:31.520999Z</time>
  </trkpt>
  <trkpt lat="54.75412833" lon="25.29958167">
    <ele>150</ele>
    <time>2020-09-07T21:13:32.520999Z</time>
  </trkpt>
  <trkpt lat="54.75413667" lon="25.299625">
    <ele>151</ele>
    <time>2020-09-07T21:13:33.519999Z</time>
  </trkpt>
  <trkpt lat="54.75415333" lon="25.29967">
    <ele>151</ele>
    <time>2020-09-07T21:13:34.520999Z</time>
  </trkpt>
  <trkpt lat="54.754165" lon="25.2997">
    <ele>151</ele>
    <time>2020-09-07T21:13:35.520999Z</time>
  </trkpt>
  <trkpt lat="54.75417667" lon="25.29972667">
    <ele>151</ele>
    <time>2020-09-07T21:13:36.520999Z</time>
  </trkpt>
  <trkpt lat="54.75418833" lon="25.29975167">
    <ele>151</ele>
    <time>2020-09-07T21:13:37.520999Z</time>
  </trkpt>
  <trkpt lat="54.75420333" lon="25.299785">
    <ele>151</ele>
    <time>2020-09-07T21:13:38.519999Z</time>
  </trkpt>
  <trkpt lat="54.75421667" lon="25.29981833">
    <ele>151</ele>
    <time>2020-09-07T21:13:39.520999Z</time>
  </trkpt>
  <trkpt lat="54.75423167" lon="25.29985">
    <ele>152</ele>
    <time>2020-09-07T21:13:40.519999Z</time>
  </trkpt>
  <trkpt lat="54.75425167" lon="25.29988667">
    <ele>152</ele>
    <time>2020-09-07T21:13:41.519999Z</time>
  </trkpt>
  <trkpt lat="54.75427333" lon="25.29992667">
    <ele>152</ele>
    <time>2020-09-07T21:13:42.520999Z</time>
  </trkpt>
  <trkpt lat="54.754295" lon="25.29996167">
    <ele>152</ele>
    <time>2020-09-07T21:13:43.520999Z</time>
  </trkpt>
  <trkpt lat="54.75432667" lon="25.30000667">
    <ele>153</ele>
    <time>2020-09-07T21:13:44.520999Z</time>
  </trkpt>
  <trkpt lat="54.75435" lon="25.300035">
    <ele>153</ele>
    <time>2020-09-07T21:13:45.520999Z</time>
  </trkpt>
  <trkpt lat="54.75437167" lon="25.300065">
    <ele>153</ele>
    <time>2020-09-07T21:13:46.520999Z</time>
  </trkpt>
  <trkpt lat="54.75439" lon="25.30009167">
    <ele>154</ele>
    <time>2020-09-07T21:13:47.519999Z</time>
  </trkpt>
  <trkpt lat="54.75441167" lon="25.30012">
    <ele>154</ele>
    <time>2020-09-07T21:13:48.520999Z</time>
  </trkpt>
  <trkpt lat="54.75442833" lon="25.30015167">
    <ele>155</ele>
    <time>2020-09-07T21:13:49.520999Z</time>
  </trkpt>
  <trkpt lat="54.75444833" lon="25.30018333">
    <ele>155</ele>
    <time>2020-09-07T21:13:50.520999Z</time>
  </trkpt>
  <trkpt lat="54.75447333" lon="25.30021">
    <ele>156</ele>
    <time>2020-09-07T21:13:51.520999Z</time>
  </trkpt>
  <trkpt lat="54.75449667" lon="25.30023833">
    <ele>156</ele>
    <time>2020-09-07T21:13:52.519999Z</time>
  </trkpt>
  <trkpt lat="54.75452167" lon="25.30026333">
    <ele>157</ele>
    <time>2020-09-07T21:13:53.520999Z</time>
  </trkpt>
  <trkpt lat="54.75455" lon="25.30029167">
    <ele>157</ele>
    <time>2020-09-07T21:13:54.519999Z</time>
  </trkpt>
  <trkpt lat="54.754575" lon="25.30031833">
    <ele>158</ele>
    <time>2020-09-07T21:13:55.520999Z</time>
  </trkpt>
  <trkpt lat="54.7546" lon="25.30034667">
    <ele>158</ele>
    <time>2020-09-07T21:13:56.520999Z</time>
  </trkpt>
  <trkpt lat="54.75462833" lon="25.30038167">
    <ele>158</ele>
    <time>2020-09-07T21:13:57.519999Z</time>
  </trkpt>
  <trkpt lat="54.754655" lon="25.30041833">
    <ele>158</ele>
    <time>2020-09-07T21:13:58.520999Z</time>
  </trkpt>
  <trkpt lat="54.75467833" lon="25.300445">
    <ele>158</ele>
    <time>2020-09-07T21:13:59.519999Z</time>
  </trkpt>
  <trkpt lat="54.75470167" lon="25.30047167">
    <ele>158</ele>
    <time>2020-09-07T21:14:00.519999Z</time>
  </trkpt>
  <trkpt lat="54.75472333" lon="25.30050167">
    <ele>158</ele>
    <time>2020-09-07T21:14:01.519999Z</time>
  </trkpt>
  <trkpt lat="54.75475167" lon="25.30053">
    <ele>158</ele>
    <time>2020-09-07T21:14:02.519999Z</time>
  </trkpt>
  <trkpt lat="54.75478333" lon="25.30056167">
    <ele>157</ele>
    <time>2020-09-07T21:14:03.519999Z</time>
  </trkpt>
  <trkpt lat="54.75481" lon="25.30059333">
    <ele>157</ele>
    <time>2020-09-07T21:14:04.519999Z</time>
  </trkpt>
  <trkpt lat="54.754835" lon="25.30062">
    <ele>157</ele>
    <time>2020-09-07T21:14:05.519999Z</time>
  </trkpt>
  <trkpt lat="54.75485833" lon="25.30064333">
    <ele>157</ele>
    <time>2020-09-07T21:14:06.519999Z</time>
  </trkpt>
  <trkpt lat="54.75487833" lon="25.30066167">
    <ele>157</ele>
    <time>2020-09-07T21:14:07.519999Z</time>
  </trkpt>
  <trkpt lat="54.75490833" lon="25.300685">
    <ele>157</ele>
    <time>2020-09-07T21:14:08.520999Z</time>
  </trkpt>
  <trkpt lat="54.75493833" lon="25.300715">
    <ele>157</ele>
    <time>2020-09-07T21:14:09.520999Z</time>
  </trkpt>
  <trkpt lat="54.754965" lon="25.300745">
    <ele>157</ele>
    <time>2020-09-07T21:14:10.520999Z</time>
  </trkpt>
  <trkpt lat="54.75499333" lon="25.30078">
    <ele>157</ele>
    <time>2020-09-07T21:14:11.520999Z</time>
  </trkpt>
  <trkpt lat="54.75501833" lon="25.300815">
    <ele>158</ele>
    <time>2020-09-07T21:14:12.519999Z</time>
  </trkpt>
  <trkpt lat="54.75504" lon="25.30083833">
    <ele>158</ele>
    <time>2020-09-07T21:14:13.520999Z</time>
  </trkpt>
  <trkpt lat="54.75506667" lon="25.30086333">
    <ele>158</ele>
    <time>2020-09-07T21:14:14.520999Z</time>
  </trkpt>
  <trkpt lat="54.75509667" lon="25.30089667">
    <ele>158</ele>
    <time>2020-09-07T21:14:15.520999Z</time>
  </trkpt>
  <trkpt lat="54.755115" lon="25.30093">
    <ele>158</ele>
    <time>2020-09-07T21:14:16.520999Z</time>
  </trkpt>
  <trkpt lat="54.75514" lon="25.30096">
    <ele>158</ele>
    <time>2020-09-07T21:14:17.520999Z</time>
  </trkpt>
  <trkpt lat="54.75516" lon="25.30098">
    <ele>158</ele>
    <time>2020-09-07T21:14:18.519999Z</time>
  </trkpt>
  <trkpt lat="54.75518" lon="25.30100167">
    <ele>158</ele>
    <time>2020-09-07T21:14:19.520999Z</time>
  </trkpt>
  <trkpt lat="54.75520333" lon="25.30102833">
    <ele>158</ele>
    <time>2020-09-07T21:14:20.520999Z</time>
  </trkpt>
  <trkpt lat="54.75522667" lon="25.301055">
    <ele>158</ele>
    <time>2020-09-07T21:14:21.520999Z</time>
  </trkpt>
  <trkpt lat="54.755245" lon="25.30107667">
    <ele>157</ele>
    <time>2020-09-07T21:14:22.520999Z</time>
  </trkpt>
  <trkpt lat="54.75526667" lon="25.30110333">
    <ele>157</ele>
    <time>2020-09-07T21:14:23.519999Z</time>
  </trkpt>
  <trkpt lat="54.75528833" lon="25.30113">
    <ele>157</ele>
    <time>2020-09-07T21:14:24.520999Z</time>
  </trkpt>
  <trkpt lat="54.75531333" lon="25.30115333">
    <ele>157</ele>
    <time>2020-09-07T21:14:25.520999Z</time>
  </trkpt>
  <trkpt lat="54.75533833" lon="25.30118">
    <ele>157</ele>
    <time>2020-09-07T21:14:26.520999Z</time>
  </trkpt>
  <trkpt lat="54.75537" lon="25.301205">
    <ele>157</ele>
    <time>2020-09-07T21:14:27.519999Z</time>
  </trkpt>
  <trkpt lat="54.75540167" lon="25.301235">
    <ele>157</ele>
    <time>2020-09-07T21:14:28.519999Z</time>
  </trkpt>
  <trkpt lat="54.75542333" lon="25.301265">
    <ele>157</ele>
    <time>2020-09-07T21:14:29.520999Z</time>
  </trkpt>
  <trkpt lat="54.75544667" lon="25.30129667">
    <ele>157</ele>
    <time>2020-09-07T21:14:30.520999Z</time>
  </trkpt>
  <trkpt lat="54.755465" lon="25.30132667">
    <ele>157</ele>
    <time>2020-09-07T21:14:31.520999Z</time>
  </trkpt>
  <trkpt lat="54.755485" lon="25.30135167">
    <ele>156</ele>
    <time>2020-09-07T21:14:32.519999Z</time>
  </trkpt>
  <trkpt lat="54.755505" lon="25.30137833">
    <ele>156</ele>
    <time>2020-09-07T21:14:33.520999Z</time>
  </trkpt>
  <trkpt lat="54.75552333" lon="25.30140333">
    <ele>155</ele>
    <time>2020-09-07T21:14:34.519999Z</time>
  </trkpt>
  <trkpt lat="54.75554667" lon="25.30143">
    <ele>155</ele>
    <time>2020-09-07T21:14:35.520999Z</time>
  </trkpt>
  <trkpt lat="54.75557167" lon="25.30145833">
    <ele>154</ele>
    <time>2020-09-07T21:14:36.520999Z</time>
  </trkpt>
  <trkpt lat="54.75559833" lon="25.30149">
    <ele>154</ele>
    <time>2020-09-07T21:14:37.520999Z</time>
  </trkpt>
  <trkpt lat="54.75562" lon="25.30152167">
    <ele>154</ele>
    <time>2020-09-07T21:14:38.520999Z</time>
  </trkpt>
  <trkpt lat="54.75565" lon="25.301555">
    <ele>154</ele>
    <time>2020-09-07T21:14:39.519999Z</time>
  </trkpt>
  <trkpt lat="54.75568167" lon="25.30158667">
    <ele>153</ele>
    <time>2020-09-07T21:14:40.520999Z</time>
  </trkpt>
  <trkpt lat="54.75571333" lon="25.301615">
    <ele>153</ele>
    <time>2020-09-07T21:14:41.520999Z</time>
  </trkpt>
  <trkpt lat="54.75574" lon="25.30164333">
    <ele>153</ele>
    <time>2020-09-07T21:14:42.520999Z</time>
  </trkpt>
  <trkpt lat="54.75577167" lon="25.301675">
    <ele>154</ele>
    <time>2020-09-07T21:14:43.520999Z</time>
  </trkpt>
  <trkpt lat="54.755795" lon="25.30169667">
    <ele>154</ele>
    <time>2020-09-07T21:14:44.519999Z</time>
  </trkpt>
  <trkpt lat="54.755825" lon="25.30172167">
    <ele>154</ele>
    <time>2020-09-07T21:14:45.520999Z</time>
  </trkpt>
  <trkpt lat="54.75585833" lon="25.301745">
    <ele>154</ele>
    <time>2020-09-07T21:14:46.520999Z</time>
  </trkpt>
  <trkpt lat="54.75588833" lon="25.30177">
    <ele>154</ele>
    <time>2020-09-07T21:14:47.520999Z</time>
  </trkpt>
  <trkpt lat="54.75591833" lon="25.3018">
    <ele>154</ele>
    <time>2020-09-07T21:14:48.520999Z</time>
  </trkpt>
  <trkpt lat="54.75595333" lon="25.30182833">
    <ele>154</ele>
    <time>2020-09-07T21:14:49.520999Z</time>
  </trkpt>
  <trkpt lat="54.75598167" lon="25.30185167">
    <ele>154</ele>
    <time>2020-09-07T21:14:50.519999Z</time>
  </trkpt>
  <trkpt lat="54.756015" lon="25.30188667">
    <ele>154</ele>
    <time>2020-09-07T21:14:51.520999Z</time>
  </trkpt>
  <trkpt lat="54.75604167" lon="25.30192">
    <ele>154</ele>
    <time>2020-09-07T21:14:52.520999Z</time>
  </trkpt>
  <trkpt lat="54.75607" lon="25.30196167">
    <ele>153</ele>
    <time>2020-09-07T21:14:53.520999Z</time>
  </trkpt>
  <trkpt lat="54.75609833" lon="25.30199833">
    <ele>153</ele>
    <time>2020-09-07T21:14:54.520999Z</time>
  </trkpt>
  <trkpt lat="54.75611833" lon="25.30203167">
    <ele>153</ele>
    <time>2020-09-07T21:14:55.519999Z</time>
  </trkpt>
  <trkpt lat="54.75613667" lon="25.30205833">
    <ele>152</ele>
    <time>2020-09-07T21:14:56.520999Z</time>
  </trkpt>
  <trkpt lat="54.75615667" lon="25.30208333">
    <ele>152</ele>
    <time>2020-09-07T21:14:57.520999Z</time>
  </trkpt>
  <trkpt lat="54.75618" lon="25.30211">
    <ele>152</ele>
    <time>2020-09-07T21:14:58.520999Z</time>
  </trkpt>
  <trkpt lat="54.75619833" lon="25.30213167">
    <ele>152</ele>
    <time>2020-09-07T21:14:59.520999Z</time>
  </trkpt>
  <trkpt lat="54.75621" lon="25.30215333">
    <ele>153</ele>
    <time>2020-09-07T21:15:00.519999Z</time>
  </trkpt>
  <trkpt lat="54.756225" lon="25.30217667">
    <ele>153</ele>
    <time>2020-09-07T21:15:01.519999Z</time>
  </trkpt>
  <trkpt lat="54.75623833" lon="25.30220167">
    <ele>153</ele>
    <time>2020-09-07T21:15:02.520999Z</time>
  </trkpt>
  <trkpt lat="54.75625167" lon="25.30223333">
    <ele>154</ele>
    <time>2020-09-07T21:15:03.520999Z</time>
  </trkpt>
  <trkpt lat="54.756265" lon="25.30226167">
    <ele>154</ele>
    <time>2020-09-07T21:15:04.520999Z</time>
  </trkpt>
  <trkpt lat="54.75628667" lon="25.30229667">
    <ele>154</ele>
    <time>2020-09-07T21:15:05.520999Z</time>
  </trkpt>
  <trkpt lat="54.75631667" lon="25.302325">
    <ele>154</ele>
    <time>2020-09-07T21:15:06.519999Z</time>
  </trkpt>
  <trkpt lat="54.75633833" lon="25.30235">
    <ele>154</ele>
    <time>2020-09-07T21:15:07.519999Z</time>
  </trkpt>
  <trkpt lat="54.75636833" lon="25.302375">
    <ele>154</ele>
    <time>2020-09-07T21:15:08.519999Z</time>
  </trkpt>
  <trkpt lat="54.756395" lon="25.30240333">
    <ele>154</ele>
    <time>2020-09-07T21:15:09.519999Z</time>
  </trkpt>
  <trkpt lat="54.756415" lon="25.30243167">
    <ele>154</ele>
    <time>2020-09-07T21:15:10.520999Z</time>
  </trkpt>
  <trkpt lat="54.75643167" lon="25.30245833">
    <ele>155</ele>
    <time>2020-09-07T21:15:11.520999Z</time>
  </trkpt>
  <trkpt lat="54.75645333" lon="25.30248167">
    <ele>155</ele>
    <time>2020-09-07T21:15:12.520999Z</time>
  </trkpt>
  <trkpt lat="54.75647333" lon="25.3025">
    <ele>156</ele>
    <time>2020-09-07T21:15:13.520999Z</time>
  </trkpt>
  <trkpt lat="54.756495" lon="25.30252">
    <ele>156</ele>
    <time>2020-09-07T21:15:14.520999Z</time>
  </trkpt>
  <trkpt lat="54.75651833" lon="25.30254167">
    <ele>157</ele>
    <time>2020-09-07T21:15:15.520999Z</time>
  </trkpt>
  <trkpt lat="54.75654333" lon="25.30256833">
    <ele>157</ele>
    <time>2020-09-07T21:15:16.520999Z</time>
  </trkpt>
  <trkpt lat="54.75656833" lon="25.302595">
    <ele>157</ele>
    <time>2020-09-07T21:15:17.520999Z</time>
  </trkpt>
  <trkpt lat="54.75659833" lon="25.30262167">
    <ele>158</ele>
    <time>2020-09-07T21:15:18.520999Z</time>
  </trkpt>
  <trkpt lat="54.75662667" lon="25.30265">
    <ele>158</ele>
    <time>2020-09-07T21:15:19.519999Z</time>
  </trkpt>
  <trkpt lat="54.756655" lon="25.30267333">
    <ele>158</ele>
    <time>2020-09-07T21:15:20.520999Z</time>
  </trkpt>
  <trkpt lat="54.756685" lon="25.30269833">
    <ele>158</ele>
    <time>2020-09-07T21:15:21.520999Z</time>
  </trkpt>
  <trkpt lat="54.75671333" lon="25.30272333">
    <ele>159</ele>
    <time>2020-09-07T21:15:22.520999Z</time>
  </trkpt>
  <trkpt lat="54.75674333" lon="25.30275">
    <ele>159</ele>
    <time>2020-09-07T21:15:23.520999Z</time>
  </trkpt>
  <trkpt lat="54.75676667" lon="25.30277833">
    <ele>159</ele>
    <time>2020-09-07T21:15:24.520999Z</time>
  </trkpt>
  <trkpt lat="54.75678833" lon="25.30280833">
    <ele>159</ele>
    <time>2020-09-07T21:15:25.519999Z</time>
  </trkpt>
  <trkpt lat="54.75681167" lon="25.302845">
    <ele>159</ele>
    <time>2020-09-07T21:15:26.520999Z</time>
  </trkpt>
  <trkpt lat="54.75683" lon="25.30288">
    <ele>159</ele>
    <time>2020-09-07T21:15:27.519999Z</time>
  </trkpt>
  <trkpt lat="54.75685167" lon="25.30291833">
    <ele>159</ele>
    <time>2020-09-07T21:15:28.520999Z</time>
  </trkpt>
  <trkpt lat="54.756875" lon="25.30295">
    <ele>158</ele>
    <time>2020-09-07T21:15:29.520999Z</time>
  </trkpt>
  <trkpt lat="54.75689667" lon="25.302975">
    <ele>158</ele>
    <time>2020-09-07T21:15:30.520999Z</time>
  </trkpt>
  <trkpt lat="54.756925" lon="25.30300333">
    <ele>158</ele>
    <time>2020-09-07T21:15:31.520999Z</time>
  </trkpt>
  <trkpt lat="54.756945" lon="25.30302833">
    <ele>159</ele>
    <time>2020-09-07T21:15:32.520999Z</time>
  </trkpt>
  <trkpt lat="54.756975" lon="25.30305833">
    <ele>159</ele>
    <time>2020-09-07T21:15:33.520999Z</time>
  </trkpt>
  <trkpt lat="54.757005" lon="25.30308667">
    <ele>159</ele>
    <time>2020-09-07T21:15:34.520999Z</time>
  </trkpt>
  <trkpt lat="54.75702833" lon="25.30312167">
    <ele>159</ele>
    <time>2020-09-07T21:15:35.519999Z</time>
  </trkpt>
  <trkpt lat="54.75705333" lon="25.30315667">
    <ele>159</ele>
    <time>2020-09-07T21:15:36.520999Z</time>
  </trkpt>
  <trkpt lat="54.75707167" lon="25.30318">
    <ele>159</ele>
    <time>2020-09-07T21:15:37.519999Z</time>
  </trkpt>
  <trkpt lat="54.75708667" lon="25.3032">
    <ele>159</ele>
    <time>2020-09-07T21:15:38.519999Z</time>
  </trkpt>
  <trkpt lat="54.75710833" lon="25.30322167">
    <ele>159</ele>
    <time>2020-09-07T21:15:39.520999Z</time>
  </trkpt>
  <trkpt lat="54.75713667" lon="25.30324">
    <ele>159</ele>
    <time>2020-09-07T21:15:40.519999Z</time>
  </trkpt>
  <trkpt lat="54.75715833" lon="25.30325667">
    <ele>158</ele>
    <time>2020-09-07T21:15:41.520999Z</time>
  </trkpt>
  <trkpt lat="54.75718167" lon="25.303275">
    <ele>158</ele>
    <time>2020-09-07T21:15:42.520999Z</time>
  </trkpt>
  <trkpt lat="54.75720667" lon="25.30329167">
    <ele>158</ele>
    <time>2020-09-07T21:15:43.519999Z</time>
  </trkpt>
  <trkpt lat="54.75723167" lon="25.30331">
    <ele>158</ele>
    <time>2020-09-07T21:15:44.520999Z</time>
  </trkpt>
  <trkpt lat="54.75725333" lon="25.30333167">
    <ele>158</ele>
    <time>2020-09-07T21:15:45.520999Z</time>
  </trkpt>
  <trkpt lat="54.75728" lon="25.30336667">
    <ele>158</ele>
    <time>2020-09-07T21:15:46.520999Z</time>
  </trkpt>
  <trkpt lat="54.75731167" lon="25.30340167">
    <ele>158</ele>
    <time>2020-09-07T21:15:47.519999Z</time>
  </trkpt>
  <trkpt lat="54.75735" lon="25.30343667">
    <ele>158</ele>
    <time>2020-09-07T21:15:48.520999Z</time>
  </trkpt>
  <trkpt lat="54.75739" lon="25.303475">
    <ele>157</ele>
    <time>2020-09-07T21:15:49.520999Z</time>
  </trkpt>
  <trkpt lat="54.75741167" lon="25.303505">
    <ele>157</ele>
    <time>2020-09-07T21:15:50.520999Z</time>
  </trkpt>
  <trkpt lat="54.75743333" lon="25.30353167">
    <ele>156</ele>
    <time>2020-09-07T21:15:51.520999Z</time>
  </trkpt>
  <trkpt lat="54.75745667" lon="25.30356">
    <ele>156</ele>
    <time>2020-09-07T21:15:52.520999Z</time>
  </trkpt>
  <trkpt lat="54.7575" lon="25.303595">
    <ele>156</ele>
    <time>2020-09-07T21:15:53.520999Z</time>
  </trkpt>
  <trkpt lat="54.75753333" lon="25.30363">
    <ele>156</ele>
    <time>2020-09-07T21:15:54.520999Z</time>
  </trkpt>
  <trkpt lat="54.75756" lon="25.30365667">
    <ele>155</ele>
    <time>2020-09-07T21:15:55.520999Z</time>
  </trkpt>
  <trkpt lat="54.75758" lon="25.30368167">
    <ele>155</ele>
    <time>2020-09-07T21:15:56.520999Z</time>
  </trkpt>
  <trkpt lat="54.7576" lon="25.30370667">
    <ele>155</ele>
    <time>2020-09-07T21:15:57.520999Z</time>
  </trkpt>
  <trkpt lat="54.75762" lon="25.30372833">
    <ele>155</ele>
    <time>2020-09-07T21:15:58.520999Z</time>
  </trkpt>
  <trkpt lat="54.75764" lon="25.30374833">
    <ele>155</ele>
    <time>2020-09-07T21:15:59.520999Z</time>
  </trkpt>
  <trkpt lat="54.75766667" lon="25.30377833">
    <ele>156</ele>
    <time>2020-09-07T21:16:00.520999Z</time>
  </trkpt>
  <trkpt lat="54.757695" lon="25.30381">
    <ele>156</ele>
    <time>2020-09-07T21:16:01.519999Z</time>
  </trkpt>
  <trkpt lat="54.757725" lon="25.30384667">
    <ele>156</ele>
    <time>2020-09-07T21:16:02.520999Z</time>
  </trkpt>
  <trkpt lat="54.75775667" lon="25.30388">
    <ele>156</ele>
    <time>2020-09-07T21:16:03.519999Z</time>
  </trkpt>
  <trkpt lat="54.75778167" lon="25.30391167">
    <ele>156</ele>
    <time>2020-09-07T21:16:04.520999Z</time>
  </trkpt>
  <trkpt lat="54.75780667" lon="25.30394167">
    <ele>156</ele>
    <time>2020-09-07T21:16:05.520999Z</time>
  </trkpt>
  <trkpt lat="54.75783" lon="25.30396667">
    <ele>155</ele>
    <time>2020-09-07T21:16:06.520999Z</time>
  </trkpt>
  <trkpt lat="54.75785" lon="25.30398667">
    <ele>155</ele>
    <time>2020-09-07T21:16:07.520999Z</time>
  </trkpt>
  <trkpt lat="54.75787167" lon="25.30400333">
    <ele>155</ele>
    <time>2020-09-07T21:16:08.520999Z</time>
  </trkpt>
  <trkpt lat="54.75789" lon="25.30402333">
    <ele>155</ele>
    <time>2020-09-07T21:16:09.520999Z</time>
  </trkpt>
  <trkpt lat="54.75791167" lon="25.304045">
    <ele>155</ele>
    <time>2020-09-07T21:16:10.519999Z</time>
  </trkpt>
  <trkpt lat="54.75793833" lon="25.30407333">
    <ele>155</ele>
    <time>2020-09-07T21:16:11.519999Z</time>
  </trkpt>
  <trkpt lat="54.75797" lon="25.30410333">
    <ele>155</ele>
    <time>2020-09-07T21:16:12.520999Z</time>
  </trkpt>
  <trkpt lat="54.75799333" lon="25.30413">
    <ele>155</ele>
    <time>2020-09-07T21:16:13.520999Z</time>
  </trkpt>
  <trkpt lat="54.758015" lon="25.30415833">
    <ele>155</ele>
    <time>2020-09-07T21:16:14.519999Z</time>
  </trkpt>
  <trkpt lat="54.75803667" lon="25.304185">
    <ele>156</ele>
    <time>2020-09-07T21:16:15.520999Z</time>
  </trkpt>
  <trkpt lat="54.75806333" lon="25.30421">
    <ele>156</ele>
    <time>2020-09-07T21:16:16.519999Z</time>
  </trkpt>
  <trkpt lat="54.758095" lon="25.30423667">
    <ele>156</ele>
    <time>2020-09-07T21:16:17.520999Z</time>
  </trkpt>
  <trkpt lat="54.758125" lon="25.30426">
    <ele>156</ele>
    <time>2020-09-07T21:16:18.520999Z</time>
  </trkpt>
  <trkpt lat="54.75815833" lon="25.30429333">
    <ele>156</ele>
    <time>2020-09-07T21:16:19.520999Z</time>
  </trkpt>
  <trkpt lat="54.75819333" lon="25.30432167">
    <ele>156</ele>
    <time>2020-09-07T21:16:20.520999Z</time>
  </trkpt>
  <trkpt lat="54.75823333" lon="25.30434333">
    <ele>156</ele>
    <time>2020-09-07T21:16:21.519999Z</time>
  </trkpt>
  <trkpt lat="54.75825667" lon="25.30435667">
    <ele>156</ele>
    <time>2020-09-07T21:16:22.520999Z</time>
  </trkpt>
  <trkpt lat="54.75828667" lon="25.30437833">
    <ele>156</ele>
    <time>2020-09-07T21:16:23.520999Z</time>
  </trkpt>
  <trkpt lat="54.75831" lon="25.304395">
    <ele>156</ele>
    <time>2020-09-07T21:16:24.520999Z</time>
  </trkpt>
  <trkpt lat="54.75832667" lon="25.30441167">
    <ele>156</ele>
    <time>2020-09-07T21:16:25.520999Z</time>
  </trkpt>
  <trkpt lat="54.75835" lon="25.30443333">
    <ele>156</ele>
    <time>2020-09-07T21:16:26.520999Z</time>
  </trkpt>
  <trkpt lat="54.75837" lon="25.30444833">
    <ele>156</ele>
    <time>2020-09-07T21:16:27.519999Z</time>
  </trkpt>
  <trkpt lat="54.75839667" lon="25.30446667">
    <ele>156</ele>
    <time>2020-09-07T21:16:28.520999Z</time>
  </trkpt>
  <trkpt lat="54.75841833" lon="25.30448333">
    <ele>156</ele>
    <time>2020-09-07T21:16:29.520999Z</time>
  </trkpt>
  <trkpt lat="54.75844667" lon="25.30450167">
    <ele>156</ele>
    <time>2020-09-07T21:16:30.520999Z</time>
  </trkpt>
  <trkpt lat="54.75848" lon="25.30451833">
    <ele>156</ele>
    <time>2020-09-07T21:16:31.520999Z</time>
  </trkpt>
  <trkpt lat="54.75850833" lon="25.30453667">
    <ele>156</ele>
    <time>2020-09-07T21:16:32.519999Z</time>
  </trkpt>
  <trkpt lat="54.75853667" lon="25.30455667">
    <ele>156</ele>
    <time>2020-09-07T21:16:33.520999Z</time>
  </trkpt>
  <trkpt lat="54.758565" lon="25.30457833">
    <ele>156</ele>
    <time>2020-09-07T21:16:34.520999Z</time>
  </trkpt>
  <trkpt lat="54.758595" lon="25.30459667">
    <ele>156</ele>
    <time>2020-09-07T21:16:35.520999Z</time>
  </trkpt>
  <trkpt lat="54.75862667" lon="25.304615">
    <ele>156</ele>
    <time>2020-09-07T21:16:36.520999Z</time>
  </trkpt>
  <trkpt lat="54.75865833" lon="25.30463667">
    <ele>155</ele>
    <time>2020-09-07T21:16:37.519999Z</time>
  </trkpt>
  <trkpt lat="54.75868667" lon="25.30465667">
    <ele>155</ele>
    <time>2020-09-07T21:16:38.520999Z</time>
  </trkpt>
  <trkpt lat="54.75871333" lon="25.30467833">
    <ele>155</ele>
    <time>2020-09-07T21:16:39.520999Z</time>
  </trkpt>
  <trkpt lat="54.75873833" lon="25.3047">
    <ele>155</ele>
    <time>2020-09-07T21:16:40.520999Z</time>
  </trkpt>
  <trkpt lat="54.758775" lon="25.30473">
    <ele>155</ele>
    <time>2020-09-07T21:16:41.520999Z</time>
  </trkpt>
  <trkpt lat="54.758805" lon="25.30474333">
    <ele>155</ele>
    <time>2020-09-07T21:16:42.519999Z</time>
  </trkpt>
  <trkpt lat="54.75882833" lon="25.30475667">
    <ele>156</ele>
    <time>2020-09-07T21:16:43.519999Z</time>
  </trkpt>
  <trkpt lat="54.75886" lon="25.30477167">
    <ele>156</ele>
    <time>2020-09-07T21:16:44.520999Z</time>
  </trkpt>
  <trkpt lat="54.758895" lon="25.30479667">
    <ele>156</ele>
    <time>2020-09-07T21:16:45.519999Z</time>
  </trkpt>
  <trkpt lat="54.75893" lon="25.304815">
    <ele>156</ele>
    <time>2020-09-07T21:16:46.520999Z</time>
  </trkpt>
  <trkpt lat="54.75895667" lon="25.30483167">
    <ele>157</ele>
    <time>2020-09-07T21:16:47.519999Z</time>
  </trkpt>
  <trkpt lat="54.75899167" lon="25.30484833">
    <ele>157</ele>
    <time>2020-09-07T21:16:48.519999Z</time>
  </trkpt>
  <trkpt lat="54.75902167" lon="25.30487">
    <ele>157</ele>
    <time>2020-09-07T21:16:49.519999Z</time>
  </trkpt>
  <trkpt lat="54.75904833" lon="25.304895">
    <ele>157</ele>
    <time>2020-09-07T21:16:50.519999Z</time>
  </trkpt>
  <trkpt lat="54.759075" lon="25.30491667">
    <ele>158</ele>
    <time>2020-09-07T21:16:51.520999Z</time>
  </trkpt>
  <trkpt lat="54.7591" lon="25.30493333">
    <ele>158</ele>
    <time>2020-09-07T21:16:52.520999Z</time>
  </trkpt>
  <trkpt lat="54.75912833" lon="25.30494833">
    <ele>158</ele>
    <time>2020-09-07T21:16:53.520999Z</time>
  </trkpt>
  <trkpt lat="54.75915833" lon="25.30496833">
    <ele>159</ele>
    <time>2020-09-07T21:16:54.520999Z</time>
  </trkpt>
  <trkpt lat="54.75919" lon="25.30499">
    <ele>159</ele>
    <time>2020-09-07T21:16:55.520999Z</time>
  </trkpt>
  <trkpt lat="54.75921" lon="25.305015">
    <ele>159</ele>
    <time>2020-09-07T21:16:56.519999Z</time>
  </trkpt>
  <trkpt lat="54.75923833" lon="25.30504833">
    <ele>160</ele>
    <time>2020-09-07T21:16:57.520999Z</time>
  </trkpt>
  <trkpt lat="54.759265" lon="25.30507333">
    <ele>160</ele>
    <time>2020-09-07T21:16:58.520999Z</time>
  </trkpt>
  <trkpt lat="54.75929" lon="25.30509">
    <ele>160</ele>
    <time>2020-09-07T21:16:59.520999Z</time>
  </trkpt>
  <trkpt lat="54.75932" lon="25.30511833">
    <ele>160</ele>
    <time>2020-09-07T21:17:00.519999Z</time>
  </trkpt>
  <trkpt lat="54.759345" lon="25.305145">
    <ele>160</ele>
    <time>2020-09-07T21:17:01.520999Z</time>
  </trkpt>
  <trkpt lat="54.75937167" lon="25.30517167">
    <ele>160</ele>
    <time>2020-09-07T21:17:02.519999Z</time>
  </trkpt>
  <trkpt lat="54.75939833" lon="25.3052">
    <ele>160</ele>
    <time>2020-09-07T21:17:03.520999Z</time>
  </trkpt>
  <trkpt lat="54.75942167" lon="25.30521833">
    <ele>160</ele>
    <time>2020-09-07T21:17:04.520999Z</time>
  </trkpt>
  <trkpt lat="54.75944833" lon="25.30523333">
    <ele>160</ele>
    <time>2020-09-07T21:17:05.519999Z</time>
  </trkpt>
  <trkpt lat="54.75947833" lon="25.30524833">
    <ele>160</ele>
    <time>2020-09-07T21:17:06.519999Z</time>
  </trkpt>
  <trkpt lat="54.75951167" lon="25.30526833">
    <ele>159</ele>
    <time>2020-09-07T21:17:07.519999Z</time>
  </trkpt>
  <trkpt lat="54.759535" lon="25.30528667">
    <ele>159</ele>
    <time>2020-09-07T21:17:08.520999Z</time>
  </trkpt>
  <trkpt lat="54.75956" lon="25.30530333">
    <ele>159</ele>
    <time>2020-09-07T21:17:09.519999Z</time>
  </trkpt>
  <trkpt lat="54.75959" lon="25.30532333">
    <ele>159</ele>
    <time>2020-09-07T21:17:10.520999Z</time>
  </trkpt>
  <trkpt lat="54.75962167" lon="25.305345">
    <ele>158</ele>
    <time>2020-09-07T21:17:11.519999Z</time>
  </trkpt>
  <trkpt lat="54.75966167" lon="25.30536333">
    <ele>158</ele>
    <time>2020-09-07T21:17:12.520999Z</time>
  </trkpt>
  <trkpt lat="54.75970333" lon="25.30538333">
    <ele>158</ele>
    <time>2020-09-07T21:17:13.520999Z</time>
  </trkpt>
  <trkpt lat="54.75973833" lon="25.3054">
    <ele>158</ele>
    <time>2020-09-07T21:17:14.520999Z</time>
  </trkpt>
  <trkpt lat="54.759765" lon="25.30541">
    <ele>157</ele>
    <time>2020-09-07T21:17:15.520999Z</time>
  </trkpt>
  <trkpt lat="54.75979667" lon="25.30543">
    <ele>157</ele>
    <time>2020-09-07T21:17:16.520999Z</time>
  </trkpt>
  <trkpt lat="54.75982167" lon="25.30544">
    <ele>156</ele>
    <time>2020-09-07T21:17:17.519999Z</time>
  </trkpt>
  <trkpt lat="54.75984333" lon="25.305445">
    <ele>156</ele>
    <time>2020-09-07T21:17:18.520999Z</time>
  </trkpt>
  <trkpt lat="54.759865" lon="25.30545667">
    <ele>156</ele>
    <time>2020-09-07T21:17:19.520999Z</time>
  </trkpt>
  <trkpt lat="54.75988333" lon="25.305465">
    <ele>155</ele>
    <time>2020-09-07T21:17:20.520999Z</time>
  </trkpt>
  <trkpt lat="54.75990167" lon="25.30547">
    <ele>155</ele>
    <time>2020-09-07T21:17:21.519999Z</time>
  </trkpt>
  <trkpt lat="54.75992667" lon="25.30547667">
    <ele>155</ele>
    <time>2020-09-07T21:17:22.520999Z</time>
  </trkpt>
  <trkpt lat="54.759955" lon="25.30548333">
    <ele>154</ele>
    <time>2020-09-07T21:17:23.519999Z</time>
  </trkpt>
  <trkpt lat="54.75998333" lon="25.30549667">
    <ele>154</ele>
    <time>2020-09-07T21:17:24.520999Z</time>
  </trkpt>
  <trkpt lat="54.76000667" lon="25.30550667">
    <ele>154</ele>
    <time>2020-09-07T21:17:25.519999Z</time>
  </trkpt>
  <trkpt lat="54.76003167" lon="25.30552167">
    <ele>153</ele>
    <time>2020-09-07T21:17:26.519999Z</time>
  </trkpt>
  <trkpt lat="54.760055" lon="25.30552167">
    <ele>153</ele>
    <time>2020-09-07T21:17:27.519999Z</time>
  </trkpt>
  <trkpt lat="54.76008667" lon="25.305525">
    <ele>153</ele>
    <time>2020-09-07T21:17:28.519999Z</time>
  </trkpt>
  <trkpt lat="54.76012333" lon="25.30553167">
    <ele>153</ele>
    <time>2020-09-07T21:17:29.520999Z</time>
  </trkpt>
  <trkpt lat="54.76015667" lon="25.30553">
    <ele>153</ele>
    <time>2020-09-07T21:17:30.519999Z</time>
  </trkpt>
  <trkpt lat="54.76019167" lon="25.30553167">
    <ele>153</ele>
    <time>2020-09-07T21:17:31.519999Z</time>
  </trkpt>
  <trkpt lat="54.76022667" lon="25.30553333">
    <ele>153</ele>
    <time>2020-09-07T21:17:32.520999Z</time>
  </trkpt>
  <trkpt lat="54.760255" lon="25.30553333">
    <ele>154</ele>
    <time>2020-09-07T21:17:33.520999Z</time>
  </trkpt>
  <trkpt lat="54.76028333" lon="25.30554">
    <ele>154</ele>
    <time>2020-09-07T21:17:34.519999Z</time>
  </trkpt>
  <trkpt lat="54.76030667" lon="25.305545">
    <ele>154</ele>
    <time>2020-09-07T21:17:35.520999Z</time>
  </trkpt>
  <trkpt lat="54.76033333" lon="25.30555333">
    <ele>154</ele>
    <time>2020-09-07T21:17:36.519999Z</time>
  </trkpt>
  <trkpt lat="54.76036" lon="25.30555667">
    <ele>154</ele>
    <time>2020-09-07T21:17:37.519999Z</time>
  </trkpt>
  <trkpt lat="54.76038167" lon="25.30555833">
    <ele>154</ele>
    <time>2020-09-07T21:17:38.520999Z</time>
  </trkpt>
  <trkpt lat="54.76041333" lon="25.30556333">
    <ele>154</ele>
    <time>2020-09-07T21:17:39.519999Z</time>
  </trkpt>
  <trkpt lat="54.76044833" lon="25.30556833">
    <ele>155</ele>
    <time>2020-09-07T21:17:40.519999Z</time>
  </trkpt>
  <trkpt lat="54.76048667" lon="25.305575">
    <ele>155</ele>
    <time>2020-09-07T21:17:41.519999Z</time>
  </trkpt>
  <trkpt lat="54.76052333" lon="25.305585">
    <ele>155</ele>
    <time>2020-09-07T21:17:42.519999Z</time>
  </trkpt>
  <trkpt lat="54.76054667" lon="25.305595">
    <ele>155</ele>
    <time>2020-09-07T21:17:43.519999Z</time>
  </trkpt>
  <trkpt lat="54.76057" lon="25.305605">
    <ele>154</ele>
    <time>2020-09-07T21:17:44.520999Z</time>
  </trkpt>
  <trkpt lat="54.76059667" lon="25.30561667">
    <ele>154</ele>
    <time>2020-09-07T21:17:45.519999Z</time>
  </trkpt>
  <trkpt lat="54.76062" lon="25.30562833">
    <ele>154</ele>
    <time>2020-09-07T21:17:46.520999Z</time>
  </trkpt>
  <trkpt lat="54.760645" lon="25.30564167">
    <ele>154</ele>
    <time>2020-09-07T21:17:47.519999Z</time>
  </trkpt>
  <trkpt lat="54.76066667" lon="25.305655">
    <ele>154</ele>
    <time>2020-09-07T21:17:48.519999Z</time>
  </trkpt>
  <trkpt lat="54.76068" lon="25.30567">
    <ele>154</ele>
    <time>2020-09-07T21:17:49.520999Z</time>
  </trkpt>
  <trkpt lat="54.760695" lon="25.30569167">
    <ele>154</ele>
    <time>2020-09-07T21:17:50.519999Z</time>
  </trkpt>
  <trkpt lat="54.76071667" lon="25.30571">
    <ele>154</ele>
    <time>2020-09-07T21:17:51.520999Z</time>
  </trkpt>
  <trkpt lat="54.76074167" lon="25.30572833">
    <ele>153</ele>
    <time>2020-09-07T21:17:52.519999Z</time>
  </trkpt>
  <trkpt lat="54.76076667" lon="25.30574333">
    <ele>153</ele>
    <time>2020-09-07T21:17:53.519999Z</time>
  </trkpt>
  <trkpt lat="54.76080833" lon="25.305755">
    <ele>154</ele>
    <time>2020-09-07T21:17:54.520999Z</time>
  </trkpt>
  <trkpt lat="54.76085" lon="25.305785">
    <ele>154</ele>
    <time>2020-09-07T21:17:55.519999Z</time>
  </trkpt>
  <trkpt lat="54.76088333" lon="25.305805">
    <ele>154</ele>
    <time>2020-09-07T21:17:56.519999Z</time>
  </trkpt>
  <trkpt lat="54.76090833" lon="25.30582167">
    <ele>155</ele>
    <time>2020-09-07T21:17:57.519999Z</time>
  </trkpt>
  <trkpt lat="54.76093667" lon="25.30584667">
    <ele>155</ele>
    <time>2020-09-07T21:17:58.520999Z</time>
  </trkpt>
  <trkpt lat="54.76095833" lon="25.30586833">
    <ele>155</ele>
    <time>2020-09-07T21:17:59.519999Z</time>
  </trkpt>
  <trkpt lat="54.76098" lon="25.305895">
    <ele>154</ele>
    <time>2020-09-07T21:18:00.519999Z</time>
  </trkpt>
  <trkpt lat="54.76100333" lon="25.30592333">
    <ele>154</ele>
    <time>2020-09-07T21:18:01.519999Z</time>
  </trkpt>
  <trkpt lat="54.76103" lon="25.30595">
    <ele>154</ele>
    <time>2020-09-07T21:18:02.519999Z</time>
  </trkpt>
  <trkpt lat="54.76105" lon="25.30597333">
    <ele>154</ele>
    <time>2020-09-07T21:18:03.520999Z</time>
  </trkpt>
  <trkpt lat="54.761075" lon="25.30599667">
    <ele>154</ele>
    <time>2020-09-07T21:18:04.519999Z</time>
  </trkpt>
  <trkpt lat="54.7611" lon="25.30602">
    <ele>154</ele>
    <time>2020-09-07T21:18:05.519999Z</time>
  </trkpt>
  <trkpt lat="54.76113333" lon="25.30605333">
    <ele>154</ele>
    <time>2020-09-07T21:18:06.519999Z</time>
  </trkpt>
  <trkpt lat="54.76116167" lon="25.30608333">
    <ele>155</ele>
    <time>2020-09-07T21:18:07.520999Z</time>
  </trkpt>
  <trkpt lat="54.76119167" lon="25.30612167">
    <ele>155</ele>
    <time>2020-09-07T21:18:08.519999Z</time>
  </trkpt>
  <trkpt lat="54.761225" lon="25.30615667">
    <ele>155</ele>
    <time>2020-09-07T21:18:09.519999Z</time>
  </trkpt>
  <trkpt lat="54.76126167" lon="25.30619667">
    <ele>156</ele>
    <time>2020-09-07T21:18:10.519999Z</time>
  </trkpt>
  <trkpt lat="54.76128667" lon="25.30623167">
    <ele>156</ele>
    <time>2020-09-07T21:18:11.519999Z</time>
  </trkpt>
  <trkpt lat="54.76130667" lon="25.30626833">
    <ele>155</ele>
    <time>2020-09-07T21:18:12.519999Z</time>
  </trkpt>
  <trkpt lat="54.76132833" lon="25.30630167">
    <ele>155</ele>
    <time>2020-09-07T21:18:13.520999Z</time>
  </trkpt>
  <trkpt lat="54.76135" lon="25.30632333">
    <ele>155</ele>
    <time>2020-09-07T21:18:14.520999Z</time>
  </trkpt>
  <trkpt lat="54.76137" lon="25.30636">
    <ele>154</ele>
    <time>2020-09-07T21:18:15.519999Z</time>
  </trkpt>
  <trkpt lat="54.76139167" lon="25.30639">
    <ele>154</ele>
    <time>2020-09-07T21:18:16.519999Z</time>
  </trkpt>
  <trkpt lat="54.76141" lon="25.30642167">
    <ele>154</ele>
    <time>2020-09-07T21:18:17.519999Z</time>
  </trkpt>
  <trkpt lat="54.76143" lon="25.30645167">
    <ele>153</ele>
    <time>2020-09-07T21:18:18.520999Z</time>
  </trkpt>
  <trkpt lat="54.76144667" lon="25.30648">
    <ele>153</ele>
    <time>2020-09-07T21:18:19.519999Z</time>
  </trkpt>
  <trkpt lat="54.76147333" lon="25.30651833">
    <ele>153</ele>
    <time>2020-09-07T21:18:20.519999Z</time>
  </trkpt>
  <trkpt lat="54.76149667" lon="25.30655167">
    <ele>152</ele>
    <time>2020-09-07T21:18:21.519999Z</time>
  </trkpt>
  <trkpt lat="54.76152" lon="25.30658167">
    <ele>152</ele>
    <time>2020-09-07T21:18:22.519999Z</time>
  </trkpt>
  <trkpt lat="54.761545" lon="25.30662333">
    <ele>152</ele>
    <time>2020-09-07T21:18:23.520999Z</time>
  </trkpt>
  <trkpt lat="54.76156333" lon="25.30664833">
    <ele>151</ele>
    <time>2020-09-07T21:18:24.520999Z</time>
  </trkpt>
  <trkpt lat="54.76158667" lon="25.30668333">
    <ele>151</ele>
    <time>2020-09-07T21:18:25.519999Z</time>
  </trkpt>
  <trkpt lat="54.76160167" lon="25.30671167">
    <ele>150</ele>
    <time>2020-09-07T21:18:26.519999Z</time>
  </trkpt>
  <trkpt lat="54.76162167" lon="25.30674167">
    <ele>150</ele>
    <time>2020-09-07T21:18:27.519999Z</time>
  </trkpt>
  <trkpt lat="54.76164167" lon="25.30676833">
    <ele>150</ele>
    <time>2020-09-07T21:18:28.520999Z</time>
  </trkpt>
  <trkpt lat="54.761665" lon="25.3068">
    <ele>150</ele>
    <time>2020-09-07T21:18:29.519999Z</time>
  </trkpt>
  <trkpt lat="54.76168667" lon="25.30683167">
    <ele>150</ele>
    <time>2020-09-07T21:18:30.519999Z</time>
  </trkpt>
  <trkpt lat="54.76171167" lon="25.30686833">
    <ele>150</ele>
    <time>2020-09-07T21:18:31.519999Z</time>
  </trkpt>
  <trkpt lat="54.76173" lon="25.30689667">
    <ele>150</ele>
    <time>2020-09-07T21:18:32.519999Z</time>
  </trkpt>
  <trkpt lat="54.76176" lon="25.30693167">
    <ele>151</ele>
    <time>2020-09-07T21:18:33.520999Z</time>
  </trkpt>
  <trkpt lat="54.76178333" lon="25.30696167">
    <ele>151</ele>
    <time>2020-09-07T21:18:34.520999Z</time>
  </trkpt>
  <trkpt lat="54.76180333" lon="25.30698667">
    <ele>151</ele>
    <time>2020-09-07T21:18:35.519999Z</time>
  </trkpt>
  <trkpt lat="54.761825" lon="25.30701167">
    <ele>151</ele>
    <time>2020-09-07T21:18:36.519999Z</time>
  </trkpt>
  <trkpt lat="54.76185" lon="25.30703333">
    <ele>151</ele>
    <time>2020-09-07T21:18:37.519999Z</time>
  </trkpt>
  <trkpt lat="54.76188333" lon="25.30706167">
    <ele>152</ele>
    <time>2020-09-07T21:18:38.519999Z</time>
  </trkpt>
  <trkpt lat="54.76191667" lon="25.30709833">
    <ele>152</ele>
    <time>2020-09-07T21:18:39.520999Z</time>
  </trkpt>
  <trkpt lat="54.76194167" lon="25.30712333">
    <ele>152</ele>
    <time>2020-09-07T21:18:40.519999Z</time>
  </trkpt>
  <trkpt lat="54.761975" lon="25.30715667">
    <ele>152</ele>
    <time>2020-09-07T21:18:41.519999Z</time>
  </trkpt>
  <trkpt lat="54.76200333" lon="25.30719167">
    <ele>152</ele>
    <time>2020-09-07T21:18:42.519999Z</time>
  </trkpt>
  <trkpt lat="54.76203167" lon="25.30722667">
    <ele>152</ele>
    <time>2020-09-07T21:18:43.519999Z</time>
  </trkpt>
  <trkpt lat="54.76207" lon="25.30727">
    <ele>152</ele>
    <time>2020-09-07T21:18:44.519999Z</time>
  </trkpt>
  <trkpt lat="54.762105" lon="25.30730667">
    <ele>152</ele>
    <time>2020-09-07T21:18:45.519999Z</time>
  </trkpt>
  <trkpt lat="54.76213667" lon="25.30733333">
    <ele>152</ele>
    <time>2020-09-07T21:18:46.519999Z</time>
  </trkpt>
  <trkpt lat="54.76216167" lon="25.30735833">
    <ele>151</ele>
    <time>2020-09-07T21:18:47.520999Z</time>
  </trkpt>
  <trkpt lat="54.76219" lon="25.307385">
    <ele>151</ele>
    <time>2020-09-07T21:18:48.519999Z</time>
  </trkpt>
  <trkpt lat="54.76221" lon="25.30742167">
    <ele>151</ele>
    <time>2020-09-07T21:18:49.519999Z</time>
  </trkpt>
  <trkpt lat="54.762225" lon="25.30745833">
    <ele>151</ele>
    <time>2020-09-07T21:18:50.519999Z</time>
  </trkpt>
  <trkpt lat="54.762235" lon="25.30750167">
    <ele>151</ele>
    <time>2020-09-07T21:18:51.519999Z</time>
  </trkpt>
  <trkpt lat="54.762245" lon="25.307545">
    <ele>151</ele>
    <time>2020-09-07T21:18:52.520999Z</time>
  </trkpt>
  <trkpt lat="54.762255" lon="25.30757833">
    <ele>150</ele>
    <time>2020-09-07T21:18:53.520999Z</time>
  </trkpt>
  <trkpt lat="54.76227167" lon="25.307625">
    <ele>150</ele>
    <time>2020-09-07T21:18:54.520999Z</time>
  </trkpt>
  <trkpt lat="54.76228333" lon="25.307655">
    <ele>150</ele>
    <time>2020-09-07T21:18:55.519999Z</time>
  </trkpt>
  <trkpt lat="54.76229" lon="25.30769167">
    <ele>149</ele>
    <time>2020-09-07T21:18:56.520999Z</time>
  </trkpt>
  <trkpt lat="54.7623" lon="25.307735">
    <ele>149</ele>
    <time>2020-09-07T21:18:57.520999Z</time>
  </trkpt>
  <trkpt lat="54.76231167" lon="25.30777833">
    <ele>149</ele>
    <time>2020-09-07T21:18:58.520999Z</time>
  </trkpt>
  <trkpt lat="54.76232333" lon="25.30782833">
    <ele>149</ele>
    <time>2020-09-07T21:18:59.520999Z</time>
  </trkpt>
  <trkpt lat="54.76233333" lon="25.30787333">
    <ele>148</ele>
    <time>2020-09-07T21:19:00.519999Z</time>
  </trkpt>
  <trkpt lat="54.762345" lon="25.30792167">
    <ele>148</ele>
    <time>2020-09-07T21:19:01.520999Z</time>
  </trkpt>
  <trkpt lat="54.762355" lon="25.30795833">
    <ele>148</ele>
    <time>2020-09-07T21:19:02.520999Z</time>
  </trkpt>
  <trkpt lat="54.76236833" lon="25.30801833">
    <ele>147</ele>
    <time>2020-09-07T21:19:03.520999Z</time>
  </trkpt>
  <trkpt lat="54.762385" lon="25.30807167">
    <ele>146</ele>
    <time>2020-09-07T21:19:04.519999Z</time>
  </trkpt>
  <trkpt lat="54.7624" lon="25.308125">
    <ele>146</ele>
    <time>2020-09-07T21:19:05.520999Z</time>
  </trkpt>
  <trkpt lat="54.762415" lon="25.30818167">
    <ele>145</ele>
    <time>2020-09-07T21:19:06.520999Z</time>
  </trkpt>
  <trkpt lat="54.76242833" lon="25.30823667">
    <ele>144</ele>
    <time>2020-09-07T21:19:07.520999Z</time>
  </trkpt>
  <trkpt lat="54.76244" lon="25.30829333">
    <ele>144</ele>
    <time>2020-09-07T21:19:08.519999Z</time>
  </trkpt>
  <trkpt lat="54.76245333" lon="25.30835333">
    <ele>143</ele>
    <time>2020-09-07T21:19:09.520999Z</time>
  </trkpt>
  <trkpt lat="54.76246" lon="25.30841833">
    <ele>142</ele>
    <time>2020-09-07T21:19:10.519999Z</time>
  </trkpt>
  <trkpt lat="54.76246" lon="25.30846667">
    <ele>141</ele>
    <time>2020-09-07T21:19:11.520999Z</time>
  </trkpt>
  <trkpt lat="54.76246667" lon="25.308525">
    <ele>140</ele>
    <time>2020-09-07T21:19:12.520999Z</time>
  </trkpt>
  <trkpt lat="54.762475" lon="25.308585">
    <ele>139</ele>
    <time>2020-09-07T21:19:13.519999Z</time>
  </trkpt>
  <trkpt lat="54.762485" lon="25.30865167">
    <ele>138</ele>
    <time>2020-09-07T21:19:14.519999Z</time>
  </trkpt>
  <trkpt lat="54.76249333" lon="25.30871667">
    <ele>137</ele>
    <time>2020-09-07T21:19:15.520999Z</time>
  </trkpt>
  <trkpt lat="54.762505" lon="25.30878167">
    <ele>136</ele>
    <time>2020-09-07T21:19:16.520999Z</time>
  </trkpt>
  <trkpt lat="54.76252" lon="25.30884">
    <ele>136</ele>
    <time>2020-09-07T21:19:17.520999Z</time>
  </trkpt>
  <trkpt lat="54.76252667" lon="25.30890333">
    <ele>135</ele>
    <time>2020-09-07T21:19:18.519999Z</time>
  </trkpt>
  <trkpt lat="54.76252833" lon="25.30895667">
    <ele>134</ele>
    <time>2020-09-07T21:19:19.520999Z</time>
  </trkpt>
  <trkpt lat="54.76252667" lon="25.30900833">
    <ele>133</ele>
    <time>2020-09-07T21:19:20.520999Z</time>
  </trkpt>
  <trkpt lat="54.76253167" lon="25.30906167">
    <ele>132</ele>
    <time>2020-09-07T21:19:21.520999Z</time>
  </trkpt>
  <trkpt lat="54.76254" lon="25.30911167">
    <ele>132</ele>
    <time>2020-09-07T21:19:22.519999Z</time>
  </trkpt>
  <trkpt lat="54.76254667" lon="25.309145">
    <ele>131</ele>
    <time>2020-09-07T21:19:23.520999Z</time>
  </trkpt>
  <trkpt lat="54.76256" lon="25.30918167">
    <ele>130</ele>
    <time>2020-09-07T21:19:24.520999Z</time>
  </trkpt>
  <trkpt lat="54.762575" lon="25.30921667">
    <ele>130</ele>
    <time>2020-09-07T21:19:25.520999Z</time>
  </trkpt>
  <trkpt lat="54.76258833" lon="25.30924167">
    <ele>129</ele>
    <time>2020-09-07T21:19:26.520999Z</time>
  </trkpt>
  <trkpt lat="54.7626" lon="25.30926667">
    <ele>128</ele>
    <time>2020-09-07T21:19:27.519999Z</time>
  </trkpt>
  <trkpt lat="54.76261333" lon="25.309295">
    <ele>128</ele>
    <time>2020-09-07T21:19:28.520999Z</time>
  </trkpt>
  <trkpt lat="54.762635" lon="25.30932667">
    <ele>127</ele>
    <time>2020-09-07T21:19:29.520999Z</time>
  </trkpt>
  <trkpt lat="54.76266" lon="25.30935833">
    <ele>127</ele>
    <time>2020-09-07T21:19:30.520999Z</time>
  </trkpt>
  <trkpt lat="54.762685" lon="25.30938167">
    <ele>127</ele>
    <time>2020-09-07T21:19:31.519999Z</time>
  </trkpt>
  <trkpt lat="54.76270667" lon="25.30939833">
    <ele>128</ele>
    <time>2020-09-07T21:19:32.520999Z</time>
  </trkpt>
  <trkpt lat="54.76274167" lon="25.309425">
    <ele>128</ele>
    <time>2020-09-07T21:19:33.520999Z</time>
  </trkpt>
  <trkpt lat="54.76276667" lon="25.309445">
    <ele>128</ele>
    <time>2020-09-07T21:19:34.520999Z</time>
  </trkpt>
  <trkpt lat="54.76278833" lon="25.30946667">
    <ele>129</ele>
    <time>2020-09-07T21:19:35.520999Z</time>
  </trkpt>
  <trkpt lat="54.76281333" lon="25.30948333">
    <ele>130</ele>
    <time>2020-09-07T21:19:36.519999Z</time>
  </trkpt>
  <trkpt lat="54.76283" lon="25.309495">
    <ele>131</ele>
    <time>2020-09-07T21:19:37.520999Z</time>
  </trkpt>
  <trkpt lat="54.76285833" lon="25.30950833">
    <ele>131</ele>
    <time>2020-09-07T21:19:38.520999Z</time>
  </trkpt>
  <trkpt lat="54.76288" lon="25.30952">
    <ele>132</ele>
    <time>2020-09-07T21:19:39.520999Z</time>
  </trkpt>
  <trkpt lat="54.76290833" lon="25.30952833">
    <ele>134</ele>
    <time>2020-09-07T21:19:40.519999Z</time>
  </trkpt>
  <trkpt lat="54.76294167" lon="25.30954">
    <ele>135</ele>
    <time>2020-09-07T21:19:41.520999Z</time>
  </trkpt>
  <trkpt lat="54.76297167" lon="25.30954833">
    <ele>136</ele>
    <time>2020-09-07T21:19:42.520999Z</time>
  </trkpt>
  <trkpt lat="54.76300833" lon="25.309565">
    <ele>137</ele>
    <time>2020-09-07T21:19:43.519999Z</time>
  </trkpt>
  <trkpt lat="54.76304167" lon="25.30957167">
    <ele>138</ele>
    <time>2020-09-07T21:19:44.520999Z</time>
  </trkpt>
  <trkpt lat="54.763065" lon="25.30956667">
    <ele>139</ele>
    <time>2020-09-07T21:19:45.519999Z</time>
  </trkpt>
  <trkpt lat="54.76308667" lon="25.30956333">
    <ele>140</ele>
    <time>2020-09-07T21:19:46.520999Z</time>
  </trkpt>
  <trkpt lat="54.76313333" lon="25.30955833">
    <ele>141</ele>
    <time>2020-09-07T21:19:47.520999Z</time>
  </trkpt>
  <trkpt lat="54.76316333" lon="25.30955667">
    <ele>142</ele>
    <time>2020-09-07T21:19:48.520999Z</time>
  </trkpt>
  <trkpt lat="54.763195" lon="25.30956">
    <ele>143</ele>
    <time>2020-09-07T21:19:49.520999Z</time>
  </trkpt>
  <trkpt lat="54.76321833" lon="25.30956167">
    <ele>144</ele>
    <time>2020-09-07T21:19:50.519999Z</time>
  </trkpt>
  <trkpt lat="54.76324333" lon="25.30956">
    <ele>145</ele>
    <time>2020-09-07T21:19:51.520999Z</time>
  </trkpt>
  <trkpt lat="54.76326667" lon="25.309555">
    <ele>145</ele>
    <time>2020-09-07T21:19:52.520999Z</time>
  </trkpt>
  <trkpt lat="54.763295" lon="25.309545">
    <ele>146</ele>
    <time>2020-09-07T21:19:53.520999Z</time>
  </trkpt>
  <trkpt lat="54.763315" lon="25.30954">
    <ele>146</ele>
    <time>2020-09-07T21:19:54.519999Z</time>
  </trkpt>
  <trkpt lat="54.76333833" lon="25.30954333">
    <ele>146</ele>
    <time>2020-09-07T21:19:55.519999Z</time>
  </trkpt>
  <trkpt lat="54.76336333" lon="25.30955333">
    <ele>146</ele>
    <time>2020-09-07T21:19:56.519999Z</time>
  </trkpt>
  <trkpt lat="54.76339667" lon="25.30956333">
    <ele>146</ele>
    <time>2020-09-07T21:19:57.519999Z</time>
  </trkpt>
  <trkpt lat="54.763425" lon="25.30956833">
    <ele>146</ele>
    <time>2020-09-07T21:19:58.519999Z</time>
  </trkpt>
  <trkpt lat="54.76345667" lon="25.30957333">
    <ele>146</ele>
    <time>2020-09-07T21:19:59.519999Z</time>
  </trkpt>
  <trkpt lat="54.763485" lon="25.30957">
    <ele>146</ele>
    <time>2020-09-07T21:20:00.519999Z</time>
  </trkpt>
  <trkpt lat="54.76351167" lon="25.30957333">
    <ele>146</ele>
    <time>2020-09-07T21:20:01.520999Z</time>
  </trkpt>
  <trkpt lat="54.76353667" lon="25.30957667">
    <ele>146</ele>
    <time>2020-09-07T21:20:02.519999Z</time>
  </trkpt>
  <trkpt lat="54.76357" lon="25.30957833">
    <ele>146</ele>
    <time>2020-09-07T21:20:03.520999Z</time>
  </trkpt>
  <trkpt lat="54.76360167" lon="25.30958">
    <ele>147</ele>
    <time>2020-09-07T21:20:04.520999Z</time>
  </trkpt>
  <trkpt lat="54.76363333" lon="25.309575">
    <ele>147</ele>
    <time>2020-09-07T21:20:05.520999Z</time>
  </trkpt>
  <trkpt lat="54.76366833" lon="25.30957333">
    <ele>147</ele>
    <time>2020-09-07T21:20:06.520999Z</time>
  </trkpt>
  <trkpt lat="54.763705" lon="25.30956">
    <ele>147</ele>
    <time>2020-09-07T21:20:07.519999Z</time>
  </trkpt>
  <trkpt lat="54.763745" lon="25.30955167">
    <ele>148</ele>
    <time>2020-09-07T21:20:08.520999Z</time>
  </trkpt>
  <trkpt lat="54.76378167" lon="25.30955833">
    <ele>148</ele>
    <time>2020-09-07T21:20:09.520999Z</time>
  </trkpt>
  <trkpt lat="54.76380833" lon="25.309565">
    <ele>148</ele>
    <time>2020-09-07T21:20:10.520999Z</time>
  </trkpt>
  <trkpt lat="54.76383667" lon="25.30957167">
    <ele>148</ele>
    <time>2020-09-07T21:20:11.520999Z</time>
  </trkpt>
  <trkpt lat="54.76386833" lon="25.30957167">
    <ele>148</ele>
    <time>2020-09-07T21:20:12.519999Z</time>
  </trkpt>
  <trkpt lat="54.76390333" lon="25.309575">
    <ele>147</ele>
    <time>2020-09-07T21:20:13.519999Z</time>
  </trkpt>
  <trkpt lat="54.76393" lon="25.30957">
    <ele>147</ele>
    <time>2020-09-07T21:20:14.520999Z</time>
  </trkpt>
  <trkpt lat="54.76395833" lon="25.30956333">
    <ele>147</ele>
    <time>2020-09-07T21:20:15.520999Z</time>
  </trkpt>
  <trkpt lat="54.76398833" lon="25.30955833">
    <ele>148</ele>
    <time>2020-09-07T21:20:16.519999Z</time>
  </trkpt>
  <trkpt lat="54.76402" lon="25.309555">
    <ele>148</ele>
    <time>2020-09-07T21:20:17.520999Z</time>
  </trkpt>
  <trkpt lat="54.76404667" lon="25.30954667">
    <ele>148</ele>
    <time>2020-09-07T21:20:18.520999Z</time>
  </trkpt>
  <trkpt lat="54.76407167" lon="25.30954">
    <ele>148</ele>
    <time>2020-09-07T21:20:19.519999Z</time>
  </trkpt>
  <trkpt lat="54.76409333" lon="25.30953167">
    <ele>148</ele>
    <time>2020-09-07T21:20:20.520999Z</time>
  </trkpt>
  <trkpt lat="54.76411833" lon="25.30953167">
    <ele>148</ele>
    <time>2020-09-07T21:20:21.519999Z</time>
  </trkpt>
  <trkpt lat="54.76414" lon="25.30953">
    <ele>148</ele>
    <time>2020-09-07T21:20:22.520999Z</time>
  </trkpt>
  <trkpt lat="54.76416833" lon="25.30953333">
    <ele>148</ele>
    <time>2020-09-07T21:20:23.520999Z</time>
  </trkpt>
  <trkpt lat="54.764195" lon="25.30954167">
    <ele>148</ele>
    <time>2020-09-07T21:20:24.520999Z</time>
  </trkpt>
  <trkpt lat="54.76421833" lon="25.30954333">
    <ele>148</ele>
    <time>2020-09-07T21:20:25.519999Z</time>
  </trkpt>
  <trkpt lat="54.764245" lon="25.30954333">
    <ele>149</ele>
    <time>2020-09-07T21:20:26.520999Z</time>
  </trkpt>
  <trkpt lat="54.76427667" lon="25.30954833">
    <ele>149</ele>
    <time>2020-09-07T21:20:27.520999Z</time>
  </trkpt>
  <trkpt lat="54.76430333" lon="25.30955167">
    <ele>149</ele>
    <time>2020-09-07T21:20:28.520999Z</time>
  </trkpt>
  <trkpt lat="54.76433333" lon="25.30955167">
    <ele>149</ele>
    <time>2020-09-07T21:20:29.520999Z</time>
  </trkpt>
  <trkpt lat="54.76436167" lon="25.30955">
    <ele>149</ele>
    <time>2020-09-07T21:20:30.519999Z</time>
  </trkpt>
  <trkpt lat="54.76438667" lon="25.30954833">
    <ele>149</ele>
    <time>2020-09-07T21:20:31.520999Z</time>
  </trkpt>
  <trkpt lat="54.764415" lon="25.30954667">
    <ele>149</ele>
    <time>2020-09-07T21:20:32.520999Z</time>
  </trkpt>
  <trkpt lat="54.76444333" lon="25.30954167">
    <ele>149</ele>
    <time>2020-09-07T21:20:33.520999Z</time>
  </trkpt>
  <trkpt lat="54.76446667" lon="25.30953833">
    <ele>149</ele>
    <time>2020-09-07T21:20:34.519999Z</time>
  </trkpt>
  <trkpt lat="54.76449333" lon="25.30954">
    <ele>149</ele>
    <time>2020-09-07T21:20:35.520999Z</time>
  </trkpt>
  <trkpt lat="54.76451667" lon="25.309535">
    <ele>149</ele>
    <time>2020-09-07T21:20:36.520999Z</time>
  </trkpt>
  <trkpt lat="54.76454833" lon="25.30952667">
    <ele>149</ele>
    <time>2020-09-07T21:20:37.520999Z</time>
  </trkpt>
  <trkpt lat="54.76457667" lon="25.30951667">
    <ele>149</ele>
    <time>2020-09-07T21:20:38.520999Z</time>
  </trkpt>
  <trkpt lat="54.76460667" lon="25.30949833">
    <ele>149</ele>
    <time>2020-09-07T21:20:39.519999Z</time>
  </trkpt>
  <trkpt lat="54.76463" lon="25.30948667">
    <ele>149</ele>
    <time>2020-09-07T21:20:40.520999Z</time>
  </trkpt>
  <trkpt lat="54.76465833" lon="25.309475">
    <ele>149</ele>
    <time>2020-09-07T21:20:41.520999Z</time>
  </trkpt>
  <trkpt lat="54.76468333" lon="25.30946333">
    <ele>149</ele>
    <time>2020-09-07T21:20:42.520999Z</time>
  </trkpt>
  <trkpt lat="54.76471167" lon="25.309455">
    <ele>148</ele>
    <time>2020-09-07T21:20:43.520999Z</time>
  </trkpt>
  <trkpt lat="54.76473833" lon="25.309441669999998">
    <ele>148</ele>
    <time>2020-09-07T21:20:44.519999Z</time>
  </trkpt>
  <trkpt lat="54.76476333" lon="25.30941167">
    <ele>147</ele>
    <time>2020-09-07T21:20:45.520999Z</time>
  </trkpt>
  <trkpt lat="54.7648" lon="25.30939">
    <ele>147</ele>
    <time>2020-09-07T21:20:46.520999Z</time>
  </trkpt>
  <trkpt lat="54.76484" lon="25.30938">
    <ele>147</ele>
    <time>2020-09-07T21:20:47.520999Z</time>
  </trkpt>
  <trkpt lat="54.76487333" lon="25.309375">
    <ele>146</ele>
    <time>2020-09-07T21:20:48.519999Z</time>
  </trkpt>
  <trkpt lat="54.764905" lon="25.30937">
    <ele>146</ele>
    <time>2020-09-07T21:20:49.520999Z</time>
  </trkpt>
  <trkpt lat="54.76494167" lon="25.30936167">
    <ele>146</ele>
    <time>2020-09-07T21:20:50.520999Z</time>
  </trkpt>
  <trkpt lat="54.76497333" lon="25.30935667">
    <ele>146</ele>
    <time>2020-09-07T21:20:51.520999Z</time>
  </trkpt>
  <trkpt lat="54.76500333" lon="25.309345">
    <ele>146</ele>
    <time>2020-09-07T21:20:52.519999Z</time>
  </trkpt>
  <trkpt lat="54.765035" lon="25.30934">
    <ele>146</ele>
    <time>2020-09-07T21:20:53.520999Z</time>
  </trkpt>
  <trkpt lat="54.76506167" lon="25.30932833">
    <ele>147</ele>
    <time>2020-09-07T21:20:54.520999Z</time>
  </trkpt>
  <trkpt lat="54.76509833" lon="25.30931833">
    <ele>147</ele>
    <time>2020-09-07T21:20:55.520999Z</time>
  </trkpt>
  <trkpt lat="54.76513667" lon="25.30930667">
    <ele>146</ele>
    <time>2020-09-07T21:20:56.520999Z</time>
  </trkpt>
  <trkpt lat="54.76516333" lon="25.30929667">
    <ele>146</ele>
    <time>2020-09-07T21:20:57.519999Z</time>
  </trkpt>
  <trkpt lat="54.76518833" lon="25.30928333">
    <ele>146</ele>
    <time>2020-09-07T21:20:58.520999Z</time>
  </trkpt>
  <trkpt lat="54.76521333" lon="25.30927333">
    <ele>146</ele>
    <time>2020-09-07T21:20:59.520999Z</time>
  </trkpt>
  <trkpt lat="54.765235" lon="25.30926333">
    <ele>146</ele>
    <time>2020-09-07T21:21:00.520999Z</time>
  </trkpt>
  <trkpt lat="54.76526667" lon="25.30924667">
    <ele>146</ele>
    <time>2020-09-07T21:21:01.520999Z</time>
  </trkpt>
  <trkpt lat="54.76529167" lon="25.30923">
    <ele>146</ele>
    <time>2020-09-07T21:21:02.519999Z</time>
  </trkpt>
  <trkpt lat="54.76531833" lon="25.309215">
    <ele>146</ele>
    <time>2020-09-07T21:21:03.519999Z</time>
  </trkpt>
  <trkpt lat="54.76535167" lon="25.3092">
    <ele>146</ele>
    <time>2020-09-07T21:21:04.520999Z</time>
  </trkpt>
  <trkpt lat="54.76537333" lon="25.30919333">
    <ele>146</ele>
    <time>2020-09-07T21:21:05.520999Z</time>
  </trkpt>
  <trkpt lat="54.76540667" lon="25.309195">
    <ele>146</ele>
    <time>2020-09-07T21:21:06.519999Z</time>
  </trkpt>
  <trkpt lat="54.765435" lon="25.30919333">
    <ele>147</ele>
    <time>2020-09-07T21:21:07.520999Z</time>
  </trkpt>
  <trkpt lat="54.76546167" lon="25.30919167">
    <ele>147</ele>
    <time>2020-09-07T21:21:08.520999Z</time>
  </trkpt>
  <trkpt lat="54.76549333" lon="25.30918833">
    <ele>147</ele>
    <time>2020-09-07T21:21:09.520999Z</time>
  </trkpt>
  <trkpt lat="54.76552833" lon="25.30918167">
    <ele>148</ele>
    <time>2020-09-07T21:21:10.520999Z</time>
  </trkpt>
  <trkpt lat="54.76555833" lon="25.30917">
    <ele>148</ele>
    <time>2020-09-07T21:21:11.520999Z</time>
  </trkpt>
  <trkpt lat="54.76558833" lon="25.309165">
    <ele>148</ele>
    <time>2020-09-07T21:21:12.519999Z</time>
  </trkpt>
  <trkpt lat="54.76562333" lon="25.30916">
    <ele>149</ele>
    <time>2020-09-07T21:21:13.519999Z</time>
  </trkpt>
  <trkpt lat="54.765665" lon="25.30914833">
    <ele>149</ele>
    <time>2020-09-07T21:21:14.520999Z</time>
  </trkpt>
  <trkpt lat="54.76571" lon="25.30914167">
    <ele>150</ele>
    <time>2020-09-07T21:21:15.519999Z</time>
  </trkpt>
  <trkpt lat="54.765735" lon="25.30914">
    <ele>151</ele>
    <time>2020-09-07T21:21:16.520999Z</time>
  </trkpt>
  <trkpt lat="54.76576667" lon="25.30913167">
    <ele>151</ele>
    <time>2020-09-07T21:21:17.520999Z</time>
  </trkpt>
  <trkpt lat="54.76580167" lon="25.30913333">
    <ele>152</ele>
    <time>2020-09-07T21:21:18.520999Z</time>
  </trkpt>
  <trkpt lat="54.76583167" lon="25.30913">
    <ele>152</ele>
    <time>2020-09-07T21:21:19.520999Z</time>
  </trkpt>
  <trkpt lat="54.76585833" lon="25.30911833">
    <ele>152</ele>
    <time>2020-09-07T21:21:20.519999Z</time>
  </trkpt>
  <trkpt lat="54.76588" lon="25.30912333">
    <ele>153</ele>
    <time>2020-09-07T21:21:21.520999Z</time>
  </trkpt>
  <trkpt lat="54.76590667" lon="25.30913333">
    <ele>153</ele>
    <time>2020-09-07T21:21:22.520999Z</time>
  </trkpt>
  <trkpt lat="54.76592833" lon="25.30913667">
    <ele>153</ele>
    <time>2020-09-07T21:21:23.520999Z</time>
  </trkpt>
  <trkpt lat="54.76595333" lon="25.30913167">
    <ele>153</ele>
    <time>2020-09-07T21:21:24.519999Z</time>
  </trkpt>
  <trkpt lat="54.765975" lon="25.309135">
    <ele>154</ele>
    <time>2020-09-07T21:21:25.520999Z</time>
  </trkpt>
  <trkpt lat="54.76599333" lon="25.309135">
    <ele>154</ele>
    <time>2020-09-07T21:21:26.520999Z</time>
  </trkpt>
  <trkpt lat="54.76602167" lon="25.30914">
    <ele>154</ele>
    <time>2020-09-07T21:21:27.520999Z</time>
  </trkpt>
  <trkpt lat="54.76604667" lon="25.309145">
    <ele>154</ele>
    <time>2020-09-07T21:21:28.520999Z</time>
  </trkpt>
  <trkpt lat="54.76606667" lon="25.30914833">
    <ele>155</ele>
    <time>2020-09-07T21:21:29.519999Z</time>
  </trkpt>
  <trkpt lat="54.766095" lon="25.30914">
    <ele>155</ele>
    <time>2020-09-07T21:21:30.520999Z</time>
  </trkpt>
  <trkpt lat="54.766115" lon="25.309135">
    <ele>155</ele>
    <time>2020-09-07T21:21:31.520999Z</time>
  </trkpt>
  <trkpt lat="54.76614333" lon="25.30914">
    <ele>155</ele>
    <time>2020-09-07T21:21:32.520999Z</time>
  </trkpt>
  <trkpt lat="54.766165" lon="25.30914">
    <ele>155</ele>
    <time>2020-09-07T21:21:33.520999Z</time>
  </trkpt>
  <trkpt lat="54.766185" lon="25.30915">
    <ele>155</ele>
    <time>2020-09-07T21:21:34.519999Z</time>
  </trkpt>
  <trkpt lat="54.76621" lon="25.30916167">
    <ele>155</ele>
    <time>2020-09-07T21:21:35.519999Z</time>
  </trkpt>
  <trkpt lat="54.76623667" lon="25.309175">
    <ele>155</ele>
    <time>2020-09-07T21:21:36.520999Z</time>
  </trkpt>
  <trkpt lat="54.76626333" lon="25.30918833">
    <ele>156</ele>
    <time>2020-09-07T21:21:37.520999Z</time>
  </trkpt>
  <trkpt lat="54.76629" lon="25.30919667">
    <ele>156</ele>
    <time>2020-09-07T21:21:38.519999Z</time>
  </trkpt>
  <trkpt lat="54.76631167" lon="25.30920667">
    <ele>156</ele>
    <time>2020-09-07T21:21:39.520999Z</time>
  </trkpt>
  <trkpt lat="54.766345" lon="25.30922167">
    <ele>156</ele>
    <time>2020-09-07T21:21:40.520999Z</time>
  </trkpt>
  <trkpt lat="54.76638" lon="25.30923333">
    <ele>157</ele>
    <time>2020-09-07T21:21:41.520999Z</time>
  </trkpt>
  <trkpt lat="54.76641333" lon="25.309245">
    <ele>157</ele>
    <time>2020-09-07T21:21:42.520999Z</time>
  </trkpt>
  <trkpt lat="54.76644333" lon="25.30926167">
    <ele>157</ele>
    <time>2020-09-07T21:21:43.519999Z</time>
  </trkpt>
  <trkpt lat="54.76646" lon="25.309275">
    <ele>157</ele>
    <time>2020-09-07T21:21:44.520999Z</time>
  </trkpt>
  <trkpt lat="54.76648333" lon="25.30928833">
    <ele>158</ele>
    <time>2020-09-07T21:21:45.520999Z</time>
  </trkpt>
  <trkpt lat="54.76649833" lon="25.309305">
    <ele>158</ele>
    <time>2020-09-07T21:21:46.520999Z</time>
  </trkpt>
  <trkpt lat="54.766515" lon="25.30930833">
    <ele>158</ele>
    <time>2020-09-07T21:21:47.519999Z</time>
  </trkpt>
  <trkpt lat="54.766545" lon="25.30931833">
    <ele>158</ele>
    <time>2020-09-07T21:21:48.520999Z</time>
  </trkpt>
  <trkpt lat="54.76657167" lon="25.30933333">
    <ele>158</ele>
    <time>2020-09-07T21:21:49.520999Z</time>
  </trkpt>
  <trkpt lat="54.76659333" lon="25.30935167">
    <ele>158</ele>
    <time>2020-09-07T21:21:50.520999Z</time>
  </trkpt>
  <trkpt lat="54.76663333" lon="25.309375">
    <ele>158</ele>
    <time>2020-09-07T21:21:51.520999Z</time>
  </trkpt>
  <trkpt lat="54.76666667" lon="25.309395">
    <ele>158</ele>
    <time>2020-09-07T21:21:52.519999Z</time>
  </trkpt>
  <trkpt lat="54.76669" lon="25.30941167">
    <ele>158</ele>
    <time>2020-09-07T21:21:53.520999Z</time>
  </trkpt>
  <trkpt lat="54.76671167" lon="25.30943833">
    <ele>158</ele>
    <time>2020-09-07T21:21:54.520999Z</time>
  </trkpt>
  <trkpt lat="54.76673333" lon="25.30946">
    <ele>159</ele>
    <time>2020-09-07T21:21:55.520999Z</time>
  </trkpt>
  <trkpt lat="54.76675833" lon="25.30948667">
    <ele>159</ele>
    <time>2020-09-07T21:21:56.519999Z</time>
  </trkpt>
  <trkpt lat="54.76678333" lon="25.30951">
    <ele>159</ele>
    <time>2020-09-07T21:21:57.520999Z</time>
  </trkpt>
  <trkpt lat="54.76680667" lon="25.30953333">
    <ele>159</ele>
    <time>2020-09-07T21:21:58.519999Z</time>
  </trkpt>
  <trkpt lat="54.76683333" lon="25.30955833">
    <ele>160</ele>
    <time>2020-09-07T21:21:59.520999Z</time>
  </trkpt>
  <trkpt lat="54.76685833" lon="25.309585">
    <ele>160</ele>
    <time>2020-09-07T21:22:00.520999Z</time>
  </trkpt>
  <trkpt lat="54.76689167" lon="25.309625">
    <ele>160</ele>
    <time>2020-09-07T21:22:01.520999Z</time>
  </trkpt>
  <trkpt lat="54.76691667" lon="25.30966">
    <ele>160</ele>
    <time>2020-09-07T21:22:02.520999Z</time>
  </trkpt>
  <trkpt lat="54.766935" lon="25.30968667">
    <ele>161</ele>
    <time>2020-09-07T21:22:03.520999Z</time>
  </trkpt>
  <trkpt lat="54.76696333" lon="25.309715">
    <ele>161</ele>
    <time>2020-09-07T21:22:04.520999Z</time>
  </trkpt>
  <trkpt lat="54.766995" lon="25.30974167">
    <ele>161</ele>
    <time>2020-09-07T21:22:05.519999Z</time>
  </trkpt>
  <trkpt lat="54.76704" lon="25.30977833">
    <ele>160</ele>
    <time>2020-09-07T21:22:06.520999Z</time>
  </trkpt>
  <trkpt lat="54.76707333" lon="25.309815">
    <ele>161</ele>
    <time>2020-09-07T21:22:07.520999Z</time>
  </trkpt>
  <trkpt lat="54.76709667" lon="25.30984667">
    <ele>161</ele>
    <time>2020-09-07T21:22:08.520999Z</time>
  </trkpt>
  <trkpt lat="54.767115" lon="25.30988">
    <ele>161</ele>
    <time>2020-09-07T21:22:09.519999Z</time>
  </trkpt>
  <trkpt lat="54.76713167" lon="25.30991333">
    <ele>161</ele>
    <time>2020-09-07T21:22:10.520999Z</time>
  </trkpt>
  <trkpt lat="54.767165" lon="25.309955">
    <ele>161</ele>
    <time>2020-09-07T21:22:11.520999Z</time>
  </trkpt>
  <trkpt lat="54.76718833" lon="25.30998667">
    <ele>161</ele>
    <time>2020-09-07T21:22:12.520999Z</time>
  </trkpt>
  <trkpt lat="54.76720833" lon="25.310015">
    <ele>161</ele>
    <time>2020-09-07T21:22:13.520999Z</time>
  </trkpt>
  <trkpt lat="54.76723" lon="25.31004667">
    <ele>161</ele>
    <time>2020-09-07T21:22:14.519999Z</time>
  </trkpt>
  <trkpt lat="54.767255" lon="25.310075">
    <ele>162</ele>
    <time>2020-09-07T21:22:15.519999Z</time>
  </trkpt>
  <trkpt lat="54.76727833" lon="25.31010667">
    <ele>162</ele>
    <time>2020-09-07T21:22:16.520999Z</time>
  </trkpt>
  <trkpt lat="54.76730167" lon="25.31013333">
    <ele>162</ele>
    <time>2020-09-07T21:22:17.519999Z</time>
  </trkpt>
  <trkpt lat="54.767325" lon="25.31016333">
    <ele>163</ele>
    <time>2020-09-07T21:22:18.520999Z</time>
  </trkpt>
  <trkpt lat="54.76734" lon="25.310185">
    <ele>163</ele>
    <time>2020-09-07T21:22:19.520999Z</time>
  </trkpt>
  <trkpt lat="54.76736333" lon="25.31021833">
    <ele>163</ele>
    <time>2020-09-07T21:22:20.519999Z</time>
  </trkpt>
  <trkpt lat="54.76738667" lon="25.31024833">
    <ele>163</ele>
    <time>2020-09-07T21:22:21.520999Z</time>
  </trkpt>
  <trkpt lat="54.76741" lon="25.31027833">
    <ele>163</ele>
    <time>2020-09-07T21:22:22.519999Z</time>
  </trkpt>
  <trkpt lat="54.76742667" lon="25.31030333">
    <ele>163</ele>
    <time>2020-09-07T21:22:23.520999Z</time>
  </trkpt>
  <trkpt lat="54.76745" lon="25.31033167">
    <ele>163</ele>
    <time>2020-09-07T21:22:24.519999Z</time>
  </trkpt>
  <trkpt lat="54.76747833" lon="25.31036833">
    <ele>163</ele>
    <time>2020-09-07T21:22:25.520999Z</time>
  </trkpt>
  <trkpt lat="54.76750167" lon="25.31039667">
    <ele>163</ele>
    <time>2020-09-07T21:22:26.520999Z</time>
  </trkpt>
  <trkpt lat="54.76752667" lon="25.310425">
    <ele>163</ele>
    <time>2020-09-07T21:22:27.520999Z</time>
  </trkpt>
  <trkpt lat="54.76754667" lon="25.310445">
    <ele>163</ele>
    <time>2020-09-07T21:22:28.519999Z</time>
  </trkpt>
  <trkpt lat="54.76756833" lon="25.31047167">
    <ele>163</ele>
    <time>2020-09-07T21:22:29.520999Z</time>
  </trkpt>
  <trkpt lat="54.767595" lon="25.31050167">
    <ele>163</ele>
    <time>2020-09-07T21:22:30.519999Z</time>
  </trkpt>
  <trkpt lat="54.767625" lon="25.31052833">
    <ele>164</ele>
    <time>2020-09-07T21:22:31.520999Z</time>
  </trkpt>
  <trkpt lat="54.76764833" lon="25.31055333">
    <ele>164</ele>
    <time>2020-09-07T21:22:32.519999Z</time>
  </trkpt>
  <trkpt lat="54.76766167" lon="25.31057333">
    <ele>164</ele>
    <time>2020-09-07T21:22:33.520999Z</time>
  </trkpt>
  <trkpt lat="54.76769" lon="25.31059667">
    <ele>164</ele>
    <time>2020-09-07T21:22:34.519999Z</time>
  </trkpt>
  <trkpt lat="54.76771833" lon="25.31062667">
    <ele>165</ele>
    <time>2020-09-07T21:22:35.520999Z</time>
  </trkpt>
  <trkpt lat="54.76774333" lon="25.31064667">
    <ele>165</ele>
    <time>2020-09-07T21:22:36.520999Z</time>
  </trkpt>
  <trkpt lat="54.76777" lon="25.31066333">
    <ele>164</ele>
    <time>2020-09-07T21:22:37.520999Z</time>
  </trkpt>
  <trkpt lat="54.76780167" lon="25.31068167">
    <ele>164</ele>
    <time>2020-09-07T21:22:38.520999Z</time>
  </trkpt>
  <trkpt lat="54.76782833" lon="25.31070333">
    <ele>163</ele>
    <time>2020-09-07T21:22:39.520999Z</time>
  </trkpt>
  <trkpt lat="54.76785" lon="25.31073333">
    <ele>163</ele>
    <time>2020-09-07T21:22:40.520999Z</time>
  </trkpt>
  <trkpt lat="54.76786833" lon="25.31076333">
    <ele>162</ele>
    <time>2020-09-07T21:22:41.520999Z</time>
  </trkpt>
  <trkpt lat="54.76788667" lon="25.31078667">
    <ele>162</ele>
    <time>2020-09-07T21:22:42.520999Z</time>
  </trkpt>
  <trkpt lat="54.76791333" lon="25.310815">
    <ele>162</ele>
    <time>2020-09-07T21:22:43.520999Z</time>
  </trkpt>
  <trkpt lat="54.76794" lon="25.31084667">
    <ele>162</ele>
    <time>2020-09-07T21:22:44.520999Z</time>
  </trkpt>
  <trkpt lat="54.76796333" lon="25.31088">
    <ele>162</ele>
    <time>2020-09-07T21:22:45.520999Z</time>
  </trkpt>
  <trkpt lat="54.76798833" lon="25.31090667">
    <ele>162</ele>
    <time>2020-09-07T21:22:46.520999Z</time>
  </trkpt>
  <trkpt lat="54.768015" lon="25.310935">
    <ele>162</ele>
    <time>2020-09-07T21:22:47.520999Z</time>
  </trkpt>
  <trkpt lat="54.76803833" lon="25.31096333">
    <ele>161</ele>
    <time>2020-09-07T21:22:48.520999Z</time>
  </trkpt>
  <trkpt lat="54.76807" lon="25.31100667">
    <ele>161</ele>
    <time>2020-09-07T21:22:49.519999Z</time>
  </trkpt>
  <trkpt lat="54.76809667" lon="25.31104167">
    <ele>161</ele>
    <time>2020-09-07T21:22:50.520999Z</time>
  </trkpt>
  <trkpt lat="54.768125" lon="25.31107167">
    <ele>161</ele>
    <time>2020-09-07T21:22:51.520999Z</time>
  </trkpt>
  <trkpt lat="54.76813833" lon="25.31109333">
    <ele>161</ele>
    <time>2020-09-07T21:22:52.520999Z</time>
  </trkpt>
  <trkpt lat="54.76815667" lon="25.31112">
    <ele>161</ele>
    <time>2020-09-07T21:22:53.520999Z</time>
  </trkpt>
  <trkpt lat="54.76818333" lon="25.311155">
    <ele>161</ele>
    <time>2020-09-07T21:22:54.520999Z</time>
  </trkpt>
  <trkpt lat="54.76821333" lon="25.31118833">
    <ele>161</ele>
    <time>2020-09-07T21:22:55.520999Z</time>
  </trkpt>
  <trkpt lat="54.76823333" lon="25.31121333">
    <ele>160</ele>
    <time>2020-09-07T21:22:56.520999Z</time>
  </trkpt>
  <trkpt lat="54.76824833" lon="25.311235">
    <ele>160</ele>
    <time>2020-09-07T21:22:57.519999Z</time>
  </trkpt>
  <trkpt lat="54.76827" lon="25.31127">
    <ele>160</ele>
    <time>2020-09-07T21:22:58.520999Z</time>
  </trkpt>
  <trkpt lat="54.76829833" lon="25.31130667">
    <ele>160</ele>
    <time>2020-09-07T21:22:59.520999Z</time>
  </trkpt>
  <trkpt lat="54.76831833" lon="25.31134167">
    <ele>160</ele>
    <time>2020-09-07T21:23:00.520999Z</time>
  </trkpt>
  <trkpt lat="54.76834667" lon="25.31138333">
    <ele>160</ele>
    <time>2020-09-07T21:23:01.520999Z</time>
  </trkpt>
  <trkpt lat="54.76836667" lon="25.31142">
    <ele>160</ele>
    <time>2020-09-07T21:23:02.520999Z</time>
  </trkpt>
  <trkpt lat="54.76838667" lon="25.31145">
    <ele>160</ele>
    <time>2020-09-07T21:23:03.520999Z</time>
  </trkpt>
  <trkpt lat="54.76841333" lon="25.31149">
    <ele>161</ele>
    <time>2020-09-07T21:23:04.520999Z</time>
  </trkpt>
  <trkpt lat="54.768445" lon="25.31151833">
    <ele>161</ele>
    <time>2020-09-07T21:23:05.519999Z</time>
  </trkpt>
  <trkpt lat="54.76847333" lon="25.31154333">
    <ele>161</ele>
    <time>2020-09-07T21:23:06.520999Z</time>
  </trkpt>
  <trkpt lat="54.76849833" lon="25.31157667">
    <ele>161</ele>
    <time>2020-09-07T21:23:07.519999Z</time>
  </trkpt>
  <trkpt lat="54.76851833" lon="25.31161667">
    <ele>162</ele>
    <time>2020-09-07T21:23:08.520999Z</time>
  </trkpt>
  <trkpt lat="54.76854" lon="25.31165333">
    <ele>162</ele>
    <time>2020-09-07T21:23:09.520999Z</time>
  </trkpt>
  <trkpt lat="54.76856" lon="25.31169333">
    <ele>162</ele>
    <time>2020-09-07T21:23:10.520999Z</time>
  </trkpt>
  <trkpt lat="54.76857667" lon="25.31173667">
    <ele>162</ele>
    <time>2020-09-07T21:23:11.520999Z</time>
  </trkpt>
  <trkpt lat="54.76859833" lon="25.31177167">
    <ele>162</ele>
    <time>2020-09-07T21:23:12.519999Z</time>
  </trkpt>
  <trkpt lat="54.768615" lon="25.31179667">
    <ele>162</ele>
    <time>2020-09-07T21:23:13.520999Z</time>
  </trkpt>
  <trkpt lat="54.76864" lon="25.31183">
    <ele>162</ele>
    <time>2020-09-07T21:23:14.520999Z</time>
  </trkpt>
  <trkpt lat="54.76866333" lon="25.31186667">
    <ele>162</ele>
    <time>2020-09-07T21:23:15.520999Z</time>
  </trkpt>
  <trkpt lat="54.76868333" lon="25.31190333">
    <ele>162</ele>
    <time>2020-09-07T21:23:16.520999Z</time>
  </trkpt>
  <trkpt lat="54.76871333" lon="25.31194333">
    <ele>162</ele>
    <time>2020-09-07T21:23:17.520999Z</time>
  </trkpt>
  <trkpt lat="54.76873167" lon="25.31198">
    <ele>162</ele>
    <time>2020-09-07T21:23:18.520999Z</time>
  </trkpt>
  <trkpt lat="54.76875" lon="25.31201333">
    <ele>162</ele>
    <time>2020-09-07T21:23:19.520999Z</time>
  </trkpt>
  <trkpt lat="54.76876833" lon="25.31204833">
    <ele>162</ele>
    <time>2020-09-07T21:23:20.519999Z</time>
  </trkpt>
  <trkpt lat="54.76878833" lon="25.31207833">
    <ele>162</ele>
    <time>2020-09-07T21:23:21.520999Z</time>
  </trkpt>
  <trkpt lat="54.76881167" lon="25.31210167">
    <ele>162</ele>
    <time>2020-09-07T21:23:22.520999Z</time>
  </trkpt>
  <trkpt lat="54.76883667" lon="25.31214">
    <ele>161</ele>
    <time>2020-09-07T21:23:23.520999Z</time>
  </trkpt>
  <trkpt lat="54.76886333" lon="25.31218167">
    <ele>161</ele>
    <time>2020-09-07T21:23:24.520999Z</time>
  </trkpt>
  <trkpt lat="54.76888333" lon="25.31221167">
    <ele>161</ele>
    <time>2020-09-07T21:23:25.520999Z</time>
  </trkpt>
  <trkpt lat="54.76890333" lon="25.31223667">
    <ele>161</ele>
    <time>2020-09-07T21:23:26.520999Z</time>
  </trkpt>
  <trkpt lat="54.768925" lon="25.31226">
    <ele>161</ele>
    <time>2020-09-07T21:23:27.519999Z</time>
  </trkpt>
  <trkpt lat="54.76894333" lon="25.31229">
    <ele>161</ele>
    <time>2020-09-07T21:23:28.519999Z</time>
  </trkpt>
  <trkpt lat="54.76897333" lon="25.31232">
    <ele>161</ele>
    <time>2020-09-07T21:23:29.520999Z</time>
  </trkpt>
  <trkpt lat="54.76900667" lon="25.31235333">
    <ele>161</ele>
    <time>2020-09-07T21:23:30.520999Z</time>
  </trkpt>
  <trkpt lat="54.769025" lon="25.31238833">
    <ele>162</ele>
    <time>2020-09-07T21:23:31.519999Z</time>
  </trkpt>
  <trkpt lat="54.76904167" lon="25.31240333">
    <ele>162</ele>
    <time>2020-09-07T21:23:32.520999Z</time>
  </trkpt>
  <trkpt lat="54.76907667" lon="25.31244167">
    <ele>163</ele>
    <time>2020-09-07T21:23:33.520999Z</time>
  </trkpt>
  <trkpt lat="54.76911333" lon="25.31247167">
    <ele>163</ele>
    <time>2020-09-07T21:23:34.520999Z</time>
  </trkpt>
  <trkpt lat="54.76913833" lon="25.3125">
    <ele>163</ele>
    <time>2020-09-07T21:23:35.519999Z</time>
  </trkpt>
  <trkpt lat="54.76915833" lon="25.31253667">
    <ele>163</ele>
    <time>2020-09-07T21:23:36.519999Z</time>
  </trkpt>
  <trkpt lat="54.76917667" lon="25.31257167">
    <ele>163</ele>
    <time>2020-09-07T21:23:37.520999Z</time>
  </trkpt>
  <trkpt lat="54.76919667" lon="25.31261333">
    <ele>163</ele>
    <time>2020-09-07T21:23:38.520999Z</time>
  </trkpt>
  <trkpt lat="54.76920833" lon="25.31264667">
    <ele>163</ele>
    <time>2020-09-07T21:23:39.520999Z</time>
  </trkpt>
  <trkpt lat="54.76922333" lon="25.312675">
    <ele>163</ele>
    <time>2020-09-07T21:23:40.520999Z</time>
  </trkpt>
  <trkpt lat="54.76924333" lon="25.31269667">
    <ele>163</ele>
    <time>2020-09-07T21:23:41.520999Z</time>
  </trkpt>
  <trkpt lat="54.76927" lon="25.312725">
    <ele>163</ele>
    <time>2020-09-07T21:23:42.519999Z</time>
  </trkpt>
  <trkpt lat="54.76929667" lon="25.312755">
    <ele>163</ele>
    <time>2020-09-07T21:23:43.520999Z</time>
  </trkpt>
  <trkpt lat="54.769315" lon="25.31279167">
    <ele>164</ele>
    <time>2020-09-07T21:23:44.520999Z</time>
  </trkpt>
  <trkpt lat="54.76934167" lon="25.312825">
    <ele>164</ele>
    <time>2020-09-07T21:23:45.520999Z</time>
  </trkpt>
  <trkpt lat="54.76936667" lon="25.312855">
    <ele>164</ele>
    <time>2020-09-07T21:23:46.520999Z</time>
  </trkpt>
  <trkpt lat="54.76939167" lon="25.312885">
    <ele>164</ele>
    <time>2020-09-07T21:23:47.520999Z</time>
  </trkpt>
  <trkpt lat="54.76941833" lon="25.31291667">
    <ele>164</ele>
    <time>2020-09-07T21:23:48.520999Z</time>
  </trkpt>
  <trkpt lat="54.76944333" lon="25.31295">
    <ele>164</ele>
    <time>2020-09-07T21:23:49.520999Z</time>
  </trkpt>
  <trkpt lat="54.76947" lon="25.31298">
    <ele>164</ele>
    <time>2020-09-07T21:23:50.520999Z</time>
  </trkpt>
  <trkpt lat="54.76950833" lon="25.31301333">
    <ele>164</ele>
    <time>2020-09-07T21:23:51.520999Z</time>
  </trkpt>
  <trkpt lat="54.76954" lon="25.31304167">
    <ele>164</ele>
    <time>2020-09-07T21:23:52.519999Z</time>
  </trkpt>
  <trkpt lat="54.76956667" lon="25.31306333">
    <ele>165</ele>
    <time>2020-09-07T21:23:53.520999Z</time>
  </trkpt>
  <trkpt lat="54.7696" lon="25.31308833">
    <ele>164</ele>
    <time>2020-09-07T21:23:54.519999Z</time>
  </trkpt>
  <trkpt lat="54.76962" lon="25.31312">
    <ele>164</ele>
    <time>2020-09-07T21:23:55.520999Z</time>
  </trkpt>
  <trkpt lat="54.76963667" lon="25.31314">
    <ele>164</ele>
    <time>2020-09-07T21:23:56.520999Z</time>
  </trkpt>
  <trkpt lat="54.76965333" lon="25.31317167">
    <ele>164</ele>
    <time>2020-09-07T21:23:57.520999Z</time>
  </trkpt>
  <trkpt lat="54.76968333" lon="25.31321167">
    <ele>164</ele>
    <time>2020-09-07T21:23:58.520999Z</time>
  </trkpt>
  <trkpt lat="54.76970667" lon="25.31325">
    <ele>163</ele>
    <time>2020-09-07T21:23:59.520999Z</time>
  </trkpt>
  <trkpt lat="54.76974" lon="25.31328667">
    <ele>163</ele>
    <time>2020-09-07T21:24:00.520999Z</time>
  </trkpt>
  <trkpt lat="54.76976667" lon="25.31332">
    <ele>163</ele>
    <time>2020-09-07T21:24:01.520999Z</time>
  </trkpt>
  <trkpt lat="54.76979" lon="25.31334667">
    <ele>163</ele>
    <time>2020-09-07T21:24:02.520999Z</time>
  </trkpt>
  <trkpt lat="54.76980667" lon="25.313375">
    <ele>162</ele>
    <time>2020-09-07T21:24:03.520999Z</time>
  </trkpt>
  <trkpt lat="54.769825" lon="25.31340333">
    <ele>162</ele>
    <time>2020-09-07T21:24:04.519999Z</time>
  </trkpt>
  <trkpt lat="54.76984" lon="25.31343167">
    <ele>161</ele>
    <time>2020-09-07T21:24:05.520999Z</time>
  </trkpt>
  <trkpt lat="54.76985833" lon="25.31345667">
    <ele>161</ele>
    <time>2020-09-07T21:24:06.520999Z</time>
  </trkpt>
  <trkpt lat="54.76987667" lon="25.31348167">
    <ele>160</ele>
    <time>2020-09-07T21:24:07.520999Z</time>
  </trkpt>
  <trkpt lat="54.7699" lon="25.31351833">
    <ele>160</ele>
    <time>2020-09-07T21:24:08.520999Z</time>
  </trkpt>
  <trkpt lat="54.76992833" lon="25.31355167">
    <ele>160</ele>
    <time>2020-09-07T21:24:09.519999Z</time>
  </trkpt>
  <trkpt lat="54.76995" lon="25.313575">
    <ele>159</ele>
    <time>2020-09-07T21:24:10.519999Z</time>
  </trkpt>
  <trkpt lat="54.76998167" lon="25.31361167">
    <ele>159</ele>
    <time>2020-09-07T21:24:11.520999Z</time>
  </trkpt>
  <trkpt lat="54.77000333" lon="25.31363167">
    <ele>159</ele>
    <time>2020-09-07T21:24:12.520999Z</time>
  </trkpt>
  <trkpt lat="54.77002167" lon="25.313645">
    <ele>159</ele>
    <time>2020-09-07T21:24:13.520999Z</time>
  </trkpt>
  <trkpt lat="54.77004667" lon="25.313665">
    <ele>159</ele>
    <time>2020-09-07T21:24:14.519999Z</time>
  </trkpt>
  <trkpt lat="54.77007667" lon="25.31369167">
    <ele>160</ele>
    <time>2020-09-07T21:24:15.519999Z</time>
  </trkpt>
  <trkpt lat="54.77010333" lon="25.31372">
    <ele>160</ele>
    <time>2020-09-07T21:24:16.520999Z</time>
  </trkpt>
  <trkpt lat="54.77013333" lon="25.313755">
    <ele>160</ele>
    <time>2020-09-07T21:24:17.520999Z</time>
  </trkpt>
  <trkpt lat="54.770165" lon="25.31379333">
    <ele>160</ele>
    <time>2020-09-07T21:24:18.519999Z</time>
  </trkpt>
  <trkpt lat="54.77018833" lon="25.31383">
    <ele>160</ele>
    <time>2020-09-07T21:24:19.520999Z</time>
  </trkpt>
  <trkpt lat="54.77020667" lon="25.31386">
    <ele>160</ele>
    <time>2020-09-07T21:24:20.520999Z</time>
  </trkpt>
  <trkpt lat="54.77022667" lon="25.31388667">
    <ele>160</ele>
    <time>2020-09-07T21:24:21.520999Z</time>
  </trkpt>
  <trkpt lat="54.77025333" lon="25.31391833">
    <ele>161</ele>
    <time>2020-09-07T21:24:22.520999Z</time>
  </trkpt>
  <trkpt lat="54.770265" lon="25.31395">
    <ele>160</ele>
    <time>2020-09-07T21:24:23.519999Z</time>
  </trkpt>
  <trkpt lat="54.77028167" lon="25.31398833">
    <ele>160</ele>
    <time>2020-09-07T21:24:24.520999Z</time>
  </trkpt>
  <trkpt lat="54.7703" lon="25.31402667">
    <ele>159</ele>
    <time>2020-09-07T21:24:25.520999Z</time>
  </trkpt>
  <trkpt lat="54.770315" lon="25.31406">
    <ele>159</ele>
    <time>2020-09-07T21:24:26.520999Z</time>
  </trkpt>
  <trkpt lat="54.77033" lon="25.31409833">
    <ele>158</ele>
    <time>2020-09-07T21:24:27.519999Z</time>
  </trkpt>
  <trkpt lat="54.77034667" lon="25.31413">
    <ele>158</ele>
    <time>2020-09-07T21:24:28.520999Z</time>
  </trkpt>
  <trkpt lat="54.77037333" lon="25.314165">
    <ele>157</ele>
    <time>2020-09-07T21:24:29.520999Z</time>
  </trkpt>
  <trkpt lat="54.770395" lon="25.31419667">
    <ele>157</ele>
    <time>2020-09-07T21:24:30.520999Z</time>
  </trkpt>
  <trkpt lat="54.77040833" lon="25.31422833">
    <ele>157</ele>
    <time>2020-09-07T21:24:31.520999Z</time>
  </trkpt>
  <trkpt lat="54.77042333" lon="25.31426667">
    <ele>156</ele>
    <time>2020-09-07T21:24:32.519999Z</time>
  </trkpt>
  <trkpt lat="54.77044333" lon="25.31429">
    <ele>155</ele>
    <time>2020-09-07T21:24:33.520999Z</time>
  </trkpt>
  <trkpt lat="54.770465" lon="25.31431333">
    <ele>154</ele>
    <time>2020-09-07T21:24:34.520999Z</time>
  </trkpt>
  <trkpt lat="54.77049167" lon="25.31434">
    <ele>152</ele>
    <time>2020-09-07T21:24:35.520999Z</time>
  </trkpt>
  <trkpt lat="54.77052" lon="25.31436333">
    <ele>151</ele>
    <time>2020-09-07T21:24:36.519999Z</time>
  </trkpt>
  <trkpt lat="54.77054667" lon="25.314385">
    <ele>151</ele>
    <time>2020-09-07T21:24:37.520999Z</time>
  </trkpt>
  <trkpt lat="54.770575" lon="25.31440667">
    <ele>150</ele>
    <time>2020-09-07T21:24:38.520999Z</time>
  </trkpt>
  <trkpt lat="54.770605" lon="25.31442667">
    <ele>149</ele>
    <time>2020-09-07T21:24:39.520999Z</time>
  </trkpt>
  <trkpt lat="54.77063" lon="25.31444833">
    <ele>149</ele>
    <time>2020-09-07T21:24:40.520999Z</time>
  </trkpt>
  <trkpt lat="54.77065167" lon="25.31447167">
    <ele>148</ele>
    <time>2020-09-07T21:24:41.519999Z</time>
  </trkpt>
  <trkpt lat="54.77067167" lon="25.314495">
    <ele>147</ele>
    <time>2020-09-07T21:24:42.520999Z</time>
  </trkpt>
  <trkpt lat="54.770695" lon="25.31451667">
    <ele>146</ele>
    <time>2020-09-07T21:24:43.520999Z</time>
  </trkpt>
  <trkpt lat="54.77071667" lon="25.31453667">
    <ele>145</ele>
    <time>2020-09-07T21:24:44.520999Z</time>
  </trkpt>
  <trkpt lat="54.77073833" lon="25.31455333">
    <ele>145</ele>
    <time>2020-09-07T21:24:45.520999Z</time>
  </trkpt>
  <trkpt lat="54.77076167" lon="25.31457333">
    <ele>144</ele>
    <time>2020-09-07T21:24:46.519999Z</time>
  </trkpt>
  <trkpt lat="54.77078833" lon="25.314595">
    <ele>144</ele>
    <time>2020-09-07T21:24:47.520999Z</time>
  </trkpt>
  <trkpt lat="54.77082167" lon="25.31463">
    <ele>143</ele>
    <time>2020-09-07T21:24:48.520999Z</time>
  </trkpt>
  <trkpt lat="54.77084667" lon="25.31466167">
    <ele>143</ele>
    <time>2020-09-07T21:24:49.520999Z</time>
  </trkpt>
  <trkpt lat="54.77086833" lon="25.31469">
    <ele>143</ele>
    <time>2020-09-07T21:24:50.519999Z</time>
  </trkpt>
  <trkpt lat="54.770895" lon="25.31472667">
    <ele>142</ele>
    <time>2020-09-07T21:24:51.519999Z</time>
  </trkpt>
  <trkpt lat="54.77092167" lon="25.31476">
    <ele>142</ele>
    <time>2020-09-07T21:24:52.520999Z</time>
  </trkpt>
  <trkpt lat="54.77095167" lon="25.314795">
    <ele>142</ele>
    <time>2020-09-07T21:24:53.519999Z</time>
  </trkpt>
  <trkpt lat="54.770975" lon="25.31482167">
    <ele>141</ele>
    <time>2020-09-07T21:24:54.520999Z</time>
  </trkpt>
  <trkpt lat="54.771" lon="25.31484667">
    <ele>141</ele>
    <time>2020-09-07T21:24:55.520999Z</time>
  </trkpt>
  <trkpt lat="54.77103" lon="25.31488167">
    <ele>141</ele>
    <time>2020-09-07T21:24:56.520999Z</time>
  </trkpt>
  <trkpt lat="54.77106" lon="25.31491833">
    <ele>141</ele>
    <time>2020-09-07T21:24:57.519999Z</time>
  </trkpt>
  <trkpt lat="54.77108833" lon="25.31495">
    <ele>141</ele>
    <time>2020-09-07T21:24:58.520999Z</time>
  </trkpt>
  <trkpt lat="54.77111333" lon="25.31497833">
    <ele>141</ele>
    <time>2020-09-07T21:24:59.519999Z</time>
  </trkpt>
  <trkpt lat="54.77113667" lon="25.31500833">
    <ele>141</ele>
    <time>2020-09-07T21:25:00.519999Z</time>
  </trkpt>
  <trkpt lat="54.77116167" lon="25.31504167">
    <ele>141</ele>
    <time>2020-09-07T21:25:01.519999Z</time>
  </trkpt>
  <trkpt lat="54.771185" lon="25.31507333">
    <ele>141</ele>
    <time>2020-09-07T21:25:02.520999Z</time>
  </trkpt>
  <trkpt lat="54.77121" lon="25.315105">
    <ele>142</ele>
    <time>2020-09-07T21:25:03.519999Z</time>
  </trkpt>
  <trkpt lat="54.77123333" lon="25.31514167">
    <ele>142</ele>
    <time>2020-09-07T21:25:04.520999Z</time>
  </trkpt>
  <trkpt lat="54.77125833" lon="25.31517667">
    <ele>142</ele>
    <time>2020-09-07T21:25:05.520999Z</time>
  </trkpt>
  <trkpt lat="54.77128" lon="25.315205">
    <ele>143</ele>
    <time>2020-09-07T21:25:06.520999Z</time>
  </trkpt>
  <trkpt lat="54.77129833" lon="25.31523333">
    <ele>143</ele>
    <time>2020-09-07T21:25:07.520999Z</time>
  </trkpt>
  <trkpt lat="54.77131667" lon="25.31526167">
    <ele>144</ele>
    <time>2020-09-07T21:25:08.519999Z</time>
  </trkpt>
  <trkpt lat="54.77133833" lon="25.31529">
    <ele>144</ele>
    <time>2020-09-07T21:25:09.520999Z</time>
  </trkpt>
  <trkpt lat="54.77135833" lon="25.31531333">
    <ele>145</ele>
    <time>2020-09-07T21:25:10.520999Z</time>
  </trkpt>
  <trkpt lat="54.77138" lon="25.31533667">
    <ele>145</ele>
    <time>2020-09-07T21:25:11.520999Z</time>
  </trkpt>
  <trkpt lat="54.77140333" lon="25.31536333">
    <ele>145</ele>
    <time>2020-09-07T21:25:12.520999Z</time>
  </trkpt>
  <trkpt lat="54.771425" lon="25.31539333">
    <ele>146</ele>
    <time>2020-09-07T21:25:13.519999Z</time>
  </trkpt>
  <trkpt lat="54.77144333" lon="25.31542333">
    <ele>146</ele>
    <time>2020-09-07T21:25:14.519999Z</time>
  </trkpt>
  <trkpt lat="54.77146167" lon="25.31545167">
    <ele>147</ele>
    <time>2020-09-07T21:25:15.520999Z</time>
  </trkpt>
  <trkpt lat="54.77148333" lon="25.31547667">
    <ele>148</ele>
    <time>2020-09-07T21:25:16.520999Z</time>
  </trkpt>
  <trkpt lat="54.77150333" lon="25.3155">
    <ele>149</ele>
    <time>2020-09-07T21:25:17.519999Z</time>
  </trkpt>
  <trkpt lat="54.77152833" lon="25.31552667">
    <ele>150</ele>
    <time>2020-09-07T21:25:18.520999Z</time>
  </trkpt>
  <trkpt lat="54.77155333" lon="25.31555333">
    <ele>150</ele>
    <time>2020-09-07T21:25:19.520999Z</time>
  </trkpt>
  <trkpt lat="54.77158167" lon="25.31558">
    <ele>151</ele>
    <time>2020-09-07T21:25:20.520999Z</time>
  </trkpt>
  <trkpt lat="54.77161167" lon="25.31561">
    <ele>152</ele>
    <time>2020-09-07T21:25:21.519999Z</time>
  </trkpt>
  <trkpt lat="54.77164167" lon="25.31562833">
    <ele>153</ele>
    <time>2020-09-07T21:25:22.519999Z</time>
  </trkpt>
  <trkpt lat="54.77166333" lon="25.315645">
    <ele>154</ele>
    <time>2020-09-07T21:25:23.520999Z</time>
  </trkpt>
  <trkpt lat="54.77168333" lon="25.31566167">
    <ele>154</ele>
    <time>2020-09-07T21:25:24.520999Z</time>
  </trkpt>
  <trkpt lat="54.77170333" lon="25.31567167">
    <ele>155</ele>
    <time>2020-09-07T21:25:25.520999Z</time>
  </trkpt>
  <trkpt lat="54.77171833" lon="25.31569">
    <ele>155</ele>
    <time>2020-09-07T21:25:26.520999Z</time>
  </trkpt>
  <trkpt lat="54.77174" lon="25.31571">
    <ele>155</ele>
    <time>2020-09-07T21:25:27.520999Z</time>
  </trkpt>
  <trkpt lat="54.77176" lon="25.31572833">
    <ele>155</ele>
    <time>2020-09-07T21:25:28.520999Z</time>
  </trkpt>
  <trkpt lat="54.77177333" lon="25.31574167">
    <ele>155</ele>
    <time>2020-09-07T21:25:29.519999Z</time>
  </trkpt>
  <trkpt lat="54.77179333" lon="25.31576833">
    <ele>155</ele>
    <time>2020-09-07T21:25:30.519999Z</time>
  </trkpt>
  <trkpt lat="54.77181167" lon="25.31578833">
    <ele>156</ele>
    <time>2020-09-07T21:25:31.520999Z</time>
  </trkpt>
  <trkpt lat="54.77182667" lon="25.31580833">
    <ele>156</ele>
    <time>2020-09-07T21:25:32.520999Z</time>
  </trkpt>
  <trkpt lat="54.77185" lon="25.31582667">
    <ele>157</ele>
    <time>2020-09-07T21:25:33.520999Z</time>
  </trkpt>
  <trkpt lat="54.771875" lon="25.31584833">
    <ele>157</ele>
    <time>2020-09-07T21:25:34.520999Z</time>
  </trkpt>
  <trkpt lat="54.77189833" lon="25.315865">
    <ele>158</ele>
    <time>2020-09-07T21:25:35.519999Z</time>
  </trkpt>
  <trkpt lat="54.77192" lon="25.315885">
    <ele>159</ele>
    <time>2020-09-07T21:25:36.520999Z</time>
  </trkpt>
  <trkpt lat="54.77194667" lon="25.315915">
    <ele>159</ele>
    <time>2020-09-07T21:25:37.520999Z</time>
  </trkpt>
  <trkpt lat="54.771975" lon="25.31594667">
    <ele>160</ele>
    <time>2020-09-07T21:25:38.520999Z</time>
  </trkpt>
  <trkpt lat="54.772" lon="25.31597167">
    <ele>160</ele>
    <time>2020-09-07T21:25:39.520999Z</time>
  </trkpt>
  <trkpt lat="54.77202" lon="25.315995">
    <ele>161</ele>
    <time>2020-09-07T21:25:40.519999Z</time>
  </trkpt>
  <trkpt lat="54.77205" lon="25.31602">
    <ele>161</ele>
    <time>2020-09-07T21:25:41.519999Z</time>
  </trkpt>
  <trkpt lat="54.77206833" lon="25.31604667">
    <ele>161</ele>
    <time>2020-09-07T21:25:42.520999Z</time>
  </trkpt>
  <trkpt lat="54.77208667" lon="25.31606833">
    <ele>162</ele>
    <time>2020-09-07T21:25:43.519999Z</time>
  </trkpt>
  <trkpt lat="54.77210833" lon="25.31609167">
    <ele>162</ele>
    <time>2020-09-07T21:25:44.520999Z</time>
  </trkpt>
  <trkpt lat="54.77212833" lon="25.31611333">
    <ele>162</ele>
    <time>2020-09-07T21:25:45.520999Z</time>
  </trkpt>
  <trkpt lat="54.772145" lon="25.31614">
    <ele>163</ele>
    <time>2020-09-07T21:25:46.520999Z</time>
  </trkpt>
  <trkpt lat="54.77216333" lon="25.31616333">
    <ele>163</ele>
    <time>2020-09-07T21:25:47.520999Z</time>
  </trkpt>
  <trkpt lat="54.772185" lon="25.31618667">
    <ele>163</ele>
    <time>2020-09-07T21:25:48.519999Z</time>
  </trkpt>
  <trkpt lat="54.772205" lon="25.31620833">
    <ele>164</ele>
    <time>2020-09-07T21:25:49.520999Z</time>
  </trkpt>
  <trkpt lat="54.77221667" lon="25.31622667">
    <ele>164</ele>
    <time>2020-09-07T21:25:50.519999Z</time>
  </trkpt>
  <trkpt lat="54.772235" lon="25.316245">
    <ele>164</ele>
    <time>2020-09-07T21:25:51.520999Z</time>
  </trkpt>
  <trkpt lat="54.77225667" lon="25.31626333">
    <ele>164</ele>
    <time>2020-09-07T21:25:52.520999Z</time>
  </trkpt>
  <trkpt lat="54.77227833" lon="25.31628">
    <ele>164</ele>
    <time>2020-09-07T21:25:53.520999Z</time>
  </trkpt>
  <trkpt lat="54.77231333" lon="25.31630333">
    <ele>165</ele>
    <time>2020-09-07T21:25:54.520999Z</time>
  </trkpt>
  <trkpt lat="54.77233333" lon="25.31632167">
    <ele>165</ele>
    <time>2020-09-07T21:25:55.520999Z</time>
  </trkpt>
  <trkpt lat="54.772365" lon="25.316345">
    <ele>165</ele>
    <time>2020-09-07T21:25:56.519999Z</time>
  </trkpt>
  <trkpt lat="54.77238833" lon="25.31636167">
    <ele>166</ele>
    <time>2020-09-07T21:25:57.520999Z</time>
  </trkpt>
  <trkpt lat="54.772415" lon="25.31638333">
    <ele>166</ele>
    <time>2020-09-07T21:25:58.520999Z</time>
  </trkpt>
  <trkpt lat="54.77244" lon="25.31640167">
    <ele>167</ele>
    <time>2020-09-07T21:25:59.520999Z</time>
  </trkpt>
  <trkpt lat="54.77246667" lon="25.31642">
    <ele>167</ele>
    <time>2020-09-07T21:26:00.520999Z</time>
  </trkpt>
  <trkpt lat="54.77249" lon="25.31644167">
    <ele>168</ele>
    <time>2020-09-07T21:26:01.519999Z</time>
  </trkpt>
  <trkpt lat="54.77251333" lon="25.316465">
    <ele>168</ele>
    <time>2020-09-07T21:26:02.520999Z</time>
  </trkpt>
  <trkpt lat="54.77253333" lon="25.31648833">
    <ele>168</ele>
    <time>2020-09-07T21:26:03.520999Z</time>
  </trkpt>
  <trkpt lat="54.77256333" lon="25.31651667">
    <ele>168</ele>
    <time>2020-09-07T21:26:04.520999Z</time>
  </trkpt>
  <trkpt lat="54.772585" lon="25.31654">
    <ele>168</ele>
    <time>2020-09-07T21:26:05.520999Z</time>
  </trkpt>
  <trkpt lat="54.77260667" lon="25.31656333">
    <ele>168</ele>
    <time>2020-09-07T21:26:06.519999Z</time>
  </trkpt>
  <trkpt lat="54.77263" lon="25.31658333">
    <ele>168</ele>
    <time>2020-09-07T21:26:07.520999Z</time>
  </trkpt>
  <trkpt lat="54.77265167" lon="25.31660833">
    <ele>168</ele>
    <time>2020-09-07T21:26:08.520999Z</time>
  </trkpt>
  <trkpt lat="54.772675" lon="25.31664">
    <ele>168</ele>
    <time>2020-09-07T21:26:09.520999Z</time>
  </trkpt>
  <trkpt lat="54.77269667" lon="25.31667">
    <ele>168</ele>
    <time>2020-09-07T21:26:10.520999Z</time>
  </trkpt>
  <trkpt lat="54.772715" lon="25.316695">
    <ele>168</ele>
    <time>2020-09-07T21:26:11.520999Z</time>
  </trkpt>
  <trkpt lat="54.77273167" lon="25.31672667">
    <ele>169</ele>
    <time>2020-09-07T21:26:12.519999Z</time>
  </trkpt>
  <trkpt lat="54.77274833" lon="25.31675833">
    <ele>169</ele>
    <time>2020-09-07T21:26:13.520999Z</time>
  </trkpt>
  <trkpt lat="54.77276333" lon="25.31678667">
    <ele>169</ele>
    <time>2020-09-07T21:26:14.520999Z</time>
  </trkpt>
  <trkpt lat="54.77278" lon="25.31681">
    <ele>169</ele>
    <time>2020-09-07T21:26:15.520999Z</time>
  </trkpt>
  <trkpt lat="54.77279667" lon="25.316835">
    <ele>169</ele>
    <time>2020-09-07T21:26:16.520999Z</time>
  </trkpt>
  <trkpt lat="54.77282167" lon="25.31686167">
    <ele>169</ele>
    <time>2020-09-07T21:26:17.519999Z</time>
  </trkpt>
  <trkpt lat="54.772845" lon="25.316885">
    <ele>169</ele>
    <time>2020-09-07T21:26:18.520999Z</time>
  </trkpt>
  <trkpt lat="54.77288333" lon="25.31690667">
    <ele>169</ele>
    <time>2020-09-07T21:26:19.520999Z</time>
  </trkpt>
  <trkpt lat="54.77292333" lon="25.31693">
    <ele>170</ele>
    <time>2020-09-07T21:26:20.520999Z</time>
  </trkpt>
  <trkpt lat="54.77295167" lon="25.31695667">
    <ele>170</ele>
    <time>2020-09-07T21:26:21.519999Z</time>
  </trkpt>
  <trkpt lat="54.77297833" lon="25.31698833">
    <ele>170</ele>
    <time>2020-09-07T21:26:22.519999Z</time>
  </trkpt>
  <trkpt lat="54.773005" lon="25.31701333">
    <ele>170</ele>
    <time>2020-09-07T21:26:23.520999Z</time>
  </trkpt>
  <trkpt lat="54.77302667" lon="25.31704333">
    <ele>171</ele>
    <time>2020-09-07T21:26:24.520999Z</time>
  </trkpt>
  <trkpt lat="54.77304833" lon="25.31707333">
    <ele>171</ele>
    <time>2020-09-07T21:26:25.520999Z</time>
  </trkpt>
  <trkpt lat="54.77306833" lon="25.31710167">
    <ele>171</ele>
    <time>2020-09-07T21:26:26.520999Z</time>
  </trkpt>
  <trkpt lat="54.77308667" lon="25.31713">
    <ele>171</ele>
    <time>2020-09-07T21:26:27.520999Z</time>
  </trkpt>
  <trkpt lat="54.77310667" lon="25.317155">
    <ele>172</ele>
    <time>2020-09-07T21:26:28.519999Z</time>
  </trkpt>
  <trkpt lat="54.773125" lon="25.31717667">
    <ele>172</ele>
    <time>2020-09-07T21:26:29.520999Z</time>
  </trkpt>
  <trkpt lat="54.77314333" lon="25.31720167">
    <ele>172</ele>
    <time>2020-09-07T21:26:30.520999Z</time>
  </trkpt>
  <trkpt lat="54.77316667" lon="25.31722333">
    <ele>172</ele>
    <time>2020-09-07T21:26:31.519999Z</time>
  </trkpt>
  <trkpt lat="54.77319333" lon="25.31724833">
    <ele>173</ele>
    <time>2020-09-07T21:26:32.520999Z</time>
  </trkpt>
  <trkpt lat="54.773215" lon="25.31727833">
    <ele>173</ele>
    <time>2020-09-07T21:26:33.519999Z</time>
  </trkpt>
  <trkpt lat="54.77323333" lon="25.31731">
    <ele>173</ele>
    <time>2020-09-07T21:26:34.519999Z</time>
  </trkpt>
  <trkpt lat="54.77325667" lon="25.31734333">
    <ele>173</ele>
    <time>2020-09-07T21:26:35.520999Z</time>
  </trkpt>
  <trkpt lat="54.77327333" lon="25.31737333">
    <ele>172</ele>
    <time>2020-09-07T21:26:36.520999Z</time>
  </trkpt>
  <trkpt lat="54.7733" lon="25.31740667">
    <ele>172</ele>
    <time>2020-09-07T21:26:37.519999Z</time>
  </trkpt>
  <trkpt lat="54.77332667" lon="25.31743667">
    <ele>171</ele>
    <time>2020-09-07T21:26:38.520999Z</time>
  </trkpt>
  <trkpt lat="54.77334833" lon="25.31746667">
    <ele>171</ele>
    <time>2020-09-07T21:26:39.520999Z</time>
  </trkpt>
  <trkpt lat="54.77336667" lon="25.3175">
    <ele>171</ele>
    <time>2020-09-07T21:26:40.519999Z</time>
  </trkpt>
  <trkpt lat="54.77338167" lon="25.31753">
    <ele>170</ele>
    <time>2020-09-07T21:26:41.519999Z</time>
  </trkpt>
  <trkpt lat="54.7734" lon="25.317565">
    <ele>170</ele>
    <time>2020-09-07T21:26:42.519999Z</time>
  </trkpt>
  <trkpt lat="54.77341667" lon="25.317595">
    <ele>169</ele>
    <time>2020-09-07T21:26:43.520999Z</time>
  </trkpt>
  <trkpt lat="54.77343667" lon="25.31762833">
    <ele>169</ele>
    <time>2020-09-07T21:26:44.520999Z</time>
  </trkpt>
  <trkpt lat="54.77345833" lon="25.31766">
    <ele>169</ele>
    <time>2020-09-07T21:26:45.520999Z</time>
  </trkpt>
  <trkpt lat="54.77347167" lon="25.31769167">
    <ele>168</ele>
    <time>2020-09-07T21:26:46.520999Z</time>
  </trkpt>
  <trkpt lat="54.77349167" lon="25.31773167">
    <ele>168</ele>
    <time>2020-09-07T21:26:47.519999Z</time>
  </trkpt>
  <trkpt lat="54.77351167" lon="25.31777667">
    <ele>168</ele>
    <time>2020-09-07T21:26:48.520999Z</time>
  </trkpt>
  <trkpt lat="54.77352833" lon="25.31781833">
    <ele>168</ele>
    <time>2020-09-07T21:26:49.520999Z</time>
  </trkpt>
  <trkpt lat="54.77354167" lon="25.31786333">
    <ele>168</ele>
    <time>2020-09-07T21:26:50.519999Z</time>
  </trkpt>
  <trkpt lat="54.77355333" lon="25.317895">
    <ele>168</ele>
    <time>2020-09-07T21:26:51.520999Z</time>
  </trkpt>
  <trkpt lat="54.77357" lon="25.31792667">
    <ele>168</ele>
    <time>2020-09-07T21:26:52.520999Z</time>
  </trkpt>
  <trkpt lat="54.77359" lon="25.31796">
    <ele>168</ele>
    <time>2020-09-07T21:26:53.519999Z</time>
  </trkpt>
  <trkpt lat="54.77360833" lon="25.31799333">
    <ele>168</ele>
    <time>2020-09-07T21:26:54.520999Z</time>
  </trkpt>
  <trkpt lat="54.77362167" lon="25.31802667">
    <ele>168</ele>
    <time>2020-09-07T21:26:55.520999Z</time>
  </trkpt>
  <trkpt lat="54.77363667" lon="25.318055">
    <ele>168</ele>
    <time>2020-09-07T21:26:56.520999Z</time>
  </trkpt>
  <trkpt lat="54.77365" lon="25.31807833">
    <ele>168</ele>
    <time>2020-09-07T21:26:57.520999Z</time>
  </trkpt>
  <trkpt lat="54.77366167" lon="25.31810667">
    <ele>168</ele>
    <time>2020-09-07T21:26:58.520999Z</time>
  </trkpt>
  <trkpt lat="54.77367167" lon="25.31813333">
    <ele>168</ele>
    <time>2020-09-07T21:26:59.520999Z</time>
  </trkpt>
  <trkpt lat="54.77368167" lon="25.31816">
    <ele>167</ele>
    <time>2020-09-07T21:27:00.520999Z</time>
  </trkpt>
  <trkpt lat="54.77369333" lon="25.31818667">
    <ele>167</ele>
    <time>2020-09-07T21:27:01.520999Z</time>
  </trkpt>
  <trkpt lat="54.77370833" lon="25.31821333">
    <ele>166</ele>
    <time>2020-09-07T21:27:02.520999Z</time>
  </trkpt>
  <trkpt lat="54.77372333" lon="25.31824">
    <ele>166</ele>
    <time>2020-09-07T21:27:03.520999Z</time>
  </trkpt>
  <trkpt lat="54.77373833" lon="25.31827">
    <ele>166</ele>
    <time>2020-09-07T21:27:04.520999Z</time>
  </trkpt>
  <trkpt lat="54.77376" lon="25.31831833">
    <ele>166</ele>
    <time>2020-09-07T21:27:05.520999Z</time>
  </trkpt>
  <trkpt lat="54.77378167" lon="25.318375">
    <ele>166</ele>
    <time>2020-09-07T21:27:06.520999Z</time>
  </trkpt>
  <trkpt lat="54.77379667" lon="25.31841833">
    <ele>166</ele>
    <time>2020-09-07T21:27:07.520999Z</time>
  </trkpt>
  <trkpt lat="54.7738" lon="25.31845">
    <ele>166</ele>
    <time>2020-09-07T21:27:08.520999Z</time>
  </trkpt>
  <trkpt lat="54.77380667" lon="25.31848">
    <ele>165</ele>
    <time>2020-09-07T21:27:09.520999Z</time>
  </trkpt>
  <trkpt lat="54.77381667" lon="25.318505">
    <ele>165</ele>
    <time>2020-09-07T21:27:10.519999Z</time>
  </trkpt>
  <trkpt lat="54.77383" lon="25.31853833">
    <ele>165</ele>
    <time>2020-09-07T21:27:11.520999Z</time>
  </trkpt>
  <trkpt lat="54.77384833" lon="25.31857333">
    <ele>165</ele>
    <time>2020-09-07T21:27:12.520999Z</time>
  </trkpt>
  <trkpt lat="54.77386167" lon="25.31860833">
    <ele>165</ele>
    <time>2020-09-07T21:27:13.519999Z</time>
  </trkpt>
  <trkpt lat="54.773875" lon="25.31864333">
    <ele>165</ele>
    <time>2020-09-07T21:27:14.519999Z</time>
  </trkpt>
  <trkpt lat="54.773895" lon="25.31868167">
    <ele>165</ele>
    <time>2020-09-07T21:27:15.519999Z</time>
  </trkpt>
  <trkpt lat="54.77391" lon="25.31871833">
    <ele>165</ele>
    <time>2020-09-07T21:27:16.519999Z</time>
  </trkpt>
  <trkpt lat="54.77392667" lon="25.31875667">
    <ele>164</ele>
    <time>2020-09-07T21:27:17.519999Z</time>
  </trkpt>
  <trkpt lat="54.77394333" lon="25.31879667">
    <ele>164</ele>
    <time>2020-09-07T21:27:18.520999Z</time>
  </trkpt>
  <trkpt lat="54.77395833" lon="25.318835">
    <ele>164</ele>
    <time>2020-09-07T21:27:19.520999Z</time>
  </trkpt>
  <trkpt lat="54.77397333" lon="25.31887167">
    <ele>164</ele>
    <time>2020-09-07T21:27:20.520999Z</time>
  </trkpt>
  <trkpt lat="54.773995" lon="25.31890833">
    <ele>164</ele>
    <time>2020-09-07T21:27:21.520999Z</time>
  </trkpt>
  <trkpt lat="54.77401333" lon="25.31895167">
    <ele>164</ele>
    <time>2020-09-07T21:27:22.520999Z</time>
  </trkpt>
  <trkpt lat="54.77403" lon="25.318985">
    <ele>164</ele>
    <time>2020-09-07T21:27:23.520999Z</time>
  </trkpt>
  <trkpt lat="54.774045" lon="25.31901167">
    <ele>164</ele>
    <time>2020-09-07T21:27:24.519999Z</time>
  </trkpt>
  <trkpt lat="54.77405833" lon="25.31905">
    <ele>164</ele>
    <time>2020-09-07T21:27:25.520999Z</time>
  </trkpt>
  <trkpt lat="54.774075" lon="25.31907667">
    <ele>164</ele>
    <time>2020-09-07T21:27:26.520999Z</time>
  </trkpt>
  <trkpt lat="54.77409167" lon="25.319105">
    <ele>165</ele>
    <time>2020-09-07T21:27:27.520999Z</time>
  </trkpt>
  <trkpt lat="54.77411167" lon="25.31913333">
    <ele>165</ele>
    <time>2020-09-07T21:27:28.520999Z</time>
  </trkpt>
  <trkpt lat="54.77412667" lon="25.31916">
    <ele>165</ele>
    <time>2020-09-07T21:27:29.520999Z</time>
  </trkpt>
  <trkpt lat="54.77413833" lon="25.31918167">
    <ele>165</ele>
    <time>2020-09-07T21:27:30.519999Z</time>
  </trkpt>
  <trkpt lat="54.774155" lon="25.31921333">
    <ele>166</ele>
    <time>2020-09-07T21:27:31.519999Z</time>
  </trkpt>
  <trkpt lat="54.77417" lon="25.31923667">
    <ele>166</ele>
    <time>2020-09-07T21:27:32.520999Z</time>
  </trkpt>
  <trkpt lat="54.774185" lon="25.31925833">
    <ele>166</ele>
    <time>2020-09-07T21:27:33.520999Z</time>
  </trkpt>
  <trkpt lat="54.77419667" lon="25.31927667">
    <ele>166</ele>
    <time>2020-09-07T21:27:34.519999Z</time>
  </trkpt>
  <trkpt lat="54.77421167" lon="25.31930333">
    <ele>167</ele>
    <time>2020-09-07T21:27:35.520999Z</time>
  </trkpt>
  <trkpt lat="54.77424" lon="25.31934167">
    <ele>167</ele>
    <time>2020-09-07T21:27:36.520999Z</time>
  </trkpt>
  <trkpt lat="54.774265" lon="25.31937">
    <ele>168</ele>
    <time>2020-09-07T21:27:37.519999Z</time>
  </trkpt>
  <trkpt lat="54.77428667" lon="25.31938167">
    <ele>168</ele>
    <time>2020-09-07T21:27:38.520999Z</time>
  </trkpt>
  <trkpt lat="54.77430833" lon="25.31939">
    <ele>169</ele>
    <time>2020-09-07T21:27:39.520999Z</time>
  </trkpt>
  <trkpt lat="54.77433167" lon="25.31941">
    <ele>170</ele>
    <time>2020-09-07T21:27:40.519999Z</time>
  </trkpt>
  <trkpt lat="54.774355" lon="25.31942833">
    <ele>170</ele>
    <time>2020-09-07T21:27:41.520999Z</time>
  </trkpt>
  <trkpt lat="54.77438167" lon="25.31945167">
    <ele>171</ele>
    <time>2020-09-07T21:27:42.520999Z</time>
  </trkpt>
  <trkpt lat="54.77440667" lon="25.319465">
    <ele>171</ele>
    <time>2020-09-07T21:27:43.519999Z</time>
  </trkpt>
  <trkpt lat="54.774435" lon="25.31947333">
    <ele>172</ele>
    <time>2020-09-07T21:27:44.520999Z</time>
  </trkpt>
  <trkpt lat="54.77446" lon="25.31947667">
    <ele>172</ele>
    <time>2020-09-07T21:27:45.520999Z</time>
  </trkpt>
  <trkpt lat="54.77449167" lon="25.31949">
    <ele>172</ele>
    <time>2020-09-07T21:27:46.519999Z</time>
  </trkpt>
  <trkpt lat="54.77451667" lon="25.31949833">
    <ele>173</ele>
    <time>2020-09-07T21:27:47.520999Z</time>
  </trkpt>
  <trkpt lat="54.77454667" lon="25.319515">
    <ele>173</ele>
    <time>2020-09-07T21:27:48.520999Z</time>
  </trkpt>
  <trkpt lat="54.774575" lon="25.31954">
    <ele>173</ele>
    <time>2020-09-07T21:27:49.520999Z</time>
  </trkpt>
  <trkpt lat="54.77460333" lon="25.31956167">
    <ele>173</ele>
    <time>2020-09-07T21:27:50.520999Z</time>
  </trkpt>
  <trkpt lat="54.77463" lon="25.31957667">
    <ele>173</ele>
    <time>2020-09-07T21:27:51.519999Z</time>
  </trkpt>
  <trkpt lat="54.77466" lon="25.31959">
    <ele>174</ele>
    <time>2020-09-07T21:27:52.520999Z</time>
  </trkpt>
  <trkpt lat="54.77468333" lon="25.31959667">
    <ele>174</ele>
    <time>2020-09-07T21:27:53.520999Z</time>
  </trkpt>
  <trkpt lat="54.774705" lon="25.31961">
    <ele>174</ele>
    <time>2020-09-07T21:27:54.520999Z</time>
  </trkpt>
  <trkpt lat="54.774725" lon="25.31962167">
    <ele>174</ele>
    <time>2020-09-07T21:27:55.520999Z</time>
  </trkpt>
  <trkpt lat="54.77475167" lon="25.31965167">
    <ele>174</ele>
    <time>2020-09-07T21:27:56.520999Z</time>
  </trkpt>
  <trkpt lat="54.77477667" lon="25.31967333">
    <ele>174</ele>
    <time>2020-09-07T21:27:57.520999Z</time>
  </trkpt>
  <trkpt lat="54.7748" lon="25.31969">
    <ele>174</ele>
    <time>2020-09-07T21:27:58.520999Z</time>
  </trkpt>
  <trkpt lat="54.77481667" lon="25.31970333">
    <ele>174</ele>
    <time>2020-09-07T21:27:59.520999Z</time>
  </trkpt>
  <trkpt lat="54.77485" lon="25.31971833">
    <ele>174</ele>
    <time>2020-09-07T21:28:00.519999Z</time>
  </trkpt>
  <trkpt lat="54.77487833" lon="25.31972667">
    <ele>174</ele>
    <time>2020-09-07T21:28:01.520999Z</time>
  </trkpt>
  <trkpt lat="54.77490833" lon="25.31972833">
    <ele>174</ele>
    <time>2020-09-07T21:28:02.520999Z</time>
  </trkpt>
  <trkpt lat="54.77493333" lon="25.31973333">
    <ele>175</ele>
    <time>2020-09-07T21:28:03.519999Z</time>
  </trkpt>
  <trkpt lat="54.774965" lon="25.31973333">
    <ele>175</ele>
    <time>2020-09-07T21:28:04.519999Z</time>
  </trkpt>
  <trkpt lat="54.77499667" lon="25.31974333">
    <ele>175</ele>
    <time>2020-09-07T21:28:05.520999Z</time>
  </trkpt>
  <trkpt lat="54.77502833" lon="25.31975667">
    <ele>176</ele>
    <time>2020-09-07T21:28:06.519999Z</time>
  </trkpt>
  <trkpt lat="54.77506" lon="25.319775">
    <ele>176</ele>
    <time>2020-09-07T21:28:07.520999Z</time>
  </trkpt>
  <trkpt lat="54.77508333" lon="25.31979167">
    <ele>177</ele>
    <time>2020-09-07T21:28:08.520999Z</time>
  </trkpt>
  <trkpt lat="54.77510333" lon="25.31980667">
    <ele>177</ele>
    <time>2020-09-07T21:28:09.519999Z</time>
  </trkpt>
  <trkpt lat="54.77513" lon="25.31982833">
    <ele>178</ele>
    <time>2020-09-07T21:28:10.520999Z</time>
  </trkpt>
  <trkpt lat="54.77515" lon="25.319845">
    <ele>178</ele>
    <time>2020-09-07T21:28:11.520999Z</time>
  </trkpt>
  <trkpt lat="54.77516833" lon="25.31986">
    <ele>178</ele>
    <time>2020-09-07T21:28:12.519999Z</time>
  </trkpt>
  <trkpt lat="54.77519167" lon="25.31987167">
    <ele>178</ele>
    <time>2020-09-07T21:28:13.520999Z</time>
  </trkpt>
  <trkpt lat="54.77522" lon="25.31989167">
    <ele>178</ele>
    <time>2020-09-07T21:28:14.520999Z</time>
  </trkpt>
  <trkpt lat="54.77524" lon="25.3199">
    <ele>178</ele>
    <time>2020-09-07T21:28:15.520999Z</time>
  </trkpt>
  <trkpt lat="54.77526833" lon="25.31990833">
    <ele>179</ele>
    <time>2020-09-07T21:28:16.520999Z</time>
  </trkpt>
  <trkpt lat="54.77529667" lon="25.31991167">
    <ele>179</ele>
    <time>2020-09-07T21:28:17.520999Z</time>
  </trkpt>
  <trkpt lat="54.77532" lon="25.31991833">
    <ele>179</ele>
    <time>2020-09-07T21:28:18.520999Z</time>
  </trkpt>
  <trkpt lat="54.77534667" lon="25.31992667">
    <ele>179</ele>
    <time>2020-09-07T21:28:19.520999Z</time>
  </trkpt>
  <trkpt lat="54.775375" lon="25.319935">
    <ele>180</ele>
    <time>2020-09-07T21:28:20.520999Z</time>
  </trkpt>
  <trkpt lat="54.77540667" lon="25.31994333">
    <ele>180</ele>
    <time>2020-09-07T21:28:21.519999Z</time>
  </trkpt>
  <trkpt lat="54.77544333" lon="25.31995333">
    <ele>180</ele>
    <time>2020-09-07T21:28:22.520999Z</time>
  </trkpt>
  <trkpt lat="54.775475" lon="25.31996167">
    <ele>180</ele>
    <time>2020-09-07T21:28:23.520999Z</time>
  </trkpt>
  <trkpt lat="54.77550667" lon="25.319975">
    <ele>181</ele>
    <time>2020-09-07T21:28:24.519999Z</time>
  </trkpt>
  <trkpt lat="54.77553333" lon="25.31999">
    <ele>181</ele>
    <time>2020-09-07T21:28:25.520999Z</time>
  </trkpt>
  <trkpt lat="54.77556333" lon="25.32001167">
    <ele>181</ele>
    <time>2020-09-07T21:28:26.520999Z</time>
  </trkpt>
  <trkpt lat="54.775595" lon="25.32003333">
    <ele>181</ele>
    <time>2020-09-07T21:28:27.520999Z</time>
  </trkpt>
  <trkpt lat="54.77561833" lon="25.32004667">
    <ele>181</ele>
    <time>2020-09-07T21:28:28.520999Z</time>
  </trkpt>
  <trkpt lat="54.775645" lon="25.32006333">
    <ele>181</ele>
    <time>2020-09-07T21:28:29.520999Z</time>
  </trkpt>
  <trkpt lat="54.775665" lon="25.32007833">
    <ele>182</ele>
    <time>2020-09-07T21:28:30.520999Z</time>
  </trkpt>
  <trkpt lat="54.77568667" lon="25.32008167">
    <ele>182</ele>
    <time>2020-09-07T21:28:31.520999Z</time>
  </trkpt>
  <trkpt lat="54.77572" lon="25.32008833">
    <ele>182</ele>
    <time>2020-09-07T21:28:32.520999Z</time>
  </trkpt>
  <trkpt lat="54.77575" lon="25.32010667">
    <ele>183</ele>
    <time>2020-09-07T21:28:33.519999Z</time>
  </trkpt>
  <trkpt lat="54.77576833" lon="25.320125">
    <ele>183</ele>
    <time>2020-09-07T21:28:34.520999Z</time>
  </trkpt>
  <trkpt lat="54.77578833" lon="25.32014667">
    <ele>183</ele>
    <time>2020-09-07T21:28:35.520999Z</time>
  </trkpt>
  <trkpt lat="54.77581333" lon="25.32016833">
    <ele>183</ele>
    <time>2020-09-07T21:28:36.520999Z</time>
  </trkpt>
  <trkpt lat="54.775835" lon="25.32018667">
    <ele>183</ele>
    <time>2020-09-07T21:28:37.520999Z</time>
  </trkpt>
  <trkpt lat="54.77585667" lon="25.32020167">
    <ele>183</ele>
    <time>2020-09-07T21:28:38.520999Z</time>
  </trkpt>
  <trkpt lat="54.77587667" lon="25.32021167">
    <ele>183</ele>
    <time>2020-09-07T21:28:39.519999Z</time>
  </trkpt>
  <trkpt lat="54.77590333" lon="25.32023333">
    <ele>183</ele>
    <time>2020-09-07T21:28:40.519999Z</time>
  </trkpt>
  <trkpt lat="54.77593" lon="25.32024667">
    <ele>183</ele>
    <time>2020-09-07T21:28:41.520999Z</time>
  </trkpt>
  <trkpt lat="54.77595333" lon="25.32026333">
    <ele>182</ele>
    <time>2020-09-07T21:28:42.519999Z</time>
  </trkpt>
  <trkpt lat="54.77598" lon="25.32028167">
    <ele>182</ele>
    <time>2020-09-07T21:28:43.520999Z</time>
  </trkpt>
  <trkpt lat="54.776005" lon="25.32030667">
    <ele>182</ele>
    <time>2020-09-07T21:28:44.519999Z</time>
  </trkpt>
  <trkpt lat="54.77602667" lon="25.32032833">
    <ele>182</ele>
    <time>2020-09-07T21:28:45.519999Z</time>
  </trkpt>
  <trkpt lat="54.77604667" lon="25.32034667">
    <ele>182</ele>
    <time>2020-09-07T21:28:46.519999Z</time>
  </trkpt>
  <trkpt lat="54.77607333" lon="25.320365">
    <ele>182</ele>
    <time>2020-09-07T21:28:47.520999Z</time>
  </trkpt>
  <trkpt lat="54.77610333" lon="25.320385">
    <ele>182</ele>
    <time>2020-09-07T21:28:48.520999Z</time>
  </trkpt>
  <trkpt lat="54.77612" lon="25.320405">
    <ele>182</ele>
    <time>2020-09-07T21:28:49.519999Z</time>
  </trkpt>
  <trkpt lat="54.77614333" lon="25.320435">
    <ele>182</ele>
    <time>2020-09-07T21:28:50.520999Z</time>
  </trkpt>
  <trkpt lat="54.77616333" lon="25.32047">
    <ele>182</ele>
    <time>2020-09-07T21:28:51.520999Z</time>
  </trkpt>
  <trkpt lat="54.77619" lon="25.320495">
    <ele>182</ele>
    <time>2020-09-07T21:28:52.519999Z</time>
  </trkpt>
  <trkpt lat="54.77622167" lon="25.32052333">
    <ele>182</ele>
    <time>2020-09-07T21:28:53.519999Z</time>
  </trkpt>
  <trkpt lat="54.77626167" lon="25.320565">
    <ele>182</ele>
    <time>2020-09-07T21:28:54.520999Z</time>
  </trkpt>
  <trkpt lat="54.776285" lon="25.320595">
    <ele>182</ele>
    <time>2020-09-07T21:28:55.520999Z</time>
  </trkpt>
  <trkpt lat="54.77631333" lon="25.32062167">
    <ele>182</ele>
    <time>2020-09-07T21:28:56.520999Z</time>
  </trkpt>
  <trkpt lat="54.77633167" lon="25.32064833">
    <ele>182</ele>
    <time>2020-09-07T21:28:57.520999Z</time>
  </trkpt>
  <trkpt lat="54.77634833" lon="25.32067">
    <ele>182</ele>
    <time>2020-09-07T21:28:58.520999Z</time>
  </trkpt>
  <trkpt lat="54.77636167" lon="25.32068833">
    <ele>182</ele>
    <time>2020-09-07T21:28:59.520999Z</time>
  </trkpt>
  <trkpt lat="54.77638" lon="25.32071833">
    <ele>182</ele>
    <time>2020-09-07T21:29:00.520999Z</time>
  </trkpt>
  <trkpt lat="54.77639833" lon="25.32074833">
    <ele>182</ele>
    <time>2020-09-07T21:29:01.520999Z</time>
  </trkpt>
  <trkpt lat="54.77641333" lon="25.32077833">
    <ele>181</ele>
    <time>2020-09-07T21:29:02.520999Z</time>
  </trkpt>
  <trkpt lat="54.77643333" lon="25.32080833">
    <ele>181</ele>
    <time>2020-09-07T21:29:03.520999Z</time>
  </trkpt>
  <trkpt lat="54.77645167" lon="25.32084">
    <ele>181</ele>
    <time>2020-09-07T21:29:04.519999Z</time>
  </trkpt>
  <trkpt lat="54.77647333" lon="25.32087">
    <ele>180</ele>
    <time>2020-09-07T21:29:05.520999Z</time>
  </trkpt>
  <trkpt lat="54.77649333" lon="25.32089833">
    <ele>180</ele>
    <time>2020-09-07T21:29:06.520999Z</time>
  </trkpt>
  <trkpt lat="54.77651333" lon="25.32092">
    <ele>180</ele>
    <time>2020-09-07T21:29:07.520999Z</time>
  </trkpt>
  <trkpt lat="54.77653" lon="25.320945">
    <ele>180</ele>
    <time>2020-09-07T21:29:08.520999Z</time>
  </trkpt>
  <trkpt lat="54.77655" lon="25.32096667">
    <ele>180</ele>
    <time>2020-09-07T21:29:09.519999Z</time>
  </trkpt>
  <trkpt lat="54.77656833" lon="25.32099667">
    <ele>179</ele>
    <time>2020-09-07T21:29:10.520999Z</time>
  </trkpt>
  <trkpt lat="54.77658" lon="25.32101833">
    <ele>179</ele>
    <time>2020-09-07T21:29:11.520999Z</time>
  </trkpt>
  <trkpt lat="54.77659667" lon="25.32104667">
    <ele>179</ele>
    <time>2020-09-07T21:29:12.519999Z</time>
  </trkpt>
  <trkpt lat="54.77661833" lon="25.32108833">
    <ele>179</ele>
    <time>2020-09-07T21:29:13.520999Z</time>
  </trkpt>
  <trkpt lat="54.77664167" lon="25.321115">
    <ele>179</ele>
    <time>2020-09-07T21:29:14.520999Z</time>
  </trkpt>
  <trkpt lat="54.776665" lon="25.32114333">
    <ele>179</ele>
    <time>2020-09-07T21:29:15.519999Z</time>
  </trkpt>
  <trkpt lat="54.77668667" lon="25.32117333">
    <ele>179</ele>
    <time>2020-09-07T21:29:16.520999Z</time>
  </trkpt>
  <trkpt lat="54.77670667" lon="25.3212">
    <ele>179</ele>
    <time>2020-09-07T21:29:17.520999Z</time>
  </trkpt>
  <trkpt lat="54.776725" lon="25.32122167">
    <ele>179</ele>
    <time>2020-09-07T21:29:18.519999Z</time>
  </trkpt>
  <trkpt lat="54.77675" lon="25.32125333">
    <ele>179</ele>
    <time>2020-09-07T21:29:19.519999Z</time>
  </trkpt>
  <trkpt lat="54.77677333" lon="25.32127667">
    <ele>179</ele>
    <time>2020-09-07T21:29:20.520999Z</time>
  </trkpt>
  <trkpt lat="54.77679833" lon="25.32129833">
    <ele>179</ele>
    <time>2020-09-07T21:29:21.519999Z</time>
  </trkpt>
  <trkpt lat="54.77682" lon="25.32131333">
    <ele>179</ele>
    <time>2020-09-07T21:29:22.519999Z</time>
  </trkpt>
  <trkpt lat="54.77684333" lon="25.32133">
    <ele>179</ele>
    <time>2020-09-07T21:29:23.519999Z</time>
  </trkpt>
  <trkpt lat="54.776875" lon="25.32135167">
    <ele>180</ele>
    <time>2020-09-07T21:29:24.519999Z</time>
  </trkpt>
  <trkpt lat="54.77690333" lon="25.32138">
    <ele>180</ele>
    <time>2020-09-07T21:29:25.519999Z</time>
  </trkpt>
  <trkpt lat="54.77692333" lon="25.32140333">
    <ele>180</ele>
    <time>2020-09-07T21:29:26.520999Z</time>
  </trkpt>
  <trkpt lat="54.77694667" lon="25.32142333">
    <ele>181</ele>
    <time>2020-09-07T21:29:27.520999Z</time>
  </trkpt>
  <trkpt lat="54.77697333" lon="25.32144833">
    <ele>181</ele>
    <time>2020-09-07T21:29:28.519999Z</time>
  </trkpt>
  <trkpt lat="54.77699667" lon="25.32147167">
    <ele>181</ele>
    <time>2020-09-07T21:29:29.520999Z</time>
  </trkpt>
  <trkpt lat="54.77701667" lon="25.32149">
    <ele>182</ele>
    <time>2020-09-07T21:29:30.520999Z</time>
  </trkpt>
  <trkpt lat="54.77703" lon="25.32150833">
    <ele>182</ele>
    <time>2020-09-07T21:29:31.519999Z</time>
  </trkpt>
  <trkpt lat="54.77705" lon="25.32152167">
    <ele>182</ele>
    <time>2020-09-07T21:29:32.520999Z</time>
  </trkpt>
  <trkpt lat="54.777075" lon="25.32153167">
    <ele>182</ele>
    <time>2020-09-07T21:29:33.520999Z</time>
  </trkpt>
  <trkpt lat="54.777105" lon="25.32155333">
    <ele>182</ele>
    <time>2020-09-07T21:29:34.519999Z</time>
  </trkpt>
  <trkpt lat="54.77713" lon="25.32157833">
    <ele>182</ele>
    <time>2020-09-07T21:29:35.520999Z</time>
  </trkpt>
  <trkpt lat="54.77715333" lon="25.3216">
    <ele>182</ele>
    <time>2020-09-07T21:29:36.519999Z</time>
  </trkpt>
  <trkpt lat="54.77717333" lon="25.32161333">
    <ele>182</ele>
    <time>2020-09-07T21:29:37.519999Z</time>
  </trkpt>
  <trkpt lat="54.77720833" lon="25.32163667">
    <ele>182</ele>
    <time>2020-09-07T21:29:38.520999Z</time>
  </trkpt>
  <trkpt lat="54.77724333" lon="25.32164833">
    <ele>183</ele>
    <time>2020-09-07T21:29:39.520999Z</time>
  </trkpt>
  <trkpt lat="54.77727167" lon="25.32166333">
    <ele>183</ele>
    <time>2020-09-07T21:29:40.519999Z</time>
  </trkpt>
  <trkpt lat="54.77729667" lon="25.32167333">
    <ele>183</ele>
    <time>2020-09-07T21:29:41.520999Z</time>
  </trkpt>
  <trkpt lat="54.77732333" lon="25.32168667">
    <ele>183</ele>
    <time>2020-09-07T21:29:42.520999Z</time>
  </trkpt>
  <trkpt lat="54.77736667" lon="25.3217">
    <ele>183</ele>
    <time>2020-09-07T21:29:43.519999Z</time>
  </trkpt>
  <trkpt lat="54.77740333" lon="25.321715">
    <ele>183</ele>
    <time>2020-09-07T21:29:44.520999Z</time>
  </trkpt>
  <trkpt lat="54.77743833" lon="25.32172833">
    <ele>183</ele>
    <time>2020-09-07T21:29:45.520999Z</time>
  </trkpt>
  <trkpt lat="54.77748167" lon="25.321745">
    <ele>183</ele>
    <time>2020-09-07T21:29:46.519999Z</time>
  </trkpt>
  <trkpt lat="54.77751" lon="25.32175667">
    <ele>183</ele>
    <time>2020-09-07T21:29:47.520999Z</time>
  </trkpt>
  <trkpt lat="54.77753833" lon="25.321775">
    <ele>183</ele>
    <time>2020-09-07T21:29:48.520999Z</time>
  </trkpt>
  <trkpt lat="54.77756333" lon="25.3218">
    <ele>183</ele>
    <time>2020-09-07T21:29:49.520999Z</time>
  </trkpt>
  <trkpt lat="54.77758667" lon="25.32182167">
    <ele>184</ele>
    <time>2020-09-07T21:29:50.519999Z</time>
  </trkpt>
  <trkpt lat="54.77760667" lon="25.32184">
    <ele>183</ele>
    <time>2020-09-07T21:29:51.520999Z</time>
  </trkpt>
  <trkpt lat="54.77762833" lon="25.32185833">
    <ele>183</ele>
    <time>2020-09-07T21:29:52.520999Z</time>
  </trkpt>
  <trkpt lat="54.77766167" lon="25.32187">
    <ele>183</ele>
    <time>2020-09-07T21:29:53.520999Z</time>
  </trkpt>
  <trkpt lat="54.777695" lon="25.321885">
    <ele>182</ele>
    <time>2020-09-07T21:29:54.520999Z</time>
  </trkpt>
  <trkpt lat="54.77772667" lon="25.3219">
    <ele>182</ele>
    <time>2020-09-07T21:29:55.520999Z</time>
  </trkpt>
  <trkpt lat="54.777755" lon="25.32191167">
    <ele>182</ele>
    <time>2020-09-07T21:29:56.520999Z</time>
  </trkpt>
  <trkpt lat="54.77778667" lon="25.32192333">
    <ele>181</ele>
    <time>2020-09-07T21:29:57.519999Z</time>
  </trkpt>
  <trkpt lat="54.77782167" lon="25.32193167">
    <ele>181</ele>
    <time>2020-09-07T21:29:58.520999Z</time>
  </trkpt>
  <trkpt lat="54.77784333" lon="25.321945">
    <ele>180</ele>
    <time>2020-09-07T21:29:59.520999Z</time>
  </trkpt>
  <trkpt lat="54.77786167" lon="25.32195667">
    <ele>180</ele>
    <time>2020-09-07T21:30:00.520999Z</time>
  </trkpt>
  <trkpt lat="54.77788667" lon="25.32197833">
    <ele>179</ele>
    <time>2020-09-07T21:30:01.519999Z</time>
  </trkpt>
  <trkpt lat="54.77790667" lon="25.32199">
    <ele>179</ele>
    <time>2020-09-07T21:30:02.520999Z</time>
  </trkpt>
  <trkpt lat="54.777935" lon="25.32199667">
    <ele>178</ele>
    <time>2020-09-07T21:30:03.520999Z</time>
  </trkpt>
  <trkpt lat="54.77795667" lon="25.32199667">
    <ele>178</ele>
    <time>2020-09-07T21:30:04.520999Z</time>
  </trkpt>
  <trkpt lat="54.77798" lon="25.322">
    <ele>178</ele>
    <time>2020-09-07T21:30:05.520999Z</time>
  </trkpt>
  <trkpt lat="54.77801167" lon="25.32200167">
    <ele>177</ele>
    <time>2020-09-07T21:30:06.519999Z</time>
  </trkpt>
  <trkpt lat="54.77803667" lon="25.32200333">
    <ele>177</ele>
    <time>2020-09-07T21:30:07.520999Z</time>
  </trkpt>
  <trkpt lat="54.77806167" lon="25.32200833">
    <ele>177</ele>
    <time>2020-09-07T21:30:08.520999Z</time>
  </trkpt>
  <trkpt lat="54.77807667" lon="25.32201">
    <ele>177</ele>
    <time>2020-09-07T21:30:09.520999Z</time>
  </trkpt>
  <trkpt lat="54.77808833" lon="25.32200833">
    <ele>177</ele>
    <time>2020-09-07T21:30:10.519999Z</time>
  </trkpt>
  <trkpt lat="54.77811333" lon="25.32201">
    <ele>177</ele>
    <time>2020-09-07T21:30:11.520999Z</time>
  </trkpt>
  <trkpt lat="54.77814" lon="25.32202">
    <ele>177</ele>
    <time>2020-09-07T21:30:12.520999Z</time>
  </trkpt>
  <trkpt lat="54.77816833" lon="25.32203">
    <ele>177</ele>
    <time>2020-09-07T21:30:13.520999Z</time>
  </trkpt>
  <trkpt lat="54.77819" lon="25.32203333">
    <ele>177</ele>
    <time>2020-09-07T21:30:14.520999Z</time>
  </trkpt>
  <trkpt lat="54.77820667" lon="25.32203667">
    <ele>177</ele>
    <time>2020-09-07T21:30:15.519999Z</time>
  </trkpt>
  <trkpt lat="54.77821833" lon="25.32204333">
    <ele>177</ele>
    <time>2020-09-07T21:30:16.520999Z</time>
  </trkpt>
  <trkpt lat="54.77823333" lon="25.32204833">
    <ele>177</ele>
    <time>2020-09-07T21:30:17.520999Z</time>
  </trkpt>
  <trkpt lat="54.77825667" lon="25.32206">
    <ele>178</ele>
    <time>2020-09-07T21:30:18.520999Z</time>
  </trkpt>
  <trkpt lat="54.77828833" lon="25.32206667">
    <ele>178</ele>
    <time>2020-09-07T21:30:19.520999Z</time>
  </trkpt>
  <trkpt lat="54.77831667" lon="25.32207167">
    <ele>178</ele>
    <time>2020-09-07T21:30:20.519999Z</time>
  </trkpt>
  <trkpt lat="54.77835" lon="25.32208333">
    <ele>179</ele>
    <time>2020-09-07T21:30:21.520999Z</time>
  </trkpt>
  <trkpt lat="54.77838667" lon="25.32210333">
    <ele>179</ele>
    <time>2020-09-07T21:30:22.520999Z</time>
  </trkpt>
  <trkpt lat="54.778415" lon="25.32212">
    <ele>179</ele>
    <time>2020-09-07T21:30:23.520999Z</time>
  </trkpt>
  <trkpt lat="54.77844667" lon="25.32213167">
    <ele>180</ele>
    <time>2020-09-07T21:30:24.519999Z</time>
  </trkpt>
  <trkpt lat="54.77847333" lon="25.32214667">
    <ele>180</ele>
    <time>2020-09-07T21:30:25.520999Z</time>
  </trkpt>
  <trkpt lat="54.77851" lon="25.32216167">
    <ele>180</ele>
    <time>2020-09-07T21:30:26.519999Z</time>
  </trkpt>
  <trkpt lat="54.778545" lon="25.322175">
    <ele>181</ele>
    <time>2020-09-07T21:30:27.520999Z</time>
  </trkpt>
  <trkpt lat="54.77857833" lon="25.32219333">
    <ele>181</ele>
    <time>2020-09-07T21:30:28.520999Z</time>
  </trkpt>
  <trkpt lat="54.778615" lon="25.32221167">
    <ele>181</ele>
    <time>2020-09-07T21:30:29.519999Z</time>
  </trkpt>
  <trkpt lat="54.77865" lon="25.32222">
    <ele>181</ele>
    <time>2020-09-07T21:30:30.520999Z</time>
  </trkpt>
  <trkpt lat="54.77868333" lon="25.32223333">
    <ele>182</ele>
    <time>2020-09-07T21:30:31.520999Z</time>
  </trkpt>
  <trkpt lat="54.77872667" lon="25.32225667">
    <ele>182</ele>
    <time>2020-09-07T21:30:32.520999Z</time>
  </trkpt>
  <trkpt lat="54.77875167" lon="25.32228">
    <ele>182</ele>
    <time>2020-09-07T21:30:33.519999Z</time>
  </trkpt>
  <trkpt lat="54.77876833" lon="25.32230167">
    <ele>182</ele>
    <time>2020-09-07T21:30:34.520999Z</time>
  </trkpt>
  <trkpt lat="54.77878833" lon="25.322325">
    <ele>182</ele>
    <time>2020-09-07T21:30:35.520999Z</time>
  </trkpt>
  <trkpt lat="54.77880667" lon="25.32234167">
    <ele>182</ele>
    <time>2020-09-07T21:30:36.520999Z</time>
  </trkpt>
  <trkpt lat="54.77882667" lon="25.32236667">
    <ele>182</ele>
    <time>2020-09-07T21:30:37.520999Z</time>
  </trkpt>
  <trkpt lat="54.77885333" lon="25.32237167">
    <ele>182</ele>
    <time>2020-09-07T21:30:38.519999Z</time>
  </trkpt>
  <trkpt lat="54.77887833" lon="25.32237833">
    <ele>182</ele>
    <time>2020-09-07T21:30:39.519999Z</time>
  </trkpt>
  <trkpt lat="54.77890667" lon="25.32238833">
    <ele>182</ele>
    <time>2020-09-07T21:30:40.520999Z</time>
  </trkpt>
  <trkpt lat="54.77894167" lon="25.32239833">
    <ele>182</ele>
    <time>2020-09-07T21:30:41.520999Z</time>
  </trkpt>
  <trkpt lat="54.77897333" lon="25.32241">
    <ele>182</ele>
    <time>2020-09-07T21:30:42.519999Z</time>
  </trkpt>
  <trkpt lat="54.77900833" lon="25.32242167">
    <ele>182</ele>
    <time>2020-09-07T21:30:43.519999Z</time>
  </trkpt>
  <trkpt lat="54.77903667" lon="25.32242833">
    <ele>183</ele>
    <time>2020-09-07T21:30:44.519999Z</time>
  </trkpt>
  <trkpt lat="54.779065" lon="25.322435">
    <ele>183</ele>
    <time>2020-09-07T21:30:45.519999Z</time>
  </trkpt>
  <trkpt lat="54.779085" lon="25.32243667">
    <ele>183</ele>
    <time>2020-09-07T21:30:46.519999Z</time>
  </trkpt>
  <trkpt lat="54.77911167" lon="25.32244167">
    <ele>183</ele>
    <time>2020-09-07T21:30:47.519999Z</time>
  </trkpt>
  <trkpt lat="54.77914" lon="25.322445">
    <ele>184</ele>
    <time>2020-09-07T21:30:48.520999Z</time>
  </trkpt>
  <trkpt lat="54.77916333" lon="25.32244833">
    <ele>184</ele>
    <time>2020-09-07T21:30:49.520999Z</time>
  </trkpt>
  <trkpt lat="54.77919" lon="25.32245667">
    <ele>184</ele>
    <time>2020-09-07T21:30:50.519999Z</time>
  </trkpt>
  <trkpt lat="54.77921833" lon="25.32247333">
    <ele>185</ele>
    <time>2020-09-07T21:30:51.520999Z</time>
  </trkpt>
  <trkpt lat="54.77924667" lon="25.32249167">
    <ele>185</ele>
    <time>2020-09-07T21:30:52.520999Z</time>
  </trkpt>
  <trkpt lat="54.779275" lon="25.32251">
    <ele>185</ele>
    <time>2020-09-07T21:30:53.520999Z</time>
  </trkpt>
  <trkpt lat="54.77929833" lon="25.32252667">
    <ele>185</ele>
    <time>2020-09-07T21:30:54.519999Z</time>
  </trkpt>
  <trkpt lat="54.77932" lon="25.32254667">
    <ele>185</ele>
    <time>2020-09-07T21:30:55.520999Z</time>
  </trkpt>
  <trkpt lat="54.77934" lon="25.32256667">
    <ele>185</ele>
    <time>2020-09-07T21:30:56.520999Z</time>
  </trkpt>
  <trkpt lat="54.77937" lon="25.32259167">
    <ele>185</ele>
    <time>2020-09-07T21:30:57.520999Z</time>
  </trkpt>
  <trkpt lat="54.77939833" lon="25.322615">
    <ele>185</ele>
    <time>2020-09-07T21:30:58.520999Z</time>
  </trkpt>
  <trkpt lat="54.77943" lon="25.322635">
    <ele>185</ele>
    <time>2020-09-07T21:30:59.519999Z</time>
  </trkpt>
  <trkpt lat="54.77946667" lon="25.32266333">
    <ele>185</ele>
    <time>2020-09-07T21:31:00.520999Z</time>
  </trkpt>
  <trkpt lat="54.77949167" lon="25.322685">
    <ele>185</ele>
    <time>2020-09-07T21:31:01.520999Z</time>
  </trkpt>
  <trkpt lat="54.77951333" lon="25.32270833">
    <ele>186</ele>
    <time>2020-09-07T21:31:02.520999Z</time>
  </trkpt>
  <trkpt lat="54.77954" lon="25.322735">
    <ele>186</ele>
    <time>2020-09-07T21:31:03.519999Z</time>
  </trkpt>
  <trkpt lat="54.77956167" lon="25.32275667">
    <ele>186</ele>
    <time>2020-09-07T21:31:04.520999Z</time>
  </trkpt>
  <trkpt lat="54.779585" lon="25.322785">
    <ele>186</ele>
    <time>2020-09-07T21:31:05.520999Z</time>
  </trkpt>
  <trkpt lat="54.77961167" lon="25.32281167">
    <ele>186</ele>
    <time>2020-09-07T21:31:06.520999Z</time>
  </trkpt>
  <trkpt lat="54.77962833" lon="25.322835">
    <ele>186</ele>
    <time>2020-09-07T21:31:07.520999Z</time>
  </trkpt>
  <trkpt lat="54.77965167" lon="25.32286">
    <ele>186</ele>
    <time>2020-09-07T21:31:08.519999Z</time>
  </trkpt>
  <trkpt lat="54.77967833" lon="25.32288">
    <ele>186</ele>
    <time>2020-09-07T21:31:09.520999Z</time>
  </trkpt>
  <trkpt lat="54.77970667" lon="25.3229">
    <ele>186</ele>
    <time>2020-09-07T21:31:10.520999Z</time>
  </trkpt>
  <trkpt lat="54.77973833" lon="25.32292">
    <ele>186</ele>
    <time>2020-09-07T21:31:11.520999Z</time>
  </trkpt>
  <trkpt lat="54.77977167" lon="25.32294667">
    <ele>185</ele>
    <time>2020-09-07T21:31:12.519999Z</time>
  </trkpt>
  <trkpt lat="54.77980167" lon="25.32297167">
    <ele>185</ele>
    <time>2020-09-07T21:31:13.520999Z</time>
  </trkpt>
  <trkpt lat="54.77982667" lon="25.32298167">
    <ele>185</ele>
    <time>2020-09-07T21:31:14.520999Z</time>
  </trkpt>
  <trkpt lat="54.779855" lon="25.32301167">
    <ele>184</ele>
    <time>2020-09-07T21:31:15.520999Z</time>
  </trkpt>
  <trkpt lat="54.77988667" lon="25.32304">
    <ele>184</ele>
    <time>2020-09-07T21:31:16.520999Z</time>
  </trkpt>
  <trkpt lat="54.77991167" lon="25.32306333">
    <ele>183</ele>
    <time>2020-09-07T21:31:17.519999Z</time>
  </trkpt>
  <trkpt lat="54.77993667" lon="25.32309">
    <ele>183</ele>
    <time>2020-09-07T21:31:18.520999Z</time>
  </trkpt>
  <trkpt lat="54.77996" lon="25.32310833">
    <ele>183</ele>
    <time>2020-09-07T21:31:19.520999Z</time>
  </trkpt>
  <trkpt lat="54.77997833" lon="25.32311667">
    <ele>182</ele>
    <time>2020-09-07T21:31:20.520999Z</time>
  </trkpt>
  <trkpt lat="54.78001" lon="25.32313333">
    <ele>182</ele>
    <time>2020-09-07T21:31:21.520999Z</time>
  </trkpt>
  <trkpt lat="54.78004" lon="25.32314">
    <ele>181</ele>
    <time>2020-09-07T21:31:22.519999Z</time>
  </trkpt>
  <trkpt lat="54.78006667" lon="25.32313833">
    <ele>180</ele>
    <time>2020-09-07T21:31:23.520999Z</time>
  </trkpt>
  <trkpt lat="54.78009167" lon="25.32314333">
    <ele>180</ele>
    <time>2020-09-07T21:31:24.520999Z</time>
  </trkpt>
  <trkpt lat="54.78012" lon="25.32314333">
    <ele>179</ele>
    <time>2020-09-07T21:31:25.520999Z</time>
  </trkpt>
  <trkpt lat="54.78014667" lon="25.32314167">
    <ele>179</ele>
    <time>2020-09-07T21:31:26.519999Z</time>
  </trkpt>
  <trkpt lat="54.78016833" lon="25.32314333">
    <ele>178</ele>
    <time>2020-09-07T21:31:27.520999Z</time>
  </trkpt>
  <trkpt lat="54.780185" lon="25.323145">
    <ele>178</ele>
    <time>2020-09-07T21:31:28.520999Z</time>
  </trkpt>
  <trkpt lat="54.78020833" lon="25.32315">
    <ele>177</ele>
    <time>2020-09-07T21:31:29.520999Z</time>
  </trkpt>
  <trkpt lat="54.78023167" lon="25.32315667">
    <ele>177</ele>
    <time>2020-09-07T21:31:30.520999Z</time>
  </trkpt>
  <trkpt lat="54.78024833" lon="25.32316">
    <ele>177</ele>
    <time>2020-09-07T21:31:31.519999Z</time>
  </trkpt>
  <trkpt lat="54.780265" lon="25.32316167">
    <ele>176</ele>
    <time>2020-09-07T21:31:32.520999Z</time>
  </trkpt>
  <trkpt lat="54.78028833" lon="25.32316">
    <ele>176</ele>
    <time>2020-09-07T21:31:33.520999Z</time>
  </trkpt>
  <trkpt lat="54.78031333" lon="25.32315667">
    <ele>176</ele>
    <time>2020-09-07T21:31:34.520999Z</time>
  </trkpt>
  <trkpt lat="54.780345" lon="25.32314833">
    <ele>175</ele>
    <time>2020-09-07T21:31:35.519999Z</time>
  </trkpt>
  <trkpt lat="54.78037" lon="25.32313833">
    <ele>175</ele>
    <time>2020-09-07T21:31:36.520999Z</time>
  </trkpt>
  <trkpt lat="54.780395" lon="25.32313">
    <ele>175</ele>
    <time>2020-09-07T21:31:37.520999Z</time>
  </trkpt>
  <trkpt lat="54.78041" lon="25.32310833">
    <ele>174</ele>
    <time>2020-09-07T21:31:38.520999Z</time>
  </trkpt>
  <trkpt lat="54.78042833" lon="25.32308333">
    <ele>173</ele>
    <time>2020-09-07T21:31:39.520999Z</time>
  </trkpt>
  <trkpt lat="54.78045833" lon="25.32307">
    <ele>172</ele>
    <time>2020-09-07T21:31:40.519999Z</time>
  </trkpt>
  <trkpt lat="54.78048" lon="25.323065">
    <ele>171</ele>
    <time>2020-09-07T21:31:41.520999Z</time>
  </trkpt>
  <trkpt lat="54.780505" lon="25.323055">
    <ele>171</ele>
    <time>2020-09-07T21:31:42.519999Z</time>
  </trkpt>
  <trkpt lat="54.78052667" lon="25.323045">
    <ele>170</ele>
    <time>2020-09-07T21:31:43.520999Z</time>
  </trkpt>
  <trkpt lat="54.78054833" lon="25.323045">
    <ele>170</ele>
    <time>2020-09-07T21:31:44.519999Z</time>
  </trkpt>
  <trkpt lat="54.78057333" lon="25.32304667">
    <ele>170</ele>
    <time>2020-09-07T21:31:45.520999Z</time>
  </trkpt>
  <trkpt lat="54.78059167" lon="25.32304167">
    <ele>169</ele>
    <time>2020-09-07T21:31:46.520999Z</time>
  </trkpt>
  <trkpt lat="54.78061167" lon="25.32303">
    <ele>169</ele>
    <time>2020-09-07T21:31:47.520999Z</time>
  </trkpt>
  <trkpt lat="54.78062167" lon="25.32301167">
    <ele>168</ele>
    <time>2020-09-07T21:31:48.520999Z</time>
  </trkpt>
  <trkpt lat="54.780625" lon="25.32298833">
    <ele>168</ele>
    <time>2020-09-07T21:31:49.519999Z</time>
  </trkpt>
  <trkpt lat="54.78062667" lon="25.32294833">
    <ele>167</ele>
    <time>2020-09-07T21:31:50.519999Z</time>
  </trkpt>
  <trkpt lat="54.78062833" lon="25.322915">
    <ele>166</ele>
    <time>2020-09-07T21:31:51.520999Z</time>
  </trkpt>
  <trkpt lat="54.780625" lon="25.32288667">
    <ele>166</ele>
    <time>2020-09-07T21:31:52.520999Z</time>
  </trkpt>
  <trkpt lat="54.78061333" lon="25.32285333">
    <ele>166</ele>
    <time>2020-09-07T21:31:53.519999Z</time>
  </trkpt>
  <trkpt lat="54.78060333" lon="25.32282">
    <ele>165</ele>
    <time>2020-09-07T21:31:54.520999Z</time>
  </trkpt>
  <trkpt lat="54.780595" lon="25.32278167">
    <ele>165</ele>
    <time>2020-09-07T21:31:55.520999Z</time>
  </trkpt>
  <trkpt lat="54.78059" lon="25.32274667">
    <ele>165</ele>
    <time>2020-09-07T21:31:56.520999Z</time>
  </trkpt>
  <trkpt lat="54.780585" lon="25.32271167">
    <ele>165</ele>
    <time>2020-09-07T21:31:57.520999Z</time>
  </trkpt>
  <trkpt lat="54.78058" lon="25.32267667">
    <ele>164</ele>
    <time>2020-09-07T21:31:58.519999Z</time>
  </trkpt>
  <trkpt lat="54.78057833" lon="25.32264167">
    <ele>164</ele>
    <time>2020-09-07T21:31:59.519999Z</time>
  </trkpt>
  <trkpt lat="54.78056833" lon="25.322595">
    <ele>164</ele>
    <time>2020-09-07T21:32:00.519999Z</time>
  </trkpt>
  <trkpt lat="54.780565" lon="25.322545">
    <ele>163</ele>
    <time>2020-09-07T21:32:01.520999Z</time>
  </trkpt>
  <trkpt lat="54.78057167" lon="25.3225">
    <ele>163</ele>
    <time>2020-09-07T21:32:02.519999Z</time>
  </trkpt>
  <trkpt lat="54.78057667" lon="25.32245167">
    <ele>162</ele>
    <time>2020-09-07T21:32:03.520999Z</time>
  </trkpt>
  <trkpt lat="54.78058667" lon="25.32242">
    <ele>162</ele>
    <time>2020-09-07T21:32:04.520999Z</time>
  </trkpt>
  <trkpt lat="54.78060667" lon="25.32239167">
    <ele>161</ele>
    <time>2020-09-07T21:32:05.520999Z</time>
  </trkpt>
  <trkpt lat="54.78063333" lon="25.32236333">
    <ele>161</ele>
    <time>2020-09-07T21:32:06.519999Z</time>
  </trkpt>
  <trkpt lat="54.78065333" lon="25.32234833">
    <ele>161</ele>
    <time>2020-09-07T21:32:07.520999Z</time>
  </trkpt>
  <trkpt lat="54.780685" lon="25.322325">
    <ele>160</ele>
    <time>2020-09-07T21:32:08.520999Z</time>
  </trkpt>
  <trkpt lat="54.78071667" lon="25.32230167">
    <ele>160</ele>
    <time>2020-09-07T21:32:09.520999Z</time>
  </trkpt>
  <trkpt lat="54.78075" lon="25.32227833">
    <ele>159</ele>
    <time>2020-09-07T21:32:10.520999Z</time>
  </trkpt>
  <trkpt lat="54.78077" lon="25.32225667">
    <ele>159</ele>
    <time>2020-09-07T21:32:11.519999Z</time>
  </trkpt>
  <trkpt lat="54.78079167" lon="25.32224167">
    <ele>158</ele>
    <time>2020-09-07T21:32:12.520999Z</time>
  </trkpt>
  <trkpt lat="54.78082667" lon="25.32222833">
    <ele>158</ele>
    <time>2020-09-07T21:32:13.520999Z</time>
  </trkpt>
  <trkpt lat="54.78086333" lon="25.32221667">
    <ele>157</ele>
    <time>2020-09-07T21:32:14.520999Z</time>
  </trkpt>
  <trkpt lat="54.78090167" lon="25.322205">
    <ele>157</ele>
    <time>2020-09-07T21:32:15.519999Z</time>
  </trkpt>
  <trkpt lat="54.78094" lon="25.32218833">
    <ele>156</ele>
    <time>2020-09-07T21:32:16.520999Z</time>
  </trkpt>
  <trkpt lat="54.78097167" lon="25.32217">
    <ele>156</ele>
    <time>2020-09-07T21:32:17.520999Z</time>
  </trkpt>
  <trkpt lat="54.78099333" lon="25.32215">
    <ele>155</ele>
    <time>2020-09-07T21:32:18.520999Z</time>
  </trkpt>
  <trkpt lat="54.78103" lon="25.322125">
    <ele>155</ele>
    <time>2020-09-07T21:32:19.520999Z</time>
  </trkpt>
  <trkpt lat="54.78106" lon="25.32210333">
    <ele>155</ele>
    <time>2020-09-07T21:32:20.519999Z</time>
  </trkpt>
  <trkpt lat="54.781095" lon="25.32207667">
    <ele>154</ele>
    <time>2020-09-07T21:32:21.520999Z</time>
  </trkpt>
  <trkpt lat="54.78113" lon="25.32204833">
    <ele>154</ele>
    <time>2020-09-07T21:32:22.520999Z</time>
  </trkpt>
  <trkpt lat="54.78116" lon="25.32202333">
    <ele>154</ele>
    <time>2020-09-07T21:32:23.520999Z</time>
  </trkpt>
  <trkpt lat="54.781185" lon="25.322">
    <ele>153</ele>
    <time>2020-09-07T21:32:24.519999Z</time>
  </trkpt>
  <trkpt lat="54.78122" lon="25.32197167">
    <ele>153</ele>
    <time>2020-09-07T21:32:25.520999Z</time>
  </trkpt>
  <trkpt lat="54.78125" lon="25.32194833">
    <ele>153</ele>
    <time>2020-09-07T21:32:26.520999Z</time>
  </trkpt>
  <trkpt lat="54.78127667" lon="25.32193167">
    <ele>152</ele>
    <time>2020-09-07T21:32:27.519999Z</time>
  </trkpt>
  <trkpt lat="54.78130333" lon="25.32192167">
    <ele>152</ele>
    <time>2020-09-07T21:32:28.520999Z</time>
  </trkpt>
  <trkpt lat="54.78133833" lon="25.32190833">
    <ele>152</ele>
    <time>2020-09-07T21:32:29.519999Z</time>
  </trkpt>
  <trkpt lat="54.78137167" lon="25.321905">
    <ele>152</ele>
    <time>2020-09-07T21:32:30.520999Z</time>
  </trkpt>
  <trkpt lat="54.78140333" lon="25.3219">
    <ele>152</ele>
    <time>2020-09-07T21:32:31.519999Z</time>
  </trkpt>
  <trkpt lat="54.78143167" lon="25.321905">
    <ele>152</ele>
    <time>2020-09-07T21:32:32.520999Z</time>
  </trkpt>
  <trkpt lat="54.78146167" lon="25.32190667">
    <ele>152</ele>
    <time>2020-09-07T21:32:33.519999Z</time>
  </trkpt>
  <trkpt lat="54.78149167" lon="25.32191167">
    <ele>152</ele>
    <time>2020-09-07T21:32:34.519999Z</time>
  </trkpt>
  <trkpt lat="54.78152" lon="25.32192">
    <ele>153</ele>
    <time>2020-09-07T21:32:35.520999Z</time>
  </trkpt>
  <trkpt lat="54.78154833" lon="25.321925">
    <ele>153</ele>
    <time>2020-09-07T21:32:36.520999Z</time>
  </trkpt>
  <trkpt lat="54.78157333" lon="25.32193167">
    <ele>153</ele>
    <time>2020-09-07T21:32:37.519999Z</time>
  </trkpt>
  <trkpt lat="54.78159833" lon="25.32194">
    <ele>153</ele>
    <time>2020-09-07T21:32:38.520999Z</time>
  </trkpt>
  <trkpt lat="54.781625" lon="25.32194833">
    <ele>153</ele>
    <time>2020-09-07T21:32:39.520999Z</time>
  </trkpt>
  <trkpt lat="54.78165" lon="25.32195167">
    <ele>153</ele>
    <time>2020-09-07T21:32:40.520999Z</time>
  </trkpt>
  <trkpt lat="54.78167333" lon="25.32195">
    <ele>153</ele>
    <time>2020-09-07T21:32:41.520999Z</time>
  </trkpt>
  <trkpt lat="54.78169667" lon="25.32195667">
    <ele>153</ele>
    <time>2020-09-07T21:32:42.519999Z</time>
  </trkpt>
  <trkpt lat="54.78171667" lon="25.32196">
    <ele>154</ele>
    <time>2020-09-07T21:32:43.520999Z</time>
  </trkpt>
  <trkpt lat="54.78174333" lon="25.32196167">
    <ele>154</ele>
    <time>2020-09-07T21:32:44.520999Z</time>
  </trkpt>
  <trkpt lat="54.78176167" lon="25.321955">
    <ele>154</ele>
    <time>2020-09-07T21:32:45.520999Z</time>
  </trkpt>
  <trkpt lat="54.781775" lon="25.321945">
    <ele>154</ele>
    <time>2020-09-07T21:32:46.519999Z</time>
  </trkpt>
  <trkpt lat="54.78179" lon="25.32192833">
    <ele>154</ele>
    <time>2020-09-07T21:32:47.520999Z</time>
  </trkpt>
  <trkpt lat="54.78180667" lon="25.321905">
    <ele>154</ele>
    <time>2020-09-07T21:32:48.519999Z</time>
  </trkpt>
  <trkpt lat="54.78182333" lon="25.32188">
    <ele>155</ele>
    <time>2020-09-07T21:32:49.520999Z</time>
  </trkpt>
  <trkpt lat="54.78184" lon="25.32184833">
    <ele>155</ele>
    <time>2020-09-07T21:32:50.520999Z</time>
  </trkpt>
  <trkpt lat="54.781855" lon="25.32182333">
    <ele>155</ele>
    <time>2020-09-07T21:32:51.519999Z</time>
  </trkpt>
  <trkpt lat="54.78186667" lon="25.3218">
    <ele>155</ele>
    <time>2020-09-07T21:32:52.520999Z</time>
  </trkpt>
  <trkpt lat="54.78187667" lon="25.32176667">
    <ele>155</ele>
    <time>2020-09-07T21:32:53.519999Z</time>
  </trkpt>
  <trkpt lat="54.78189" lon="25.321725">
    <ele>155</ele>
    <time>2020-09-07T21:32:54.520999Z</time>
  </trkpt>
  <trkpt lat="54.781895" lon="25.32168667">
    <ele>156</ele>
    <time>2020-09-07T21:32:55.519999Z</time>
  </trkpt>
  <trkpt lat="54.78190333" lon="25.32164167">
    <ele>156</ele>
    <time>2020-09-07T21:32:56.520999Z</time>
  </trkpt>
  <trkpt lat="54.78192" lon="25.32158833">
    <ele>156</ele>
    <time>2020-09-07T21:32:57.520999Z</time>
  </trkpt>
  <trkpt lat="54.78193833" lon="25.321535">
    <ele>155</ele>
    <time>2020-09-07T21:32:58.520999Z</time>
  </trkpt>
  <trkpt lat="54.78195833" lon="25.32149">
    <ele>155</ele>
    <time>2020-09-07T21:32:59.519999Z</time>
  </trkpt>
  <trkpt lat="54.78198" lon="25.32144667">
    <ele>155</ele>
    <time>2020-09-07T21:33:00.520999Z</time>
  </trkpt>
  <trkpt lat="54.78199333" lon="25.32142333">
    <ele>155</ele>
    <time>2020-09-07T21:33:01.520999Z</time>
  </trkpt>
  <trkpt lat="54.78200333" lon="25.32138833">
    <ele>155</ele>
    <time>2020-09-07T21:33:02.520999Z</time>
  </trkpt>
  <trkpt lat="54.782005" lon="25.32135">
    <ele>155</ele>
    <time>2020-09-07T21:33:03.520999Z</time>
  </trkpt>
  <trkpt lat="54.78201" lon="25.32128167">
    <ele>155</ele>
    <time>2020-09-07T21:33:04.520999Z</time>
  </trkpt>
  <trkpt lat="54.78201833" lon="25.32122333">
    <ele>154</ele>
    <time>2020-09-07T21:33:05.520999Z</time>
  </trkpt>
  <trkpt lat="54.78201833" lon="25.32116833">
    <ele>154</ele>
    <time>2020-09-07T21:33:06.520999Z</time>
  </trkpt>
  <trkpt lat="54.78202333" lon="25.321105">
    <ele>153</ele>
    <time>2020-09-07T21:33:07.519999Z</time>
  </trkpt>
  <trkpt lat="54.78202667" lon="25.32107667">
    <ele>153</ele>
    <time>2020-09-07T21:33:08.520999Z</time>
  </trkpt>
  <trkpt lat="54.78202667" lon="25.32103">
    <ele>152</ele>
    <time>2020-09-07T21:33:09.520999Z</time>
  </trkpt>
  <trkpt lat="54.78203" lon="25.32099167">
    <ele>152</ele>
    <time>2020-09-07T21:33:10.519999Z</time>
  </trkpt>
  <trkpt lat="54.78204333" lon="25.32095833">
    <ele>152</ele>
    <time>2020-09-07T21:33:11.520999Z</time>
  </trkpt>
  <trkpt lat="54.78205" lon="25.32092">
    <ele>151</ele>
    <time>2020-09-07T21:33:12.520999Z</time>
  </trkpt>
  <trkpt lat="54.78205667" lon="25.32088">
    <ele>151</ele>
    <time>2020-09-07T21:33:13.519999Z</time>
  </trkpt>
  <trkpt lat="54.78205667" lon="25.320835">
    <ele>151</ele>
    <time>2020-09-07T21:33:14.520999Z</time>
  </trkpt>
  <trkpt lat="54.78205833" lon="25.32079">
    <ele>151</ele>
    <time>2020-09-07T21:33:15.520999Z</time>
  </trkpt>
  <trkpt lat="54.78206833" lon="25.32074167">
    <ele>151</ele>
    <time>2020-09-07T21:33:16.520999Z</time>
  </trkpt>
  <trkpt lat="54.78207667" lon="25.32069167">
    <ele>151</ele>
    <time>2020-09-07T21:33:17.520999Z</time>
  </trkpt>
  <trkpt lat="54.78207833" lon="25.32062">
    <ele>151</ele>
    <time>2020-09-07T21:33:18.519999Z</time>
  </trkpt>
  <trkpt lat="54.78208333" lon="25.32056167">
    <ele>151</ele>
    <time>2020-09-07T21:33:19.519999Z</time>
  </trkpt>
  <trkpt lat="54.78209167" lon="25.32050167">
    <ele>150</ele>
    <time>2020-09-07T21:33:20.519999Z</time>
  </trkpt>
  <trkpt lat="54.78210167" lon="25.32045167">
    <ele>150</ele>
    <time>2020-09-07T21:33:21.520999Z</time>
  </trkpt>
  <trkpt lat="54.78210667" lon="25.3204">
    <ele>150</ele>
    <time>2020-09-07T21:33:22.519999Z</time>
  </trkpt>
  <trkpt lat="54.78211333" lon="25.32036333">
    <ele>150</ele>
    <time>2020-09-07T21:33:23.520999Z</time>
  </trkpt>
  <trkpt lat="54.782105" lon="25.32031667">
    <ele>150</ele>
    <time>2020-09-07T21:33:24.519999Z</time>
  </trkpt>
  <trkpt lat="54.78209833" lon="25.320275">
    <ele>150</ele>
    <time>2020-09-07T21:33:25.520999Z</time>
  </trkpt>
  <trkpt lat="54.78208667" lon="25.32022667">
    <ele>150</ele>
    <time>2020-09-07T21:33:26.520999Z</time>
  </trkpt>
  <trkpt lat="54.78208167" lon="25.32018833">
    <ele>150</ele>
    <time>2020-09-07T21:33:27.519999Z</time>
  </trkpt>
  <trkpt lat="54.782075" lon="25.32013">
    <ele>150</ele>
    <time>2020-09-07T21:33:28.520999Z</time>
  </trkpt>
  <trkpt lat="54.78207" lon="25.32008333">
    <ele>149</ele>
    <time>2020-09-07T21:33:29.520999Z</time>
  </trkpt>
  <trkpt lat="54.782065" lon="25.32003333">
    <ele>149</ele>
    <time>2020-09-07T21:33:30.519999Z</time>
  </trkpt>
  <trkpt lat="54.78206667" lon="25.31999">
    <ele>149</ele>
    <time>2020-09-07T21:33:31.519999Z</time>
  </trkpt>
  <trkpt lat="54.78207667" lon="25.31994">
    <ele>149</ele>
    <time>2020-09-07T21:33:32.519999Z</time>
  </trkpt>
  <trkpt lat="54.78208333" lon="25.31987667">
    <ele>149</ele>
    <time>2020-09-07T21:33:33.520999Z</time>
  </trkpt>
  <trkpt lat="54.78208833" lon="25.31982167">
    <ele>149</ele>
    <time>2020-09-07T21:33:34.520999Z</time>
  </trkpt>
  <trkpt lat="54.78209167" lon="25.31977667">
    <ele>149</ele>
    <time>2020-09-07T21:33:35.520999Z</time>
  </trkpt>
  <trkpt lat="54.78209667" lon="25.319715">
    <ele>149</ele>
    <time>2020-09-07T21:33:36.520999Z</time>
  </trkpt>
  <trkpt lat="54.78209833" lon="25.31967">
    <ele>149</ele>
    <time>2020-09-07T21:33:37.520999Z</time>
  </trkpt>
  <trkpt lat="54.78210833" lon="25.31961167">
    <ele>149</ele>
    <time>2020-09-07T21:33:38.520999Z</time>
  </trkpt>
  <trkpt lat="54.78212333" lon="25.31956667">
    <ele>149</ele>
    <time>2020-09-07T21:33:39.519999Z</time>
  </trkpt>
  <trkpt lat="54.78213667" lon="25.31951667">
    <ele>149</ele>
    <time>2020-09-07T21:33:40.520999Z</time>
  </trkpt>
  <trkpt lat="54.78214333" lon="25.31947167">
    <ele>149</ele>
    <time>2020-09-07T21:33:41.520999Z</time>
  </trkpt>
  <trkpt lat="54.78215167" lon="25.319425">
    <ele>149</ele>
    <time>2020-09-07T21:33:42.520999Z</time>
  </trkpt>
  <trkpt lat="54.78216167" lon="25.31937167">
    <ele>148</ele>
    <time>2020-09-07T21:33:43.520999Z</time>
  </trkpt>
  <trkpt lat="54.78217167" lon="25.319325">
    <ele>148</ele>
    <time>2020-09-07T21:33:44.519999Z</time>
  </trkpt>
  <trkpt lat="54.78217833" lon="25.319285">
    <ele>148</ele>
    <time>2020-09-07T21:33:45.519999Z</time>
  </trkpt>
  <trkpt lat="54.78219" lon="25.31924167">
    <ele>148</ele>
    <time>2020-09-07T21:33:46.520999Z</time>
  </trkpt>
  <trkpt lat="54.78220167" lon="25.31918667">
    <ele>148</ele>
    <time>2020-09-07T21:33:47.520999Z</time>
  </trkpt>
  <trkpt lat="54.78221167" lon="25.31915167">
    <ele>148</ele>
    <time>2020-09-07T21:33:48.520999Z</time>
  </trkpt>
  <trkpt lat="54.78221833" lon="25.31909333">
    <ele>147</ele>
    <time>2020-09-07T21:33:49.520999Z</time>
  </trkpt>
  <trkpt lat="54.78223333" lon="25.31904833">
    <ele>147</ele>
    <time>2020-09-07T21:33:50.519999Z</time>
  </trkpt>
  <trkpt lat="54.78225" lon="25.31901">
    <ele>147</ele>
    <time>2020-09-07T21:33:51.519999Z</time>
  </trkpt>
  <trkpt lat="54.78226833" lon="25.31897">
    <ele>147</ele>
    <time>2020-09-07T21:33:52.520999Z</time>
  </trkpt>
  <trkpt lat="54.78228167" lon="25.31892833">
    <ele>147</ele>
    <time>2020-09-07T21:33:53.520999Z</time>
  </trkpt>
  <trkpt lat="54.78227" lon="25.31887167">
    <ele>147</ele>
    <time>2020-09-07T21:33:54.519999Z</time>
  </trkpt>
  <trkpt lat="54.782275" lon="25.318835">
    <ele>147</ele>
    <time>2020-09-07T21:33:55.520999Z</time>
  </trkpt>
  <trkpt lat="54.78229167" lon="25.31878">
    <ele>147</ele>
    <time>2020-09-07T21:33:56.520999Z</time>
  </trkpt>
  <trkpt lat="54.78230333" lon="25.31873">
    <ele>147</ele>
    <time>2020-09-07T21:33:57.520999Z</time>
  </trkpt>
  <trkpt lat="54.78232167" lon="25.318685">
    <ele>147</ele>
    <time>2020-09-07T21:33:58.520999Z</time>
  </trkpt>
  <trkpt lat="54.78234" lon="25.31864333">
    <ele>146</ele>
    <time>2020-09-07T21:33:59.520999Z</time>
  </trkpt>
  <trkpt lat="54.78235" lon="25.31860167">
    <ele>146</ele>
    <time>2020-09-07T21:34:00.520999Z</time>
  </trkpt>
  <trkpt lat="54.782355" lon="25.31857167">
    <ele>146</ele>
    <time>2020-09-07T21:34:01.519999Z</time>
  </trkpt>
  <trkpt lat="54.782365" lon="25.31853167">
    <ele>146</ele>
    <time>2020-09-07T21:34:02.519999Z</time>
  </trkpt>
  <trkpt lat="54.78237167" lon="25.318495">
    <ele>146</ele>
    <time>2020-09-07T21:34:03.520999Z</time>
  </trkpt>
  <trkpt lat="54.782375" lon="25.31845667">
    <ele>146</ele>
    <time>2020-09-07T21:34:04.520999Z</time>
  </trkpt>
  <trkpt lat="54.78238333" lon="25.31841833">
    <ele>146</ele>
    <time>2020-09-07T21:34:05.520999Z</time>
  </trkpt>
  <trkpt lat="54.78239167" lon="25.31838">
    <ele>146</ele>
    <time>2020-09-07T21:34:06.520999Z</time>
  </trkpt>
  <trkpt lat="54.78240167" lon="25.31834667">
    <ele>146</ele>
    <time>2020-09-07T21:34:07.519999Z</time>
  </trkpt>
  <trkpt lat="54.78241333" lon="25.31831">
    <ele>146</ele>
    <time>2020-09-07T21:34:08.520999Z</time>
  </trkpt>
  <trkpt lat="54.782425" lon="25.31827333">
    <ele>147</ele>
    <time>2020-09-07T21:34:09.520999Z</time>
  </trkpt>
  <trkpt lat="54.78243333" lon="25.31823333">
    <ele>147</ele>
    <time>2020-09-07T21:34:10.520999Z</time>
  </trkpt>
  <trkpt lat="54.78243833" lon="25.31819833">
    <ele>147</ele>
    <time>2020-09-07T21:34:11.520999Z</time>
  </trkpt>
  <trkpt lat="54.78245" lon="25.31815">
    <ele>147</ele>
    <time>2020-09-07T21:34:12.519999Z</time>
  </trkpt>
  <trkpt lat="54.78246" lon="25.31811">
    <ele>148</ele>
    <time>2020-09-07T21:34:13.519999Z</time>
  </trkpt>
  <trkpt lat="54.78247167" lon="25.31807167">
    <ele>148</ele>
    <time>2020-09-07T21:34:14.520999Z</time>
  </trkpt>
  <trkpt lat="54.78248167" lon="25.31804333">
    <ele>148</ele>
    <time>2020-09-07T21:34:15.520999Z</time>
  </trkpt>
  <trkpt lat="54.78249667" lon="25.31799667">
    <ele>148</ele>
    <time>2020-09-07T21:34:16.520999Z</time>
  </trkpt>
  <trkpt lat="54.78250833" lon="25.31796167">
    <ele>149</ele>
    <time>2020-09-07T21:34:17.519999Z</time>
  </trkpt>
  <trkpt lat="54.78252167" lon="25.31792833">
    <ele>149</ele>
    <time>2020-09-07T21:34:18.520999Z</time>
  </trkpt>
  <trkpt lat="54.78253333" lon="25.31789333">
    <ele>149</ele>
    <time>2020-09-07T21:34:19.520999Z</time>
  </trkpt>
  <trkpt lat="54.78254167" lon="25.31786667">
    <ele>149</ele>
    <time>2020-09-07T21:34:20.520999Z</time>
  </trkpt>
  <trkpt lat="54.78255333" lon="25.31783167">
    <ele>149</ele>
    <time>2020-09-07T21:34:21.520999Z</time>
  </trkpt>
  <trkpt lat="54.782565" lon="25.31778833">
    <ele>149</ele>
    <time>2020-09-07T21:34:22.519999Z</time>
  </trkpt>
  <trkpt lat="54.782575" lon="25.31774333">
    <ele>149</ele>
    <time>2020-09-07T21:34:23.520999Z</time>
  </trkpt>
  <trkpt lat="54.782585" lon="25.31769833">
    <ele>149</ele>
    <time>2020-09-07T21:34:24.520999Z</time>
  </trkpt>
  <trkpt lat="54.78259333" lon="25.31766667">
    <ele>149</ele>
    <time>2020-09-07T21:34:25.520999Z</time>
  </trkpt>
  <trkpt lat="54.78260833" lon="25.31762667">
    <ele>149</ele>
    <time>2020-09-07T21:34:26.520999Z</time>
  </trkpt>
  <trkpt lat="54.78262333" lon="25.317575">
    <ele>149</ele>
    <time>2020-09-07T21:34:27.519999Z</time>
  </trkpt>
  <trkpt lat="54.78264167" lon="25.31753333">
    <ele>149</ele>
    <time>2020-09-07T21:34:28.519999Z</time>
  </trkpt>
  <trkpt lat="54.78265167" lon="25.31748167">
    <ele>149</ele>
    <time>2020-09-07T21:34:29.520999Z</time>
  </trkpt>
  <trkpt lat="54.78266" lon="25.31743">
    <ele>149</ele>
    <time>2020-09-07T21:34:30.520999Z</time>
  </trkpt>
  <trkpt lat="54.78267333" lon="25.31738833">
    <ele>149</ele>
    <time>2020-09-07T21:34:31.520999Z</time>
  </trkpt>
  <trkpt lat="54.78268667" lon="25.31734833">
    <ele>149</ele>
    <time>2020-09-07T21:34:32.520999Z</time>
  </trkpt>
  <trkpt lat="54.7827" lon="25.317305">
    <ele>149</ele>
    <time>2020-09-07T21:34:33.519999Z</time>
  </trkpt>
  <trkpt lat="54.78271167" lon="25.31726">
    <ele>149</ele>
    <time>2020-09-07T21:34:34.520999Z</time>
  </trkpt>
  <trkpt lat="54.78272333" lon="25.317215">
    <ele>149</ele>
    <time>2020-09-07T21:34:35.520999Z</time>
  </trkpt>
  <trkpt lat="54.78273333" lon="25.31717">
    <ele>148</ele>
    <time>2020-09-07T21:34:36.520999Z</time>
  </trkpt>
  <trkpt lat="54.78274167" lon="25.31712333">
    <ele>147</ele>
    <time>2020-09-07T21:34:37.519999Z</time>
  </trkpt>
  <trkpt lat="54.78274833" lon="25.31707667">
    <ele>147</ele>
    <time>2020-09-07T21:34:38.520999Z</time>
  </trkpt>
  <trkpt lat="54.78275833" lon="25.31703333">
    <ele>146</ele>
    <time>2020-09-07T21:34:39.519999Z</time>
  </trkpt>
  <trkpt lat="54.78277" lon="25.31700167">
    <ele>146</ele>
    <time>2020-09-07T21:34:40.520999Z</time>
  </trkpt>
  <trkpt lat="54.78278" lon="25.31697">
    <ele>146</ele>
    <time>2020-09-07T21:34:41.520999Z</time>
  </trkpt>
  <trkpt lat="54.782795" lon="25.31692">
    <ele>146</ele>
    <time>2020-09-07T21:34:42.520999Z</time>
  </trkpt>
  <trkpt lat="54.78280167" lon="25.31687333">
    <ele>146</ele>
    <time>2020-09-07T21:34:43.519999Z</time>
  </trkpt>
  <trkpt lat="54.78280667" lon="25.31683833">
    <ele>146</ele>
    <time>2020-09-07T21:34:44.520999Z</time>
  </trkpt>
  <trkpt lat="54.78280833" lon="25.31679333">
    <ele>146</ele>
    <time>2020-09-07T21:34:45.520999Z</time>
  </trkpt>
  <trkpt lat="54.78281" lon="25.31674667">
    <ele>146</ele>
    <time>2020-09-07T21:34:46.520999Z</time>
  </trkpt>
  <trkpt lat="54.78281333" lon="25.31668667">
    <ele>147</ele>
    <time>2020-09-07T21:34:47.520999Z</time>
  </trkpt>
  <trkpt lat="54.78281833" lon="25.31664">
    <ele>147</ele>
    <time>2020-09-07T21:34:48.519999Z</time>
  </trkpt>
  <trkpt lat="54.78282667" lon="25.31659333">
    <ele>147</ele>
    <time>2020-09-07T21:34:49.520999Z</time>
  </trkpt>
  <trkpt lat="54.78283667" lon="25.31655833">
    <ele>148</ele>
    <time>2020-09-07T21:34:50.519999Z</time>
  </trkpt>
  <trkpt lat="54.78284333" lon="25.316505">
    <ele>148</ele>
    <time>2020-09-07T21:34:51.520999Z</time>
  </trkpt>
  <trkpt lat="54.782845" lon="25.31644333">
    <ele>148</ele>
    <time>2020-09-07T21:34:52.520999Z</time>
  </trkpt>
  <trkpt lat="54.78285333" lon="25.316395">
    <ele>148</ele>
    <time>2020-09-07T21:34:53.519999Z</time>
  </trkpt>
  <trkpt lat="54.78286667" lon="25.31634833">
    <ele>148</ele>
    <time>2020-09-07T21:34:54.519999Z</time>
  </trkpt>
  <trkpt lat="54.78287833" lon="25.31631333">
    <ele>147</ele>
    <time>2020-09-07T21:34:55.519999Z</time>
  </trkpt>
  <trkpt lat="54.78289667" lon="25.31625833">
    <ele>147</ele>
    <time>2020-09-07T21:34:56.520999Z</time>
  </trkpt>
  <trkpt lat="54.78291333" lon="25.31621167">
    <ele>147</ele>
    <time>2020-09-07T21:34:57.520999Z</time>
  </trkpt>
  <trkpt lat="54.78293" lon="25.316165">
    <ele>148</ele>
    <time>2020-09-07T21:34:58.519999Z</time>
  </trkpt>
  <trkpt lat="54.782945" lon="25.31612167">
    <ele>148</ele>
    <time>2020-09-07T21:34:59.520999Z</time>
  </trkpt>
  <trkpt lat="54.78296167" lon="25.31608">
    <ele>148</ele>
    <time>2020-09-07T21:35:00.520999Z</time>
  </trkpt>
  <trkpt lat="54.78297667" lon="25.31603833">
    <ele>148</ele>
    <time>2020-09-07T21:35:01.520999Z</time>
  </trkpt>
  <trkpt lat="54.78299167" lon="25.315995">
    <ele>148</ele>
    <time>2020-09-07T21:35:02.520999Z</time>
  </trkpt>
  <trkpt lat="54.78300667" lon="25.31595333">
    <ele>148</ele>
    <time>2020-09-07T21:35:03.519999Z</time>
  </trkpt>
  <trkpt lat="54.78302" lon="25.31591667">
    <ele>148</ele>
    <time>2020-09-07T21:35:04.520999Z</time>
  </trkpt>
  <trkpt lat="54.783035" lon="25.315875">
    <ele>148</ele>
    <time>2020-09-07T21:35:05.520999Z</time>
  </trkpt>
  <trkpt lat="54.78305333" lon="25.31582833">
    <ele>148</ele>
    <time>2020-09-07T21:35:06.520999Z</time>
  </trkpt>
  <trkpt lat="54.78306667" lon="25.31579">
    <ele>149</ele>
    <time>2020-09-07T21:35:07.520999Z</time>
  </trkpt>
  <trkpt lat="54.78308" lon="25.31575">
    <ele>149</ele>
    <time>2020-09-07T21:35:08.520999Z</time>
  </trkpt>
  <trkpt lat="54.78309" lon="25.31571667">
    <ele>149</ele>
    <time>2020-09-07T21:35:09.520999Z</time>
  </trkpt>
  <trkpt lat="54.7831" lon="25.315665">
    <ele>150</ele>
    <time>2020-09-07T21:35:10.520999Z</time>
  </trkpt>
  <trkpt lat="54.78311333" lon="25.315625">
    <ele>150</ele>
    <time>2020-09-07T21:35:11.520999Z</time>
  </trkpt>
  <trkpt lat="54.78312333" lon="25.31558333">
    <ele>150</ele>
    <time>2020-09-07T21:35:12.519999Z</time>
  </trkpt>
  <trkpt lat="54.78313" lon="25.315545">
    <ele>150</ele>
    <time>2020-09-07T21:35:13.520999Z</time>
  </trkpt>
  <trkpt lat="54.78313667" lon="25.31549833">
    <ele>150</ele>
    <time>2020-09-07T21:35:14.519999Z</time>
  </trkpt>
  <trkpt lat="54.78314333" lon="25.31545333">
    <ele>150</ele>
    <time>2020-09-07T21:35:15.519999Z</time>
  </trkpt>
  <trkpt lat="54.78315167" lon="25.31541333">
    <ele>150</ele>
    <time>2020-09-07T21:35:16.519999Z</time>
  </trkpt>
  <trkpt lat="54.78316333" lon="25.31535333">
    <ele>150</ele>
    <time>2020-09-07T21:35:17.520999Z</time>
  </trkpt>
  <trkpt lat="54.78317333" lon="25.315305">
    <ele>150</ele>
    <time>2020-09-07T21:35:18.520999Z</time>
  </trkpt>
  <trkpt lat="54.78318833" lon="25.31526833">
    <ele>150</ele>
    <time>2020-09-07T21:35:19.520999Z</time>
  </trkpt>
  <trkpt lat="54.783195" lon="25.31521833">
    <ele>150</ele>
    <time>2020-09-07T21:35:20.520999Z</time>
  </trkpt>
  <trkpt lat="54.783205" lon="25.31516667">
    <ele>150</ele>
    <time>2020-09-07T21:35:21.520999Z</time>
  </trkpt>
  <trkpt lat="54.78321333" lon="25.31509667">
    <ele>151</ele>
    <time>2020-09-07T21:35:22.520999Z</time>
  </trkpt>
  <trkpt lat="54.78323167" lon="25.31505">
    <ele>151</ele>
    <time>2020-09-07T21:35:23.520999Z</time>
  </trkpt>
  <trkpt lat="54.78324833" lon="25.31500333">
    <ele>151</ele>
    <time>2020-09-07T21:35:24.519999Z</time>
  </trkpt>
  <trkpt lat="54.78326167" lon="25.31497">
    <ele>151</ele>
    <time>2020-09-07T21:35:25.520999Z</time>
  </trkpt>
  <trkpt lat="54.78327833" lon="25.31493">
    <ele>152</ele>
    <time>2020-09-07T21:35:26.520999Z</time>
  </trkpt>
  <trkpt lat="54.78329667" lon="25.31487667">
    <ele>152</ele>
    <time>2020-09-07T21:35:27.520999Z</time>
  </trkpt>
  <trkpt lat="54.78331" lon="25.31483167">
    <ele>153</ele>
    <time>2020-09-07T21:35:28.520999Z</time>
  </trkpt>
  <trkpt lat="54.78332" lon="25.31479333">
    <ele>152</ele>
    <time>2020-09-07T21:35:29.519999Z</time>
  </trkpt>
  <trkpt lat="54.78333333" lon="25.31473667">
    <ele>152</ele>
    <time>2020-09-07T21:35:30.520999Z</time>
  </trkpt>
  <trkpt lat="54.78334833" lon="25.31468833">
    <ele>152</ele>
    <time>2020-09-07T21:35:31.520999Z</time>
  </trkpt>
  <trkpt lat="54.78336" lon="25.31464167">
    <ele>152</ele>
    <time>2020-09-07T21:35:32.520999Z</time>
  </trkpt>
  <trkpt lat="54.78336667" lon="25.31459833">
    <ele>151</ele>
    <time>2020-09-07T21:35:33.520999Z</time>
  </trkpt>
  <trkpt lat="54.78337333" lon="25.31455667">
    <ele>151</ele>
    <time>2020-09-07T21:35:34.520999Z</time>
  </trkpt>
  <trkpt lat="54.78338167" lon="25.31451">
    <ele>151</ele>
    <time>2020-09-07T21:35:35.520999Z</time>
  </trkpt>
  <trkpt lat="54.78339" lon="25.31446167">
    <ele>151</ele>
    <time>2020-09-07T21:35:36.519999Z</time>
  </trkpt>
  <trkpt lat="54.78340167" lon="25.31441667">
    <ele>150</ele>
    <time>2020-09-07T21:35:37.519999Z</time>
  </trkpt>
  <trkpt lat="54.783415" lon="25.31437333">
    <ele>150</ele>
    <time>2020-09-07T21:35:38.520999Z</time>
  </trkpt>
  <trkpt lat="54.78342333" lon="25.314338330000002">
    <ele>151</ele>
    <time>2020-09-07T21:35:39.520999Z</time>
  </trkpt>
  <trkpt lat="54.78343333" lon="25.31429">
    <ele>151</ele>
    <time>2020-09-07T21:35:40.520999Z</time>
  </trkpt>
  <trkpt lat="54.78344167" lon="25.31423167">
    <ele>150</ele>
    <time>2020-09-07T21:35:41.520999Z</time>
  </trkpt>
  <trkpt lat="54.78345" lon="25.31418333">
    <ele>150</ele>
    <time>2020-09-07T21:35:42.520999Z</time>
  </trkpt>
  <trkpt lat="54.78346" lon="25.31413667">
    <ele>150</ele>
    <time>2020-09-07T21:35:43.519999Z</time>
  </trkpt>
  <trkpt lat="54.78346667" lon="25.31409833">
    <ele>149</ele>
    <time>2020-09-07T21:35:44.519999Z</time>
  </trkpt>
  <trkpt lat="54.78347167" lon="25.31404167">
    <ele>149</ele>
    <time>2020-09-07T21:35:45.520999Z</time>
  </trkpt>
  <trkpt lat="54.78347667" lon="25.31399">
    <ele>149</ele>
    <time>2020-09-07T21:35:46.520999Z</time>
  </trkpt>
  <trkpt lat="54.78348167" lon="25.31394833">
    <ele>149</ele>
    <time>2020-09-07T21:35:47.520999Z</time>
  </trkpt>
  <trkpt lat="54.78348833" lon="25.31390167">
    <ele>149</ele>
    <time>2020-09-07T21:35:48.520999Z</time>
  </trkpt>
  <trkpt lat="54.783495" lon="25.31384333">
    <ele>149</ele>
    <time>2020-09-07T21:35:49.519999Z</time>
  </trkpt>
  <trkpt lat="54.78349667" lon="25.3138">
    <ele>148</ele>
    <time>2020-09-07T21:35:50.519999Z</time>
  </trkpt>
  <trkpt lat="54.78350333" lon="25.31373833">
    <ele>148</ele>
    <time>2020-09-07T21:35:51.520999Z</time>
  </trkpt>
  <trkpt lat="54.78351667" lon="25.31369333">
    <ele>148</ele>
    <time>2020-09-07T21:35:52.520999Z</time>
  </trkpt>
  <trkpt lat="54.78353167" lon="25.31365667">
    <ele>148</ele>
    <time>2020-09-07T21:35:53.519999Z</time>
  </trkpt>
  <trkpt lat="54.78355" lon="25.31362">
    <ele>148</ele>
    <time>2020-09-07T21:35:54.520999Z</time>
  </trkpt>
  <trkpt lat="54.783565" lon="25.31358">
    <ele>148</ele>
    <time>2020-09-07T21:35:55.520999Z</time>
  </trkpt>
  <trkpt lat="54.78357667" lon="25.31354">
    <ele>148</ele>
    <time>2020-09-07T21:35:56.520999Z</time>
  </trkpt>
  <trkpt lat="54.78359" lon="25.31348667">
    <ele>148</ele>
    <time>2020-09-07T21:35:57.520999Z</time>
  </trkpt>
  <trkpt lat="54.783605" lon="25.31345">
    <ele>149</ele>
    <time>2020-09-07T21:35:58.520999Z</time>
  </trkpt>
  <trkpt lat="54.78362333" lon="25.31342167">
    <ele>149</ele>
    <time>2020-09-07T21:35:59.520999Z</time>
  </trkpt>
  <trkpt lat="54.78363" lon="25.313385">
    <ele>150</ele>
    <time>2020-09-07T21:36:00.519999Z</time>
  </trkpt>
  <trkpt lat="54.78364167" lon="25.313345">
    <ele>150</ele>
    <time>2020-09-07T21:36:01.519999Z</time>
  </trkpt>
  <trkpt lat="54.78365" lon="25.31329167">
    <ele>151</ele>
    <time>2020-09-07T21:36:02.520999Z</time>
  </trkpt>
  <trkpt lat="54.78366167" lon="25.31324167">
    <ele>151</ele>
    <time>2020-09-07T21:36:03.520999Z</time>
  </trkpt>
  <trkpt lat="54.78367167" lon="25.31319833">
    <ele>151</ele>
    <time>2020-09-07T21:36:04.520999Z</time>
  </trkpt>
  <trkpt lat="54.78368833" lon="25.31315833">
    <ele>151</ele>
    <time>2020-09-07T21:36:05.519999Z</time>
  </trkpt>
  <trkpt lat="54.78369667" lon="25.31312667">
    <ele>151</ele>
    <time>2020-09-07T21:36:06.520999Z</time>
  </trkpt>
  <trkpt lat="54.78370333" lon="25.31307667">
    <ele>151</ele>
    <time>2020-09-07T21:36:07.520999Z</time>
  </trkpt>
  <trkpt lat="54.78371167" lon="25.31303333">
    <ele>151</ele>
    <time>2020-09-07T21:36:08.520999Z</time>
  </trkpt>
  <trkpt lat="54.78371833" lon="25.31299">
    <ele>151</ele>
    <time>2020-09-07T21:36:09.519999Z</time>
  </trkpt>
  <trkpt lat="54.783725" lon="25.312945">
    <ele>151</ele>
    <time>2020-09-07T21:36:10.520999Z</time>
  </trkpt>
  <trkpt lat="54.78373167" lon="25.3129">
    <ele>151</ele>
    <time>2020-09-07T21:36:11.520999Z</time>
  </trkpt>
  <trkpt lat="54.78373833" lon="25.312855">
    <ele>151</ele>
    <time>2020-09-07T21:36:12.520999Z</time>
  </trkpt>
  <trkpt lat="54.78374333" lon="25.31281">
    <ele>152</ele>
    <time>2020-09-07T21:36:13.519999Z</time>
  </trkpt>
  <trkpt lat="54.78375167" lon="25.31276667">
    <ele>152</ele>
    <time>2020-09-07T21:36:14.520999Z</time>
  </trkpt>
  <trkpt lat="54.783755" lon="25.31272167">
    <ele>152</ele>
    <time>2020-09-07T21:36:15.520999Z</time>
  </trkpt>
  <trkpt lat="54.78375833" lon="25.31267667">
    <ele>152</ele>
    <time>2020-09-07T21:36:16.520999Z</time>
  </trkpt>
  <trkpt lat="54.783765" lon="25.31263">
    <ele>152</ele>
    <time>2020-09-07T21:36:17.520999Z</time>
  </trkpt>
  <trkpt lat="54.78377167" lon="25.312585">
    <ele>152</ele>
    <time>2020-09-07T21:36:18.519999Z</time>
  </trkpt>
  <trkpt lat="54.78377833" lon="25.312545">
    <ele>152</ele>
    <time>2020-09-07T21:36:19.519999Z</time>
  </trkpt>
  <trkpt lat="54.783785" lon="25.31249333">
    <ele>152</ele>
    <time>2020-09-07T21:36:20.520999Z</time>
  </trkpt>
  <trkpt lat="54.78379167" lon="25.312435">
    <ele>152</ele>
    <time>2020-09-07T21:36:21.520999Z</time>
  </trkpt>
  <trkpt lat="54.78379667" lon="25.31238833">
    <ele>152</ele>
    <time>2020-09-07T21:36:22.520999Z</time>
  </trkpt>
  <trkpt lat="54.78380667" lon="25.31234333">
    <ele>151</ele>
    <time>2020-09-07T21:36:23.520999Z</time>
  </trkpt>
  <trkpt lat="54.78381167" lon="25.31229667">
    <ele>151</ele>
    <time>2020-09-07T21:36:24.519999Z</time>
  </trkpt>
  <trkpt lat="54.78381667" lon="25.312255">
    <ele>151</ele>
    <time>2020-09-07T21:36:25.520999Z</time>
  </trkpt>
  <trkpt lat="54.78382333" lon="25.31221167">
    <ele>150</ele>
    <time>2020-09-07T21:36:26.520999Z</time>
  </trkpt>
  <trkpt lat="54.78383333" lon="25.31216167">
    <ele>150</ele>
    <time>2020-09-07T21:36:27.519999Z</time>
  </trkpt>
  <trkpt lat="54.78384" lon="25.31211333">
    <ele>150</ele>
    <time>2020-09-07T21:36:28.520999Z</time>
  </trkpt>
  <trkpt lat="54.78384833" lon="25.31207">
    <ele>150</ele>
    <time>2020-09-07T21:36:29.519999Z</time>
  </trkpt>
  <trkpt lat="54.78385833" lon="25.312035">
    <ele>150</ele>
    <time>2020-09-07T21:36:30.520999Z</time>
  </trkpt>
  <trkpt lat="54.78386833" lon="25.31199">
    <ele>149</ele>
    <time>2020-09-07T21:36:31.519999Z</time>
  </trkpt>
  <trkpt lat="54.783875" lon="25.31194833">
    <ele>149</ele>
    <time>2020-09-07T21:36:32.520999Z</time>
  </trkpt>
  <trkpt lat="54.78388167" lon="25.31190333">
    <ele>149</ele>
    <time>2020-09-07T21:36:33.519999Z</time>
  </trkpt>
  <trkpt lat="54.78389" lon="25.31186">
    <ele>149</ele>
    <time>2020-09-07T21:36:34.519999Z</time>
  </trkpt>
  <trkpt lat="54.7839" lon="25.311815">
    <ele>150</ele>
    <time>2020-09-07T21:36:35.520999Z</time>
  </trkpt>
  <trkpt lat="54.78391333" lon="25.31177833">
    <ele>150</ele>
    <time>2020-09-07T21:36:36.520999Z</time>
  </trkpt>
  <trkpt lat="54.78392333" lon="25.31173333">
    <ele>150</ele>
    <time>2020-09-07T21:36:37.520999Z</time>
  </trkpt>
  <trkpt lat="54.78393167" lon="25.311685">
    <ele>149</ele>
    <time>2020-09-07T21:36:38.520999Z</time>
  </trkpt>
  <trkpt lat="54.78394167" lon="25.31163333">
    <ele>149</ele>
    <time>2020-09-07T21:36:39.519999Z</time>
  </trkpt>
  <trkpt lat="54.78395333" lon="25.31158167">
    <ele>149</ele>
    <time>2020-09-07T21:36:40.520999Z</time>
  </trkpt>
  <trkpt lat="54.78396667" lon="25.31152833">
    <ele>149</ele>
    <time>2020-09-07T21:36:41.520999Z</time>
  </trkpt>
  <trkpt lat="54.78398" lon="25.31147333">
    <ele>148</ele>
    <time>2020-09-07T21:36:42.519999Z</time>
  </trkpt>
  <trkpt lat="54.78399167" lon="25.31141833">
    <ele>148</ele>
    <time>2020-09-07T21:36:43.520999Z</time>
  </trkpt>
  <trkpt lat="54.784" lon="25.311375">
    <ele>148</ele>
    <time>2020-09-07T21:36:44.519999Z</time>
  </trkpt>
  <trkpt lat="54.78400667" lon="25.31132333">
    <ele>148</ele>
    <time>2020-09-07T21:36:45.520999Z</time>
  </trkpt>
  <trkpt lat="54.78401167" lon="25.31126333">
    <ele>148</ele>
    <time>2020-09-07T21:36:46.520999Z</time>
  </trkpt>
  <trkpt lat="54.78401833" lon="25.31120833">
    <ele>148</ele>
    <time>2020-09-07T21:36:47.520999Z</time>
  </trkpt>
  <trkpt lat="54.78402167" lon="25.31115333">
    <ele>147</ele>
    <time>2020-09-07T21:36:48.520999Z</time>
  </trkpt>
  <trkpt lat="54.78402833" lon="25.311095">
    <ele>147</ele>
    <time>2020-09-07T21:36:49.519999Z</time>
  </trkpt>
  <trkpt lat="54.78403833" lon="25.31104167">
    <ele>146</ele>
    <time>2020-09-07T21:36:50.520999Z</time>
  </trkpt>
  <trkpt lat="54.78404833" lon="25.31099167">
    <ele>145</ele>
    <time>2020-09-07T21:36:51.520999Z</time>
  </trkpt>
  <trkpt lat="54.78405833" lon="25.31094">
    <ele>145</ele>
    <time>2020-09-07T21:36:52.520999Z</time>
  </trkpt>
  <trkpt lat="54.78406833" lon="25.310885">
    <ele>144</ele>
    <time>2020-09-07T21:36:53.520999Z</time>
  </trkpt>
  <trkpt lat="54.78407333" lon="25.31082833">
    <ele>143</ele>
    <time>2020-09-07T21:36:54.519999Z</time>
  </trkpt>
  <trkpt lat="54.78408" lon="25.31077">
    <ele>143</ele>
    <time>2020-09-07T21:36:55.520999Z</time>
  </trkpt>
  <trkpt lat="54.78409" lon="25.310715">
    <ele>143</ele>
    <time>2020-09-07T21:36:56.519999Z</time>
  </trkpt>
  <trkpt lat="54.78409833" lon="25.31065833">
    <ele>143</ele>
    <time>2020-09-07T21:36:57.520999Z</time>
  </trkpt>
  <trkpt lat="54.78411" lon="25.310605">
    <ele>142</ele>
    <time>2020-09-07T21:36:58.520999Z</time>
  </trkpt>
  <trkpt lat="54.78411833" lon="25.31055">
    <ele>142</ele>
    <time>2020-09-07T21:36:59.520999Z</time>
  </trkpt>
  <trkpt lat="54.78412333" lon="25.310495">
    <ele>141</ele>
    <time>2020-09-07T21:37:00.520999Z</time>
  </trkpt>
  <trkpt lat="54.78412833" lon="25.31045167">
    <ele>141</ele>
    <time>2020-09-07T21:37:01.520999Z</time>
  </trkpt>
  <trkpt lat="54.78414333" lon="25.31039333">
    <ele>141</ele>
    <time>2020-09-07T21:37:02.520999Z</time>
  </trkpt>
  <trkpt lat="54.784155" lon="25.310345">
    <ele>141</ele>
    <time>2020-09-07T21:37:03.519999Z</time>
  </trkpt>
  <trkpt lat="54.78416667" lon="25.310295">
    <ele>141</ele>
    <time>2020-09-07T21:37:04.519999Z</time>
  </trkpt>
  <trkpt lat="54.784175" lon="25.31024167">
    <ele>141</ele>
    <time>2020-09-07T21:37:05.520999Z</time>
  </trkpt>
  <trkpt lat="54.78418167" lon="25.31019">
    <ele>141</ele>
    <time>2020-09-07T21:37:06.520999Z</time>
  </trkpt>
  <trkpt lat="54.78418833" lon="25.31013333">
    <ele>140</ele>
    <time>2020-09-07T21:37:07.520999Z</time>
  </trkpt>
  <trkpt lat="54.7842" lon="25.31007833">
    <ele>140</ele>
    <time>2020-09-07T21:37:08.520999Z</time>
  </trkpt>
  <trkpt lat="54.78420833" lon="25.31002667">
    <ele>140</ele>
    <time>2020-09-07T21:37:09.520999Z</time>
  </trkpt>
  <trkpt lat="54.78421667" lon="25.30997167">
    <ele>139</ele>
    <time>2020-09-07T21:37:10.520999Z</time>
  </trkpt>
  <trkpt lat="54.78422333" lon="25.30992">
    <ele>139</ele>
    <time>2020-09-07T21:37:11.519999Z</time>
  </trkpt>
  <trkpt lat="54.78422667" lon="25.30986833">
    <ele>139</ele>
    <time>2020-09-07T21:37:12.520999Z</time>
  </trkpt>
  <trkpt lat="54.784235" lon="25.30981">
    <ele>139</ele>
    <time>2020-09-07T21:37:13.520999Z</time>
  </trkpt>
  <trkpt lat="54.784245" lon="25.30976167">
    <ele>139</ele>
    <time>2020-09-07T21:37:14.520999Z</time>
  </trkpt>
  <trkpt lat="54.78426" lon="25.30971333">
    <ele>139</ele>
    <time>2020-09-07T21:37:15.520999Z</time>
  </trkpt>
  <trkpt lat="54.78427" lon="25.309665">
    <ele>139</ele>
    <time>2020-09-07T21:37:16.519999Z</time>
  </trkpt>
  <trkpt lat="54.78427833" lon="25.30961833">
    <ele>139</ele>
    <time>2020-09-07T21:37:17.520999Z</time>
  </trkpt>
  <trkpt lat="54.78429333" lon="25.30956667">
    <ele>139</ele>
    <time>2020-09-07T21:37:18.520999Z</time>
  </trkpt>
  <trkpt lat="54.78430333" lon="25.30951833">
    <ele>139</ele>
    <time>2020-09-07T21:37:19.520999Z</time>
  </trkpt>
  <trkpt lat="54.78431167" lon="25.30947333">
    <ele>139</ele>
    <time>2020-09-07T21:37:20.519999Z</time>
  </trkpt>
  <trkpt lat="54.78432" lon="25.30943167">
    <ele>138</ele>
    <time>2020-09-07T21:37:21.520999Z</time>
  </trkpt>
  <trkpt lat="54.78432833" lon="25.30938833">
    <ele>138</ele>
    <time>2020-09-07T21:37:22.520999Z</time>
  </trkpt>
  <trkpt lat="54.78433667" lon="25.30934667">
    <ele>138</ele>
    <time>2020-09-07T21:37:23.520999Z</time>
  </trkpt>
  <trkpt lat="54.78435" lon="25.30930667">
    <ele>138</ele>
    <time>2020-09-07T21:37:24.520999Z</time>
  </trkpt>
  <trkpt lat="54.78436333" lon="25.30926333">
    <ele>138</ele>
    <time>2020-09-07T21:37:25.519999Z</time>
  </trkpt>
  <trkpt lat="54.78437333" lon="25.30922">
    <ele>138</ele>
    <time>2020-09-07T21:37:26.520999Z</time>
  </trkpt>
  <trkpt lat="54.78439" lon="25.30918">
    <ele>138</ele>
    <time>2020-09-07T21:37:27.520999Z</time>
  </trkpt>
  <trkpt lat="54.784405" lon="25.30913833">
    <ele>137</ele>
    <time>2020-09-07T21:37:28.520999Z</time>
  </trkpt>
  <trkpt lat="54.784415" lon="25.30910333">
    <ele>137</ele>
    <time>2020-09-07T21:37:29.519999Z</time>
  </trkpt>
  <trkpt lat="54.78442833" lon="25.30905167">
    <ele>137</ele>
    <time>2020-09-07T21:37:30.520999Z</time>
  </trkpt>
  <trkpt lat="54.78444" lon="25.30900833">
    <ele>137</ele>
    <time>2020-09-07T21:37:31.520999Z</time>
  </trkpt>
  <trkpt lat="54.78445" lon="25.30896667">
    <ele>137</ele>
    <time>2020-09-07T21:37:32.520999Z</time>
  </trkpt>
  <trkpt lat="54.78446" lon="25.30892333">
    <ele>137</ele>
    <time>2020-09-07T21:37:33.520999Z</time>
  </trkpt>
  <trkpt lat="54.78447" lon="25.30887833">
    <ele>137</ele>
    <time>2020-09-07T21:37:34.519999Z</time>
  </trkpt>
  <trkpt lat="54.78448333" lon="25.30883667">
    <ele>137</ele>
    <time>2020-09-07T21:37:35.520999Z</time>
  </trkpt>
  <trkpt lat="54.78449333" lon="25.30879333">
    <ele>137</ele>
    <time>2020-09-07T21:37:36.520999Z</time>
  </trkpt>
  <trkpt lat="54.78450333" lon="25.30875333">
    <ele>138</ele>
    <time>2020-09-07T21:37:37.520999Z</time>
  </trkpt>
  <trkpt lat="54.784515" lon="25.30870833">
    <ele>138</ele>
    <time>2020-09-07T21:37:38.519999Z</time>
  </trkpt>
  <trkpt lat="54.784525" lon="25.30866167">
    <ele>138</ele>
    <time>2020-09-07T21:37:39.520999Z</time>
  </trkpt>
  <trkpt lat="54.784535" lon="25.30861667">
    <ele>137</ele>
    <time>2020-09-07T21:37:40.519999Z</time>
  </trkpt>
  <trkpt lat="54.78454167" lon="25.30856833">
    <ele>137</ele>
    <time>2020-09-07T21:37:41.520999Z</time>
  </trkpt>
  <trkpt lat="54.78454833" lon="25.30852167">
    <ele>137</ele>
    <time>2020-09-07T21:37:42.520999Z</time>
  </trkpt>
  <trkpt lat="54.78455667" lon="25.30847333">
    <ele>137</ele>
    <time>2020-09-07T21:37:43.519999Z</time>
  </trkpt>
  <trkpt lat="54.784565" lon="25.30842667">
    <ele>137</ele>
    <time>2020-09-07T21:37:44.520999Z</time>
  </trkpt>
  <trkpt lat="54.78457167" lon="25.30838">
    <ele>137</ele>
    <time>2020-09-07T21:37:45.519999Z</time>
  </trkpt>
  <trkpt lat="54.78457833" lon="25.30833">
    <ele>137</ele>
    <time>2020-09-07T21:37:46.519999Z</time>
  </trkpt>
  <trkpt lat="54.784585" lon="25.308285">
    <ele>137</ele>
    <time>2020-09-07T21:37:47.519999Z</time>
  </trkpt>
  <trkpt lat="54.78459167" lon="25.30823833">
    <ele>137</ele>
    <time>2020-09-07T21:37:48.520999Z</time>
  </trkpt>
  <trkpt lat="54.7846" lon="25.30819333">
    <ele>137</ele>
    <time>2020-09-07T21:37:49.519999Z</time>
  </trkpt>
  <trkpt lat="54.78460667" lon="25.30815">
    <ele>138</ele>
    <time>2020-09-07T21:37:50.520999Z</time>
  </trkpt>
  <trkpt lat="54.78461333" lon="25.30810333">
    <ele>138</ele>
    <time>2020-09-07T21:37:51.520999Z</time>
  </trkpt>
  <trkpt lat="54.78462167" lon="25.30805667">
    <ele>139</ele>
    <time>2020-09-07T21:37:52.520999Z</time>
  </trkpt>
  <trkpt lat="54.78463" lon="25.30801333">
    <ele>139</ele>
    <time>2020-09-07T21:37:53.520999Z</time>
  </trkpt>
  <trkpt lat="54.78463833" lon="25.30796833">
    <ele>139</ele>
    <time>2020-09-07T21:37:54.519999Z</time>
  </trkpt>
  <trkpt lat="54.78464333" lon="25.30793333">
    <ele>139</ele>
    <time>2020-09-07T21:37:55.520999Z</time>
  </trkpt>
  <trkpt lat="54.784655" lon="25.30787833">
    <ele>139</ele>
    <time>2020-09-07T21:37:56.520999Z</time>
  </trkpt>
  <trkpt lat="54.78466667" lon="25.30783333">
    <ele>139</ele>
    <time>2020-09-07T21:37:57.520999Z</time>
  </trkpt>
  <trkpt lat="54.78468167" lon="25.307795">
    <ele>139</ele>
    <time>2020-09-07T21:37:58.519999Z</time>
  </trkpt>
  <trkpt lat="54.7847" lon="25.307755">
    <ele>139</ele>
    <time>2020-09-07T21:37:59.520999Z</time>
  </trkpt>
  <trkpt lat="54.78471333" lon="25.30772333">
    <ele>139</ele>
    <time>2020-09-07T21:38:00.520999Z</time>
  </trkpt>
  <trkpt lat="54.78473333" lon="25.307675">
    <ele>139</ele>
    <time>2020-09-07T21:38:01.520999Z</time>
  </trkpt>
  <trkpt lat="54.78475167" lon="25.30763833">
    <ele>139</ele>
    <time>2020-09-07T21:38:02.520999Z</time>
  </trkpt>
  <trkpt lat="54.78477" lon="25.30760333">
    <ele>139</ele>
    <time>2020-09-07T21:38:03.519999Z</time>
  </trkpt>
  <trkpt lat="54.78479" lon="25.30756833">
    <ele>139</ele>
    <time>2020-09-07T21:38:04.520999Z</time>
  </trkpt>
  <trkpt lat="54.78480833" lon="25.30754">
    <ele>139</ele>
    <time>2020-09-07T21:38:05.520999Z</time>
  </trkpt>
  <trkpt lat="54.784825" lon="25.30752">
    <ele>140</ele>
    <time>2020-09-07T21:38:06.520999Z</time>
  </trkpt>
  <trkpt lat="54.78484667" lon="25.30748667">
    <ele>140</ele>
    <time>2020-09-07T21:38:07.519999Z</time>
  </trkpt>
  <trkpt lat="54.784865" lon="25.30746667">
    <ele>140</ele>
    <time>2020-09-07T21:38:08.520999Z</time>
  </trkpt>
  <trkpt lat="54.78488167" lon="25.30744167">
    <ele>140</ele>
    <time>2020-09-07T21:38:09.520999Z</time>
  </trkpt>
  <trkpt lat="54.78489833" lon="25.30741833">
    <ele>140</ele>
    <time>2020-09-07T21:38:10.520999Z</time>
  </trkpt>
  <trkpt lat="54.784910000000004" lon="25.30740167">
    <ele>140</ele>
    <time>2020-09-07T21:38:11.520999Z</time>
  </trkpt>
  <trkpt lat="54.784925" lon="25.307375">
    <ele>141</ele>
    <time>2020-09-07T21:38:12.519999Z</time>
  </trkpt>
  <trkpt lat="54.78493833" lon="25.307355">
    <ele>141</ele>
    <time>2020-09-07T21:38:13.520999Z</time>
  </trkpt>
  <trkpt lat="54.78495" lon="25.30733167">
    <ele>142</ele>
    <time>2020-09-07T21:38:14.520999Z</time>
  </trkpt>
  <trkpt lat="54.78496333" lon="25.30731167">
    <ele>142</ele>
    <time>2020-09-07T21:38:15.520999Z</time>
  </trkpt>
  <trkpt lat="54.78497833" lon="25.30729667">
    <ele>142</ele>
    <time>2020-09-07T21:38:16.519999Z</time>
  </trkpt>
  <trkpt lat="54.78499333" lon="25.30728167">
    <ele>142</ele>
    <time>2020-09-07T21:38:17.520999Z</time>
  </trkpt>
  <trkpt lat="54.78500833" lon="25.30726333">
    <ele>143</ele>
    <time>2020-09-07T21:38:18.520999Z</time>
  </trkpt>
  <trkpt lat="54.78502333" lon="25.30724333">
    <ele>143</ele>
    <time>2020-09-07T21:38:19.520999Z</time>
  </trkpt>
  <trkpt lat="54.78504167" lon="25.30721667">
    <ele>143</ele>
    <time>2020-09-07T21:38:20.519999Z</time>
  </trkpt>
  <trkpt lat="54.78505833" lon="25.30719167">
    <ele>143</ele>
    <time>2020-09-07T21:38:21.520999Z</time>
  </trkpt>
  <trkpt lat="54.78507667" lon="25.30716167">
    <ele>143</ele>
    <time>2020-09-07T21:38:22.520999Z</time>
  </trkpt>
  <trkpt lat="54.78509333" lon="25.30713167">
    <ele>143</ele>
    <time>2020-09-07T21:38:23.520999Z</time>
  </trkpt>
  <trkpt lat="54.78511167" lon="25.30710167">
    <ele>143</ele>
    <time>2020-09-07T21:38:24.519999Z</time>
  </trkpt>
  <trkpt lat="54.78512833" lon="25.30707167">
    <ele>143</ele>
    <time>2020-09-07T21:38:25.519999Z</time>
  </trkpt>
  <trkpt lat="54.78514833" lon="25.30704333">
    <ele>143</ele>
    <time>2020-09-07T21:38:26.520999Z</time>
  </trkpt>
  <trkpt lat="54.785165" lon="25.307015">
    <ele>143</ele>
    <time>2020-09-07T21:38:27.519999Z</time>
  </trkpt>
  <trkpt lat="54.78518333" lon="25.30698333">
    <ele>144</ele>
    <time>2020-09-07T21:38:28.520999Z</time>
  </trkpt>
  <trkpt lat="54.7852" lon="25.30695167">
    <ele>144</ele>
    <time>2020-09-07T21:38:29.519999Z</time>
  </trkpt>
  <trkpt lat="54.78521667" lon="25.30692">
    <ele>144</ele>
    <time>2020-09-07T21:38:30.520999Z</time>
  </trkpt>
  <trkpt lat="54.785235" lon="25.30688833">
    <ele>144</ele>
    <time>2020-09-07T21:38:31.520999Z</time>
  </trkpt>
  <trkpt lat="54.78525" lon="25.30685167">
    <ele>144</ele>
    <time>2020-09-07T21:38:32.520999Z</time>
  </trkpt>
  <trkpt lat="54.785265" lon="25.30681667">
    <ele>144</ele>
    <time>2020-09-07T21:38:33.519999Z</time>
  </trkpt>
  <trkpt lat="54.78527833" lon="25.30677667">
    <ele>144</ele>
    <time>2020-09-07T21:38:34.520999Z</time>
  </trkpt>
  <trkpt lat="54.78529" lon="25.30673833">
    <ele>144</ele>
    <time>2020-09-07T21:38:35.520999Z</time>
  </trkpt>
  <trkpt lat="54.78530333" lon="25.30669833">
    <ele>144</ele>
    <time>2020-09-07T21:38:36.520999Z</time>
  </trkpt>
  <trkpt lat="54.785315" lon="25.30665833">
    <ele>144</ele>
    <time>2020-09-07T21:38:37.520999Z</time>
  </trkpt>
  <trkpt lat="54.78532667" lon="25.30661833">
    <ele>144</ele>
    <time>2020-09-07T21:38:38.520999Z</time>
  </trkpt>
  <trkpt lat="54.78533667" lon="25.30657833">
    <ele>144</ele>
    <time>2020-09-07T21:38:39.520999Z</time>
  </trkpt>
  <trkpt lat="54.78534667" lon="25.30653833">
    <ele>144</ele>
    <time>2020-09-07T21:38:40.520999Z</time>
  </trkpt>
  <trkpt lat="54.78535667" lon="25.30649833">
    <ele>144</ele>
    <time>2020-09-07T21:38:41.519999Z</time>
  </trkpt>
  <trkpt lat="54.78536833" lon="25.30645667">
    <ele>143</ele>
    <time>2020-09-07T21:38:42.520999Z</time>
  </trkpt>
  <trkpt lat="54.785375" lon="25.30641167">
    <ele>143</ele>
    <time>2020-09-07T21:38:43.519999Z</time>
  </trkpt>
  <trkpt lat="54.78538333" lon="25.30636667">
    <ele>143</ele>
    <time>2020-09-07T21:38:44.520999Z</time>
  </trkpt>
  <trkpt lat="54.78538833" lon="25.30632">
    <ele>143</ele>
    <time>2020-09-07T21:38:45.520999Z</time>
  </trkpt>
  <trkpt lat="54.78539167" lon="25.30627">
    <ele>143</ele>
    <time>2020-09-07T21:38:46.519999Z</time>
  </trkpt>
  <trkpt lat="54.78539667" lon="25.30621833">
    <ele>143</ele>
    <time>2020-09-07T21:38:47.519999Z</time>
  </trkpt>
  <trkpt lat="54.78540167" lon="25.30617">
    <ele>143</ele>
    <time>2020-09-07T21:38:48.519999Z</time>
  </trkpt>
  <trkpt lat="54.78540667" lon="25.30612167">
    <ele>143</ele>
    <time>2020-09-07T21:38:49.520999Z</time>
  </trkpt>
  <trkpt lat="54.78541167" lon="25.30607333">
    <ele>144</ele>
    <time>2020-09-07T21:38:50.519999Z</time>
  </trkpt>
  <trkpt lat="54.785415" lon="25.30602833">
    <ele>144</ele>
    <time>2020-09-07T21:38:51.520999Z</time>
  </trkpt>
  <trkpt lat="54.78542" lon="25.30598333">
    <ele>144</ele>
    <time>2020-09-07T21:38:52.520999Z</time>
  </trkpt>
  <trkpt lat="54.785425" lon="25.30593833">
    <ele>144</ele>
    <time>2020-09-07T21:38:53.520999Z</time>
  </trkpt>
  <trkpt lat="54.78542833" lon="25.30588833">
    <ele>144</ele>
    <time>2020-09-07T21:38:54.520999Z</time>
  </trkpt>
  <trkpt lat="54.78543167" lon="25.30584833">
    <ele>144</ele>
    <time>2020-09-07T21:38:55.520999Z</time>
  </trkpt>
  <trkpt lat="54.78543833" lon="25.30578667">
    <ele>144</ele>
    <time>2020-09-07T21:38:56.520999Z</time>
  </trkpt>
  <trkpt lat="54.785445" lon="25.30574">
    <ele>144</ele>
    <time>2020-09-07T21:38:57.520999Z</time>
  </trkpt>
  <trkpt lat="54.78545" lon="25.30569333">
    <ele>144</ele>
    <time>2020-09-07T21:38:58.520999Z</time>
  </trkpt>
  <trkpt lat="54.78545333" lon="25.305645">
    <ele>144</ele>
    <time>2020-09-07T21:38:59.520999Z</time>
  </trkpt>
  <trkpt lat="54.785455" lon="25.30559833">
    <ele>145</ele>
    <time>2020-09-07T21:39:00.520999Z</time>
  </trkpt>
  <trkpt lat="54.78545833" lon="25.30556333">
    <ele>145</ele>
    <time>2020-09-07T21:39:01.520999Z</time>
  </trkpt>
  <trkpt lat="54.785465" lon="25.30551">
    <ele>145</ele>
    <time>2020-09-07T21:39:02.520999Z</time>
  </trkpt>
  <trkpt lat="54.785475" lon="25.30547">
    <ele>146</ele>
    <time>2020-09-07T21:39:03.520999Z</time>
  </trkpt>
  <trkpt lat="54.78549" lon="25.30543">
    <ele>146</ele>
    <time>2020-09-07T21:39:04.520999Z</time>
  </trkpt>
  <trkpt lat="54.78551" lon="25.305395">
    <ele>146</ele>
    <time>2020-09-07T21:39:05.520999Z</time>
  </trkpt>
  <trkpt lat="54.78553" lon="25.30536833">
    <ele>145</ele>
    <time>2020-09-07T21:39:06.519999Z</time>
  </trkpt>
  <trkpt lat="54.785555" lon="25.30534667">
    <ele>145</ele>
    <time>2020-09-07T21:39:07.520999Z</time>
  </trkpt>
  <trkpt lat="54.78558" lon="25.30533">
    <ele>145</ele>
    <time>2020-09-07T21:39:08.520999Z</time>
  </trkpt>
  <trkpt lat="54.7856" lon="25.30531833">
    <ele>145</ele>
    <time>2020-09-07T21:39:09.519999Z</time>
  </trkpt>
  <trkpt lat="54.78563167" lon="25.30530167">
    <ele>145</ele>
    <time>2020-09-07T21:39:10.520999Z</time>
  </trkpt>
  <trkpt lat="54.78565167" lon="25.30529333">
    <ele>145</ele>
    <time>2020-09-07T21:39:11.519999Z</time>
  </trkpt>
  <trkpt lat="54.78568333" lon="25.30528167">
    <ele>145</ele>
    <time>2020-09-07T21:39:12.520999Z</time>
  </trkpt>
  <trkpt lat="54.78571" lon="25.30527333">
    <ele>145</ele>
    <time>2020-09-07T21:39:13.519999Z</time>
  </trkpt>
  <trkpt lat="54.78573667" lon="25.305265">
    <ele>145</ele>
    <time>2020-09-07T21:39:14.519999Z</time>
  </trkpt>
  <trkpt lat="54.785765" lon="25.305255">
    <ele>145</ele>
    <time>2020-09-07T21:39:15.520999Z</time>
  </trkpt>
  <trkpt lat="54.78579333" lon="25.30524833">
    <ele>146</ele>
    <time>2020-09-07T21:39:16.519999Z</time>
  </trkpt>
  <trkpt lat="54.78582" lon="25.30524167">
    <ele>146</ele>
    <time>2020-09-07T21:39:17.519999Z</time>
  </trkpt>
  <trkpt lat="54.78584667" lon="25.30523833">
    <ele>147</ele>
    <time>2020-09-07T21:39:18.520999Z</time>
  </trkpt>
  <trkpt lat="54.78587333" lon="25.30523333">
    <ele>147</ele>
    <time>2020-09-07T21:39:19.519999Z</time>
  </trkpt>
  <trkpt lat="54.7859" lon="25.305225">
    <ele>147</ele>
    <time>2020-09-07T21:39:20.520999Z</time>
  </trkpt>
  <trkpt lat="54.78592667" lon="25.30521667">
    <ele>147</ele>
    <time>2020-09-07T21:39:21.519999Z</time>
  </trkpt>
  <trkpt lat="54.78595333" lon="25.30521">
    <ele>147</ele>
    <time>2020-09-07T21:39:22.520999Z</time>
  </trkpt>
  <trkpt lat="54.78598" lon="25.30520333">
    <ele>147</ele>
    <time>2020-09-07T21:39:23.520999Z</time>
  </trkpt>
  <trkpt lat="54.78599833" lon="25.30519667">
    <ele>147</ele>
    <time>2020-09-07T21:39:24.520999Z</time>
  </trkpt>
  <trkpt lat="54.78602833" lon="25.30518333">
    <ele>147</ele>
    <time>2020-09-07T21:39:25.519999Z</time>
  </trkpt>
  <trkpt lat="54.78605667" lon="25.30517667">
    <ele>147</ele>
    <time>2020-09-07T21:39:26.519999Z</time>
  </trkpt>
  <trkpt lat="54.78608333" lon="25.30516667">
    <ele>147</ele>
    <time>2020-09-07T21:39:27.520999Z</time>
  </trkpt>
  <trkpt lat="54.78611" lon="25.30515667">
    <ele>147</ele>
    <time>2020-09-07T21:39:28.520999Z</time>
  </trkpt>
  <trkpt lat="54.78613167" lon="25.305145">
    <ele>147</ele>
    <time>2020-09-07T21:39:29.520999Z</time>
  </trkpt>
  <trkpt lat="54.78615833" lon="25.30513333">
    <ele>147</ele>
    <time>2020-09-07T21:39:30.520999Z</time>
  </trkpt>
  <trkpt lat="54.78618667" lon="25.30512333">
    <ele>147</ele>
    <time>2020-09-07T21:39:31.520999Z</time>
  </trkpt>
  <trkpt lat="54.78621833" lon="25.30511">
    <ele>147</ele>
    <time>2020-09-07T21:39:32.520999Z</time>
  </trkpt>
  <trkpt lat="54.786245" lon="25.305095">
    <ele>147</ele>
    <time>2020-09-07T21:39:33.520999Z</time>
  </trkpt>
  <trkpt lat="54.78627" lon="25.30508167">
    <ele>147</ele>
    <time>2020-09-07T21:39:34.520999Z</time>
  </trkpt>
  <trkpt lat="54.78629667" lon="25.30507167">
    <ele>147</ele>
    <time>2020-09-07T21:39:35.520999Z</time>
  </trkpt>
  <trkpt lat="54.78632333" lon="25.30506167">
    <ele>147</ele>
    <time>2020-09-07T21:39:36.520999Z</time>
  </trkpt>
  <trkpt lat="54.78635167" lon="25.30505">
    <ele>147</ele>
    <time>2020-09-07T21:39:37.519999Z</time>
  </trkpt>
  <trkpt lat="54.78637833" lon="25.30504167">
    <ele>147</ele>
    <time>2020-09-07T21:39:38.519999Z</time>
  </trkpt>
  <trkpt lat="54.78639833" lon="25.30503167">
    <ele>147</ele>
    <time>2020-09-07T21:39:39.520999Z</time>
  </trkpt>
  <trkpt lat="54.78643167" lon="25.30502167">
    <ele>147</ele>
    <time>2020-09-07T21:39:40.520999Z</time>
  </trkpt>
  <trkpt lat="54.78645" lon="25.30501167">
    <ele>147</ele>
    <time>2020-09-07T21:39:41.520999Z</time>
  </trkpt>
  <trkpt lat="54.78648333" lon="25.305">
    <ele>146</ele>
    <time>2020-09-07T21:39:42.520999Z</time>
  </trkpt>
  <trkpt lat="54.78651" lon="25.30499333">
    <ele>146</ele>
    <time>2020-09-07T21:39:43.519999Z</time>
  </trkpt>
  <trkpt lat="54.78653" lon="25.30499">
    <ele>146</ele>
    <time>2020-09-07T21:39:44.520999Z</time>
  </trkpt>
  <trkpt lat="54.78655667" lon="25.30498333">
    <ele>146</ele>
    <time>2020-09-07T21:39:45.520999Z</time>
  </trkpt>
  <trkpt lat="54.78658667" lon="25.30497167">
    <ele>146</ele>
    <time>2020-09-07T21:39:46.520999Z</time>
  </trkpt>
  <trkpt lat="54.78660667" lon="25.30496833">
    <ele>146</ele>
    <time>2020-09-07T21:39:47.519999Z</time>
  </trkpt>
  <trkpt lat="54.78663833" lon="25.30496333">
    <ele>145</ele>
    <time>2020-09-07T21:39:48.520999Z</time>
  </trkpt>
  <trkpt lat="54.78665833" lon="25.30495667">
    <ele>145</ele>
    <time>2020-09-07T21:39:49.519999Z</time>
  </trkpt>
  <trkpt lat="54.78668333" lon="25.30495">
    <ele>145</ele>
    <time>2020-09-07T21:39:50.520999Z</time>
  </trkpt>
  <trkpt lat="54.78671" lon="25.304945">
    <ele>144</ele>
    <time>2020-09-07T21:39:51.520999Z</time>
  </trkpt>
  <trkpt lat="54.78674167" lon="25.30494167">
    <ele>144</ele>
    <time>2020-09-07T21:39:52.519999Z</time>
  </trkpt>
  <trkpt lat="54.78676833" lon="25.304935">
    <ele>144</ele>
    <time>2020-09-07T21:39:53.520999Z</time>
  </trkpt>
  <trkpt lat="54.78679" lon="25.30493">
    <ele>144</ele>
    <time>2020-09-07T21:39:54.519999Z</time>
  </trkpt>
  <trkpt lat="54.786815" lon="25.30492333">
    <ele>143</ele>
    <time>2020-09-07T21:39:55.519999Z</time>
  </trkpt>
  <trkpt lat="54.78684333" lon="25.304915">
    <ele>143</ele>
    <time>2020-09-07T21:39:56.520999Z</time>
  </trkpt>
  <trkpt lat="54.78687" lon="25.30491167">
    <ele>144</ele>
    <time>2020-09-07T21:39:57.519999Z</time>
  </trkpt>
  <trkpt lat="54.78690167" lon="25.30490167">
    <ele>144</ele>
    <time>2020-09-07T21:39:58.519999Z</time>
  </trkpt>
  <trkpt lat="54.78692333" lon="25.304895">
    <ele>144</ele>
    <time>2020-09-07T21:39:59.520999Z</time>
  </trkpt>
  <trkpt lat="54.78695" lon="25.30488833">
    <ele>144</ele>
    <time>2020-09-07T21:40:00.519999Z</time>
  </trkpt>
  <trkpt lat="54.78697833" lon="25.30487667">
    <ele>144</ele>
    <time>2020-09-07T21:40:01.520999Z</time>
  </trkpt>
  <trkpt lat="54.78701167" lon="25.30486833">
    <ele>144</ele>
    <time>2020-09-07T21:40:02.520999Z</time>
  </trkpt>
  <trkpt lat="54.78704167" lon="25.30486667">
    <ele>144</ele>
    <time>2020-09-07T21:40:03.520999Z</time>
  </trkpt>
  <trkpt lat="54.787065" lon="25.30486333">
    <ele>144</ele>
    <time>2020-09-07T21:40:04.520999Z</time>
  </trkpt>
  <trkpt lat="54.78709333" lon="25.30485833">
    <ele>144</ele>
    <time>2020-09-07T21:40:05.520999Z</time>
  </trkpt>
  <trkpt lat="54.78712" lon="25.30484833">
    <ele>144</ele>
    <time>2020-09-07T21:40:06.520999Z</time>
  </trkpt>
  <trkpt lat="54.78715333" lon="25.30484">
    <ele>143</ele>
    <time>2020-09-07T21:40:07.520999Z</time>
  </trkpt>
  <trkpt lat="54.78718" lon="25.30483">
    <ele>143</ele>
    <time>2020-09-07T21:40:08.520999Z</time>
  </trkpt>
  <trkpt lat="54.78720667" lon="25.30482167">
    <ele>143</ele>
    <time>2020-09-07T21:40:09.519999Z</time>
  </trkpt>
  <trkpt lat="54.78723" lon="25.30482">
    <ele>143</ele>
    <time>2020-09-07T21:40:10.520999Z</time>
  </trkpt>
  <trkpt lat="54.78725833" lon="25.30481667">
    <ele>143</ele>
    <time>2020-09-07T21:40:11.520999Z</time>
  </trkpt>
  <trkpt lat="54.78729167" lon="25.30482">
    <ele>143</ele>
    <time>2020-09-07T21:40:12.519999Z</time>
  </trkpt>
  <trkpt lat="54.78731333" lon="25.30482333">
    <ele>143</ele>
    <time>2020-09-07T21:40:13.520999Z</time>
  </trkpt>
  <trkpt lat="54.78734667" lon="25.30482833">
    <ele>142</ele>
    <time>2020-09-07T21:40:14.519999Z</time>
  </trkpt>
  <trkpt lat="54.78736667" lon="25.30483667">
    <ele>142</ele>
    <time>2020-09-07T21:40:15.520999Z</time>
  </trkpt>
  <trkpt lat="54.787395" lon="25.304855">
    <ele>142</ele>
    <time>2020-09-07T21:40:16.519999Z</time>
  </trkpt>
  <trkpt lat="54.78742333" lon="25.30487">
    <ele>142</ele>
    <time>2020-09-07T21:40:17.520999Z</time>
  </trkpt>
  <trkpt lat="54.78744833" lon="25.30488">
    <ele>142</ele>
    <time>2020-09-07T21:40:18.520999Z</time>
  </trkpt>
  <trkpt lat="54.78748" lon="25.30489333">
    <ele>142</ele>
    <time>2020-09-07T21:40:19.519999Z</time>
  </trkpt>
  <trkpt lat="54.78750333" lon="25.304905">
    <ele>142</ele>
    <time>2020-09-07T21:40:20.520999Z</time>
  </trkpt>
  <trkpt lat="54.78753" lon="25.30491833">
    <ele>143</ele>
    <time>2020-09-07T21:40:21.520999Z</time>
  </trkpt>
  <trkpt lat="54.787555" lon="25.304935">
    <ele>143</ele>
    <time>2020-09-07T21:40:22.520999Z</time>
  </trkpt>
  <trkpt lat="54.78758333" lon="25.30495333">
    <ele>143</ele>
    <time>2020-09-07T21:40:23.520999Z</time>
  </trkpt>
  <trkpt lat="54.78760833" lon="25.30497167">
    <ele>144</ele>
    <time>2020-09-07T21:40:24.519999Z</time>
  </trkpt>
  <trkpt lat="54.78763333" lon="25.30498833">
    <ele>144</ele>
    <time>2020-09-07T21:40:25.520999Z</time>
  </trkpt>
  <trkpt lat="54.78765333" lon="25.305">
    <ele>144</ele>
    <time>2020-09-07T21:40:26.519999Z</time>
  </trkpt>
  <trkpt lat="54.78767833" lon="25.30501667">
    <ele>144</ele>
    <time>2020-09-07T21:40:27.519999Z</time>
  </trkpt>
  <trkpt lat="54.78770833" lon="25.30503833">
    <ele>144</ele>
    <time>2020-09-07T21:40:28.520999Z</time>
  </trkpt>
  <trkpt lat="54.78773" lon="25.30505333">
    <ele>144</ele>
    <time>2020-09-07T21:40:29.519999Z</time>
  </trkpt>
  <trkpt lat="54.78776" lon="25.30507667">
    <ele>144</ele>
    <time>2020-09-07T21:40:30.520999Z</time>
  </trkpt>
  <trkpt lat="54.78778" lon="25.30509667">
    <ele>144</ele>
    <time>2020-09-07T21:40:31.519999Z</time>
  </trkpt>
  <trkpt lat="54.78780333" lon="25.30511667">
    <ele>144</ele>
    <time>2020-09-07T21:40:32.520999Z</time>
  </trkpt>
  <trkpt lat="54.78782667" lon="25.30513833">
    <ele>143</ele>
    <time>2020-09-07T21:40:33.520999Z</time>
  </trkpt>
  <trkpt lat="54.78785667" lon="25.30516">
    <ele>143</ele>
    <time>2020-09-07T21:40:34.520999Z</time>
  </trkpt>
  <trkpt lat="54.78788" lon="25.30517833">
    <ele>143</ele>
    <time>2020-09-07T21:40:35.519999Z</time>
  </trkpt>
  <trkpt lat="54.7879" lon="25.305195">
    <ele>143</ele>
    <time>2020-09-07T21:40:36.520999Z</time>
  </trkpt>
  <trkpt lat="54.78792333" lon="25.305215">
    <ele>142</ele>
    <time>2020-09-07T21:40:37.520999Z</time>
  </trkpt>
  <trkpt lat="54.787945" lon="25.30523167">
    <ele>142</ele>
    <time>2020-09-07T21:40:38.520999Z</time>
  </trkpt>
  <trkpt lat="54.78797167" lon="25.30525333">
    <ele>142</ele>
    <time>2020-09-07T21:40:39.520999Z</time>
  </trkpt>
  <trkpt lat="54.787995" lon="25.30527">
    <ele>142</ele>
    <time>2020-09-07T21:40:40.519999Z</time>
  </trkpt>
  <trkpt lat="54.78801167" lon="25.30528667">
    <ele>142</ele>
    <time>2020-09-07T21:40:41.520999Z</time>
  </trkpt>
  <trkpt lat="54.788035" lon="25.30530333">
    <ele>142</ele>
    <time>2020-09-07T21:40:42.520999Z</time>
  </trkpt>
  <trkpt lat="54.78805833" lon="25.30532167">
    <ele>142</ele>
    <time>2020-09-07T21:40:43.520999Z</time>
  </trkpt>
  <trkpt lat="54.78808667" lon="25.30533833">
    <ele>142</ele>
    <time>2020-09-07T21:40:44.520999Z</time>
  </trkpt>
  <trkpt lat="54.78810833" lon="25.30535">
    <ele>142</ele>
    <time>2020-09-07T21:40:45.520999Z</time>
  </trkpt>
  <trkpt lat="54.78812667" lon="25.30535667">
    <ele>142</ele>
    <time>2020-09-07T21:40:46.520999Z</time>
  </trkpt>
  <trkpt lat="54.78814833" lon="25.30537167">
    <ele>143</ele>
    <time>2020-09-07T21:40:47.519999Z</time>
  </trkpt>
  <trkpt lat="54.78817667" lon="25.30538333">
    <ele>143</ele>
    <time>2020-09-07T21:40:48.520999Z</time>
  </trkpt>
  <trkpt lat="54.78820167" lon="25.305395">
    <ele>143</ele>
    <time>2020-09-07T21:40:49.520999Z</time>
  </trkpt>
  <trkpt lat="54.78822667" lon="25.30540167">
    <ele>143</ele>
    <time>2020-09-07T21:40:50.520999Z</time>
  </trkpt>
  <trkpt lat="54.788245" lon="25.30540667">
    <ele>142</ele>
    <time>2020-09-07T21:40:51.520999Z</time>
  </trkpt>
  <trkpt lat="54.78826833" lon="25.30540667">
    <ele>142</ele>
    <time>2020-09-07T21:40:52.519999Z</time>
  </trkpt>
  <trkpt lat="54.78829667" lon="25.305405">
    <ele>142</ele>
    <time>2020-09-07T21:40:53.520999Z</time>
  </trkpt>
  <trkpt lat="54.78832333" lon="25.30540167">
    <ele>142</ele>
    <time>2020-09-07T21:40:54.520999Z</time>
  </trkpt>
  <trkpt lat="54.78834667" lon="25.305395">
    <ele>142</ele>
    <time>2020-09-07T21:40:55.519999Z</time>
  </trkpt>
  <trkpt lat="54.788365" lon="25.305385">
    <ele>142</ele>
    <time>2020-09-07T21:40:56.520999Z</time>
  </trkpt>
  <trkpt lat="54.78839" lon="25.30537833">
    <ele>142</ele>
    <time>2020-09-07T21:40:57.519999Z</time>
  </trkpt>
  <trkpt lat="54.788415" lon="25.30536667">
    <ele>142</ele>
    <time>2020-09-07T21:40:58.520999Z</time>
  </trkpt>
  <trkpt lat="54.788445" lon="25.30534667">
    <ele>143</ele>
    <time>2020-09-07T21:40:59.520999Z</time>
  </trkpt>
  <trkpt lat="54.78846833" lon="25.30533333">
    <ele>143</ele>
    <time>2020-09-07T21:41:00.520999Z</time>
  </trkpt>
  <trkpt lat="54.78848833" lon="25.30532333">
    <ele>143</ele>
    <time>2020-09-07T21:41:01.520999Z</time>
  </trkpt>
  <trkpt lat="54.78851333" lon="25.30530667">
    <ele>144</ele>
    <time>2020-09-07T21:41:02.520999Z</time>
  </trkpt>
  <trkpt lat="54.78854" lon="25.30528667">
    <ele>144</ele>
    <time>2020-09-07T21:41:03.520999Z</time>
  </trkpt>
  <trkpt lat="54.78856833" lon="25.30527">
    <ele>144</ele>
    <time>2020-09-07T21:41:04.520999Z</time>
  </trkpt>
  <trkpt lat="54.78859167" lon="25.30525">
    <ele>144</ele>
    <time>2020-09-07T21:41:05.520999Z</time>
  </trkpt>
  <trkpt lat="54.78861667" lon="25.30523667">
    <ele>144</ele>
    <time>2020-09-07T21:41:06.520999Z</time>
  </trkpt>
  <trkpt lat="54.78863833" lon="25.30522833">
    <ele>144</ele>
    <time>2020-09-07T21:41:07.520999Z</time>
  </trkpt>
  <trkpt lat="54.788665" lon="25.30521667">
    <ele>144</ele>
    <time>2020-09-07T21:41:08.519999Z</time>
  </trkpt>
  <trkpt lat="54.78869667" lon="25.30519833">
    <ele>144</ele>
    <time>2020-09-07T21:41:09.519999Z</time>
  </trkpt>
  <trkpt lat="54.78872333" lon="25.30518333">
    <ele>145</ele>
    <time>2020-09-07T21:41:10.519999Z</time>
  </trkpt>
  <trkpt lat="54.78874667" lon="25.305165">
    <ele>145</ele>
    <time>2020-09-07T21:41:11.519999Z</time>
  </trkpt>
  <trkpt lat="54.78876833" lon="25.305155">
    <ele>145</ele>
    <time>2020-09-07T21:41:12.520999Z</time>
  </trkpt>
  <trkpt lat="54.788795" lon="25.30514167">
    <ele>145</ele>
    <time>2020-09-07T21:41:13.520999Z</time>
  </trkpt>
  <trkpt lat="54.78882" lon="25.30512667">
    <ele>145</ele>
    <time>2020-09-07T21:41:14.520999Z</time>
  </trkpt>
  <trkpt lat="54.78884667" lon="25.305115">
    <ele>145</ele>
    <time>2020-09-07T21:41:15.520999Z</time>
  </trkpt>
  <trkpt lat="54.78887667" lon="25.30510333">
    <ele>145</ele>
    <time>2020-09-07T21:41:16.519999Z</time>
  </trkpt>
  <trkpt lat="54.78889667" lon="25.305095">
    <ele>145</ele>
    <time>2020-09-07T21:41:17.519999Z</time>
  </trkpt>
  <trkpt lat="54.78892333" lon="25.30508667">
    <ele>145</ele>
    <time>2020-09-07T21:41:18.520999Z</time>
  </trkpt>
  <trkpt lat="54.78894833" lon="25.30507833">
    <ele>145</ele>
    <time>2020-09-07T21:41:19.520999Z</time>
  </trkpt>
  <trkpt lat="54.78898167" lon="25.305065">
    <ele>145</ele>
    <time>2020-09-07T21:41:20.520999Z</time>
  </trkpt>
  <trkpt lat="54.78900833" lon="25.30505667">
    <ele>145</ele>
    <time>2020-09-07T21:41:21.520999Z</time>
  </trkpt>
  <trkpt lat="54.78902833" lon="25.30505">
    <ele>144</ele>
    <time>2020-09-07T21:41:22.520999Z</time>
  </trkpt>
  <trkpt lat="54.789055" lon="25.30504">
    <ele>144</ele>
    <time>2020-09-07T21:41:23.520999Z</time>
  </trkpt>
  <trkpt lat="54.78908333" lon="25.30503333">
    <ele>144</ele>
    <time>2020-09-07T21:41:24.520999Z</time>
  </trkpt>
  <trkpt lat="54.78911667" lon="25.30503">
    <ele>144</ele>
    <time>2020-09-07T21:41:25.520999Z</time>
  </trkpt>
  <trkpt lat="54.789145" lon="25.30502833">
    <ele>144</ele>
    <time>2020-09-07T21:41:26.519999Z</time>
  </trkpt>
  <trkpt lat="54.78917167" lon="25.30502833">
    <ele>144</ele>
    <time>2020-09-07T21:41:27.520999Z</time>
  </trkpt>
  <trkpt lat="54.789195" lon="25.30502833">
    <ele>144</ele>
    <time>2020-09-07T21:41:28.520999Z</time>
  </trkpt>
  <trkpt lat="54.78922333" lon="25.30503">
    <ele>143</ele>
    <time>2020-09-07T21:41:29.520999Z</time>
  </trkpt>
  <trkpt lat="54.78925667" lon="25.30503167">
    <ele>143</ele>
    <time>2020-09-07T21:41:30.520999Z</time>
  </trkpt>
  <trkpt lat="54.78928333" lon="25.30503333">
    <ele>143</ele>
    <time>2020-09-07T21:41:31.520999Z</time>
  </trkpt>
  <trkpt lat="54.78931" lon="25.30503833">
    <ele>143</ele>
    <time>2020-09-07T21:41:32.520999Z</time>
  </trkpt>
  <trkpt lat="54.78933333" lon="25.30504167">
    <ele>142</ele>
    <time>2020-09-07T21:41:33.519999Z</time>
  </trkpt>
  <trkpt lat="54.78936167" lon="25.30504667">
    <ele>142</ele>
    <time>2020-09-07T21:41:34.519999Z</time>
  </trkpt>
  <trkpt lat="54.78939667" lon="25.30505333">
    <ele>143</ele>
    <time>2020-09-07T21:41:35.519999Z</time>
  </trkpt>
  <trkpt lat="54.789425" lon="25.30506167">
    <ele>143</ele>
    <time>2020-09-07T21:41:36.519999Z</time>
  </trkpt>
  <trkpt lat="54.78945167" lon="25.30506833">
    <ele>143</ele>
    <time>2020-09-07T21:41:37.520999Z</time>
  </trkpt>
  <trkpt lat="54.78947167" lon="25.305075">
    <ele>142</ele>
    <time>2020-09-07T21:41:38.520999Z</time>
  </trkpt>
  <trkpt lat="54.78949833" lon="25.30508333">
    <ele>142</ele>
    <time>2020-09-07T21:41:39.520999Z</time>
  </trkpt>
  <trkpt lat="54.789525" lon="25.30508833">
    <ele>142</ele>
    <time>2020-09-07T21:41:40.519999Z</time>
  </trkpt>
  <trkpt lat="54.78955833" lon="25.30509333">
    <ele>141</ele>
    <time>2020-09-07T21:41:41.519999Z</time>
  </trkpt>
  <trkpt lat="54.78958333" lon="25.30509833">
    <ele>141</ele>
    <time>2020-09-07T21:41:42.520999Z</time>
  </trkpt>
  <trkpt lat="54.78960333" lon="25.30510667">
    <ele>141</ele>
    <time>2020-09-07T21:41:43.520999Z</time>
  </trkpt>
  <trkpt lat="54.78963" lon="25.30511333">
    <ele>141</ele>
    <time>2020-09-07T21:41:44.520999Z</time>
  </trkpt>
  <trkpt lat="54.78965667" lon="25.30512">
    <ele>141</ele>
    <time>2020-09-07T21:41:45.520999Z</time>
  </trkpt>
  <trkpt lat="54.78968667" lon="25.30513">
    <ele>141</ele>
    <time>2020-09-07T21:41:46.520999Z</time>
  </trkpt>
  <trkpt lat="54.78971333" lon="25.30513667">
    <ele>141</ele>
    <time>2020-09-07T21:41:47.520999Z</time>
  </trkpt>
  <trkpt lat="54.78973833" lon="25.30514167">
    <ele>141</ele>
    <time>2020-09-07T21:41:48.519999Z</time>
  </trkpt>
  <trkpt lat="54.78976" lon="25.30514">
    <ele>141</ele>
    <time>2020-09-07T21:41:49.520999Z</time>
  </trkpt>
  <trkpt lat="54.78979167" lon="25.30513833">
    <ele>141</ele>
    <time>2020-09-07T21:41:50.520999Z</time>
  </trkpt>
  <trkpt lat="54.78981833" lon="25.30514">
    <ele>141</ele>
    <time>2020-09-07T21:41:51.520999Z</time>
  </trkpt>
  <trkpt lat="54.789845" lon="25.30514">
    <ele>141</ele>
    <time>2020-09-07T21:41:52.519999Z</time>
  </trkpt>
  <trkpt lat="54.78986833" lon="25.30514">
    <ele>141</ele>
    <time>2020-09-07T21:41:53.520999Z</time>
  </trkpt>
  <trkpt lat="54.78990167" lon="25.30514167">
    <ele>141</ele>
    <time>2020-09-07T21:41:54.519999Z</time>
  </trkpt>
  <trkpt lat="54.78992333" lon="25.30514333">
    <ele>141</ele>
    <time>2020-09-07T21:41:55.520999Z</time>
  </trkpt>
  <trkpt lat="54.78995667" lon="25.30514167">
    <ele>140</ele>
    <time>2020-09-07T21:41:56.520999Z</time>
  </trkpt>
  <trkpt lat="54.789985" lon="25.30514">
    <ele>140</ele>
    <time>2020-09-07T21:41:57.519999Z</time>
  </trkpt>
  <trkpt lat="54.79000667" lon="25.30514">
    <ele>140</ele>
    <time>2020-09-07T21:41:58.520999Z</time>
  </trkpt>
  <trkpt lat="54.79003333" lon="25.30513667">
    <ele>140</ele>
    <time>2020-09-07T21:41:59.519999Z</time>
  </trkpt>
  <trkpt lat="54.79006333" lon="25.30513667">
    <ele>140</ele>
    <time>2020-09-07T21:42:00.520999Z</time>
  </trkpt>
  <trkpt lat="54.79009667" lon="25.30513667">
    <ele>140</ele>
    <time>2020-09-07T21:42:01.520999Z</time>
  </trkpt>
  <trkpt lat="54.79012667" lon="25.30513833">
    <ele>140</ele>
    <time>2020-09-07T21:42:02.520999Z</time>
  </trkpt>
  <trkpt lat="54.790155" lon="25.30514">
    <ele>140</ele>
    <time>2020-09-07T21:42:03.520999Z</time>
  </trkpt>
  <trkpt lat="54.79017667" lon="25.30513833">
    <ele>140</ele>
    <time>2020-09-07T21:42:04.519999Z</time>
  </trkpt>
  <trkpt lat="54.79020333" lon="25.30514">
    <ele>140</ele>
    <time>2020-09-07T21:42:05.520999Z</time>
  </trkpt>
  <trkpt lat="54.790235" lon="25.305135">
    <ele>140</ele>
    <time>2020-09-07T21:42:06.520999Z</time>
  </trkpt>
  <trkpt lat="54.79026167" lon="25.30513">
    <ele>140</ele>
    <time>2020-09-07T21:42:07.519999Z</time>
  </trkpt>
  <trkpt lat="54.79028833" lon="25.30512167">
    <ele>140</ele>
    <time>2020-09-07T21:42:08.520999Z</time>
  </trkpt>
  <trkpt lat="54.790315" lon="25.30510833">
    <ele>141</ele>
    <time>2020-09-07T21:42:09.520999Z</time>
  </trkpt>
  <trkpt lat="54.79034333" lon="25.30509333">
    <ele>141</ele>
    <time>2020-09-07T21:42:10.519999Z</time>
  </trkpt>
  <trkpt lat="54.79036667" lon="25.30508">
    <ele>141</ele>
    <time>2020-09-07T21:42:11.520999Z</time>
  </trkpt>
  <trkpt lat="54.7904" lon="25.30506667">
    <ele>141</ele>
    <time>2020-09-07T21:42:12.520999Z</time>
  </trkpt>
  <trkpt lat="54.79042833" lon="25.30505833">
    <ele>141</ele>
    <time>2020-09-07T21:42:13.520999Z</time>
  </trkpt>
  <trkpt lat="54.79045167" lon="25.30505667">
    <ele>140</ele>
    <time>2020-09-07T21:42:14.520999Z</time>
  </trkpt>
  <trkpt lat="54.79047833" lon="25.30505">
    <ele>140</ele>
    <time>2020-09-07T21:42:15.520999Z</time>
  </trkpt>
  <trkpt lat="54.790505" lon="25.30505167">
    <ele>140</ele>
    <time>2020-09-07T21:42:16.520999Z</time>
  </trkpt>
  <trkpt lat="54.79053333" lon="25.30506333">
    <ele>141</ele>
    <time>2020-09-07T21:42:17.520999Z</time>
  </trkpt>
  <trkpt lat="54.790555" lon="25.30507833">
    <ele>141</ele>
    <time>2020-09-07T21:42:18.519999Z</time>
  </trkpt>
  <trkpt lat="54.790575" lon="25.305095">
    <ele>141</ele>
    <time>2020-09-07T21:42:19.520999Z</time>
  </trkpt>
  <trkpt lat="54.79059" lon="25.30511333">
    <ele>141</ele>
    <time>2020-09-07T21:42:20.520999Z</time>
  </trkpt>
  <trkpt lat="54.79060833" lon="25.30513667">
    <ele>141</ele>
    <time>2020-09-07T21:42:21.520999Z</time>
  </trkpt>
  <trkpt lat="54.79062833" lon="25.30516167">
    <ele>141</ele>
    <time>2020-09-07T21:42:22.520999Z</time>
  </trkpt>
  <trkpt lat="54.79064333" lon="25.30518833">
    <ele>141</ele>
    <time>2020-09-07T21:42:23.519999Z</time>
  </trkpt>
  <trkpt lat="54.79065667" lon="25.30521833">
    <ele>141</ele>
    <time>2020-09-07T21:42:24.520999Z</time>
  </trkpt>
  <trkpt lat="54.790665" lon="25.30525">
    <ele>141</ele>
    <time>2020-09-07T21:42:25.519999Z</time>
  </trkpt>
  <trkpt lat="54.79067667" lon="25.30528833">
    <ele>141</ele>
    <time>2020-09-07T21:42:26.520999Z</time>
  </trkpt>
  <trkpt lat="54.79068333" lon="25.30532833">
    <ele>141</ele>
    <time>2020-09-07T21:42:27.520999Z</time>
  </trkpt>
  <trkpt lat="54.79068667" lon="25.305375">
    <ele>141</ele>
    <time>2020-09-07T21:42:28.519999Z</time>
  </trkpt>
  <trkpt lat="54.79068667" lon="25.30542">
    <ele>141</ele>
    <time>2020-09-07T21:42:29.520999Z</time>
  </trkpt>
  <trkpt lat="54.79069167" lon="25.30546833">
    <ele>141</ele>
    <time>2020-09-07T21:42:30.520999Z</time>
  </trkpt>
  <trkpt lat="54.79070167" lon="25.305505">
    <ele>141</ele>
    <time>2020-09-07T21:42:31.520999Z</time>
  </trkpt>
  <trkpt lat="54.79071833" lon="25.30554167">
    <ele>140</ele>
    <time>2020-09-07T21:42:32.520999Z</time>
  </trkpt>
  <trkpt lat="54.79073833" lon="25.30558">
    <ele>140</ele>
    <time>2020-09-07T21:42:33.519999Z</time>
  </trkpt>
  <trkpt lat="54.79074833" lon="25.305615">
    <ele>140</ele>
    <time>2020-09-07T21:42:34.520999Z</time>
  </trkpt>
  <trkpt lat="54.790755" lon="25.305645">
    <ele>140</ele>
    <time>2020-09-07T21:42:35.519999Z</time>
  </trkpt>
  <trkpt lat="54.790766669999996" lon="25.30569167">
    <ele>141</ele>
    <time>2020-09-07T21:42:36.519999Z</time>
  </trkpt>
  <trkpt lat="54.79077667" lon="25.30572833">
    <ele>141</ele>
    <time>2020-09-07T21:42:37.520999Z</time>
  </trkpt>
  <trkpt lat="54.79078667" lon="25.305765">
    <ele>141</ele>
    <time>2020-09-07T21:42:38.520999Z</time>
  </trkpt>
  <trkpt lat="54.79079667" lon="25.305805">
    <ele>141</ele>
    <time>2020-09-07T21:42:39.520999Z</time>
  </trkpt>
  <trkpt lat="54.79081333" lon="25.30583">
    <ele>142</ele>
    <time>2020-09-07T21:42:40.520999Z</time>
  </trkpt>
  <trkpt lat="54.79083" lon="25.30587167">
    <ele>142</ele>
    <time>2020-09-07T21:42:41.519999Z</time>
  </trkpt>
  <trkpt lat="54.79084833" lon="25.30589833">
    <ele>143</ele>
    <time>2020-09-07T21:42:42.520999Z</time>
  </trkpt>
  <trkpt lat="54.790875" lon="25.305925">
    <ele>143</ele>
    <time>2020-09-07T21:42:43.520999Z</time>
  </trkpt>
  <trkpt lat="54.79089667" lon="25.30595333">
    <ele>143</ele>
    <time>2020-09-07T21:42:44.519999Z</time>
  </trkpt>
  <trkpt lat="54.790915" lon="25.30597833">
    <ele>144</ele>
    <time>2020-09-07T21:42:45.520999Z</time>
  </trkpt>
  <trkpt lat="54.790935" lon="25.30601">
    <ele>144</ele>
    <time>2020-09-07T21:42:46.520999Z</time>
  </trkpt>
  <trkpt lat="54.790955" lon="25.30603667">
    <ele>144</ele>
    <time>2020-09-07T21:42:47.520999Z</time>
  </trkpt>
  <trkpt lat="54.79097333" lon="25.30607167">
    <ele>144</ele>
    <time>2020-09-07T21:42:48.519999Z</time>
  </trkpt>
  <trkpt lat="54.790995" lon="25.306105">
    <ele>144</ele>
    <time>2020-09-07T21:42:49.520999Z</time>
  </trkpt>
  <trkpt lat="54.79101333" lon="25.30613667">
    <ele>145</ele>
    <time>2020-09-07T21:42:50.519999Z</time>
  </trkpt>
  <trkpt lat="54.79101833" lon="25.30616667">
    <ele>145</ele>
    <time>2020-09-07T21:42:51.519999Z</time>
  </trkpt>
  <trkpt lat="54.79102333" lon="25.30620333">
    <ele>145</ele>
    <time>2020-09-07T21:42:52.520999Z</time>
  </trkpt>
  <trkpt lat="54.79102333" lon="25.30624167">
    <ele>145</ele>
    <time>2020-09-07T21:42:53.520999Z</time>
  </trkpt>
  <trkpt lat="54.791025" lon="25.306265">
    <ele>146</ele>
    <time>2020-09-07T21:42:54.520999Z</time>
  </trkpt>
  <trkpt lat="54.79103167" lon="25.30629833">
    <ele>146</ele>
    <time>2020-09-07T21:42:55.519999Z</time>
  </trkpt>
  <trkpt lat="54.79103667" lon="25.30633667">
    <ele>146</ele>
    <time>2020-09-07T21:42:56.519999Z</time>
  </trkpt>
  <trkpt lat="54.79104333" lon="25.30637333">
    <ele>146</ele>
    <time>2020-09-07T21:42:57.519999Z</time>
  </trkpt>
  <trkpt lat="54.79105333" lon="25.30640333">
    <ele>146</ele>
    <time>2020-09-07T21:42:58.520999Z</time>
  </trkpt>
  <trkpt lat="54.791055" lon="25.30643667">
    <ele>145</ele>
    <time>2020-09-07T21:42:59.520999Z</time>
  </trkpt>
  <trkpt lat="54.79106167" lon="25.306465">
    <ele>145</ele>
    <time>2020-09-07T21:43:00.520999Z</time>
  </trkpt>
  <trkpt lat="54.791065" lon="25.30649667">
    <ele>145</ele>
    <time>2020-09-07T21:43:01.520999Z</time>
  </trkpt>
  <trkpt lat="54.791065" lon="25.30652667">
    <ele>145</ele>
    <time>2020-09-07T21:43:02.520999Z</time>
  </trkpt>
  <trkpt lat="54.79106833" lon="25.30654833">
    <ele>145</ele>
    <time>2020-09-07T21:43:03.519999Z</time>
  </trkpt>
  <trkpt lat="54.79108167" lon="25.306565">
    <ele>145</ele>
    <time>2020-09-07T21:43:04.520999Z</time>
  </trkpt>
  <trkpt lat="54.79109667" lon="25.30658333">
    <ele>145</ele>
    <time>2020-09-07T21:43:05.520999Z</time>
  </trkpt>
  <trkpt lat="54.791115" lon="25.3066">
    <ele>145</ele>
    <time>2020-09-07T21:43:06.520999Z</time>
  </trkpt>
  <trkpt lat="54.79113333" lon="25.30661">
    <ele>145</ele>
    <time>2020-09-07T21:43:07.520999Z</time>
  </trkpt>
  <trkpt lat="54.79115" lon="25.306625">
    <ele>146</ele>
    <time>2020-09-07T21:43:08.520999Z</time>
  </trkpt>
  <trkpt lat="54.79117" lon="25.30665">
    <ele>146</ele>
    <time>2020-09-07T21:43:09.520999Z</time>
  </trkpt>
  <trkpt lat="54.791185" lon="25.30667833">
    <ele>146</ele>
    <time>2020-09-07T21:43:10.519999Z</time>
  </trkpt>
  <trkpt lat="54.7912" lon="25.30670833">
    <ele>146</ele>
    <time>2020-09-07T21:43:11.520999Z</time>
  </trkpt>
  <trkpt lat="54.79121333" lon="25.30673">
    <ele>146</ele>
    <time>2020-09-07T21:43:12.520999Z</time>
  </trkpt>
  <trkpt lat="54.79122667" lon="25.30676167">
    <ele>146</ele>
    <time>2020-09-07T21:43:13.520999Z</time>
  </trkpt>
  <trkpt lat="54.791235" lon="25.30679333">
    <ele>146</ele>
    <time>2020-09-07T21:43:14.520999Z</time>
  </trkpt>
  <trkpt lat="54.79124167" lon="25.30683833">
    <ele>147</ele>
    <time>2020-09-07T21:43:15.519999Z</time>
  </trkpt>
  <trkpt lat="54.79124167" lon="25.30687667">
    <ele>147</ele>
    <time>2020-09-07T21:43:16.520999Z</time>
  </trkpt>
  <trkpt lat="54.79124667" lon="25.30690667">
    <ele>147</ele>
    <time>2020-09-07T21:43:17.519999Z</time>
  </trkpt>
  <trkpt lat="54.79126167" lon="25.30693833">
    <ele>147</ele>
    <time>2020-09-07T21:43:18.519999Z</time>
  </trkpt>
  <trkpt lat="54.79128167" lon="25.30696167">
    <ele>148</ele>
    <time>2020-09-07T21:43:19.520999Z</time>
  </trkpt>
  <trkpt lat="54.79130833" lon="25.30700333">
    <ele>148</ele>
    <time>2020-09-07T21:43:20.520999Z</time>
  </trkpt>
  <trkpt lat="54.79132833" lon="25.30704">
    <ele>149</ele>
    <time>2020-09-07T21:43:21.519999Z</time>
  </trkpt>
  <trkpt lat="54.79134333" lon="25.30706833">
    <ele>149</ele>
    <time>2020-09-07T21:43:22.519999Z</time>
  </trkpt>
  <trkpt lat="54.79135333" lon="25.30709667">
    <ele>150</ele>
    <time>2020-09-07T21:43:23.519999Z</time>
  </trkpt>
  <trkpt lat="54.79135833" lon="25.30711333">
    <ele>150</ele>
    <time>2020-09-07T21:43:24.520999Z</time>
  </trkpt>
  <trkpt lat="54.79136833" lon="25.30714167">
    <ele>150</ele>
    <time>2020-09-07T21:43:25.519999Z</time>
  </trkpt>
  <trkpt lat="54.79137" lon="25.30715833">
    <ele>150</ele>
    <time>2020-09-07T21:43:26.519999Z</time>
  </trkpt>
  <trkpt lat="54.79137333" lon="25.30716667">
    <ele>150</ele>
    <time>2020-09-07T21:43:27.519999Z</time>
  </trkpt>
  <trkpt lat="54.791385" lon="25.30717167">
    <ele>149</ele>
    <time>2020-09-07T21:43:28.520999Z</time>
  </trkpt>
  <trkpt lat="54.79139333" lon="25.30717833">
    <ele>149</ele>
    <time>2020-09-07T21:43:29.519999Z</time>
  </trkpt>
  <trkpt lat="54.79140167" lon="25.30718667">
    <ele>149</ele>
    <time>2020-09-07T21:43:30.519999Z</time>
  </trkpt>
  <trkpt lat="54.791405" lon="25.307195">
    <ele>149</ele>
    <time>2020-09-07T21:43:31.519999Z</time>
  </trkpt>
  <trkpt lat="54.79140833" lon="25.30720667">
    <ele>149</ele>
    <time>2020-09-07T21:43:32.519999Z</time>
  </trkpt>
  <trkpt lat="54.79140833" lon="25.30721667">
    <ele>149</ele>
    <time>2020-09-07T21:43:33.520999Z</time>
  </trkpt>
  <trkpt lat="54.79141" lon="25.307225">
    <ele>149</ele>
    <time>2020-09-07T21:43:34.520999Z</time>
  </trkpt>
  <trkpt lat="54.79140833" lon="25.30723667">
    <ele>149</ele>
    <time>2020-09-07T21:43:35.520999Z</time>
  </trkpt>
  <trkpt lat="54.79141167" lon="25.307245">
    <ele>148</ele>
    <time>2020-09-07T21:43:36.520999Z</time>
  </trkpt>
  <trkpt lat="54.79141667" lon="25.30725">
    <ele>148</ele>
    <time>2020-09-07T21:43:37.520999Z</time>
  </trkpt>
  <trkpt lat="54.79142333" lon="25.30725833">
    <ele>148</ele>
    <time>2020-09-07T21:43:38.520999Z</time>
  </trkpt>
  <trkpt lat="54.79142833" lon="25.30726833">
    <ele>148</ele>
    <time>2020-09-07T21:43:39.520999Z</time>
  </trkpt>
  <trkpt lat="54.79142667" lon="25.30729">
    <ele>148</ele>
    <time>2020-09-07T21:43:40.520999Z</time>
  </trkpt>
  <trkpt lat="54.79143" lon="25.30730667">
    <ele>147</ele>
    <time>2020-09-07T21:43:41.520999Z</time>
  </trkpt>
  <trkpt lat="54.791435" lon="25.307325">
    <ele>147</ele>
    <time>2020-09-07T21:43:42.520999Z</time>
  </trkpt>
  <trkpt lat="54.791435" lon="25.30734167">
    <ele>147</ele>
    <time>2020-09-07T21:43:43.520999Z</time>
  </trkpt>
  <trkpt lat="54.791435" lon="25.30735">
    <ele>147</ele>
    <time>2020-09-07T21:43:44.520999Z</time>
  </trkpt>
  <trkpt lat="54.79142833" lon="25.30736167">
    <ele>147</ele>
    <time>2020-09-07T21:43:45.520999Z</time>
  </trkpt>
  <trkpt lat="54.79142833" lon="25.30736667">
    <ele>146</ele>
    <time>2020-09-07T21:43:46.520999Z</time>
  </trkpt>
  <trkpt lat="54.79143333" lon="25.30737167">
    <ele>146</ele>
    <time>2020-09-07T21:43:47.519999Z</time>
  </trkpt>
  <trkpt lat="54.79143667" lon="25.30738">
    <ele>146</ele>
    <time>2020-09-07T21:43:48.519999Z</time>
  </trkpt>
  <trkpt lat="54.791445" lon="25.30738667">
    <ele>146</ele>
    <time>2020-09-07T21:43:49.520999Z</time>
  </trkpt>
  <trkpt lat="54.79146" lon="25.307395">
    <ele>146</ele>
    <time>2020-09-07T21:43:50.520999Z</time>
  </trkpt>
  <trkpt lat="54.79147667" lon="25.30740333">
    <ele>147</ele>
    <time>2020-09-07T21:43:51.520999Z</time>
  </trkpt>
  <trkpt lat="54.79149667" lon="25.30741333">
    <ele>147</ele>
    <time>2020-09-07T21:43:52.519999Z</time>
  </trkpt>
  <trkpt lat="54.79151333" lon="25.30742333">
    <ele>147</ele>
    <time>2020-09-07T21:43:53.520999Z</time>
  </trkpt>
  <trkpt lat="54.79153" lon="25.30744">
    <ele>147</ele>
    <time>2020-09-07T21:43:54.520999Z</time>
  </trkpt>
  <trkpt lat="54.79154" lon="25.30745833">
    <ele>148</ele>
    <time>2020-09-07T21:43:55.520999Z</time>
  </trkpt>
  <trkpt lat="54.79155" lon="25.30747833">
    <ele>149</ele>
    <time>2020-09-07T21:43:56.520999Z</time>
  </trkpt>
  <trkpt lat="54.79155833" lon="25.30749833">
    <ele>149</ele>
    <time>2020-09-07T21:43:57.520999Z</time>
  </trkpt>
  <trkpt lat="54.791565" lon="25.30752333">
    <ele>150</ele>
    <time>2020-09-07T21:43:58.519999Z</time>
  </trkpt>
  <trkpt lat="54.79156833" lon="25.30755333">
    <ele>149</ele>
    <time>2020-09-07T21:43:59.520999Z</time>
  </trkpt>
  <trkpt lat="54.79156833" lon="25.30758833">
    <ele>149</ele>
    <time>2020-09-07T21:44:00.520999Z</time>
  </trkpt>
  <trkpt lat="54.79156667" lon="25.30762667">
    <ele>149</ele>
    <time>2020-09-07T21:44:01.520999Z</time>
  </trkpt>
  <trkpt lat="54.79155667" lon="25.30765833">
    <ele>149</ele>
    <time>2020-09-07T21:44:02.520999Z</time>
  </trkpt>
  <trkpt lat="54.79154667" lon="25.30767833">
    <ele>149</ele>
    <time>2020-09-07T21:44:03.519999Z</time>
  </trkpt>
  <trkpt lat="54.79153167" lon="25.3077">
    <ele>149</ele>
    <time>2020-09-07T21:44:04.519999Z</time>
  </trkpt>
  <trkpt lat="54.79151667" lon="25.30772333">
    <ele>149</ele>
    <time>2020-09-07T21:44:05.520999Z</time>
  </trkpt>
  <trkpt lat="54.79149833" lon="25.30774833">
    <ele>149</ele>
    <time>2020-09-07T21:44:06.520999Z</time>
  </trkpt>
  <trkpt lat="54.79148667" lon="25.30777667">
    <ele>149</ele>
    <time>2020-09-07T21:44:07.520999Z</time>
  </trkpt>
  <trkpt lat="54.79147833" lon="25.30780167">
    <ele>149</ele>
    <time>2020-09-07T21:44:08.520999Z</time>
  </trkpt>
  <trkpt lat="54.79147" lon="25.30782667">
    <ele>149</ele>
    <time>2020-09-07T21:44:09.519999Z</time>
  </trkpt>
  <trkpt lat="54.79145833" lon="25.30785167">
    <ele>149</ele>
    <time>2020-09-07T21:44:10.520999Z</time>
  </trkpt>
  <trkpt lat="54.791445" lon="25.307875">
    <ele>149</ele>
    <time>2020-09-07T21:44:11.520999Z</time>
  </trkpt>
  <trkpt lat="54.79142667" lon="25.30790833">
    <ele>149</ele>
    <time>2020-09-07T21:44:12.519999Z</time>
  </trkpt>
  <trkpt lat="54.79140833" lon="25.30795333">
    <ele>149</ele>
    <time>2020-09-07T21:44:13.520999Z</time>
  </trkpt>
  <trkpt lat="54.79139167" lon="25.307995">
    <ele>149</ele>
    <time>2020-09-07T21:44:14.520999Z</time>
  </trkpt>
  <trkpt lat="54.79137667" lon="25.30802667">
    <ele>148</ele>
    <time>2020-09-07T21:44:15.520999Z</time>
  </trkpt>
  <trkpt lat="54.79136167" lon="25.30806">
    <ele>148</ele>
    <time>2020-09-07T21:44:16.520999Z</time>
  </trkpt>
  <trkpt lat="54.79134667" lon="25.30808333">
    <ele>148</ele>
    <time>2020-09-07T21:44:17.520999Z</time>
  </trkpt>
  <trkpt lat="54.79133" lon="25.30810667">
    <ele>148</ele>
    <time>2020-09-07T21:44:18.520999Z</time>
  </trkpt>
  <trkpt lat="54.79131833" lon="25.308135">
    <ele>147</ele>
    <time>2020-09-07T21:44:19.520999Z</time>
  </trkpt>
  <trkpt lat="54.79130333" lon="25.30816667">
    <ele>147</ele>
    <time>2020-09-07T21:44:20.519999Z</time>
  </trkpt>
  <trkpt lat="54.79128667" lon="25.30820167">
    <ele>147</ele>
    <time>2020-09-07T21:44:21.519999Z</time>
  </trkpt>
  <trkpt lat="54.79127167" lon="25.30823167">
    <ele>147</ele>
    <time>2020-09-07T21:44:22.520999Z</time>
  </trkpt>
  <trkpt lat="54.79125833" lon="25.30826">
    <ele>147</ele>
    <time>2020-09-07T21:44:23.520999Z</time>
  </trkpt>
  <trkpt lat="54.79124" lon="25.30829167">
    <ele>147</ele>
    <time>2020-09-07T21:44:24.520999Z</time>
  </trkpt>
  <trkpt lat="54.79122" lon="25.30833">
    <ele>147</ele>
    <time>2020-09-07T21:44:25.520999Z</time>
  </trkpt>
  <trkpt lat="54.79120333" lon="25.30837">
    <ele>146</ele>
    <time>2020-09-07T21:44:26.520999Z</time>
  </trkpt>
  <trkpt lat="54.79118667" lon="25.30841333">
    <ele>146</ele>
    <time>2020-09-07T21:44:27.520999Z</time>
  </trkpt>
  <trkpt lat="54.79117333" lon="25.308455">
    <ele>146</ele>
    <time>2020-09-07T21:44:28.519999Z</time>
  </trkpt>
  <trkpt lat="54.79115833" lon="25.30849">
    <ele>146</ele>
    <time>2020-09-07T21:44:29.520999Z</time>
  </trkpt>
  <trkpt lat="54.79114167" lon="25.30852667">
    <ele>145</ele>
    <time>2020-09-07T21:44:30.520999Z</time>
  </trkpt>
  <trkpt lat="54.79112667" lon="25.30856333">
    <ele>145</ele>
    <time>2020-09-07T21:44:31.520999Z</time>
  </trkpt>
  <trkpt lat="54.791115" lon="25.30861">
    <ele>145</ele>
    <time>2020-09-07T21:44:32.519999Z</time>
  </trkpt>
  <trkpt lat="54.791105" lon="25.30864833">
    <ele>145</ele>
    <time>2020-09-07T21:44:33.520999Z</time>
  </trkpt>
  <trkpt lat="54.791095" lon="25.30868667">
    <ele>145</ele>
    <time>2020-09-07T21:44:34.520999Z</time>
  </trkpt>
  <trkpt lat="54.79107833" lon="25.30873">
    <ele>145</ele>
    <time>2020-09-07T21:44:35.520999Z</time>
  </trkpt>
  <trkpt lat="54.791065" lon="25.30876333">
    <ele>145</ele>
    <time>2020-09-07T21:44:36.520999Z</time>
  </trkpt>
  <trkpt lat="54.791055" lon="25.30881667">
    <ele>144</ele>
    <time>2020-09-07T21:44:37.520999Z</time>
  </trkpt>
  <trkpt lat="54.79105167" lon="25.30886333">
    <ele>144</ele>
    <time>2020-09-07T21:44:38.520999Z</time>
  </trkpt>
  <trkpt lat="54.79105" lon="25.30890833">
    <ele>143</ele>
    <time>2020-09-07T21:44:39.520999Z</time>
  </trkpt>
  <trkpt lat="54.79105167" lon="25.30894167">
    <ele>143</ele>
    <time>2020-09-07T21:44:40.520999Z</time>
  </trkpt>
  <trkpt lat="54.79104167" lon="25.30900167">
    <ele>143</ele>
    <time>2020-09-07T21:44:41.519999Z</time>
  </trkpt>
  <trkpt lat="54.79102667" lon="25.30906333">
    <ele>143</ele>
    <time>2020-09-07T21:44:42.519999Z</time>
  </trkpt>
  <trkpt lat="54.791015" lon="25.309125">
    <ele>142</ele>
    <time>2020-09-07T21:44:43.520999Z</time>
  </trkpt>
  <trkpt lat="54.79100167" lon="25.30918167">
    <ele>142</ele>
    <time>2020-09-07T21:44:44.520999Z</time>
  </trkpt>
  <trkpt lat="54.79099" lon="25.309225">
    <ele>143</ele>
    <time>2020-09-07T21:44:45.520999Z</time>
  </trkpt>
  <trkpt lat="54.79097833" lon="25.30927833">
    <ele>143</ele>
    <time>2020-09-07T21:44:46.520999Z</time>
  </trkpt>
  <trkpt lat="54.79096333" lon="25.30933667">
    <ele>143</ele>
    <time>2020-09-07T21:44:47.520999Z</time>
  </trkpt>
  <trkpt lat="54.79095167" lon="25.30938167">
    <ele>143</ele>
    <time>2020-09-07T21:44:48.519999Z</time>
  </trkpt>
  <trkpt lat="54.79093833" lon="25.30942667">
    <ele>143</ele>
    <time>2020-09-07T21:44:49.519999Z</time>
  </trkpt>
  <trkpt lat="54.79093333" lon="25.30946333">
    <ele>143</ele>
    <time>2020-09-07T21:44:50.519999Z</time>
  </trkpt>
  <trkpt lat="54.79093" lon="25.309495">
    <ele>143</ele>
    <time>2020-09-07T21:44:51.520999Z</time>
  </trkpt>
  <trkpt lat="54.79092" lon="25.30954333">
    <ele>143</ele>
    <time>2020-09-07T21:44:52.520999Z</time>
  </trkpt>
  <trkpt lat="54.790915" lon="25.30958333">
    <ele>143</ele>
    <time>2020-09-07T21:44:53.520999Z</time>
  </trkpt>
  <trkpt lat="54.790915" lon="25.30963">
    <ele>144</ele>
    <time>2020-09-07T21:44:54.519999Z</time>
  </trkpt>
  <trkpt lat="54.79091667" lon="25.30966667">
    <ele>144</ele>
    <time>2020-09-07T21:44:55.519999Z</time>
  </trkpt>
  <trkpt lat="54.79091167" lon="25.30972">
    <ele>144</ele>
    <time>2020-09-07T21:44:56.520999Z</time>
  </trkpt>
  <trkpt lat="54.79090167" lon="25.309785">
    <ele>145</ele>
    <time>2020-09-07T21:44:57.520999Z</time>
  </trkpt>
  <trkpt lat="54.79089333" lon="25.30983833">
    <ele>145</ele>
    <time>2020-09-07T21:44:58.519999Z</time>
  </trkpt>
  <trkpt lat="54.79088333" lon="25.30988">
    <ele>144</ele>
    <time>2020-09-07T21:44:59.520999Z</time>
  </trkpt>
  <trkpt lat="54.79086833" lon="25.30991">
    <ele>144</ele>
    <time>2020-09-07T21:45:00.520999Z</time>
  </trkpt>
  <trkpt lat="54.79085167" lon="25.30994667">
    <ele>144</ele>
    <time>2020-09-07T21:45:01.520999Z</time>
  </trkpt>
  <trkpt lat="54.79083333" lon="25.30998667">
    <ele>144</ele>
    <time>2020-09-07T21:45:02.520999Z</time>
  </trkpt>
  <trkpt lat="54.79081833" lon="25.310025">
    <ele>144</ele>
    <time>2020-09-07T21:45:03.519999Z</time>
  </trkpt>
  <trkpt lat="54.79080833" lon="25.31006833">
    <ele>143</ele>
    <time>2020-09-07T21:45:04.520999Z</time>
  </trkpt>
  <trkpt lat="54.79079333" lon="25.31010667">
    <ele>143</ele>
    <time>2020-09-07T21:45:05.520999Z</time>
  </trkpt>
  <trkpt lat="54.79078" lon="25.31014167">
    <ele>143</ele>
    <time>2020-09-07T21:45:06.520999Z</time>
  </trkpt>
  <trkpt lat="54.79076167" lon="25.31018333">
    <ele>143</ele>
    <time>2020-09-07T21:45:07.520999Z</time>
  </trkpt>
  <trkpt lat="54.79073833" lon="25.31021">
    <ele>143</ele>
    <time>2020-09-07T21:45:08.520999Z</time>
  </trkpt>
  <trkpt lat="54.79071" lon="25.310245">
    <ele>143</ele>
    <time>2020-09-07T21:45:09.520999Z</time>
  </trkpt>
  <trkpt lat="54.79068167" lon="25.310285">
    <ele>143</ele>
    <time>2020-09-07T21:45:10.520999Z</time>
  </trkpt>
  <trkpt lat="54.79065667" lon="25.31031833">
    <ele>142</ele>
    <time>2020-09-07T21:45:11.520999Z</time>
  </trkpt>
  <trkpt lat="54.79063333" lon="25.31035667">
    <ele>142</ele>
    <time>2020-09-07T21:45:12.520999Z</time>
  </trkpt>
  <trkpt lat="54.79061333" lon="25.31040333">
    <ele>142</ele>
    <time>2020-09-07T21:45:13.520999Z</time>
  </trkpt>
  <trkpt lat="54.79058833" lon="25.310455">
    <ele>142</ele>
    <time>2020-09-07T21:45:14.519999Z</time>
  </trkpt>
  <trkpt lat="54.790565" lon="25.310495">
    <ele>142</ele>
    <time>2020-09-07T21:45:15.519999Z</time>
  </trkpt>
  <trkpt lat="54.79054667" lon="25.31053">
    <ele>142</ele>
    <time>2020-09-07T21:45:16.519999Z</time>
  </trkpt>
  <trkpt lat="54.790525" lon="25.31056167">
    <ele>142</ele>
    <time>2020-09-07T21:45:17.519999Z</time>
  </trkpt>
  <trkpt lat="54.79051167" lon="25.310595">
    <ele>143</ele>
    <time>2020-09-07T21:45:18.520999Z</time>
  </trkpt>
  <trkpt lat="54.79049667" lon="25.31062167">
    <ele>143</ele>
    <time>2020-09-07T21:45:19.520999Z</time>
  </trkpt>
  <trkpt lat="54.79048" lon="25.31064167">
    <ele>143</ele>
    <time>2020-09-07T21:45:20.520999Z</time>
  </trkpt>
  <trkpt lat="54.79046333" lon="25.310665">
    <ele>143</ele>
    <time>2020-09-07T21:45:21.520999Z</time>
  </trkpt>
  <trkpt lat="54.79045" lon="25.31069">
    <ele>143</ele>
    <time>2020-09-07T21:45:22.519999Z</time>
  </trkpt>
  <trkpt lat="54.79043333" lon="25.31072333">
    <ele>144</ele>
    <time>2020-09-07T21:45:23.519999Z</time>
  </trkpt>
  <trkpt lat="54.79041333" lon="25.31077333">
    <ele>144</ele>
    <time>2020-09-07T21:45:24.520999Z</time>
  </trkpt>
  <trkpt lat="54.790395" lon="25.31082">
    <ele>144</ele>
    <time>2020-09-07T21:45:25.520999Z</time>
  </trkpt>
  <trkpt lat="54.79037667" lon="25.31087667">
    <ele>144</ele>
    <time>2020-09-07T21:45:26.520999Z</time>
  </trkpt>
  <trkpt lat="54.790355" lon="25.31092667">
    <ele>145</ele>
    <time>2020-09-07T21:45:27.520999Z</time>
  </trkpt>
  <trkpt lat="54.790335" lon="25.31097333">
    <ele>145</ele>
    <time>2020-09-07T21:45:28.520999Z</time>
  </trkpt>
  <trkpt lat="54.790325" lon="25.31099833">
    <ele>145</ele>
    <time>2020-09-07T21:45:29.520999Z</time>
  </trkpt>
  <trkpt lat="54.790315" lon="25.311025">
    <ele>145</ele>
    <time>2020-09-07T21:45:30.520999Z</time>
  </trkpt>
  <trkpt lat="54.790305" lon="25.311055">
    <ele>146</ele>
    <time>2020-09-07T21:45:31.520999Z</time>
  </trkpt>
  <trkpt lat="54.79029333" lon="25.31108333">
    <ele>146</ele>
    <time>2020-09-07T21:45:32.519999Z</time>
  </trkpt>
  <trkpt lat="54.79027667" lon="25.31112">
    <ele>146</ele>
    <time>2020-09-07T21:45:33.519999Z</time>
  </trkpt>
  <trkpt lat="54.79027333" lon="25.31114333">
    <ele>146</ele>
    <time>2020-09-07T21:45:34.520999Z</time>
  </trkpt>
  <trkpt lat="54.79026667" lon="25.31117">
    <ele>146</ele>
    <time>2020-09-07T21:45:35.519999Z</time>
  </trkpt>
  <trkpt lat="54.79025167" lon="25.31119">
    <ele>146</ele>
    <time>2020-09-07T21:45:36.520999Z</time>
  </trkpt>
  <trkpt lat="54.79023" lon="25.31122">
    <ele>146</ele>
    <time>2020-09-07T21:45:37.520999Z</time>
  </trkpt>
  <trkpt lat="54.79021167" lon="25.31125833">
    <ele>145</ele>
    <time>2020-09-07T21:45:38.519999Z</time>
  </trkpt>
  <trkpt lat="54.79019667" lon="25.31130333">
    <ele>145</ele>
    <time>2020-09-07T21:45:39.519999Z</time>
  </trkpt>
  <trkpt lat="54.79018667" lon="25.31135">
    <ele>145</ele>
    <time>2020-09-07T21:45:40.519999Z</time>
  </trkpt>
  <trkpt lat="54.79018333" lon="25.31138333">
    <ele>145</ele>
    <time>2020-09-07T21:45:41.519999Z</time>
  </trkpt>
  <trkpt lat="54.79017833" lon="25.31141333">
    <ele>145</ele>
    <time>2020-09-07T21:45:42.519999Z</time>
  </trkpt>
  <trkpt lat="54.79017" lon="25.311435">
    <ele>145</ele>
    <time>2020-09-07T21:45:43.519999Z</time>
  </trkpt>
  <trkpt lat="54.79015667" lon="25.31146">
    <ele>144</ele>
    <time>2020-09-07T21:45:44.519999Z</time>
  </trkpt>
  <trkpt lat="54.790145" lon="25.31148167">
    <ele>144</ele>
    <time>2020-09-07T21:45:45.520999Z</time>
  </trkpt>
  <trkpt lat="54.79012667" lon="25.31151833">
    <ele>144</ele>
    <time>2020-09-07T21:45:46.520999Z</time>
  </trkpt>
  <trkpt lat="54.79011167" lon="25.31155167">
    <ele>144</ele>
    <time>2020-09-07T21:45:47.520999Z</time>
  </trkpt>
  <trkpt lat="54.790095" lon="25.31158333">
    <ele>144</ele>
    <time>2020-09-07T21:45:48.520999Z</time>
  </trkpt>
  <trkpt lat="54.79007333" lon="25.31161333">
    <ele>144</ele>
    <time>2020-09-07T21:45:49.520999Z</time>
  </trkpt>
  <trkpt lat="54.79005333" lon="25.31164167">
    <ele>144</ele>
    <time>2020-09-07T21:45:50.520999Z</time>
  </trkpt>
  <trkpt lat="54.79003167" lon="25.31166667">
    <ele>143</ele>
    <time>2020-09-07T21:45:51.520999Z</time>
  </trkpt>
  <trkpt lat="54.79001333" lon="25.31168667">
    <ele>143</ele>
    <time>2020-09-07T21:45:52.519999Z</time>
  </trkpt>
  <trkpt lat="54.78999667" lon="25.31170667">
    <ele>143</ele>
    <time>2020-09-07T21:45:53.519999Z</time>
  </trkpt>
  <trkpt lat="54.78997667" lon="25.31172333">
    <ele>143</ele>
    <time>2020-09-07T21:45:54.520999Z</time>
  </trkpt>
  <trkpt lat="54.78995833" lon="25.311745">
    <ele>143</ele>
    <time>2020-09-07T21:45:55.520999Z</time>
  </trkpt>
  <trkpt lat="54.78993167" lon="25.31177">
    <ele>142</ele>
    <time>2020-09-07T21:45:56.519999Z</time>
  </trkpt>
  <trkpt lat="54.78990333" lon="25.31180333">
    <ele>142</ele>
    <time>2020-09-07T21:45:57.520999Z</time>
  </trkpt>
  <trkpt lat="54.78988667" lon="25.31183">
    <ele>142</ele>
    <time>2020-09-07T21:45:58.519999Z</time>
  </trkpt>
  <trkpt lat="54.78984667" lon="25.31187333">
    <ele>142</ele>
    <time>2020-09-07T21:45:59.520999Z</time>
  </trkpt>
  <trkpt lat="54.78982667" lon="25.31190333">
    <ele>141</ele>
    <time>2020-09-07T21:46:00.520999Z</time>
  </trkpt>
  <trkpt lat="54.78981" lon="25.311935">
    <ele>141</ele>
    <time>2020-09-07T21:46:01.520999Z</time>
  </trkpt>
  <trkpt lat="54.78979167" lon="25.31196833">
    <ele>141</ele>
    <time>2020-09-07T21:46:02.520999Z</time>
  </trkpt>
  <trkpt lat="54.789775" lon="25.31199833">
    <ele>141</ele>
    <time>2020-09-07T21:46:03.520999Z</time>
  </trkpt>
  <trkpt lat="54.78975833" lon="25.31202667">
    <ele>141</ele>
    <time>2020-09-07T21:46:04.520999Z</time>
  </trkpt>
  <trkpt lat="54.78974333" lon="25.31205833">
    <ele>141</ele>
    <time>2020-09-07T21:46:05.520999Z</time>
  </trkpt>
  <trkpt lat="54.78973167" lon="25.312085">
    <ele>141</ele>
    <time>2020-09-07T21:46:06.520999Z</time>
  </trkpt>
  <trkpt lat="54.78971833" lon="25.31212">
    <ele>142</ele>
    <time>2020-09-07T21:46:07.520999Z</time>
  </trkpt>
  <trkpt lat="54.789705" lon="25.31215667">
    <ele>142</ele>
    <time>2020-09-07T21:46:08.520999Z</time>
  </trkpt>
  <trkpt lat="54.78967" lon="25.31220667">
    <ele>142</ele>
    <time>2020-09-07T21:46:09.519999Z</time>
  </trkpt>
  <trkpt lat="54.78964167" lon="25.31226">
    <ele>142</ele>
    <time>2020-09-07T21:46:10.520999Z</time>
  </trkpt>
  <trkpt lat="54.789615" lon="25.31231167">
    <ele>143</ele>
    <time>2020-09-07T21:46:11.520999Z</time>
  </trkpt>
  <trkpt lat="54.78959167" lon="25.31236333">
    <ele>143</ele>
    <time>2020-09-07T21:46:12.520999Z</time>
  </trkpt>
  <trkpt lat="54.789575" lon="25.31241167">
    <ele>143</ele>
    <time>2020-09-07T21:46:13.520999Z</time>
  </trkpt>
  <trkpt lat="54.78956333" lon="25.31245667">
    <ele>143</ele>
    <time>2020-09-07T21:46:14.519999Z</time>
  </trkpt>
  <trkpt lat="54.78955333" lon="25.31250833">
    <ele>143</ele>
    <time>2020-09-07T21:46:15.520999Z</time>
  </trkpt>
  <trkpt lat="54.78954333" lon="25.31256833">
    <ele>143</ele>
    <time>2020-09-07T21:46:16.520999Z</time>
  </trkpt>
  <trkpt lat="54.78954167" lon="25.31261">
    <ele>143</ele>
    <time>2020-09-07T21:46:17.520999Z</time>
  </trkpt>
  <trkpt lat="54.78953833" lon="25.31264167">
    <ele>144</ele>
    <time>2020-09-07T21:46:18.520999Z</time>
  </trkpt>
  <trkpt lat="54.78953667" lon="25.31266333">
    <ele>144</ele>
    <time>2020-09-07T21:46:19.519999Z</time>
  </trkpt>
  <trkpt lat="54.78953833" lon="25.312685">
    <ele>144</ele>
    <time>2020-09-07T21:46:20.519999Z</time>
  </trkpt>
  <trkpt lat="54.789535" lon="25.312715">
    <ele>144</ele>
    <time>2020-09-07T21:46:21.519999Z</time>
  </trkpt>
  <trkpt lat="54.78952833" lon="25.31275167">
    <ele>144</ele>
    <time>2020-09-07T21:46:22.520999Z</time>
  </trkpt>
  <trkpt lat="54.78952333" lon="25.31279167">
    <ele>144</ele>
    <time>2020-09-07T21:46:23.520999Z</time>
  </trkpt>
  <trkpt lat="54.789515" lon="25.312835">
    <ele>144</ele>
    <time>2020-09-07T21:46:24.520999Z</time>
  </trkpt>
  <trkpt lat="54.78950667" lon="25.31287833">
    <ele>144</ele>
    <time>2020-09-07T21:46:25.520999Z</time>
  </trkpt>
  <trkpt lat="54.78949167" lon="25.312935">
    <ele>144</ele>
    <time>2020-09-07T21:46:26.520999Z</time>
  </trkpt>
  <trkpt lat="54.78947667" lon="25.31298833">
    <ele>144</ele>
    <time>2020-09-07T21:46:27.520999Z</time>
  </trkpt>
  <trkpt lat="54.789455" lon="25.313035">
    <ele>144</ele>
    <time>2020-09-07T21:46:28.519999Z</time>
  </trkpt>
  <trkpt lat="54.78943667" lon="25.31306833">
    <ele>144</ele>
    <time>2020-09-07T21:46:29.520999Z</time>
  </trkpt>
  <trkpt lat="54.78941667" lon="25.31310833">
    <ele>144</ele>
    <time>2020-09-07T21:46:30.520999Z</time>
  </trkpt>
  <trkpt lat="54.7894" lon="25.31315167">
    <ele>144</ele>
    <time>2020-09-07T21:46:31.519999Z</time>
  </trkpt>
  <trkpt lat="54.78938333" lon="25.31319667">
    <ele>145</ele>
    <time>2020-09-07T21:46:32.520999Z</time>
  </trkpt>
  <trkpt lat="54.78937" lon="25.313235">
    <ele>145</ele>
    <time>2020-09-07T21:46:33.519999Z</time>
  </trkpt>
  <trkpt lat="54.78935333" lon="25.31327167">
    <ele>145</ele>
    <time>2020-09-07T21:46:34.519999Z</time>
  </trkpt>
  <trkpt lat="54.78933667" lon="25.31331167">
    <ele>145</ele>
    <time>2020-09-07T21:46:35.520999Z</time>
  </trkpt>
  <trkpt lat="54.789315" lon="25.31335667">
    <ele>145</ele>
    <time>2020-09-07T21:46:36.520999Z</time>
  </trkpt>
  <trkpt lat="54.78929" lon="25.313405">
    <ele>146</ele>
    <time>2020-09-07T21:46:37.520999Z</time>
  </trkpt>
  <trkpt lat="54.78927" lon="25.313455">
    <ele>146</ele>
    <time>2020-09-07T21:46:38.519999Z</time>
  </trkpt>
  <trkpt lat="54.78925333" lon="25.31348833">
    <ele>146</ele>
    <time>2020-09-07T21:46:39.519999Z</time>
  </trkpt>
  <trkpt lat="54.78924167" lon="25.313525">
    <ele>146</ele>
    <time>2020-09-07T21:46:40.520999Z</time>
  </trkpt>
  <trkpt lat="54.78922667" lon="25.31355833">
    <ele>146</ele>
    <time>2020-09-07T21:46:41.520999Z</time>
  </trkpt>
  <trkpt lat="54.78921833" lon="25.31359167">
    <ele>146</ele>
    <time>2020-09-07T21:46:42.520999Z</time>
  </trkpt>
  <trkpt lat="54.78920333" lon="25.31362833">
    <ele>146</ele>
    <time>2020-09-07T21:46:43.520999Z</time>
  </trkpt>
  <trkpt lat="54.78918667" lon="25.313665">
    <ele>146</ele>
    <time>2020-09-07T21:46:44.520999Z</time>
  </trkpt>
  <trkpt lat="54.78917333" lon="25.3137">
    <ele>146</ele>
    <time>2020-09-07T21:46:45.520999Z</time>
  </trkpt>
  <trkpt lat="54.789165" lon="25.31373667">
    <ele>146</ele>
    <time>2020-09-07T21:46:46.520999Z</time>
  </trkpt>
  <trkpt lat="54.78915167" lon="25.31378667">
    <ele>146</ele>
    <time>2020-09-07T21:46:47.520999Z</time>
  </trkpt>
  <trkpt lat="54.78914167" lon="25.31382167">
    <ele>146</ele>
    <time>2020-09-07T21:46:48.520999Z</time>
  </trkpt>
  <trkpt lat="54.78913167" lon="25.31386">
    <ele>146</ele>
    <time>2020-09-07T21:46:49.519999Z</time>
  </trkpt>
  <trkpt lat="54.78912" lon="25.31388833">
    <ele>146</ele>
    <time>2020-09-07T21:46:50.519999Z</time>
  </trkpt>
  <trkpt lat="54.78911167" lon="25.31391667">
    <ele>146</ele>
    <time>2020-09-07T21:46:51.520999Z</time>
  </trkpt>
  <trkpt lat="54.78910333" lon="25.313945">
    <ele>146</ele>
    <time>2020-09-07T21:46:52.519999Z</time>
  </trkpt>
  <trkpt lat="54.7891" lon="25.31397">
    <ele>147</ele>
    <time>2020-09-07T21:46:53.520999Z</time>
  </trkpt>
  <trkpt lat="54.78909167" lon="25.31400167">
    <ele>147</ele>
    <time>2020-09-07T21:46:54.520999Z</time>
  </trkpt>
  <trkpt lat="54.78908" lon="25.31403167">
    <ele>147</ele>
    <time>2020-09-07T21:46:55.519999Z</time>
  </trkpt>
  <trkpt lat="54.78906833" lon="25.314055">
    <ele>148</ele>
    <time>2020-09-07T21:46:56.520999Z</time>
  </trkpt>
  <trkpt lat="54.78905833" lon="25.31408333">
    <ele>148</ele>
    <time>2020-09-07T21:46:57.520999Z</time>
  </trkpt>
  <trkpt lat="54.78905167" lon="25.31411667">
    <ele>148</ele>
    <time>2020-09-07T21:46:58.520999Z</time>
  </trkpt>
  <trkpt lat="54.78904333" lon="25.31415">
    <ele>148</ele>
    <time>2020-09-07T21:46:59.520999Z</time>
  </trkpt>
  <trkpt lat="54.78903" lon="25.31418667">
    <ele>148</ele>
    <time>2020-09-07T21:47:00.519999Z</time>
  </trkpt>
  <trkpt lat="54.78901667" lon="25.31422667">
    <ele>149</ele>
    <time>2020-09-07T21:47:01.519999Z</time>
  </trkpt>
  <trkpt lat="54.789" lon="25.31427167">
    <ele>149</ele>
    <time>2020-09-07T21:47:02.520999Z</time>
  </trkpt>
  <trkpt lat="54.78897667" lon="25.31432">
    <ele>149</ele>
    <time>2020-09-07T21:47:03.520999Z</time>
  </trkpt>
  <trkpt lat="54.78896" lon="25.31436333">
    <ele>149</ele>
    <time>2020-09-07T21:47:04.519999Z</time>
  </trkpt>
  <trkpt lat="54.78894667" lon="25.31440333">
    <ele>149</ele>
    <time>2020-09-07T21:47:05.520999Z</time>
  </trkpt>
  <trkpt lat="54.788935" lon="25.31444333">
    <ele>149</ele>
    <time>2020-09-07T21:47:06.520999Z</time>
  </trkpt>
  <trkpt lat="54.78891667" lon="25.31448333">
    <ele>149</ele>
    <time>2020-09-07T21:47:07.520999Z</time>
  </trkpt>
  <trkpt lat="54.78889333" lon="25.314525">
    <ele>149</ele>
    <time>2020-09-07T21:47:08.520999Z</time>
  </trkpt>
  <trkpt lat="54.78887667" lon="25.31456">
    <ele>150</ele>
    <time>2020-09-07T21:47:09.520999Z</time>
  </trkpt>
  <trkpt lat="54.78885667" lon="25.314605">
    <ele>150</ele>
    <time>2020-09-07T21:47:10.519999Z</time>
  </trkpt>
  <trkpt lat="54.78883667" lon="25.31465">
    <ele>150</ele>
    <time>2020-09-07T21:47:11.520999Z</time>
  </trkpt>
  <trkpt lat="54.78882" lon="25.3147">
    <ele>150</ele>
    <time>2020-09-07T21:47:12.520999Z</time>
  </trkpt>
  <trkpt lat="54.788815" lon="25.31473333">
    <ele>150</ele>
    <time>2020-09-07T21:47:13.519999Z</time>
  </trkpt>
  <trkpt lat="54.78880833" lon="25.314765">
    <ele>151</ele>
    <time>2020-09-07T21:47:14.519999Z</time>
  </trkpt>
  <trkpt lat="54.78880833" lon="25.31480333">
    <ele>151</ele>
    <time>2020-09-07T21:47:15.519999Z</time>
  </trkpt>
  <trkpt lat="54.78881167" lon="25.314835">
    <ele>151</ele>
    <time>2020-09-07T21:47:16.520999Z</time>
  </trkpt>
  <trkpt lat="54.78881333" lon="25.31487167">
    <ele>151</ele>
    <time>2020-09-07T21:47:17.519999Z</time>
  </trkpt>
  <trkpt lat="54.78881333" lon="25.31490333">
    <ele>151</ele>
    <time>2020-09-07T21:47:18.520999Z</time>
  </trkpt>
  <trkpt lat="54.78881" lon="25.31493667">
    <ele>151</ele>
    <time>2020-09-07T21:47:19.520999Z</time>
  </trkpt>
  <trkpt lat="54.78880333" lon="25.31497167">
    <ele>151</ele>
    <time>2020-09-07T21:47:20.520999Z</time>
  </trkpt>
  <trkpt lat="54.78879833" lon="25.31501167">
    <ele>151</ele>
    <time>2020-09-07T21:47:21.520999Z</time>
  </trkpt>
  <trkpt lat="54.78879667" lon="25.31505333">
    <ele>151</ele>
    <time>2020-09-07T21:47:22.520999Z</time>
  </trkpt>
  <trkpt lat="54.788795" lon="25.31509833">
    <ele>151</ele>
    <time>2020-09-07T21:47:23.519999Z</time>
  </trkpt>
  <trkpt lat="54.78879833" lon="25.31514167">
    <ele>151</ele>
    <time>2020-09-07T21:47:24.520999Z</time>
  </trkpt>
  <trkpt lat="54.7888" lon="25.315185">
    <ele>151</ele>
    <time>2020-09-07T21:47:25.520999Z</time>
  </trkpt>
  <trkpt lat="54.78880333" lon="25.31521833">
    <ele>151</ele>
    <time>2020-09-07T21:47:26.520999Z</time>
  </trkpt>
  <trkpt lat="54.78880667" lon="25.31526667">
    <ele>151</ele>
    <time>2020-09-07T21:47:27.520999Z</time>
  </trkpt>
  <trkpt lat="54.78881" lon="25.31530667">
    <ele>151</ele>
    <time>2020-09-07T21:47:28.519999Z</time>
  </trkpt>
  <trkpt lat="54.78881833" lon="25.31535">
    <ele>151</ele>
    <time>2020-09-07T21:47:29.520999Z</time>
  </trkpt>
  <trkpt lat="54.78882167" lon="25.31539833">
    <ele>151</ele>
    <time>2020-09-07T21:47:30.519999Z</time>
  </trkpt>
  <trkpt lat="54.78882333" lon="25.315435">
    <ele>151</ele>
    <time>2020-09-07T21:47:31.520999Z</time>
  </trkpt>
  <trkpt lat="54.78882833" lon="25.31548167">
    <ele>151</ele>
    <time>2020-09-07T21:47:32.520999Z</time>
  </trkpt>
  <trkpt lat="54.78882833" lon="25.31552833">
    <ele>152</ele>
    <time>2020-09-07T21:47:33.519999Z</time>
  </trkpt>
  <trkpt lat="54.78882333" lon="25.31557333">
    <ele>152</ele>
    <time>2020-09-07T21:47:34.520999Z</time>
  </trkpt>
  <trkpt lat="54.788815" lon="25.31561333">
    <ele>152</ele>
    <time>2020-09-07T21:47:35.520999Z</time>
  </trkpt>
  <trkpt lat="54.78881167" lon="25.31565167">
    <ele>152</ele>
    <time>2020-09-07T21:47:36.520999Z</time>
  </trkpt>
  <trkpt lat="54.78881" lon="25.31569833">
    <ele>152</ele>
    <time>2020-09-07T21:47:37.520999Z</time>
  </trkpt>
  <trkpt lat="54.78881667" lon="25.31574333">
    <ele>153</ele>
    <time>2020-09-07T21:47:38.520999Z</time>
  </trkpt>
  <trkpt lat="54.78881833" lon="25.31579">
    <ele>153</ele>
    <time>2020-09-07T21:47:39.519999Z</time>
  </trkpt>
  <trkpt lat="54.78882" lon="25.31583667">
    <ele>153</ele>
    <time>2020-09-07T21:47:40.520999Z</time>
  </trkpt>
  <trkpt lat="54.78882333" lon="25.315885">
    <ele>153</ele>
    <time>2020-09-07T21:47:41.519999Z</time>
  </trkpt>
  <trkpt lat="54.78882667" lon="25.31593667">
    <ele>153</ele>
    <time>2020-09-07T21:47:42.520999Z</time>
  </trkpt>
  <trkpt lat="54.78883667" lon="25.31599167">
    <ele>153</ele>
    <time>2020-09-07T21:47:43.520999Z</time>
  </trkpt>
  <trkpt lat="54.78883667" lon="25.31604">
    <ele>153</ele>
    <time>2020-09-07T21:47:44.520999Z</time>
  </trkpt>
  <trkpt lat="54.78883667" lon="25.31608833">
    <ele>153</ele>
    <time>2020-09-07T21:47:45.520999Z</time>
  </trkpt>
  <trkpt lat="54.78883333" lon="25.31613667">
    <ele>153</ele>
    <time>2020-09-07T21:47:46.520999Z</time>
  </trkpt>
  <trkpt lat="54.788835" lon="25.31619167">
    <ele>153</ele>
    <time>2020-09-07T21:47:47.519999Z</time>
  </trkpt>
  <trkpt lat="54.78884" lon="25.31624">
    <ele>153</ele>
    <time>2020-09-07T21:47:48.520999Z</time>
  </trkpt>
  <trkpt lat="54.78885" lon="25.31629">
    <ele>153</ele>
    <time>2020-09-07T21:47:49.519999Z</time>
  </trkpt>
  <trkpt lat="54.78886167" lon="25.31632167">
    <ele>153</ele>
    <time>2020-09-07T21:47:50.520999Z</time>
  </trkpt>
  <trkpt lat="54.78886833" lon="25.31636833">
    <ele>153</ele>
    <time>2020-09-07T21:47:51.520999Z</time>
  </trkpt>
  <trkpt lat="54.788875" lon="25.31640833">
    <ele>153</ele>
    <time>2020-09-07T21:47:52.519999Z</time>
  </trkpt>
  <trkpt lat="54.78888" lon="25.316455">
    <ele>152</ele>
    <time>2020-09-07T21:47:53.519999Z</time>
  </trkpt>
  <trkpt lat="54.78889" lon="25.31650167">
    <ele>152</ele>
    <time>2020-09-07T21:47:54.520999Z</time>
  </trkpt>
  <trkpt lat="54.78891167" lon="25.31655">
    <ele>152</ele>
    <time>2020-09-07T21:47:55.520999Z</time>
  </trkpt>
  <trkpt lat="54.78893167" lon="25.31658333">
    <ele>153</ele>
    <time>2020-09-07T21:47:56.519999Z</time>
  </trkpt>
  <trkpt lat="54.78894833" lon="25.31662167">
    <ele>153</ele>
    <time>2020-09-07T21:47:57.520999Z</time>
  </trkpt>
  <trkpt lat="54.78896" lon="25.31666167">
    <ele>153</ele>
    <time>2020-09-07T21:47:58.520999Z</time>
  </trkpt>
  <trkpt lat="54.788975" lon="25.316705">
    <ele>153</ele>
    <time>2020-09-07T21:47:59.520999Z</time>
  </trkpt>
  <trkpt lat="54.78899" lon="25.31675333">
    <ele>154</ele>
    <time>2020-09-07T21:48:00.520999Z</time>
  </trkpt>
  <trkpt lat="54.789005" lon="25.31679167">
    <ele>154</ele>
    <time>2020-09-07T21:48:01.519999Z</time>
  </trkpt>
  <trkpt lat="54.78901833" lon="25.31682667">
    <ele>155</ele>
    <time>2020-09-07T21:48:02.519999Z</time>
  </trkpt>
  <trkpt lat="54.78903167" lon="25.31686">
    <ele>155</ele>
    <time>2020-09-07T21:48:03.519999Z</time>
  </trkpt>
  <trkpt lat="54.78904333" lon="25.31688667">
    <ele>155</ele>
    <time>2020-09-07T21:48:04.520999Z</time>
  </trkpt>
  <trkpt lat="54.78905833" lon="25.31690833">
    <ele>155</ele>
    <time>2020-09-07T21:48:05.520999Z</time>
  </trkpt>
  <trkpt lat="54.78907333" lon="25.31693667">
    <ele>155</ele>
    <time>2020-09-07T21:48:06.519999Z</time>
  </trkpt>
  <trkpt lat="54.789085" lon="25.316965">
    <ele>155</ele>
    <time>2020-09-07T21:48:07.520999Z</time>
  </trkpt>
  <trkpt lat="54.78909667" lon="25.31699">
    <ele>155</ele>
    <time>2020-09-07T21:48:08.519999Z</time>
  </trkpt>
  <trkpt lat="54.78911" lon="25.31701667">
    <ele>155</ele>
    <time>2020-09-07T21:48:09.520999Z</time>
  </trkpt>
  <trkpt lat="54.78912833" lon="25.31705167">
    <ele>155</ele>
    <time>2020-09-07T21:48:10.519999Z</time>
  </trkpt>
  <trkpt lat="54.78915333" lon="25.31708667">
    <ele>156</ele>
    <time>2020-09-07T21:48:11.520999Z</time>
  </trkpt>
  <trkpt lat="54.789175" lon="25.31711833">
    <ele>156</ele>
    <time>2020-09-07T21:48:12.519999Z</time>
  </trkpt>
  <trkpt lat="54.78919333" lon="25.31715167">
    <ele>156</ele>
    <time>2020-09-07T21:48:13.520999Z</time>
  </trkpt>
  <trkpt lat="54.78921333" lon="25.31718667">
    <ele>156</ele>
    <time>2020-09-07T21:48:14.520999Z</time>
  </trkpt>
  <trkpt lat="54.78922667" lon="25.317215">
    <ele>157</ele>
    <time>2020-09-07T21:48:15.520999Z</time>
  </trkpt>
  <trkpt lat="54.78924667" lon="25.31725167">
    <ele>157</ele>
    <time>2020-09-07T21:48:16.520999Z</time>
  </trkpt>
  <trkpt lat="54.78926" lon="25.31728333">
    <ele>157</ele>
    <time>2020-09-07T21:48:17.519999Z</time>
  </trkpt>
  <trkpt lat="54.78927333" lon="25.31730667">
    <ele>157</ele>
    <time>2020-09-07T21:48:18.520999Z</time>
  </trkpt>
  <trkpt lat="54.78929167" lon="25.31733833">
    <ele>157</ele>
    <time>2020-09-07T21:48:19.520999Z</time>
  </trkpt>
  <trkpt lat="54.78930833" lon="25.31736667">
    <ele>157</ele>
    <time>2020-09-07T21:48:20.520999Z</time>
  </trkpt>
  <trkpt lat="54.78931833" lon="25.31739333">
    <ele>157</ele>
    <time>2020-09-07T21:48:21.520999Z</time>
  </trkpt>
  <trkpt lat="54.789325" lon="25.31742167">
    <ele>157</ele>
    <time>2020-09-07T21:48:22.519999Z</time>
  </trkpt>
  <trkpt lat="54.78932833" lon="25.31745">
    <ele>157</ele>
    <time>2020-09-07T21:48:23.519999Z</time>
  </trkpt>
  <trkpt lat="54.78933333" lon="25.31747667">
    <ele>157</ele>
    <time>2020-09-07T21:48:24.520999Z</time>
  </trkpt>
  <trkpt lat="54.78934333" lon="25.317505">
    <ele>156</ele>
    <time>2020-09-07T21:48:25.520999Z</time>
  </trkpt>
  <trkpt lat="54.789355" lon="25.31753">
    <ele>156</ele>
    <time>2020-09-07T21:48:26.520999Z</time>
  </trkpt>
  <trkpt lat="54.78936667" lon="25.31755833">
    <ele>156</ele>
    <time>2020-09-07T21:48:27.520999Z</time>
  </trkpt>
  <trkpt lat="54.78937667" lon="25.31759167">
    <ele>156</ele>
    <time>2020-09-07T21:48:28.519999Z</time>
  </trkpt>
  <trkpt lat="54.78939" lon="25.31762167">
    <ele>156</ele>
    <time>2020-09-07T21:48:29.520999Z</time>
  </trkpt>
  <trkpt lat="54.78940667" lon="25.317665">
    <ele>156</ele>
    <time>2020-09-07T21:48:30.520999Z</time>
  </trkpt>
  <trkpt lat="54.789415" lon="25.31769833">
    <ele>156</ele>
    <time>2020-09-07T21:48:31.519999Z</time>
  </trkpt>
  <trkpt lat="54.78942167" lon="25.31773333">
    <ele>156</ele>
    <time>2020-09-07T21:48:32.519999Z</time>
  </trkpt>
  <trkpt lat="54.789435" lon="25.31777167">
    <ele>156</ele>
    <time>2020-09-07T21:48:33.520999Z</time>
  </trkpt>
  <trkpt lat="54.789445" lon="25.31781333">
    <ele>156</ele>
    <time>2020-09-07T21:48:34.519999Z</time>
  </trkpt>
  <trkpt lat="54.789455" lon="25.31785333">
    <ele>156</ele>
    <time>2020-09-07T21:48:35.519999Z</time>
  </trkpt>
  <trkpt lat="54.78946333" lon="25.31789833">
    <ele>156</ele>
    <time>2020-09-07T21:48:36.519999Z</time>
  </trkpt>
  <trkpt lat="54.78947167" lon="25.31795333">
    <ele>157</ele>
    <time>2020-09-07T21:48:37.519999Z</time>
  </trkpt>
  <trkpt lat="54.78948667" lon="25.31799833">
    <ele>157</ele>
    <time>2020-09-07T21:48:38.520999Z</time>
  </trkpt>
  <trkpt lat="54.78950333" lon="25.318045">
    <ele>157</ele>
    <time>2020-09-07T21:48:39.520999Z</time>
  </trkpt>
  <trkpt lat="54.789515" lon="25.31809333">
    <ele>157</ele>
    <time>2020-09-07T21:48:40.520999Z</time>
  </trkpt>
  <trkpt lat="54.78952333" lon="25.318145">
    <ele>157</ele>
    <time>2020-09-07T21:48:41.520999Z</time>
  </trkpt>
  <trkpt lat="54.78952333" lon="25.318195">
    <ele>157</ele>
    <time>2020-09-07T21:48:42.520999Z</time>
  </trkpt>
  <trkpt lat="54.78952167" lon="25.31824833">
    <ele>157</ele>
    <time>2020-09-07T21:48:43.519999Z</time>
  </trkpt>
  <trkpt lat="54.78952" lon="25.31829833">
    <ele>157</ele>
    <time>2020-09-07T21:48:44.520999Z</time>
  </trkpt>
  <trkpt lat="54.78952333" lon="25.31834">
    <ele>157</ele>
    <time>2020-09-07T21:48:45.520999Z</time>
  </trkpt>
  <trkpt lat="54.78951833" lon="25.318385">
    <ele>157</ele>
    <time>2020-09-07T21:48:46.519999Z</time>
  </trkpt>
  <trkpt lat="54.78952" lon="25.31842833">
    <ele>157</ele>
    <time>2020-09-07T21:48:47.519999Z</time>
  </trkpt>
  <trkpt lat="54.789515" lon="25.31847667">
    <ele>156</ele>
    <time>2020-09-07T21:48:48.519999Z</time>
  </trkpt>
  <trkpt lat="54.78950667" lon="25.318525">
    <ele>156</ele>
    <time>2020-09-07T21:48:49.520999Z</time>
  </trkpt>
  <trkpt lat="54.7895" lon="25.31857167">
    <ele>156</ele>
    <time>2020-09-07T21:48:50.520999Z</time>
  </trkpt>
  <trkpt lat="54.78949833" lon="25.31861667">
    <ele>156</ele>
    <time>2020-09-07T21:48:51.520999Z</time>
  </trkpt>
  <trkpt lat="54.78949333" lon="25.31865833">
    <ele>156</ele>
    <time>2020-09-07T21:48:52.519999Z</time>
  </trkpt>
  <trkpt lat="54.78949" lon="25.318705">
    <ele>156</ele>
    <time>2020-09-07T21:48:53.519999Z</time>
  </trkpt>
  <trkpt lat="54.78948833" lon="25.318755">
    <ele>156</ele>
    <time>2020-09-07T21:48:54.520999Z</time>
  </trkpt>
  <trkpt lat="54.789485" lon="25.31880333">
    <ele>157</ele>
    <time>2020-09-07T21:48:55.520999Z</time>
  </trkpt>
  <trkpt lat="54.78947667" lon="25.31884833">
    <ele>157</ele>
    <time>2020-09-07T21:48:56.519999Z</time>
  </trkpt>
  <trkpt lat="54.78946667" lon="25.3189">
    <ele>157</ele>
    <time>2020-09-07T21:48:57.519999Z</time>
  </trkpt>
  <trkpt lat="54.78946167" lon="25.31894">
    <ele>157</ele>
    <time>2020-09-07T21:48:58.520999Z</time>
  </trkpt>
  <trkpt lat="54.789455" lon="25.31898333">
    <ele>157</ele>
    <time>2020-09-07T21:48:59.520999Z</time>
  </trkpt>
  <trkpt lat="54.78943833" lon="25.31903">
    <ele>157</ele>
    <time>2020-09-07T21:49:00.519999Z</time>
  </trkpt>
  <trkpt lat="54.78942333" lon="25.31907333">
    <ele>157</ele>
    <time>2020-09-07T21:49:01.519999Z</time>
  </trkpt>
  <trkpt lat="54.789405" lon="25.31911667">
    <ele>156</ele>
    <time>2020-09-07T21:49:02.519999Z</time>
  </trkpt>
  <trkpt lat="54.78938833" lon="25.31916">
    <ele>156</ele>
    <time>2020-09-07T21:49:03.520999Z</time>
  </trkpt>
  <trkpt lat="54.78937667" lon="25.31919667">
    <ele>155</ele>
    <time>2020-09-07T21:49:04.519999Z</time>
  </trkpt>
  <trkpt lat="54.78936833" lon="25.31923333">
    <ele>155</ele>
    <time>2020-09-07T21:49:05.519999Z</time>
  </trkpt>
  <trkpt lat="54.78935333" lon="25.31927">
    <ele>155</ele>
    <time>2020-09-07T21:49:06.520999Z</time>
  </trkpt>
  <trkpt lat="54.78934667" lon="25.319305">
    <ele>154</ele>
    <time>2020-09-07T21:49:07.519999Z</time>
  </trkpt>
  <trkpt lat="54.78934" lon="25.31934">
    <ele>154</ele>
    <time>2020-09-07T21:49:08.519999Z</time>
  </trkpt>
  <trkpt lat="54.78934" lon="25.31938">
    <ele>154</ele>
    <time>2020-09-07T21:49:09.520999Z</time>
  </trkpt>
  <trkpt lat="54.78934167" lon="25.31942">
    <ele>153</ele>
    <time>2020-09-07T21:49:10.520999Z</time>
  </trkpt>
  <trkpt lat="54.789345" lon="25.319455">
    <ele>153</ele>
    <time>2020-09-07T21:49:11.520999Z</time>
  </trkpt>
  <trkpt lat="54.78935333" lon="25.31949">
    <ele>153</ele>
    <time>2020-09-07T21:49:12.519999Z</time>
  </trkpt>
  <trkpt lat="54.78936" lon="25.31952667">
    <ele>153</ele>
    <time>2020-09-07T21:49:13.519999Z</time>
  </trkpt>
  <trkpt lat="54.789365" lon="25.31956333">
    <ele>153</ele>
    <time>2020-09-07T21:49:14.519999Z</time>
  </trkpt>
  <trkpt lat="54.789365" lon="25.31959833">
    <ele>153</ele>
    <time>2020-09-07T21:49:15.520999Z</time>
  </trkpt>
  <trkpt lat="54.78937" lon="25.319635">
    <ele>153</ele>
    <time>2020-09-07T21:49:16.519999Z</time>
  </trkpt>
  <trkpt lat="54.78937167" lon="25.31968167">
    <ele>153</ele>
    <time>2020-09-07T21:49:17.519999Z</time>
  </trkpt>
  <trkpt lat="54.78937167" lon="25.31973333">
    <ele>153</ele>
    <time>2020-09-07T21:49:18.519999Z</time>
  </trkpt>
  <trkpt lat="54.78937667" lon="25.31978">
    <ele>153</ele>
    <time>2020-09-07T21:49:19.520999Z</time>
  </trkpt>
  <trkpt lat="54.78938" lon="25.319825">
    <ele>153</ele>
    <time>2020-09-07T21:49:20.520999Z</time>
  </trkpt>
  <trkpt lat="54.789385" lon="25.31987167">
    <ele>153</ele>
    <time>2020-09-07T21:49:21.519999Z</time>
  </trkpt>
  <trkpt lat="54.78939667" lon="25.31991833">
    <ele>152</ele>
    <time>2020-09-07T21:49:22.519999Z</time>
  </trkpt>
  <trkpt lat="54.78940667" lon="25.31996667">
    <ele>153</ele>
    <time>2020-09-07T21:49:23.520999Z</time>
  </trkpt>
  <trkpt lat="54.789415" lon="25.320015">
    <ele>153</ele>
    <time>2020-09-07T21:49:24.520999Z</time>
  </trkpt>
  <trkpt lat="54.78942333" lon="25.32005667">
    <ele>153</ele>
    <time>2020-09-07T21:49:25.520999Z</time>
  </trkpt>
  <trkpt lat="54.78943167" lon="25.320105">
    <ele>153</ele>
    <time>2020-09-07T21:49:26.519999Z</time>
  </trkpt>
  <trkpt lat="54.78943833" lon="25.32015">
    <ele>153</ele>
    <time>2020-09-07T21:49:27.519999Z</time>
  </trkpt>
  <trkpt lat="54.789445" lon="25.320195">
    <ele>153</ele>
    <time>2020-09-07T21:49:28.520999Z</time>
  </trkpt>
  <trkpt lat="54.78945" lon="25.32023167">
    <ele>153</ele>
    <time>2020-09-07T21:49:29.520999Z</time>
  </trkpt>
  <trkpt lat="54.789455" lon="25.32027167">
    <ele>154</ele>
    <time>2020-09-07T21:49:30.519999Z</time>
  </trkpt>
  <trkpt lat="54.78946" lon="25.32031167">
    <ele>154</ele>
    <time>2020-09-07T21:49:31.519999Z</time>
  </trkpt>
  <trkpt lat="54.78946333" lon="25.32035167">
    <ele>155</ele>
    <time>2020-09-07T21:49:32.519999Z</time>
  </trkpt>
  <trkpt lat="54.78946333" lon="25.320385">
    <ele>155</ele>
    <time>2020-09-07T21:49:33.520999Z</time>
  </trkpt>
  <trkpt lat="54.78946833" lon="25.32042167">
    <ele>155</ele>
    <time>2020-09-07T21:49:34.519999Z</time>
  </trkpt>
  <trkpt lat="54.78947167" lon="25.32046333">
    <ele>156</ele>
    <time>2020-09-07T21:49:35.519999Z</time>
  </trkpt>
  <trkpt lat="54.78947333" lon="25.32050333">
    <ele>156</ele>
    <time>2020-09-07T21:49:36.520999Z</time>
  </trkpt>
  <trkpt lat="54.78948" lon="25.32054333">
    <ele>156</ele>
    <time>2020-09-07T21:49:37.519999Z</time>
  </trkpt>
  <trkpt lat="54.789485" lon="25.32058333">
    <ele>156</ele>
    <time>2020-09-07T21:49:38.519999Z</time>
  </trkpt>
  <trkpt lat="54.78949167" lon="25.32063">
    <ele>156</ele>
    <time>2020-09-07T21:49:39.519999Z</time>
  </trkpt>
  <trkpt lat="54.7895" lon="25.32067167">
    <ele>157</ele>
    <time>2020-09-07T21:49:40.519999Z</time>
  </trkpt>
  <trkpt lat="54.78951333" lon="25.32070667">
    <ele>157</ele>
    <time>2020-09-07T21:49:41.519999Z</time>
  </trkpt>
  <trkpt lat="54.78953" lon="25.320745">
    <ele>157</ele>
    <time>2020-09-07T21:49:42.520999Z</time>
  </trkpt>
  <trkpt lat="54.789545" lon="25.320785">
    <ele>157</ele>
    <time>2020-09-07T21:49:43.520999Z</time>
  </trkpt>
  <trkpt lat="54.78956" lon="25.32082667">
    <ele>158</ele>
    <time>2020-09-07T21:49:44.520999Z</time>
  </trkpt>
  <trkpt lat="54.78957833" lon="25.32086833">
    <ele>158</ele>
    <time>2020-09-07T21:49:45.520999Z</time>
  </trkpt>
  <trkpt lat="54.78959" lon="25.320895">
    <ele>159</ele>
    <time>2020-09-07T21:49:46.520999Z</time>
  </trkpt>
  <trkpt lat="54.789605" lon="25.32092167">
    <ele>159</ele>
    <time>2020-09-07T21:49:47.520999Z</time>
  </trkpt>
  <trkpt lat="54.78961833" lon="25.32094667">
    <ele>159</ele>
    <time>2020-09-07T21:49:48.520999Z</time>
  </trkpt>
  <trkpt lat="54.789635" lon="25.32097167">
    <ele>160</ele>
    <time>2020-09-07T21:49:49.519999Z</time>
  </trkpt>
  <trkpt lat="54.78965333" lon="25.32100833">
    <ele>160</ele>
    <time>2020-09-07T21:49:50.520999Z</time>
  </trkpt>
  <trkpt lat="54.78967" lon="25.32104333">
    <ele>161</ele>
    <time>2020-09-07T21:49:51.520999Z</time>
  </trkpt>
  <trkpt lat="54.78968667" lon="25.32108167">
    <ele>161</ele>
    <time>2020-09-07T21:49:52.520999Z</time>
  </trkpt>
  <trkpt lat="54.78970167" lon="25.321115">
    <ele>161</ele>
    <time>2020-09-07T21:49:53.520999Z</time>
  </trkpt>
  <trkpt lat="54.78972167" lon="25.32114333">
    <ele>162</ele>
    <time>2020-09-07T21:49:54.519999Z</time>
  </trkpt>
  <trkpt lat="54.789745" lon="25.32116833">
    <ele>162</ele>
    <time>2020-09-07T21:49:55.520999Z</time>
  </trkpt>
  <trkpt lat="54.78976" lon="25.32118667">
    <ele>162</ele>
    <time>2020-09-07T21:49:56.520999Z</time>
  </trkpt>
  <trkpt lat="54.78977667" lon="25.3212">
    <ele>162</ele>
    <time>2020-09-07T21:49:57.520999Z</time>
  </trkpt>
  <trkpt lat="54.78979333" lon="25.32121">
    <ele>162</ele>
    <time>2020-09-07T21:49:58.519999Z</time>
  </trkpt>
  <trkpt lat="54.789815" lon="25.32122">
    <ele>162</ele>
    <time>2020-09-07T21:49:59.520999Z</time>
  </trkpt>
  <trkpt lat="54.78984167" lon="25.32123333">
    <ele>162</ele>
    <time>2020-09-07T21:50:00.520999Z</time>
  </trkpt>
  <trkpt lat="54.78986833" lon="25.32124333">
    <ele>162</ele>
    <time>2020-09-07T21:50:01.520999Z</time>
  </trkpt>
  <trkpt lat="54.78989333" lon="25.321255">
    <ele>162</ele>
    <time>2020-09-07T21:50:02.520999Z</time>
  </trkpt>
  <trkpt lat="54.78991167" lon="25.32126667">
    <ele>161</ele>
    <time>2020-09-07T21:50:03.520999Z</time>
  </trkpt>
  <trkpt lat="54.789935" lon="25.32127833">
    <ele>161</ele>
    <time>2020-09-07T21:50:04.520999Z</time>
  </trkpt>
  <trkpt lat="54.789955" lon="25.32129833">
    <ele>160</ele>
    <time>2020-09-07T21:50:05.520999Z</time>
  </trkpt>
  <trkpt lat="54.789975" lon="25.32131667">
    <ele>160</ele>
    <time>2020-09-07T21:50:06.520999Z</time>
  </trkpt>
  <trkpt lat="54.789995" lon="25.32133333">
    <ele>160</ele>
    <time>2020-09-07T21:50:07.519999Z</time>
  </trkpt>
  <trkpt lat="54.79001833" lon="25.32135">
    <ele>160</ele>
    <time>2020-09-07T21:50:08.520999Z</time>
  </trkpt>
  <trkpt lat="54.79004" lon="25.321365">
    <ele>160</ele>
    <time>2020-09-07T21:50:09.520999Z</time>
  </trkpt>
  <trkpt lat="54.79005833" lon="25.32138">
    <ele>159</ele>
    <time>2020-09-07T21:50:10.520999Z</time>
  </trkpt>
  <trkpt lat="54.79008167" lon="25.32139667">
    <ele>159</ele>
    <time>2020-09-07T21:50:11.520999Z</time>
  </trkpt>
  <trkpt lat="54.79010167" lon="25.32140333">
    <ele>159</ele>
    <time>2020-09-07T21:50:12.519999Z</time>
  </trkpt>
  <trkpt lat="54.79012167" lon="25.3214">
    <ele>159</ele>
    <time>2020-09-07T21:50:13.520999Z</time>
  </trkpt>
  <trkpt lat="54.79013833" lon="25.32139667">
    <ele>159</ele>
    <time>2020-09-07T21:50:14.520999Z</time>
  </trkpt>
  <trkpt lat="54.79016" lon="25.32139833">
    <ele>159</ele>
    <time>2020-09-07T21:50:15.520999Z</time>
  </trkpt>
  <trkpt lat="54.790175" lon="25.321405">
    <ele>158</ele>
    <time>2020-09-07T21:50:16.519999Z</time>
  </trkpt>
  <trkpt lat="54.79019167" lon="25.32140667">
    <ele>158</ele>
    <time>2020-09-07T21:50:17.520999Z</time>
  </trkpt>
  <trkpt lat="54.79021167" lon="25.32141">
    <ele>158</ele>
    <time>2020-09-07T21:50:18.520999Z</time>
  </trkpt>
  <trkpt lat="54.79023333" lon="25.32141833">
    <ele>158</ele>
    <time>2020-09-07T21:50:19.520999Z</time>
  </trkpt>
  <trkpt lat="54.79025" lon="25.32142833">
    <ele>157</ele>
    <time>2020-09-07T21:50:20.520999Z</time>
  </trkpt>
  <trkpt lat="54.79026667" lon="25.32143833">
    <ele>157</ele>
    <time>2020-09-07T21:50:21.519999Z</time>
  </trkpt>
  <trkpt lat="54.79028167" lon="25.32144833">
    <ele>157</ele>
    <time>2020-09-07T21:50:22.520999Z</time>
  </trkpt>
  <trkpt lat="54.79029333" lon="25.32146">
    <ele>157</ele>
    <time>2020-09-07T21:50:23.519999Z</time>
  </trkpt>
  <trkpt lat="54.79031" lon="25.32146667">
    <ele>157</ele>
    <time>2020-09-07T21:50:24.519999Z</time>
  </trkpt>
  <trkpt lat="54.79033333" lon="25.321465">
    <ele>157</ele>
    <time>2020-09-07T21:50:25.519999Z</time>
  </trkpt>
  <trkpt lat="54.790355" lon="25.32146167">
    <ele>157</ele>
    <time>2020-09-07T21:50:26.520999Z</time>
  </trkpt>
  <trkpt lat="54.79037167" lon="25.32146667">
    <ele>158</ele>
    <time>2020-09-07T21:50:27.519999Z</time>
  </trkpt>
  <trkpt lat="54.79039167" lon="25.32147167">
    <ele>158</ele>
    <time>2020-09-07T21:50:28.520999Z</time>
  </trkpt>
  <trkpt lat="54.790415" lon="25.32148167">
    <ele>158</ele>
    <time>2020-09-07T21:50:29.520999Z</time>
  </trkpt>
  <trkpt lat="54.79043833" lon="25.32148667">
    <ele>158</ele>
    <time>2020-09-07T21:50:30.519999Z</time>
  </trkpt>
  <trkpt lat="54.79046333" lon="25.32149333">
    <ele>159</ele>
    <time>2020-09-07T21:50:31.520999Z</time>
  </trkpt>
  <trkpt lat="54.79048167" lon="25.32149667">
    <ele>159</ele>
    <time>2020-09-07T21:50:32.519999Z</time>
  </trkpt>
  <trkpt lat="54.79049833" lon="25.32149833">
    <ele>159</ele>
    <time>2020-09-07T21:50:33.520999Z</time>
  </trkpt>
  <trkpt lat="54.79051333" lon="25.32150167">
    <ele>160</ele>
    <time>2020-09-07T21:50:34.519999Z</time>
  </trkpt>
  <trkpt lat="54.79053167" lon="25.32150333">
    <ele>160</ele>
    <time>2020-09-07T21:50:35.520999Z</time>
  </trkpt>
  <trkpt lat="54.79054833" lon="25.32149833">
    <ele>161</ele>
    <time>2020-09-07T21:50:36.519999Z</time>
  </trkpt>
  <trkpt lat="54.79056667" lon="25.32149167">
    <ele>161</ele>
    <time>2020-09-07T21:50:37.520999Z</time>
  </trkpt>
  <trkpt lat="54.79059667" lon="25.321495">
    <ele>162</ele>
    <time>2020-09-07T21:50:38.520999Z</time>
  </trkpt>
  <trkpt lat="54.79062833" lon="25.32149">
    <ele>162</ele>
    <time>2020-09-07T21:50:39.520999Z</time>
  </trkpt>
  <trkpt lat="54.79064667" lon="25.32149167">
    <ele>162</ele>
    <time>2020-09-07T21:50:40.520999Z</time>
  </trkpt>
  <trkpt lat="54.79066333" lon="25.32149167">
    <ele>163</ele>
    <time>2020-09-07T21:50:41.519999Z</time>
  </trkpt>
  <trkpt lat="54.79068667" lon="25.321475">
    <ele>163</ele>
    <time>2020-09-07T21:50:42.520999Z</time>
  </trkpt>
  <trkpt lat="54.79070333" lon="25.321455">
    <ele>163</ele>
    <time>2020-09-07T21:50:43.520999Z</time>
  </trkpt>
  <trkpt lat="54.79072167" lon="25.32143333">
    <ele>164</ele>
    <time>2020-09-07T21:50:44.520999Z</time>
  </trkpt>
  <trkpt lat="54.79073667" lon="25.32141167">
    <ele>164</ele>
    <time>2020-09-07T21:50:45.519999Z</time>
  </trkpt>
  <trkpt lat="54.79074833" lon="25.321385">
    <ele>164</ele>
    <time>2020-09-07T21:50:46.520999Z</time>
  </trkpt>
  <trkpt lat="54.79076" lon="25.32135333">
    <ele>165</ele>
    <time>2020-09-07T21:50:47.520999Z</time>
  </trkpt>
  <trkpt lat="54.790775" lon="25.321325">
    <ele>165</ele>
    <time>2020-09-07T21:50:48.520999Z</time>
  </trkpt>
  <trkpt lat="54.790785" lon="25.321295">
    <ele>165</ele>
    <time>2020-09-07T21:50:49.520999Z</time>
  </trkpt>
  <trkpt lat="54.79078833" lon="25.32127">
    <ele>165</ele>
    <time>2020-09-07T21:50:50.519999Z</time>
  </trkpt>
  <trkpt lat="54.790795" lon="25.321245">
    <ele>165</ele>
    <time>2020-09-07T21:50:51.520999Z</time>
  </trkpt>
  <trkpt lat="54.79080333" lon="25.321225">
    <ele>165</ele>
    <time>2020-09-07T21:50:52.520999Z</time>
  </trkpt>
  <trkpt lat="54.79080833" lon="25.32119833">
    <ele>165</ele>
    <time>2020-09-07T21:50:53.520999Z</time>
  </trkpt>
  <trkpt lat="54.79081167" lon="25.32116333">
    <ele>165</ele>
    <time>2020-09-07T21:50:54.519999Z</time>
  </trkpt>
  <trkpt lat="54.79081333" lon="25.321125">
    <ele>164</ele>
    <time>2020-09-07T21:50:55.520999Z</time>
  </trkpt>
  <trkpt lat="54.79082" lon="25.32109167">
    <ele>164</ele>
    <time>2020-09-07T21:50:56.520999Z</time>
  </trkpt>
  <trkpt lat="54.79083" lon="25.321065">
    <ele>163</ele>
    <time>2020-09-07T21:50:57.520999Z</time>
  </trkpt>
  <trkpt lat="54.790835" lon="25.32103333">
    <ele>163</ele>
    <time>2020-09-07T21:50:58.520999Z</time>
  </trkpt>
  <trkpt lat="54.79084167" lon="25.32100167">
    <ele>163</ele>
    <time>2020-09-07T21:50:59.519999Z</time>
  </trkpt>
  <trkpt lat="54.79085" lon="25.32096167">
    <ele>163</ele>
    <time>2020-09-07T21:51:00.520999Z</time>
  </trkpt>
  <trkpt lat="54.79086333" lon="25.32092167">
    <ele>162</ele>
    <time>2020-09-07T21:51:01.520999Z</time>
  </trkpt>
  <trkpt lat="54.79087667" lon="25.32088167">
    <ele>162</ele>
    <time>2020-09-07T21:51:02.520999Z</time>
  </trkpt>
  <trkpt lat="54.79088" lon="25.32084167">
    <ele>162</ele>
    <time>2020-09-07T21:51:03.520999Z</time>
  </trkpt>
  <trkpt lat="54.79088" lon="25.32080667">
    <ele>162</ele>
    <time>2020-09-07T21:51:04.519999Z</time>
  </trkpt>
  <trkpt lat="54.79087833" lon="25.32077">
    <ele>162</ele>
    <time>2020-09-07T21:51:05.520999Z</time>
  </trkpt>
  <trkpt lat="54.790875" lon="25.320725">
    <ele>162</ele>
    <time>2020-09-07T21:51:06.520999Z</time>
  </trkpt>
  <trkpt lat="54.79087167" lon="25.32068167">
    <ele>162</ele>
    <time>2020-09-07T21:51:07.520999Z</time>
  </trkpt>
  <trkpt lat="54.79087167" lon="25.32065667">
    <ele>162</ele>
    <time>2020-09-07T21:51:08.519999Z</time>
  </trkpt>
  <trkpt lat="54.79087" lon="25.32063667">
    <ele>163</ele>
    <time>2020-09-07T21:51:09.520999Z</time>
  </trkpt>
  <trkpt lat="54.79086667" lon="25.32061667">
    <ele>163</ele>
    <time>2020-09-07T21:51:10.520999Z</time>
  </trkpt>
  <trkpt lat="54.790865" lon="25.32059333">
    <ele>164</ele>
    <time>2020-09-07T21:51:11.520999Z</time>
  </trkpt>
  <trkpt lat="54.790865" lon="25.32057">
    <ele>164</ele>
    <time>2020-09-07T21:51:12.520999Z</time>
  </trkpt>
  <trkpt lat="54.79086833" lon="25.32054">
    <ele>165</ele>
    <time>2020-09-07T21:51:13.519999Z</time>
  </trkpt>
  <trkpt lat="54.79087333" lon="25.32050333">
    <ele>165</ele>
    <time>2020-09-07T21:51:14.520999Z</time>
  </trkpt>
  <trkpt lat="54.79088" lon="25.32046667">
    <ele>165</ele>
    <time>2020-09-07T21:51:15.520999Z</time>
  </trkpt>
  <trkpt lat="54.790885" lon="25.32043">
    <ele>165</ele>
    <time>2020-09-07T21:51:16.520999Z</time>
  </trkpt>
  <trkpt lat="54.79088833" lon="25.32039333">
    <ele>165</ele>
    <time>2020-09-07T21:51:17.519999Z</time>
  </trkpt>
  <trkpt lat="54.79089167" lon="25.32036">
    <ele>165</ele>
    <time>2020-09-07T21:51:18.520999Z</time>
  </trkpt>
  <trkpt lat="54.79089167" lon="25.320325">
    <ele>165</ele>
    <time>2020-09-07T21:51:19.520999Z</time>
  </trkpt>
  <trkpt lat="54.79088667" lon="25.32028667">
    <ele>165</ele>
    <time>2020-09-07T21:51:20.520999Z</time>
  </trkpt>
  <trkpt lat="54.790885" lon="25.32024833">
    <ele>165</ele>
    <time>2020-09-07T21:51:21.520999Z</time>
  </trkpt>
  <trkpt lat="54.79088833" lon="25.32021833">
    <ele>166</ele>
    <time>2020-09-07T21:51:22.519999Z</time>
  </trkpt>
  <trkpt lat="54.79089167" lon="25.32019">
    <ele>166</ele>
    <time>2020-09-07T21:51:23.520999Z</time>
  </trkpt>
  <trkpt lat="54.79089167" lon="25.32016">
    <ele>167</ele>
    <time>2020-09-07T21:51:24.520999Z</time>
  </trkpt>
  <trkpt lat="54.79089" lon="25.32013167">
    <ele>167</ele>
    <time>2020-09-07T21:51:25.520999Z</time>
  </trkpt>
  <trkpt lat="54.79089" lon="25.32010333">
    <ele>167</ele>
    <time>2020-09-07T21:51:26.519999Z</time>
  </trkpt>
  <trkpt lat="54.79089" lon="25.32007333">
    <ele>168</ele>
    <time>2020-09-07T21:51:27.520999Z</time>
  </trkpt>
  <trkpt lat="54.79089167" lon="25.32004">
    <ele>168</ele>
    <time>2020-09-07T21:51:28.520999Z</time>
  </trkpt>
  <trkpt lat="54.79089167" lon="25.31999833">
    <ele>168</ele>
    <time>2020-09-07T21:51:29.520999Z</time>
  </trkpt>
  <trkpt lat="54.79089167" lon="25.31995167">
    <ele>168</ele>
    <time>2020-09-07T21:51:30.520999Z</time>
  </trkpt>
  <trkpt lat="54.79089167" lon="25.31990333">
    <ele>168</ele>
    <time>2020-09-07T21:51:31.519999Z</time>
  </trkpt>
  <trkpt lat="54.79089" lon="25.31985667">
    <ele>168</ele>
    <time>2020-09-07T21:51:32.520999Z</time>
  </trkpt>
  <trkpt lat="54.790885" lon="25.319805">
    <ele>168</ele>
    <time>2020-09-07T21:51:33.520999Z</time>
  </trkpt>
  <trkpt lat="54.79087833" lon="25.31976333">
    <ele>169</ele>
    <time>2020-09-07T21:51:34.519999Z</time>
  </trkpt>
  <trkpt lat="54.79087167" lon="25.31972333">
    <ele>169</ele>
    <time>2020-09-07T21:51:35.520999Z</time>
  </trkpt>
  <trkpt lat="54.790865" lon="25.31968333">
    <ele>170</ele>
    <time>2020-09-07T21:51:36.519999Z</time>
  </trkpt>
  <trkpt lat="54.79085667" lon="25.31964667">
    <ele>170</ele>
    <time>2020-09-07T21:51:37.520999Z</time>
  </trkpt>
  <trkpt lat="54.79085167" lon="25.31961">
    <ele>171</ele>
    <time>2020-09-07T21:51:38.520999Z</time>
  </trkpt>
  <trkpt lat="54.79084667" lon="25.319565">
    <ele>171</ele>
    <time>2020-09-07T21:51:39.520999Z</time>
  </trkpt>
  <trkpt lat="54.79084167" lon="25.319505">
    <ele>171</ele>
    <time>2020-09-07T21:51:40.519999Z</time>
  </trkpt>
  <trkpt lat="54.79083667" lon="25.31944833">
    <ele>171</ele>
    <time>2020-09-07T21:51:41.520999Z</time>
  </trkpt>
  <trkpt lat="54.790835" lon="25.31939833">
    <ele>172</ele>
    <time>2020-09-07T21:51:42.520999Z</time>
  </trkpt>
  <trkpt lat="54.79083333" lon="25.319365">
    <ele>172</ele>
    <time>2020-09-07T21:51:43.520999Z</time>
  </trkpt>
  <trkpt lat="54.79083167" lon="25.31933">
    <ele>172</ele>
    <time>2020-09-07T21:51:44.520999Z</time>
  </trkpt>
  <trkpt lat="54.790835" lon="25.31929333">
    <ele>172</ele>
    <time>2020-09-07T21:51:45.519999Z</time>
  </trkpt>
  <trkpt lat="54.79084333" lon="25.319265">
    <ele>172</ele>
    <time>2020-09-07T21:51:46.520999Z</time>
  </trkpt>
  <trkpt lat="54.79085833" lon="25.31923667">
    <ele>172</ele>
    <time>2020-09-07T21:51:47.520999Z</time>
  </trkpt>
  <trkpt lat="54.79086667" lon="25.31919167">
    <ele>172</ele>
    <time>2020-09-07T21:51:48.520999Z</time>
  </trkpt>
  <trkpt lat="54.790875" lon="25.31913833">
    <ele>172</ele>
    <time>2020-09-07T21:51:49.519999Z</time>
  </trkpt>
  <trkpt lat="54.79088333" lon="25.31909667">
    <ele>172</ele>
    <time>2020-09-07T21:51:50.520999Z</time>
  </trkpt>
  <trkpt lat="54.79089333" lon="25.31906167">
    <ele>172</ele>
    <time>2020-09-07T21:51:51.520999Z</time>
  </trkpt>
  <trkpt lat="54.79090833" lon="25.31903167">
    <ele>172</ele>
    <time>2020-09-07T21:51:52.520999Z</time>
  </trkpt>
  <trkpt lat="54.79091833" lon="25.31900167">
    <ele>172</ele>
    <time>2020-09-07T21:51:53.520999Z</time>
  </trkpt>
  <trkpt lat="54.79093" lon="25.31897333">
    <ele>172</ele>
    <time>2020-09-07T21:51:54.519999Z</time>
  </trkpt>
  <trkpt lat="54.79094" lon="25.318945">
    <ele>172</ele>
    <time>2020-09-07T21:51:55.520999Z</time>
  </trkpt>
  <trkpt lat="54.79095" lon="25.31892">
    <ele>173</ele>
    <time>2020-09-07T21:51:56.520999Z</time>
  </trkpt>
  <trkpt lat="54.790955" lon="25.31889667">
    <ele>173</ele>
    <time>2020-09-07T21:51:57.520999Z</time>
  </trkpt>
  <trkpt lat="54.79096" lon="25.31886667">
    <ele>173</ele>
    <time>2020-09-07T21:51:58.519999Z</time>
  </trkpt>
  <trkpt lat="54.79096333" lon="25.31883667">
    <ele>173</ele>
    <time>2020-09-07T21:51:59.519999Z</time>
  </trkpt>
  <trkpt lat="54.79096833" lon="25.318805">
    <ele>173</ele>
    <time>2020-09-07T21:52:00.519999Z</time>
  </trkpt>
  <trkpt lat="54.79097667" lon="25.31877833">
    <ele>173</ele>
    <time>2020-09-07T21:52:01.519999Z</time>
  </trkpt>
  <trkpt lat="54.790985" lon="25.31874333">
    <ele>173</ele>
    <time>2020-09-07T21:52:02.519999Z</time>
  </trkpt>
  <trkpt lat="54.790995" lon="25.31868">
    <ele>173</ele>
    <time>2020-09-07T21:52:03.519999Z</time>
  </trkpt>
  <trkpt lat="54.79100333" lon="25.31864667">
    <ele>172</ele>
    <time>2020-09-07T21:52:04.520999Z</time>
  </trkpt>
  <trkpt lat="54.79101333" lon="25.31860833">
    <ele>172</ele>
    <time>2020-09-07T21:52:05.520999Z</time>
  </trkpt>
  <trkpt lat="54.791035" lon="25.31854833">
    <ele>172</ele>
    <time>2020-09-07T21:52:06.519999Z</time>
  </trkpt>
  <trkpt lat="54.79106" lon="25.31851">
    <ele>172</ele>
    <time>2020-09-07T21:52:07.520999Z</time>
  </trkpt>
  <trkpt lat="54.79107667" lon="25.31848833">
    <ele>172</ele>
    <time>2020-09-07T21:52:08.520999Z</time>
  </trkpt>
  <trkpt lat="54.791095" lon="25.31847167">
    <ele>172</ele>
    <time>2020-09-07T21:52:09.520999Z</time>
  </trkpt>
  <trkpt lat="54.79110333" lon="25.31845167">
    <ele>172</ele>
    <time>2020-09-07T21:52:10.519999Z</time>
  </trkpt>
  <trkpt lat="54.79110667" lon="25.31843333">
    <ele>171</ele>
    <time>2020-09-07T21:52:11.520999Z</time>
  </trkpt>
  <trkpt lat="54.79111" lon="25.31841833">
    <ele>171</ele>
    <time>2020-09-07T21:52:12.520999Z</time>
  </trkpt>
  <trkpt lat="54.791115" lon="25.31840167">
    <ele>171</ele>
    <time>2020-09-07T21:52:13.520999Z</time>
  </trkpt>
  <trkpt lat="54.79111833" lon="25.318385">
    <ele>170</ele>
    <time>2020-09-07T21:52:14.520999Z</time>
  </trkpt>
  <trkpt lat="54.79112" lon="25.31837167">
    <ele>170</ele>
    <time>2020-09-07T21:52:15.519999Z</time>
  </trkpt>
  <trkpt lat="54.79112167" lon="25.31835667">
    <ele>170</ele>
    <time>2020-09-07T21:52:16.520999Z</time>
  </trkpt>
  <trkpt lat="54.79112333" lon="25.31834167">
    <ele>169</ele>
    <time>2020-09-07T21:52:17.520999Z</time>
  </trkpt>
  <trkpt lat="54.79112667" lon="25.318325">
    <ele>169</ele>
    <time>2020-09-07T21:52:18.520999Z</time>
  </trkpt>
  <trkpt lat="54.79113" lon="25.31831">
    <ele>169</ele>
    <time>2020-09-07T21:52:19.519999Z</time>
  </trkpt>
  <trkpt lat="54.79113333" lon="25.31829333">
    <ele>169</ele>
    <time>2020-09-07T21:52:20.520999Z</time>
  </trkpt>
  <trkpt lat="54.79113667" lon="25.318275">
    <ele>169</ele>
    <time>2020-09-07T21:52:21.520999Z</time>
  </trkpt>
  <trkpt lat="54.79114167" lon="25.31825">
    <ele>169</ele>
    <time>2020-09-07T21:52:22.520999Z</time>
  </trkpt>
  <trkpt lat="54.791155" lon="25.318225">
    <ele>169</ele>
    <time>2020-09-07T21:52:23.520999Z</time>
  </trkpt>
  <trkpt lat="54.79117" lon="25.31820333">
    <ele>169</ele>
    <time>2020-09-07T21:52:24.520999Z</time>
  </trkpt>
  <trkpt lat="54.79118333" lon="25.31816833">
    <ele>169</ele>
    <time>2020-09-07T21:52:25.520999Z</time>
  </trkpt>
  <trkpt lat="54.79119333" lon="25.31813167">
    <ele>169</ele>
    <time>2020-09-07T21:52:26.520999Z</time>
  </trkpt>
  <trkpt lat="54.79120167" lon="25.318115">
    <ele>169</ele>
    <time>2020-09-07T21:52:27.520999Z</time>
  </trkpt>
  <trkpt lat="54.79120667" lon="25.31809833">
    <ele>169</ele>
    <time>2020-09-07T21:52:28.519999Z</time>
  </trkpt>
  <trkpt lat="54.79121" lon="25.31808">
    <ele>169</ele>
    <time>2020-09-07T21:52:29.520999Z</time>
  </trkpt>
  <trkpt lat="54.79121" lon="25.31806">
    <ele>169</ele>
    <time>2020-09-07T21:52:30.520999Z</time>
  </trkpt>
  <trkpt lat="54.791215" lon="25.318035">
    <ele>169</ele>
    <time>2020-09-07T21:52:31.520999Z</time>
  </trkpt>
  <trkpt lat="54.79122167" lon="25.31801">
    <ele>168</ele>
    <time>2020-09-07T21:52:32.520999Z</time>
  </trkpt>
  <trkpt lat="54.79123" lon="25.31798">
    <ele>167</ele>
    <time>2020-09-07T21:52:33.520999Z</time>
  </trkpt>
  <trkpt lat="54.79123833" lon="25.31794167">
    <ele>167</ele>
    <time>2020-09-07T21:52:34.520999Z</time>
  </trkpt>
  <trkpt lat="54.79124" lon="25.31789333">
    <ele>166</ele>
    <time>2020-09-07T21:52:35.520999Z</time>
  </trkpt>
  <trkpt lat="54.79123833" lon="25.31785">
    <ele>166</ele>
    <time>2020-09-07T21:52:36.520999Z</time>
  </trkpt>
  <trkpt lat="54.79124" lon="25.317815">
    <ele>166</ele>
    <time>2020-09-07T21:52:37.520999Z</time>
  </trkpt>
  <trkpt lat="54.79124333" lon="25.317775">
    <ele>165</ele>
    <time>2020-09-07T21:52:38.519999Z</time>
  </trkpt>
  <trkpt lat="54.79124667" lon="25.31773667">
    <ele>165</ele>
    <time>2020-09-07T21:52:39.520999Z</time>
  </trkpt>
  <trkpt lat="54.79125667" lon="25.31767">
    <ele>166</ele>
    <time>2020-09-07T21:52:40.519999Z</time>
  </trkpt>
  <trkpt lat="54.79127167" lon="25.31760167">
    <ele>165</ele>
    <time>2020-09-07T21:52:41.520999Z</time>
  </trkpt>
  <trkpt lat="54.79128833" lon="25.31755">
    <ele>165</ele>
    <time>2020-09-07T21:52:42.519999Z</time>
  </trkpt>
  <trkpt lat="54.7913" lon="25.317505">
    <ele>165</ele>
    <time>2020-09-07T21:52:43.520999Z</time>
  </trkpt>
  <trkpt lat="54.79131" lon="25.31745667">
    <ele>165</ele>
    <time>2020-09-07T21:52:44.520999Z</time>
  </trkpt>
  <trkpt lat="54.79132333" lon="25.31741167">
    <ele>165</ele>
    <time>2020-09-07T21:52:45.520999Z</time>
  </trkpt>
  <trkpt lat="54.79133833" lon="25.31737167">
    <ele>165</ele>
    <time>2020-09-07T21:52:46.519999Z</time>
  </trkpt>
  <trkpt lat="54.79135667" lon="25.31733167">
    <ele>165</ele>
    <time>2020-09-07T21:52:47.520999Z</time>
  </trkpt>
  <trkpt lat="54.79137667" lon="25.3173">
    <ele>165</ele>
    <time>2020-09-07T21:52:48.519999Z</time>
  </trkpt>
  <trkpt lat="54.79139833" lon="25.31725667">
    <ele>165</ele>
    <time>2020-09-07T21:52:49.520999Z</time>
  </trkpt>
  <trkpt lat="54.79142" lon="25.31721333">
    <ele>165</ele>
    <time>2020-09-07T21:52:50.519999Z</time>
  </trkpt>
  <trkpt lat="54.79144167" lon="25.31717167">
    <ele>165</ele>
    <time>2020-09-07T21:52:51.519999Z</time>
  </trkpt>
  <trkpt lat="54.79146167" lon="25.31713833">
    <ele>165</ele>
    <time>2020-09-07T21:52:52.520999Z</time>
  </trkpt>
  <trkpt lat="54.79148167" lon="25.317105">
    <ele>165</ele>
    <time>2020-09-07T21:52:53.519999Z</time>
  </trkpt>
  <trkpt lat="54.79149833" lon="25.31708">
    <ele>165</ele>
    <time>2020-09-07T21:52:54.520999Z</time>
  </trkpt>
  <trkpt lat="54.791515" lon="25.31705">
    <ele>165</ele>
    <time>2020-09-07T21:52:55.519999Z</time>
  </trkpt>
  <trkpt lat="54.79152667" lon="25.317015">
    <ele>165</ele>
    <time>2020-09-07T21:52:56.519999Z</time>
  </trkpt>
  <trkpt lat="54.79154" lon="25.31698333">
    <ele>165</ele>
    <time>2020-09-07T21:52:57.519999Z</time>
  </trkpt>
  <trkpt lat="54.79155167" lon="25.316955">
    <ele>166</ele>
    <time>2020-09-07T21:52:58.519999Z</time>
  </trkpt>
  <trkpt lat="54.79156667" lon="25.31692833">
    <ele>166</ele>
    <time>2020-09-07T21:52:59.520999Z</time>
  </trkpt>
  <trkpt lat="54.79158333" lon="25.3169">
    <ele>166</ele>
    <time>2020-09-07T21:53:00.520999Z</time>
  </trkpt>
  <trkpt lat="54.791605" lon="25.31687333">
    <ele>165</ele>
    <time>2020-09-07T21:53:01.520999Z</time>
  </trkpt>
  <trkpt lat="54.79162167" lon="25.31683833">
    <ele>165</ele>
    <time>2020-09-07T21:53:02.519999Z</time>
  </trkpt>
  <trkpt lat="54.79163667" lon="25.31679333">
    <ele>165</ele>
    <time>2020-09-07T21:53:03.520999Z</time>
  </trkpt>
  <trkpt lat="54.79165167" lon="25.31675333">
    <ele>165</ele>
    <time>2020-09-07T21:53:04.519999Z</time>
  </trkpt>
  <trkpt lat="54.79167167" lon="25.31672167">
    <ele>165</ele>
    <time>2020-09-07T21:53:05.520999Z</time>
  </trkpt>
  <trkpt lat="54.79169" lon="25.31668833">
    <ele>165</ele>
    <time>2020-09-07T21:53:06.519999Z</time>
  </trkpt>
  <trkpt lat="54.79170833" lon="25.31666333">
    <ele>165</ele>
    <time>2020-09-07T21:53:07.520999Z</time>
  </trkpt>
  <trkpt lat="54.79173" lon="25.316635">
    <ele>164</ele>
    <time>2020-09-07T21:53:08.520999Z</time>
  </trkpt>
  <trkpt lat="54.79175667" lon="25.316605">
    <ele>164</ele>
    <time>2020-09-07T21:53:09.520999Z</time>
  </trkpt>
  <trkpt lat="54.79178167" lon="25.31657167">
    <ele>164</ele>
    <time>2020-09-07T21:53:10.520999Z</time>
  </trkpt>
  <trkpt lat="54.79180333" lon="25.31654167">
    <ele>164</ele>
    <time>2020-09-07T21:53:11.520999Z</time>
  </trkpt>
  <trkpt lat="54.79182167" lon="25.31651833">
    <ele>164</ele>
    <time>2020-09-07T21:53:12.520999Z</time>
  </trkpt>
  <trkpt lat="54.79184" lon="25.31649333">
    <ele>164</ele>
    <time>2020-09-07T21:53:13.520999Z</time>
  </trkpt>
  <trkpt lat="54.79186333" lon="25.31647">
    <ele>164</ele>
    <time>2020-09-07T21:53:14.520999Z</time>
  </trkpt>
  <trkpt lat="54.79188167" lon="25.31644667">
    <ele>164</ele>
    <time>2020-09-07T21:53:15.520999Z</time>
  </trkpt>
  <trkpt lat="54.79190167" lon="25.31642167">
    <ele>164</ele>
    <time>2020-09-07T21:53:16.520999Z</time>
  </trkpt>
  <trkpt lat="54.791925" lon="25.316405">
    <ele>164</ele>
    <time>2020-09-07T21:53:17.520999Z</time>
  </trkpt>
  <trkpt lat="54.791945" lon="25.31639167">
    <ele>164</ele>
    <time>2020-09-07T21:53:18.520999Z</time>
  </trkpt>
  <trkpt lat="54.79196667" lon="25.31638">
    <ele>164</ele>
    <time>2020-09-07T21:53:19.520999Z</time>
  </trkpt>
  <trkpt lat="54.791995" lon="25.31635833">
    <ele>164</ele>
    <time>2020-09-07T21:53:20.520999Z</time>
  </trkpt>
  <trkpt lat="54.79201833" lon="25.31633667">
    <ele>164</ele>
    <time>2020-09-07T21:53:21.519999Z</time>
  </trkpt>
  <trkpt lat="54.79204833" lon="25.316325">
    <ele>164</ele>
    <time>2020-09-07T21:53:22.520999Z</time>
  </trkpt>
  <trkpt lat="54.79207833" lon="25.31631167">
    <ele>164</ele>
    <time>2020-09-07T21:53:23.520999Z</time>
  </trkpt>
  <trkpt lat="54.7921" lon="25.31629667">
    <ele>164</ele>
    <time>2020-09-07T21:53:24.520999Z</time>
  </trkpt>
  <trkpt lat="54.79212" lon="25.316285">
    <ele>164</ele>
    <time>2020-09-07T21:53:25.520999Z</time>
  </trkpt>
  <trkpt lat="54.79214667" lon="25.31626">
    <ele>165</ele>
    <time>2020-09-07T21:53:26.520999Z</time>
  </trkpt>
  <trkpt lat="54.79216833" lon="25.31624">
    <ele>165</ele>
    <time>2020-09-07T21:53:27.520999Z</time>
  </trkpt>
  <trkpt lat="54.792195" lon="25.31622">
    <ele>165</ele>
    <time>2020-09-07T21:53:28.520999Z</time>
  </trkpt>
  <trkpt lat="54.79221667" lon="25.316205">
    <ele>166</ele>
    <time>2020-09-07T21:53:29.519999Z</time>
  </trkpt>
  <trkpt lat="54.79223667" lon="25.31619">
    <ele>166</ele>
    <time>2020-09-07T21:53:30.519999Z</time>
  </trkpt>
  <trkpt lat="54.792255" lon="25.31617333">
    <ele>166</ele>
    <time>2020-09-07T21:53:31.520999Z</time>
  </trkpt>
  <trkpt lat="54.79227667" lon="25.31615333">
    <ele>166</ele>
    <time>2020-09-07T21:53:32.519999Z</time>
  </trkpt>
  <trkpt lat="54.792295" lon="25.31613167">
    <ele>167</ele>
    <time>2020-09-07T21:53:33.520999Z</time>
  </trkpt>
  <trkpt lat="54.79231833" lon="25.31611167">
    <ele>167</ele>
    <time>2020-09-07T21:53:34.519999Z</time>
  </trkpt>
  <trkpt lat="54.79234333" lon="25.316095">
    <ele>167</ele>
    <time>2020-09-07T21:53:35.520999Z</time>
  </trkpt>
  <trkpt lat="54.79236167" lon="25.31607167">
    <ele>168</ele>
    <time>2020-09-07T21:53:36.520999Z</time>
  </trkpt>
  <trkpt lat="54.79238333" lon="25.31604833">
    <ele>168</ele>
    <time>2020-09-07T21:53:37.520999Z</time>
  </trkpt>
  <trkpt lat="54.792405" lon="25.31602167">
    <ele>168</ele>
    <time>2020-09-07T21:53:38.520999Z</time>
  </trkpt>
  <trkpt lat="54.79243333" lon="25.315985">
    <ele>168</ele>
    <time>2020-09-07T21:53:39.520999Z</time>
  </trkpt>
  <trkpt lat="54.79245833" lon="25.315945">
    <ele>168</ele>
    <time>2020-09-07T21:53:40.519999Z</time>
  </trkpt>
  <trkpt lat="54.79247667" lon="25.31590333">
    <ele>168</ele>
    <time>2020-09-07T21:53:41.520999Z</time>
  </trkpt>
  <trkpt lat="54.79249667" lon="25.31586667">
    <ele>168</ele>
    <time>2020-09-07T21:53:42.520999Z</time>
  </trkpt>
  <trkpt lat="54.79251667" lon="25.31583167">
    <ele>168</ele>
    <time>2020-09-07T21:53:43.519999Z</time>
  </trkpt>
  <trkpt lat="54.79253833" lon="25.31579167">
    <ele>168</ele>
    <time>2020-09-07T21:53:44.520999Z</time>
  </trkpt>
  <trkpt lat="54.79256833" lon="25.31576167">
    <ele>168</ele>
    <time>2020-09-07T21:53:45.519999Z</time>
  </trkpt>
  <trkpt lat="54.79259667" lon="25.31573667">
    <ele>168</ele>
    <time>2020-09-07T21:53:46.520999Z</time>
  </trkpt>
  <trkpt lat="54.79262167" lon="25.31570833">
    <ele>169</ele>
    <time>2020-09-07T21:53:47.520999Z</time>
  </trkpt>
  <trkpt lat="54.79264333" lon="25.31568333">
    <ele>169</ele>
    <time>2020-09-07T21:53:48.520999Z</time>
  </trkpt>
  <trkpt lat="54.79267167" lon="25.31565667">
    <ele>169</ele>
    <time>2020-09-07T21:53:49.520999Z</time>
  </trkpt>
  <trkpt lat="54.79268833" lon="25.315635">
    <ele>169</ele>
    <time>2020-09-07T21:53:50.520999Z</time>
  </trkpt>
  <trkpt lat="54.79270333" lon="25.31562167">
    <ele>169</ele>
    <time>2020-09-07T21:53:51.519999Z</time>
  </trkpt>
  <trkpt lat="54.79272333" lon="25.31560833">
    <ele>170</ele>
    <time>2020-09-07T21:53:52.520999Z</time>
  </trkpt>
  <trkpt lat="54.79274167" lon="25.31559">
    <ele>170</ele>
    <time>2020-09-07T21:53:53.520999Z</time>
  </trkpt>
  <trkpt lat="54.79276" lon="25.31556833">
    <ele>170</ele>
    <time>2020-09-07T21:53:54.520999Z</time>
  </trkpt>
  <trkpt lat="54.792775" lon="25.315545">
    <ele>170</ele>
    <time>2020-09-07T21:53:55.520999Z</time>
  </trkpt>
  <trkpt lat="54.79279667" lon="25.31552333">
    <ele>170</ele>
    <time>2020-09-07T21:53:56.520999Z</time>
  </trkpt>
  <trkpt lat="54.792815" lon="25.31549833">
    <ele>170</ele>
    <time>2020-09-07T21:53:57.520999Z</time>
  </trkpt>
  <trkpt lat="54.79283667" lon="25.31547833">
    <ele>170</ele>
    <time>2020-09-07T21:53:58.519999Z</time>
  </trkpt>
  <trkpt lat="54.79285833" lon="25.31546167">
    <ele>170</ele>
    <time>2020-09-07T21:53:59.520999Z</time>
  </trkpt>
  <trkpt lat="54.79287833" lon="25.31544667">
    <ele>170</ele>
    <time>2020-09-07T21:54:00.520999Z</time>
  </trkpt>
  <trkpt lat="54.79290167" lon="25.31543">
    <ele>170</ele>
    <time>2020-09-07T21:54:01.519999Z</time>
  </trkpt>
  <trkpt lat="54.79292667" lon="25.31540667">
    <ele>169</ele>
    <time>2020-09-07T21:54:02.520999Z</time>
  </trkpt>
  <trkpt lat="54.79294667" lon="25.315385">
    <ele>169</ele>
    <time>2020-09-07T21:54:03.520999Z</time>
  </trkpt>
  <trkpt lat="54.79296333" lon="25.31536333">
    <ele>169</ele>
    <time>2020-09-07T21:54:04.519999Z</time>
  </trkpt>
  <trkpt lat="54.792985" lon="25.31533833">
    <ele>169</ele>
    <time>2020-09-07T21:54:05.520999Z</time>
  </trkpt>
  <trkpt lat="54.79300667" lon="25.31530833">
    <ele>169</ele>
    <time>2020-09-07T21:54:06.520999Z</time>
  </trkpt>
  <trkpt lat="54.79302167" lon="25.31527833">
    <ele>169</ele>
    <time>2020-09-07T21:54:07.520999Z</time>
  </trkpt>
  <trkpt lat="54.79303833" lon="25.31524833">
    <ele>169</ele>
    <time>2020-09-07T21:54:08.520999Z</time>
  </trkpt>
  <trkpt lat="54.79306167" lon="25.31522">
    <ele>169</ele>
    <time>2020-09-07T21:54:09.519999Z</time>
  </trkpt>
  <trkpt lat="54.793095" lon="25.31519167">
    <ele>169</ele>
    <time>2020-09-07T21:54:10.520999Z</time>
  </trkpt>
  <trkpt lat="54.79313833" lon="25.31517333">
    <ele>168</ele>
    <time>2020-09-07T21:54:11.520999Z</time>
  </trkpt>
  <trkpt lat="54.79318" lon="25.31515833">
    <ele>168</ele>
    <time>2020-09-07T21:54:12.519999Z</time>
  </trkpt>
  <trkpt lat="54.79321167" lon="25.31513833">
    <ele>168</ele>
    <time>2020-09-07T21:54:13.519999Z</time>
  </trkpt>
  <trkpt lat="54.79323667" lon="25.31511833">
    <ele>168</ele>
    <time>2020-09-07T21:54:14.520999Z</time>
  </trkpt>
  <trkpt lat="54.79326667" lon="25.31509667">
    <ele>168</ele>
    <time>2020-09-07T21:54:15.520999Z</time>
  </trkpt>
  <trkpt lat="54.79329667" lon="25.315075">
    <ele>168</ele>
    <time>2020-09-07T21:54:16.519999Z</time>
  </trkpt>
  <trkpt lat="54.79332833" lon="25.31505667">
    <ele>168</ele>
    <time>2020-09-07T21:54:17.520999Z</time>
  </trkpt>
  <trkpt lat="54.79335833" lon="25.31504167">
    <ele>168</ele>
    <time>2020-09-07T21:54:18.520999Z</time>
  </trkpt>
  <trkpt lat="54.79338" lon="25.31502833">
    <ele>168</ele>
    <time>2020-09-07T21:54:19.520999Z</time>
  </trkpt>
  <trkpt lat="54.79339833" lon="25.31501667">
    <ele>167</ele>
    <time>2020-09-07T21:54:20.520999Z</time>
  </trkpt>
  <trkpt lat="54.79342333" lon="25.31501167">
    <ele>167</ele>
    <time>2020-09-07T21:54:21.519999Z</time>
  </trkpt>
  <trkpt lat="54.79345333" lon="25.315005">
    <ele>167</ele>
    <time>2020-09-07T21:54:22.520999Z</time>
  </trkpt>
  <trkpt lat="54.79347667" lon="25.314995">
    <ele>166</ele>
    <time>2020-09-07T21:54:23.520999Z</time>
  </trkpt>
  <trkpt lat="54.79349833" lon="25.31498833">
    <ele>166</ele>
    <time>2020-09-07T21:54:24.519999Z</time>
  </trkpt>
  <trkpt lat="54.79352" lon="25.31499">
    <ele>166</ele>
    <time>2020-09-07T21:54:25.520999Z</time>
  </trkpt>
  <trkpt lat="54.793545" lon="25.314995">
    <ele>166</ele>
    <time>2020-09-07T21:54:26.519999Z</time>
  </trkpt>
  <trkpt lat="54.79357167" lon="25.31499667">
    <ele>166</ele>
    <time>2020-09-07T21:54:27.520999Z</time>
  </trkpt>
  <trkpt lat="54.79359333" lon="25.31499667">
    <ele>166</ele>
    <time>2020-09-07T21:54:28.520999Z</time>
  </trkpt>
  <trkpt lat="54.793615" lon="25.31499667">
    <ele>166</ele>
    <time>2020-09-07T21:54:29.520999Z</time>
  </trkpt>
  <trkpt lat="54.79364833" lon="25.31498667">
    <ele>166</ele>
    <time>2020-09-07T21:54:30.520999Z</time>
  </trkpt>
  <trkpt lat="54.79367667" lon="25.31497667">
    <ele>166</ele>
    <time>2020-09-07T21:54:31.520999Z</time>
  </trkpt>
  <trkpt lat="54.79370333" lon="25.314975">
    <ele>166</ele>
    <time>2020-09-07T21:54:32.519999Z</time>
  </trkpt>
  <trkpt lat="54.79373333" lon="25.314975">
    <ele>166</ele>
    <time>2020-09-07T21:54:33.519999Z</time>
  </trkpt>
  <trkpt lat="54.79376667" lon="25.31497333">
    <ele>166</ele>
    <time>2020-09-07T21:54:34.519999Z</time>
  </trkpt>
  <trkpt lat="54.7938" lon="25.31496667">
    <ele>166</ele>
    <time>2020-09-07T21:54:35.520999Z</time>
  </trkpt>
  <trkpt lat="54.79383" lon="25.31496333">
    <ele>166</ele>
    <time>2020-09-07T21:54:36.520999Z</time>
  </trkpt>
  <trkpt lat="54.79386" lon="25.31496">
    <ele>166</ele>
    <time>2020-09-07T21:54:37.519999Z</time>
  </trkpt>
  <trkpt lat="54.79389333" lon="25.31496167">
    <ele>166</ele>
    <time>2020-09-07T21:54:38.520999Z</time>
  </trkpt>
  <trkpt lat="54.793915" lon="25.31496333">
    <ele>166</ele>
    <time>2020-09-07T21:54:39.519999Z</time>
  </trkpt>
  <trkpt lat="54.79393833" lon="25.31495833">
    <ele>166</ele>
    <time>2020-09-07T21:54:40.520999Z</time>
  </trkpt>
  <trkpt lat="54.79397333" lon="25.31495">
    <ele>166</ele>
    <time>2020-09-07T21:54:41.520999Z</time>
  </trkpt>
  <trkpt lat="54.79399833" lon="25.314935">
    <ele>165</ele>
    <time>2020-09-07T21:54:42.520999Z</time>
  </trkpt>
  <trkpt lat="54.79402667" lon="25.31492167">
    <ele>165</ele>
    <time>2020-09-07T21:54:43.520999Z</time>
  </trkpt>
  <trkpt lat="54.794055" lon="25.3149">
    <ele>164</ele>
    <time>2020-09-07T21:54:44.520999Z</time>
  </trkpt>
  <trkpt lat="54.79407833" lon="25.31488">
    <ele>164</ele>
    <time>2020-09-07T21:54:45.520999Z</time>
  </trkpt>
  <trkpt lat="54.79410167" lon="25.31486">
    <ele>164</ele>
    <time>2020-09-07T21:54:46.520999Z</time>
  </trkpt>
  <trkpt lat="54.79412333" lon="25.314835">
    <ele>163</ele>
    <time>2020-09-07T21:54:47.519999Z</time>
  </trkpt>
  <trkpt lat="54.79414667" lon="25.31480667">
    <ele>163</ele>
    <time>2020-09-07T21:54:48.519999Z</time>
  </trkpt>
  <trkpt lat="54.79416667" lon="25.31478167">
    <ele>163</ele>
    <time>2020-09-07T21:54:49.520999Z</time>
  </trkpt>
  <trkpt lat="54.79418167" lon="25.314755">
    <ele>162</ele>
    <time>2020-09-07T21:54:50.519999Z</time>
  </trkpt>
  <trkpt lat="54.79420167" lon="25.314725">
    <ele>162</ele>
    <time>2020-09-07T21:54:51.520999Z</time>
  </trkpt>
  <trkpt lat="54.79422167" lon="25.31468833">
    <ele>161</ele>
    <time>2020-09-07T21:54:52.520999Z</time>
  </trkpt>
  <trkpt lat="54.79424333" lon="25.31465333">
    <ele>161</ele>
    <time>2020-09-07T21:54:53.519999Z</time>
  </trkpt>
  <trkpt lat="54.79426167" lon="25.31460833">
    <ele>161</ele>
    <time>2020-09-07T21:54:54.519999Z</time>
  </trkpt>
  <trkpt lat="54.79428" lon="25.314575">
    <ele>160</ele>
    <time>2020-09-07T21:54:55.520999Z</time>
  </trkpt>
  <trkpt lat="54.7943" lon="25.31455">
    <ele>160</ele>
    <time>2020-09-07T21:54:56.519999Z</time>
  </trkpt>
  <trkpt lat="54.79432" lon="25.31452667">
    <ele>160</ele>
    <time>2020-09-07T21:54:57.520999Z</time>
  </trkpt>
  <trkpt lat="54.79434" lon="25.31450333">
    <ele>159</ele>
    <time>2020-09-07T21:54:58.520999Z</time>
  </trkpt>
  <trkpt lat="54.79435833" lon="25.31448333">
    <ele>159</ele>
    <time>2020-09-07T21:54:59.520999Z</time>
  </trkpt>
  <trkpt lat="54.794375" lon="25.31445833">
    <ele>158</ele>
    <time>2020-09-07T21:55:00.520999Z</time>
  </trkpt>
  <trkpt lat="54.79439" lon="25.314425">
    <ele>158</ele>
    <time>2020-09-07T21:55:01.519999Z</time>
  </trkpt>
  <trkpt lat="54.79440167" lon="25.31438667">
    <ele>158</ele>
    <time>2020-09-07T21:55:02.519999Z</time>
  </trkpt>
  <trkpt lat="54.79440667" lon="25.31434333">
    <ele>158</ele>
    <time>2020-09-07T21:55:03.520999Z</time>
  </trkpt>
  <trkpt lat="54.79441167" lon="25.314305">
    <ele>157</ele>
    <time>2020-09-07T21:55:04.520999Z</time>
  </trkpt>
  <trkpt lat="54.79441167" lon="25.31425833">
    <ele>157</ele>
    <time>2020-09-07T21:55:05.519999Z</time>
  </trkpt>
  <trkpt lat="54.79441833" lon="25.31421667">
    <ele>157</ele>
    <time>2020-09-07T21:55:06.519999Z</time>
  </trkpt>
  <trkpt lat="54.794425" lon="25.31417667">
    <ele>156</ele>
    <time>2020-09-07T21:55:07.520999Z</time>
  </trkpt>
  <trkpt lat="54.79443333" lon="25.31413833">
    <ele>155</ele>
    <time>2020-09-07T21:55:08.520999Z</time>
  </trkpt>
  <trkpt lat="54.79444333" lon="25.31409833">
    <ele>154</ele>
    <time>2020-09-07T21:55:09.520999Z</time>
  </trkpt>
  <trkpt lat="54.79446333" lon="25.31405833">
    <ele>154</ele>
    <time>2020-09-07T21:55:10.520999Z</time>
  </trkpt>
  <trkpt lat="54.79448833" lon="25.314015">
    <ele>153</ele>
    <time>2020-09-07T21:55:11.519999Z</time>
  </trkpt>
  <trkpt lat="54.79451167" lon="25.313975">
    <ele>152</ele>
    <time>2020-09-07T21:55:12.520999Z</time>
  </trkpt>
  <trkpt lat="54.79453333" lon="25.31393167">
    <ele>152</ele>
    <time>2020-09-07T21:55:13.520999Z</time>
  </trkpt>
  <trkpt lat="54.794555" lon="25.313895">
    <ele>151</ele>
    <time>2020-09-07T21:55:14.520999Z</time>
  </trkpt>
  <trkpt lat="54.79457667" lon="25.31386167">
    <ele>151</ele>
    <time>2020-09-07T21:55:15.520999Z</time>
  </trkpt>
  <trkpt lat="54.7946" lon="25.31383333">
    <ele>150</ele>
    <time>2020-09-07T21:55:16.519999Z</time>
  </trkpt>
  <trkpt lat="54.79462333" lon="25.31380167">
    <ele>150</ele>
    <time>2020-09-07T21:55:17.520999Z</time>
  </trkpt>
  <trkpt lat="54.79464667" lon="25.313765">
    <ele>150</ele>
    <time>2020-09-07T21:55:18.520999Z</time>
  </trkpt>
  <trkpt lat="54.79466333" lon="25.313725">
    <ele>149</ele>
    <time>2020-09-07T21:55:19.520999Z</time>
  </trkpt>
  <trkpt lat="54.794685" lon="25.31368667">
    <ele>149</ele>
    <time>2020-09-07T21:55:20.520999Z</time>
  </trkpt>
  <trkpt lat="54.79470667" lon="25.31365167">
    <ele>149</ele>
    <time>2020-09-07T21:55:21.519999Z</time>
  </trkpt>
  <trkpt lat="54.79472667" lon="25.313615">
    <ele>149</ele>
    <time>2020-09-07T21:55:22.520999Z</time>
  </trkpt>
  <trkpt lat="54.79475167" lon="25.31357833">
    <ele>149</ele>
    <time>2020-09-07T21:55:23.520999Z</time>
  </trkpt>
  <trkpt lat="54.79477333" lon="25.31353667">
    <ele>149</ele>
    <time>2020-09-07T21:55:24.520999Z</time>
  </trkpt>
  <trkpt lat="54.79479333" lon="25.313495">
    <ele>149</ele>
    <time>2020-09-07T21:55:25.520999Z</time>
  </trkpt>
  <trkpt lat="54.79480833" lon="25.31346167">
    <ele>149</ele>
    <time>2020-09-07T21:55:26.520999Z</time>
  </trkpt>
  <trkpt lat="54.79483167" lon="25.313425">
    <ele>149</ele>
    <time>2020-09-07T21:55:27.519999Z</time>
  </trkpt>
  <trkpt lat="54.79486167" lon="25.31338833">
    <ele>150</ele>
    <time>2020-09-07T21:55:28.520999Z</time>
  </trkpt>
  <trkpt lat="54.79488833" lon="25.31335667">
    <ele>150</ele>
    <time>2020-09-07T21:55:29.519999Z</time>
  </trkpt>
  <trkpt lat="54.79491833" lon="25.31332833">
    <ele>150</ele>
    <time>2020-09-07T21:55:30.520999Z</time>
  </trkpt>
  <trkpt lat="54.79493833" lon="25.313315">
    <ele>150</ele>
    <time>2020-09-07T21:55:31.520999Z</time>
  </trkpt>
  <trkpt lat="54.79496" lon="25.31330167">
    <ele>151</ele>
    <time>2020-09-07T21:55:32.520999Z</time>
  </trkpt>
  <trkpt lat="54.79498833" lon="25.31329333">
    <ele>151</ele>
    <time>2020-09-07T21:55:33.519999Z</time>
  </trkpt>
  <trkpt lat="54.79501667" lon="25.31328333">
    <ele>151</ele>
    <time>2020-09-07T21:55:34.519999Z</time>
  </trkpt>
  <trkpt lat="54.79504167" lon="25.31327667">
    <ele>151</ele>
    <time>2020-09-07T21:55:35.520999Z</time>
  </trkpt>
  <trkpt lat="54.79507167" lon="25.31326667">
    <ele>150</ele>
    <time>2020-09-07T21:55:36.519999Z</time>
  </trkpt>
  <trkpt lat="54.795095" lon="25.31326">
    <ele>150</ele>
    <time>2020-09-07T21:55:37.519999Z</time>
  </trkpt>
  <trkpt lat="54.795115" lon="25.31325333">
    <ele>150</ele>
    <time>2020-09-07T21:55:38.520999Z</time>
  </trkpt>
  <trkpt lat="54.795135" lon="25.31324">
    <ele>150</ele>
    <time>2020-09-07T21:55:39.520999Z</time>
  </trkpt>
  <trkpt lat="54.79515667" lon="25.31322667">
    <ele>151</ele>
    <time>2020-09-07T21:55:40.520999Z</time>
  </trkpt>
  <trkpt lat="54.795175" lon="25.31320833">
    <ele>151</ele>
    <time>2020-09-07T21:55:41.520999Z</time>
  </trkpt>
  <trkpt lat="54.79518667" lon="25.31319167">
    <ele>151</ele>
    <time>2020-09-07T21:55:42.519999Z</time>
  </trkpt>
  <trkpt lat="54.79520167" lon="25.313175">
    <ele>151</ele>
    <time>2020-09-07T21:55:43.520999Z</time>
  </trkpt>
  <trkpt lat="54.79522333" lon="25.31315667">
    <ele>151</ele>
    <time>2020-09-07T21:55:44.520999Z</time>
  </trkpt>
  <trkpt lat="54.79525" lon="25.31314167">
    <ele>151</ele>
    <time>2020-09-07T21:55:45.520999Z</time>
  </trkpt>
  <trkpt lat="54.79527333" lon="25.31312667">
    <ele>151</ele>
    <time>2020-09-07T21:55:46.520999Z</time>
  </trkpt>
  <trkpt lat="54.79529167" lon="25.31311167">
    <ele>151</ele>
    <time>2020-09-07T21:55:47.519999Z</time>
  </trkpt>
  <trkpt lat="54.79530833" lon="25.31309667">
    <ele>151</ele>
    <time>2020-09-07T21:55:48.520999Z</time>
  </trkpt>
  <trkpt lat="54.79533167" lon="25.31307833">
    <ele>150</ele>
    <time>2020-09-07T21:55:49.520999Z</time>
  </trkpt>
  <trkpt lat="54.79535833" lon="25.31305833">
    <ele>150</ele>
    <time>2020-09-07T21:55:50.520999Z</time>
  </trkpt>
  <trkpt lat="54.79539167" lon="25.31303833">
    <ele>150</ele>
    <time>2020-09-07T21:55:51.520999Z</time>
  </trkpt>
  <trkpt lat="54.79542333" lon="25.31302667">
    <ele>150</ele>
    <time>2020-09-07T21:55:52.519999Z</time>
  </trkpt>
  <trkpt lat="54.795455" lon="25.31301667">
    <ele>149</ele>
    <time>2020-09-07T21:55:53.519999Z</time>
  </trkpt>
  <trkpt lat="54.79548" lon="25.31300833">
    <ele>149</ele>
    <time>2020-09-07T21:55:54.520999Z</time>
  </trkpt>
  <trkpt lat="54.795505" lon="25.31300167">
    <ele>149</ele>
    <time>2020-09-07T21:55:55.520999Z</time>
  </trkpt>
  <trkpt lat="54.79553167" lon="25.313">
    <ele>148</ele>
    <time>2020-09-07T21:55:56.520999Z</time>
  </trkpt>
  <trkpt lat="54.79555667" lon="25.312995">
    <ele>148</ele>
    <time>2020-09-07T21:55:57.520999Z</time>
  </trkpt>
  <trkpt lat="54.79558667" lon="25.31298833">
    <ele>147</ele>
    <time>2020-09-07T21:55:58.519999Z</time>
  </trkpt>
  <trkpt lat="54.79561167" lon="25.312975">
    <ele>147</ele>
    <time>2020-09-07T21:55:59.520999Z</time>
  </trkpt>
  <trkpt lat="54.795635" lon="25.31296667">
    <ele>146</ele>
    <time>2020-09-07T21:56:00.520999Z</time>
  </trkpt>
  <trkpt lat="54.79566" lon="25.31295833">
    <ele>146</ele>
    <time>2020-09-07T21:56:01.520999Z</time>
  </trkpt>
  <trkpt lat="54.79568667" lon="25.31295">
    <ele>145</ele>
    <time>2020-09-07T21:56:02.520999Z</time>
  </trkpt>
  <trkpt lat="54.795715" lon="25.31294">
    <ele>145</ele>
    <time>2020-09-07T21:56:03.519999Z</time>
  </trkpt>
  <trkpt lat="54.79574833" lon="25.31292833">
    <ele>145</ele>
    <time>2020-09-07T21:56:04.520999Z</time>
  </trkpt>
  <trkpt lat="54.79577833" lon="25.31291167">
    <ele>145</ele>
    <time>2020-09-07T21:56:05.520999Z</time>
  </trkpt>
  <trkpt lat="54.795805" lon="25.31288833">
    <ele>145</ele>
    <time>2020-09-07T21:56:06.520999Z</time>
  </trkpt>
  <trkpt lat="54.79583167" lon="25.31286833">
    <ele>145</ele>
    <time>2020-09-07T21:56:07.519999Z</time>
  </trkpt>
  <trkpt lat="54.79586" lon="25.31285167">
    <ele>145</ele>
    <time>2020-09-07T21:56:08.520999Z</time>
  </trkpt>
  <trkpt lat="54.79588667" lon="25.31283667">
    <ele>145</ele>
    <time>2020-09-07T21:56:09.520999Z</time>
  </trkpt>
  <trkpt lat="54.79591" lon="25.312815">
    <ele>146</ele>
    <time>2020-09-07T21:56:10.520999Z</time>
  </trkpt>
  <trkpt lat="54.795935" lon="25.31278333">
    <ele>146</ele>
    <time>2020-09-07T21:56:11.520999Z</time>
  </trkpt>
  <trkpt lat="54.79596" lon="25.31275">
    <ele>146</ele>
    <time>2020-09-07T21:56:12.520999Z</time>
  </trkpt>
  <trkpt lat="54.795985" lon="25.31272">
    <ele>145</ele>
    <time>2020-09-07T21:56:13.520999Z</time>
  </trkpt>
  <trkpt lat="54.79601333" lon="25.31269">
    <ele>145</ele>
    <time>2020-09-07T21:56:14.519999Z</time>
  </trkpt>
  <trkpt lat="54.79604667" lon="25.31266167">
    <ele>145</ele>
    <time>2020-09-07T21:56:15.520999Z</time>
  </trkpt>
  <trkpt lat="54.79607333" lon="25.31263">
    <ele>145</ele>
    <time>2020-09-07T21:56:16.520999Z</time>
  </trkpt>
  <trkpt lat="54.796095" lon="25.312595">
    <ele>145</ele>
    <time>2020-09-07T21:56:17.520999Z</time>
  </trkpt>
  <trkpt lat="54.79611" lon="25.31257">
    <ele>145</ele>
    <time>2020-09-07T21:56:18.520999Z</time>
  </trkpt>
  <trkpt lat="54.79612833" lon="25.31255167">
    <ele>144</ele>
    <time>2020-09-07T21:56:19.520999Z</time>
  </trkpt>
  <trkpt lat="54.79614167" lon="25.31253167">
    <ele>144</ele>
    <time>2020-09-07T21:56:20.519999Z</time>
  </trkpt>
  <trkpt lat="54.79615167" lon="25.31250833">
    <ele>144</ele>
    <time>2020-09-07T21:56:21.520999Z</time>
  </trkpt>
  <trkpt lat="54.79617333" lon="25.31247">
    <ele>144</ele>
    <time>2020-09-07T21:56:22.520999Z</time>
  </trkpt>
  <trkpt lat="54.796195" lon="25.312435">
    <ele>144</ele>
    <time>2020-09-07T21:56:23.520999Z</time>
  </trkpt>
  <trkpt lat="54.79621333" lon="25.31240333">
    <ele>144</ele>
    <time>2020-09-07T21:56:24.520999Z</time>
  </trkpt>
  <trkpt lat="54.79623167" lon="25.31237667">
    <ele>144</ele>
    <time>2020-09-07T21:56:25.519999Z</time>
  </trkpt>
  <trkpt lat="54.79625167" lon="25.312355">
    <ele>144</ele>
    <time>2020-09-07T21:56:26.519999Z</time>
  </trkpt>
  <trkpt lat="54.79627333" lon="25.312335">
    <ele>145</ele>
    <time>2020-09-07T21:56:27.519999Z</time>
  </trkpt>
  <trkpt lat="54.79629333" lon="25.312305">
    <ele>145</ele>
    <time>2020-09-07T21:56:28.520999Z</time>
  </trkpt>
  <trkpt lat="54.79631" lon="25.31228167">
    <ele>145</ele>
    <time>2020-09-07T21:56:29.520999Z</time>
  </trkpt>
  <trkpt lat="54.79633667" lon="25.31226">
    <ele>145</ele>
    <time>2020-09-07T21:56:30.520999Z</time>
  </trkpt>
  <trkpt lat="54.79637" lon="25.31223833">
    <ele>145</ele>
    <time>2020-09-07T21:56:31.520999Z</time>
  </trkpt>
  <trkpt lat="54.796385" lon="25.31222333">
    <ele>146</ele>
    <time>2020-09-07T21:56:32.520999Z</time>
  </trkpt>
  <trkpt lat="54.7964" lon="25.31221">
    <ele>146</ele>
    <time>2020-09-07T21:56:33.519999Z</time>
  </trkpt>
  <trkpt lat="54.79641333" lon="25.31219833">
    <ele>146</ele>
    <time>2020-09-07T21:56:34.519999Z</time>
  </trkpt>
  <trkpt lat="54.79642667" lon="25.312195">
    <ele>146</ele>
    <time>2020-09-07T21:56:35.519999Z</time>
  </trkpt>
  <trkpt lat="54.79643833" lon="25.312195">
    <ele>146</ele>
    <time>2020-09-07T21:56:36.519999Z</time>
  </trkpt>
  <trkpt lat="54.79646" lon="25.31219333">
    <ele>146</ele>
    <time>2020-09-07T21:56:37.520999Z</time>
  </trkpt>
  <trkpt lat="54.79648167" lon="25.31218333">
    <ele>147</ele>
    <time>2020-09-07T21:56:38.520999Z</time>
  </trkpt>
  <trkpt lat="54.79650333" lon="25.31217333">
    <ele>147</ele>
    <time>2020-09-07T21:56:39.519999Z</time>
  </trkpt>
  <trkpt lat="54.796525" lon="25.31216333">
    <ele>147</ele>
    <time>2020-09-07T21:56:40.519999Z</time>
  </trkpt>
  <trkpt lat="54.79654167" lon="25.312155">
    <ele>147</ele>
    <time>2020-09-07T21:56:41.519999Z</time>
  </trkpt>
  <trkpt lat="54.79656" lon="25.31214667">
    <ele>147</ele>
    <time>2020-09-07T21:56:42.520999Z</time>
  </trkpt>
  <trkpt lat="54.79657667" lon="25.31214333">
    <ele>148</ele>
    <time>2020-09-07T21:56:43.520999Z</time>
  </trkpt>
  <trkpt lat="54.79659833" lon="25.31214333">
    <ele>148</ele>
    <time>2020-09-07T21:56:44.520999Z</time>
  </trkpt>
  <trkpt lat="54.79662167" lon="25.31214833">
    <ele>148</ele>
    <time>2020-09-07T21:56:45.520999Z</time>
  </trkpt>
  <trkpt lat="54.79664333" lon="25.31215333">
    <ele>148</ele>
    <time>2020-09-07T21:56:46.519999Z</time>
  </trkpt>
  <trkpt lat="54.796665" lon="25.31215333">
    <ele>149</ele>
    <time>2020-09-07T21:56:47.520999Z</time>
  </trkpt>
  <trkpt lat="54.79669167" lon="25.31215333">
    <ele>149</ele>
    <time>2020-09-07T21:56:48.520999Z</time>
  </trkpt>
  <trkpt lat="54.796715" lon="25.31215">
    <ele>149</ele>
    <time>2020-09-07T21:56:49.520999Z</time>
  </trkpt>
  <trkpt lat="54.79673833" lon="25.31214167">
    <ele>149</ele>
    <time>2020-09-07T21:56:50.520999Z</time>
  </trkpt>
  <trkpt lat="54.796755" lon="25.31214167">
    <ele>149</ele>
    <time>2020-09-07T21:56:51.520999Z</time>
  </trkpt>
  <trkpt lat="54.79677" lon="25.31214167">
    <ele>149</ele>
    <time>2020-09-07T21:56:52.519999Z</time>
  </trkpt>
  <trkpt lat="54.79679" lon="25.31214333">
    <ele>149</ele>
    <time>2020-09-07T21:56:53.520999Z</time>
  </trkpt>
  <trkpt lat="54.79680833" lon="25.31213833">
    <ele>149</ele>
    <time>2020-09-07T21:56:54.520999Z</time>
  </trkpt>
  <trkpt lat="54.79682833" lon="25.31213333">
    <ele>148</ele>
    <time>2020-09-07T21:56:55.519999Z</time>
  </trkpt>
  <trkpt lat="54.79684667" lon="25.31212833">
    <ele>148</ele>
    <time>2020-09-07T21:56:56.520999Z</time>
  </trkpt>
  <trkpt lat="54.796865" lon="25.31212167">
    <ele>147</ele>
    <time>2020-09-07T21:56:57.520999Z</time>
  </trkpt>
  <trkpt lat="54.79688667" lon="25.31211">
    <ele>147</ele>
    <time>2020-09-07T21:56:58.519999Z</time>
  </trkpt>
  <trkpt lat="54.79690833" lon="25.3121">
    <ele>147</ele>
    <time>2020-09-07T21:56:59.520999Z</time>
  </trkpt>
  <trkpt lat="54.79693" lon="25.31208167">
    <ele>147</ele>
    <time>2020-09-07T21:57:00.520999Z</time>
  </trkpt>
  <trkpt lat="54.796955" lon="25.31206167">
    <ele>147</ele>
    <time>2020-09-07T21:57:01.520999Z</time>
  </trkpt>
  <trkpt lat="54.79697667" lon="25.31204167">
    <ele>147</ele>
    <time>2020-09-07T21:57:02.520999Z</time>
  </trkpt>
  <trkpt lat="54.79699667" lon="25.31202667">
    <ele>147</ele>
    <time>2020-09-07T21:57:03.519999Z</time>
  </trkpt>
  <trkpt lat="54.79701333" lon="25.312015">
    <ele>148</ele>
    <time>2020-09-07T21:57:04.520999Z</time>
  </trkpt>
  <trkpt lat="54.79702667" lon="25.31200667">
    <ele>148</ele>
    <time>2020-09-07T21:57:05.520999Z</time>
  </trkpt>
  <trkpt lat="54.79704167" lon="25.311995">
    <ele>148</ele>
    <time>2020-09-07T21:57:06.520999Z</time>
  </trkpt>
  <trkpt lat="54.79705833" lon="25.31198667">
    <ele>148</ele>
    <time>2020-09-07T21:57:07.520999Z</time>
  </trkpt>
  <trkpt lat="54.79708333" lon="25.31197167">
    <ele>149</ele>
    <time>2020-09-07T21:57:08.520999Z</time>
  </trkpt>
  <trkpt lat="54.79711" lon="25.31195333">
    <ele>149</ele>
    <time>2020-09-07T21:57:09.519999Z</time>
  </trkpt>
  <trkpt lat="54.79713833" lon="25.31194333">
    <ele>149</ele>
    <time>2020-09-07T21:57:10.520999Z</time>
  </trkpt>
  <trkpt lat="54.79715833" lon="25.31193833">
    <ele>149</ele>
    <time>2020-09-07T21:57:11.520999Z</time>
  </trkpt>
  <trkpt lat="54.797175" lon="25.31192833">
    <ele>150</ele>
    <time>2020-09-07T21:57:12.520999Z</time>
  </trkpt>
  <trkpt lat="54.79719333" lon="25.31192">
    <ele>149</ele>
    <time>2020-09-07T21:57:13.520999Z</time>
  </trkpt>
  <trkpt lat="54.797215" lon="25.311915">
    <ele>149</ele>
    <time>2020-09-07T21:57:14.519999Z</time>
  </trkpt>
  <trkpt lat="54.79724" lon="25.31191">
    <ele>150</ele>
    <time>2020-09-07T21:57:15.520999Z</time>
  </trkpt>
  <trkpt lat="54.79725833" lon="25.31190333">
    <ele>150</ele>
    <time>2020-09-07T21:57:16.520999Z</time>
  </trkpt>
  <trkpt lat="54.79727333" lon="25.311895">
    <ele>150</ele>
    <time>2020-09-07T21:57:17.520999Z</time>
  </trkpt>
  <trkpt lat="54.79729667" lon="25.311885">
    <ele>150</ele>
    <time>2020-09-07T21:57:18.520999Z</time>
  </trkpt>
  <trkpt lat="54.79731667" lon="25.311881670000002">
    <ele>150</ele>
    <time>2020-09-07T21:57:19.519999Z</time>
  </trkpt>
  <trkpt lat="54.797345" lon="25.31187667">
    <ele>150</ele>
    <time>2020-09-07T21:57:20.519999Z</time>
  </trkpt>
  <trkpt lat="54.79736833" lon="25.31186667">
    <ele>150</ele>
    <time>2020-09-07T21:57:21.520999Z</time>
  </trkpt>
  <trkpt lat="54.797395" lon="25.31185167">
    <ele>150</ele>
    <time>2020-09-07T21:57:22.520999Z</time>
  </trkpt>
  <trkpt lat="54.79742833" lon="25.31184333">
    <ele>151</ele>
    <time>2020-09-07T21:57:23.520999Z</time>
  </trkpt>
  <trkpt lat="54.79746" lon="25.31184167">
    <ele>151</ele>
    <time>2020-09-07T21:57:24.520999Z</time>
  </trkpt>
  <trkpt lat="54.79748333" lon="25.311845">
    <ele>151</ele>
    <time>2020-09-07T21:57:25.519999Z</time>
  </trkpt>
  <trkpt lat="54.797495" lon="25.311845">
    <ele>152</ele>
    <time>2020-09-07T21:57:26.520999Z</time>
  </trkpt>
  <trkpt lat="54.79750333" lon="25.31184333">
    <ele>152</ele>
    <time>2020-09-07T21:57:27.520999Z</time>
  </trkpt>
  <trkpt lat="54.797515" lon="25.311835">
    <ele>152</ele>
    <time>2020-09-07T21:57:28.520999Z</time>
  </trkpt>
  <trkpt lat="54.797535" lon="25.311825">
    <ele>153</ele>
    <time>2020-09-07T21:57:29.520999Z</time>
  </trkpt>
  <trkpt lat="54.797555" lon="25.31181167">
    <ele>153</ele>
    <time>2020-09-07T21:57:30.519999Z</time>
  </trkpt>
  <trkpt lat="54.79757833" lon="25.31179833">
    <ele>153</ele>
    <time>2020-09-07T21:57:31.520999Z</time>
  </trkpt>
  <trkpt lat="54.79760333" lon="25.31178167">
    <ele>154</ele>
    <time>2020-09-07T21:57:32.520999Z</time>
  </trkpt>
  <trkpt lat="54.79763" lon="25.31177333">
    <ele>154</ele>
    <time>2020-09-07T21:57:33.520999Z</time>
  </trkpt>
  <trkpt lat="54.79765667" lon="25.31176667">
    <ele>154</ele>
    <time>2020-09-07T21:57:34.520999Z</time>
  </trkpt>
  <trkpt lat="54.79768667" lon="25.31176">
    <ele>154</ele>
    <time>2020-09-07T21:57:35.519999Z</time>
  </trkpt>
  <trkpt lat="54.79771667" lon="25.31175667">
    <ele>154</ele>
    <time>2020-09-07T21:57:36.519999Z</time>
  </trkpt>
  <trkpt lat="54.79774333" lon="25.311755">
    <ele>154</ele>
    <time>2020-09-07T21:57:37.519999Z</time>
  </trkpt>
  <trkpt lat="54.797765" lon="25.31175833">
    <ele>154</ele>
    <time>2020-09-07T21:57:38.520999Z</time>
  </trkpt>
  <trkpt lat="54.797785" lon="25.31176833">
    <ele>155</ele>
    <time>2020-09-07T21:57:39.520999Z</time>
  </trkpt>
  <trkpt lat="54.797805" lon="25.31178">
    <ele>155</ele>
    <time>2020-09-07T21:57:40.520999Z</time>
  </trkpt>
  <trkpt lat="54.79782" lon="25.31179">
    <ele>156</ele>
    <time>2020-09-07T21:57:41.520999Z</time>
  </trkpt>
  <trkpt lat="54.79783333" lon="25.31180833">
    <ele>156</ele>
    <time>2020-09-07T21:57:42.519999Z</time>
  </trkpt>
  <trkpt lat="54.79784833" lon="25.31183">
    <ele>157</ele>
    <time>2020-09-07T21:57:43.520999Z</time>
  </trkpt>
  <trkpt lat="54.79786833" lon="25.31185">
    <ele>157</ele>
    <time>2020-09-07T21:57:44.520999Z</time>
  </trkpt>
  <trkpt lat="54.79788667" lon="25.311865">
    <ele>158</ele>
    <time>2020-09-07T21:57:45.520999Z</time>
  </trkpt>
  <trkpt lat="54.79790833" lon="25.31188833">
    <ele>158</ele>
    <time>2020-09-07T21:57:46.520999Z</time>
  </trkpt>
  <trkpt lat="54.79793" lon="25.31191">
    <ele>159</ele>
    <time>2020-09-07T21:57:47.519999Z</time>
  </trkpt>
  <trkpt lat="54.79794833" lon="25.31193667">
    <ele>159</ele>
    <time>2020-09-07T21:57:48.520999Z</time>
  </trkpt>
  <trkpt lat="54.797965" lon="25.31196167">
    <ele>159</ele>
    <time>2020-09-07T21:57:49.520999Z</time>
  </trkpt>
  <trkpt lat="54.79798" lon="25.31198833">
    <ele>159</ele>
    <time>2020-09-07T21:57:50.520999Z</time>
  </trkpt>
  <trkpt lat="54.79799333" lon="25.31201">
    <ele>159</ele>
    <time>2020-09-07T21:57:51.520999Z</time>
  </trkpt>
  <trkpt lat="54.79800833" lon="25.31203333">
    <ele>159</ele>
    <time>2020-09-07T21:57:52.519999Z</time>
  </trkpt>
  <trkpt lat="54.79802667" lon="25.31206333">
    <ele>159</ele>
    <time>2020-09-07T21:57:53.520999Z</time>
  </trkpt>
  <trkpt lat="54.79804833" lon="25.31209333">
    <ele>159</ele>
    <time>2020-09-07T21:57:54.520999Z</time>
  </trkpt>
  <trkpt lat="54.79807167" lon="25.31212333">
    <ele>159</ele>
    <time>2020-09-07T21:57:55.519999Z</time>
  </trkpt>
  <trkpt lat="54.79809667" lon="25.31215667">
    <ele>159</ele>
    <time>2020-09-07T21:57:56.520999Z</time>
  </trkpt>
  <trkpt lat="54.79811833" lon="25.312185">
    <ele>159</ele>
    <time>2020-09-07T21:57:57.520999Z</time>
  </trkpt>
  <trkpt lat="54.79813833" lon="25.31221">
    <ele>159</ele>
    <time>2020-09-07T21:57:58.520999Z</time>
  </trkpt>
  <trkpt lat="54.79816167" lon="25.31223667">
    <ele>159</ele>
    <time>2020-09-07T21:57:59.519999Z</time>
  </trkpt>
  <trkpt lat="54.798185" lon="25.31226167">
    <ele>159</ele>
    <time>2020-09-07T21:58:00.520999Z</time>
  </trkpt>
  <trkpt lat="54.798205" lon="25.31228333">
    <ele>159</ele>
    <time>2020-09-07T21:58:01.520999Z</time>
  </trkpt>
  <trkpt lat="54.79822667" lon="25.31230167">
    <ele>159</ele>
    <time>2020-09-07T21:58:02.519999Z</time>
  </trkpt>
  <trkpt lat="54.79825" lon="25.31231333">
    <ele>159</ele>
    <time>2020-09-07T21:58:03.520999Z</time>
  </trkpt>
  <trkpt lat="54.798275" lon="25.31232667">
    <ele>159</ele>
    <time>2020-09-07T21:58:04.520999Z</time>
  </trkpt>
  <trkpt lat="54.79829833" lon="25.31234167">
    <ele>159</ele>
    <time>2020-09-07T21:58:05.520999Z</time>
  </trkpt>
  <trkpt lat="54.798325" lon="25.31235">
    <ele>160</ele>
    <time>2020-09-07T21:58:06.520999Z</time>
  </trkpt>
  <trkpt lat="54.798355" lon="25.31236667">
    <ele>160</ele>
    <time>2020-09-07T21:58:07.520999Z</time>
  </trkpt>
  <trkpt lat="54.79838667" lon="25.31239167">
    <ele>160</ele>
    <time>2020-09-07T21:58:08.520999Z</time>
  </trkpt>
  <trkpt lat="54.79842" lon="25.31241333">
    <ele>160</ele>
    <time>2020-09-07T21:58:09.520999Z</time>
  </trkpt>
  <trkpt lat="54.79844833" lon="25.31243167">
    <ele>160</ele>
    <time>2020-09-07T21:58:10.520999Z</time>
  </trkpt>
  <trkpt lat="54.79847167" lon="25.31244833">
    <ele>160</ele>
    <time>2020-09-07T21:58:11.520999Z</time>
  </trkpt>
  <trkpt lat="54.79849667" lon="25.31246667">
    <ele>160</ele>
    <time>2020-09-07T21:58:12.519999Z</time>
  </trkpt>
  <trkpt lat="54.79852167" lon="25.312495">
    <ele>160</ele>
    <time>2020-09-07T21:58:13.520999Z</time>
  </trkpt>
  <trkpt lat="54.798545" lon="25.31252833">
    <ele>160</ele>
    <time>2020-09-07T21:58:14.520999Z</time>
  </trkpt>
  <trkpt lat="54.79857" lon="25.31255333">
    <ele>159</ele>
    <time>2020-09-07T21:58:15.519999Z</time>
  </trkpt>
  <trkpt lat="54.798595" lon="25.31257833">
    <ele>159</ele>
    <time>2020-09-07T21:58:16.520999Z</time>
  </trkpt>
  <trkpt lat="54.798615" lon="25.312605">
    <ele>158</ele>
    <time>2020-09-07T21:58:17.520999Z</time>
  </trkpt>
  <trkpt lat="54.79863833" lon="25.31262833">
    <ele>158</ele>
    <time>2020-09-07T21:58:18.519999Z</time>
  </trkpt>
  <trkpt lat="54.79865833" lon="25.31265">
    <ele>158</ele>
    <time>2020-09-07T21:58:19.520999Z</time>
  </trkpt>
  <trkpt lat="54.79868" lon="25.31266667">
    <ele>158</ele>
    <time>2020-09-07T21:58:20.520999Z</time>
  </trkpt>
  <trkpt lat="54.79870167" lon="25.31268">
    <ele>157</ele>
    <time>2020-09-07T21:58:21.520999Z</time>
  </trkpt>
  <trkpt lat="54.79872833" lon="25.31269167">
    <ele>157</ele>
    <time>2020-09-07T21:58:22.520999Z</time>
  </trkpt>
  <trkpt lat="54.79875167" lon="25.312695">
    <ele>157</ele>
    <time>2020-09-07T21:58:23.520999Z</time>
  </trkpt>
  <trkpt lat="54.79877" lon="25.312695">
    <ele>156</ele>
    <time>2020-09-07T21:58:24.520999Z</time>
  </trkpt>
  <trkpt lat="54.79878833" lon="25.31269667">
    <ele>156</ele>
    <time>2020-09-07T21:58:25.520999Z</time>
  </trkpt>
  <trkpt lat="54.798805" lon="25.31270333">
    <ele>155</ele>
    <time>2020-09-07T21:58:26.520999Z</time>
  </trkpt>
  <trkpt lat="54.79882333" lon="25.31270333">
    <ele>155</ele>
    <time>2020-09-07T21:58:27.520999Z</time>
  </trkpt>
  <trkpt lat="54.798845" lon="25.3127">
    <ele>155</ele>
    <time>2020-09-07T21:58:28.520999Z</time>
  </trkpt>
  <trkpt lat="54.798865" lon="25.31269833">
    <ele>155</ele>
    <time>2020-09-07T21:58:29.520999Z</time>
  </trkpt>
  <trkpt lat="54.798885" lon="25.31270333">
    <ele>154</ele>
    <time>2020-09-07T21:58:30.519999Z</time>
  </trkpt>
  <trkpt lat="54.798905" lon="25.31271">
    <ele>154</ele>
    <time>2020-09-07T21:58:31.520999Z</time>
  </trkpt>
  <trkpt lat="54.79891667" lon="25.31271667">
    <ele>153</ele>
    <time>2020-09-07T21:58:32.519999Z</time>
  </trkpt>
  <trkpt lat="54.79894167" lon="25.312735">
    <ele>153</ele>
    <time>2020-09-07T21:58:33.520999Z</time>
  </trkpt>
  <trkpt lat="54.79896" lon="25.31274333">
    <ele>153</ele>
    <time>2020-09-07T21:58:34.520999Z</time>
  </trkpt>
  <trkpt lat="54.798985" lon="25.31275667">
    <ele>152</ele>
    <time>2020-09-07T21:58:35.519999Z</time>
  </trkpt>
  <trkpt lat="54.79900833" lon="25.312775">
    <ele>152</ele>
    <time>2020-09-07T21:58:36.520999Z</time>
  </trkpt>
  <trkpt lat="54.799025" lon="25.31279">
    <ele>152</ele>
    <time>2020-09-07T21:58:37.520999Z</time>
  </trkpt>
  <trkpt lat="54.79904833" lon="25.31279833">
    <ele>152</ele>
    <time>2020-09-07T21:58:38.520999Z</time>
  </trkpt>
  <trkpt lat="54.79906167" lon="25.31280667">
    <ele>152</ele>
    <time>2020-09-07T21:58:39.520999Z</time>
  </trkpt>
  <trkpt lat="54.79907333" lon="25.31281167">
    <ele>152</ele>
    <time>2020-09-07T21:58:40.520999Z</time>
  </trkpt>
  <trkpt lat="54.79908833" lon="25.31282">
    <ele>152</ele>
    <time>2020-09-07T21:58:41.520999Z</time>
  </trkpt>
  <trkpt lat="54.799105" lon="25.312825">
    <ele>152</ele>
    <time>2020-09-07T21:58:42.520999Z</time>
  </trkpt>
  <trkpt lat="54.79911833" lon="25.31283333">
    <ele>152</ele>
    <time>2020-09-07T21:58:43.520999Z</time>
  </trkpt>
  <trkpt lat="54.79913333" lon="25.31284333">
    <ele>152</ele>
    <time>2020-09-07T21:58:44.519999Z</time>
  </trkpt>
  <trkpt lat="54.79914833" lon="25.312855">
    <ele>152</ele>
    <time>2020-09-07T21:58:45.519999Z</time>
  </trkpt>
  <trkpt lat="54.79916" lon="25.312865">
    <ele>152</ele>
    <time>2020-09-07T21:58:46.519999Z</time>
  </trkpt>
  <trkpt lat="54.79917" lon="25.31287333">
    <ele>152</ele>
    <time>2020-09-07T21:58:47.519999Z</time>
  </trkpt>
  <trkpt lat="54.79917667" lon="25.312875">
    <ele>152</ele>
    <time>2020-09-07T21:58:48.519999Z</time>
  </trkpt>
  <trkpt lat="54.79918333" lon="25.31288167">
    <ele>152</ele>
    <time>2020-09-07T21:58:49.520999Z</time>
  </trkpt>
  <trkpt lat="54.79918833" lon="25.31288167">
    <ele>152</ele>
    <time>2020-09-07T21:58:50.520999Z</time>
  </trkpt>
  <trkpt lat="54.79919833" lon="25.31288167">
    <ele>152</ele>
    <time>2020-09-07T21:58:51.520999Z</time>
  </trkpt>
  <trkpt lat="54.79920833" lon="25.31288333">
    <ele>152</ele>
    <time>2020-09-07T21:58:52.520999Z</time>
  </trkpt>
  <trkpt lat="54.79922333" lon="25.31288833">
    <ele>152</ele>
    <time>2020-09-07T21:58:53.520999Z</time>
  </trkpt>
  <trkpt lat="54.799235" lon="25.31289333">
    <ele>152</ele>
    <time>2020-09-07T21:58:54.520999Z</time>
  </trkpt>
  <trkpt lat="54.79924833" lon="25.312905">
    <ele>152</ele>
    <time>2020-09-07T21:58:55.519999Z</time>
  </trkpt>
  <trkpt lat="54.79926" lon="25.31291167">
    <ele>152</ele>
    <time>2020-09-07T21:58:56.520999Z</time>
  </trkpt>
  <trkpt lat="54.79927167" lon="25.31291833">
    <ele>151</ele>
    <time>2020-09-07T21:58:57.520999Z</time>
  </trkpt>
  <trkpt lat="54.79928333" lon="25.31292167">
    <ele>151</ele>
    <time>2020-09-07T21:58:58.519999Z</time>
  </trkpt>
  <trkpt lat="54.79929833" lon="25.312925">
    <ele>151</ele>
    <time>2020-09-07T21:58:59.520999Z</time>
  </trkpt>
  <trkpt lat="54.79931333" lon="25.31292167">
    <ele>151</ele>
    <time>2020-09-07T21:59:00.520999Z</time>
  </trkpt>
  <trkpt lat="54.79932833" lon="25.31291333">
    <ele>150</ele>
    <time>2020-09-07T21:59:01.520999Z</time>
  </trkpt>
  <trkpt lat="54.79934333" lon="25.312905">
    <ele>150</ele>
    <time>2020-09-07T21:59:02.519999Z</time>
  </trkpt>
  <trkpt lat="54.79935667" lon="25.31289">
    <ele>151</ele>
    <time>2020-09-07T21:59:03.520999Z</time>
  </trkpt>
  <trkpt lat="54.79937333" lon="25.31288333">
    <ele>151</ele>
    <time>2020-09-07T21:59:04.520999Z</time>
  </trkpt>
  <trkpt lat="54.79939667" lon="25.31288167">
    <ele>151</ele>
    <time>2020-09-07T21:59:05.519999Z</time>
  </trkpt>
  <trkpt lat="54.799415" lon="25.31287833">
    <ele>151</ele>
    <time>2020-09-07T21:59:06.520999Z</time>
  </trkpt>
  <trkpt lat="54.79943" lon="25.31288167">
    <ele>151</ele>
    <time>2020-09-07T21:59:07.520999Z</time>
  </trkpt>
  <trkpt lat="54.79944167" lon="25.31288">
    <ele>151</ele>
    <time>2020-09-07T21:59:08.519999Z</time>
  </trkpt>
  <trkpt lat="54.79944833" lon="25.31287833">
    <ele>151</ele>
    <time>2020-09-07T21:59:09.520999Z</time>
  </trkpt>
  <trkpt lat="54.79945167" lon="25.31287667">
    <ele>151</ele>
    <time>2020-09-07T21:59:10.520999Z</time>
  </trkpt>
  <trkpt lat="54.79946333" lon="25.31287">
    <ele>151</ele>
    <time>2020-09-07T21:59:11.519999Z</time>
  </trkpt>
  <trkpt lat="54.79948333" lon="25.31285667">
    <ele>151</ele>
    <time>2020-09-07T21:59:12.520999Z</time>
  </trkpt>
  <trkpt lat="54.79950333" lon="25.31284667">
    <ele>151</ele>
    <time>2020-09-07T21:59:13.520999Z</time>
  </trkpt>
  <trkpt lat="54.79952667" lon="25.31284833">
    <ele>151</ele>
    <time>2020-09-07T21:59:14.520999Z</time>
  </trkpt>
  <trkpt lat="54.79955167" lon="25.31284333">
    <ele>151</ele>
    <time>2020-09-07T21:59:15.520999Z</time>
  </trkpt>
  <trkpt lat="54.799575" lon="25.31283667">
    <ele>151</ele>
    <time>2020-09-07T21:59:16.520999Z</time>
  </trkpt>
  <trkpt lat="54.79959833" lon="25.312835">
    <ele>151</ele>
    <time>2020-09-07T21:59:17.520999Z</time>
  </trkpt>
  <trkpt lat="54.79961333" lon="25.31283333">
    <ele>151</ele>
    <time>2020-09-07T21:59:18.520999Z</time>
  </trkpt>
  <trkpt lat="54.79963167" lon="25.31283333">
    <ele>151</ele>
    <time>2020-09-07T21:59:19.520999Z</time>
  </trkpt>
  <trkpt lat="54.79965" lon="25.31282667">
    <ele>151</ele>
    <time>2020-09-07T21:59:20.520999Z</time>
  </trkpt>
  <trkpt lat="54.79967" lon="25.31282">
    <ele>151</ele>
    <time>2020-09-07T21:59:21.519999Z</time>
  </trkpt>
  <trkpt lat="54.79969" lon="25.312815">
    <ele>152</ele>
    <time>2020-09-07T21:59:22.520999Z</time>
  </trkpt>
  <trkpt lat="54.79970833" lon="25.31281667">
    <ele>152</ele>
    <time>2020-09-07T21:59:23.519999Z</time>
  </trkpt>
  <trkpt lat="54.79972833" lon="25.31282333">
    <ele>152</ele>
    <time>2020-09-07T21:59:24.520999Z</time>
  </trkpt>
  <trkpt lat="54.79974833" lon="25.31283">
    <ele>152</ele>
    <time>2020-09-07T21:59:25.520999Z</time>
  </trkpt>
  <trkpt lat="54.799765" lon="25.31283">
    <ele>152</ele>
    <time>2020-09-07T21:59:26.520999Z</time>
  </trkpt>
  <trkpt lat="54.79978333" lon="25.31283">
    <ele>152</ele>
    <time>2020-09-07T21:59:27.520999Z</time>
  </trkpt>
  <trkpt lat="54.799805" lon="25.312835">
    <ele>152</ele>
    <time>2020-09-07T21:59:28.520999Z</time>
  </trkpt>
  <trkpt lat="54.79983" lon="25.31284167">
    <ele>152</ele>
    <time>2020-09-07T21:59:29.520999Z</time>
  </trkpt>
  <trkpt lat="54.79985333" lon="25.31284833">
    <ele>152</ele>
    <time>2020-09-07T21:59:30.520999Z</time>
  </trkpt>
  <trkpt lat="54.799875" lon="25.31285333">
    <ele>151</ele>
    <time>2020-09-07T21:59:31.520999Z</time>
  </trkpt>
  <trkpt lat="54.79989" lon="25.31285">
    <ele>151</ele>
    <time>2020-09-07T21:59:32.520999Z</time>
  </trkpt>
  <trkpt lat="54.79990667" lon="25.31284333">
    <ele>151</ele>
    <time>2020-09-07T21:59:33.520999Z</time>
  </trkpt>
  <trkpt lat="54.79992167" lon="25.31284167">
    <ele>151</ele>
    <time>2020-09-07T21:59:34.520999Z</time>
  </trkpt>
  <trkpt lat="54.79994333" lon="25.31283833">
    <ele>151</ele>
    <time>2020-09-07T21:59:35.519999Z</time>
  </trkpt>
  <trkpt lat="54.79996667" lon="25.31283333">
    <ele>152</ele>
    <time>2020-09-07T21:59:36.519999Z</time>
  </trkpt>
  <trkpt lat="54.79999167" lon="25.31283">
    <ele>152</ele>
    <time>2020-09-07T21:59:37.520999Z</time>
  </trkpt>
  <trkpt lat="54.80002667" lon="25.31283">
    <ele>152</ele>
    <time>2020-09-07T21:59:38.520999Z</time>
  </trkpt>
  <trkpt lat="54.80006" lon="25.31282833">
    <ele>152</ele>
    <time>2020-09-07T21:59:39.520999Z</time>
  </trkpt>
  <trkpt lat="54.80009167" lon="25.31282667">
    <ele>152</ele>
    <time>2020-09-07T21:59:40.520999Z</time>
  </trkpt>
  <trkpt lat="54.80012167" lon="25.31283167">
    <ele>152</ele>
    <time>2020-09-07T21:59:41.520999Z</time>
  </trkpt>
  <trkpt lat="54.80015333" lon="25.31283167">
    <ele>153</ele>
    <time>2020-09-07T21:59:42.520999Z</time>
  </trkpt>
  <trkpt lat="54.80017833" lon="25.31282833">
    <ele>153</ele>
    <time>2020-09-07T21:59:43.520999Z</time>
  </trkpt>
  <trkpt lat="54.8002" lon="25.31282167">
    <ele>154</ele>
    <time>2020-09-07T21:59:44.520999Z</time>
  </trkpt>
  <trkpt lat="54.80021833" lon="25.31281667">
    <ele>154</ele>
    <time>2020-09-07T21:59:45.520999Z</time>
  </trkpt>
  <trkpt lat="54.80024167" lon="25.31281">
    <ele>154</ele>
    <time>2020-09-07T21:59:46.519999Z</time>
  </trkpt>
  <trkpt lat="54.80026" lon="25.31281">
    <ele>154</ele>
    <time>2020-09-07T21:59:47.519999Z</time>
  </trkpt>
  <trkpt lat="54.80027833" lon="25.31281167">
    <ele>154</ele>
    <time>2020-09-07T21:59:48.520999Z</time>
  </trkpt>
  <trkpt lat="54.80029667" lon="25.31282">
    <ele>154</ele>
    <time>2020-09-07T21:59:49.519999Z</time>
  </trkpt>
  <trkpt lat="54.80031167" lon="25.31282">
    <ele>154</ele>
    <time>2020-09-07T21:59:50.520999Z</time>
  </trkpt>
  <trkpt lat="54.80033" lon="25.312825">
    <ele>154</ele>
    <time>2020-09-07T21:59:51.520999Z</time>
  </trkpt>
  <trkpt lat="54.80035667" lon="25.312825">
    <ele>155</ele>
    <time>2020-09-07T21:59:52.519999Z</time>
  </trkpt>
  <trkpt lat="54.80038667" lon="25.31283333">
    <ele>155</ele>
    <time>2020-09-07T21:59:53.520999Z</time>
  </trkpt>
  <trkpt lat="54.80041333" lon="25.31283667">
    <ele>155</ele>
    <time>2020-09-07T21:59:54.520999Z</time>
  </trkpt>
  <trkpt lat="54.800435" lon="25.31284167">
    <ele>154</ele>
    <time>2020-09-07T21:59:55.519999Z</time>
  </trkpt>
  <trkpt lat="54.800455" lon="25.31284833">
    <ele>154</ele>
    <time>2020-09-07T21:59:56.520999Z</time>
  </trkpt>
  <trkpt lat="54.80047667" lon="25.31286167">
    <ele>154</ele>
    <time>2020-09-07T21:59:57.520999Z</time>
  </trkpt>
  <trkpt lat="54.80049667" lon="25.31287667">
    <ele>154</ele>
    <time>2020-09-07T21:59:58.519999Z</time>
  </trkpt>
  <trkpt lat="54.80051167" lon="25.312895">
    <ele>154</ele>
    <time>2020-09-07T21:59:59.520999Z</time>
  </trkpt>
  <trkpt lat="54.80053333" lon="25.31290833">
    <ele>154</ele>
    <time>2020-09-07T22:00:00.520999Z</time>
  </trkpt>
  <trkpt lat="54.80055333" lon="25.31292167">
    <ele>154</ele>
    <time>2020-09-07T22:00:01.519999Z</time>
  </trkpt>
  <trkpt lat="54.80057833" lon="25.31293167">
    <ele>154</ele>
    <time>2020-09-07T22:00:02.520999Z</time>
  </trkpt>
  <trkpt lat="54.80060167" lon="25.31294667">
    <ele>154</ele>
    <time>2020-09-07T22:00:03.520999Z</time>
  </trkpt>
  <trkpt lat="54.80062667" lon="25.312965">
    <ele>154</ele>
    <time>2020-09-07T22:00:04.519999Z</time>
  </trkpt>
  <trkpt lat="54.80064833" lon="25.31298333">
    <ele>154</ele>
    <time>2020-09-07T22:00:05.520999Z</time>
  </trkpt>
  <trkpt lat="54.80067167" lon="25.313">
    <ele>154</ele>
    <time>2020-09-07T22:00:06.519999Z</time>
  </trkpt>
  <trkpt lat="54.80069833" lon="25.31301333">
    <ele>154</ele>
    <time>2020-09-07T22:00:07.519999Z</time>
  </trkpt>
  <trkpt lat="54.800725" lon="25.31302833">
    <ele>154</ele>
    <time>2020-09-07T22:00:08.520999Z</time>
  </trkpt>
  <trkpt lat="54.800755" lon="25.31303667">
    <ele>155</ele>
    <time>2020-09-07T22:00:09.520999Z</time>
  </trkpt>
  <trkpt lat="54.80078667" lon="25.31304167">
    <ele>155</ele>
    <time>2020-09-07T22:00:10.519999Z</time>
  </trkpt>
  <trkpt lat="54.80080667" lon="25.31305333">
    <ele>156</ele>
    <time>2020-09-07T22:00:11.520999Z</time>
  </trkpt>
  <trkpt lat="54.80082667" lon="25.31306667">
    <ele>156</ele>
    <time>2020-09-07T22:00:12.520999Z</time>
  </trkpt>
  <trkpt lat="54.80084833" lon="25.31308167">
    <ele>156</ele>
    <time>2020-09-07T22:00:13.519999Z</time>
  </trkpt>
  <trkpt lat="54.80086833" lon="25.31309167">
    <ele>157</ele>
    <time>2020-09-07T22:00:14.520999Z</time>
  </trkpt>
  <trkpt lat="54.80089" lon="25.3131">
    <ele>157</ele>
    <time>2020-09-07T22:00:15.519999Z</time>
  </trkpt>
  <trkpt lat="54.80091167" lon="25.313110000000002">
    <ele>158</ele>
    <time>2020-09-07T22:00:16.519999Z</time>
  </trkpt>
  <trkpt lat="54.80093" lon="25.313118329999998">
    <ele>158</ele>
    <time>2020-09-07T22:00:17.520999Z</time>
  </trkpt>
  <trkpt lat="54.80094833" lon="25.31312833">
    <ele>158</ele>
    <time>2020-09-07T22:00:18.520999Z</time>
  </trkpt>
  <trkpt lat="54.80096333" lon="25.31315">
    <ele>158</ele>
    <time>2020-09-07T22:00:19.520999Z</time>
  </trkpt>
  <trkpt lat="54.80098333" lon="25.31316833">
    <ele>159</ele>
    <time>2020-09-07T22:00:20.520999Z</time>
  </trkpt>
  <trkpt lat="54.80100333" lon="25.31318833">
    <ele>159</ele>
    <time>2020-09-07T22:00:21.520999Z</time>
  </trkpt>
  <trkpt lat="54.80102" lon="25.313205">
    <ele>159</ele>
    <time>2020-09-07T22:00:22.519999Z</time>
  </trkpt>
  <trkpt lat="54.80105333" lon="25.31322833">
    <ele>159</ele>
    <time>2020-09-07T22:00:23.519999Z</time>
  </trkpt>
  <trkpt lat="54.80108833" lon="25.31325">
    <ele>160</ele>
    <time>2020-09-07T22:00:24.520999Z</time>
  </trkpt>
  <trkpt lat="54.80111667" lon="25.31327">
    <ele>160</ele>
    <time>2020-09-07T22:00:25.519999Z</time>
  </trkpt>
  <trkpt lat="54.80113833" lon="25.31329667">
    <ele>160</ele>
    <time>2020-09-07T22:00:26.520999Z</time>
  </trkpt>
  <trkpt lat="54.80116667" lon="25.31333">
    <ele>160</ele>
    <time>2020-09-07T22:00:27.520999Z</time>
  </trkpt>
  <trkpt lat="54.801185" lon="25.31335833">
    <ele>161</ele>
    <time>2020-09-07T22:00:28.520999Z</time>
  </trkpt>
  <trkpt lat="54.80119833" lon="25.31337167">
    <ele>161</ele>
    <time>2020-09-07T22:00:29.520999Z</time>
  </trkpt>
  <trkpt lat="54.80120833" lon="25.31339167">
    <ele>161</ele>
    <time>2020-09-07T22:00:30.520999Z</time>
  </trkpt>
  <trkpt lat="54.801225" lon="25.313425">
    <ele>161</ele>
    <time>2020-09-07T22:00:31.519999Z</time>
  </trkpt>
  <trkpt lat="54.80124833" lon="25.31345333">
    <ele>162</ele>
    <time>2020-09-07T22:00:32.520999Z</time>
  </trkpt>
  <trkpt lat="54.80126667" lon="25.31348">
    <ele>162</ele>
    <time>2020-09-07T22:00:33.520999Z</time>
  </trkpt>
  <trkpt lat="54.801285" lon="25.31351">
    <ele>162</ele>
    <time>2020-09-07T22:00:34.519999Z</time>
  </trkpt>
  <trkpt lat="54.80130333" lon="25.31353833">
    <ele>162</ele>
    <time>2020-09-07T22:00:35.520999Z</time>
  </trkpt>
  <trkpt lat="54.80131833" lon="25.31356833">
    <ele>161</ele>
    <time>2020-09-07T22:00:36.520999Z</time>
  </trkpt>
  <trkpt lat="54.80133333" lon="25.3136">
    <ele>161</ele>
    <time>2020-09-07T22:00:37.519999Z</time>
  </trkpt>
  <trkpt lat="54.80134833" lon="25.31363">
    <ele>161</ele>
    <time>2020-09-07T22:00:38.520999Z</time>
  </trkpt>
  <trkpt lat="54.80136667" lon="25.31366167">
    <ele>161</ele>
    <time>2020-09-07T22:00:39.520999Z</time>
  </trkpt>
  <trkpt lat="54.80138833" lon="25.313695">
    <ele>160</ele>
    <time>2020-09-07T22:00:40.520999Z</time>
  </trkpt>
  <trkpt lat="54.801405" lon="25.31373167">
    <ele>160</ele>
    <time>2020-09-07T22:00:41.520999Z</time>
  </trkpt>
  <trkpt lat="54.80141167" lon="25.31377">
    <ele>160</ele>
    <time>2020-09-07T22:00:42.520999Z</time>
  </trkpt>
  <trkpt lat="54.80142333" lon="25.31381">
    <ele>160</ele>
    <time>2020-09-07T22:00:43.520999Z</time>
  </trkpt>
  <trkpt lat="54.80143667" lon="25.31384833">
    <ele>160</ele>
    <time>2020-09-07T22:00:44.520999Z</time>
  </trkpt>
  <trkpt lat="54.801455" lon="25.313885">
    <ele>160</ele>
    <time>2020-09-07T22:00:45.520999Z</time>
  </trkpt>
  <trkpt lat="54.801475" lon="25.31392">
    <ele>159</ele>
    <time>2020-09-07T22:00:46.519999Z</time>
  </trkpt>
  <trkpt lat="54.801495" lon="25.31395333">
    <ele>159</ele>
    <time>2020-09-07T22:00:47.520999Z</time>
  </trkpt>
  <trkpt lat="54.80151667" lon="25.31398667">
    <ele>159</ele>
    <time>2020-09-07T22:00:48.520999Z</time>
  </trkpt>
  <trkpt lat="54.801535" lon="25.31402167">
    <ele>159</ele>
    <time>2020-09-07T22:00:49.520999Z</time>
  </trkpt>
  <trkpt lat="54.801555" lon="25.31406667">
    <ele>159</ele>
    <time>2020-09-07T22:00:50.519999Z</time>
  </trkpt>
  <trkpt lat="54.80158333" lon="25.314115">
    <ele>159</ele>
    <time>2020-09-07T22:00:51.520999Z</time>
  </trkpt>
  <trkpt lat="54.80161167" lon="25.31415333">
    <ele>159</ele>
    <time>2020-09-07T22:00:52.520999Z</time>
  </trkpt>
  <trkpt lat="54.80163667" lon="25.31419667">
    <ele>159</ele>
    <time>2020-09-07T22:00:53.519999Z</time>
  </trkpt>
  <trkpt lat="54.80165667" lon="25.31423833">
    <ele>159</ele>
    <time>2020-09-07T22:00:54.519999Z</time>
  </trkpt>
  <trkpt lat="54.80168" lon="25.31427667">
    <ele>160</ele>
    <time>2020-09-07T22:00:55.519999Z</time>
  </trkpt>
  <trkpt lat="54.80169833" lon="25.31431333">
    <ele>160</ele>
    <time>2020-09-07T22:00:56.519999Z</time>
  </trkpt>
  <trkpt lat="54.80171333" lon="25.31434833">
    <ele>160</ele>
    <time>2020-09-07T22:00:57.519999Z</time>
  </trkpt>
  <trkpt lat="54.80172333" lon="25.314385">
    <ele>160</ele>
    <time>2020-09-07T22:00:58.520999Z</time>
  </trkpt>
  <trkpt lat="54.801735" lon="25.314425">
    <ele>160</ele>
    <time>2020-09-07T22:00:59.519999Z</time>
  </trkpt>
  <trkpt lat="54.80174833" lon="25.31445833">
    <ele>160</ele>
    <time>2020-09-07T22:01:00.520999Z</time>
  </trkpt>
  <trkpt lat="54.80176167" lon="25.31449">
    <ele>160</ele>
    <time>2020-09-07T22:01:01.520999Z</time>
  </trkpt>
  <trkpt lat="54.801775" lon="25.31452">
    <ele>160</ele>
    <time>2020-09-07T22:01:02.520999Z</time>
  </trkpt>
  <trkpt lat="54.80179" lon="25.31454833">
    <ele>160</ele>
    <time>2020-09-07T22:01:03.520999Z</time>
  </trkpt>
  <trkpt lat="54.80180667" lon="25.31457333">
    <ele>160</ele>
    <time>2020-09-07T22:01:04.519999Z</time>
  </trkpt>
  <trkpt lat="54.80182" lon="25.314595">
    <ele>160</ele>
    <time>2020-09-07T22:01:05.520999Z</time>
  </trkpt>
  <trkpt lat="54.80183667" lon="25.314615">
    <ele>160</ele>
    <time>2020-09-07T22:01:06.520999Z</time>
  </trkpt>
  <trkpt lat="54.80185" lon="25.31463333">
    <ele>160</ele>
    <time>2020-09-07T22:01:07.520999Z</time>
  </trkpt>
  <trkpt lat="54.80186333" lon="25.314645">
    <ele>160</ele>
    <time>2020-09-07T22:01:08.519999Z</time>
  </trkpt>
  <trkpt lat="54.80187333" lon="25.31465833">
    <ele>160</ele>
    <time>2020-09-07T22:01:09.519999Z</time>
  </trkpt>
  <trkpt lat="54.80188167" lon="25.31467167">
    <ele>160</ele>
    <time>2020-09-07T22:01:10.520999Z</time>
  </trkpt>
  <trkpt lat="54.80188667" lon="25.314685">
    <ele>159</ele>
    <time>2020-09-07T22:01:11.520999Z</time>
  </trkpt>
  <trkpt lat="54.80189333" lon="25.31470167">
    <ele>159</ele>
    <time>2020-09-07T22:01:12.520999Z</time>
  </trkpt>
  <trkpt lat="54.80190167" lon="25.31472">
    <ele>158</ele>
    <time>2020-09-07T22:01:13.519999Z</time>
  </trkpt>
  <trkpt lat="54.80190833" lon="25.31474167">
    <ele>158</ele>
    <time>2020-09-07T22:01:14.520999Z</time>
  </trkpt>
  <trkpt lat="54.80191667" lon="25.31476333">
    <ele>158</ele>
    <time>2020-09-07T22:01:15.520999Z</time>
  </trkpt>
  <trkpt lat="54.80192833" lon="25.31478667">
    <ele>158</ele>
    <time>2020-09-07T22:01:16.520999Z</time>
  </trkpt>
  <trkpt lat="54.80194" lon="25.31480667">
    <ele>157</ele>
    <time>2020-09-07T22:01:17.519999Z</time>
  </trkpt>
  <trkpt lat="54.80195167" lon="25.31482833">
    <ele>157</ele>
    <time>2020-09-07T22:01:18.520999Z</time>
  </trkpt>
  <trkpt lat="54.801975" lon="25.31485667">
    <ele>157</ele>
    <time>2020-09-07T22:01:19.520999Z</time>
  </trkpt>
  <trkpt lat="54.80199667" lon="25.31488">
    <ele>157</ele>
    <time>2020-09-07T22:01:20.520999Z</time>
  </trkpt>
  <trkpt lat="54.80201667" lon="25.31490833">
    <ele>158</ele>
    <time>2020-09-07T22:01:21.520999Z</time>
  </trkpt>
  <trkpt lat="54.80204333" lon="25.31493167">
    <ele>158</ele>
    <time>2020-09-07T22:01:22.519999Z</time>
  </trkpt>
  <trkpt lat="54.802065" lon="25.31496333">
    <ele>158</ele>
    <time>2020-09-07T22:01:23.520999Z</time>
  </trkpt>
  <trkpt lat="54.802085" lon="25.31500667">
    <ele>158</ele>
    <time>2020-09-07T22:01:24.520999Z</time>
  </trkpt>
  <trkpt lat="54.802105" lon="25.31505">
    <ele>159</ele>
    <time>2020-09-07T22:01:25.520999Z</time>
  </trkpt>
  <trkpt lat="54.80212667" lon="25.31509833">
    <ele>159</ele>
    <time>2020-09-07T22:01:26.519999Z</time>
  </trkpt>
  <trkpt lat="54.80214667" lon="25.315145">
    <ele>159</ele>
    <time>2020-09-07T22:01:27.520999Z</time>
  </trkpt>
  <trkpt lat="54.80216833" lon="25.31518167">
    <ele>160</ele>
    <time>2020-09-07T22:01:28.520999Z</time>
  </trkpt>
  <trkpt lat="54.80217833" lon="25.31521">
    <ele>160</ele>
    <time>2020-09-07T22:01:29.520999Z</time>
  </trkpt>
  <trkpt lat="54.80219" lon="25.31523667">
    <ele>160</ele>
    <time>2020-09-07T22:01:30.520999Z</time>
  </trkpt>
  <trkpt lat="54.80221167" lon="25.31527333">
    <ele>161</ele>
    <time>2020-09-07T22:01:31.519999Z</time>
  </trkpt>
  <trkpt lat="54.80222667" lon="25.31531">
    <ele>161</ele>
    <time>2020-09-07T22:01:32.520999Z</time>
  </trkpt>
  <trkpt lat="54.802235" lon="25.315345">
    <ele>162</ele>
    <time>2020-09-07T22:01:33.520999Z</time>
  </trkpt>
  <trkpt lat="54.80224333" lon="25.31538">
    <ele>162</ele>
    <time>2020-09-07T22:01:34.520999Z</time>
  </trkpt>
  <trkpt lat="54.80225833" lon="25.31541167">
    <ele>163</ele>
    <time>2020-09-07T22:01:35.519999Z</time>
  </trkpt>
  <trkpt lat="54.80227333" lon="25.315445">
    <ele>163</ele>
    <time>2020-09-07T22:01:36.520999Z</time>
  </trkpt>
  <trkpt lat="54.80228167" lon="25.31548167">
    <ele>164</ele>
    <time>2020-09-07T22:01:37.520999Z</time>
  </trkpt>
  <trkpt lat="54.80229" lon="25.31552333">
    <ele>164</ele>
    <time>2020-09-07T22:01:38.520999Z</time>
  </trkpt>
  <trkpt lat="54.8023" lon="25.31556333">
    <ele>164</ele>
    <time>2020-09-07T22:01:39.520999Z</time>
  </trkpt>
  <trkpt lat="54.80231167" lon="25.3156">
    <ele>164</ele>
    <time>2020-09-07T22:01:40.519999Z</time>
  </trkpt>
  <trkpt lat="54.802325" lon="25.31564833">
    <ele>165</ele>
    <time>2020-09-07T22:01:41.520999Z</time>
  </trkpt>
  <trkpt lat="54.80233" lon="25.31569167">
    <ele>165</ele>
    <time>2020-09-07T22:01:42.520999Z</time>
  </trkpt>
  <trkpt lat="54.80232667" lon="25.31573167">
    <ele>165</ele>
    <time>2020-09-07T22:01:43.520999Z</time>
  </trkpt>
  <trkpt lat="54.80232" lon="25.31577">
    <ele>164</ele>
    <time>2020-09-07T22:01:44.519999Z</time>
  </trkpt>
  <trkpt lat="54.80230333" lon="25.31580333">
    <ele>164</ele>
    <time>2020-09-07T22:01:45.520999Z</time>
  </trkpt>
  <trkpt lat="54.80228833" lon="25.31582833">
    <ele>163</ele>
    <time>2020-09-07T22:01:46.520999Z</time>
  </trkpt>
  <trkpt lat="54.802275" lon="25.31584833">
    <ele>163</ele>
    <time>2020-09-07T22:01:47.519999Z</time>
  </trkpt>
  <trkpt lat="54.80226167" lon="25.31586667">
    <ele>162</ele>
    <time>2020-09-07T22:01:48.519999Z</time>
  </trkpt>
  <trkpt lat="54.80224833" lon="25.315885">
    <ele>162</ele>
    <time>2020-09-07T22:01:49.519999Z</time>
  </trkpt>
  <trkpt lat="54.802235" lon="25.315905">
    <ele>161</ele>
    <time>2020-09-07T22:01:50.520999Z</time>
  </trkpt>
  <trkpt lat="54.80222333" lon="25.31592667">
    <ele>161</ele>
    <time>2020-09-07T22:01:51.519999Z</time>
  </trkpt>
  <trkpt lat="54.80221333" lon="25.31594167">
    <ele>160</ele>
    <time>2020-09-07T22:01:52.519999Z</time>
  </trkpt>
  <trkpt lat="54.802205" lon="25.31596167">
    <ele>160</ele>
    <time>2020-09-07T22:01:53.519999Z</time>
  </trkpt>
  <trkpt lat="54.80219667" lon="25.31598">
    <ele>159</ele>
    <time>2020-09-07T22:01:54.520999Z</time>
  </trkpt>
  <trkpt lat="54.802185" lon="25.315995">
    <ele>159</ele>
    <time>2020-09-07T22:01:55.520999Z</time>
  </trkpt>
  <trkpt lat="54.80217833" lon="25.31600833">
    <ele>159</ele>
    <time>2020-09-07T22:01:56.520999Z</time>
  </trkpt>
  <trkpt lat="54.80216667" lon="25.31602833">
    <ele>159</ele>
    <time>2020-09-07T22:01:57.520999Z</time>
  </trkpt>
  <trkpt lat="54.80215167" lon="25.316055">
    <ele>159</ele>
    <time>2020-09-07T22:01:58.519999Z</time>
  </trkpt>
  <trkpt lat="54.80212833" lon="25.316095">
    <ele>158</ele>
    <time>2020-09-07T22:01:59.520999Z</time>
  </trkpt>
  <trkpt lat="54.80211667" lon="25.31610833">
    <ele>158</ele>
    <time>2020-09-07T22:02:00.520999Z</time>
  </trkpt>
  <trkpt lat="54.802105" lon="25.316125">
    <ele>157</ele>
    <time>2020-09-07T22:02:01.520999Z</time>
  </trkpt>
  <trkpt lat="54.80209333" lon="25.31614">
    <ele>157</ele>
    <time>2020-09-07T22:02:02.520999Z</time>
  </trkpt>
  <trkpt lat="54.80208333" lon="25.31615333">
    <ele>156</ele>
    <time>2020-09-07T22:02:03.519999Z</time>
  </trkpt>
  <trkpt lat="54.80207" lon="25.31617">
    <ele>156</ele>
    <time>2020-09-07T22:02:04.520999Z</time>
  </trkpt>
  <trkpt lat="54.80205833" lon="25.31618667">
    <ele>155</ele>
    <time>2020-09-07T22:02:05.520999Z</time>
  </trkpt>
  <trkpt lat="54.80205" lon="25.31620833">
    <ele>155</ele>
    <time>2020-09-07T22:02:06.520999Z</time>
  </trkpt>
  <trkpt lat="54.80203833" lon="25.31623">
    <ele>155</ele>
    <time>2020-09-07T22:02:07.519999Z</time>
  </trkpt>
  <trkpt lat="54.80202833" lon="25.31624833">
    <ele>155</ele>
    <time>2020-09-07T22:02:08.519999Z</time>
  </trkpt>
  <trkpt lat="54.80202" lon="25.31626833">
    <ele>155</ele>
    <time>2020-09-07T22:02:09.520999Z</time>
  </trkpt>
  <trkpt lat="54.80201" lon="25.31628667">
    <ele>155</ele>
    <time>2020-09-07T22:02:10.520999Z</time>
  </trkpt>
  <trkpt lat="54.802" lon="25.31630833">
    <ele>155</ele>
    <time>2020-09-07T22:02:11.520999Z</time>
  </trkpt>
  <trkpt lat="54.80199" lon="25.316325">
    <ele>155</ele>
    <time>2020-09-07T22:02:12.519999Z</time>
  </trkpt>
  <trkpt lat="54.80197833" lon="25.31634333">
    <ele>155</ele>
    <time>2020-09-07T22:02:13.520999Z</time>
  </trkpt>
  <trkpt lat="54.801965" lon="25.31637">
    <ele>155</ele>
    <time>2020-09-07T22:02:14.520999Z</time>
  </trkpt>
  <trkpt lat="54.80195" lon="25.31640167">
    <ele>155</ele>
    <time>2020-09-07T22:02:15.520999Z</time>
  </trkpt>
  <trkpt lat="54.80193167" lon="25.31643667">
    <ele>155</ele>
    <time>2020-09-07T22:02:16.519999Z</time>
  </trkpt>
  <trkpt lat="54.80191167" lon="25.31647">
    <ele>155</ele>
    <time>2020-09-07T22:02:17.520999Z</time>
  </trkpt>
  <trkpt lat="54.80189" lon="25.316505">
    <ele>155</ele>
    <time>2020-09-07T22:02:18.520999Z</time>
  </trkpt>
  <trkpt lat="54.80186667" lon="25.31653167">
    <ele>155</ele>
    <time>2020-09-07T22:02:19.520999Z</time>
  </trkpt>
  <trkpt lat="54.80184333" lon="25.31655833">
    <ele>156</ele>
    <time>2020-09-07T22:02:20.520999Z</time>
  </trkpt>
  <trkpt lat="54.80181833" lon="25.31658">
    <ele>156</ele>
    <time>2020-09-07T22:02:21.519999Z</time>
  </trkpt>
  <trkpt lat="54.80179333" lon="25.31660333">
    <ele>156</ele>
    <time>2020-09-07T22:02:22.520999Z</time>
  </trkpt>
  <trkpt lat="54.80176667" lon="25.31662667">
    <ele>156</ele>
    <time>2020-09-07T22:02:23.520999Z</time>
  </trkpt>
  <trkpt lat="54.80174167" lon="25.31665333">
    <ele>156</ele>
    <time>2020-09-07T22:02:24.520999Z</time>
  </trkpt>
  <trkpt lat="54.80171833" lon="25.31667833">
    <ele>157</ele>
    <time>2020-09-07T22:02:25.519999Z</time>
  </trkpt>
  <trkpt lat="54.80169333" lon="25.31670167">
    <ele>157</ele>
    <time>2020-09-07T22:02:26.520999Z</time>
  </trkpt>
  <trkpt lat="54.80166833" lon="25.31672833">
    <ele>157</ele>
    <time>2020-09-07T22:02:27.520999Z</time>
  </trkpt>
  <trkpt lat="54.80164333" lon="25.31675167">
    <ele>156</ele>
    <time>2020-09-07T22:02:28.520999Z</time>
  </trkpt>
  <trkpt lat="54.801615" lon="25.31677667">
    <ele>156</ele>
    <time>2020-09-07T22:02:29.520999Z</time>
  </trkpt>
  <trkpt lat="54.80159667" lon="25.31679333">
    <ele>156</ele>
    <time>2020-09-07T22:02:30.519999Z</time>
  </trkpt>
  <trkpt lat="54.80157167" lon="25.316815">
    <ele>156</ele>
    <time>2020-09-07T22:02:31.519999Z</time>
  </trkpt>
  <trkpt lat="54.801545" lon="25.31683833">
    <ele>156</ele>
    <time>2020-09-07T22:02:32.519999Z</time>
  </trkpt>
  <trkpt lat="54.80152" lon="25.316865">
    <ele>156</ele>
    <time>2020-09-07T22:02:33.519999Z</time>
  </trkpt>
  <trkpt lat="54.801495" lon="25.31688833">
    <ele>156</ele>
    <time>2020-09-07T22:02:34.519999Z</time>
  </trkpt>
  <trkpt lat="54.80147167" lon="25.31691">
    <ele>156</ele>
    <time>2020-09-07T22:02:35.519999Z</time>
  </trkpt>
  <trkpt lat="54.801445" lon="25.31693167">
    <ele>156</ele>
    <time>2020-09-07T22:02:36.520999Z</time>
  </trkpt>
  <trkpt lat="54.80141833" lon="25.31695167">
    <ele>156</ele>
    <time>2020-09-07T22:02:37.520999Z</time>
  </trkpt>
  <trkpt lat="54.80139333" lon="25.31697333">
    <ele>157</ele>
    <time>2020-09-07T22:02:38.519999Z</time>
  </trkpt>
  <trkpt lat="54.80136833" lon="25.31699333">
    <ele>156</ele>
    <time>2020-09-07T22:02:39.520999Z</time>
  </trkpt>
  <trkpt lat="54.80134333" lon="25.31701333">
    <ele>156</ele>
    <time>2020-09-07T22:02:40.520999Z</time>
  </trkpt>
  <trkpt lat="54.80132" lon="25.31703333">
    <ele>156</ele>
    <time>2020-09-07T22:02:41.520999Z</time>
  </trkpt>
  <trkpt lat="54.80129333" lon="25.31705">
    <ele>155</ele>
    <time>2020-09-07T22:02:42.519999Z</time>
  </trkpt>
  <trkpt lat="54.80127" lon="25.317065">
    <ele>155</ele>
    <time>2020-09-07T22:02:43.520999Z</time>
  </trkpt>
  <trkpt lat="54.801245" lon="25.31708">
    <ele>155</ele>
    <time>2020-09-07T22:02:44.520999Z</time>
  </trkpt>
  <trkpt lat="54.80122833" lon="25.31709667">
    <ele>154</ele>
    <time>2020-09-07T22:02:45.520999Z</time>
  </trkpt>
  <trkpt lat="54.80120833" lon="25.31711833">
    <ele>154</ele>
    <time>2020-09-07T22:02:46.520999Z</time>
  </trkpt>
  <trkpt lat="54.80118667" lon="25.31713833">
    <ele>154</ele>
    <time>2020-09-07T22:02:47.519999Z</time>
  </trkpt>
  <trkpt lat="54.80116167" lon="25.31717167">
    <ele>154</ele>
    <time>2020-09-07T22:02:48.520999Z</time>
  </trkpt>
  <trkpt lat="54.80114167" lon="25.31719333">
    <ele>154</ele>
    <time>2020-09-07T22:02:49.520999Z</time>
  </trkpt>
  <trkpt lat="54.80112833" lon="25.31721">
    <ele>154</ele>
    <time>2020-09-07T22:02:50.520999Z</time>
  </trkpt>
  <trkpt lat="54.80111667" lon="25.31721833">
    <ele>154</ele>
    <time>2020-09-07T22:02:51.519999Z</time>
  </trkpt>
  <trkpt lat="54.8011" lon="25.31722333">
    <ele>154</ele>
    <time>2020-09-07T22:02:52.520999Z</time>
  </trkpt>
  <trkpt lat="54.80108667" lon="25.31723">
    <ele>154</ele>
    <time>2020-09-07T22:02:53.520999Z</time>
  </trkpt>
  <trkpt lat="54.80107" lon="25.31724">
    <ele>155</ele>
    <time>2020-09-07T22:02:54.520999Z</time>
  </trkpt>
  <trkpt lat="54.801055" lon="25.317245">
    <ele>155</ele>
    <time>2020-09-07T22:02:55.519999Z</time>
  </trkpt>
  <trkpt lat="54.80104" lon="25.31725333">
    <ele>155</ele>
    <time>2020-09-07T22:02:56.520999Z</time>
  </trkpt>
  <trkpt lat="54.801025" lon="25.317265">
    <ele>155</ele>
    <time>2020-09-07T22:02:57.520999Z</time>
  </trkpt>
  <trkpt lat="54.80101167" lon="25.31727667">
    <ele>156</ele>
    <time>2020-09-07T22:02:58.520999Z</time>
  </trkpt>
  <trkpt lat="54.80098833" lon="25.31730833">
    <ele>156</ele>
    <time>2020-09-07T22:02:59.520999Z</time>
  </trkpt>
  <trkpt lat="54.80096" lon="25.31734">
    <ele>156</ele>
    <time>2020-09-07T22:03:00.519999Z</time>
  </trkpt>
  <trkpt lat="54.80093333" lon="25.31735333">
    <ele>157</ele>
    <time>2020-09-07T22:03:01.520999Z</time>
  </trkpt>
  <trkpt lat="54.80091667" lon="25.31736833">
    <ele>157</ele>
    <time>2020-09-07T22:03:02.520999Z</time>
  </trkpt>
  <trkpt lat="54.8009" lon="25.31738833">
    <ele>158</ele>
    <time>2020-09-07T22:03:03.520999Z</time>
  </trkpt>
  <trkpt lat="54.80089167" lon="25.31741167">
    <ele>158</ele>
    <time>2020-09-07T22:03:04.519999Z</time>
  </trkpt>
  <trkpt lat="54.80087167" lon="25.31743333">
    <ele>158</ele>
    <time>2020-09-07T22:03:05.520999Z</time>
  </trkpt>
  <trkpt lat="54.80084333" lon="25.31745833">
    <ele>158</ele>
    <time>2020-09-07T22:03:06.520999Z</time>
  </trkpt>
  <trkpt lat="54.80082333" lon="25.317475">
    <ele>159</ele>
    <time>2020-09-07T22:03:07.520999Z</time>
  </trkpt>
  <trkpt lat="54.80080333" lon="25.31748833">
    <ele>159</ele>
    <time>2020-09-07T22:03:08.520999Z</time>
  </trkpt>
  <trkpt lat="54.800775" lon="25.317495">
    <ele>159</ele>
    <time>2020-09-07T22:03:09.519999Z</time>
  </trkpt>
  <trkpt lat="54.80075" lon="25.3175">
    <ele>159</ele>
    <time>2020-09-07T22:03:10.520999Z</time>
  </trkpt>
  <trkpt lat="54.80072833" lon="25.31750333">
    <ele>160</ele>
    <time>2020-09-07T22:03:11.520999Z</time>
  </trkpt>
  <trkpt lat="54.80071" lon="25.31751667">
    <ele>160</ele>
    <time>2020-09-07T22:03:12.520999Z</time>
  </trkpt>
  <trkpt lat="54.80069167" lon="25.31753333">
    <ele>160</ele>
    <time>2020-09-07T22:03:13.520999Z</time>
  </trkpt>
  <trkpt lat="54.800675" lon="25.31755">
    <ele>161</ele>
    <time>2020-09-07T22:03:14.519999Z</time>
  </trkpt>
  <trkpt lat="54.80065667" lon="25.31756333">
    <ele>161</ele>
    <time>2020-09-07T22:03:15.520999Z</time>
  </trkpt>
  <trkpt lat="54.80064333" lon="25.31756833">
    <ele>161</ele>
    <time>2020-09-07T22:03:16.520999Z</time>
  </trkpt>
  <trkpt lat="54.80062833" lon="25.31757667">
    <ele>161</ele>
    <time>2020-09-07T22:03:17.520999Z</time>
  </trkpt>
  <trkpt lat="54.80061167" lon="25.31758667">
    <ele>161</ele>
    <time>2020-09-07T22:03:18.519999Z</time>
  </trkpt>
  <trkpt lat="54.80059167" lon="25.31759833">
    <ele>161</ele>
    <time>2020-09-07T22:03:19.520999Z</time>
  </trkpt>
  <trkpt lat="54.80057333" lon="25.31761">
    <ele>160</ele>
    <time>2020-09-07T22:03:20.520999Z</time>
  </trkpt>
  <trkpt lat="54.80055" lon="25.31762333">
    <ele>161</ele>
    <time>2020-09-07T22:03:21.520999Z</time>
  </trkpt>
  <trkpt lat="54.80052167" lon="25.31763167">
    <ele>161</ele>
    <time>2020-09-07T22:03:22.520999Z</time>
  </trkpt>
  <trkpt lat="54.80049667" lon="25.31764833">
    <ele>161</ele>
    <time>2020-09-07T22:03:23.519999Z</time>
  </trkpt>
  <trkpt lat="54.80047333" lon="25.317655">
    <ele>160</ele>
    <time>2020-09-07T22:03:24.520999Z</time>
  </trkpt>
  <trkpt lat="54.80044833" lon="25.31766667">
    <ele>160</ele>
    <time>2020-09-07T22:03:25.520999Z</time>
  </trkpt>
  <trkpt lat="54.80042" lon="25.31768833">
    <ele>160</ele>
    <time>2020-09-07T22:03:26.519999Z</time>
  </trkpt>
  <trkpt lat="54.80038667" lon="25.31772">
    <ele>160</ele>
    <time>2020-09-07T22:03:27.520999Z</time>
  </trkpt>
  <trkpt lat="54.80037167" lon="25.31773">
    <ele>160</ele>
    <time>2020-09-07T22:03:28.519999Z</time>
  </trkpt>
  <trkpt lat="54.800355" lon="25.317745">
    <ele>160</ele>
    <time>2020-09-07T22:03:29.520999Z</time>
  </trkpt>
  <trkpt lat="54.80033833" lon="25.31776333">
    <ele>160</ele>
    <time>2020-09-07T22:03:30.520999Z</time>
  </trkpt>
  <trkpt lat="54.80030833" lon="25.31779667">
    <ele>160</ele>
    <time>2020-09-07T22:03:31.520999Z</time>
  </trkpt>
  <trkpt lat="54.80028333" lon="25.31781667">
    <ele>160</ele>
    <time>2020-09-07T22:03:32.520999Z</time>
  </trkpt>
  <trkpt lat="54.80025333" lon="25.31783167">
    <ele>160</ele>
    <time>2020-09-07T22:03:33.519999Z</time>
  </trkpt>
  <trkpt lat="54.80022333" lon="25.317845">
    <ele>160</ele>
    <time>2020-09-07T22:03:34.520999Z</time>
  </trkpt>
  <trkpt lat="54.80019" lon="25.31786333">
    <ele>160</ele>
    <time>2020-09-07T22:03:35.520999Z</time>
  </trkpt>
  <trkpt lat="54.80016667" lon="25.31788333">
    <ele>159</ele>
    <time>2020-09-07T22:03:36.520999Z</time>
  </trkpt>
  <trkpt lat="54.80014333" lon="25.31789833">
    <ele>159</ele>
    <time>2020-09-07T22:03:37.519999Z</time>
  </trkpt>
  <trkpt lat="54.80012333" lon="25.31792">
    <ele>159</ele>
    <time>2020-09-07T22:03:38.519999Z</time>
  </trkpt>
  <trkpt lat="54.80010833" lon="25.31794">
    <ele>159</ele>
    <time>2020-09-07T22:03:39.519999Z</time>
  </trkpt>
  <trkpt lat="54.80010167" lon="25.31795">
    <ele>159</ele>
    <time>2020-09-07T22:03:40.520999Z</time>
  </trkpt>
  <trkpt lat="54.80009333" lon="25.317975">
    <ele>159</ele>
    <time>2020-09-07T22:03:41.520999Z</time>
  </trkpt>
  <trkpt lat="54.80008167" lon="25.318005">
    <ele>159</ele>
    <time>2020-09-07T22:03:42.520999Z</time>
  </trkpt>
  <trkpt lat="54.80006833" lon="25.31803167">
    <ele>159</ele>
    <time>2020-09-07T22:03:43.520999Z</time>
  </trkpt>
  <trkpt lat="54.800055" lon="25.31805167">
    <ele>159</ele>
    <time>2020-09-07T22:03:44.519999Z</time>
  </trkpt>
  <trkpt lat="54.80003833" lon="25.31808167">
    <ele>160</ele>
    <time>2020-09-07T22:03:45.520999Z</time>
  </trkpt>
  <trkpt lat="54.80002333" lon="25.31811333">
    <ele>160</ele>
    <time>2020-09-07T22:03:46.520999Z</time>
  </trkpt>
  <trkpt lat="54.80000667" lon="25.31815333">
    <ele>160</ele>
    <time>2020-09-07T22:03:47.520999Z</time>
  </trkpt>
  <trkpt lat="54.79998833" lon="25.31819">
    <ele>160</ele>
    <time>2020-09-07T22:03:48.519999Z</time>
  </trkpt>
  <trkpt lat="54.79997167" lon="25.318225">
    <ele>160</ele>
    <time>2020-09-07T22:03:49.520999Z</time>
  </trkpt>
  <trkpt lat="54.79995333" lon="25.31825333">
    <ele>160</ele>
    <time>2020-09-07T22:03:50.519999Z</time>
  </trkpt>
  <trkpt lat="54.79993667" lon="25.318285">
    <ele>160</ele>
    <time>2020-09-07T22:03:51.520999Z</time>
  </trkpt>
  <trkpt lat="54.79992" lon="25.31832167">
    <ele>160</ele>
    <time>2020-09-07T22:03:52.520999Z</time>
  </trkpt>
  <trkpt lat="54.79990167" lon="25.31836667">
    <ele>160</ele>
    <time>2020-09-07T22:03:53.519999Z</time>
  </trkpt>
  <trkpt lat="54.79988167" lon="25.31842">
    <ele>160</ele>
    <time>2020-09-07T22:03:54.519999Z</time>
  </trkpt>
  <trkpt lat="54.79985667" lon="25.31847167">
    <ele>160</ele>
    <time>2020-09-07T22:03:55.520999Z</time>
  </trkpt>
  <trkpt lat="54.79983333" lon="25.31851">
    <ele>161</ele>
    <time>2020-09-07T22:03:56.520999Z</time>
  </trkpt>
  <trkpt lat="54.79982" lon="25.318545">
    <ele>161</ele>
    <time>2020-09-07T22:03:57.520999Z</time>
  </trkpt>
  <trkpt lat="54.79980333" lon="25.31859667">
    <ele>161</ele>
    <time>2020-09-07T22:03:58.519999Z</time>
  </trkpt>
  <trkpt lat="54.79979333" lon="25.31863833">
    <ele>161</ele>
    <time>2020-09-07T22:03:59.520999Z</time>
  </trkpt>
  <trkpt lat="54.79978333" lon="25.318675">
    <ele>160</ele>
    <time>2020-09-07T22:04:00.520999Z</time>
  </trkpt>
  <trkpt lat="54.799775" lon="25.318715">
    <ele>160</ele>
    <time>2020-09-07T22:04:01.520999Z</time>
  </trkpt>
  <trkpt lat="54.79976667" lon="25.31875667">
    <ele>160</ele>
    <time>2020-09-07T22:04:02.520999Z</time>
  </trkpt>
  <trkpt lat="54.79975833" lon="25.31880167">
    <ele>160</ele>
    <time>2020-09-07T22:04:03.519999Z</time>
  </trkpt>
  <trkpt lat="54.79975167" lon="25.31884667">
    <ele>160</ele>
    <time>2020-09-07T22:04:04.520999Z</time>
  </trkpt>
  <trkpt lat="54.79974667" lon="25.318885">
    <ele>160</ele>
    <time>2020-09-07T22:04:05.520999Z</time>
  </trkpt>
  <trkpt lat="54.79974" lon="25.31892667">
    <ele>160</ele>
    <time>2020-09-07T22:04:06.520999Z</time>
  </trkpt>
  <trkpt lat="54.79973" lon="25.318965">
    <ele>160</ele>
    <time>2020-09-07T22:04:07.520999Z</time>
  </trkpt>
  <trkpt lat="54.79971833" lon="25.319005">
    <ele>160</ele>
    <time>2020-09-07T22:04:08.520999Z</time>
  </trkpt>
  <trkpt lat="54.799705" lon="25.31904167">
    <ele>160</ele>
    <time>2020-09-07T22:04:09.520999Z</time>
  </trkpt>
  <trkpt lat="54.79969167" lon="25.31908">
    <ele>160</ele>
    <time>2020-09-07T22:04:10.519999Z</time>
  </trkpt>
  <trkpt lat="54.79967333" lon="25.319135">
    <ele>160</ele>
    <time>2020-09-07T22:04:11.520999Z</time>
  </trkpt>
  <trkpt lat="54.79965" lon="25.319195">
    <ele>160</ele>
    <time>2020-09-07T22:04:12.519999Z</time>
  </trkpt>
  <trkpt lat="54.79963333" lon="25.31923167">
    <ele>160</ele>
    <time>2020-09-07T22:04:13.520999Z</time>
  </trkpt>
  <trkpt lat="54.79961167" lon="25.319265">
    <ele>161</ele>
    <time>2020-09-07T22:04:14.520999Z</time>
  </trkpt>
  <trkpt lat="54.79959333" lon="25.3193">
    <ele>161</ele>
    <time>2020-09-07T22:04:15.520999Z</time>
  </trkpt>
  <trkpt lat="54.79957167" lon="25.31933833">
    <ele>161</ele>
    <time>2020-09-07T22:04:16.520999Z</time>
  </trkpt>
  <trkpt lat="54.79955167" lon="25.31937">
    <ele>161</ele>
    <time>2020-09-07T22:04:17.520999Z</time>
  </trkpt>
  <trkpt lat="54.79953167" lon="25.319405">
    <ele>161</ele>
    <time>2020-09-07T22:04:18.520999Z</time>
  </trkpt>
  <trkpt lat="54.79951333" lon="25.319445">
    <ele>161</ele>
    <time>2020-09-07T22:04:19.520999Z</time>
  </trkpt>
  <trkpt lat="54.79950167" lon="25.31947667">
    <ele>161</ele>
    <time>2020-09-07T22:04:20.520999Z</time>
  </trkpt>
  <trkpt lat="54.79949167" lon="25.319515">
    <ele>161</ele>
    <time>2020-09-07T22:04:21.520999Z</time>
  </trkpt>
  <trkpt lat="54.79948" lon="25.31955667">
    <ele>161</ele>
    <time>2020-09-07T22:04:22.520999Z</time>
  </trkpt>
  <trkpt lat="54.79947167" lon="25.31960333">
    <ele>161</ele>
    <time>2020-09-07T22:04:23.519999Z</time>
  </trkpt>
  <trkpt lat="54.79946333" lon="25.319635">
    <ele>160</ele>
    <time>2020-09-07T22:04:24.520999Z</time>
  </trkpt>
  <trkpt lat="54.79945333" lon="25.31967">
    <ele>160</ele>
    <time>2020-09-07T22:04:25.519999Z</time>
  </trkpt>
  <trkpt lat="54.79944667" lon="25.31970167">
    <ele>160</ele>
    <time>2020-09-07T22:04:26.520999Z</time>
  </trkpt>
  <trkpt lat="54.79943667" lon="25.31973333">
    <ele>160</ele>
    <time>2020-09-07T22:04:27.520999Z</time>
  </trkpt>
  <trkpt lat="54.799425" lon="25.31977833">
    <ele>160</ele>
    <time>2020-09-07T22:04:28.520999Z</time>
  </trkpt>
  <trkpt lat="54.79942" lon="25.31980667">
    <ele>160</ele>
    <time>2020-09-07T22:04:29.520999Z</time>
  </trkpt>
  <trkpt lat="54.79941333" lon="25.31984167">
    <ele>160</ele>
    <time>2020-09-07T22:04:30.519999Z</time>
  </trkpt>
  <trkpt lat="54.79940333" lon="25.31987833">
    <ele>160</ele>
    <time>2020-09-07T22:04:31.520999Z</time>
  </trkpt>
  <trkpt lat="54.79939333" lon="25.31990833">
    <ele>160</ele>
    <time>2020-09-07T22:04:32.519999Z</time>
  </trkpt>
  <trkpt lat="54.79938" lon="25.31994">
    <ele>159</ele>
    <time>2020-09-07T22:04:33.519999Z</time>
  </trkpt>
  <trkpt lat="54.79936667" lon="25.319975">
    <ele>159</ele>
    <time>2020-09-07T22:04:34.520999Z</time>
  </trkpt>
  <trkpt lat="54.79934833" lon="25.32001">
    <ele>158</ele>
    <time>2020-09-07T22:04:35.519999Z</time>
  </trkpt>
  <trkpt lat="54.79933333" lon="25.32004667">
    <ele>158</ele>
    <time>2020-09-07T22:04:36.520999Z</time>
  </trkpt>
  <trkpt lat="54.79931833" lon="25.320085">
    <ele>158</ele>
    <time>2020-09-07T22:04:37.520999Z</time>
  </trkpt>
  <trkpt lat="54.79930667" lon="25.32012167">
    <ele>158</ele>
    <time>2020-09-07T22:04:38.520999Z</time>
  </trkpt>
  <trkpt lat="54.79929833" lon="25.320155">
    <ele>157</ele>
    <time>2020-09-07T22:04:39.519999Z</time>
  </trkpt>
  <trkpt lat="54.799285" lon="25.32018667">
    <ele>157</ele>
    <time>2020-09-07T22:04:40.519999Z</time>
  </trkpt>
  <trkpt lat="54.799265" lon="25.32022667">
    <ele>156</ele>
    <time>2020-09-07T22:04:41.520999Z</time>
  </trkpt>
  <trkpt lat="54.799245" lon="25.32026667">
    <ele>155</ele>
    <time>2020-09-07T22:04:42.520999Z</time>
  </trkpt>
  <trkpt lat="54.79923167" lon="25.32030833">
    <ele>155</ele>
    <time>2020-09-07T22:04:43.519999Z</time>
  </trkpt>
  <trkpt lat="54.799215" lon="25.32036333">
    <ele>154</ele>
    <time>2020-09-07T22:04:44.520999Z</time>
  </trkpt>
  <trkpt lat="54.7992" lon="25.32041333">
    <ele>154</ele>
    <time>2020-09-07T22:04:45.519999Z</time>
  </trkpt>
  <trkpt lat="54.79919" lon="25.320455">
    <ele>153</ele>
    <time>2020-09-07T22:04:46.520999Z</time>
  </trkpt>
  <trkpt lat="54.79918" lon="25.320485">
    <ele>153</ele>
    <time>2020-09-07T22:04:47.520999Z</time>
  </trkpt>
  <trkpt lat="54.79917167" lon="25.320525">
    <ele>153</ele>
    <time>2020-09-07T22:04:48.520999Z</time>
  </trkpt>
  <trkpt lat="54.79916" lon="25.32055667">
    <ele>153</ele>
    <time>2020-09-07T22:04:49.520999Z</time>
  </trkpt>
  <trkpt lat="54.79914833" lon="25.32058667">
    <ele>154</ele>
    <time>2020-09-07T22:04:50.520999Z</time>
  </trkpt>
  <trkpt lat="54.79913833" lon="25.32061667">
    <ele>153</ele>
    <time>2020-09-07T22:04:51.520999Z</time>
  </trkpt>
  <trkpt lat="54.79912333" lon="25.32065333">
    <ele>153</ele>
    <time>2020-09-07T22:04:52.519999Z</time>
  </trkpt>
  <trkpt lat="54.79911333" lon="25.32068333">
    <ele>153</ele>
    <time>2020-09-07T22:04:53.520999Z</time>
  </trkpt>
  <trkpt lat="54.79910167" lon="25.32071833">
    <ele>153</ele>
    <time>2020-09-07T22:04:54.519999Z</time>
  </trkpt>
  <trkpt lat="54.79909667" lon="25.320735">
    <ele>153</ele>
    <time>2020-09-07T22:04:55.519999Z</time>
  </trkpt>
  <trkpt lat="54.79909167" lon="25.32076167">
    <ele>154</ele>
    <time>2020-09-07T22:04:56.520999Z</time>
  </trkpt>
  <trkpt lat="54.79908" lon="25.320795">
    <ele>154</ele>
    <time>2020-09-07T22:04:57.520999Z</time>
  </trkpt>
  <trkpt lat="54.79906667" lon="25.32083333">
    <ele>154</ele>
    <time>2020-09-07T22:04:58.520999Z</time>
  </trkpt>
  <trkpt lat="54.799055" lon="25.32088167">
    <ele>155</ele>
    <time>2020-09-07T22:04:59.520999Z</time>
  </trkpt>
  <trkpt lat="54.79904667" lon="25.32091333">
    <ele>155</ele>
    <time>2020-09-07T22:05:00.519999Z</time>
  </trkpt>
  <trkpt lat="54.79903833" lon="25.32095667">
    <ele>155</ele>
    <time>2020-09-07T22:05:01.520999Z</time>
  </trkpt>
  <trkpt lat="54.79902833" lon="25.32100167">
    <ele>155</ele>
    <time>2020-09-07T22:05:02.520999Z</time>
  </trkpt>
  <trkpt lat="54.79901667" lon="25.32105333">
    <ele>156</ele>
    <time>2020-09-07T22:05:03.520999Z</time>
  </trkpt>
  <trkpt lat="54.799005" lon="25.32109167">
    <ele>156</ele>
    <time>2020-09-07T22:05:04.520999Z</time>
  </trkpt>
  <trkpt lat="54.79899" lon="25.32113">
    <ele>156</ele>
    <time>2020-09-07T22:05:05.519999Z</time>
  </trkpt>
  <trkpt lat="54.798975" lon="25.32116167">
    <ele>157</ele>
    <time>2020-09-07T22:05:06.520999Z</time>
  </trkpt>
  <trkpt lat="54.79895667" lon="25.32120833">
    <ele>157</ele>
    <time>2020-09-07T22:05:07.519999Z</time>
  </trkpt>
  <trkpt lat="54.79894" lon="25.32125333">
    <ele>157</ele>
    <time>2020-09-07T22:05:08.520999Z</time>
  </trkpt>
  <trkpt lat="54.79892333" lon="25.32130167">
    <ele>158</ele>
    <time>2020-09-07T22:05:09.520999Z</time>
  </trkpt>
  <trkpt lat="54.798905" lon="25.32134667">
    <ele>158</ele>
    <time>2020-09-07T22:05:10.519999Z</time>
  </trkpt>
  <trkpt lat="54.79888833" lon="25.32138667">
    <ele>158</ele>
    <time>2020-09-07T22:05:11.519999Z</time>
  </trkpt>
  <trkpt lat="54.79887167" lon="25.321435">
    <ele>159</ele>
    <time>2020-09-07T22:05:12.520999Z</time>
  </trkpt>
  <trkpt lat="54.79886833" lon="25.32147167">
    <ele>159</ele>
    <time>2020-09-07T22:05:13.520999Z</time>
  </trkpt>
  <trkpt lat="54.79886333" lon="25.32150833">
    <ele>159</ele>
    <time>2020-09-07T22:05:14.520999Z</time>
  </trkpt>
  <trkpt lat="54.79886167" lon="25.321545">
    <ele>159</ele>
    <time>2020-09-07T22:05:15.520999Z</time>
  </trkpt>
  <trkpt lat="54.79886333" lon="25.32158833">
    <ele>160</ele>
    <time>2020-09-07T22:05:16.520999Z</time>
  </trkpt>
  <trkpt lat="54.79886167" lon="25.32163667">
    <ele>160</ele>
    <time>2020-09-07T22:05:17.519999Z</time>
  </trkpt>
  <trkpt lat="54.79885333" lon="25.32169333">
    <ele>160</ele>
    <time>2020-09-07T22:05:18.520999Z</time>
  </trkpt>
  <trkpt lat="54.79884333" lon="25.32174167">
    <ele>160</ele>
    <time>2020-09-07T22:05:19.520999Z</time>
  </trkpt>
  <trkpt lat="54.79883667" lon="25.321785">
    <ele>160</ele>
    <time>2020-09-07T22:05:20.520999Z</time>
  </trkpt>
  <trkpt lat="54.79883" lon="25.321825">
    <ele>161</ele>
    <time>2020-09-07T22:05:21.520999Z</time>
  </trkpt>
  <trkpt lat="54.79882833" lon="25.32185667">
    <ele>161</ele>
    <time>2020-09-07T22:05:22.519999Z</time>
  </trkpt>
  <trkpt lat="54.798825" lon="25.32189333">
    <ele>161</ele>
    <time>2020-09-07T22:05:23.519999Z</time>
  </trkpt>
  <trkpt lat="54.79882333" lon="25.321935">
    <ele>161</ele>
    <time>2020-09-07T22:05:24.520999Z</time>
  </trkpt>
  <trkpt lat="54.79882333" lon="25.32198167">
    <ele>161</ele>
    <time>2020-09-07T22:05:25.520999Z</time>
  </trkpt>
  <trkpt lat="54.79882" lon="25.322025">
    <ele>161</ele>
    <time>2020-09-07T22:05:26.520999Z</time>
  </trkpt>
  <trkpt lat="54.798815" lon="25.32205667">
    <ele>161</ele>
    <time>2020-09-07T22:05:27.520999Z</time>
  </trkpt>
  <trkpt lat="54.79881333" lon="25.322085">
    <ele>161</ele>
    <time>2020-09-07T22:05:28.519999Z</time>
  </trkpt>
  <trkpt lat="54.79881167" lon="25.32212833">
    <ele>161</ele>
    <time>2020-09-07T22:05:29.520999Z</time>
  </trkpt>
  <trkpt lat="54.79880833" lon="25.32217333">
    <ele>161</ele>
    <time>2020-09-07T22:05:30.520999Z</time>
  </trkpt>
  <trkpt lat="54.79880167" lon="25.32221333">
    <ele>161</ele>
    <time>2020-09-07T22:05:31.520999Z</time>
  </trkpt>
  <trkpt lat="54.79879667" lon="25.32225167">
    <ele>161</ele>
    <time>2020-09-07T22:05:32.519999Z</time>
  </trkpt>
  <trkpt lat="54.79879" lon="25.32229">
    <ele>161</ele>
    <time>2020-09-07T22:05:33.520999Z</time>
  </trkpt>
  <trkpt lat="54.798785" lon="25.32232667">
    <ele>161</ele>
    <time>2020-09-07T22:05:34.520999Z</time>
  </trkpt>
  <trkpt lat="54.79878667" lon="25.32236833">
    <ele>161</ele>
    <time>2020-09-07T22:05:35.519999Z</time>
  </trkpt>
  <trkpt lat="54.79879167" lon="25.32241833">
    <ele>161</ele>
    <time>2020-09-07T22:05:36.520999Z</time>
  </trkpt>
  <trkpt lat="54.79879333" lon="25.32247">
    <ele>161</ele>
    <time>2020-09-07T22:05:37.520999Z</time>
  </trkpt>
  <trkpt lat="54.79879" lon="25.322515">
    <ele>161</ele>
    <time>2020-09-07T22:05:38.520999Z</time>
  </trkpt>
  <trkpt lat="54.79878667" lon="25.32256">
    <ele>161</ele>
    <time>2020-09-07T22:05:39.520999Z</time>
  </trkpt>
  <trkpt lat="54.798785" lon="25.32262167">
    <ele>161</ele>
    <time>2020-09-07T22:05:40.520999Z</time>
  </trkpt>
  <trkpt lat="54.79878667" lon="25.322685">
    <ele>161</ele>
    <time>2020-09-07T22:05:41.519999Z</time>
  </trkpt>
  <trkpt lat="54.79878167" lon="25.32274167">
    <ele>161</ele>
    <time>2020-09-07T22:05:42.520999Z</time>
  </trkpt>
  <trkpt lat="54.79877667" lon="25.3228">
    <ele>161</ele>
    <time>2020-09-07T22:05:43.520999Z</time>
  </trkpt>
  <trkpt lat="54.79877" lon="25.32283833">
    <ele>161</ele>
    <time>2020-09-07T22:05:44.520999Z</time>
  </trkpt>
  <trkpt lat="54.798765" lon="25.32289333">
    <ele>161</ele>
    <time>2020-09-07T22:05:45.519999Z</time>
  </trkpt>
  <trkpt lat="54.798765" lon="25.32293667">
    <ele>161</ele>
    <time>2020-09-07T22:05:46.519999Z</time>
  </trkpt>
  <trkpt lat="54.79876167" lon="25.32298833">
    <ele>160</ele>
    <time>2020-09-07T22:05:47.520999Z</time>
  </trkpt>
  <trkpt lat="54.79876" lon="25.32303833">
    <ele>160</ele>
    <time>2020-09-07T22:05:48.520999Z</time>
  </trkpt>
  <trkpt lat="54.79876167" lon="25.32308833">
    <ele>160</ele>
    <time>2020-09-07T22:05:49.520999Z</time>
  </trkpt>
  <trkpt lat="54.79875667" lon="25.32312167">
    <ele>160</ele>
    <time>2020-09-07T22:05:50.520999Z</time>
  </trkpt>
  <trkpt lat="54.79875167" lon="25.32315833">
    <ele>159</ele>
    <time>2020-09-07T22:05:51.519999Z</time>
  </trkpt>
  <trkpt lat="54.79874833" lon="25.323195">
    <ele>159</ele>
    <time>2020-09-07T22:05:52.520999Z</time>
  </trkpt>
  <trkpt lat="54.79875167" lon="25.32323833">
    <ele>158</ele>
    <time>2020-09-07T22:05:53.519999Z</time>
  </trkpt>
  <trkpt lat="54.79875833" lon="25.32328167">
    <ele>158</ele>
    <time>2020-09-07T22:05:54.520999Z</time>
  </trkpt>
  <trkpt lat="54.79877167" lon="25.32331833">
    <ele>158</ele>
    <time>2020-09-07T22:05:55.520999Z</time>
  </trkpt>
  <trkpt lat="54.79877833" lon="25.323355">
    <ele>157</ele>
    <time>2020-09-07T22:05:56.520999Z</time>
  </trkpt>
  <trkpt lat="54.79878667" lon="25.32338833">
    <ele>157</ele>
    <time>2020-09-07T22:05:57.520999Z</time>
  </trkpt>
  <trkpt lat="54.79879333" lon="25.32342833">
    <ele>157</ele>
    <time>2020-09-07T22:05:58.519999Z</time>
  </trkpt>
  <trkpt lat="54.79880167" lon="25.32347167">
    <ele>156</ele>
    <time>2020-09-07T22:05:59.520999Z</time>
  </trkpt>
  <trkpt lat="54.79880833" lon="25.32351333">
    <ele>156</ele>
    <time>2020-09-07T22:06:00.520999Z</time>
  </trkpt>
  <trkpt lat="54.798815" lon="25.32355333">
    <ele>156</ele>
    <time>2020-09-07T22:06:01.520999Z</time>
  </trkpt>
  <trkpt lat="54.79882" lon="25.3236">
    <ele>156</ele>
    <time>2020-09-07T22:06:02.519999Z</time>
  </trkpt>
  <trkpt lat="54.79882" lon="25.32363667">
    <ele>156</ele>
    <time>2020-09-07T22:06:03.520999Z</time>
  </trkpt>
  <trkpt lat="54.79882167" lon="25.32368333">
    <ele>156</ele>
    <time>2020-09-07T22:06:04.520999Z</time>
  </trkpt>
  <trkpt lat="54.79882333" lon="25.32373333">
    <ele>156</ele>
    <time>2020-09-07T22:06:05.520999Z</time>
  </trkpt>
  <trkpt lat="54.798825" lon="25.32379167">
    <ele>156</ele>
    <time>2020-09-07T22:06:06.520999Z</time>
  </trkpt>
  <trkpt lat="54.79882833" lon="25.32384333">
    <ele>156</ele>
    <time>2020-09-07T22:06:07.519999Z</time>
  </trkpt>
  <trkpt lat="54.79883333" lon="25.32389333">
    <ele>156</ele>
    <time>2020-09-07T22:06:08.520999Z</time>
  </trkpt>
  <trkpt lat="54.79883833" lon="25.323935">
    <ele>156</ele>
    <time>2020-09-07T22:06:09.520999Z</time>
  </trkpt>
  <trkpt lat="54.79884333" lon="25.32397833">
    <ele>156</ele>
    <time>2020-09-07T22:06:10.520999Z</time>
  </trkpt>
  <trkpt lat="54.79884667" lon="25.32402167">
    <ele>156</ele>
    <time>2020-09-07T22:06:11.519999Z</time>
  </trkpt>
  <trkpt lat="54.79885" lon="25.32406667">
    <ele>156</ele>
    <time>2020-09-07T22:06:12.519999Z</time>
  </trkpt>
  <trkpt lat="54.79886" lon="25.324115">
    <ele>156</ele>
    <time>2020-09-07T22:06:13.520999Z</time>
  </trkpt>
  <trkpt lat="54.79886667" lon="25.32415667">
    <ele>156</ele>
    <time>2020-09-07T22:06:14.520999Z</time>
  </trkpt>
  <trkpt lat="54.798875" lon="25.32420833">
    <ele>156</ele>
    <time>2020-09-07T22:06:15.519999Z</time>
  </trkpt>
  <trkpt lat="54.79888667" lon="25.32424167">
    <ele>156</ele>
    <time>2020-09-07T22:06:16.519999Z</time>
  </trkpt>
  <trkpt lat="54.79889833" lon="25.32428167">
    <ele>156</ele>
    <time>2020-09-07T22:06:17.519999Z</time>
  </trkpt>
  <trkpt lat="54.79891333" lon="25.32433167">
    <ele>157</ele>
    <time>2020-09-07T22:06:18.520999Z</time>
  </trkpt>
  <trkpt lat="54.79892" lon="25.32437833">
    <ele>157</ele>
    <time>2020-09-07T22:06:19.520999Z</time>
  </trkpt>
  <trkpt lat="54.79893" lon="25.32442333">
    <ele>157</ele>
    <time>2020-09-07T22:06:20.520999Z</time>
  </trkpt>
  <trkpt lat="54.79893333" lon="25.32448667">
    <ele>157</ele>
    <time>2020-09-07T22:06:21.519999Z</time>
  </trkpt>
  <trkpt lat="54.79893667" lon="25.324545">
    <ele>157</ele>
    <time>2020-09-07T22:06:22.519999Z</time>
  </trkpt>
  <trkpt lat="54.79893667" lon="25.32457333">
    <ele>157</ele>
    <time>2020-09-07T22:06:23.520999Z</time>
  </trkpt>
  <trkpt lat="54.79893667" lon="25.32460667">
    <ele>157</ele>
    <time>2020-09-07T22:06:24.520999Z</time>
  </trkpt>
  <trkpt lat="54.79893333" lon="25.32464333">
    <ele>156</ele>
    <time>2020-09-07T22:06:25.520999Z</time>
  </trkpt>
  <trkpt lat="54.79892833" lon="25.324685">
    <ele>156</ele>
    <time>2020-09-07T22:06:26.520999Z</time>
  </trkpt>
  <trkpt lat="54.79892167" lon="25.32473333">
    <ele>156</ele>
    <time>2020-09-07T22:06:27.520999Z</time>
  </trkpt>
  <trkpt lat="54.79891167" lon="25.324785">
    <ele>156</ele>
    <time>2020-09-07T22:06:28.520999Z</time>
  </trkpt>
  <trkpt lat="54.7989" lon="25.32483833">
    <ele>156</ele>
    <time>2020-09-07T22:06:29.519999Z</time>
  </trkpt>
  <trkpt lat="54.79889" lon="25.32489">
    <ele>156</ele>
    <time>2020-09-07T22:06:30.520999Z</time>
  </trkpt>
  <trkpt lat="54.79888333" lon="25.324935">
    <ele>156</ele>
    <time>2020-09-07T22:06:31.520999Z</time>
  </trkpt>
  <trkpt lat="54.79888" lon="25.32497667">
    <ele>155</ele>
    <time>2020-09-07T22:06:32.520999Z</time>
  </trkpt>
  <trkpt lat="54.79887833" lon="25.32502333">
    <ele>155</ele>
    <time>2020-09-07T22:06:33.520999Z</time>
  </trkpt>
  <trkpt lat="54.79887333" lon="25.325065">
    <ele>155</ele>
    <time>2020-09-07T22:06:34.519999Z</time>
  </trkpt>
  <trkpt lat="54.79886667" lon="25.325095">
    <ele>155</ele>
    <time>2020-09-07T22:06:35.520999Z</time>
  </trkpt>
  <trkpt lat="54.79886" lon="25.32513333">
    <ele>155</ele>
    <time>2020-09-07T22:06:36.520999Z</time>
  </trkpt>
  <trkpt lat="54.79885333" lon="25.32517">
    <ele>155</ele>
    <time>2020-09-07T22:06:37.519999Z</time>
  </trkpt>
  <trkpt lat="54.79885" lon="25.32520833">
    <ele>155</ele>
    <time>2020-09-07T22:06:38.519999Z</time>
  </trkpt>
  <trkpt lat="54.79884667" lon="25.32525333">
    <ele>156</ele>
    <time>2020-09-07T22:06:39.520999Z</time>
  </trkpt>
  <trkpt lat="54.79884167" lon="25.3253">
    <ele>156</ele>
    <time>2020-09-07T22:06:40.520999Z</time>
  </trkpt>
  <trkpt lat="54.79884167" lon="25.32534333">
    <ele>156</ele>
    <time>2020-09-07T22:06:41.520999Z</time>
  </trkpt>
  <trkpt lat="54.79883667" lon="25.32539333">
    <ele>156</ele>
    <time>2020-09-07T22:06:42.520999Z</time>
  </trkpt>
  <trkpt lat="54.79883167" lon="25.32545333">
    <ele>156</ele>
    <time>2020-09-07T22:06:43.519999Z</time>
  </trkpt>
  <trkpt lat="54.79882333" lon="25.32551167">
    <ele>155</ele>
    <time>2020-09-07T22:06:44.520999Z</time>
  </trkpt>
  <trkpt lat="54.79881333" lon="25.32555833">
    <ele>155</ele>
    <time>2020-09-07T22:06:45.519999Z</time>
  </trkpt>
  <trkpt lat="54.79880333" lon="25.325605">
    <ele>154</ele>
    <time>2020-09-07T22:06:46.520999Z</time>
  </trkpt>
  <trkpt lat="54.79879333" lon="25.32565167">
    <ele>154</ele>
    <time>2020-09-07T22:06:47.519999Z</time>
  </trkpt>
  <trkpt lat="54.79878167" lon="25.325695">
    <ele>154</ele>
    <time>2020-09-07T22:06:48.520999Z</time>
  </trkpt>
  <trkpt lat="54.79877" lon="25.325735">
    <ele>153</ele>
    <time>2020-09-07T22:06:49.520999Z</time>
  </trkpt>
  <trkpt lat="54.79875667" lon="25.32577333">
    <ele>153</ele>
    <time>2020-09-07T22:06:50.520999Z</time>
  </trkpt>
  <trkpt lat="54.79874333" lon="25.32581333">
    <ele>153</ele>
    <time>2020-09-07T22:06:51.520999Z</time>
  </trkpt>
  <trkpt lat="54.79873167" lon="25.325855">
    <ele>152</ele>
    <time>2020-09-07T22:06:52.520999Z</time>
  </trkpt>
  <trkpt lat="54.79872167" lon="25.32590167">
    <ele>152</ele>
    <time>2020-09-07T22:06:53.520999Z</time>
  </trkpt>
  <trkpt lat="54.798715" lon="25.32594833">
    <ele>152</ele>
    <time>2020-09-07T22:06:54.520999Z</time>
  </trkpt>
  <trkpt lat="54.79871167" lon="25.325995">
    <ele>152</ele>
    <time>2020-09-07T22:06:55.519999Z</time>
  </trkpt>
  <trkpt lat="54.79870833" lon="25.32603833">
    <ele>152</ele>
    <time>2020-09-07T22:06:56.520999Z</time>
  </trkpt>
  <trkpt lat="54.79870833" lon="25.32607">
    <ele>152</ele>
    <time>2020-09-07T22:06:57.520999Z</time>
  </trkpt>
  <trkpt lat="54.79871" lon="25.32611">
    <ele>152</ele>
    <time>2020-09-07T22:06:58.520999Z</time>
  </trkpt>
  <trkpt lat="54.79871333" lon="25.32616167">
    <ele>152</ele>
    <time>2020-09-07T22:06:59.520999Z</time>
  </trkpt>
  <trkpt lat="54.79872" lon="25.32621333">
    <ele>152</ele>
    <time>2020-09-07T22:07:00.519999Z</time>
  </trkpt>
  <trkpt lat="54.79872833" lon="25.32626333">
    <ele>153</ele>
    <time>2020-09-07T22:07:01.520999Z</time>
  </trkpt>
  <trkpt lat="54.79873167" lon="25.32630833">
    <ele>153</ele>
    <time>2020-09-07T22:07:02.520999Z</time>
  </trkpt>
  <trkpt lat="54.798735" lon="25.32635667">
    <ele>153</ele>
    <time>2020-09-07T22:07:03.520999Z</time>
  </trkpt>
  <trkpt lat="54.79873667" lon="25.32640333">
    <ele>153</ele>
    <time>2020-09-07T22:07:04.520999Z</time>
  </trkpt>
  <trkpt lat="54.79873667" lon="25.32645167">
    <ele>153</ele>
    <time>2020-09-07T22:07:05.519999Z</time>
  </trkpt>
  <trkpt lat="54.79874" lon="25.32649833">
    <ele>153</ele>
    <time>2020-09-07T22:07:06.520999Z</time>
  </trkpt>
  <trkpt lat="54.79874" lon="25.32654667">
    <ele>154</ele>
    <time>2020-09-07T22:07:07.519999Z</time>
  </trkpt>
  <trkpt lat="54.79874167" lon="25.32659333">
    <ele>154</ele>
    <time>2020-09-07T22:07:08.519999Z</time>
  </trkpt>
  <trkpt lat="54.79875" lon="25.32663">
    <ele>154</ele>
    <time>2020-09-07T22:07:09.520999Z</time>
  </trkpt>
  <trkpt lat="54.79876" lon="25.32666833">
    <ele>154</ele>
    <time>2020-09-07T22:07:10.519999Z</time>
  </trkpt>
  <trkpt lat="54.79877" lon="25.32670667">
    <ele>154</ele>
    <time>2020-09-07T22:07:11.520999Z</time>
  </trkpt>
  <trkpt lat="54.798785" lon="25.326755">
    <ele>154</ele>
    <time>2020-09-07T22:07:12.519999Z</time>
  </trkpt>
  <trkpt lat="54.79879833" lon="25.32678167">
    <ele>154</ele>
    <time>2020-09-07T22:07:13.520999Z</time>
  </trkpt>
  <trkpt lat="54.79881333" lon="25.32681667">
    <ele>155</ele>
    <time>2020-09-07T22:07:14.520999Z</time>
  </trkpt>
  <trkpt lat="54.79883" lon="25.32685667">
    <ele>155</ele>
    <time>2020-09-07T22:07:15.520999Z</time>
  </trkpt>
  <trkpt lat="54.79883833" lon="25.32688333">
    <ele>155</ele>
    <time>2020-09-07T22:07:16.520999Z</time>
  </trkpt>
  <trkpt lat="54.79884667" lon="25.326925">
    <ele>155</ele>
    <time>2020-09-07T22:07:17.519999Z</time>
  </trkpt>
  <trkpt lat="54.79885167" lon="25.32696833">
    <ele>155</ele>
    <time>2020-09-07T22:07:18.520999Z</time>
  </trkpt>
  <trkpt lat="54.79885667" lon="25.32701">
    <ele>155</ele>
    <time>2020-09-07T22:07:19.519999Z</time>
  </trkpt>
  <trkpt lat="54.79886333" lon="25.32705167">
    <ele>155</ele>
    <time>2020-09-07T22:07:20.519999Z</time>
  </trkpt>
  <trkpt lat="54.798875" lon="25.32708333">
    <ele>155</ele>
    <time>2020-09-07T22:07:21.520999Z</time>
  </trkpt>
  <trkpt lat="54.79888333" lon="25.32711333">
    <ele>155</ele>
    <time>2020-09-07T22:07:22.520999Z</time>
  </trkpt>
  <trkpt lat="54.79889167" lon="25.32715">
    <ele>155</ele>
    <time>2020-09-07T22:07:23.519999Z</time>
  </trkpt>
  <trkpt lat="54.79890167" lon="25.327185">
    <ele>155</ele>
    <time>2020-09-07T22:07:24.520999Z</time>
  </trkpt>
  <trkpt lat="54.79891333" lon="25.32721667">
    <ele>155</ele>
    <time>2020-09-07T22:07:25.520999Z</time>
  </trkpt>
  <trkpt lat="54.79892667" lon="25.32724667">
    <ele>155</ele>
    <time>2020-09-07T22:07:26.519999Z</time>
  </trkpt>
  <trkpt lat="54.79894167" lon="25.32728">
    <ele>155</ele>
    <time>2020-09-07T22:07:27.520999Z</time>
  </trkpt>
  <trkpt lat="54.798955" lon="25.327315">
    <ele>155</ele>
    <time>2020-09-07T22:07:28.520999Z</time>
  </trkpt>
  <trkpt lat="54.79896833" lon="25.32735167">
    <ele>155</ele>
    <time>2020-09-07T22:07:29.519999Z</time>
  </trkpt>
  <trkpt lat="54.79898167" lon="25.32739833">
    <ele>155</ele>
    <time>2020-09-07T22:07:30.520999Z</time>
  </trkpt>
  <trkpt lat="54.79899667" lon="25.32744333">
    <ele>155</ele>
    <time>2020-09-07T22:07:31.519999Z</time>
  </trkpt>
  <trkpt lat="54.79900667" lon="25.32748167">
    <ele>155</ele>
    <time>2020-09-07T22:07:32.520999Z</time>
  </trkpt>
  <trkpt lat="54.79902" lon="25.327523329999998">
    <ele>154</ele>
    <time>2020-09-07T22:07:33.520999Z</time>
  </trkpt>
  <trkpt lat="54.79902833" lon="25.32756333">
    <ele>154</ele>
    <time>2020-09-07T22:07:34.520999Z</time>
  </trkpt>
  <trkpt lat="54.79903667" lon="25.327615">
    <ele>154</ele>
    <time>2020-09-07T22:07:35.519999Z</time>
  </trkpt>
  <trkpt lat="54.79904167" lon="25.32765">
    <ele>153</ele>
    <time>2020-09-07T22:07:36.520999Z</time>
  </trkpt>
  <trkpt lat="54.79905167" lon="25.32769167">
    <ele>153</ele>
    <time>2020-09-07T22:07:37.520999Z</time>
  </trkpt>
  <trkpt lat="54.79905833" lon="25.327715">
    <ele>152</ele>
    <time>2020-09-07T22:07:38.520999Z</time>
  </trkpt>
  <trkpt lat="54.799065" lon="25.32774833">
    <ele>152</ele>
    <time>2020-09-07T22:07:39.520999Z</time>
  </trkpt>
  <trkpt lat="54.79907167" lon="25.32778">
    <ele>152</ele>
    <time>2020-09-07T22:07:40.519999Z</time>
  </trkpt>
  <trkpt lat="54.79908667" lon="25.327835">
    <ele>152</ele>
    <time>2020-09-07T22:07:41.520999Z</time>
  </trkpt>
  <trkpt lat="54.799095" lon="25.32787333">
    <ele>152</ele>
    <time>2020-09-07T22:07:42.520999Z</time>
  </trkpt>
  <trkpt lat="54.7991" lon="25.32791">
    <ele>152</ele>
    <time>2020-09-07T22:07:43.520999Z</time>
  </trkpt>
  <trkpt lat="54.79910667" lon="25.32795667">
    <ele>152</ele>
    <time>2020-09-07T22:07:44.519999Z</time>
  </trkpt>
  <trkpt lat="54.79911333" lon="25.328">
    <ele>152</ele>
    <time>2020-09-07T22:07:45.520999Z</time>
  </trkpt>
  <trkpt lat="54.799125" lon="25.32804333">
    <ele>152</ele>
    <time>2020-09-07T22:07:46.520999Z</time>
  </trkpt>
  <trkpt lat="54.79913667" lon="25.32807833">
    <ele>152</ele>
    <time>2020-09-07T22:07:47.520999Z</time>
  </trkpt>
  <trkpt lat="54.79915167" lon="25.32812667">
    <ele>152</ele>
    <time>2020-09-07T22:07:48.520999Z</time>
  </trkpt>
  <trkpt lat="54.79916333" lon="25.32817167">
    <ele>151</ele>
    <time>2020-09-07T22:07:49.519999Z</time>
  </trkpt>
  <trkpt lat="54.79917167" lon="25.32821667">
    <ele>151</ele>
    <time>2020-09-07T22:07:50.519999Z</time>
  </trkpt>
  <trkpt lat="54.79917833" lon="25.32827">
    <ele>151</ele>
    <time>2020-09-07T22:07:51.520999Z</time>
  </trkpt>
  <trkpt lat="54.79918" lon="25.32831">
    <ele>151</ele>
    <time>2020-09-07T22:07:52.520999Z</time>
  </trkpt>
  <trkpt lat="54.79918667" lon="25.32835167">
    <ele>151</ele>
    <time>2020-09-07T22:07:53.520999Z</time>
  </trkpt>
  <trkpt lat="54.79919167" lon="25.32839333">
    <ele>151</ele>
    <time>2020-09-07T22:07:54.519999Z</time>
  </trkpt>
  <trkpt lat="54.7992" lon="25.32843333">
    <ele>151</ele>
    <time>2020-09-07T22:07:55.520999Z</time>
  </trkpt>
  <trkpt lat="54.79920833" lon="25.32847333">
    <ele>151</ele>
    <time>2020-09-07T22:07:56.520999Z</time>
  </trkpt>
  <trkpt lat="54.79921667" lon="25.32851167">
    <ele>151</ele>
    <time>2020-09-07T22:07:57.520999Z</time>
  </trkpt>
  <trkpt lat="54.79922333" lon="25.32854667">
    <ele>152</ele>
    <time>2020-09-07T22:07:58.519999Z</time>
  </trkpt>
  <trkpt lat="54.79922833" lon="25.32858333">
    <ele>152</ele>
    <time>2020-09-07T22:07:59.520999Z</time>
  </trkpt>
  <trkpt lat="54.79923333" lon="25.328625">
    <ele>152</ele>
    <time>2020-09-07T22:08:00.520999Z</time>
  </trkpt>
  <trkpt lat="54.79924" lon="25.32865667">
    <ele>152</ele>
    <time>2020-09-07T22:08:01.520999Z</time>
  </trkpt>
  <trkpt lat="54.79924333" lon="25.328695">
    <ele>152</ele>
    <time>2020-09-07T22:08:02.519999Z</time>
  </trkpt>
  <trkpt lat="54.79924667" lon="25.328735000000002">
    <ele>152</ele>
    <time>2020-09-07T22:08:03.519999Z</time>
  </trkpt>
  <trkpt lat="54.79924667" lon="25.32877167">
    <ele>153</ele>
    <time>2020-09-07T22:08:04.519999Z</time>
  </trkpt>
  <trkpt lat="54.79924167" lon="25.32880667">
    <ele>153</ele>
    <time>2020-09-07T22:08:05.519999Z</time>
  </trkpt>
  <trkpt lat="54.799225" lon="25.32883667">
    <ele>153</ele>
    <time>2020-09-07T22:08:06.519999Z</time>
  </trkpt>
  <trkpt lat="54.79920167" lon="25.32886167">
    <ele>154</ele>
    <time>2020-09-07T22:08:07.520999Z</time>
  </trkpt>
  <trkpt lat="54.79918333" lon="25.32888167">
    <ele>154</ele>
    <time>2020-09-07T22:08:08.519999Z</time>
  </trkpt>
  <trkpt lat="54.79915833" lon="25.32891167">
    <ele>155</ele>
    <time>2020-09-07T22:08:09.520999Z</time>
  </trkpt>
  <trkpt lat="54.79914167" lon="25.32893333">
    <ele>155</ele>
    <time>2020-09-07T22:08:10.520999Z</time>
  </trkpt>
  <trkpt lat="54.799125" lon="25.32895">
    <ele>155</ele>
    <time>2020-09-07T22:08:11.520999Z</time>
  </trkpt>
  <trkpt lat="54.79911" lon="25.32897">
    <ele>155</ele>
    <time>2020-09-07T22:08:12.520999Z</time>
  </trkpt>
  <trkpt lat="54.79909667" lon="25.32898667">
    <ele>155</ele>
    <time>2020-09-07T22:08:13.519999Z</time>
  </trkpt>
  <trkpt lat="54.79908" lon="25.329005">
    <ele>155</ele>
    <time>2020-09-07T22:08:14.520999Z</time>
  </trkpt>
  <trkpt lat="54.79906833" lon="25.32901833">
    <ele>155</ele>
    <time>2020-09-07T22:08:15.520999Z</time>
  </trkpt>
  <trkpt lat="54.79905" lon="25.32903667">
    <ele>155</ele>
    <time>2020-09-07T22:08:16.520999Z</time>
  </trkpt>
  <trkpt lat="54.79903" lon="25.32905667">
    <ele>155</ele>
    <time>2020-09-07T22:08:17.520999Z</time>
  </trkpt>
  <trkpt lat="54.799015" lon="25.32907833">
    <ele>155</ele>
    <time>2020-09-07T22:08:18.519999Z</time>
  </trkpt>
  <trkpt lat="54.79900333" lon="25.32910167">
    <ele>155</ele>
    <time>2020-09-07T22:08:19.520999Z</time>
  </trkpt>
  <trkpt lat="54.79898333" lon="25.32913333">
    <ele>154</ele>
    <time>2020-09-07T22:08:20.520999Z</time>
  </trkpt>
  <trkpt lat="54.79895167" lon="25.32917833">
    <ele>154</ele>
    <time>2020-09-07T22:08:21.520999Z</time>
  </trkpt>
  <trkpt lat="54.79891333" lon="25.32922167">
    <ele>154</ele>
    <time>2020-09-07T22:08:22.519999Z</time>
  </trkpt>
  <trkpt lat="54.79889167" lon="25.32924667">
    <ele>154</ele>
    <time>2020-09-07T22:08:23.520999Z</time>
  </trkpt>
  <trkpt lat="54.79887167" lon="25.32927">
    <ele>154</ele>
    <time>2020-09-07T22:08:24.520999Z</time>
  </trkpt>
  <trkpt lat="54.79884667" lon="25.329295">
    <ele>154</ele>
    <time>2020-09-07T22:08:25.520999Z</time>
  </trkpt>
  <trkpt lat="54.79881" lon="25.329335">
    <ele>153</ele>
    <time>2020-09-07T22:08:26.520999Z</time>
  </trkpt>
  <trkpt lat="54.798785" lon="25.32935667">
    <ele>153</ele>
    <time>2020-09-07T22:08:27.519999Z</time>
  </trkpt>
  <trkpt lat="54.79875833" lon="25.32938667">
    <ele>153</ele>
    <time>2020-09-07T22:08:28.520999Z</time>
  </trkpt>
  <trkpt lat="54.79874667" lon="25.32939833">
    <ele>152</ele>
    <time>2020-09-07T22:08:29.520999Z</time>
  </trkpt>
  <trkpt lat="54.79873" lon="25.32941667">
    <ele>152</ele>
    <time>2020-09-07T22:08:30.520999Z</time>
  </trkpt>
  <trkpt lat="54.798705" lon="25.32943833">
    <ele>152</ele>
    <time>2020-09-07T22:08:31.519999Z</time>
  </trkpt>
  <trkpt lat="54.79868" lon="25.32946333">
    <ele>151</ele>
    <time>2020-09-07T22:08:32.519999Z</time>
  </trkpt>
  <trkpt lat="54.79865333" lon="25.32949333">
    <ele>151</ele>
    <time>2020-09-07T22:08:33.520999Z</time>
  </trkpt>
  <trkpt lat="54.79862667" lon="25.32953167">
    <ele>151</ele>
    <time>2020-09-07T22:08:34.520999Z</time>
  </trkpt>
  <trkpt lat="54.79860833" lon="25.329565">
    <ele>151</ele>
    <time>2020-09-07T22:08:35.520999Z</time>
  </trkpt>
  <trkpt lat="54.79859167" lon="25.32960167">
    <ele>151</ele>
    <time>2020-09-07T22:08:36.519999Z</time>
  </trkpt>
  <trkpt lat="54.79858167" lon="25.32964167">
    <ele>150</ele>
    <time>2020-09-07T22:08:37.520999Z</time>
  </trkpt>
  <trkpt lat="54.79856833" lon="25.32968333">
    <ele>150</ele>
    <time>2020-09-07T22:08:38.520999Z</time>
  </trkpt>
  <trkpt lat="54.79855667" lon="25.32972167">
    <ele>150</ele>
    <time>2020-09-07T22:08:39.519999Z</time>
  </trkpt>
  <trkpt lat="54.79853833" lon="25.32976333">
    <ele>150</ele>
    <time>2020-09-07T22:08:40.520999Z</time>
  </trkpt>
  <trkpt lat="54.79852167" lon="25.32981333">
    <ele>150</ele>
    <time>2020-09-07T22:08:41.520999Z</time>
  </trkpt>
  <trkpt lat="54.79850333" lon="25.32986333">
    <ele>150</ele>
    <time>2020-09-07T22:08:42.520999Z</time>
  </trkpt>
  <trkpt lat="54.79848833" lon="25.3299">
    <ele>150</ele>
    <time>2020-09-07T22:08:43.520999Z</time>
  </trkpt>
  <trkpt lat="54.798475" lon="25.32994">
    <ele>150</ele>
    <time>2020-09-07T22:08:44.519999Z</time>
  </trkpt>
  <trkpt lat="54.79846167" lon="25.32997833">
    <ele>150</ele>
    <time>2020-09-07T22:08:45.520999Z</time>
  </trkpt>
  <trkpt lat="54.79844667" lon="25.33001333">
    <ele>150</ele>
    <time>2020-09-07T22:08:46.519999Z</time>
  </trkpt>
  <trkpt lat="54.79843" lon="25.33004667">
    <ele>149</ele>
    <time>2020-09-07T22:08:47.520999Z</time>
  </trkpt>
  <trkpt lat="54.798415" lon="25.33008">
    <ele>149</ele>
    <time>2020-09-07T22:08:48.520999Z</time>
  </trkpt>
  <trkpt lat="54.79840333" lon="25.33011667">
    <ele>149</ele>
    <time>2020-09-07T22:08:49.520999Z</time>
  </trkpt>
  <trkpt lat="54.79839167" lon="25.33015333">
    <ele>148</ele>
    <time>2020-09-07T22:08:50.519999Z</time>
  </trkpt>
  <trkpt lat="54.79838" lon="25.33019333">
    <ele>148</ele>
    <time>2020-09-07T22:08:51.520999Z</time>
  </trkpt>
  <trkpt lat="54.79836833" lon="25.33023167">
    <ele>148</ele>
    <time>2020-09-07T22:08:52.520999Z</time>
  </trkpt>
  <trkpt lat="54.79835333" lon="25.33027167">
    <ele>147</ele>
    <time>2020-09-07T22:08:53.519999Z</time>
  </trkpt>
  <trkpt lat="54.798335" lon="25.33031">
    <ele>147</ele>
    <time>2020-09-07T22:08:54.520999Z</time>
  </trkpt>
  <trkpt lat="54.79831833" lon="25.33034333">
    <ele>147</ele>
    <time>2020-09-07T22:08:55.520999Z</time>
  </trkpt>
  <trkpt lat="54.79829833" lon="25.33037333">
    <ele>146</ele>
    <time>2020-09-07T22:08:56.520999Z</time>
  </trkpt>
  <trkpt lat="54.798285" lon="25.33040833">
    <ele>146</ele>
    <time>2020-09-07T22:08:57.519999Z</time>
  </trkpt>
  <trkpt lat="54.798265" lon="25.33044167">
    <ele>146</ele>
    <time>2020-09-07T22:08:58.520999Z</time>
  </trkpt>
  <trkpt lat="54.79825167" lon="25.330475">
    <ele>145</ele>
    <time>2020-09-07T22:08:59.520999Z</time>
  </trkpt>
  <trkpt lat="54.798245" lon="25.33050667">
    <ele>145</ele>
    <time>2020-09-07T22:09:00.519999Z</time>
  </trkpt>
  <trkpt lat="54.79823833" lon="25.33054667">
    <ele>145</ele>
    <time>2020-09-07T22:09:01.520999Z</time>
  </trkpt>
  <trkpt lat="54.798225" lon="25.330595">
    <ele>145</ele>
    <time>2020-09-07T22:09:02.520999Z</time>
  </trkpt>
  <trkpt lat="54.798215" lon="25.33063">
    <ele>145</ele>
    <time>2020-09-07T22:09:03.520999Z</time>
  </trkpt>
  <trkpt lat="54.7982" lon="25.33067833">
    <ele>145</ele>
    <time>2020-09-07T22:09:04.519999Z</time>
  </trkpt>
  <trkpt lat="54.79818333" lon="25.33072833">
    <ele>144</ele>
    <time>2020-09-07T22:09:05.519999Z</time>
  </trkpt>
  <trkpt lat="54.79817" lon="25.33077667">
    <ele>145</ele>
    <time>2020-09-07T22:09:06.520999Z</time>
  </trkpt>
  <trkpt lat="54.79815833" lon="25.33082833">
    <ele>145</ele>
    <time>2020-09-07T22:09:07.519999Z</time>
  </trkpt>
  <trkpt lat="54.79815167" lon="25.33087833">
    <ele>145</ele>
    <time>2020-09-07T22:09:08.520999Z</time>
  </trkpt>
  <trkpt lat="54.79814667" lon="25.33092833">
    <ele>145</ele>
    <time>2020-09-07T22:09:09.520999Z</time>
  </trkpt>
  <trkpt lat="54.79814" lon="25.33097667">
    <ele>145</ele>
    <time>2020-09-07T22:09:10.519999Z</time>
  </trkpt>
  <trkpt lat="54.79813667" lon="25.331025">
    <ele>145</ele>
    <time>2020-09-07T22:09:11.520999Z</time>
  </trkpt>
  <trkpt lat="54.79814167" lon="25.33106667">
    <ele>145</ele>
    <time>2020-09-07T22:09:12.520999Z</time>
  </trkpt>
  <trkpt lat="54.79814333" lon="25.33111167">
    <ele>145</ele>
    <time>2020-09-07T22:09:13.519999Z</time>
  </trkpt>
  <trkpt lat="54.79813833" lon="25.33115667">
    <ele>145</ele>
    <time>2020-09-07T22:09:14.519999Z</time>
  </trkpt>
  <trkpt lat="54.798135" lon="25.33120167">
    <ele>145</ele>
    <time>2020-09-07T22:09:15.520999Z</time>
  </trkpt>
  <trkpt lat="54.79812667" lon="25.33124833">
    <ele>145</ele>
    <time>2020-09-07T22:09:16.520999Z</time>
  </trkpt>
  <trkpt lat="54.79812" lon="25.33131">
    <ele>145</ele>
    <time>2020-09-07T22:09:17.520999Z</time>
  </trkpt>
  <trkpt lat="54.79811667" lon="25.33135">
    <ele>145</ele>
    <time>2020-09-07T22:09:18.520999Z</time>
  </trkpt>
  <trkpt lat="54.79811333" lon="25.33138333">
    <ele>144</ele>
    <time>2020-09-07T22:09:19.520999Z</time>
  </trkpt>
  <trkpt lat="54.79810667" lon="25.33142667">
    <ele>144</ele>
    <time>2020-09-07T22:09:20.520999Z</time>
  </trkpt>
  <trkpt lat="54.79809833" lon="25.33148333">
    <ele>144</ele>
    <time>2020-09-07T22:09:21.520999Z</time>
  </trkpt>
  <trkpt lat="54.79809833" lon="25.33151833">
    <ele>144</ele>
    <time>2020-09-07T22:09:22.520999Z</time>
  </trkpt>
  <trkpt lat="54.7981" lon="25.33155833">
    <ele>144</ele>
    <time>2020-09-07T22:09:23.519999Z</time>
  </trkpt>
  <trkpt lat="54.79810167" lon="25.33159167">
    <ele>144</ele>
    <time>2020-09-07T22:09:24.519999Z</time>
  </trkpt>
  <trkpt lat="54.7981" lon="25.33162667">
    <ele>145</ele>
    <time>2020-09-07T22:09:25.520999Z</time>
  </trkpt>
  <trkpt lat="54.79809333" lon="25.33166167">
    <ele>145</ele>
    <time>2020-09-07T22:09:26.519999Z</time>
  </trkpt>
  <trkpt lat="54.798075" lon="25.33169">
    <ele>145</ele>
    <time>2020-09-07T22:09:27.520999Z</time>
  </trkpt>
  <trkpt lat="54.79805333" lon="25.331715">
    <ele>144</ele>
    <time>2020-09-07T22:09:28.519999Z</time>
  </trkpt>
  <trkpt lat="54.798035" lon="25.33173333">
    <ele>144</ele>
    <time>2020-09-07T22:09:29.520999Z</time>
  </trkpt>
  <trkpt lat="54.79801167" lon="25.33175667">
    <ele>143</ele>
    <time>2020-09-07T22:09:30.520999Z</time>
  </trkpt>
  <trkpt lat="54.798" lon="25.33178167">
    <ele>143</ele>
    <time>2020-09-07T22:09:31.520999Z</time>
  </trkpt>
  <trkpt lat="54.797995" lon="25.33181">
    <ele>143</ele>
    <time>2020-09-07T22:09:32.520999Z</time>
  </trkpt>
  <trkpt lat="54.79799167" lon="25.33184167">
    <ele>143</ele>
    <time>2020-09-07T22:09:33.519999Z</time>
  </trkpt>
  <trkpt lat="54.797985" lon="25.33186833">
    <ele>143</ele>
    <time>2020-09-07T22:09:34.520999Z</time>
  </trkpt>
  <trkpt lat="54.79797667" lon="25.33189">
    <ele>143</ele>
    <time>2020-09-07T22:09:35.520999Z</time>
  </trkpt>
  <trkpt lat="54.79796167" lon="25.3319">
    <ele>143</ele>
    <time>2020-09-07T22:09:36.520999Z</time>
  </trkpt>
  <trkpt lat="54.79794667" lon="25.33190167">
    <ele>143</ele>
    <time>2020-09-07T22:09:37.520999Z</time>
  </trkpt>
  <trkpt lat="54.79792833" lon="25.3319">
    <ele>144</ele>
    <time>2020-09-07T22:09:38.520999Z</time>
  </trkpt>
  <trkpt lat="54.797905" lon="25.33189">
    <ele>144</ele>
    <time>2020-09-07T22:09:39.520999Z</time>
  </trkpt>
  <trkpt lat="54.79788833" lon="25.33187333">
    <ele>144</ele>
    <time>2020-09-07T22:09:40.520999Z</time>
  </trkpt>
  <trkpt lat="54.79787167" lon="25.331845">
    <ele>144</ele>
    <time>2020-09-07T22:09:41.519999Z</time>
  </trkpt>
  <trkpt lat="54.79786" lon="25.33181">
    <ele>144</ele>
    <time>2020-09-07T22:09:42.519999Z</time>
  </trkpt>
  <trkpt lat="54.79784833" lon="25.33176833">
    <ele>144</ele>
    <time>2020-09-07T22:09:43.519999Z</time>
  </trkpt>
  <trkpt lat="54.79783667" lon="25.33173">
    <ele>143</ele>
    <time>2020-09-07T22:09:44.520999Z</time>
  </trkpt>
  <trkpt lat="54.79782" lon="25.33169333">
    <ele>143</ele>
    <time>2020-09-07T22:09:45.520999Z</time>
  </trkpt>
  <trkpt lat="54.79780167" lon="25.33165833">
    <ele>142</ele>
    <time>2020-09-07T22:09:46.520999Z</time>
  </trkpt>
  <trkpt lat="54.79777833" lon="25.33162667">
    <ele>142</ele>
    <time>2020-09-07T22:09:47.520999Z</time>
  </trkpt>
  <trkpt lat="54.797755" lon="25.33159833">
    <ele>143</ele>
    <time>2020-09-07T22:09:48.520999Z</time>
  </trkpt>
  <trkpt lat="54.79773167" lon="25.33157167">
    <ele>143</ele>
    <time>2020-09-07T22:09:49.520999Z</time>
  </trkpt>
  <trkpt lat="54.79770167" lon="25.33154667">
    <ele>143</ele>
    <time>2020-09-07T22:09:50.520999Z</time>
  </trkpt>
  <trkpt lat="54.79767" lon="25.33152">
    <ele>143</ele>
    <time>2020-09-07T22:09:51.520999Z</time>
  </trkpt>
  <trkpt lat="54.79765167" lon="25.33148667">
    <ele>144</ele>
    <time>2020-09-07T22:09:52.519999Z</time>
  </trkpt>
  <trkpt lat="54.79763667" lon="25.33145167">
    <ele>144</ele>
    <time>2020-09-07T22:09:53.520999Z</time>
  </trkpt>
  <trkpt lat="54.797625" lon="25.33141333">
    <ele>144</ele>
    <time>2020-09-07T22:09:54.520999Z</time>
  </trkpt>
  <trkpt lat="54.797615" lon="25.331375">
    <ele>144</ele>
    <time>2020-09-07T22:09:55.520999Z</time>
  </trkpt>
  <trkpt lat="54.79760333" lon="25.33133667">
    <ele>143</ele>
    <time>2020-09-07T22:09:56.520999Z</time>
  </trkpt>
  <trkpt lat="54.79759" lon="25.33129833">
    <ele>143</ele>
    <time>2020-09-07T22:09:57.520999Z</time>
  </trkpt>
  <trkpt lat="54.79758167" lon="25.33125667">
    <ele>143</ele>
    <time>2020-09-07T22:09:58.520999Z</time>
  </trkpt>
  <trkpt lat="54.79756667" lon="25.33122">
    <ele>142</ele>
    <time>2020-09-07T22:09:59.520999Z</time>
  </trkpt>
  <trkpt lat="54.79755333" lon="25.331185">
    <ele>142</ele>
    <time>2020-09-07T22:10:00.520999Z</time>
  </trkpt>
  <trkpt lat="54.797535" lon="25.33115167">
    <ele>142</ele>
    <time>2020-09-07T22:10:01.520999Z</time>
  </trkpt>
  <trkpt lat="54.797515" lon="25.33112">
    <ele>142</ele>
    <time>2020-09-07T22:10:02.520999Z</time>
  </trkpt>
  <trkpt lat="54.797495" lon="25.33108667">
    <ele>142</ele>
    <time>2020-09-07T22:10:03.520999Z</time>
  </trkpt>
  <trkpt lat="54.79747333" lon="25.33105333">
    <ele>143</ele>
    <time>2020-09-07T22:10:04.519999Z</time>
  </trkpt>
  <trkpt lat="54.79745" lon="25.33102667">
    <ele>143</ele>
    <time>2020-09-07T22:10:05.519999Z</time>
  </trkpt>
  <trkpt lat="54.79743333" lon="25.33099167">
    <ele>144</ele>
    <time>2020-09-07T22:10:06.519999Z</time>
  </trkpt>
  <trkpt lat="54.797415" lon="25.33096167">
    <ele>145</ele>
    <time>2020-09-07T22:10:07.520999Z</time>
  </trkpt>
  <trkpt lat="54.79739667" lon="25.33092667">
    <ele>146</ele>
    <time>2020-09-07T22:10:08.520999Z</time>
  </trkpt>
  <trkpt lat="54.79737833" lon="25.33089667">
    <ele>147</ele>
    <time>2020-09-07T22:10:09.520999Z</time>
  </trkpt>
  <trkpt lat="54.79736" lon="25.33086833">
    <ele>148</ele>
    <time>2020-09-07T22:10:10.520999Z</time>
  </trkpt>
  <trkpt lat="54.79734333" lon="25.33084167">
    <ele>149</ele>
    <time>2020-09-07T22:10:11.520999Z</time>
  </trkpt>
  <trkpt lat="54.79732667" lon="25.33081167">
    <ele>149</ele>
    <time>2020-09-07T22:10:12.520999Z</time>
  </trkpt>
  <trkpt lat="54.79731333" lon="25.33078">
    <ele>150</ele>
    <time>2020-09-07T22:10:13.520999Z</time>
  </trkpt>
  <trkpt lat="54.7973" lon="25.33074667">
    <ele>150</ele>
    <time>2020-09-07T22:10:14.519999Z</time>
  </trkpt>
  <trkpt lat="54.79728333" lon="25.330715">
    <ele>150</ele>
    <time>2020-09-07T22:10:15.520999Z</time>
  </trkpt>
  <trkpt lat="54.79726833" lon="25.33068667">
    <ele>151</ele>
    <time>2020-09-07T22:10:16.519999Z</time>
  </trkpt>
  <trkpt lat="54.79725333" lon="25.33065667">
    <ele>151</ele>
    <time>2020-09-07T22:10:17.519999Z</time>
  </trkpt>
  <trkpt lat="54.79723667" lon="25.33063">
    <ele>150</ele>
    <time>2020-09-07T22:10:18.520999Z</time>
  </trkpt>
  <trkpt lat="54.79722167" lon="25.33060333">
    <ele>150</ele>
    <time>2020-09-07T22:10:19.519999Z</time>
  </trkpt>
  <trkpt lat="54.797205" lon="25.33057167">
    <ele>151</ele>
    <time>2020-09-07T22:10:20.520999Z</time>
  </trkpt>
  <trkpt lat="54.79719167" lon="25.33053833">
    <ele>151</ele>
    <time>2020-09-07T22:10:21.520999Z</time>
  </trkpt>
  <trkpt lat="54.79718" lon="25.33050667">
    <ele>151</ele>
    <time>2020-09-07T22:10:22.520999Z</time>
  </trkpt>
  <trkpt lat="54.79716667" lon="25.33047">
    <ele>151</ele>
    <time>2020-09-07T22:10:23.520999Z</time>
  </trkpt>
  <trkpt lat="54.79715333" lon="25.33043833">
    <ele>152</ele>
    <time>2020-09-07T22:10:24.520999Z</time>
  </trkpt>
  <trkpt lat="54.797135" lon="25.33041333">
    <ele>152</ele>
    <time>2020-09-07T22:10:25.520999Z</time>
  </trkpt>
  <trkpt lat="54.797115" lon="25.33039167">
    <ele>152</ele>
    <time>2020-09-07T22:10:26.520999Z</time>
  </trkpt>
  <trkpt lat="54.797095" lon="25.33036833">
    <ele>153</ele>
    <time>2020-09-07T22:10:27.520999Z</time>
  </trkpt>
  <trkpt lat="54.79707" lon="25.33034833">
    <ele>153</ele>
    <time>2020-09-07T22:10:28.520999Z</time>
  </trkpt>
  <trkpt lat="54.79704" lon="25.33033833">
    <ele>154</ele>
    <time>2020-09-07T22:10:29.519999Z</time>
  </trkpt>
  <trkpt lat="54.79701833" lon="25.33032">
    <ele>154</ele>
    <time>2020-09-07T22:10:30.520999Z</time>
  </trkpt>
  <trkpt lat="54.79700667" lon="25.33029">
    <ele>155</ele>
    <time>2020-09-07T22:10:31.520999Z</time>
  </trkpt>
  <trkpt lat="54.796995" lon="25.33025333">
    <ele>155</ele>
    <time>2020-09-07T22:10:32.519999Z</time>
  </trkpt>
  <trkpt lat="54.796985" lon="25.33021833">
    <ele>155</ele>
    <time>2020-09-07T22:10:33.520999Z</time>
  </trkpt>
  <trkpt lat="54.79697167" lon="25.330185">
    <ele>155</ele>
    <time>2020-09-07T22:10:34.520999Z</time>
  </trkpt>
  <trkpt lat="54.79696" lon="25.330155">
    <ele>155</ele>
    <time>2020-09-07T22:10:35.520999Z</time>
  </trkpt>
  <trkpt lat="54.796945" lon="25.33013167">
    <ele>154</ele>
    <time>2020-09-07T22:10:36.520999Z</time>
  </trkpt>
  <trkpt lat="54.79692667" lon="25.3301">
    <ele>154</ele>
    <time>2020-09-07T22:10:37.520999Z</time>
  </trkpt>
  <trkpt lat="54.79690833" lon="25.33007">
    <ele>154</ele>
    <time>2020-09-07T22:10:38.520999Z</time>
  </trkpt>
  <trkpt lat="54.79689" lon="25.33003667">
    <ele>155</ele>
    <time>2020-09-07T22:10:39.519999Z</time>
  </trkpt>
  <trkpt lat="54.79687" lon="25.33000167">
    <ele>155</ele>
    <time>2020-09-07T22:10:40.520999Z</time>
  </trkpt>
  <trkpt lat="54.79685167" lon="25.32997">
    <ele>155</ele>
    <time>2020-09-07T22:10:41.519999Z</time>
  </trkpt>
  <trkpt lat="54.79683167" lon="25.32993">
    <ele>156</ele>
    <time>2020-09-07T22:10:42.519999Z</time>
  </trkpt>
  <trkpt lat="54.79682" lon="25.329885">
    <ele>156</ele>
    <time>2020-09-07T22:10:43.520999Z</time>
  </trkpt>
  <trkpt lat="54.79680667" lon="25.32984167">
    <ele>157</ele>
    <time>2020-09-07T22:10:44.519999Z</time>
  </trkpt>
  <trkpt lat="54.79679833" lon="25.32980167">
    <ele>157</ele>
    <time>2020-09-07T22:10:45.520999Z</time>
  </trkpt>
  <trkpt lat="54.796795" lon="25.32975667">
    <ele>157</ele>
    <time>2020-09-07T22:10:46.519999Z</time>
  </trkpt>
  <trkpt lat="54.79678833" lon="25.32971833">
    <ele>156</ele>
    <time>2020-09-07T22:10:47.520999Z</time>
  </trkpt>
  <trkpt lat="54.79678" lon="25.32968167">
    <ele>156</ele>
    <time>2020-09-07T22:10:48.520999Z</time>
  </trkpt>
  <trkpt lat="54.796765" lon="25.32965833">
    <ele>156</ele>
    <time>2020-09-07T22:10:49.520999Z</time>
  </trkpt>
  <trkpt lat="54.79674833" lon="25.32963667">
    <ele>156</ele>
    <time>2020-09-07T22:10:50.520999Z</time>
  </trkpt>
  <trkpt lat="54.79672833" lon="25.32961833">
    <ele>156</ele>
    <time>2020-09-07T22:10:51.520999Z</time>
  </trkpt>
  <trkpt lat="54.79671167" lon="25.329595">
    <ele>156</ele>
    <time>2020-09-07T22:10:52.520999Z</time>
  </trkpt>
  <trkpt lat="54.796695" lon="25.32957">
    <ele>156</ele>
    <time>2020-09-07T22:10:53.519999Z</time>
  </trkpt>
  <trkpt lat="54.79668167" lon="25.329545">
    <ele>155</ele>
    <time>2020-09-07T22:10:54.519999Z</time>
  </trkpt>
  <trkpt lat="54.79666333" lon="25.32952167">
    <ele>155</ele>
    <time>2020-09-07T22:10:55.520999Z</time>
  </trkpt>
  <trkpt lat="54.79664" lon="25.32950667">
    <ele>155</ele>
    <time>2020-09-07T22:10:56.520999Z</time>
  </trkpt>
  <trkpt lat="54.79661833" lon="25.32949833">
    <ele>155</ele>
    <time>2020-09-07T22:10:57.520999Z</time>
  </trkpt>
  <trkpt lat="54.796595" lon="25.329495">
    <ele>155</ele>
    <time>2020-09-07T22:10:58.520999Z</time>
  </trkpt>
  <trkpt lat="54.79657667" lon="25.329495">
    <ele>155</ele>
    <time>2020-09-07T22:10:59.519999Z</time>
  </trkpt>
  <trkpt lat="54.79656" lon="25.32950333">
    <ele>155</ele>
    <time>2020-09-07T22:11:00.520999Z</time>
  </trkpt>
  <trkpt lat="54.79654667" lon="25.32951333">
    <ele>155</ele>
    <time>2020-09-07T22:11:01.519999Z</time>
  </trkpt>
  <trkpt lat="54.79653333" lon="25.32953">
    <ele>155</ele>
    <time>2020-09-07T22:11:02.520999Z</time>
  </trkpt>
  <trkpt lat="54.79652" lon="25.32955">
    <ele>155</ele>
    <time>2020-09-07T22:11:03.520999Z</time>
  </trkpt>
  <trkpt lat="54.79651333" lon="25.32958667">
    <ele>156</ele>
    <time>2020-09-07T22:11:04.519999Z</time>
  </trkpt>
  <trkpt lat="54.79650167" lon="25.329615">
    <ele>156</ele>
    <time>2020-09-07T22:11:05.520999Z</time>
  </trkpt>
  <trkpt lat="54.79648167" lon="25.329635">
    <ele>156</ele>
    <time>2020-09-07T22:11:06.519999Z</time>
  </trkpt>
  <trkpt lat="54.79646" lon="25.32965833">
    <ele>156</ele>
    <time>2020-09-07T22:11:07.519999Z</time>
  </trkpt>
  <trkpt lat="54.796435" lon="25.32968667">
    <ele>156</ele>
    <time>2020-09-07T22:11:08.520999Z</time>
  </trkpt>
  <trkpt lat="54.79641333" lon="25.32970833">
    <ele>156</ele>
    <time>2020-09-07T22:11:09.520999Z</time>
  </trkpt>
  <trkpt lat="54.79639333" lon="25.329725">
    <ele>156</ele>
    <time>2020-09-07T22:11:10.520999Z</time>
  </trkpt>
  <trkpt lat="54.79637333" lon="25.32974">
    <ele>157</ele>
    <time>2020-09-07T22:11:11.519999Z</time>
  </trkpt>
  <trkpt lat="54.79635333" lon="25.32975833">
    <ele>157</ele>
    <time>2020-09-07T22:11:12.520999Z</time>
  </trkpt>
  <trkpt lat="54.796335" lon="25.329775">
    <ele>157</ele>
    <time>2020-09-07T22:11:13.520999Z</time>
  </trkpt>
  <trkpt lat="54.79631667" lon="25.32979167">
    <ele>158</ele>
    <time>2020-09-07T22:11:14.520999Z</time>
  </trkpt>
  <trkpt lat="54.79629833" lon="25.32980833">
    <ele>158</ele>
    <time>2020-09-07T22:11:15.520999Z</time>
  </trkpt>
  <trkpt lat="54.79627833" lon="25.32983167">
    <ele>158</ele>
    <time>2020-09-07T22:11:16.520999Z</time>
  </trkpt>
  <trkpt lat="54.79626" lon="25.32985667">
    <ele>159</ele>
    <time>2020-09-07T22:11:17.520999Z</time>
  </trkpt>
  <trkpt lat="54.796245" lon="25.32988167">
    <ele>159</ele>
    <time>2020-09-07T22:11:18.520999Z</time>
  </trkpt>
  <trkpt lat="54.79622833" lon="25.32990833">
    <ele>159</ele>
    <time>2020-09-07T22:11:19.520999Z</time>
  </trkpt>
  <trkpt lat="54.796215" lon="25.32992833">
    <ele>159</ele>
    <time>2020-09-07T22:11:20.520999Z</time>
  </trkpt>
  <trkpt lat="54.7962" lon="25.32995">
    <ele>159</ele>
    <time>2020-09-07T22:11:21.519999Z</time>
  </trkpt>
  <trkpt lat="54.796185" lon="25.32997167">
    <ele>160</ele>
    <time>2020-09-07T22:11:22.520999Z</time>
  </trkpt>
  <trkpt lat="54.79616833" lon="25.33000333">
    <ele>160</ele>
    <time>2020-09-07T22:11:23.520999Z</time>
  </trkpt>
  <trkpt lat="54.79614667" lon="25.330045">
    <ele>160</ele>
    <time>2020-09-07T22:11:24.520999Z</time>
  </trkpt>
  <trkpt lat="54.79612667" lon="25.33009333">
    <ele>160</ele>
    <time>2020-09-07T22:11:25.520999Z</time>
  </trkpt>
  <trkpt lat="54.79611667" lon="25.33013">
    <ele>161</ele>
    <time>2020-09-07T22:11:26.520999Z</time>
  </trkpt>
  <trkpt lat="54.79610833" lon="25.330165">
    <ele>161</ele>
    <time>2020-09-07T22:11:27.520999Z</time>
  </trkpt>
  <trkpt lat="54.79609333" lon="25.330205">
    <ele>161</ele>
    <time>2020-09-07T22:11:28.520999Z</time>
  </trkpt>
  <trkpt lat="54.79606667" lon="25.330245">
    <ele>161</ele>
    <time>2020-09-07T22:11:29.519999Z</time>
  </trkpt>
  <trkpt lat="54.79604" lon="25.33027833">
    <ele>162</ele>
    <time>2020-09-07T22:11:30.519999Z</time>
  </trkpt>
  <trkpt lat="54.796015" lon="25.33031333">
    <ele>162</ele>
    <time>2020-09-07T22:11:31.520999Z</time>
  </trkpt>
  <trkpt lat="54.795995" lon="25.33034333">
    <ele>162</ele>
    <time>2020-09-07T22:11:32.520999Z</time>
  </trkpt>
  <trkpt lat="54.795975" lon="25.330375">
    <ele>162</ele>
    <time>2020-09-07T22:11:33.520999Z</time>
  </trkpt>
  <trkpt lat="54.79595" lon="25.33040833">
    <ele>162</ele>
    <time>2020-09-07T22:11:34.520999Z</time>
  </trkpt>
  <trkpt lat="54.79592833" lon="25.33043833">
    <ele>162</ele>
    <time>2020-09-07T22:11:35.520999Z</time>
  </trkpt>
  <trkpt lat="54.79590333" lon="25.33047833">
    <ele>162</ele>
    <time>2020-09-07T22:11:36.520999Z</time>
  </trkpt>
  <trkpt lat="54.795885" lon="25.33052">
    <ele>162</ele>
    <time>2020-09-07T22:11:37.520999Z</time>
  </trkpt>
  <trkpt lat="54.79587" lon="25.330555">
    <ele>163</ele>
    <time>2020-09-07T22:11:38.520999Z</time>
  </trkpt>
  <trkpt lat="54.79585167" lon="25.33059167">
    <ele>163</ele>
    <time>2020-09-07T22:11:39.519999Z</time>
  </trkpt>
  <trkpt lat="54.795835" lon="25.33062333">
    <ele>163</ele>
    <time>2020-09-07T22:11:40.520999Z</time>
  </trkpt>
  <trkpt lat="54.79581833" lon="25.33065333">
    <ele>164</ele>
    <time>2020-09-07T22:11:41.520999Z</time>
  </trkpt>
  <trkpt lat="54.7958" lon="25.330685">
    <ele>164</ele>
    <time>2020-09-07T22:11:42.520999Z</time>
  </trkpt>
  <trkpt lat="54.79578833" lon="25.330725">
    <ele>164</ele>
    <time>2020-09-07T22:11:43.519999Z</time>
  </trkpt>
  <trkpt lat="54.79577333" lon="25.33076167">
    <ele>165</ele>
    <time>2020-09-07T22:11:44.520999Z</time>
  </trkpt>
  <trkpt lat="54.795755" lon="25.3308">
    <ele>165</ele>
    <time>2020-09-07T22:11:45.520999Z</time>
  </trkpt>
  <trkpt lat="54.795735" lon="25.330845">
    <ele>165</ele>
    <time>2020-09-07T22:11:46.520999Z</time>
  </trkpt>
  <trkpt lat="54.79572167" lon="25.330875">
    <ele>166</ele>
    <time>2020-09-07T22:11:47.520999Z</time>
  </trkpt>
  <trkpt lat="54.79570667" lon="25.33090667">
    <ele>166</ele>
    <time>2020-09-07T22:11:48.520999Z</time>
  </trkpt>
  <trkpt lat="54.79569167" lon="25.33093667">
    <ele>166</ele>
    <time>2020-09-07T22:11:49.520999Z</time>
  </trkpt>
  <trkpt lat="54.795675" lon="25.33096833">
    <ele>166</ele>
    <time>2020-09-07T22:11:50.520999Z</time>
  </trkpt>
  <trkpt lat="54.795663329999996" lon="25.33100333">
    <ele>166</ele>
    <time>2020-09-07T22:11:51.520999Z</time>
  </trkpt>
  <trkpt lat="54.79564833" lon="25.33103833">
    <ele>166</ele>
    <time>2020-09-07T22:11:52.520999Z</time>
  </trkpt>
  <trkpt lat="54.79563667" lon="25.33107">
    <ele>166</ele>
    <time>2020-09-07T22:11:53.519999Z</time>
  </trkpt>
  <trkpt lat="54.79562167" lon="25.33111833">
    <ele>166</ele>
    <time>2020-09-07T22:11:54.520999Z</time>
  </trkpt>
  <trkpt lat="54.79560333" lon="25.33116">
    <ele>166</ele>
    <time>2020-09-07T22:11:55.519999Z</time>
  </trkpt>
  <trkpt lat="54.79559" lon="25.33118667">
    <ele>166</ele>
    <time>2020-09-07T22:11:56.520999Z</time>
  </trkpt>
  <trkpt lat="54.795575" lon="25.33121833">
    <ele>166</ele>
    <time>2020-09-07T22:11:57.520999Z</time>
  </trkpt>
  <trkpt lat="54.79556167" lon="25.33124333">
    <ele>166</ele>
    <time>2020-09-07T22:11:58.520999Z</time>
  </trkpt>
  <trkpt lat="54.79553833" lon="25.33127333">
    <ele>166</ele>
    <time>2020-09-07T22:11:59.519999Z</time>
  </trkpt>
  <trkpt lat="54.79551167" lon="25.33129167">
    <ele>166</ele>
    <time>2020-09-07T22:12:00.519999Z</time>
  </trkpt>
  <trkpt lat="54.79549333" lon="25.331305">
    <ele>166</ele>
    <time>2020-09-07T22:12:01.519999Z</time>
  </trkpt>
  <trkpt lat="54.79547667" lon="25.33132167">
    <ele>166</ele>
    <time>2020-09-07T22:12:02.519999Z</time>
  </trkpt>
  <trkpt lat="54.79546" lon="25.33135">
    <ele>166</ele>
    <time>2020-09-07T22:12:03.519999Z</time>
  </trkpt>
  <trkpt lat="54.79544667" lon="25.33137167">
    <ele>166</ele>
    <time>2020-09-07T22:12:04.520999Z</time>
  </trkpt>
  <trkpt lat="54.795425" lon="25.33141667">
    <ele>165</ele>
    <time>2020-09-07T22:12:05.519999Z</time>
  </trkpt>
  <trkpt lat="54.795405" lon="25.331445">
    <ele>165</ele>
    <time>2020-09-07T22:12:06.520999Z</time>
  </trkpt>
  <trkpt lat="54.79537833" lon="25.33147333">
    <ele>165</ele>
    <time>2020-09-07T22:12:07.519999Z</time>
  </trkpt>
  <trkpt lat="54.795345" lon="25.33151">
    <ele>164</ele>
    <time>2020-09-07T22:12:08.520999Z</time>
  </trkpt>
  <trkpt lat="54.79531833" lon="25.33153667">
    <ele>164</ele>
    <time>2020-09-07T22:12:09.520999Z</time>
  </trkpt>
  <trkpt lat="54.79528167" lon="25.33156333">
    <ele>163</ele>
    <time>2020-09-07T22:12:10.520999Z</time>
  </trkpt>
  <trkpt lat="54.79524833" lon="25.33159667">
    <ele>163</ele>
    <time>2020-09-07T22:12:11.520999Z</time>
  </trkpt>
  <trkpt lat="54.79522" lon="25.33162">
    <ele>162</ele>
    <time>2020-09-07T22:12:12.520999Z</time>
  </trkpt>
  <trkpt lat="54.795195" lon="25.33163833">
    <ele>161</ele>
    <time>2020-09-07T22:12:13.520999Z</time>
  </trkpt>
  <trkpt lat="54.79516667" lon="25.331665">
    <ele>160</ele>
    <time>2020-09-07T22:12:14.519999Z</time>
  </trkpt>
  <trkpt lat="54.79514333" lon="25.33169333">
    <ele>159</ele>
    <time>2020-09-07T22:12:15.519999Z</time>
  </trkpt>
  <trkpt lat="54.79512" lon="25.33172333">
    <ele>158</ele>
    <time>2020-09-07T22:12:16.519999Z</time>
  </trkpt>
  <trkpt lat="54.79509667" lon="25.33176">
    <ele>158</ele>
    <time>2020-09-07T22:12:17.519999Z</time>
  </trkpt>
  <trkpt lat="54.795075" lon="25.33179667">
    <ele>157</ele>
    <time>2020-09-07T22:12:18.520999Z</time>
  </trkpt>
  <trkpt lat="54.79505" lon="25.33183667">
    <ele>157</ele>
    <time>2020-09-07T22:12:19.519999Z</time>
  </trkpt>
  <trkpt lat="54.79502833" lon="25.33187167">
    <ele>156</ele>
    <time>2020-09-07T22:12:20.520999Z</time>
  </trkpt>
  <trkpt lat="54.79501" lon="25.33190333">
    <ele>155</ele>
    <time>2020-09-07T22:12:21.519999Z</time>
  </trkpt>
  <trkpt lat="54.79499167" lon="25.33193167">
    <ele>154</ele>
    <time>2020-09-07T22:12:22.520999Z</time>
  </trkpt>
  <trkpt lat="54.79497667" lon="25.331955">
    <ele>154</ele>
    <time>2020-09-07T22:12:23.520999Z</time>
  </trkpt>
  <trkpt lat="54.794955" lon="25.33198833">
    <ele>153</ele>
    <time>2020-09-07T22:12:24.520999Z</time>
  </trkpt>
  <trkpt lat="54.79494167" lon="25.33201333">
    <ele>152</ele>
    <time>2020-09-07T22:12:25.520999Z</time>
  </trkpt>
  <trkpt lat="54.794925" lon="25.33204">
    <ele>152</ele>
    <time>2020-09-07T22:12:26.519999Z</time>
  </trkpt>
  <trkpt lat="54.79490833" lon="25.33207167">
    <ele>151</ele>
    <time>2020-09-07T22:12:27.520999Z</time>
  </trkpt>
  <trkpt lat="54.79489167" lon="25.33209833">
    <ele>151</ele>
    <time>2020-09-07T22:12:28.520999Z</time>
  </trkpt>
  <trkpt lat="54.794875" lon="25.332125">
    <ele>151</ele>
    <time>2020-09-07T22:12:29.520999Z</time>
  </trkpt>
  <trkpt lat="54.79486" lon="25.33216">
    <ele>151</ele>
    <time>2020-09-07T22:12:30.520999Z</time>
  </trkpt>
  <trkpt lat="54.79484667" lon="25.33219">
    <ele>150</ele>
    <time>2020-09-07T22:12:31.520999Z</time>
  </trkpt>
  <trkpt lat="54.79482833" lon="25.33222333">
    <ele>150</ele>
    <time>2020-09-07T22:12:32.519999Z</time>
  </trkpt>
  <trkpt lat="54.79481333" lon="25.33224833">
    <ele>150</ele>
    <time>2020-09-07T22:12:33.519999Z</time>
  </trkpt>
  <trkpt lat="54.79479833" lon="25.33227833">
    <ele>150</ele>
    <time>2020-09-07T22:12:34.520999Z</time>
  </trkpt>
  <trkpt lat="54.79478167" lon="25.33231667">
    <ele>150</ele>
    <time>2020-09-07T22:12:35.520999Z</time>
  </trkpt>
  <trkpt lat="54.794765" lon="25.33236">
    <ele>150</ele>
    <time>2020-09-07T22:12:36.520999Z</time>
  </trkpt>
  <trkpt lat="54.79475" lon="25.33239167">
    <ele>151</ele>
    <time>2020-09-07T22:12:37.520999Z</time>
  </trkpt>
  <trkpt lat="54.794735" lon="25.33242167">
    <ele>151</ele>
    <time>2020-09-07T22:12:38.519999Z</time>
  </trkpt>
  <trkpt lat="54.794715" lon="25.33245333">
    <ele>151</ele>
    <time>2020-09-07T22:12:39.520999Z</time>
  </trkpt>
  <trkpt lat="54.79470333" lon="25.332475">
    <ele>151</ele>
    <time>2020-09-07T22:12:40.520999Z</time>
  </trkpt>
  <trkpt lat="54.79468667" lon="25.332505">
    <ele>151</ele>
    <time>2020-09-07T22:12:41.520999Z</time>
  </trkpt>
  <trkpt lat="54.79466833" lon="25.33253667">
    <ele>151</ele>
    <time>2020-09-07T22:12:42.520999Z</time>
  </trkpt>
  <trkpt lat="54.79465167" lon="25.33256333">
    <ele>151</ele>
    <time>2020-09-07T22:12:43.519999Z</time>
  </trkpt>
  <trkpt lat="54.794635" lon="25.33259333">
    <ele>151</ele>
    <time>2020-09-07T22:12:44.520999Z</time>
  </trkpt>
  <trkpt lat="54.79461833" lon="25.33262833">
    <ele>151</ele>
    <time>2020-09-07T22:12:45.520999Z</time>
  </trkpt>
  <trkpt lat="54.79460167" lon="25.33266667">
    <ele>150</ele>
    <time>2020-09-07T22:12:46.520999Z</time>
  </trkpt>
  <trkpt lat="54.79459167" lon="25.33270167">
    <ele>150</ele>
    <time>2020-09-07T22:12:47.520999Z</time>
  </trkpt>
  <trkpt lat="54.794585" lon="25.33274333">
    <ele>150</ele>
    <time>2020-09-07T22:12:48.520999Z</time>
  </trkpt>
  <trkpt lat="54.79458333" lon="25.332775">
    <ele>150</ele>
    <time>2020-09-07T22:12:49.520999Z</time>
  </trkpt>
  <trkpt lat="54.79458" lon="25.33280833">
    <ele>150</ele>
    <time>2020-09-07T22:12:50.520999Z</time>
  </trkpt>
  <trkpt lat="54.79456833" lon="25.332855">
    <ele>150</ele>
    <time>2020-09-07T22:12:51.520999Z</time>
  </trkpt>
  <trkpt lat="54.79455" lon="25.33290333">
    <ele>151</ele>
    <time>2020-09-07T22:12:52.519999Z</time>
  </trkpt>
  <trkpt lat="54.79452833" lon="25.33292">
    <ele>151</ele>
    <time>2020-09-07T22:12:53.519999Z</time>
  </trkpt>
  <trkpt lat="54.79449667" lon="25.33292">
    <ele>151</ele>
    <time>2020-09-07T22:12:54.520999Z</time>
  </trkpt>
  <trkpt lat="54.79447833" lon="25.33291">
    <ele>151</ele>
    <time>2020-09-07T22:12:55.520999Z</time>
  </trkpt>
  <trkpt lat="54.79445833" lon="25.33289">
    <ele>151</ele>
    <time>2020-09-07T22:12:56.520999Z</time>
  </trkpt>
  <trkpt lat="54.79445167" lon="25.332865">
    <ele>151</ele>
    <time>2020-09-07T22:12:57.520999Z</time>
  </trkpt>
  <trkpt lat="54.79444333" lon="25.332835">
    <ele>152</ele>
    <time>2020-09-07T22:12:58.520999Z</time>
  </trkpt>
  <trkpt lat="54.79444" lon="25.33279167">
    <ele>152</ele>
    <time>2020-09-07T22:12:59.519999Z</time>
  </trkpt>
  <trkpt lat="54.79444167" lon="25.33275167">
    <ele>152</ele>
    <time>2020-09-07T22:13:00.519999Z</time>
  </trkpt>
  <trkpt lat="54.79444" lon="25.33271833">
    <ele>153</ele>
    <time>2020-09-07T22:13:01.519999Z</time>
  </trkpt>
  <trkpt lat="54.79443333" lon="25.33268167">
    <ele>153</ele>
    <time>2020-09-07T22:13:02.520999Z</time>
  </trkpt>
  <trkpt lat="54.794425" lon="25.332645">
    <ele>153</ele>
    <time>2020-09-07T22:13:03.520999Z</time>
  </trkpt>
  <trkpt lat="54.79442167" lon="25.332615">
    <ele>153</ele>
    <time>2020-09-07T22:13:04.520999Z</time>
  </trkpt>
  <trkpt lat="54.79441167" lon="25.332575">
    <ele>153</ele>
    <time>2020-09-07T22:13:05.520999Z</time>
  </trkpt>
  <trkpt lat="54.79439833" lon="25.33255167">
    <ele>154</ele>
    <time>2020-09-07T22:13:06.519999Z</time>
  </trkpt>
  <trkpt lat="54.79438167" lon="25.33251">
    <ele>154</ele>
    <time>2020-09-07T22:13:07.520999Z</time>
  </trkpt>
  <trkpt lat="54.79436667" lon="25.33248167">
    <ele>154</ele>
    <time>2020-09-07T22:13:08.520999Z</time>
  </trkpt>
  <trkpt lat="54.794345" lon="25.332455">
    <ele>155</ele>
    <time>2020-09-07T22:13:09.520999Z</time>
  </trkpt>
  <trkpt lat="54.79432333" lon="25.332425">
    <ele>155</ele>
    <time>2020-09-07T22:13:10.520999Z</time>
  </trkpt>
  <trkpt lat="54.794305" lon="25.332405">
    <ele>155</ele>
    <time>2020-09-07T22:13:11.519999Z</time>
  </trkpt>
  <trkpt lat="54.79428167" lon="25.33238667">
    <ele>155</ele>
    <time>2020-09-07T22:13:12.519999Z</time>
  </trkpt>
  <trkpt lat="54.79425667" lon="25.33236667">
    <ele>156</ele>
    <time>2020-09-07T22:13:13.520999Z</time>
  </trkpt>
  <trkpt lat="54.79423333" lon="25.33233667">
    <ele>156</ele>
    <time>2020-09-07T22:13:14.520999Z</time>
  </trkpt>
  <trkpt lat="54.79421167" lon="25.33231">
    <ele>156</ele>
    <time>2020-09-07T22:13:15.520999Z</time>
  </trkpt>
  <trkpt lat="54.79419167" lon="25.33228333">
    <ele>156</ele>
    <time>2020-09-07T22:13:16.520999Z</time>
  </trkpt>
  <trkpt lat="54.79416833" lon="25.33224667">
    <ele>156</ele>
    <time>2020-09-07T22:13:17.519999Z</time>
  </trkpt>
  <trkpt lat="54.79414167" lon="25.332205">
    <ele>156</ele>
    <time>2020-09-07T22:13:18.520999Z</time>
  </trkpt>
  <trkpt lat="54.79411833" lon="25.33215833">
    <ele>156</ele>
    <time>2020-09-07T22:13:19.519999Z</time>
  </trkpt>
  <trkpt lat="54.794105" lon="25.33213">
    <ele>156</ele>
    <time>2020-09-07T22:13:20.520999Z</time>
  </trkpt>
  <trkpt lat="54.79409" lon="25.33208667">
    <ele>156</ele>
    <time>2020-09-07T22:13:21.520999Z</time>
  </trkpt>
  <trkpt lat="54.79407167" lon="25.33204833">
    <ele>156</ele>
    <time>2020-09-07T22:13:22.520999Z</time>
  </trkpt>
  <trkpt lat="54.79404667" lon="25.33201667">
    <ele>156</ele>
    <time>2020-09-07T22:13:23.520999Z</time>
  </trkpt>
  <trkpt lat="54.794035" lon="25.33199167">
    <ele>156</ele>
    <time>2020-09-07T22:13:24.519999Z</time>
  </trkpt>
  <trkpt lat="54.79402" lon="25.331965">
    <ele>156</ele>
    <time>2020-09-07T22:13:25.520999Z</time>
  </trkpt>
  <trkpt lat="54.79400667" lon="25.331955">
    <ele>156</ele>
    <time>2020-09-07T22:13:26.519999Z</time>
  </trkpt>
  <trkpt lat="54.793985" lon="25.33194833">
    <ele>156</ele>
    <time>2020-09-07T22:13:27.520999Z</time>
  </trkpt>
  <trkpt lat="54.79396333" lon="25.33194">
    <ele>156</ele>
    <time>2020-09-07T22:13:28.519999Z</time>
  </trkpt>
  <trkpt lat="54.793945" lon="25.33193333">
    <ele>156</ele>
    <time>2020-09-07T22:13:29.519999Z</time>
  </trkpt>
  <trkpt lat="54.793925" lon="25.33192833">
    <ele>156</ele>
    <time>2020-09-07T22:13:30.520999Z</time>
  </trkpt>
  <trkpt lat="54.793915" lon="25.33192833">
    <ele>156</ele>
    <time>2020-09-07T22:13:31.520999Z</time>
  </trkpt>
  <trkpt lat="54.79389667" lon="25.331925">
    <ele>157</ele>
    <time>2020-09-07T22:13:32.520999Z</time>
  </trkpt>
  <trkpt lat="54.79388333" lon="25.33192333">
    <ele>157</ele>
    <time>2020-09-07T22:13:33.520999Z</time>
  </trkpt>
  <trkpt lat="54.79387167" lon="25.33191667">
    <ele>157</ele>
    <time>2020-09-07T22:13:34.519999Z</time>
  </trkpt>
  <trkpt lat="54.79386333" lon="25.33190833">
    <ele>157</ele>
    <time>2020-09-07T22:13:35.520999Z</time>
  </trkpt>
  <trkpt lat="54.79385833" lon="25.33190333">
    <ele>157</ele>
    <time>2020-09-07T22:13:36.520999Z</time>
  </trkpt>
  <trkpt lat="54.793855" lon="25.3319">
    <ele>157</ele>
    <time>2020-09-07T22:13:37.520999Z</time>
  </trkpt>
  <trkpt lat="54.79385333" lon="25.33190167">
    <ele>157</ele>
    <time>2020-09-07T22:13:38.519999Z</time>
  </trkpt>
  <trkpt lat="54.79385333" lon="25.33191333">
    <ele>157</ele>
    <time>2020-09-07T22:13:39.520999Z</time>
  </trkpt>
  <trkpt lat="54.79384833" lon="25.33193833">
    <ele>157</ele>
    <time>2020-09-07T22:13:40.519999Z</time>
  </trkpt>
  <trkpt lat="54.79384" lon="25.33196167">
    <ele>157</ele>
    <time>2020-09-07T22:13:41.520999Z</time>
  </trkpt>
  <trkpt lat="54.79382667" lon="25.33198667">
    <ele>158</ele>
    <time>2020-09-07T22:13:42.520999Z</time>
  </trkpt>
  <trkpt lat="54.79381833" lon="25.332015">
    <ele>158</ele>
    <time>2020-09-07T22:13:43.520999Z</time>
  </trkpt>
  <trkpt lat="54.793805" lon="25.33204333">
    <ele>159</ele>
    <time>2020-09-07T22:13:44.519999Z</time>
  </trkpt>
  <trkpt lat="54.79378833" lon="25.33207667">
    <ele>159</ele>
    <time>2020-09-07T22:13:45.519999Z</time>
  </trkpt>
  <trkpt lat="54.79377" lon="25.33210667">
    <ele>159</ele>
    <time>2020-09-07T22:13:46.519999Z</time>
  </trkpt>
  <trkpt lat="54.79375" lon="25.33214">
    <ele>159</ele>
    <time>2020-09-07T22:13:47.519999Z</time>
  </trkpt>
  <trkpt lat="54.79373667" lon="25.332165">
    <ele>159</ele>
    <time>2020-09-07T22:13:48.519999Z</time>
  </trkpt>
  <trkpt lat="54.793725" lon="25.33218667">
    <ele>159</ele>
    <time>2020-09-07T22:13:49.520999Z</time>
  </trkpt>
  <trkpt lat="54.79371333" lon="25.33221667">
    <ele>159</ele>
    <time>2020-09-07T22:13:50.519999Z</time>
  </trkpt>
  <trkpt lat="54.79369833" lon="25.332255">
    <ele>159</ele>
    <time>2020-09-07T22:13:51.520999Z</time>
  </trkpt>
  <trkpt lat="54.79367667" lon="25.33229167">
    <ele>158</ele>
    <time>2020-09-07T22:13:52.519999Z</time>
  </trkpt>
  <trkpt lat="54.79365833" lon="25.33232167">
    <ele>158</ele>
    <time>2020-09-07T22:13:53.519999Z</time>
  </trkpt>
  <trkpt lat="54.79364167" lon="25.33235333">
    <ele>158</ele>
    <time>2020-09-07T22:13:54.519999Z</time>
  </trkpt>
  <trkpt lat="54.79362167" lon="25.33238833">
    <ele>159</ele>
    <time>2020-09-07T22:13:55.519999Z</time>
  </trkpt>
  <trkpt lat="54.793595" lon="25.33242833">
    <ele>159</ele>
    <time>2020-09-07T22:13:56.519999Z</time>
  </trkpt>
  <trkpt lat="54.79356333" lon="25.33247167">
    <ele>159</ele>
    <time>2020-09-07T22:13:57.520999Z</time>
  </trkpt>
  <trkpt lat="54.79354333" lon="25.33249167">
    <ele>159</ele>
    <time>2020-09-07T22:13:58.520999Z</time>
  </trkpt>
  <trkpt lat="54.79352167" lon="25.332505">
    <ele>159</ele>
    <time>2020-09-07T22:13:59.520999Z</time>
  </trkpt>
  <trkpt lat="54.79348833" lon="25.33252833">
    <ele>159</ele>
    <time>2020-09-07T22:14:00.519999Z</time>
  </trkpt>
  <trkpt lat="54.79346" lon="25.332545">
    <ele>158</ele>
    <time>2020-09-07T22:14:01.519999Z</time>
  </trkpt>
  <trkpt lat="54.79343167" lon="25.33255833">
    <ele>158</ele>
    <time>2020-09-07T22:14:02.520999Z</time>
  </trkpt>
  <trkpt lat="54.79341333" lon="25.332565">
    <ele>158</ele>
    <time>2020-09-07T22:14:03.520999Z</time>
  </trkpt>
  <trkpt lat="54.79340333" lon="25.332565">
    <ele>158</ele>
    <time>2020-09-07T22:14:04.520999Z</time>
  </trkpt>
  <trkpt lat="54.79338167" lon="25.332575">
    <ele>158</ele>
    <time>2020-09-07T22:14:05.519999Z</time>
  </trkpt>
  <trkpt lat="54.79335167" lon="25.33259667">
    <ele>159</ele>
    <time>2020-09-07T22:14:06.519999Z</time>
  </trkpt>
  <trkpt lat="54.79332667" lon="25.33261167">
    <ele>159</ele>
    <time>2020-09-07T22:14:07.520999Z</time>
  </trkpt>
  <trkpt lat="54.79330667" lon="25.33262">
    <ele>159</ele>
    <time>2020-09-07T22:14:08.520999Z</time>
  </trkpt>
  <trkpt lat="54.79328833" lon="25.33263167">
    <ele>159</ele>
    <time>2020-09-07T22:14:09.520999Z</time>
  </trkpt>
  <trkpt lat="54.79327333" lon="25.33264667">
    <ele>159</ele>
    <time>2020-09-07T22:14:10.520999Z</time>
  </trkpt>
  <trkpt lat="54.79326" lon="25.33266833">
    <ele>160</ele>
    <time>2020-09-07T22:14:11.520999Z</time>
  </trkpt>
  <trkpt lat="54.79325" lon="25.33269333">
    <ele>160</ele>
    <time>2020-09-07T22:14:12.520999Z</time>
  </trkpt>
  <trkpt lat="54.79324167" lon="25.33271667">
    <ele>160</ele>
    <time>2020-09-07T22:14:13.520999Z</time>
  </trkpt>
  <trkpt lat="54.79324167" lon="25.33273">
    <ele>160</ele>
    <time>2020-09-07T22:14:14.520999Z</time>
  </trkpt>
  <trkpt lat="54.79323667" lon="25.332755">
    <ele>160</ele>
    <time>2020-09-07T22:14:15.520999Z</time>
  </trkpt>
  <trkpt lat="54.79322667" lon="25.33278667">
    <ele>160</ele>
    <time>2020-09-07T22:14:16.519999Z</time>
  </trkpt>
  <trkpt lat="54.79321667" lon="25.332825">
    <ele>160</ele>
    <time>2020-09-07T22:14:17.520999Z</time>
  </trkpt>
  <trkpt lat="54.79321" lon="25.33286167">
    <ele>160</ele>
    <time>2020-09-07T22:14:18.520999Z</time>
  </trkpt>
  <trkpt lat="54.793205" lon="25.332895">
    <ele>161</ele>
    <time>2020-09-07T22:14:19.520999Z</time>
  </trkpt>
  <trkpt lat="54.79320333" lon="25.33292167">
    <ele>161</ele>
    <time>2020-09-07T22:14:20.520999Z</time>
  </trkpt>
  <trkpt lat="54.79320333" lon="25.332945">
    <ele>161</ele>
    <time>2020-09-07T22:14:21.520999Z</time>
  </trkpt>
  <trkpt lat="54.79319667" lon="25.33297667">
    <ele>161</ele>
    <time>2020-09-07T22:14:22.520999Z</time>
  </trkpt>
  <trkpt lat="54.79319167" lon="25.33300833">
    <ele>161</ele>
    <time>2020-09-07T22:14:23.520999Z</time>
  </trkpt>
  <trkpt lat="54.79318333" lon="25.33304667">
    <ele>161</ele>
    <time>2020-09-07T22:14:24.520999Z</time>
  </trkpt>
  <trkpt lat="54.79317" lon="25.333095">
    <ele>162</ele>
    <time>2020-09-07T22:14:25.520999Z</time>
  </trkpt>
  <trkpt lat="54.79316167" lon="25.33312333">
    <ele>162</ele>
    <time>2020-09-07T22:14:26.520999Z</time>
  </trkpt>
  <trkpt lat="54.79315167" lon="25.33316">
    <ele>162</ele>
    <time>2020-09-07T22:14:27.519999Z</time>
  </trkpt>
  <trkpt lat="54.79314167" lon="25.33319833">
    <ele>163</ele>
    <time>2020-09-07T22:14:28.520999Z</time>
  </trkpt>
  <trkpt lat="54.79312833" lon="25.33323333">
    <ele>163</ele>
    <time>2020-09-07T22:14:29.520999Z</time>
  </trkpt>
  <trkpt lat="54.793095" lon="25.33328833">
    <ele>163</ele>
    <time>2020-09-07T22:14:30.520999Z</time>
  </trkpt>
  <trkpt lat="54.79307667" lon="25.33332333">
    <ele>163</ele>
    <time>2020-09-07T22:14:31.519999Z</time>
  </trkpt>
  <trkpt lat="54.793065" lon="25.33335833">
    <ele>163</ele>
    <time>2020-09-07T22:14:32.519999Z</time>
  </trkpt>
  <trkpt lat="54.79305667" lon="25.333395">
    <ele>163</ele>
    <time>2020-09-07T22:14:33.520999Z</time>
  </trkpt>
  <trkpt lat="54.79305167" lon="25.333425">
    <ele>163</ele>
    <time>2020-09-07T22:14:34.520999Z</time>
  </trkpt>
  <trkpt lat="54.793045" lon="25.33345667">
    <ele>163</ele>
    <time>2020-09-07T22:14:35.520999Z</time>
  </trkpt>
  <trkpt lat="54.79303167" lon="25.33349667">
    <ele>162</ele>
    <time>2020-09-07T22:14:36.519999Z</time>
  </trkpt>
  <trkpt lat="54.79301833" lon="25.33352833">
    <ele>162</ele>
    <time>2020-09-07T22:14:37.520999Z</time>
  </trkpt>
  <trkpt lat="54.793005" lon="25.33356167">
    <ele>162</ele>
    <time>2020-09-07T22:14:38.520999Z</time>
  </trkpt>
  <trkpt lat="54.79299" lon="25.33360167">
    <ele>162</ele>
    <time>2020-09-07T22:14:39.520999Z</time>
  </trkpt>
  <trkpt lat="54.792975" lon="25.33364333">
    <ele>162</ele>
    <time>2020-09-07T22:14:40.519999Z</time>
  </trkpt>
  <trkpt lat="54.79297" lon="25.333665">
    <ele>162</ele>
    <time>2020-09-07T22:14:41.520999Z</time>
  </trkpt>
  <trkpt lat="54.79296667" lon="25.33369">
    <ele>162</ele>
    <time>2020-09-07T22:14:42.520999Z</time>
  </trkpt>
  <trkpt lat="54.79295667" lon="25.33372333">
    <ele>163</ele>
    <time>2020-09-07T22:14:43.520999Z</time>
  </trkpt>
  <trkpt lat="54.79293" lon="25.33374667">
    <ele>163</ele>
    <time>2020-09-07T22:14:44.520999Z</time>
  </trkpt>
  <trkpt lat="54.79289667" lon="25.33375833">
    <ele>163</ele>
    <time>2020-09-07T22:14:45.520999Z</time>
  </trkpt>
  <trkpt lat="54.79286667" lon="25.33376333">
    <ele>163</ele>
    <time>2020-09-07T22:14:46.520999Z</time>
  </trkpt>
  <trkpt lat="54.79285333" lon="25.333755">
    <ele>163</ele>
    <time>2020-09-07T22:14:47.520999Z</time>
  </trkpt>
  <trkpt lat="54.79284833" lon="25.33374833">
    <ele>162</ele>
    <time>2020-09-07T22:14:48.520999Z</time>
  </trkpt>
  <trkpt lat="54.79284833" lon="25.33373833">
    <ele>162</ele>
    <time>2020-09-07T22:14:49.519999Z</time>
  </trkpt>
  <trkpt lat="54.79284667" lon="25.33372667">
    <ele>162</ele>
    <time>2020-09-07T22:14:50.520999Z</time>
  </trkpt>
  <trkpt lat="54.79284333" lon="25.33371333">
    <ele>161</ele>
    <time>2020-09-07T22:14:51.519999Z</time>
  </trkpt>
  <trkpt lat="54.792845" lon="25.33369833">
    <ele>161</ele>
    <time>2020-09-07T22:14:52.520999Z</time>
  </trkpt>
  <trkpt lat="54.79284833" lon="25.33368">
    <ele>161</ele>
    <time>2020-09-07T22:14:53.520999Z</time>
  </trkpt>
  <trkpt lat="54.79285" lon="25.33365833">
    <ele>160</ele>
    <time>2020-09-07T22:14:54.520999Z</time>
  </trkpt>
  <trkpt lat="54.79285167" lon="25.33363833">
    <ele>160</ele>
    <time>2020-09-07T22:14:55.519999Z</time>
  </trkpt>
  <trkpt lat="54.792845" lon="25.333625">
    <ele>160</ele>
    <time>2020-09-07T22:14:56.520999Z</time>
  </trkpt>
  <trkpt lat="54.79284" lon="25.333605">
    <ele>159</ele>
    <time>2020-09-07T22:14:57.520999Z</time>
  </trkpt>
  <trkpt lat="54.79283167" lon="25.33357667">
    <ele>158</ele>
    <time>2020-09-07T22:14:58.520999Z</time>
  </trkpt>
  <trkpt lat="54.792825" lon="25.33354667">
    <ele>158</ele>
    <time>2020-09-07T22:14:59.520999Z</time>
  </trkpt>
  <trkpt lat="54.79282167" lon="25.33351833">
    <ele>157</ele>
    <time>2020-09-07T22:15:00.519999Z</time>
  </trkpt>
  <trkpt lat="54.792825" lon="25.33349">
    <ele>156</ele>
    <time>2020-09-07T22:15:01.520999Z</time>
  </trkpt>
  <trkpt lat="54.792825" lon="25.33347333">
    <ele>155</ele>
    <time>2020-09-07T22:15:02.520999Z</time>
  </trkpt>
  <trkpt lat="54.79281833" lon="25.33345667">
    <ele>154</ele>
    <time>2020-09-07T22:15:03.520999Z</time>
  </trkpt>
  <trkpt lat="54.79281" lon="25.33343333">
    <ele>153</ele>
    <time>2020-09-07T22:15:04.520999Z</time>
  </trkpt>
  <trkpt lat="54.79279333" lon="25.333415">
    <ele>152</ele>
    <time>2020-09-07T22:15:05.520999Z</time>
  </trkpt>
  <trkpt lat="54.79277833" lon="25.33338">
    <ele>152</ele>
    <time>2020-09-07T22:15:06.519999Z</time>
  </trkpt>
  <trkpt lat="54.79277" lon="25.33335333">
    <ele>151</ele>
    <time>2020-09-07T22:15:07.520999Z</time>
  </trkpt>
  <trkpt lat="54.79277167" lon="25.33331667">
    <ele>150</ele>
    <time>2020-09-07T22:15:08.520999Z</time>
  </trkpt>
  <trkpt lat="54.79276667" lon="25.33327833">
    <ele>149</ele>
    <time>2020-09-07T22:15:09.520999Z</time>
  </trkpt>
  <trkpt lat="54.79275667" lon="25.33325333">
    <ele>149</ele>
    <time>2020-09-07T22:15:10.520999Z</time>
  </trkpt>
  <trkpt lat="54.79274167" lon="25.33321833">
    <ele>148</ele>
    <time>2020-09-07T22:15:11.519999Z</time>
  </trkpt>
  <trkpt lat="54.79272833" lon="25.33318333">
    <ele>147</ele>
    <time>2020-09-07T22:15:12.520999Z</time>
  </trkpt>
  <trkpt lat="54.79271667" lon="25.33315">
    <ele>147</ele>
    <time>2020-09-07T22:15:13.520999Z</time>
  </trkpt>
  <trkpt lat="54.79271" lon="25.33311333">
    <ele>146</ele>
    <time>2020-09-07T22:15:14.520999Z</time>
  </trkpt>
  <trkpt lat="54.79270833" lon="25.33307667">
    <ele>145</ele>
    <time>2020-09-07T22:15:15.519999Z</time>
  </trkpt>
  <trkpt lat="54.79270333" lon="25.333045">
    <ele>145</ele>
    <time>2020-09-07T22:15:16.519999Z</time>
  </trkpt>
  <trkpt lat="54.792695" lon="25.33302333">
    <ele>144</ele>
    <time>2020-09-07T22:15:17.519999Z</time>
  </trkpt>
  <trkpt lat="54.79268333" lon="25.33301">
    <ele>143</ele>
    <time>2020-09-07T22:15:18.519999Z</time>
  </trkpt>
  <trkpt lat="54.79267" lon="25.33300167">
    <ele>143</ele>
    <time>2020-09-07T22:15:19.519999Z</time>
  </trkpt>
  <trkpt lat="54.79265833" lon="25.33300167">
    <ele>142</ele>
    <time>2020-09-07T22:15:20.520999Z</time>
  </trkpt>
  <trkpt lat="54.79265" lon="25.33300667">
    <ele>142</ele>
    <time>2020-09-07T22:15:21.520999Z</time>
  </trkpt>
  <trkpt lat="54.79263833" lon="25.33301167">
    <ele>141</ele>
    <time>2020-09-07T22:15:22.520999Z</time>
  </trkpt>
  <trkpt lat="54.792625" lon="25.33302">
    <ele>141</ele>
    <time>2020-09-07T22:15:23.520999Z</time>
  </trkpt>
  <trkpt lat="54.792615" lon="25.33302167">
    <ele>141</ele>
    <time>2020-09-07T22:15:24.519999Z</time>
  </trkpt>
  <trkpt lat="54.792605" lon="25.333015">
    <ele>140</ele>
    <time>2020-09-07T22:15:25.520999Z</time>
  </trkpt>
  <trkpt lat="54.79259167" lon="25.33301">
    <ele>140</ele>
    <time>2020-09-07T22:15:26.519999Z</time>
  </trkpt>
  <trkpt lat="54.79257667" lon="25.33301167">
    <ele>139</ele>
    <time>2020-09-07T22:15:27.520999Z</time>
  </trkpt>
  <trkpt lat="54.79256833" lon="25.33302167">
    <ele>138</ele>
    <time>2020-09-07T22:15:28.519999Z</time>
  </trkpt>
  <trkpt lat="54.79256167" lon="25.333035">
    <ele>138</ele>
    <time>2020-09-07T22:15:29.520999Z</time>
  </trkpt>
  <trkpt lat="54.79255667" lon="25.33305167">
    <ele>137</ele>
    <time>2020-09-07T22:15:30.520999Z</time>
  </trkpt>
  <trkpt lat="54.79255" lon="25.33307333">
    <ele>137</ele>
    <time>2020-09-07T22:15:31.520999Z</time>
  </trkpt>
  <trkpt lat="54.79254167" lon="25.33309167">
    <ele>136</ele>
    <time>2020-09-07T22:15:32.520999Z</time>
  </trkpt>
  <trkpt lat="54.79252833" lon="25.33311">
    <ele>136</ele>
    <time>2020-09-07T22:15:33.520999Z</time>
  </trkpt>
  <trkpt lat="54.79252" lon="25.33311833">
    <ele>135</ele>
    <time>2020-09-07T22:15:34.519999Z</time>
  </trkpt>
  <trkpt lat="54.79251333" lon="25.33312833">
    <ele>135</ele>
    <time>2020-09-07T22:15:35.520999Z</time>
  </trkpt>
  <trkpt lat="54.79250333" lon="25.33313833">
    <ele>134</ele>
    <time>2020-09-07T22:15:36.520999Z</time>
  </trkpt>
  <trkpt lat="54.792485" lon="25.33315167">
    <ele>134</ele>
    <time>2020-09-07T22:15:37.520999Z</time>
  </trkpt>
  <trkpt lat="54.79246833" lon="25.33317">
    <ele>134</ele>
    <time>2020-09-07T22:15:38.519999Z</time>
  </trkpt>
  <trkpt lat="54.79245" lon="25.33319833">
    <ele>134</ele>
    <time>2020-09-07T22:15:39.519999Z</time>
  </trkpt>
  <trkpt lat="54.79243333" lon="25.33323">
    <ele>133</ele>
    <time>2020-09-07T22:15:40.520999Z</time>
  </trkpt>
  <trkpt lat="54.79242167" lon="25.333255">
    <ele>133</ele>
    <time>2020-09-07T22:15:41.520999Z</time>
  </trkpt>
  <trkpt lat="54.792415" lon="25.33327833">
    <ele>133</ele>
    <time>2020-09-07T22:15:42.520999Z</time>
  </trkpt>
  <trkpt lat="54.79240333" lon="25.333295">
    <ele>134</ele>
    <time>2020-09-07T22:15:43.520999Z</time>
  </trkpt>
  <trkpt lat="54.79239333" lon="25.33331333">
    <ele>134</ele>
    <time>2020-09-07T22:15:44.519999Z</time>
  </trkpt>
  <trkpt lat="54.79238167" lon="25.333325">
    <ele>134</ele>
    <time>2020-09-07T22:15:45.519999Z</time>
  </trkpt>
  <trkpt lat="54.79238167" lon="25.33333167">
    <ele>134</ele>
    <time>2020-09-07T22:15:46.520999Z</time>
  </trkpt>
  <trkpt lat="54.792375" lon="25.33334">
    <ele>134</ele>
    <time>2020-09-07T22:15:47.520999Z</time>
  </trkpt>
  <trkpt lat="54.79236667" lon="25.33335167">
    <ele>133</ele>
    <time>2020-09-07T22:15:48.520999Z</time>
  </trkpt>
  <trkpt lat="54.79235167" lon="25.33337333">
    <ele>133</ele>
    <time>2020-09-07T22:15:49.520999Z</time>
  </trkpt>
  <trkpt lat="54.79234167" lon="25.33339833">
    <ele>134</ele>
    <time>2020-09-07T22:15:50.519999Z</time>
  </trkpt>
  <trkpt lat="54.79233167" lon="25.333415">
    <ele>134</ele>
    <time>2020-09-07T22:15:51.520999Z</time>
  </trkpt>
  <trkpt lat="54.79232167" lon="25.33343833">
    <ele>134</ele>
    <time>2020-09-07T22:15:52.520999Z</time>
  </trkpt>
  <trkpt lat="54.792315" lon="25.33347">
    <ele>134</ele>
    <time>2020-09-07T22:15:53.520999Z</time>
  </trkpt>
  <trkpt lat="54.79231" lon="25.3335">
    <ele>135</ele>
    <time>2020-09-07T22:15:54.519999Z</time>
  </trkpt>
  <trkpt lat="54.7923" lon="25.33352167">
    <ele>135</ele>
    <time>2020-09-07T22:15:55.519999Z</time>
  </trkpt>
  <trkpt lat="54.79228667" lon="25.33356167">
    <ele>135</ele>
    <time>2020-09-07T22:15:56.520999Z</time>
  </trkpt>
  <trkpt lat="54.79227833" lon="25.33359667">
    <ele>135</ele>
    <time>2020-09-07T22:15:57.520999Z</time>
  </trkpt>
  <trkpt lat="54.79226667" lon="25.33363333">
    <ele>135</ele>
    <time>2020-09-07T22:15:58.520999Z</time>
  </trkpt>
  <trkpt lat="54.79225167" lon="25.33365333">
    <ele>136</ele>
    <time>2020-09-07T22:15:59.520999Z</time>
  </trkpt>
  <trkpt lat="54.79223833" lon="25.33367333">
    <ele>136</ele>
    <time>2020-09-07T22:16:00.519999Z</time>
  </trkpt>
  <trkpt lat="54.79222833" lon="25.33369167">
    <ele>136</ele>
    <time>2020-09-07T22:16:01.519999Z</time>
  </trkpt>
  <trkpt lat="54.79222167" lon="25.33371667">
    <ele>136</ele>
    <time>2020-09-07T22:16:02.519999Z</time>
  </trkpt>
  <trkpt lat="54.792215" lon="25.333745">
    <ele>137</ele>
    <time>2020-09-07T22:16:03.519999Z</time>
  </trkpt>
  <trkpt lat="54.79220667" lon="25.33377167">
    <ele>137</ele>
    <time>2020-09-07T22:16:04.519999Z</time>
  </trkpt>
  <trkpt lat="54.79219333" lon="25.33379833">
    <ele>137</ele>
    <time>2020-09-07T22:16:05.519999Z</time>
  </trkpt>
  <trkpt lat="54.79217333" lon="25.33382667">
    <ele>138</ele>
    <time>2020-09-07T22:16:06.519999Z</time>
  </trkpt>
  <trkpt lat="54.792155" lon="25.33385333">
    <ele>138</ele>
    <time>2020-09-07T22:16:07.519999Z</time>
  </trkpt>
  <trkpt lat="54.79213333" lon="25.33389">
    <ele>139</ele>
    <time>2020-09-07T22:16:08.519999Z</time>
  </trkpt>
  <trkpt lat="54.792115" lon="25.333915">
    <ele>139</ele>
    <time>2020-09-07T22:16:09.519999Z</time>
  </trkpt>
  <trkpt lat="54.79209833" lon="25.333935">
    <ele>140</ele>
    <time>2020-09-07T22:16:10.520999Z</time>
  </trkpt>
  <trkpt lat="54.79207833" lon="25.333965">
    <ele>140</ele>
    <time>2020-09-07T22:16:11.520999Z</time>
  </trkpt>
  <trkpt lat="54.79205667" lon="25.33399333">
    <ele>140</ele>
    <time>2020-09-07T22:16:12.520999Z</time>
  </trkpt>
  <trkpt lat="54.79204167" lon="25.33402">
    <ele>141</ele>
    <time>2020-09-07T22:16:13.520999Z</time>
  </trkpt>
  <trkpt lat="54.79203167" lon="25.33405">
    <ele>141</ele>
    <time>2020-09-07T22:16:14.519999Z</time>
  </trkpt>
  <trkpt lat="54.79201833" lon="25.33408833">
    <ele>141</ele>
    <time>2020-09-07T22:16:15.520999Z</time>
  </trkpt>
  <trkpt lat="54.79200667" lon="25.33412">
    <ele>141</ele>
    <time>2020-09-07T22:16:16.520999Z</time>
  </trkpt>
  <trkpt lat="54.79199" lon="25.33415">
    <ele>141</ele>
    <time>2020-09-07T22:16:17.519999Z</time>
  </trkpt>
  <trkpt lat="54.79197333" lon="25.33417167">
    <ele>141</ele>
    <time>2020-09-07T22:16:18.519999Z</time>
  </trkpt>
  <trkpt lat="54.79195333" lon="25.33419667">
    <ele>141</ele>
    <time>2020-09-07T22:16:19.520999Z</time>
  </trkpt>
  <trkpt lat="54.79193667" lon="25.33421833">
    <ele>142</ele>
    <time>2020-09-07T22:16:20.519999Z</time>
  </trkpt>
  <trkpt lat="54.79193" lon="25.33424">
    <ele>142</ele>
    <time>2020-09-07T22:16:21.520999Z</time>
  </trkpt>
  <trkpt lat="54.79192667" lon="25.33426167">
    <ele>142</ele>
    <time>2020-09-07T22:16:22.520999Z</time>
  </trkpt>
  <trkpt lat="54.79192667" lon="25.33429167">
    <ele>142</ele>
    <time>2020-09-07T22:16:23.520999Z</time>
  </trkpt>
  <trkpt lat="54.79192333" lon="25.33432">
    <ele>142</ele>
    <time>2020-09-07T22:16:24.520999Z</time>
  </trkpt>
  <trkpt lat="54.79191833" lon="25.33434167">
    <ele>142</ele>
    <time>2020-09-07T22:16:25.520999Z</time>
  </trkpt>
  <trkpt lat="54.791915" lon="25.33436833">
    <ele>142</ele>
    <time>2020-09-07T22:16:26.520999Z</time>
  </trkpt>
  <trkpt lat="54.79190833" lon="25.33439833">
    <ele>143</ele>
    <time>2020-09-07T22:16:27.520999Z</time>
  </trkpt>
  <trkpt lat="54.791905" lon="25.33444">
    <ele>143</ele>
    <time>2020-09-07T22:16:28.519999Z</time>
  </trkpt>
  <trkpt lat="54.7919" lon="25.33447833">
    <ele>143</ele>
    <time>2020-09-07T22:16:29.520999Z</time>
  </trkpt>
  <trkpt lat="54.79189833" lon="25.33450833">
    <ele>143</ele>
    <time>2020-09-07T22:16:30.520999Z</time>
  </trkpt>
  <trkpt lat="54.79189667" lon="25.33455167">
    <ele>143</ele>
    <time>2020-09-07T22:16:31.520999Z</time>
  </trkpt>
  <trkpt lat="54.791895" lon="25.33458833">
    <ele>143</ele>
    <time>2020-09-07T22:16:32.520999Z</time>
  </trkpt>
  <trkpt lat="54.79188833" lon="25.33464">
    <ele>143</ele>
    <time>2020-09-07T22:16:33.519999Z</time>
  </trkpt>
  <trkpt lat="54.79187833" lon="25.33467">
    <ele>143</ele>
    <time>2020-09-07T22:16:34.519999Z</time>
  </trkpt>
  <trkpt lat="54.79185667" lon="25.33472167">
    <ele>143</ele>
    <time>2020-09-07T22:16:35.520999Z</time>
  </trkpt>
  <trkpt lat="54.79183" lon="25.33476333">
    <ele>143</ele>
    <time>2020-09-07T22:16:36.519999Z</time>
  </trkpt>
  <trkpt lat="54.79180333" lon="25.33478833">
    <ele>143</ele>
    <time>2020-09-07T22:16:37.519999Z</time>
  </trkpt>
  <trkpt lat="54.79178333" lon="25.33480167">
    <ele>143</ele>
    <time>2020-09-07T22:16:38.520999Z</time>
  </trkpt>
  <trkpt lat="54.79177" lon="25.33480667">
    <ele>143</ele>
    <time>2020-09-07T22:16:39.520999Z</time>
  </trkpt>
  <trkpt lat="54.79175667" lon="25.33481">
    <ele>143</ele>
    <time>2020-09-07T22:16:40.520999Z</time>
  </trkpt>
  <trkpt lat="54.79174333" lon="25.33481333">
    <ele>143</ele>
    <time>2020-09-07T22:16:41.519999Z</time>
  </trkpt>
  <trkpt lat="54.79173167" lon="25.33481833">
    <ele>143</ele>
    <time>2020-09-07T22:16:42.520999Z</time>
  </trkpt>
  <trkpt lat="54.79171667" lon="25.33482333">
    <ele>143</ele>
    <time>2020-09-07T22:16:43.520999Z</time>
  </trkpt>
  <trkpt lat="54.79170667" lon="25.33483333">
    <ele>143</ele>
    <time>2020-09-07T22:16:44.519999Z</time>
  </trkpt>
  <trkpt lat="54.79168667" lon="25.33484">
    <ele>143</ele>
    <time>2020-09-07T22:16:45.520999Z</time>
  </trkpt>
  <trkpt lat="54.79167333" lon="25.33485">
    <ele>143</ele>
    <time>2020-09-07T22:16:46.519999Z</time>
  </trkpt>
  <trkpt lat="54.79165667" lon="25.33486">
    <ele>142</ele>
    <time>2020-09-07T22:16:47.520999Z</time>
  </trkpt>
  <trkpt lat="54.79164333" lon="25.33487167">
    <ele>142</ele>
    <time>2020-09-07T22:16:48.519999Z</time>
  </trkpt>
  <trkpt lat="54.79163" lon="25.33488667">
    <ele>142</ele>
    <time>2020-09-07T22:16:49.520999Z</time>
  </trkpt>
  <trkpt lat="54.79161333" lon="25.33491167">
    <ele>142</ele>
    <time>2020-09-07T22:16:50.520999Z</time>
  </trkpt>
  <trkpt lat="54.79158" lon="25.33495">
    <ele>142</ele>
    <time>2020-09-07T22:16:51.520999Z</time>
  </trkpt>
  <trkpt lat="54.79155167" lon="25.33497833">
    <ele>142</ele>
    <time>2020-09-07T22:16:52.520999Z</time>
  </trkpt>
  <trkpt lat="54.79152" lon="25.335005">
    <ele>142</ele>
    <time>2020-09-07T22:16:53.520999Z</time>
  </trkpt>
  <trkpt lat="54.79149" lon="25.33503">
    <ele>142</ele>
    <time>2020-09-07T22:16:54.520999Z</time>
  </trkpt>
  <trkpt lat="54.79146" lon="25.33504833">
    <ele>142</ele>
    <time>2020-09-07T22:16:55.520999Z</time>
  </trkpt>
  <trkpt lat="54.79143" lon="25.33506333">
    <ele>142</ele>
    <time>2020-09-07T22:16:56.520999Z</time>
  </trkpt>
  <trkpt lat="54.79140333" lon="25.335075">
    <ele>143</ele>
    <time>2020-09-07T22:16:57.520999Z</time>
  </trkpt>
  <trkpt lat="54.79138167" lon="25.33509167">
    <ele>143</ele>
    <time>2020-09-07T22:16:58.519999Z</time>
  </trkpt>
  <trkpt lat="54.79135333" lon="25.33511">
    <ele>142</ele>
    <time>2020-09-07T22:16:59.519999Z</time>
  </trkpt>
  <trkpt lat="54.79132833" lon="25.33512833">
    <ele>142</ele>
    <time>2020-09-07T22:17:00.520999Z</time>
  </trkpt>
  <trkpt lat="54.79129833" lon="25.33515167">
    <ele>142</ele>
    <time>2020-09-07T22:17:01.520999Z</time>
  </trkpt>
  <trkpt lat="54.791285" lon="25.33515667">
    <ele>142</ele>
    <time>2020-09-07T22:17:02.520999Z</time>
  </trkpt>
  <trkpt lat="54.791275" lon="25.33516333">
    <ele>142</ele>
    <time>2020-09-07T22:17:03.520999Z</time>
  </trkpt>
  <trkpt lat="54.79126333" lon="25.33517167">
    <ele>142</ele>
    <time>2020-09-07T22:17:04.520999Z</time>
  </trkpt>
  <trkpt lat="54.79124667" lon="25.33518">
    <ele>142</ele>
    <time>2020-09-07T22:17:05.520999Z</time>
  </trkpt>
  <trkpt lat="54.79123167" lon="25.335185">
    <ele>141</ele>
    <time>2020-09-07T22:17:06.520999Z</time>
  </trkpt>
  <trkpt lat="54.7912" lon="25.33520833">
    <ele>141</ele>
    <time>2020-09-07T22:17:07.520999Z</time>
  </trkpt>
  <trkpt lat="54.79116167" lon="25.33523167">
    <ele>141</ele>
    <time>2020-09-07T22:17:08.520999Z</time>
  </trkpt>
  <trkpt lat="54.79113" lon="25.335255">
    <ele>141</ele>
    <time>2020-09-07T22:17:09.519999Z</time>
  </trkpt>
  <trkpt lat="54.79111" lon="25.33526667">
    <ele>141</ele>
    <time>2020-09-07T22:17:10.520999Z</time>
  </trkpt>
  <trkpt lat="54.79109333" lon="25.33528">
    <ele>140</ele>
    <time>2020-09-07T22:17:11.520999Z</time>
  </trkpt>
  <trkpt lat="54.79107833" lon="25.33529333">
    <ele>140</ele>
    <time>2020-09-07T22:17:12.519999Z</time>
  </trkpt>
  <trkpt lat="54.79106667" lon="25.33530167">
    <ele>140</ele>
    <time>2020-09-07T22:17:13.520999Z</time>
  </trkpt>
  <trkpt lat="54.79105167" lon="25.33531">
    <ele>140</ele>
    <time>2020-09-07T22:17:14.520999Z</time>
  </trkpt>
  <trkpt lat="54.79103167" lon="25.33532667">
    <ele>140</ele>
    <time>2020-09-07T22:17:15.519999Z</time>
  </trkpt>
  <trkpt lat="54.79100833" lon="25.33534167">
    <ele>139</ele>
    <time>2020-09-07T22:17:16.520999Z</time>
  </trkpt>
  <trkpt lat="54.79098833" lon="25.335355">
    <ele>140</ele>
    <time>2020-09-07T22:17:17.520999Z</time>
  </trkpt>
  <trkpt lat="54.79097167" lon="25.33537333">
    <ele>140</ele>
    <time>2020-09-07T22:17:18.520999Z</time>
  </trkpt>
  <trkpt lat="54.790955" lon="25.335395">
    <ele>140</ele>
    <time>2020-09-07T22:17:19.520999Z</time>
  </trkpt>
  <trkpt lat="54.79094333" lon="25.33540833">
    <ele>140</ele>
    <time>2020-09-07T22:17:20.519999Z</time>
  </trkpt>
  <trkpt lat="54.790935" lon="25.33542167">
    <ele>140</ele>
    <time>2020-09-07T22:17:21.520999Z</time>
  </trkpt>
  <trkpt lat="54.79092833" lon="25.33543333">
    <ele>140</ele>
    <time>2020-09-07T22:17:22.519999Z</time>
  </trkpt>
  <trkpt lat="54.79092" lon="25.33544833">
    <ele>140</ele>
    <time>2020-09-07T22:17:23.520999Z</time>
  </trkpt>
  <trkpt lat="54.79091167" lon="25.33546333">
    <ele>140</ele>
    <time>2020-09-07T22:17:24.520999Z</time>
  </trkpt>
  <trkpt lat="54.79090167" lon="25.33547667">
    <ele>140</ele>
    <time>2020-09-07T22:17:25.519999Z</time>
  </trkpt>
  <trkpt lat="54.79089667" lon="25.33549">
    <ele>140</ele>
    <time>2020-09-07T22:17:26.520999Z</time>
  </trkpt>
  <trkpt lat="54.79089333" lon="25.335495">
    <ele>140</ele>
    <time>2020-09-07T22:17:27.520999Z</time>
  </trkpt>
  <trkpt lat="54.79089167" lon="25.3355">
    <ele>140</ele>
    <time>2020-09-07T22:17:28.520999Z</time>
  </trkpt>
  <trkpt lat="54.79089" lon="25.3355">
    <ele>139</ele>
    <time>2020-09-07T22:17:29.520999Z</time>
  </trkpt>
  <trkpt lat="54.790885" lon="25.33550667">
    <ele>139</ele>
    <time>2020-09-07T22:17:30.520999Z</time>
  </trkpt>
  <trkpt lat="54.790875" lon="25.33552333">
    <ele>138</ele>
    <time>2020-09-07T22:17:31.520999Z</time>
  </trkpt>
  <trkpt lat="54.79086667" lon="25.33554333">
    <ele>138</ele>
    <time>2020-09-07T22:17:32.520999Z</time>
  </trkpt>
  <trkpt lat="54.79086167" lon="25.335565">
    <ele>138</ele>
    <time>2020-09-07T22:17:33.520999Z</time>
  </trkpt>
  <trkpt lat="54.79086" lon="25.33557833">
    <ele>138</ele>
    <time>2020-09-07T22:17:34.519999Z</time>
  </trkpt>
  <trkpt lat="54.79085667" lon="25.33559167">
    <ele>138</ele>
    <time>2020-09-07T22:17:35.520999Z</time>
  </trkpt>
  <trkpt lat="54.790845" lon="25.33560167">
    <ele>138</ele>
    <time>2020-09-07T22:17:36.520999Z</time>
  </trkpt>
  <trkpt lat="54.79083333" lon="25.335605">
    <ele>138</ele>
    <time>2020-09-07T22:17:37.520999Z</time>
  </trkpt>
  <trkpt lat="54.79081333" lon="25.335605">
    <ele>139</ele>
    <time>2020-09-07T22:17:38.519999Z</time>
  </trkpt>
  <trkpt lat="54.79078833" lon="25.33560833">
    <ele>139</ele>
    <time>2020-09-07T22:17:39.519999Z</time>
  </trkpt>
  <trkpt lat="54.790765" lon="25.33560667">
    <ele>139</ele>
    <time>2020-09-07T22:17:40.520999Z</time>
  </trkpt>
  <trkpt lat="54.79074667" lon="25.33560333">
    <ele>140</ele>
    <time>2020-09-07T22:17:41.520999Z</time>
  </trkpt>
  <trkpt lat="54.79073167" lon="25.3356">
    <ele>140</ele>
    <time>2020-09-07T22:17:42.519999Z</time>
  </trkpt>
  <trkpt lat="54.79071167" lon="25.33559333">
    <ele>140</ele>
    <time>2020-09-07T22:17:43.519999Z</time>
  </trkpt>
  <trkpt lat="54.79068833" lon="25.33558333">
    <ele>140</ele>
    <time>2020-09-07T22:17:44.520999Z</time>
  </trkpt>
  <trkpt lat="54.79066667" lon="25.33557333">
    <ele>140</ele>
    <time>2020-09-07T22:17:45.520999Z</time>
  </trkpt>
  <trkpt lat="54.790645" lon="25.335555">
    <ele>140</ele>
    <time>2020-09-07T22:17:46.520999Z</time>
  </trkpt>
  <trkpt lat="54.79061333" lon="25.33554333">
    <ele>139</ele>
    <time>2020-09-07T22:17:47.520999Z</time>
  </trkpt>
  <trkpt lat="54.79058833" lon="25.335545">
    <ele>139</ele>
    <time>2020-09-07T22:17:48.519999Z</time>
  </trkpt>
  <trkpt lat="54.790565" lon="25.33554333">
    <ele>138</ele>
    <time>2020-09-07T22:17:49.520999Z</time>
  </trkpt>
  <trkpt lat="54.79053667" lon="25.33555333">
    <ele>137</ele>
    <time>2020-09-07T22:17:50.520999Z</time>
  </trkpt>
  <trkpt lat="54.79052" lon="25.33556667">
    <ele>137</ele>
    <time>2020-09-07T22:17:51.519999Z</time>
  </trkpt>
  <trkpt lat="54.790505" lon="25.33559333">
    <ele>137</ele>
    <time>2020-09-07T22:17:52.520999Z</time>
  </trkpt>
  <trkpt lat="54.79049167" lon="25.33561">
    <ele>136</ele>
    <time>2020-09-07T22:17:53.520999Z</time>
  </trkpt>
  <trkpt lat="54.790475" lon="25.33562333">
    <ele>136</ele>
    <time>2020-09-07T22:17:54.520999Z</time>
  </trkpt>
  <trkpt lat="54.79045167" lon="25.33563333">
    <ele>136</ele>
    <time>2020-09-07T22:17:55.520999Z</time>
  </trkpt>
  <trkpt lat="54.79043" lon="25.33563833">
    <ele>136</ele>
    <time>2020-09-07T22:17:56.519999Z</time>
  </trkpt>
  <trkpt lat="54.790405" lon="25.33563833">
    <ele>136</ele>
    <time>2020-09-07T22:17:57.520999Z</time>
  </trkpt>
  <trkpt lat="54.79038333" lon="25.33564167">
    <ele>136</ele>
    <time>2020-09-07T22:17:58.520999Z</time>
  </trkpt>
  <trkpt lat="54.79036333" lon="25.335645">
    <ele>136</ele>
    <time>2020-09-07T22:17:59.520999Z</time>
  </trkpt>
  <trkpt lat="54.79034667" lon="25.33565">
    <ele>135</ele>
    <time>2020-09-07T22:18:00.520999Z</time>
  </trkpt>
  <trkpt lat="54.79033167" lon="25.33566">
    <ele>135</ele>
    <time>2020-09-07T22:18:01.520999Z</time>
  </trkpt>
  <trkpt lat="54.79031667" lon="25.335675">
    <ele>135</ele>
    <time>2020-09-07T22:18:02.519999Z</time>
  </trkpt>
  <trkpt lat="54.79030667" lon="25.33569167">
    <ele>136</ele>
    <time>2020-09-07T22:18:03.519999Z</time>
  </trkpt>
  <trkpt lat="54.79029667" lon="25.33570833">
    <ele>136</ele>
    <time>2020-09-07T22:18:04.519999Z</time>
  </trkpt>
  <trkpt lat="54.790285" lon="25.33573">
    <ele>137</ele>
    <time>2020-09-07T22:18:05.519999Z</time>
  </trkpt>
  <trkpt lat="54.79027333" lon="25.335755">
    <ele>137</ele>
    <time>2020-09-07T22:18:06.520999Z</time>
  </trkpt>
  <trkpt lat="54.79026333" lon="25.335775">
    <ele>138</ele>
    <time>2020-09-07T22:18:07.520999Z</time>
  </trkpt>
  <trkpt lat="54.79025833" lon="25.33579833">
    <ele>139</ele>
    <time>2020-09-07T22:18:08.520999Z</time>
  </trkpt>
  <trkpt lat="54.79025167" lon="25.33582667">
    <ele>139</ele>
    <time>2020-09-07T22:18:09.519999Z</time>
  </trkpt>
  <trkpt lat="54.790235" lon="25.33585167">
    <ele>139</ele>
    <time>2020-09-07T22:18:10.520999Z</time>
  </trkpt>
  <trkpt lat="54.79022833" lon="25.33587333">
    <ele>139</ele>
    <time>2020-09-07T22:18:11.520999Z</time>
  </trkpt>
  <trkpt lat="54.79022833" lon="25.3359">
    <ele>139</ele>
    <time>2020-09-07T22:18:12.519999Z</time>
  </trkpt>
  <trkpt lat="54.79021667" lon="25.335925">
    <ele>139</ele>
    <time>2020-09-07T22:18:13.519999Z</time>
  </trkpt>
  <trkpt lat="54.79020667" lon="25.33594333">
    <ele>139</ele>
    <time>2020-09-07T22:18:14.519999Z</time>
  </trkpt>
  <trkpt lat="54.790195" lon="25.33595833">
    <ele>139</ele>
    <time>2020-09-07T22:18:15.520999Z</time>
  </trkpt>
  <trkpt lat="54.79018" lon="25.33597833">
    <ele>138</ele>
    <time>2020-09-07T22:18:16.520999Z</time>
  </trkpt>
  <trkpt lat="54.79016833" lon="25.336">
    <ele>138</ele>
    <time>2020-09-07T22:18:17.520999Z</time>
  </trkpt>
  <trkpt lat="54.79014833" lon="25.336025">
    <ele>138</ele>
    <time>2020-09-07T22:18:18.520999Z</time>
  </trkpt>
  <trkpt lat="54.790135" lon="25.33604333">
    <ele>138</ele>
    <time>2020-09-07T22:18:19.519999Z</time>
  </trkpt>
  <trkpt lat="54.79012833" lon="25.33606667">
    <ele>138</ele>
    <time>2020-09-07T22:18:20.520999Z</time>
  </trkpt>
  <trkpt lat="54.790115" lon="25.336095">
    <ele>137</ele>
    <time>2020-09-07T22:18:21.520999Z</time>
  </trkpt>
  <trkpt lat="54.79011" lon="25.336115">
    <ele>137</ele>
    <time>2020-09-07T22:18:22.519999Z</time>
  </trkpt>
  <trkpt lat="54.79011167" lon="25.33613167">
    <ele>137</ele>
    <time>2020-09-07T22:18:23.519999Z</time>
  </trkpt>
  <trkpt lat="54.79012" lon="25.33614833">
    <ele>137</ele>
    <time>2020-09-07T22:18:24.519999Z</time>
  </trkpt>
  <trkpt lat="54.79012833" lon="25.33616333">
    <ele>136</ele>
    <time>2020-09-07T22:18:25.520999Z</time>
  </trkpt>
  <trkpt lat="54.79013667" lon="25.33617667">
    <ele>136</ele>
    <time>2020-09-07T22:18:26.519999Z</time>
  </trkpt>
  <trkpt lat="54.79013833" lon="25.33618167">
    <ele>135</ele>
    <time>2020-09-07T22:18:27.519999Z</time>
  </trkpt>
  <trkpt lat="54.79013667" lon="25.33617667">
    <ele>135</ele>
    <time>2020-09-07T22:18:28.520999Z</time>
  </trkpt>
  <trkpt lat="54.79014167" lon="25.33616333">
    <ele>135</ele>
    <time>2020-09-07T22:18:29.519999Z</time>
  </trkpt>
  <trkpt lat="54.79015" lon="25.33615833">
    <ele>134</ele>
    <time>2020-09-07T22:18:30.520999Z</time>
  </trkpt>
  <trkpt lat="54.790155" lon="25.33616167">
    <ele>134</ele>
    <time>2020-09-07T22:18:31.520999Z</time>
  </trkpt>
  <trkpt lat="54.79015833" lon="25.336175">
    <ele>133</ele>
    <time>2020-09-07T22:18:32.519999Z</time>
  </trkpt>
  <trkpt lat="54.790155" lon="25.33619167">
    <ele>133</ele>
    <time>2020-09-07T22:18:33.519999Z</time>
  </trkpt>
  <trkpt lat="54.79015167" lon="25.33620333">
    <ele>133</ele>
    <time>2020-09-07T22:18:34.519999Z</time>
  </trkpt>
  <trkpt lat="54.79014667" lon="25.33621667">
    <ele>133</ele>
    <time>2020-09-07T22:18:35.520999Z</time>
  </trkpt>
  <trkpt lat="54.79014167" lon="25.33623167">
    <ele>133</ele>
    <time>2020-09-07T22:18:36.519999Z</time>
  </trkpt>
  <trkpt lat="54.79014" lon="25.33623833">
    <ele>133</ele>
    <time>2020-09-07T22:18:37.519999Z</time>
  </trkpt>
  <trkpt lat="54.79013667" lon="25.33625">
    <ele>134</ele>
    <time>2020-09-07T22:18:38.519999Z</time>
  </trkpt>
  <trkpt lat="54.79013167" lon="25.33626">
    <ele>134</ele>
    <time>2020-09-07T22:18:39.520999Z</time>
  </trkpt>
  <trkpt lat="54.79012667" lon="25.33627667">
    <ele>135</ele>
    <time>2020-09-07T22:18:40.520999Z</time>
  </trkpt>
  <trkpt lat="54.79012167" lon="25.336295">
    <ele>136</ele>
    <time>2020-09-07T22:18:41.520999Z</time>
  </trkpt>
  <trkpt lat="54.790115" lon="25.33631667">
    <ele>136</ele>
    <time>2020-09-07T22:18:42.519999Z</time>
  </trkpt>
  <trkpt lat="54.79010833" lon="25.336335">
    <ele>137</ele>
    <time>2020-09-07T22:18:43.520999Z</time>
  </trkpt>
  <trkpt lat="54.79010167" lon="25.33635167">
    <ele>137</ele>
    <time>2020-09-07T22:18:44.519999Z</time>
  </trkpt>
  <trkpt lat="54.79009167" lon="25.336365">
    <ele>138</ele>
    <time>2020-09-07T22:18:45.520999Z</time>
  </trkpt>
  <trkpt lat="54.79007333" lon="25.33639333">
    <ele>138</ele>
    <time>2020-09-07T22:18:46.519999Z</time>
  </trkpt>
  <trkpt lat="54.79006333" lon="25.33641333">
    <ele>139</ele>
    <time>2020-09-07T22:18:47.519999Z</time>
  </trkpt>
  <trkpt lat="54.79005667" lon="25.33642833">
    <ele>139</ele>
    <time>2020-09-07T22:18:48.519999Z</time>
  </trkpt>
  <trkpt lat="54.79005333" lon="25.33644">
    <ele>140</ele>
    <time>2020-09-07T22:18:49.519999Z</time>
  </trkpt>
  <trkpt lat="54.79004833" lon="25.33646667">
    <ele>140</ele>
    <time>2020-09-07T22:18:50.520999Z</time>
  </trkpt>
  <trkpt lat="54.79004167" lon="25.33648667">
    <ele>140</ele>
    <time>2020-09-07T22:18:51.520999Z</time>
  </trkpt>
  <trkpt lat="54.79003333" lon="25.33650167">
    <ele>141</ele>
    <time>2020-09-07T22:18:52.519999Z</time>
  </trkpt>
  <trkpt lat="54.79002667" lon="25.33653">
    <ele>141</ele>
    <time>2020-09-07T22:18:53.519999Z</time>
  </trkpt>
  <trkpt lat="54.79001667" lon="25.33655833">
    <ele>142</ele>
    <time>2020-09-07T22:18:54.519999Z</time>
  </trkpt>
  <trkpt lat="54.79000167" lon="25.3366">
    <ele>142</ele>
    <time>2020-09-07T22:18:55.520999Z</time>
  </trkpt>
  <trkpt lat="54.78998833" lon="25.33663">
    <ele>143</ele>
    <time>2020-09-07T22:18:56.520999Z</time>
  </trkpt>
  <trkpt lat="54.78997833" lon="25.33665833">
    <ele>143</ele>
    <time>2020-09-07T22:18:57.519999Z</time>
  </trkpt>
  <trkpt lat="54.78997333" lon="25.33669333">
    <ele>143</ele>
    <time>2020-09-07T22:18:58.519999Z</time>
  </trkpt>
  <trkpt lat="54.78997" lon="25.33672833">
    <ele>143</ele>
    <time>2020-09-07T22:18:59.519999Z</time>
  </trkpt>
  <trkpt lat="54.78996833" lon="25.33674833">
    <ele>143</ele>
    <time>2020-09-07T22:19:00.520999Z</time>
  </trkpt>
  <trkpt lat="54.789955" lon="25.33676833">
    <ele>144</ele>
    <time>2020-09-07T22:19:01.520999Z</time>
  </trkpt>
  <trkpt lat="54.78993833" lon="25.336785">
    <ele>144</ele>
    <time>2020-09-07T22:19:02.520999Z</time>
  </trkpt>
  <trkpt lat="54.78991667" lon="25.33679333">
    <ele>144</ele>
    <time>2020-09-07T22:19:03.520999Z</time>
  </trkpt>
  <trkpt lat="54.789895" lon="25.33680667">
    <ele>144</ele>
    <time>2020-09-07T22:19:04.519999Z</time>
  </trkpt>
  <trkpt lat="54.78988" lon="25.33681667">
    <ele>145</ele>
    <time>2020-09-07T22:19:05.520999Z</time>
  </trkpt>
  <trkpt lat="54.78986667" lon="25.33682833">
    <ele>145</ele>
    <time>2020-09-07T22:19:06.520999Z</time>
  </trkpt>
  <trkpt lat="54.78985667" lon="25.33684167">
    <ele>145</ele>
    <time>2020-09-07T22:19:07.520999Z</time>
  </trkpt>
  <trkpt lat="54.78984333" lon="25.33685667">
    <ele>145</ele>
    <time>2020-09-07T22:19:08.520999Z</time>
  </trkpt>
  <trkpt lat="54.78983" lon="25.336875">
    <ele>145</ele>
    <time>2020-09-07T22:19:09.519999Z</time>
  </trkpt>
  <trkpt lat="54.78982167" lon="25.33689">
    <ele>145</ele>
    <time>2020-09-07T22:19:10.520999Z</time>
  </trkpt>
  <trkpt lat="54.78981333" lon="25.33690833">
    <ele>145</ele>
    <time>2020-09-07T22:19:11.520999Z</time>
  </trkpt>
  <trkpt lat="54.78980833" lon="25.33692167">
    <ele>145</ele>
    <time>2020-09-07T22:19:12.520999Z</time>
  </trkpt>
  <trkpt lat="54.78980167" lon="25.33693167">
    <ele>145</ele>
    <time>2020-09-07T22:19:13.519999Z</time>
  </trkpt>
  <trkpt lat="54.78979" lon="25.33694833">
    <ele>145</ele>
    <time>2020-09-07T22:19:14.519999Z</time>
  </trkpt>
  <trkpt lat="54.78977333" lon="25.33697167">
    <ele>145</ele>
    <time>2020-09-07T22:19:15.520999Z</time>
  </trkpt>
  <trkpt lat="54.78974667" lon="25.33699833">
    <ele>145</ele>
    <time>2020-09-07T22:19:16.520999Z</time>
  </trkpt>
  <trkpt lat="54.789715" lon="25.337015">
    <ele>145</ele>
    <time>2020-09-07T22:19:17.519999Z</time>
  </trkpt>
  <trkpt lat="54.789685" lon="25.33704">
    <ele>145</ele>
    <time>2020-09-07T22:19:18.520999Z</time>
  </trkpt>
  <trkpt lat="54.78966" lon="25.33706">
    <ele>145</ele>
    <time>2020-09-07T22:19:19.520999Z</time>
  </trkpt>
  <trkpt lat="54.78964167" lon="25.337075">
    <ele>145</ele>
    <time>2020-09-07T22:19:20.519999Z</time>
  </trkpt>
  <trkpt lat="54.78962167" lon="25.33708667">
    <ele>145</ele>
    <time>2020-09-07T22:19:21.520999Z</time>
  </trkpt>
  <trkpt lat="54.78960333" lon="25.3371">
    <ele>145</ele>
    <time>2020-09-07T22:19:22.519999Z</time>
  </trkpt>
  <trkpt lat="54.78958167" lon="25.33712">
    <ele>145</ele>
    <time>2020-09-07T22:19:23.520999Z</time>
  </trkpt>
  <trkpt lat="54.78956167" lon="25.337135">
    <ele>145</ele>
    <time>2020-09-07T22:19:24.519999Z</time>
  </trkpt>
  <trkpt lat="54.78954" lon="25.33715167">
    <ele>145</ele>
    <time>2020-09-07T22:19:25.519999Z</time>
  </trkpt>
  <trkpt lat="54.78951833" lon="25.33716833">
    <ele>145</ele>
    <time>2020-09-07T22:19:26.520999Z</time>
  </trkpt>
  <trkpt lat="54.78949333" lon="25.33718333">
    <ele>145</ele>
    <time>2020-09-07T22:19:27.519999Z</time>
  </trkpt>
  <trkpt lat="54.78947167" lon="25.3372">
    <ele>145</ele>
    <time>2020-09-07T22:19:28.519999Z</time>
  </trkpt>
  <trkpt lat="54.78945" lon="25.33722333">
    <ele>145</ele>
    <time>2020-09-07T22:19:29.519999Z</time>
  </trkpt>
  <trkpt lat="54.78942833" lon="25.33724833">
    <ele>146</ele>
    <time>2020-09-07T22:19:30.519999Z</time>
  </trkpt>
  <trkpt lat="54.78940833" lon="25.33727">
    <ele>146</ele>
    <time>2020-09-07T22:19:31.519999Z</time>
  </trkpt>
  <trkpt lat="54.78938333" lon="25.33729167">
    <ele>146</ele>
    <time>2020-09-07T22:19:32.519999Z</time>
  </trkpt>
  <trkpt lat="54.78936667" lon="25.33731">
    <ele>146</ele>
    <time>2020-09-07T22:19:33.519999Z</time>
  </trkpt>
  <trkpt lat="54.78935667" lon="25.33733">
    <ele>146</ele>
    <time>2020-09-07T22:19:34.519999Z</time>
  </trkpt>
  <trkpt lat="54.78934167" lon="25.33735333">
    <ele>146</ele>
    <time>2020-09-07T22:19:35.519999Z</time>
  </trkpt>
  <trkpt lat="54.789315" lon="25.33738333">
    <ele>146</ele>
    <time>2020-09-07T22:19:36.519999Z</time>
  </trkpt>
  <trkpt lat="54.78929" lon="25.33741">
    <ele>146</ele>
    <time>2020-09-07T22:19:37.519999Z</time>
  </trkpt>
  <trkpt lat="54.78926833" lon="25.33743333">
    <ele>146</ele>
    <time>2020-09-07T22:19:38.519999Z</time>
  </trkpt>
  <trkpt lat="54.78924667" lon="25.33746">
    <ele>146</ele>
    <time>2020-09-07T22:19:39.519999Z</time>
  </trkpt>
  <trkpt lat="54.789225" lon="25.33748">
    <ele>146</ele>
    <time>2020-09-07T22:19:40.519999Z</time>
  </trkpt>
  <trkpt lat="54.78920667" lon="25.33748667">
    <ele>146</ele>
    <time>2020-09-07T22:19:41.520999Z</time>
  </trkpt>
  <trkpt lat="54.789185" lon="25.33749167">
    <ele>146</ele>
    <time>2020-09-07T22:19:42.519999Z</time>
  </trkpt>
  <trkpt lat="54.78916" lon="25.33750333">
    <ele>145</ele>
    <time>2020-09-07T22:19:43.519999Z</time>
  </trkpt>
  <trkpt lat="54.78913167" lon="25.33751833">
    <ele>145</ele>
    <time>2020-09-07T22:19:44.519999Z</time>
  </trkpt>
  <trkpt lat="54.78909333" lon="25.337545">
    <ele>145</ele>
    <time>2020-09-07T22:19:45.519999Z</time>
  </trkpt>
  <trkpt lat="54.78906833" lon="25.33756">
    <ele>145</ele>
    <time>2020-09-07T22:19:46.520999Z</time>
  </trkpt>
  <trkpt lat="54.78905333" lon="25.337565">
    <ele>144</ele>
    <time>2020-09-07T22:19:47.519999Z</time>
  </trkpt>
  <trkpt lat="54.78903667" lon="25.33757333">
    <ele>144</ele>
    <time>2020-09-07T22:19:48.519999Z</time>
  </trkpt>
  <trkpt lat="54.789025" lon="25.33758167">
    <ele>144</ele>
    <time>2020-09-07T22:19:49.519999Z</time>
  </trkpt>
  <trkpt lat="54.789005" lon="25.337585">
    <ele>144</ele>
    <time>2020-09-07T22:19:50.519999Z</time>
  </trkpt>
  <trkpt lat="54.78898833" lon="25.33758833">
    <ele>144</ele>
    <time>2020-09-07T22:19:51.519999Z</time>
  </trkpt>
  <trkpt lat="54.788975" lon="25.33759667">
    <ele>143</ele>
    <time>2020-09-07T22:19:52.520999Z</time>
  </trkpt>
  <trkpt lat="54.78896333" lon="25.33760667">
    <ele>143</ele>
    <time>2020-09-07T22:19:53.519999Z</time>
  </trkpt>
  <trkpt lat="54.78895" lon="25.33761833">
    <ele>143</ele>
    <time>2020-09-07T22:19:54.519999Z</time>
  </trkpt>
  <trkpt lat="54.78893333" lon="25.337635">
    <ele>143</ele>
    <time>2020-09-07T22:19:55.520999Z</time>
  </trkpt>
  <trkpt lat="54.78891667" lon="25.337655">
    <ele>142</ele>
    <time>2020-09-07T22:19:56.519999Z</time>
  </trkpt>
  <trkpt lat="54.78889333" lon="25.33767667">
    <ele>142</ele>
    <time>2020-09-07T22:19:57.520999Z</time>
  </trkpt>
  <trkpt lat="54.78886" lon="25.33770333">
    <ele>142</ele>
    <time>2020-09-07T22:19:58.519999Z</time>
  </trkpt>
  <trkpt lat="54.78882167" lon="25.33773167">
    <ele>142</ele>
    <time>2020-09-07T22:19:59.519999Z</time>
  </trkpt>
  <trkpt lat="54.78878667" lon="25.33776167">
    <ele>142</ele>
    <time>2020-09-07T22:20:00.519999Z</time>
  </trkpt>
  <trkpt lat="54.78875167" lon="25.33778333">
    <ele>142</ele>
    <time>2020-09-07T22:20:01.520999Z</time>
  </trkpt>
  <trkpt lat="54.78870833" lon="25.33780833">
    <ele>142</ele>
    <time>2020-09-07T22:20:02.519999Z</time>
  </trkpt>
  <trkpt lat="54.78866667" lon="25.33783167">
    <ele>143</ele>
    <time>2020-09-07T22:20:03.519999Z</time>
  </trkpt>
  <trkpt lat="54.788635" lon="25.33784667">
    <ele>143</ele>
    <time>2020-09-07T22:20:04.520999Z</time>
  </trkpt>
  <trkpt lat="54.78860833" lon="25.33786">
    <ele>143</ele>
    <time>2020-09-07T22:20:05.520999Z</time>
  </trkpt>
  <trkpt lat="54.788575" lon="25.33787167">
    <ele>143</ele>
    <time>2020-09-07T22:20:06.519999Z</time>
  </trkpt>
  <trkpt lat="54.78854333" lon="25.337885">
    <ele>143</ele>
    <time>2020-09-07T22:20:07.519999Z</time>
  </trkpt>
  <trkpt lat="54.78852167" lon="25.33789333">
    <ele>143</ele>
    <time>2020-09-07T22:20:08.520999Z</time>
  </trkpt>
  <trkpt lat="54.78848833" lon="25.33790833">
    <ele>143</ele>
    <time>2020-09-07T22:20:09.520999Z</time>
  </trkpt>
  <trkpt lat="54.78845667" lon="25.33791667">
    <ele>144</ele>
    <time>2020-09-07T22:20:10.519999Z</time>
  </trkpt>
  <trkpt lat="54.788415" lon="25.337935">
    <ele>144</ele>
    <time>2020-09-07T22:20:11.520999Z</time>
  </trkpt>
  <trkpt lat="54.78837167" lon="25.33795167">
    <ele>144</ele>
    <time>2020-09-07T22:20:12.520999Z</time>
  </trkpt>
  <trkpt lat="54.78833333" lon="25.33796333">
    <ele>145</ele>
    <time>2020-09-07T22:20:13.520999Z</time>
  </trkpt>
  <trkpt lat="54.788285" lon="25.33797833">
    <ele>145</ele>
    <time>2020-09-07T22:20:14.520999Z</time>
  </trkpt>
  <trkpt lat="54.78825" lon="25.33797167">
    <ele>145</ele>
    <time>2020-09-07T22:20:15.519999Z</time>
  </trkpt>
  <trkpt lat="54.78822" lon="25.33795333">
    <ele>145</ele>
    <time>2020-09-07T22:20:16.520999Z</time>
  </trkpt>
  <trkpt lat="54.78819667" lon="25.337945">
    <ele>144</ele>
    <time>2020-09-07T22:20:17.520999Z</time>
  </trkpt>
  <trkpt lat="54.78817667" lon="25.33793833">
    <ele>144</ele>
    <time>2020-09-07T22:20:18.520999Z</time>
  </trkpt>
  <trkpt lat="54.78815333" lon="25.33793167">
    <ele>144</ele>
    <time>2020-09-07T22:20:19.519999Z</time>
  </trkpt>
  <trkpt lat="54.78813167" lon="25.33792667">
    <ele>143</ele>
    <time>2020-09-07T22:20:20.520999Z</time>
  </trkpt>
  <trkpt lat="54.78811" lon="25.33792167">
    <ele>143</ele>
    <time>2020-09-07T22:20:21.520999Z</time>
  </trkpt>
  <trkpt lat="54.78808667" lon="25.33791833">
    <ele>142</ele>
    <time>2020-09-07T22:20:22.520999Z</time>
  </trkpt>
  <trkpt lat="54.78806167" lon="25.33791333">
    <ele>142</ele>
    <time>2020-09-07T22:20:23.519999Z</time>
  </trkpt>
  <trkpt lat="54.78803667" lon="25.33791167">
    <ele>141</ele>
    <time>2020-09-07T22:20:24.520999Z</time>
  </trkpt>
  <trkpt lat="54.78800833" lon="25.337905">
    <ele>141</ele>
    <time>2020-09-07T22:20:25.520999Z</time>
  </trkpt>
  <trkpt lat="54.78797833" lon="25.33790167">
    <ele>141</ele>
    <time>2020-09-07T22:20:26.520999Z</time>
  </trkpt>
  <trkpt lat="54.78795" lon="25.33790167">
    <ele>140</ele>
    <time>2020-09-07T22:20:27.520999Z</time>
  </trkpt>
  <trkpt lat="54.78793167" lon="25.33790167">
    <ele>140</ele>
    <time>2020-09-07T22:20:28.519999Z</time>
  </trkpt>
  <trkpt lat="54.78791833" lon="25.3379">
    <ele>139</ele>
    <time>2020-09-07T22:20:29.520999Z</time>
  </trkpt>
  <trkpt lat="54.787905" lon="25.33790333">
    <ele>139</ele>
    <time>2020-09-07T22:20:30.520999Z</time>
  </trkpt>
  <trkpt lat="54.78789" lon="25.33790167">
    <ele>139</ele>
    <time>2020-09-07T22:20:31.520999Z</time>
  </trkpt>
  <trkpt lat="54.78788167" lon="25.33790333">
    <ele>139</ele>
    <time>2020-09-07T22:20:32.519999Z</time>
  </trkpt>
  <trkpt lat="54.78787333" lon="25.33790833">
    <ele>139</ele>
    <time>2020-09-07T22:20:33.520999Z</time>
  </trkpt>
  <trkpt lat="54.78785833" lon="25.33791667">
    <ele>139</ele>
    <time>2020-09-07T22:20:34.520999Z</time>
  </trkpt>
  <trkpt lat="54.78784333" lon="25.33792333">
    <ele>138</ele>
    <time>2020-09-07T22:20:35.520999Z</time>
  </trkpt>
  <trkpt lat="54.78783" lon="25.33793167">
    <ele>138</ele>
    <time>2020-09-07T22:20:36.520999Z</time>
  </trkpt>
  <trkpt lat="54.78782" lon="25.33793333">
    <ele>138</ele>
    <time>2020-09-07T22:20:37.519999Z</time>
  </trkpt>
  <trkpt lat="54.787815" lon="25.33793333">
    <ele>138</ele>
    <time>2020-09-07T22:20:38.520999Z</time>
  </trkpt>
  <trkpt lat="54.78780833" lon="25.33793333">
    <ele>138</ele>
    <time>2020-09-07T22:20:39.520999Z</time>
  </trkpt>
  <trkpt lat="54.7878" lon="25.337935">
    <ele>139</ele>
    <time>2020-09-07T22:20:40.520999Z</time>
  </trkpt>
  <trkpt lat="54.78779" lon="25.33793667">
    <ele>139</ele>
    <time>2020-09-07T22:20:41.520999Z</time>
  </trkpt>
  <trkpt lat="54.78777667" lon="25.33793667">
    <ele>138</ele>
    <time>2020-09-07T22:20:42.519999Z</time>
  </trkpt>
  <trkpt lat="54.78776167" lon="25.33794">
    <ele>138</ele>
    <time>2020-09-07T22:20:43.520999Z</time>
  </trkpt>
  <trkpt lat="54.78775167" lon="25.33794667">
    <ele>138</ele>
    <time>2020-09-07T22:20:44.520999Z</time>
  </trkpt>
  <trkpt lat="54.78775" lon="25.33795333">
    <ele>138</ele>
    <time>2020-09-07T22:20:45.520999Z</time>
  </trkpt>
  <trkpt lat="54.78775333" lon="25.33796">
    <ele>138</ele>
    <time>2020-09-07T22:20:46.519999Z</time>
  </trkpt>
  <trkpt lat="54.78775333" lon="25.33796667">
    <ele>137</ele>
    <time>2020-09-07T22:20:47.519999Z</time>
  </trkpt>
  <trkpt lat="54.78775" lon="25.33797333">
    <ele>137</ele>
    <time>2020-09-07T22:20:48.519999Z</time>
  </trkpt>
  <trkpt lat="54.78774833" lon="25.33797667">
    <ele>137</ele>
    <time>2020-09-07T22:20:49.519999Z</time>
  </trkpt>
  <trkpt lat="54.787745" lon="25.337985">
    <ele>137</ele>
    <time>2020-09-07T22:20:50.519999Z</time>
  </trkpt>
  <trkpt lat="54.78774167" lon="25.33799833">
    <ele>137</ele>
    <time>2020-09-07T22:20:51.520999Z</time>
  </trkpt>
  <trkpt lat="54.78773833" lon="25.33801167">
    <ele>137</ele>
    <time>2020-09-07T22:20:52.519999Z</time>
  </trkpt>
  <trkpt lat="54.78773833" lon="25.33802667">
    <ele>137</ele>
    <time>2020-09-07T22:20:53.520999Z</time>
  </trkpt>
  <trkpt lat="54.78774" lon="25.33804167">
    <ele>137</ele>
    <time>2020-09-07T22:20:54.520999Z</time>
  </trkpt>
  <trkpt lat="54.78774" lon="25.33805333">
    <ele>137</ele>
    <time>2020-09-07T22:20:55.520999Z</time>
  </trkpt>
  <trkpt lat="54.78774167" lon="25.33806">
    <ele>138</ele>
    <time>2020-09-07T22:20:56.520999Z</time>
  </trkpt>
  <trkpt lat="54.78774167" lon="25.33807667">
    <ele>138</ele>
    <time>2020-09-07T22:20:57.519999Z</time>
  </trkpt>
  <trkpt lat="54.78773833" lon="25.33809667">
    <ele>138</ele>
    <time>2020-09-07T22:20:58.520999Z</time>
  </trkpt>
  <trkpt lat="54.78773667" lon="25.338115">
    <ele>139</ele>
    <time>2020-09-07T22:20:59.520999Z</time>
  </trkpt>
  <trkpt lat="54.78773" lon="25.33814">
    <ele>139</ele>
    <time>2020-09-07T22:21:00.520999Z</time>
  </trkpt>
  <trkpt lat="54.78772" lon="25.33815833">
    <ele>139</ele>
    <time>2020-09-07T22:21:01.519999Z</time>
  </trkpt>
  <trkpt lat="54.78771333" lon="25.33816833">
    <ele>139</ele>
    <time>2020-09-07T22:21:02.520999Z</time>
  </trkpt>
  <trkpt lat="54.78771" lon="25.33818333">
    <ele>139</ele>
    <time>2020-09-07T22:21:03.520999Z</time>
  </trkpt>
  <trkpt lat="54.78771" lon="25.33821833">
    <ele>139</ele>
    <time>2020-09-07T22:21:04.520999Z</time>
  </trkpt>
  <trkpt lat="54.78771167" lon="25.338255">
    <ele>139</ele>
    <time>2020-09-07T22:21:05.520999Z</time>
  </trkpt>
  <trkpt lat="54.78771" lon="25.33827167">
    <ele>138</ele>
    <time>2020-09-07T22:21:06.519999Z</time>
  </trkpt>
  <trkpt lat="54.78770667" lon="25.33829167">
    <ele>138</ele>
    <time>2020-09-07T22:21:07.520999Z</time>
  </trkpt>
  <trkpt lat="54.78770333" lon="25.33831333">
    <ele>138</ele>
    <time>2020-09-07T22:21:08.519999Z</time>
  </trkpt>
  <trkpt lat="54.7877" lon="25.338335">
    <ele>138</ele>
    <time>2020-09-07T22:21:09.520999Z</time>
  </trkpt>
  <trkpt lat="54.78769" lon="25.33835667">
    <ele>138</ele>
    <time>2020-09-07T22:21:10.519999Z</time>
  </trkpt>
  <trkpt lat="54.78768167" lon="25.33838">
    <ele>138</ele>
    <time>2020-09-07T22:21:11.520999Z</time>
  </trkpt>
  <trkpt lat="54.78767833" lon="25.33840667">
    <ele>139</ele>
    <time>2020-09-07T22:21:12.520999Z</time>
  </trkpt>
  <trkpt lat="54.787675" lon="25.33843167">
    <ele>139</ele>
    <time>2020-09-07T22:21:13.520999Z</time>
  </trkpt>
  <trkpt lat="54.787675" lon="25.33845167">
    <ele>139</ele>
    <time>2020-09-07T22:21:14.520999Z</time>
  </trkpt>
  <trkpt lat="54.78767333" lon="25.338465">
    <ele>139</ele>
    <time>2020-09-07T22:21:15.519999Z</time>
  </trkpt>
  <trkpt lat="54.78767" lon="25.33847833">
    <ele>139</ele>
    <time>2020-09-07T22:21:16.520999Z</time>
  </trkpt>
  <trkpt lat="54.78766167" lon="25.33851167">
    <ele>140</ele>
    <time>2020-09-07T22:21:17.520999Z</time>
  </trkpt>
  <trkpt lat="54.78765833" lon="25.33853167">
    <ele>140</ele>
    <time>2020-09-07T22:21:18.520999Z</time>
  </trkpt>
  <trkpt lat="54.787655" lon="25.33854667">
    <ele>140</ele>
    <time>2020-09-07T22:21:19.520999Z</time>
  </trkpt>
  <trkpt lat="54.787655" lon="25.33856167">
    <ele>141</ele>
    <time>2020-09-07T22:21:20.519999Z</time>
  </trkpt>
  <trkpt lat="54.787655" lon="25.33857333">
    <ele>141</ele>
    <time>2020-09-07T22:21:21.519999Z</time>
  </trkpt>
  <trkpt lat="54.787655" lon="25.33859">
    <ele>141</ele>
    <time>2020-09-07T22:21:22.520999Z</time>
  </trkpt>
  <trkpt lat="54.787655" lon="25.33860167">
    <ele>142</ele>
    <time>2020-09-07T22:21:23.520999Z</time>
  </trkpt>
  <trkpt lat="54.787655" lon="25.33861167">
    <ele>142</ele>
    <time>2020-09-07T22:21:24.519999Z</time>
  </trkpt>
  <trkpt lat="54.78765833" lon="25.338625">
    <ele>142</ele>
    <time>2020-09-07T22:21:25.520999Z</time>
  </trkpt>
  <trkpt lat="54.78766" lon="25.338635">
    <ele>143</ele>
    <time>2020-09-07T22:21:26.520999Z</time>
  </trkpt>
  <trkpt lat="54.78766" lon="25.33865">
    <ele>143</ele>
    <time>2020-09-07T22:21:27.520999Z</time>
  </trkpt>
  <trkpt lat="54.78765833" lon="25.33866667">
    <ele>144</ele>
    <time>2020-09-07T22:21:28.520999Z</time>
  </trkpt>
  <trkpt lat="54.787655" lon="25.33868167">
    <ele>144</ele>
    <time>2020-09-07T22:21:29.519999Z</time>
  </trkpt>
  <trkpt lat="54.78765167" lon="25.338695">
    <ele>145</ele>
    <time>2020-09-07T22:21:30.520999Z</time>
  </trkpt>
  <trkpt lat="54.78764833" lon="25.33871333">
    <ele>145</ele>
    <time>2020-09-07T22:21:31.520999Z</time>
  </trkpt>
  <trkpt lat="54.78765" lon="25.33873333">
    <ele>146</ele>
    <time>2020-09-07T22:21:32.520999Z</time>
  </trkpt>
  <trkpt lat="54.78765333" lon="25.33875333">
    <ele>146</ele>
    <time>2020-09-07T22:21:33.519999Z</time>
  </trkpt>
  <trkpt lat="54.78765833" lon="25.33876667">
    <ele>146</ele>
    <time>2020-09-07T22:21:34.520999Z</time>
  </trkpt>
  <trkpt lat="54.78766833" lon="25.33878167">
    <ele>146</ele>
    <time>2020-09-07T22:21:35.520999Z</time>
  </trkpt>
  <trkpt lat="54.78767833" lon="25.33879833">
    <ele>147</ele>
    <time>2020-09-07T22:21:36.520999Z</time>
  </trkpt>
  <trkpt lat="54.78768667" lon="25.33882167">
    <ele>147</ele>
    <time>2020-09-07T22:21:37.520999Z</time>
  </trkpt>
  <trkpt lat="54.787695" lon="25.33884333">
    <ele>148</ele>
    <time>2020-09-07T22:21:38.519999Z</time>
  </trkpt>
  <trkpt lat="54.78770333" lon="25.33887">
    <ele>148</ele>
    <time>2020-09-07T22:21:39.520999Z</time>
  </trkpt>
  <trkpt lat="54.78771167" lon="25.33890167">
    <ele>149</ele>
    <time>2020-09-07T22:21:40.520999Z</time>
  </trkpt>
  <trkpt lat="54.78771" lon="25.33893833">
    <ele>149</ele>
    <time>2020-09-07T22:21:41.520999Z</time>
  </trkpt>
  <trkpt lat="54.787705" lon="25.33898333">
    <ele>150</ele>
    <time>2020-09-07T22:21:42.519999Z</time>
  </trkpt>
  <trkpt lat="54.78770333" lon="25.33902833">
    <ele>150</ele>
    <time>2020-09-07T22:21:43.520999Z</time>
  </trkpt>
  <trkpt lat="54.78769833" lon="25.339055">
    <ele>150</ele>
    <time>2020-09-07T22:21:44.520999Z</time>
  </trkpt>
  <trkpt lat="54.78769667" lon="25.33907167">
    <ele>151</ele>
    <time>2020-09-07T22:21:45.520999Z</time>
  </trkpt>
  <trkpt lat="54.78769333" lon="25.33909">
    <ele>151</ele>
    <time>2020-09-07T22:21:46.520999Z</time>
  </trkpt>
  <trkpt lat="54.78769" lon="25.33911">
    <ele>152</ele>
    <time>2020-09-07T22:21:47.519999Z</time>
  </trkpt>
  <trkpt lat="54.78767" lon="25.33911833">
    <ele>153</ele>
    <time>2020-09-07T22:21:48.520999Z</time>
  </trkpt>
  <trkpt lat="54.78764167" lon="25.339135">
    <ele>153</ele>
    <time>2020-09-07T22:21:49.520999Z</time>
  </trkpt>
  <trkpt lat="54.78762167" lon="25.33914">
    <ele>154</ele>
    <time>2020-09-07T22:21:50.520999Z</time>
  </trkpt>
  <trkpt lat="54.787605" lon="25.33913333">
    <ele>154</ele>
    <time>2020-09-07T22:21:51.520999Z</time>
  </trkpt>
  <trkpt lat="54.78759" lon="25.33912667">
    <ele>154</ele>
    <time>2020-09-07T22:21:52.519999Z</time>
  </trkpt>
  <trkpt lat="54.78757333" lon="25.33912167">
    <ele>154</ele>
    <time>2020-09-07T22:21:53.520999Z</time>
  </trkpt>
  <trkpt lat="54.78756" lon="25.33912167">
    <ele>154</ele>
    <time>2020-09-07T22:21:54.520999Z</time>
  </trkpt>
  <trkpt lat="54.78755" lon="25.339125">
    <ele>154</ele>
    <time>2020-09-07T22:21:55.520999Z</time>
  </trkpt>
  <trkpt lat="54.78753833" lon="25.33912833">
    <ele>154</ele>
    <time>2020-09-07T22:21:56.519999Z</time>
  </trkpt>
  <trkpt lat="54.78752833" lon="25.33913">
    <ele>154</ele>
    <time>2020-09-07T22:21:57.520999Z</time>
  </trkpt>
  <trkpt lat="54.78751833" lon="25.33912833">
    <ele>155</ele>
    <time>2020-09-07T22:21:58.520999Z</time>
  </trkpt>
  <trkpt lat="54.78750667" lon="25.33912333">
    <ele>155</ele>
    <time>2020-09-07T22:21:59.520999Z</time>
  </trkpt>
  <trkpt lat="54.7875" lon="25.339115">
    <ele>155</ele>
    <time>2020-09-07T22:22:00.520999Z</time>
  </trkpt>
  <trkpt lat="54.78749667" lon="25.33910167">
    <ele>155</ele>
    <time>2020-09-07T22:22:01.519999Z</time>
  </trkpt>
  <trkpt lat="54.787495" lon="25.33908667">
    <ele>155</ele>
    <time>2020-09-07T22:22:02.520999Z</time>
  </trkpt>
  <trkpt lat="54.78749167" lon="25.33907833">
    <ele>155</ele>
    <time>2020-09-07T22:22:03.520999Z</time>
  </trkpt>
  <trkpt lat="54.78749" lon="25.33907667">
    <ele>155</ele>
    <time>2020-09-07T22:22:04.520999Z</time>
  </trkpt>
  <trkpt lat="54.78748833" lon="25.33907167">
    <ele>155</ele>
    <time>2020-09-07T22:22:05.519999Z</time>
  </trkpt>
  <trkpt lat="54.787485" lon="25.33906333">
    <ele>155</ele>
    <time>2020-09-07T22:22:06.520999Z</time>
  </trkpt>
  <trkpt lat="54.78748333" lon="25.33905167">
    <ele>154</ele>
    <time>2020-09-07T22:22:07.520999Z</time>
  </trkpt>
  <trkpt lat="54.78748167" lon="25.33904667">
    <ele>154</ele>
    <time>2020-09-07T22:22:08.520999Z</time>
  </trkpt>
  <trkpt lat="54.78747667" lon="25.33904333">
    <ele>154</ele>
    <time>2020-09-07T22:22:09.520999Z</time>
  </trkpt>
  <trkpt lat="54.787475" lon="25.33903667">
    <ele>154</ele>
    <time>2020-09-07T22:22:10.519999Z</time>
  </trkpt>
  <trkpt lat="54.78747" lon="25.33903167">
    <ele>154</ele>
    <time>2020-09-07T22:22:11.520999Z</time>
  </trkpt>
  <trkpt lat="54.78746" lon="25.33903">
    <ele>154</ele>
    <time>2020-09-07T22:22:12.520999Z</time>
  </trkpt>
  <trkpt lat="54.78744667" lon="25.33903167">
    <ele>153</ele>
    <time>2020-09-07T22:22:13.520999Z</time>
  </trkpt>
  <trkpt lat="54.78743167" lon="25.33903667">
    <ele>153</ele>
    <time>2020-09-07T22:22:14.519999Z</time>
  </trkpt>
  <trkpt lat="54.78742667" lon="25.33903833">
    <ele>153</ele>
    <time>2020-09-07T22:22:15.520999Z</time>
  </trkpt>
  <trkpt lat="54.78743" lon="25.33903833">
    <ele>153</ele>
    <time>2020-09-07T22:22:16.520999Z</time>
  </trkpt>
  <trkpt lat="54.787435" lon="25.33902833">
    <ele>153</ele>
    <time>2020-09-07T22:22:17.520999Z</time>
  </trkpt>
  <trkpt lat="54.78744167" lon="25.339005">
    <ele>157</ele>
    <time>2020-09-07T22:22:18.520999Z</time>
  </trkpt>
  <trkpt lat="54.78743667" lon="25.33900833">
    <ele>157</ele>
    <time>2020-09-07T22:22:19.520999Z</time>
  </trkpt>
  <trkpt lat="54.78743167" lon="25.33901167">
    <ele>158</ele>
    <time>2020-09-07T22:22:20.519999Z</time>
  </trkpt>
  <trkpt lat="54.787425" lon="25.339015">
    <ele>158</ele>
    <time>2020-09-07T22:22:21.519999Z</time>
  </trkpt>
  <trkpt lat="54.78741667" lon="25.33902">
    <ele>158</ele>
    <time>2020-09-07T22:22:22.520999Z</time>
  </trkpt>
  <trkpt lat="54.78740333" lon="25.33903">
    <ele>158</ele>
    <time>2020-09-07T22:22:23.519999Z</time>
  </trkpt>
  <trkpt lat="54.78739" lon="25.33904333">
    <ele>158</ele>
    <time>2020-09-07T22:22:24.519999Z</time>
  </trkpt>
  <trkpt lat="54.78737833" lon="25.33905167">
    <ele>158</ele>
    <time>2020-09-07T22:22:25.520999Z</time>
  </trkpt>
  <trkpt lat="54.787365" lon="25.33906333">
    <ele>158</ele>
    <time>2020-09-07T22:22:26.519999Z</time>
  </trkpt>
  <trkpt lat="54.78735167" lon="25.33907167">
    <ele>159</ele>
    <time>2020-09-07T22:22:27.520999Z</time>
  </trkpt>
  <trkpt lat="54.78734" lon="25.33908167">
    <ele>159</ele>
    <time>2020-09-07T22:22:28.520999Z</time>
  </trkpt>
  <trkpt lat="54.78733" lon="25.33908833">
    <ele>159</ele>
    <time>2020-09-07T22:22:29.519999Z</time>
  </trkpt>
  <trkpt lat="54.78730833" lon="25.33911">
    <ele>159</ele>
    <time>2020-09-07T22:22:30.519999Z</time>
  </trkpt>
  <trkpt lat="54.78728833" lon="25.33913">
    <ele>159</ele>
    <time>2020-09-07T22:22:31.520999Z</time>
  </trkpt>
  <trkpt lat="54.787265" lon="25.33914833">
    <ele>159</ele>
    <time>2020-09-07T22:22:32.520999Z</time>
  </trkpt>
  <trkpt lat="54.78725" lon="25.33916">
    <ele>159</ele>
    <time>2020-09-07T22:22:33.520999Z</time>
  </trkpt>
  <trkpt lat="54.78723" lon="25.33915667">
    <ele>159</ele>
    <time>2020-09-07T22:22:34.520999Z</time>
  </trkpt>
  <trkpt lat="54.78722167" lon="25.33915167">
    <ele>159</ele>
    <time>2020-09-07T22:22:35.520999Z</time>
  </trkpt>
  <trkpt lat="54.78721167" lon="25.33914667">
    <ele>159</ele>
    <time>2020-09-07T22:22:36.520999Z</time>
  </trkpt>
  <trkpt lat="54.78719833" lon="25.339145">
    <ele>159</ele>
    <time>2020-09-07T22:22:37.519999Z</time>
  </trkpt>
  <trkpt lat="54.78718167" lon="25.33915">
    <ele>159</ele>
    <time>2020-09-07T22:22:38.519999Z</time>
  </trkpt>
  <trkpt lat="54.78717" lon="25.33915667">
    <ele>159</ele>
    <time>2020-09-07T22:22:39.519999Z</time>
  </trkpt>
  <trkpt lat="54.78715667" lon="25.339165">
    <ele>160</ele>
    <time>2020-09-07T22:22:40.520999Z</time>
  </trkpt>
  <trkpt lat="54.787145" lon="25.33916667">
    <ele>160</ele>
    <time>2020-09-07T22:22:41.520999Z</time>
  </trkpt>
  <trkpt lat="54.78713" lon="25.33917333">
    <ele>160</ele>
    <time>2020-09-07T22:22:42.520999Z</time>
  </trkpt>
  <trkpt lat="54.78711167" lon="25.33918167">
    <ele>161</ele>
    <time>2020-09-07T22:22:43.519999Z</time>
  </trkpt>
  <trkpt lat="54.78709667" lon="25.33919167">
    <ele>161</ele>
    <time>2020-09-07T22:22:44.519999Z</time>
  </trkpt>
  <trkpt lat="54.78708833" lon="25.3392">
    <ele>161</ele>
    <time>2020-09-07T22:22:45.520999Z</time>
  </trkpt>
  <trkpt lat="54.78708333" lon="25.33920833">
    <ele>162</ele>
    <time>2020-09-07T22:22:46.520999Z</time>
  </trkpt>
  <trkpt lat="54.78708167" lon="25.33922">
    <ele>162</ele>
    <time>2020-09-07T22:22:47.520999Z</time>
  </trkpt>
  <trkpt lat="54.78708167" lon="25.33923333">
    <ele>163</ele>
    <time>2020-09-07T22:22:48.519999Z</time>
  </trkpt>
  <trkpt lat="54.78708167" lon="25.33924167">
    <ele>163</ele>
    <time>2020-09-07T22:22:49.520999Z</time>
  </trkpt>
  <trkpt lat="54.78707167" lon="25.33926167">
    <ele>164</ele>
    <time>2020-09-07T22:22:50.520999Z</time>
  </trkpt>
  <trkpt lat="54.78706333" lon="25.33927833">
    <ele>164</ele>
    <time>2020-09-07T22:22:51.519999Z</time>
  </trkpt>
  <trkpt lat="54.78705333" lon="25.33929667">
    <ele>164</ele>
    <time>2020-09-07T22:22:52.519999Z</time>
  </trkpt>
  <trkpt lat="54.78704167" lon="25.33931167">
    <ele>164</ele>
    <time>2020-09-07T22:22:53.519999Z</time>
  </trkpt>
  <trkpt lat="54.78703167" lon="25.33931833">
    <ele>164</ele>
    <time>2020-09-07T22:22:54.520999Z</time>
  </trkpt>
  <trkpt lat="54.78702167" lon="25.33932333">
    <ele>164</ele>
    <time>2020-09-07T22:22:55.520999Z</time>
  </trkpt>
  <trkpt lat="54.78701167" lon="25.33933167">
    <ele>163</ele>
    <time>2020-09-07T22:22:56.519999Z</time>
  </trkpt>
  <trkpt lat="54.78700167" lon="25.33933667">
    <ele>163</ele>
    <time>2020-09-07T22:22:57.519999Z</time>
  </trkpt>
  <trkpt lat="54.78698833" lon="25.33934167">
    <ele>163</ele>
    <time>2020-09-07T22:22:58.519999Z</time>
  </trkpt>
  <trkpt lat="54.78697667" lon="25.33934333">
    <ele>164</ele>
    <time>2020-09-07T22:22:59.519999Z</time>
  </trkpt>
  <trkpt lat="54.786965" lon="25.33934333">
    <ele>164</ele>
    <time>2020-09-07T22:23:00.519999Z</time>
  </trkpt>
  <trkpt lat="54.78695" lon="25.339345">
    <ele>164</ele>
    <time>2020-09-07T22:23:01.519999Z</time>
  </trkpt>
  <trkpt lat="54.78693667" lon="25.33935">
    <ele>165</ele>
    <time>2020-09-07T22:23:02.519999Z</time>
  </trkpt>
  <trkpt lat="54.78693" lon="25.33935833">
    <ele>165</ele>
    <time>2020-09-07T22:23:03.519999Z</time>
  </trkpt>
  <trkpt lat="54.78692167" lon="25.339365">
    <ele>165</ele>
    <time>2020-09-07T22:23:04.519999Z</time>
  </trkpt>
  <trkpt lat="54.78691167" lon="25.33937333">
    <ele>165</ele>
    <time>2020-09-07T22:23:05.519999Z</time>
  </trkpt>
  <trkpt lat="54.78689833" lon="25.33938333">
    <ele>165</ele>
    <time>2020-09-07T22:23:06.519999Z</time>
  </trkpt>
  <trkpt lat="54.78688333" lon="25.33939833">
    <ele>165</ele>
    <time>2020-09-07T22:23:07.519999Z</time>
  </trkpt>
  <trkpt lat="54.786865" lon="25.33942">
    <ele>165</ele>
    <time>2020-09-07T22:23:08.519999Z</time>
  </trkpt>
  <trkpt lat="54.78685333" lon="25.33944167">
    <ele>165</ele>
    <time>2020-09-07T22:23:09.519999Z</time>
  </trkpt>
  <trkpt lat="54.78683333" lon="25.33946333">
    <ele>165</ele>
    <time>2020-09-07T22:23:10.519999Z</time>
  </trkpt>
  <trkpt lat="54.78681" lon="25.33949333">
    <ele>165</ele>
    <time>2020-09-07T22:23:11.520999Z</time>
  </trkpt>
  <trkpt lat="54.78678833" lon="25.33953667">
    <ele>165</ele>
    <time>2020-09-07T22:23:12.519999Z</time>
  </trkpt>
  <trkpt lat="54.78676833" lon="25.33957167">
    <ele>165</ele>
    <time>2020-09-07T22:23:13.519999Z</time>
  </trkpt>
  <trkpt lat="54.78675333" lon="25.33958833">
    <ele>166</ele>
    <time>2020-09-07T22:23:14.519999Z</time>
  </trkpt>
  <trkpt lat="54.78674167" lon="25.33959667">
    <ele>166</ele>
    <time>2020-09-07T22:23:15.520999Z</time>
  </trkpt>
  <trkpt lat="54.78673" lon="25.33960667">
    <ele>166</ele>
    <time>2020-09-07T22:23:16.519999Z</time>
  </trkpt>
  <trkpt lat="54.786715" lon="25.339615">
    <ele>166</ele>
    <time>2020-09-07T22:23:17.519999Z</time>
  </trkpt>
  <trkpt lat="54.78670167" lon="25.33963">
    <ele>167</ele>
    <time>2020-09-07T22:23:18.519999Z</time>
  </trkpt>
  <trkpt lat="54.786685" lon="25.339645">
    <ele>167</ele>
    <time>2020-09-07T22:23:19.520999Z</time>
  </trkpt>
  <trkpt lat="54.786665" lon="25.33965333">
    <ele>167</ele>
    <time>2020-09-07T22:23:20.519999Z</time>
  </trkpt>
  <trkpt lat="54.78664" lon="25.33966333">
    <ele>168</ele>
    <time>2020-09-07T22:23:21.520999Z</time>
  </trkpt>
  <trkpt lat="54.78661667" lon="25.33967833">
    <ele>169</ele>
    <time>2020-09-07T22:23:22.519999Z</time>
  </trkpt>
  <trkpt lat="54.78659833" lon="25.33969333">
    <ele>169</ele>
    <time>2020-09-07T22:23:23.519999Z</time>
  </trkpt>
  <trkpt lat="54.78657667" lon="25.3397">
    <ele>169</ele>
    <time>2020-09-07T22:23:24.520999Z</time>
  </trkpt>
  <trkpt lat="54.78655167" lon="25.33971">
    <ele>169</ele>
    <time>2020-09-07T22:23:25.519999Z</time>
  </trkpt>
  <trkpt lat="54.78652833" lon="25.33972333">
    <ele>169</ele>
    <time>2020-09-07T22:23:26.520999Z</time>
  </trkpt>
  <trkpt lat="54.78651167" lon="25.33973667">
    <ele>170</ele>
    <time>2020-09-07T22:23:27.519999Z</time>
  </trkpt>
  <trkpt lat="54.78649667" lon="25.33975">
    <ele>170</ele>
    <time>2020-09-07T22:23:28.519999Z</time>
  </trkpt>
  <trkpt lat="54.78648167" lon="25.33977167">
    <ele>170</ele>
    <time>2020-09-07T22:23:29.519999Z</time>
  </trkpt>
  <trkpt lat="54.78646667" lon="25.33980333">
    <ele>169</ele>
    <time>2020-09-07T22:23:30.519999Z</time>
  </trkpt>
  <trkpt lat="54.78646167" lon="25.33982667">
    <ele>170</ele>
    <time>2020-09-07T22:23:31.520999Z</time>
  </trkpt>
  <trkpt lat="54.78644833" lon="25.33985833">
    <ele>170</ele>
    <time>2020-09-07T22:23:32.519999Z</time>
  </trkpt>
  <trkpt lat="54.78643" lon="25.33989">
    <ele>170</ele>
    <time>2020-09-07T22:23:33.519999Z</time>
  </trkpt>
  <trkpt lat="54.78640667" lon="25.33992833">
    <ele>171</ele>
    <time>2020-09-07T22:23:34.519999Z</time>
  </trkpt>
  <trkpt lat="54.78639" lon="25.33996333">
    <ele>171</ele>
    <time>2020-09-07T22:23:35.519999Z</time>
  </trkpt>
  <trkpt lat="54.78638" lon="25.33999333">
    <ele>171</ele>
    <time>2020-09-07T22:23:36.519999Z</time>
  </trkpt>
  <trkpt lat="54.786375" lon="25.340035">
    <ele>171</ele>
    <time>2020-09-07T22:23:37.519999Z</time>
  </trkpt>
  <trkpt lat="54.786375" lon="25.340065">
    <ele>171</ele>
    <time>2020-09-07T22:23:38.519999Z</time>
  </trkpt>
  <trkpt lat="54.78637667" lon="25.34009667">
    <ele>171</ele>
    <time>2020-09-07T22:23:39.519999Z</time>
  </trkpt>
  <trkpt lat="54.78637667" lon="25.34012333">
    <ele>170</ele>
    <time>2020-09-07T22:23:40.520999Z</time>
  </trkpt>
  <trkpt lat="54.78637667" lon="25.34015167">
    <ele>170</ele>
    <time>2020-09-07T22:23:41.520999Z</time>
  </trkpt>
  <trkpt lat="54.78637167" lon="25.34018">
    <ele>169</ele>
    <time>2020-09-07T22:23:42.520999Z</time>
  </trkpt>
  <trkpt lat="54.786365" lon="25.34020667">
    <ele>169</ele>
    <time>2020-09-07T22:23:43.519999Z</time>
  </trkpt>
  <trkpt lat="54.78635333" lon="25.34023833">
    <ele>169</ele>
    <time>2020-09-07T22:23:44.520999Z</time>
  </trkpt>
  <trkpt lat="54.78634167" lon="25.340265">
    <ele>169</ele>
    <time>2020-09-07T22:23:45.520999Z</time>
  </trkpt>
  <trkpt lat="54.78633333" lon="25.34029667">
    <ele>169</ele>
    <time>2020-09-07T22:23:46.520999Z</time>
  </trkpt>
  <trkpt lat="54.786325" lon="25.34032833">
    <ele>168</ele>
    <time>2020-09-07T22:23:47.519999Z</time>
  </trkpt>
  <trkpt lat="54.78631167" lon="25.34036333">
    <ele>168</ele>
    <time>2020-09-07T22:23:48.519999Z</time>
  </trkpt>
  <trkpt lat="54.786295" lon="25.34040167">
    <ele>168</ele>
    <time>2020-09-07T22:23:49.520999Z</time>
  </trkpt>
  <trkpt lat="54.78627833" lon="25.34043">
    <ele>167</ele>
    <time>2020-09-07T22:23:50.520999Z</time>
  </trkpt>
  <trkpt lat="54.78625833" lon="25.34045667">
    <ele>167</ele>
    <time>2020-09-07T22:23:51.520999Z</time>
  </trkpt>
  <trkpt lat="54.78623" lon="25.34048833">
    <ele>166</ele>
    <time>2020-09-07T22:23:52.519999Z</time>
  </trkpt>
  <trkpt lat="54.78620667" lon="25.34051333">
    <ele>166</ele>
    <time>2020-09-07T22:23:53.520999Z</time>
  </trkpt>
  <trkpt lat="54.78617833" lon="25.34054167">
    <ele>165</ele>
    <time>2020-09-07T22:23:54.520999Z</time>
  </trkpt>
  <trkpt lat="54.786155" lon="25.34055333">
    <ele>165</ele>
    <time>2020-09-07T22:23:55.520999Z</time>
  </trkpt>
  <trkpt lat="54.786125" lon="25.34056167">
    <ele>164</ele>
    <time>2020-09-07T22:23:56.519999Z</time>
  </trkpt>
  <trkpt lat="54.78609833" lon="25.34056167">
    <ele>164</ele>
    <time>2020-09-07T22:23:57.520999Z</time>
  </trkpt>
  <trkpt lat="54.78606667" lon="25.34055333">
    <ele>163</ele>
    <time>2020-09-07T22:23:58.520999Z</time>
  </trkpt>
  <trkpt lat="54.78603667" lon="25.34053">
    <ele>162</ele>
    <time>2020-09-07T22:23:59.520999Z</time>
  </trkpt>
  <trkpt lat="54.78601833" lon="25.34050667">
    <ele>162</ele>
    <time>2020-09-07T22:24:00.520999Z</time>
  </trkpt>
  <trkpt lat="54.78599333" lon="25.34048167">
    <ele>161</ele>
    <time>2020-09-07T22:24:01.519999Z</time>
  </trkpt>
  <trkpt lat="54.78597167" lon="25.34045167">
    <ele>160</ele>
    <time>2020-09-07T22:24:02.520999Z</time>
  </trkpt>
  <trkpt lat="54.78594833" lon="25.34041667">
    <ele>159</ele>
    <time>2020-09-07T22:24:03.520999Z</time>
  </trkpt>
  <trkpt lat="54.78592667" lon="25.34038667">
    <ele>158</ele>
    <time>2020-09-07T22:24:04.520999Z</time>
  </trkpt>
  <trkpt lat="54.7859" lon="25.34035167">
    <ele>158</ele>
    <time>2020-09-07T22:24:05.519999Z</time>
  </trkpt>
  <trkpt lat="54.785875" lon="25.340325">
    <ele>157</ele>
    <time>2020-09-07T22:24:06.520999Z</time>
  </trkpt>
  <trkpt lat="54.78586" lon="25.34028833">
    <ele>157</ele>
    <time>2020-09-07T22:24:07.520999Z</time>
  </trkpt>
  <trkpt lat="54.78583833" lon="25.34026">
    <ele>157</ele>
    <time>2020-09-07T22:24:08.520999Z</time>
  </trkpt>
  <trkpt lat="54.78581833" lon="25.34023667">
    <ele>157</ele>
    <time>2020-09-07T22:24:09.520999Z</time>
  </trkpt>
  <trkpt lat="54.7858" lon="25.34022">
    <ele>157</ele>
    <time>2020-09-07T22:24:10.519999Z</time>
  </trkpt>
  <trkpt lat="54.78577167" lon="25.34021167">
    <ele>157</ele>
    <time>2020-09-07T22:24:11.520999Z</time>
  </trkpt>
  <trkpt lat="54.78575167" lon="25.34020167">
    <ele>157</ele>
    <time>2020-09-07T22:24:12.520999Z</time>
  </trkpt>
  <trkpt lat="54.78573167" lon="25.34018333">
    <ele>157</ele>
    <time>2020-09-07T22:24:13.520999Z</time>
  </trkpt>
  <trkpt lat="54.78571167" lon="25.34017333">
    <ele>157</ele>
    <time>2020-09-07T22:24:14.519999Z</time>
  </trkpt>
  <trkpt lat="54.785695" lon="25.34015667">
    <ele>158</ele>
    <time>2020-09-07T22:24:15.519999Z</time>
  </trkpt>
  <trkpt lat="54.78567833" lon="25.34014667">
    <ele>158</ele>
    <time>2020-09-07T22:24:16.520999Z</time>
  </trkpt>
  <trkpt lat="54.78565833" lon="25.340125">
    <ele>158</ele>
    <time>2020-09-07T22:24:17.520999Z</time>
  </trkpt>
  <trkpt lat="54.78564333" lon="25.34010167">
    <ele>158</ele>
    <time>2020-09-07T22:24:18.520999Z</time>
  </trkpt>
  <trkpt lat="54.785635" lon="25.34008167">
    <ele>158</ele>
    <time>2020-09-07T22:24:19.519999Z</time>
  </trkpt>
  <trkpt lat="54.78562167" lon="25.34005833">
    <ele>158</ele>
    <time>2020-09-07T22:24:20.520999Z</time>
  </trkpt>
  <trkpt lat="54.78560167" lon="25.34004167">
    <ele>159</ele>
    <time>2020-09-07T22:24:21.519999Z</time>
  </trkpt>
  <trkpt lat="54.78556833" lon="25.34001833">
    <ele>159</ele>
    <time>2020-09-07T22:24:22.519999Z</time>
  </trkpt>
  <trkpt lat="54.78554833" lon="25.34000333">
    <ele>159</ele>
    <time>2020-09-07T22:24:23.520999Z</time>
  </trkpt>
  <trkpt lat="54.78553667" lon="25.33998">
    <ele>159</ele>
    <time>2020-09-07T22:24:24.520999Z</time>
  </trkpt>
  <trkpt lat="54.785525" lon="25.33997167">
    <ele>160</ele>
    <time>2020-09-07T22:24:25.519999Z</time>
  </trkpt>
  <trkpt lat="54.78550167" lon="25.339955">
    <ele>160</ele>
    <time>2020-09-07T22:24:26.520999Z</time>
  </trkpt>
  <trkpt lat="54.78548" lon="25.33995167">
    <ele>160</ele>
    <time>2020-09-07T22:24:27.520999Z</time>
  </trkpt>
  <trkpt lat="54.785445" lon="25.33995333">
    <ele>160</ele>
    <time>2020-09-07T22:24:28.520999Z</time>
  </trkpt>
  <trkpt lat="54.78541833" lon="25.33995">
    <ele>160</ele>
    <time>2020-09-07T22:24:29.520999Z</time>
  </trkpt>
  <trkpt lat="54.78539167" lon="25.33994">
    <ele>160</ele>
    <time>2020-09-07T22:24:30.519999Z</time>
  </trkpt>
  <trkpt lat="54.785365" lon="25.33993">
    <ele>160</ele>
    <time>2020-09-07T22:24:31.520999Z</time>
  </trkpt>
  <trkpt lat="54.78533167" lon="25.33992">
    <ele>160</ele>
    <time>2020-09-07T22:24:32.519999Z</time>
  </trkpt>
  <trkpt lat="54.785305" lon="25.33990833">
    <ele>160</ele>
    <time>2020-09-07T22:24:33.519999Z</time>
  </trkpt>
  <trkpt lat="54.78528167" lon="25.33989">
    <ele>160</ele>
    <time>2020-09-07T22:24:34.519999Z</time>
  </trkpt>
  <trkpt lat="54.78525833" lon="25.33987667">
    <ele>160</ele>
    <time>2020-09-07T22:24:35.520999Z</time>
  </trkpt>
  <trkpt lat="54.78524" lon="25.33986833">
    <ele>159</ele>
    <time>2020-09-07T22:24:36.520999Z</time>
  </trkpt>
  <trkpt lat="54.78521" lon="25.33985167">
    <ele>159</ele>
    <time>2020-09-07T22:24:37.520999Z</time>
  </trkpt>
  <trkpt lat="54.78519167" lon="25.33983833">
    <ele>159</ele>
    <time>2020-09-07T22:24:38.520999Z</time>
  </trkpt>
  <trkpt lat="54.78517333" lon="25.33982">
    <ele>158</ele>
    <time>2020-09-07T22:24:39.519999Z</time>
  </trkpt>
  <trkpt lat="54.78515333" lon="25.33979">
    <ele>158</ele>
    <time>2020-09-07T22:24:40.520999Z</time>
  </trkpt>
  <trkpt lat="54.78513167" lon="25.33977">
    <ele>158</ele>
    <time>2020-09-07T22:24:41.520999Z</time>
  </trkpt>
  <trkpt lat="54.78511" lon="25.33975333">
    <ele>158</ele>
    <time>2020-09-07T22:24:42.520999Z</time>
  </trkpt>
  <trkpt lat="54.78509167" lon="25.33973333">
    <ele>157</ele>
    <time>2020-09-07T22:24:43.519999Z</time>
  </trkpt>
  <trkpt lat="54.785075" lon="25.339715">
    <ele>157</ele>
    <time>2020-09-07T22:24:44.520999Z</time>
  </trkpt>
  <trkpt lat="54.78505667" lon="25.339695">
    <ele>156</ele>
    <time>2020-09-07T22:24:45.520999Z</time>
  </trkpt>
  <trkpt lat="54.78503833" lon="25.33967667">
    <ele>156</ele>
    <time>2020-09-07T22:24:46.520999Z</time>
  </trkpt>
  <trkpt lat="54.78502167" lon="25.33965833">
    <ele>155</ele>
    <time>2020-09-07T22:24:47.520999Z</time>
  </trkpt>
  <trkpt lat="54.785005" lon="25.339645">
    <ele>155</ele>
    <time>2020-09-07T22:24:48.519999Z</time>
  </trkpt>
  <trkpt lat="54.784985" lon="25.33962667">
    <ele>154</ele>
    <time>2020-09-07T22:24:49.520999Z</time>
  </trkpt>
  <trkpt lat="54.78496167" lon="25.339605">
    <ele>154</ele>
    <time>2020-09-07T22:24:50.520999Z</time>
  </trkpt>
  <trkpt lat="54.784945" lon="25.3396">
    <ele>154</ele>
    <time>2020-09-07T22:24:51.520999Z</time>
  </trkpt>
  <trkpt lat="54.784925" lon="25.33960833">
    <ele>154</ele>
    <time>2020-09-07T22:24:52.519999Z</time>
  </trkpt>
  <trkpt lat="54.78490667" lon="25.33962">
    <ele>154</ele>
    <time>2020-09-07T22:24:53.520999Z</time>
  </trkpt>
  <trkpt lat="54.78488667" lon="25.33963667">
    <ele>154</ele>
    <time>2020-09-07T22:24:54.519999Z</time>
  </trkpt>
  <trkpt lat="54.784865" lon="25.33966">
    <ele>153</ele>
    <time>2020-09-07T22:24:55.520999Z</time>
  </trkpt>
  <trkpt lat="54.784845" lon="25.33967333">
    <ele>153</ele>
    <time>2020-09-07T22:24:56.520999Z</time>
  </trkpt>
  <trkpt lat="54.784825" lon="25.33968667">
    <ele>153</ele>
    <time>2020-09-07T22:24:57.519999Z</time>
  </trkpt>
  <trkpt lat="54.78479333" lon="25.33968">
    <ele>153</ele>
    <time>2020-09-07T22:24:58.520999Z</time>
  </trkpt>
  <trkpt lat="54.784765" lon="25.33967333">
    <ele>153</ele>
    <time>2020-09-07T22:24:59.520999Z</time>
  </trkpt>
  <trkpt lat="54.78474" lon="25.33966833">
    <ele>153</ele>
    <time>2020-09-07T22:25:00.520999Z</time>
  </trkpt>
  <trkpt lat="54.78471667" lon="25.33966333">
    <ele>152</ele>
    <time>2020-09-07T22:25:01.519999Z</time>
  </trkpt>
  <trkpt lat="54.78469167" lon="25.33965833">
    <ele>152</ele>
    <time>2020-09-07T22:25:02.520999Z</time>
  </trkpt>
  <trkpt lat="54.78467333" lon="25.33964833">
    <ele>152</ele>
    <time>2020-09-07T22:25:03.520999Z</time>
  </trkpt>
  <trkpt lat="54.78464833" lon="25.339635">
    <ele>152</ele>
    <time>2020-09-07T22:25:04.520999Z</time>
  </trkpt>
  <trkpt lat="54.78462667" lon="25.33963">
    <ele>152</ele>
    <time>2020-09-07T22:25:05.520999Z</time>
  </trkpt>
  <trkpt lat="54.78460333" lon="25.33963">
    <ele>153</ele>
    <time>2020-09-07T22:25:06.519999Z</time>
  </trkpt>
  <trkpt lat="54.78457833" lon="25.33963167">
    <ele>153</ele>
    <time>2020-09-07T22:25:07.519999Z</time>
  </trkpt>
  <trkpt lat="54.78454833" lon="25.33963833">
    <ele>152</ele>
    <time>2020-09-07T22:25:08.520999Z</time>
  </trkpt>
  <trkpt lat="54.78451833" lon="25.33965">
    <ele>153</ele>
    <time>2020-09-07T22:25:09.520999Z</time>
  </trkpt>
  <trkpt lat="54.78448333" lon="25.33965667">
    <ele>153</ele>
    <time>2020-09-07T22:25:10.520999Z</time>
  </trkpt>
  <trkpt lat="54.78445333" lon="25.33965833">
    <ele>153</ele>
    <time>2020-09-07T22:25:11.519999Z</time>
  </trkpt>
  <trkpt lat="54.78443" lon="25.33966167">
    <ele>153</ele>
    <time>2020-09-07T22:25:12.520999Z</time>
  </trkpt>
  <trkpt lat="54.78441" lon="25.33965833">
    <ele>153</ele>
    <time>2020-09-07T22:25:13.520999Z</time>
  </trkpt>
  <trkpt lat="54.78438167" lon="25.33965833">
    <ele>153</ele>
    <time>2020-09-07T22:25:14.520999Z</time>
  </trkpt>
  <trkpt lat="54.78436" lon="25.33965167">
    <ele>153</ele>
    <time>2020-09-07T22:25:15.519999Z</time>
  </trkpt>
  <trkpt lat="54.78434333" lon="25.33964167">
    <ele>153</ele>
    <time>2020-09-07T22:25:16.520999Z</time>
  </trkpt>
  <trkpt lat="54.78432" lon="25.33964167">
    <ele>153</ele>
    <time>2020-09-07T22:25:17.520999Z</time>
  </trkpt>
  <trkpt lat="54.78429167" lon="25.339655">
    <ele>152</ele>
    <time>2020-09-07T22:25:18.520999Z</time>
  </trkpt>
  <trkpt lat="54.78426167" lon="25.33967667">
    <ele>152</ele>
    <time>2020-09-07T22:25:19.520999Z</time>
  </trkpt>
  <trkpt lat="54.78423333" lon="25.33969333">
    <ele>151</ele>
    <time>2020-09-07T22:25:20.519999Z</time>
  </trkpt>
  <trkpt lat="54.78420333" lon="25.33970833">
    <ele>151</ele>
    <time>2020-09-07T22:25:21.520999Z</time>
  </trkpt>
  <trkpt lat="54.78417333" lon="25.33971833">
    <ele>151</ele>
    <time>2020-09-07T22:25:22.520999Z</time>
  </trkpt>
  <trkpt lat="54.78414667" lon="25.339725">
    <ele>151</ele>
    <time>2020-09-07T22:25:23.520999Z</time>
  </trkpt>
  <trkpt lat="54.78411667" lon="25.33973333">
    <ele>152</ele>
    <time>2020-09-07T22:25:24.519999Z</time>
  </trkpt>
  <trkpt lat="54.78409333" lon="25.33973333">
    <ele>152</ele>
    <time>2020-09-07T22:25:25.519999Z</time>
  </trkpt>
  <trkpt lat="54.78406833" lon="25.33973833">
    <ele>152</ele>
    <time>2020-09-07T22:25:26.520999Z</time>
  </trkpt>
  <trkpt lat="54.78403167" lon="25.33973833">
    <ele>152</ele>
    <time>2020-09-07T22:25:27.520999Z</time>
  </trkpt>
  <trkpt lat="54.78399833" lon="25.33974167">
    <ele>153</ele>
    <time>2020-09-07T22:25:28.520999Z</time>
  </trkpt>
  <trkpt lat="54.78396667" lon="25.33975167">
    <ele>153</ele>
    <time>2020-09-07T22:25:29.519999Z</time>
  </trkpt>
  <trkpt lat="54.783945" lon="25.339755">
    <ele>153</ele>
    <time>2020-09-07T22:25:30.520999Z</time>
  </trkpt>
  <trkpt lat="54.78392333" lon="25.33974667">
    <ele>153</ele>
    <time>2020-09-07T22:25:31.519999Z</time>
  </trkpt>
  <trkpt lat="54.78390667" lon="25.33974333">
    <ele>153</ele>
    <time>2020-09-07T22:25:32.520999Z</time>
  </trkpt>
  <trkpt lat="54.78388667" lon="25.33974667">
    <ele>154</ele>
    <time>2020-09-07T22:25:33.519999Z</time>
  </trkpt>
  <trkpt lat="54.78386333" lon="25.33975833">
    <ele>154</ele>
    <time>2020-09-07T22:25:34.519999Z</time>
  </trkpt>
  <trkpt lat="54.783845" lon="25.33976833">
    <ele>154</ele>
    <time>2020-09-07T22:25:35.519999Z</time>
  </trkpt>
  <trkpt lat="54.783815" lon="25.33977667">
    <ele>154</ele>
    <time>2020-09-07T22:25:36.519999Z</time>
  </trkpt>
  <trkpt lat="54.78379167" lon="25.33978167">
    <ele>154</ele>
    <time>2020-09-07T22:25:37.520999Z</time>
  </trkpt>
  <trkpt lat="54.78376667" lon="25.33978667">
    <ele>154</ele>
    <time>2020-09-07T22:25:38.519999Z</time>
  </trkpt>
  <trkpt lat="54.78374667" lon="25.33978667">
    <ele>154</ele>
    <time>2020-09-07T22:25:39.520999Z</time>
  </trkpt>
  <trkpt lat="54.78372" lon="25.339785">
    <ele>154</ele>
    <time>2020-09-07T22:25:40.520999Z</time>
  </trkpt>
  <trkpt lat="54.7837" lon="25.339775">
    <ele>154</ele>
    <time>2020-09-07T22:25:41.520999Z</time>
  </trkpt>
  <trkpt lat="54.78367833" lon="25.33976667">
    <ele>154</ele>
    <time>2020-09-07T22:25:42.520999Z</time>
  </trkpt>
  <trkpt lat="54.78365833" lon="25.33975167">
    <ele>154</ele>
    <time>2020-09-07T22:25:43.519999Z</time>
  </trkpt>
  <trkpt lat="54.78364333" lon="25.33972167">
    <ele>154</ele>
    <time>2020-09-07T22:25:44.520999Z</time>
  </trkpt>
  <trkpt lat="54.783625" lon="25.33969">
    <ele>154</ele>
    <time>2020-09-07T22:25:45.520999Z</time>
  </trkpt>
  <trkpt lat="54.78360333" lon="25.33964833">
    <ele>154</ele>
    <time>2020-09-07T22:25:46.520999Z</time>
  </trkpt>
  <trkpt lat="54.783585" lon="25.33960833">
    <ele>154</ele>
    <time>2020-09-07T22:25:47.519999Z</time>
  </trkpt>
  <trkpt lat="54.783575" lon="25.33957667">
    <ele>154</ele>
    <time>2020-09-07T22:25:48.520999Z</time>
  </trkpt>
  <trkpt lat="54.78357333" lon="25.33953">
    <ele>154</ele>
    <time>2020-09-07T22:25:49.520999Z</time>
  </trkpt>
  <trkpt lat="54.783575" lon="25.33949">
    <ele>154</ele>
    <time>2020-09-07T22:25:50.520999Z</time>
  </trkpt>
  <trkpt lat="54.78357333" lon="25.33945">
    <ele>153</ele>
    <time>2020-09-07T22:25:51.520999Z</time>
  </trkpt>
  <trkpt lat="54.78357" lon="25.33941833">
    <ele>154</ele>
    <time>2020-09-07T22:25:52.519999Z</time>
  </trkpt>
  <trkpt lat="54.78356833" lon="25.33938667">
    <ele>154</ele>
    <time>2020-09-07T22:25:53.520999Z</time>
  </trkpt>
  <trkpt lat="54.78356833" lon="25.33935167">
    <ele>153</ele>
    <time>2020-09-07T22:25:54.520999Z</time>
  </trkpt>
  <trkpt lat="54.78357" lon="25.339315">
    <ele>154</ele>
    <time>2020-09-07T22:25:55.520999Z</time>
  </trkpt>
  <trkpt lat="54.78356667" lon="25.33929167">
    <ele>154</ele>
    <time>2020-09-07T22:25:56.519999Z</time>
  </trkpt>
  <trkpt lat="54.78356333" lon="25.33926">
    <ele>153</ele>
    <time>2020-09-07T22:25:57.519999Z</time>
  </trkpt>
  <trkpt lat="54.78356833" lon="25.33922167">
    <ele>153</ele>
    <time>2020-09-07T22:25:58.519999Z</time>
  </trkpt>
  <trkpt lat="54.78357333" lon="25.33919">
    <ele>154</ele>
    <time>2020-09-07T22:25:59.519999Z</time>
  </trkpt>
  <trkpt lat="54.78357667" lon="25.33915667">
    <ele>154</ele>
    <time>2020-09-07T22:26:00.519999Z</time>
  </trkpt>
  <trkpt lat="54.78358" lon="25.339125">
    <ele>154</ele>
    <time>2020-09-07T22:26:01.519999Z</time>
  </trkpt>
  <trkpt lat="54.783585" lon="25.33908667">
    <ele>154</ele>
    <time>2020-09-07T22:26:02.520999Z</time>
  </trkpt>
  <trkpt lat="54.78359167" lon="25.33904833">
    <ele>154</ele>
    <time>2020-09-07T22:26:03.520999Z</time>
  </trkpt>
  <trkpt lat="54.783595" lon="25.33900833">
    <ele>154</ele>
    <time>2020-09-07T22:26:04.519999Z</time>
  </trkpt>
  <trkpt lat="54.78360333" lon="25.33896833">
    <ele>155</ele>
    <time>2020-09-07T22:26:05.520999Z</time>
  </trkpt>
  <trkpt lat="54.78361333" lon="25.338925">
    <ele>155</ele>
    <time>2020-09-07T22:26:06.520999Z</time>
  </trkpt>
  <trkpt lat="54.783625" lon="25.338885">
    <ele>156</ele>
    <time>2020-09-07T22:26:07.520999Z</time>
  </trkpt>
  <trkpt lat="54.78363833" lon="25.33883833">
    <ele>157</ele>
    <time>2020-09-07T22:26:08.519999Z</time>
  </trkpt>
  <trkpt lat="54.783645" lon="25.33880167">
    <ele>158</ele>
    <time>2020-09-07T22:26:09.520999Z</time>
  </trkpt>
  <trkpt lat="54.78365167" lon="25.33875833">
    <ele>158</ele>
    <time>2020-09-07T22:26:10.520999Z</time>
  </trkpt>
  <trkpt lat="54.78365833" lon="25.33872167">
    <ele>159</ele>
    <time>2020-09-07T22:26:11.520999Z</time>
  </trkpt>
  <trkpt lat="54.78367333" lon="25.33866833">
    <ele>160</ele>
    <time>2020-09-07T22:26:12.520999Z</time>
  </trkpt>
  <trkpt lat="54.78368333" lon="25.33861667">
    <ele>160</ele>
    <time>2020-09-07T22:26:13.519999Z</time>
  </trkpt>
  <trkpt lat="54.78368667" lon="25.33856">
    <ele>160</ele>
    <time>2020-09-07T22:26:14.520999Z</time>
  </trkpt>
  <trkpt lat="54.783695" lon="25.338505">
    <ele>160</ele>
    <time>2020-09-07T22:26:15.520999Z</time>
  </trkpt>
  <trkpt lat="54.78370333" lon="25.33847">
    <ele>160</ele>
    <time>2020-09-07T22:26:16.520999Z</time>
  </trkpt>
  <trkpt lat="54.78371167" lon="25.33843333">
    <ele>160</ele>
    <time>2020-09-07T22:26:17.519999Z</time>
  </trkpt>
  <trkpt lat="54.78372" lon="25.338395">
    <ele>160</ele>
    <time>2020-09-07T22:26:18.520999Z</time>
  </trkpt>
  <trkpt lat="54.78372833" lon="25.33836">
    <ele>160</ele>
    <time>2020-09-07T22:26:19.520999Z</time>
  </trkpt>
  <trkpt lat="54.78373833" lon="25.338325">
    <ele>160</ele>
    <time>2020-09-07T22:26:20.520999Z</time>
  </trkpt>
  <trkpt lat="54.78375167" lon="25.33829333">
    <ele>160</ele>
    <time>2020-09-07T22:26:21.520999Z</time>
  </trkpt>
  <trkpt lat="54.78376" lon="25.33826167">
    <ele>160</ele>
    <time>2020-09-07T22:26:22.519999Z</time>
  </trkpt>
  <trkpt lat="54.783775" lon="25.33822167">
    <ele>160</ele>
    <time>2020-09-07T22:26:23.520999Z</time>
  </trkpt>
  <trkpt lat="54.783785" lon="25.33818667">
    <ele>159</ele>
    <time>2020-09-07T22:26:24.520999Z</time>
  </trkpt>
  <trkpt lat="54.78379333" lon="25.33814833">
    <ele>159</ele>
    <time>2020-09-07T22:26:25.520999Z</time>
  </trkpt>
  <trkpt lat="54.78380167" lon="25.33810167">
    <ele>159</ele>
    <time>2020-09-07T22:26:26.519999Z</time>
  </trkpt>
  <trkpt lat="54.78380833" lon="25.33806167">
    <ele>159</ele>
    <time>2020-09-07T22:26:27.520999Z</time>
  </trkpt>
  <trkpt lat="54.783815" lon="25.33802333">
    <ele>159</ele>
    <time>2020-09-07T22:26:28.520999Z</time>
  </trkpt>
  <trkpt lat="54.78382167" lon="25.33799167">
    <ele>159</ele>
    <time>2020-09-07T22:26:29.520999Z</time>
  </trkpt>
  <trkpt lat="54.78383833" lon="25.33792333">
    <ele>158</ele>
    <time>2020-09-07T22:26:30.519999Z</time>
  </trkpt>
  <trkpt lat="54.78385167" lon="25.33786833">
    <ele>158</ele>
    <time>2020-09-07T22:26:31.519999Z</time>
  </trkpt>
  <trkpt lat="54.78385833" lon="25.337815">
    <ele>158</ele>
    <time>2020-09-07T22:26:32.520999Z</time>
  </trkpt>
  <trkpt lat="54.78387" lon="25.33775833">
    <ele>158</ele>
    <time>2020-09-07T22:26:33.520999Z</time>
  </trkpt>
  <trkpt lat="54.78387833" lon="25.33771">
    <ele>159</ele>
    <time>2020-09-07T22:26:34.520999Z</time>
  </trkpt>
  <trkpt lat="54.78388667" lon="25.33766667">
    <ele>159</ele>
    <time>2020-09-07T22:26:35.520999Z</time>
  </trkpt>
  <trkpt lat="54.78389167" lon="25.33761833">
    <ele>159</ele>
    <time>2020-09-07T22:26:36.520999Z</time>
  </trkpt>
  <trkpt lat="54.78389833" lon="25.33757333">
    <ele>160</ele>
    <time>2020-09-07T22:26:37.519999Z</time>
  </trkpt>
  <trkpt lat="54.78391167" lon="25.33754333">
    <ele>160</ele>
    <time>2020-09-07T22:26:38.520999Z</time>
  </trkpt>
  <trkpt lat="54.783925" lon="25.33751167">
    <ele>160</ele>
    <time>2020-09-07T22:26:39.519999Z</time>
  </trkpt>
  <trkpt lat="54.783935" lon="25.33747833">
    <ele>160</ele>
    <time>2020-09-07T22:26:40.519999Z</time>
  </trkpt>
  <trkpt lat="54.78395" lon="25.33744">
    <ele>160</ele>
    <time>2020-09-07T22:26:41.520999Z</time>
  </trkpt>
  <trkpt lat="54.78396" lon="25.33741167">
    <ele>160</ele>
    <time>2020-09-07T22:26:42.519999Z</time>
  </trkpt>
  <trkpt lat="54.78397" lon="25.33738167">
    <ele>161</ele>
    <time>2020-09-07T22:26:43.520999Z</time>
  </trkpt>
  <trkpt lat="54.78398333" lon="25.33734833">
    <ele>161</ele>
    <time>2020-09-07T22:26:44.520999Z</time>
  </trkpt>
  <trkpt lat="54.78399" lon="25.337315">
    <ele>162</ele>
    <time>2020-09-07T22:26:45.520999Z</time>
  </trkpt>
  <trkpt lat="54.783995" lon="25.33728">
    <ele>162</ele>
    <time>2020-09-07T22:26:46.520999Z</time>
  </trkpt>
  <trkpt lat="54.78400167" lon="25.33724833">
    <ele>163</ele>
    <time>2020-09-07T22:26:47.519999Z</time>
  </trkpt>
  <trkpt lat="54.78400667" lon="25.33722">
    <ele>163</ele>
    <time>2020-09-07T22:26:48.520999Z</time>
  </trkpt>
  <trkpt lat="54.784015" lon="25.33719667">
    <ele>163</ele>
    <time>2020-09-07T22:26:49.519999Z</time>
  </trkpt>
  <trkpt lat="54.78402333" lon="25.337175">
    <ele>163</ele>
    <time>2020-09-07T22:26:50.519999Z</time>
  </trkpt>
  <trkpt lat="54.784025" lon="25.33716167">
    <ele>163</ele>
    <time>2020-09-07T22:26:51.520999Z</time>
  </trkpt>
  <trkpt lat="54.78402833" lon="25.33714167">
    <ele>164</ele>
    <time>2020-09-07T22:26:52.520999Z</time>
  </trkpt>
  <trkpt lat="54.78402833" lon="25.33711833">
    <ele>164</ele>
    <time>2020-09-07T22:26:53.520999Z</time>
  </trkpt>
  <trkpt lat="54.784025" lon="25.33708833">
    <ele>163</ele>
    <time>2020-09-07T22:26:54.520999Z</time>
  </trkpt>
  <trkpt lat="54.784015" lon="25.33705833">
    <ele>163</ele>
    <time>2020-09-07T22:26:55.520999Z</time>
  </trkpt>
  <trkpt lat="54.78400833" lon="25.33703">
    <ele>162</ele>
    <time>2020-09-07T22:26:56.519999Z</time>
  </trkpt>
  <trkpt lat="54.78400333" lon="25.33700333">
    <ele>162</ele>
    <time>2020-09-07T22:26:57.520999Z</time>
  </trkpt>
  <trkpt lat="54.784" lon="25.33697333">
    <ele>161</ele>
    <time>2020-09-07T22:26:58.520999Z</time>
  </trkpt>
  <trkpt lat="54.78399833" lon="25.33694">
    <ele>160</ele>
    <time>2020-09-07T22:26:59.519999Z</time>
  </trkpt>
  <trkpt lat="54.78399333" lon="25.33691333">
    <ele>159</ele>
    <time>2020-09-07T22:27:00.519999Z</time>
  </trkpt>
  <trkpt lat="54.78398833" lon="25.33688167">
    <ele>159</ele>
    <time>2020-09-07T22:27:01.519999Z</time>
  </trkpt>
  <trkpt lat="54.78397667" lon="25.33685167">
    <ele>159</ele>
    <time>2020-09-07T22:27:02.519999Z</time>
  </trkpt>
  <trkpt lat="54.783965" lon="25.33678833">
    <ele>159</ele>
    <time>2020-09-07T22:27:03.520999Z</time>
  </trkpt>
  <trkpt lat="54.78396667" lon="25.33672333">
    <ele>158</ele>
    <time>2020-09-07T22:27:04.520999Z</time>
  </trkpt>
  <trkpt lat="54.78397167" lon="25.33667">
    <ele>158</ele>
    <time>2020-09-07T22:27:05.519999Z</time>
  </trkpt>
  <trkpt lat="54.78396833" lon="25.33662667">
    <ele>158</ele>
    <time>2020-09-07T22:27:06.520999Z</time>
  </trkpt>
  <trkpt lat="54.783965" lon="25.33658833">
    <ele>157</ele>
    <time>2020-09-07T22:27:07.520999Z</time>
  </trkpt>
  <trkpt lat="54.78396167" lon="25.336555">
    <ele>157</ele>
    <time>2020-09-07T22:27:08.519999Z</time>
  </trkpt>
  <trkpt lat="54.78396167" lon="25.33652833">
    <ele>157</ele>
    <time>2020-09-07T22:27:09.519999Z</time>
  </trkpt>
  <trkpt lat="54.78395833" lon="25.33651">
    <ele>156</ele>
    <time>2020-09-07T22:27:10.519999Z</time>
  </trkpt>
  <trkpt lat="54.78395167" lon="25.33648833">
    <ele>155</ele>
    <time>2020-09-07T22:27:11.519999Z</time>
  </trkpt>
  <trkpt lat="54.78394167" lon="25.336455">
    <ele>155</ele>
    <time>2020-09-07T22:27:12.519999Z</time>
  </trkpt>
  <trkpt lat="54.78394" lon="25.33641833">
    <ele>154</ele>
    <time>2020-09-07T22:27:13.520999Z</time>
  </trkpt>
  <trkpt lat="54.78394333" lon="25.33638">
    <ele>154</ele>
    <time>2020-09-07T22:27:14.520999Z</time>
  </trkpt>
  <trkpt lat="54.78394667" lon="25.336345">
    <ele>154</ele>
    <time>2020-09-07T22:27:15.520999Z</time>
  </trkpt>
  <trkpt lat="54.78395" lon="25.33631667">
    <ele>153</ele>
    <time>2020-09-07T22:27:16.520999Z</time>
  </trkpt>
  <trkpt lat="54.78395" lon="25.33629333">
    <ele>153</ele>
    <time>2020-09-07T22:27:17.520999Z</time>
  </trkpt>
  <trkpt lat="54.78394667" lon="25.33626333">
    <ele>153</ele>
    <time>2020-09-07T22:27:18.520999Z</time>
  </trkpt>
  <trkpt lat="54.78394167" lon="25.336235">
    <ele>152</ele>
    <time>2020-09-07T22:27:19.520999Z</time>
  </trkpt>
  <trkpt lat="54.783935" lon="25.336215">
    <ele>152</ele>
    <time>2020-09-07T22:27:20.519999Z</time>
  </trkpt>
  <trkpt lat="54.78393333" lon="25.33619667">
    <ele>151</ele>
    <time>2020-09-07T22:27:21.519999Z</time>
  </trkpt>
  <trkpt lat="54.783925" lon="25.33617667">
    <ele>151</ele>
    <time>2020-09-07T22:27:22.520999Z</time>
  </trkpt>
  <trkpt lat="54.78392" lon="25.33615333">
    <ele>151</ele>
    <time>2020-09-07T22:27:23.520999Z</time>
  </trkpt>
  <trkpt lat="54.783915" lon="25.336125">
    <ele>151</ele>
    <time>2020-09-07T22:27:24.520999Z</time>
  </trkpt>
  <trkpt lat="54.78391" lon="25.33609333">
    <ele>151</ele>
    <time>2020-09-07T22:27:25.520999Z</time>
  </trkpt>
  <trkpt lat="54.78391" lon="25.33605333">
    <ele>152</ele>
    <time>2020-09-07T22:27:26.520999Z</time>
  </trkpt>
  <trkpt lat="54.783905" lon="25.33601833">
    <ele>152</ele>
    <time>2020-09-07T22:27:27.520999Z</time>
  </trkpt>
  <trkpt lat="54.78390333" lon="25.33599">
    <ele>152</ele>
    <time>2020-09-07T22:27:28.520999Z</time>
  </trkpt>
  <trkpt lat="54.783905" lon="25.33596667">
    <ele>151</ele>
    <time>2020-09-07T22:27:29.520999Z</time>
  </trkpt>
  <trkpt lat="54.78390667" lon="25.335945">
    <ele>151</ele>
    <time>2020-09-07T22:27:30.520999Z</time>
  </trkpt>
  <trkpt lat="54.78391167" lon="25.33592333">
    <ele>150</ele>
    <time>2020-09-07T22:27:31.520999Z</time>
  </trkpt>
  <trkpt lat="54.78391833" lon="25.3359">
    <ele>149</ele>
    <time>2020-09-07T22:27:32.519999Z</time>
  </trkpt>
  <trkpt lat="54.78392333" lon="25.335875">
    <ele>148</ele>
    <time>2020-09-07T22:27:33.520999Z</time>
  </trkpt>
  <trkpt lat="54.78392333" lon="25.335845">
    <ele>147</ele>
    <time>2020-09-07T22:27:34.520999Z</time>
  </trkpt>
  <trkpt lat="54.78392667" lon="25.33581167">
    <ele>147</ele>
    <time>2020-09-07T22:27:35.520999Z</time>
  </trkpt>
  <trkpt lat="54.78393167" lon="25.33576667">
    <ele>146</ele>
    <time>2020-09-07T22:27:36.520999Z</time>
  </trkpt>
  <trkpt lat="54.783935" lon="25.33573333">
    <ele>146</ele>
    <time>2020-09-07T22:27:37.519999Z</time>
  </trkpt>
  <trkpt lat="54.78393833" lon="25.33569167">
    <ele>145</ele>
    <time>2020-09-07T22:27:38.519999Z</time>
  </trkpt>
  <trkpt lat="54.783935" lon="25.33563833">
    <ele>145</ele>
    <time>2020-09-07T22:27:39.520999Z</time>
  </trkpt>
  <trkpt lat="54.783935" lon="25.33559333">
    <ele>144</ele>
    <time>2020-09-07T22:27:40.520999Z</time>
  </trkpt>
  <trkpt lat="54.78393333" lon="25.33555167">
    <ele>144</ele>
    <time>2020-09-07T22:27:41.519999Z</time>
  </trkpt>
  <trkpt lat="54.783925" lon="25.335515">
    <ele>144</ele>
    <time>2020-09-07T22:27:42.520999Z</time>
  </trkpt>
  <trkpt lat="54.78391833" lon="25.33546833">
    <ele>144</ele>
    <time>2020-09-07T22:27:43.520999Z</time>
  </trkpt>
  <trkpt lat="54.78391833" lon="25.33542833">
    <ele>144</ele>
    <time>2020-09-07T22:27:44.520999Z</time>
  </trkpt>
  <trkpt lat="54.78391833" lon="25.335385">
    <ele>144</ele>
    <time>2020-09-07T22:27:45.519999Z</time>
  </trkpt>
  <trkpt lat="54.78392333" lon="25.33535833">
    <ele>143</ele>
    <time>2020-09-07T22:27:46.519999Z</time>
  </trkpt>
  <trkpt lat="54.78392333" lon="25.33533333">
    <ele>143</ele>
    <time>2020-09-07T22:27:47.519999Z</time>
  </trkpt>
  <trkpt lat="54.78392167" lon="25.33533167">
    <ele>143</ele>
    <time>2020-09-07T22:27:48.520999Z</time>
  </trkpt>
  <trkpt lat="54.783925" lon="25.33532167">
    <ele>143</ele>
    <time>2020-09-07T22:27:49.520999Z</time>
  </trkpt>
  <trkpt lat="54.78392667" lon="25.335315">
    <ele>143</ele>
    <time>2020-09-07T22:27:50.520999Z</time>
  </trkpt>
  <trkpt lat="54.78392333" lon="25.33529667">
    <ele>143</ele>
    <time>2020-09-07T22:27:51.519999Z</time>
  </trkpt>
  <trkpt lat="54.78392167" lon="25.335285">
    <ele>143</ele>
    <time>2020-09-07T22:27:52.520999Z</time>
  </trkpt>
  <trkpt lat="54.78392167" lon="25.335275">
    <ele>143</ele>
    <time>2020-09-07T22:27:53.520999Z</time>
  </trkpt>
  <trkpt lat="54.783925" lon="25.33526167">
    <ele>143</ele>
    <time>2020-09-07T22:27:54.520999Z</time>
  </trkpt>
  </trkseg>
  <trkseg>
  <trkpt lat="54.783915" lon="25.33518333">
    <ele>137</ele>
    <time>2020-09-14T21:12:21.523000Z</time>
  </trkpt>
  <trkpt lat="54.783915" lon="25.33518333">
    <ele>137</ele>
    <time>2020-09-14T21:12:22.523999Z</time>
  </trkpt>
  <trkpt lat="54.78391667" lon="25.33518333">
    <ele>137</ele>
    <time>2020-09-14T21:12:23.523999Z</time>
  </trkpt>
  <trkpt lat="54.78391667" lon="25.33518333">
    <ele>137</ele>
    <time>2020-09-14T21:12:24.523999Z</time>
  </trkpt>
  <trkpt lat="54.78392333" lon="25.33518333">
    <ele>137</ele>
    <time>2020-09-14T21:12:25.523999Z</time>
  </trkpt>
  <trkpt lat="54.78394833" lon="25.33516833">
    <ele>137</ele>
    <time>2020-09-14T21:12:26.523999Z</time>
  </trkpt>
  <trkpt lat="54.783975" lon="25.33516">
    <ele>137</ele>
    <time>2020-09-14T21:12:27.523999Z</time>
  </trkpt>
  <trkpt lat="54.78399667" lon="25.33515167">
    <ele>137</ele>
    <time>2020-09-14T21:12:28.523000Z</time>
  </trkpt>
  <trkpt lat="54.78402" lon="25.335145">
    <ele>137</ele>
    <time>2020-09-14T21:12:29.523999Z</time>
  </trkpt>
  <trkpt lat="54.784045" lon="25.335135">
    <ele>136</ele>
    <time>2020-09-14T21:12:30.523000Z</time>
  </trkpt>
  <trkpt lat="54.78407167" lon="25.33512333">
    <ele>136</ele>
    <time>2020-09-14T21:12:31.523000Z</time>
  </trkpt>
  <trkpt lat="54.784095" lon="25.33510333">
    <ele>136</ele>
    <time>2020-09-14T21:12:32.523999Z</time>
  </trkpt>
  <trkpt lat="54.78412167" lon="25.335085">
    <ele>135</ele>
    <time>2020-09-14T21:12:33.523999Z</time>
  </trkpt>
  <trkpt lat="54.784145" lon="25.33505333">
    <ele>134</ele>
    <time>2020-09-14T21:12:34.523999Z</time>
  </trkpt>
  <trkpt lat="54.78416167" lon="25.33502">
    <ele>134</ele>
    <time>2020-09-14T21:12:35.523000Z</time>
  </trkpt>
  <trkpt lat="54.78417667" lon="25.33498667">
    <ele>133</ele>
    <time>2020-09-14T21:12:36.523999Z</time>
  </trkpt>
  <trkpt lat="54.78420167" lon="25.33496">
    <ele>133</ele>
    <time>2020-09-14T21:12:37.523999Z</time>
  </trkpt>
  <trkpt lat="54.784235" lon="25.33493833">
    <ele>132</ele>
    <time>2020-09-14T21:12:38.523999Z</time>
  </trkpt>
  <trkpt lat="54.78425833" lon="25.334915">
    <ele>131</ele>
    <time>2020-09-14T21:12:39.523999Z</time>
  </trkpt>
  <trkpt lat="54.784285" lon="25.33489333">
    <ele>131</ele>
    <time>2020-09-14T21:12:40.523000Z</time>
  </trkpt>
  <trkpt lat="54.78431167" lon="25.33487833">
    <ele>130</ele>
    <time>2020-09-14T21:12:41.523000Z</time>
  </trkpt>
  <trkpt lat="54.78433167" lon="25.334865">
    <ele>129</ele>
    <time>2020-09-14T21:12:42.523000Z</time>
  </trkpt>
  <trkpt lat="54.78435333" lon="25.334845">
    <ele>129</ele>
    <time>2020-09-14T21:12:43.523000Z</time>
  </trkpt>
  <trkpt lat="54.78438167" lon="25.334825">
    <ele>129</ele>
    <time>2020-09-14T21:12:44.523000Z</time>
  </trkpt>
  <trkpt lat="54.784405" lon="25.33481167">
    <ele>129</ele>
    <time>2020-09-14T21:12:45.523000Z</time>
  </trkpt>
  <trkpt lat="54.78443667" lon="25.33480167">
    <ele>128</ele>
    <time>2020-09-14T21:12:46.523000Z</time>
  </trkpt>
  <trkpt lat="54.78446667" lon="25.33478833">
    <ele>128</ele>
    <time>2020-09-14T21:12:47.523000Z</time>
  </trkpt>
  <trkpt lat="54.78449" lon="25.33478333">
    <ele>128</ele>
    <time>2020-09-14T21:12:48.523000Z</time>
  </trkpt>
  <trkpt lat="54.78452" lon="25.33478167">
    <ele>128</ele>
    <time>2020-09-14T21:12:49.523999Z</time>
  </trkpt>
  <trkpt lat="54.78455167" lon="25.33477833">
    <ele>128</ele>
    <time>2020-09-14T21:12:50.523999Z</time>
  </trkpt>
  <trkpt lat="54.78457667" lon="25.33477833">
    <ele>128</ele>
    <time>2020-09-14T21:12:51.523999Z</time>
  </trkpt>
  <trkpt lat="54.78459667" lon="25.33477333">
    <ele>128</ele>
    <time>2020-09-14T21:12:52.523999Z</time>
  </trkpt>
  <trkpt lat="54.78461667" lon="25.33476833">
    <ele>128</ele>
    <time>2020-09-14T21:12:53.523000Z</time>
  </trkpt>
  <trkpt lat="54.78464" lon="25.334765">
    <ele>128</ele>
    <time>2020-09-14T21:12:54.523000Z</time>
  </trkpt>
  <trkpt lat="54.78466333" lon="25.33476">
    <ele>128</ele>
    <time>2020-09-14T21:12:55.523000Z</time>
  </trkpt>
  <trkpt lat="54.784685" lon="25.33475167">
    <ele>129</ele>
    <time>2020-09-14T21:12:56.523000Z</time>
  </trkpt>
  <trkpt lat="54.78470333" lon="25.334745">
    <ele>129</ele>
    <time>2020-09-14T21:12:57.523000Z</time>
  </trkpt>
  <trkpt lat="54.78471667" lon="25.33475">
    <ele>129</ele>
    <time>2020-09-14T21:12:58.523999Z</time>
  </trkpt>
  <trkpt lat="54.78473167" lon="25.33475167">
    <ele>129</ele>
    <time>2020-09-14T21:12:59.523000Z</time>
  </trkpt>
  <trkpt lat="54.78475167" lon="25.33475167">
    <ele>129</ele>
    <time>2020-09-14T21:13:00.523999Z</time>
  </trkpt>
  <trkpt lat="54.78477333" lon="25.33474833">
    <ele>129</ele>
    <time>2020-09-14T21:13:01.523999Z</time>
  </trkpt>
  <trkpt lat="54.784795" lon="25.334745">
    <ele>129</ele>
    <time>2020-09-14T21:13:02.523999Z</time>
  </trkpt>
  <trkpt lat="54.78481667" lon="25.334745">
    <ele>129</ele>
    <time>2020-09-14T21:13:03.523999Z</time>
  </trkpt>
  <trkpt lat="54.78483667" lon="25.33473833">
    <ele>129</ele>
    <time>2020-09-14T21:13:04.523000Z</time>
  </trkpt>
  <trkpt lat="54.78485833" lon="25.33472667">
    <ele>129</ele>
    <time>2020-09-14T21:13:05.523999Z</time>
  </trkpt>
  <trkpt lat="54.78487833" lon="25.33471333">
    <ele>128</ele>
    <time>2020-09-14T21:13:06.523999Z</time>
  </trkpt>
  <trkpt lat="54.784901670000004" lon="25.33469833">
    <ele>128</ele>
    <time>2020-09-14T21:13:07.523999Z</time>
  </trkpt>
  <trkpt lat="54.78492333" lon="25.334685">
    <ele>128</ele>
    <time>2020-09-14T21:13:08.523000Z</time>
  </trkpt>
  <trkpt lat="54.784945" lon="25.33467333">
    <ele>128</ele>
    <time>2020-09-14T21:13:09.523999Z</time>
  </trkpt>
  <trkpt lat="54.78496667" lon="25.33465667">
    <ele>128</ele>
    <time>2020-09-14T21:13:10.523999Z</time>
  </trkpt>
  <trkpt lat="54.78498333" lon="25.33464333">
    <ele>128</ele>
    <time>2020-09-14T21:13:11.523000Z</time>
  </trkpt>
  <trkpt lat="54.785" lon="25.33461667">
    <ele>128</ele>
    <time>2020-09-14T21:13:12.523000Z</time>
  </trkpt>
  <trkpt lat="54.78502167" lon="25.33459333">
    <ele>128</ele>
    <time>2020-09-14T21:13:13.523999Z</time>
  </trkpt>
  <trkpt lat="54.78503833" lon="25.33457167">
    <ele>128</ele>
    <time>2020-09-14T21:13:14.523999Z</time>
  </trkpt>
  <trkpt lat="54.78505333" lon="25.33454667">
    <ele>127</ele>
    <time>2020-09-14T21:13:15.523999Z</time>
  </trkpt>
  <trkpt lat="54.78506" lon="25.33452167">
    <ele>127</ele>
    <time>2020-09-14T21:13:16.523999Z</time>
  </trkpt>
  <trkpt lat="54.78506667" lon="25.3345">
    <ele>127</ele>
    <time>2020-09-14T21:13:17.523999Z</time>
  </trkpt>
  <trkpt lat="54.78507833" lon="25.33447">
    <ele>126</ele>
    <time>2020-09-14T21:13:18.523999Z</time>
  </trkpt>
  <trkpt lat="54.78508667" lon="25.33444333">
    <ele>125</ele>
    <time>2020-09-14T21:13:19.523000Z</time>
  </trkpt>
  <trkpt lat="54.7851" lon="25.33441333">
    <ele>125</ele>
    <time>2020-09-14T21:13:20.523999Z</time>
  </trkpt>
  <trkpt lat="54.78511667" lon="25.33439">
    <ele>124</ele>
    <time>2020-09-14T21:13:21.523000Z</time>
  </trkpt>
  <trkpt lat="54.78513167" lon="25.33437333">
    <ele>123</ele>
    <time>2020-09-14T21:13:22.523999Z</time>
  </trkpt>
  <trkpt lat="54.78515" lon="25.33435333">
    <ele>123</ele>
    <time>2020-09-14T21:13:23.523999Z</time>
  </trkpt>
  <trkpt lat="54.78517" lon="25.33433833">
    <ele>122</ele>
    <time>2020-09-14T21:13:24.523000Z</time>
  </trkpt>
  <trkpt lat="54.78518833" lon="25.33432">
    <ele>122</ele>
    <time>2020-09-14T21:13:25.523000Z</time>
  </trkpt>
  <trkpt lat="54.78521167" lon="25.334295">
    <ele>121</ele>
    <time>2020-09-14T21:13:26.523000Z</time>
  </trkpt>
  <trkpt lat="54.78522833" lon="25.334275">
    <ele>120</ele>
    <time>2020-09-14T21:13:27.523999Z</time>
  </trkpt>
  <trkpt lat="54.78525167" lon="25.33424667">
    <ele>120</ele>
    <time>2020-09-14T21:13:28.523999Z</time>
  </trkpt>
  <trkpt lat="54.78527333" lon="25.33421167">
    <ele>120</ele>
    <time>2020-09-14T21:13:29.523999Z</time>
  </trkpt>
  <trkpt lat="54.78529" lon="25.33417833">
    <ele>119</ele>
    <time>2020-09-14T21:13:30.523999Z</time>
  </trkpt>
  <trkpt lat="54.7853" lon="25.33414667">
    <ele>119</ele>
    <time>2020-09-14T21:13:31.523999Z</time>
  </trkpt>
  <trkpt lat="54.785305" lon="25.33411667">
    <ele>119</ele>
    <time>2020-09-14T21:13:32.523999Z</time>
  </trkpt>
  <trkpt lat="54.78531" lon="25.33409">
    <ele>118</ele>
    <time>2020-09-14T21:13:33.523000Z</time>
  </trkpt>
  <trkpt lat="54.78530667" lon="25.33405667">
    <ele>118</ele>
    <time>2020-09-14T21:13:34.523999Z</time>
  </trkpt>
  <trkpt lat="54.78530833" lon="25.33404667">
    <ele>118</ele>
    <time>2020-09-14T21:13:35.523000Z</time>
  </trkpt>
  <trkpt lat="54.78530667" lon="25.33403833">
    <ele>119</ele>
    <time>2020-09-14T21:13:36.523000Z</time>
  </trkpt>
  <trkpt lat="54.78530667" lon="25.33403333">
    <ele>119</ele>
    <time>2020-09-14T21:13:37.523999Z</time>
  </trkpt>
  <trkpt lat="54.78530833" lon="25.33402833">
    <ele>119</ele>
    <time>2020-09-14T21:13:38.523999Z</time>
  </trkpt>
  <trkpt lat="54.78530667" lon="25.334015">
    <ele>119</ele>
    <time>2020-09-14T21:13:39.523999Z</time>
  </trkpt>
  <trkpt lat="54.78530333" lon="25.33400333">
    <ele>120</ele>
    <time>2020-09-14T21:13:40.523999Z</time>
  </trkpt>
  <trkpt lat="54.78529667" lon="25.33399333">
    <ele>120</ele>
    <time>2020-09-14T21:13:41.523999Z</time>
  </trkpt>
  <trkpt lat="54.78528833" lon="25.333975">
    <ele>120</ele>
    <time>2020-09-14T21:13:42.523999Z</time>
  </trkpt>
  <trkpt lat="54.78527167" lon="25.333955">
    <ele>121</ele>
    <time>2020-09-14T21:13:43.523000Z</time>
  </trkpt>
  <trkpt lat="54.78525333" lon="25.33394">
    <ele>121</ele>
    <time>2020-09-14T21:13:44.523999Z</time>
  </trkpt>
  <trkpt lat="54.785235" lon="25.33392167">
    <ele>122</ele>
    <time>2020-09-14T21:13:45.523999Z</time>
  </trkpt>
  <trkpt lat="54.78522" lon="25.3339">
    <ele>122</ele>
    <time>2020-09-14T21:13:46.523999Z</time>
  </trkpt>
  <trkpt lat="54.78519667" lon="25.33386833">
    <ele>122</ele>
    <time>2020-09-14T21:13:47.523999Z</time>
  </trkpt>
  <trkpt lat="54.78517833" lon="25.33384667">
    <ele>123</ele>
    <time>2020-09-14T21:13:48.523000Z</time>
  </trkpt>
  <trkpt lat="54.785165" lon="25.33383167">
    <ele>123</ele>
    <time>2020-09-14T21:13:49.523000Z</time>
  </trkpt>
  <trkpt lat="54.78514833" lon="25.33381">
    <ele>123</ele>
    <time>2020-09-14T21:13:50.523999Z</time>
  </trkpt>
  <trkpt lat="54.78512667" lon="25.33378167">
    <ele>123</ele>
    <time>2020-09-14T21:13:51.523999Z</time>
  </trkpt>
  <trkpt lat="54.78511167" lon="25.33376">
    <ele>123</ele>
    <time>2020-09-14T21:13:52.523999Z</time>
  </trkpt>
  <trkpt lat="54.78509333" lon="25.33373333">
    <ele>124</ele>
    <time>2020-09-14T21:13:53.523000Z</time>
  </trkpt>
  <trkpt lat="54.78507333" lon="25.33370667">
    <ele>124</ele>
    <time>2020-09-14T21:13:54.523999Z</time>
  </trkpt>
  <trkpt lat="54.785055" lon="25.33368667">
    <ele>124</ele>
    <time>2020-09-14T21:13:55.523999Z</time>
  </trkpt>
  <trkpt lat="54.78503667" lon="25.333675">
    <ele>124</ele>
    <time>2020-09-14T21:13:56.523000Z</time>
  </trkpt>
  <trkpt lat="54.785015" lon="25.33367">
    <ele>124</ele>
    <time>2020-09-14T21:13:57.523999Z</time>
  </trkpt>
  <trkpt lat="54.78499333" lon="25.33367">
    <ele>124</ele>
    <time>2020-09-14T21:13:58.523999Z</time>
  </trkpt>
  <trkpt lat="54.78497" lon="25.33367167">
    <ele>124</ele>
    <time>2020-09-14T21:13:59.523999Z</time>
  </trkpt>
  <trkpt lat="54.78494833" lon="25.33367667">
    <ele>124</ele>
    <time>2020-09-14T21:14:00.523999Z</time>
  </trkpt>
  <trkpt lat="54.784925" lon="25.33368">
    <ele>124</ele>
    <time>2020-09-14T21:14:01.523999Z</time>
  </trkpt>
  <trkpt lat="54.7849" lon="25.33368667">
    <ele>125</ele>
    <time>2020-09-14T21:14:02.523999Z</time>
  </trkpt>
  <trkpt lat="54.78486833" lon="25.33368833">
    <ele>125</ele>
    <time>2020-09-14T21:14:03.523000Z</time>
  </trkpt>
  <trkpt lat="54.78485167" lon="25.33370167">
    <ele>125</ele>
    <time>2020-09-14T21:14:04.523999Z</time>
  </trkpt>
  <trkpt lat="54.784825" lon="25.33370833">
    <ele>125</ele>
    <time>2020-09-14T21:14:05.523999Z</time>
  </trkpt>
  <trkpt lat="54.78479667" lon="25.33372333">
    <ele>125</ele>
    <time>2020-09-14T21:14:06.523999Z</time>
  </trkpt>
  <trkpt lat="54.78476667" lon="25.33373667">
    <ele>125</ele>
    <time>2020-09-14T21:14:07.523999Z</time>
  </trkpt>
  <trkpt lat="54.78473" lon="25.333745">
    <ele>126</ele>
    <time>2020-09-14T21:14:08.523999Z</time>
  </trkpt>
  <trkpt lat="54.78469" lon="25.33375333">
    <ele>126</ele>
    <time>2020-09-14T21:14:09.523999Z</time>
  </trkpt>
  <trkpt lat="54.784645" lon="25.33376167">
    <ele>126</ele>
    <time>2020-09-14T21:14:10.523999Z</time>
  </trkpt>
  <trkpt lat="54.78460667" lon="25.333765">
    <ele>126</ele>
    <time>2020-09-14T21:14:11.523999Z</time>
  </trkpt>
  <trkpt lat="54.78457833" lon="25.33376667">
    <ele>126</ele>
    <time>2020-09-14T21:14:12.523999Z</time>
  </trkpt>
  <trkpt lat="54.78454667" lon="25.33376333">
    <ele>126</ele>
    <time>2020-09-14T21:14:13.523000Z</time>
  </trkpt>
  <trkpt lat="54.78451833" lon="25.33375833">
    <ele>126</ele>
    <time>2020-09-14T21:14:14.523999Z</time>
  </trkpt>
  <trkpt lat="54.78449" lon="25.33375">
    <ele>126</ele>
    <time>2020-09-14T21:14:15.523999Z</time>
  </trkpt>
  <trkpt lat="54.78446333" lon="25.333745">
    <ele>126</ele>
    <time>2020-09-14T21:14:16.523999Z</time>
  </trkpt>
  <trkpt lat="54.78443833" lon="25.33373667">
    <ele>126</ele>
    <time>2020-09-14T21:14:17.523999Z</time>
  </trkpt>
  <trkpt lat="54.78441333" lon="25.33373">
    <ele>127</ele>
    <time>2020-09-14T21:14:18.523000Z</time>
  </trkpt>
  <trkpt lat="54.78438833" lon="25.333725">
    <ele>126</ele>
    <time>2020-09-14T21:14:19.523999Z</time>
  </trkpt>
  <trkpt lat="54.78436167" lon="25.33372333">
    <ele>126</ele>
    <time>2020-09-14T21:14:20.523000Z</time>
  </trkpt>
  <trkpt lat="54.78433333" lon="25.33371667">
    <ele>126</ele>
    <time>2020-09-14T21:14:21.523999Z</time>
  </trkpt>
  <trkpt lat="54.78430667" lon="25.33370833">
    <ele>126</ele>
    <time>2020-09-14T21:14:22.523999Z</time>
  </trkpt>
  <trkpt lat="54.78428333" lon="25.333695">
    <ele>126</ele>
    <time>2020-09-14T21:14:23.523999Z</time>
  </trkpt>
  <trkpt lat="54.78425667" lon="25.333685">
    <ele>126</ele>
    <time>2020-09-14T21:14:24.523999Z</time>
  </trkpt>
  <trkpt lat="54.78423" lon="25.33367667">
    <ele>126</ele>
    <time>2020-09-14T21:14:25.523000Z</time>
  </trkpt>
  <trkpt lat="54.78420167" lon="25.33367167">
    <ele>126</ele>
    <time>2020-09-14T21:14:26.523999Z</time>
  </trkpt>
  <trkpt lat="54.78417167" lon="25.33367">
    <ele>126</ele>
    <time>2020-09-14T21:14:27.523999Z</time>
  </trkpt>
  <trkpt lat="54.78414" lon="25.33366833">
    <ele>126</ele>
    <time>2020-09-14T21:14:28.523999Z</time>
  </trkpt>
  <trkpt lat="54.78410833" lon="25.33366833">
    <ele>126</ele>
    <time>2020-09-14T21:14:29.523999Z</time>
  </trkpt>
  <trkpt lat="54.784075" lon="25.33366333">
    <ele>126</ele>
    <time>2020-09-14T21:14:30.523000Z</time>
  </trkpt>
  <trkpt lat="54.78404667" lon="25.33365667">
    <ele>125</ele>
    <time>2020-09-14T21:14:31.523999Z</time>
  </trkpt>
  <trkpt lat="54.78401833" lon="25.33364833">
    <ele>125</ele>
    <time>2020-09-14T21:14:32.523999Z</time>
  </trkpt>
  <trkpt lat="54.78399" lon="25.333645">
    <ele>125</ele>
    <time>2020-09-14T21:14:33.523999Z</time>
  </trkpt>
  <trkpt lat="54.78396" lon="25.333635">
    <ele>125</ele>
    <time>2020-09-14T21:14:34.523999Z</time>
  </trkpt>
  <trkpt lat="54.78392667" lon="25.33362667">
    <ele>125</ele>
    <time>2020-09-14T21:14:35.523000Z</time>
  </trkpt>
  <trkpt lat="54.78389667" lon="25.33360667">
    <ele>125</ele>
    <time>2020-09-14T21:14:36.523999Z</time>
  </trkpt>
  <trkpt lat="54.78386667" lon="25.33359667">
    <ele>125</ele>
    <time>2020-09-14T21:14:37.523000Z</time>
  </trkpt>
  <trkpt lat="54.783835" lon="25.33359167">
    <ele>125</ele>
    <time>2020-09-14T21:14:38.523999Z</time>
  </trkpt>
  <trkpt lat="54.78381167" lon="25.333585">
    <ele>126</ele>
    <time>2020-09-14T21:14:39.523000Z</time>
  </trkpt>
  <trkpt lat="54.78378667" lon="25.333575">
    <ele>126</ele>
    <time>2020-09-14T21:14:40.523999Z</time>
  </trkpt>
  <trkpt lat="54.78375833" lon="25.33356833">
    <ele>126</ele>
    <time>2020-09-14T21:14:41.523000Z</time>
  </trkpt>
  <trkpt lat="54.78373167" lon="25.33356167">
    <ele>126</ele>
    <time>2020-09-14T21:14:42.523999Z</time>
  </trkpt>
  <trkpt lat="54.783705" lon="25.33355667">
    <ele>127</ele>
    <time>2020-09-14T21:14:43.523999Z</time>
  </trkpt>
  <trkpt lat="54.78367833" lon="25.33355">
    <ele>127</ele>
    <time>2020-09-14T21:14:44.523000Z</time>
  </trkpt>
  <trkpt lat="54.78365167" lon="25.33353833">
    <ele>127</ele>
    <time>2020-09-14T21:14:45.523000Z</time>
  </trkpt>
  <trkpt lat="54.78362667" lon="25.33352667">
    <ele>127</ele>
    <time>2020-09-14T21:14:46.523000Z</time>
  </trkpt>
  <trkpt lat="54.78360333" lon="25.33351833">
    <ele>127</ele>
    <time>2020-09-14T21:14:47.523999Z</time>
  </trkpt>
  <trkpt lat="54.78357833" lon="25.33351167">
    <ele>128</ele>
    <time>2020-09-14T21:14:48.523999Z</time>
  </trkpt>
  <trkpt lat="54.78355167" lon="25.33351">
    <ele>128</ele>
    <time>2020-09-14T21:14:49.523999Z</time>
  </trkpt>
  <trkpt lat="54.78352833" lon="25.33351167">
    <ele>129</ele>
    <time>2020-09-14T21:14:50.523000Z</time>
  </trkpt>
  <trkpt lat="54.78350667" lon="25.33352167">
    <ele>129</ele>
    <time>2020-09-14T21:14:51.523999Z</time>
  </trkpt>
  <trkpt lat="54.78348667" lon="25.33353">
    <ele>129</ele>
    <time>2020-09-14T21:14:52.523999Z</time>
  </trkpt>
  <trkpt lat="54.78347" lon="25.33353667">
    <ele>129</ele>
    <time>2020-09-14T21:14:53.523000Z</time>
  </trkpt>
  <trkpt lat="54.78344833" lon="25.33354167">
    <ele>129</ele>
    <time>2020-09-14T21:14:54.523999Z</time>
  </trkpt>
  <trkpt lat="54.78343" lon="25.33354667">
    <ele>129</ele>
    <time>2020-09-14T21:14:55.523999Z</time>
  </trkpt>
  <trkpt lat="54.78341667" lon="25.33355167">
    <ele>129</ele>
    <time>2020-09-14T21:14:56.523999Z</time>
  </trkpt>
  <trkpt lat="54.783405" lon="25.33355667">
    <ele>130</ele>
    <time>2020-09-14T21:14:57.523999Z</time>
  </trkpt>
  <trkpt lat="54.78339167" lon="25.33357">
    <ele>130</ele>
    <time>2020-09-14T21:14:58.523000Z</time>
  </trkpt>
  <trkpt lat="54.78337" lon="25.33359167">
    <ele>130</ele>
    <time>2020-09-14T21:14:59.523000Z</time>
  </trkpt>
  <trkpt lat="54.78334167" lon="25.33361">
    <ele>130</ele>
    <time>2020-09-14T21:15:00.523000Z</time>
  </trkpt>
  <trkpt lat="54.78331167" lon="25.33362333">
    <ele>130</ele>
    <time>2020-09-14T21:15:01.523999Z</time>
  </trkpt>
  <trkpt lat="54.78327833" lon="25.33364333">
    <ele>131</ele>
    <time>2020-09-14T21:15:02.523000Z</time>
  </trkpt>
  <trkpt lat="54.78324833" lon="25.333645">
    <ele>131</ele>
    <time>2020-09-14T21:15:03.523999Z</time>
  </trkpt>
  <trkpt lat="54.78321167" lon="25.33363333">
    <ele>132</ele>
    <time>2020-09-14T21:15:04.523000Z</time>
  </trkpt>
  <trkpt lat="54.78318333" lon="25.33362">
    <ele>132</ele>
    <time>2020-09-14T21:15:05.523999Z</time>
  </trkpt>
  <trkpt lat="54.78316167" lon="25.33360167">
    <ele>133</ele>
    <time>2020-09-14T21:15:06.523000Z</time>
  </trkpt>
  <trkpt lat="54.78314" lon="25.33357333">
    <ele>133</ele>
    <time>2020-09-14T21:15:07.523000Z</time>
  </trkpt>
  <trkpt lat="54.78312167" lon="25.33353833">
    <ele>133</ele>
    <time>2020-09-14T21:15:08.523999Z</time>
  </trkpt>
  <trkpt lat="54.7831" lon="25.3335">
    <ele>132</ele>
    <time>2020-09-14T21:15:09.523000Z</time>
  </trkpt>
  <trkpt lat="54.78308" lon="25.33346167">
    <ele>132</ele>
    <time>2020-09-14T21:15:10.523000Z</time>
  </trkpt>
  <trkpt lat="54.78306667" lon="25.333425">
    <ele>132</ele>
    <time>2020-09-14T21:15:11.523999Z</time>
  </trkpt>
  <trkpt lat="54.78305333" lon="25.33339167">
    <ele>132</ele>
    <time>2020-09-14T21:15:12.523999Z</time>
  </trkpt>
  <trkpt lat="54.78304333" lon="25.33335333">
    <ele>132</ele>
    <time>2020-09-14T21:15:13.523000Z</time>
  </trkpt>
  <trkpt lat="54.78304" lon="25.33331833">
    <ele>132</ele>
    <time>2020-09-14T21:15:14.523999Z</time>
  </trkpt>
  <trkpt lat="54.78303833" lon="25.33328333">
    <ele>131</ele>
    <time>2020-09-14T21:15:15.523000Z</time>
  </trkpt>
  <trkpt lat="54.78304333" lon="25.33324667">
    <ele>131</ele>
    <time>2020-09-14T21:15:16.523999Z</time>
  </trkpt>
  <trkpt lat="54.783055" lon="25.33320667">
    <ele>130</ele>
    <time>2020-09-14T21:15:17.523999Z</time>
  </trkpt>
  <trkpt lat="54.783065" lon="25.33317833">
    <ele>130</ele>
    <time>2020-09-14T21:15:18.523000Z</time>
  </trkpt>
  <trkpt lat="54.78308333" lon="25.333145">
    <ele>129</ele>
    <time>2020-09-14T21:15:19.523999Z</time>
  </trkpt>
  <trkpt lat="54.783105" lon="25.33310833">
    <ele>129</ele>
    <time>2020-09-14T21:15:20.523000Z</time>
  </trkpt>
  <trkpt lat="54.78312167" lon="25.33308333">
    <ele>128</ele>
    <time>2020-09-14T21:15:21.523999Z</time>
  </trkpt>
  <trkpt lat="54.78314333" lon="25.33305833">
    <ele>128</ele>
    <time>2020-09-14T21:15:22.523999Z</time>
  </trkpt>
  <trkpt lat="54.78315833" lon="25.33303">
    <ele>127</ele>
    <time>2020-09-14T21:15:23.523000Z</time>
  </trkpt>
  <trkpt lat="54.78317333" lon="25.33298833">
    <ele>126</ele>
    <time>2020-09-14T21:15:24.523999Z</time>
  </trkpt>
  <trkpt lat="54.78318167" lon="25.33294167">
    <ele>125</ele>
    <time>2020-09-14T21:15:25.523999Z</time>
  </trkpt>
  <trkpt lat="54.78318833" lon="25.33289">
    <ele>125</ele>
    <time>2020-09-14T21:15:26.523999Z</time>
  </trkpt>
  <trkpt lat="54.783195" lon="25.33283333">
    <ele>124</ele>
    <time>2020-09-14T21:15:27.523999Z</time>
  </trkpt>
  <trkpt lat="54.78321" lon="25.33278167">
    <ele>124</ele>
    <time>2020-09-14T21:15:28.523999Z</time>
  </trkpt>
  <trkpt lat="54.78322667" lon="25.33273667">
    <ele>123</ele>
    <time>2020-09-14T21:15:29.523999Z</time>
  </trkpt>
  <trkpt lat="54.78324833" lon="25.33268833">
    <ele>123</ele>
    <time>2020-09-14T21:15:30.523999Z</time>
  </trkpt>
  <trkpt lat="54.78325833" lon="25.332655">
    <ele>122</ele>
    <time>2020-09-14T21:15:31.523999Z</time>
  </trkpt>
  <trkpt lat="54.78327" lon="25.33261833">
    <ele>122</ele>
    <time>2020-09-14T21:15:32.523999Z</time>
  </trkpt>
  <trkpt lat="54.78329833" lon="25.332565">
    <ele>121</ele>
    <time>2020-09-14T21:15:33.523999Z</time>
  </trkpt>
  <trkpt lat="54.78330833" lon="25.33251833">
    <ele>121</ele>
    <time>2020-09-14T21:15:34.523999Z</time>
  </trkpt>
  <trkpt lat="54.783315" lon="25.33247167">
    <ele>120</ele>
    <time>2020-09-14T21:15:35.523999Z</time>
  </trkpt>
  <trkpt lat="54.78332833" lon="25.332425">
    <ele>120</ele>
    <time>2020-09-14T21:15:36.523999Z</time>
  </trkpt>
  <trkpt lat="54.78334833" lon="25.33238167">
    <ele>119</ele>
    <time>2020-09-14T21:15:37.523000Z</time>
  </trkpt>
  <trkpt lat="54.783375" lon="25.33234667">
    <ele>119</ele>
    <time>2020-09-14T21:15:38.523999Z</time>
  </trkpt>
  <trkpt lat="54.78340167" lon="25.33231167">
    <ele>119</ele>
    <time>2020-09-14T21:15:39.523000Z</time>
  </trkpt>
  <trkpt lat="54.78342833" lon="25.332275">
    <ele>118</ele>
    <time>2020-09-14T21:15:40.523999Z</time>
  </trkpt>
  <trkpt lat="54.78344167" lon="25.33224">
    <ele>118</ele>
    <time>2020-09-14T21:15:41.523000Z</time>
  </trkpt>
  <trkpt lat="54.78346167" lon="25.33220667">
    <ele>118</ele>
    <time>2020-09-14T21:15:42.523000Z</time>
  </trkpt>
  <trkpt lat="54.78348" lon="25.33217167">
    <ele>118</ele>
    <time>2020-09-14T21:15:43.523999Z</time>
  </trkpt>
  <trkpt lat="54.78349167" lon="25.332155">
    <ele>117</ele>
    <time>2020-09-14T21:15:44.523999Z</time>
  </trkpt>
  <trkpt lat="54.783505" lon="25.33214">
    <ele>117</ele>
    <time>2020-09-14T21:15:45.523000Z</time>
  </trkpt>
  <trkpt lat="54.78351833" lon="25.33212667">
    <ele>117</ele>
    <time>2020-09-14T21:15:46.523000Z</time>
  </trkpt>
  <trkpt lat="54.78352833" lon="25.33211333">
    <ele>117</ele>
    <time>2020-09-14T21:15:47.523999Z</time>
  </trkpt>
  <trkpt lat="54.78355667" lon="25.33209833">
    <ele>117</ele>
    <time>2020-09-14T21:15:48.523999Z</time>
  </trkpt>
  <trkpt lat="54.78358333" lon="25.33207">
    <ele>118</ele>
    <time>2020-09-14T21:15:49.523999Z</time>
  </trkpt>
  <trkpt lat="54.78361333" lon="25.33204">
    <ele>118</ele>
    <time>2020-09-14T21:15:50.523999Z</time>
  </trkpt>
  <trkpt lat="54.78366167" lon="25.332015">
    <ele>118</ele>
    <time>2020-09-14T21:15:51.523000Z</time>
  </trkpt>
  <trkpt lat="54.78370667" lon="25.33199167">
    <ele>118</ele>
    <time>2020-09-14T21:15:52.523999Z</time>
  </trkpt>
  <trkpt lat="54.78374167" lon="25.33196833">
    <ele>117</ele>
    <time>2020-09-14T21:15:53.523999Z</time>
  </trkpt>
  <trkpt lat="54.78377833" lon="25.33194833">
    <ele>117</ele>
    <time>2020-09-14T21:15:54.523999Z</time>
  </trkpt>
  <trkpt lat="54.783825" lon="25.33192667">
    <ele>117</ele>
    <time>2020-09-14T21:15:55.523000Z</time>
  </trkpt>
  <trkpt lat="54.78386167" lon="25.3319">
    <ele>117</ele>
    <time>2020-09-14T21:15:56.523000Z</time>
  </trkpt>
  <trkpt lat="54.78388667" lon="25.33189">
    <ele>117</ele>
    <time>2020-09-14T21:15:57.523999Z</time>
  </trkpt>
  <trkpt lat="54.78391333" lon="25.33188167">
    <ele>117</ele>
    <time>2020-09-14T21:15:58.523999Z</time>
  </trkpt>
  <trkpt lat="54.78393667" lon="25.33187667">
    <ele>117</ele>
    <time>2020-09-14T21:15:59.523999Z</time>
  </trkpt>
  <trkpt lat="54.78396" lon="25.33186667">
    <ele>117</ele>
    <time>2020-09-14T21:16:00.523000Z</time>
  </trkpt>
  <trkpt lat="54.78398" lon="25.331855">
    <ele>117</ele>
    <time>2020-09-14T21:16:01.523000Z</time>
  </trkpt>
  <trkpt lat="54.78401" lon="25.33183833">
    <ele>118</ele>
    <time>2020-09-14T21:16:02.523999Z</time>
  </trkpt>
  <trkpt lat="54.784035" lon="25.331815">
    <ele>118</ele>
    <time>2020-09-14T21:16:03.523999Z</time>
  </trkpt>
  <trkpt lat="54.78407167" lon="25.33177167">
    <ele>118</ele>
    <time>2020-09-14T21:16:04.523999Z</time>
  </trkpt>
  <trkpt lat="54.78410667" lon="25.33173167">
    <ele>118</ele>
    <time>2020-09-14T21:16:05.523999Z</time>
  </trkpt>
  <trkpt lat="54.78413667" lon="25.33171">
    <ele>118</ele>
    <time>2020-09-14T21:16:06.523000Z</time>
  </trkpt>
  <trkpt lat="54.784165" lon="25.33168667">
    <ele>118</ele>
    <time>2020-09-14T21:16:07.523999Z</time>
  </trkpt>
  <trkpt lat="54.784185" lon="25.33166167">
    <ele>117</ele>
    <time>2020-09-14T21:16:08.523999Z</time>
  </trkpt>
  <trkpt lat="54.78420667" lon="25.33163167">
    <ele>117</ele>
    <time>2020-09-14T21:16:09.523999Z</time>
  </trkpt>
  <trkpt lat="54.784225" lon="25.3316">
    <ele>117</ele>
    <time>2020-09-14T21:16:10.523000Z</time>
  </trkpt>
  <trkpt lat="54.78424167" lon="25.33156667">
    <ele>117</ele>
    <time>2020-09-14T21:16:11.523999Z</time>
  </trkpt>
  <trkpt lat="54.78426167" lon="25.33153">
    <ele>117</ele>
    <time>2020-09-14T21:16:12.523999Z</time>
  </trkpt>
  <trkpt lat="54.78428167" lon="25.331495">
    <ele>117</ele>
    <time>2020-09-14T21:16:13.523999Z</time>
  </trkpt>
  <trkpt lat="54.78430167" lon="25.33146833">
    <ele>117</ele>
    <time>2020-09-14T21:16:14.523000Z</time>
  </trkpt>
  <trkpt lat="54.78432333" lon="25.33143833">
    <ele>117</ele>
    <time>2020-09-14T21:16:15.523000Z</time>
  </trkpt>
  <trkpt lat="54.78433833" lon="25.3314">
    <ele>117</ele>
    <time>2020-09-14T21:16:16.523999Z</time>
  </trkpt>
  <trkpt lat="54.78435333" lon="25.33135667">
    <ele>117</ele>
    <time>2020-09-14T21:16:17.523000Z</time>
  </trkpt>
  <trkpt lat="54.78436167" lon="25.33132333">
    <ele>117</ele>
    <time>2020-09-14T21:16:18.523999Z</time>
  </trkpt>
  <trkpt lat="54.78435833" lon="25.33128667">
    <ele>117</ele>
    <time>2020-09-14T21:16:19.523000Z</time>
  </trkpt>
  <trkpt lat="54.78435" lon="25.33125667">
    <ele>117</ele>
    <time>2020-09-14T21:16:20.523999Z</time>
  </trkpt>
  <trkpt lat="54.78434667" lon="25.33122833">
    <ele>118</ele>
    <time>2020-09-14T21:16:21.523000Z</time>
  </trkpt>
  <trkpt lat="54.784345" lon="25.33119833">
    <ele>118</ele>
    <time>2020-09-14T21:16:22.523999Z</time>
  </trkpt>
  <trkpt lat="54.78434167" lon="25.33116">
    <ele>118</ele>
    <time>2020-09-14T21:16:23.523999Z</time>
  </trkpt>
  <trkpt lat="54.784365" lon="25.33111333">
    <ele>119</ele>
    <time>2020-09-14T21:16:24.523000Z</time>
  </trkpt>
  <trkpt lat="54.784375" lon="25.33108">
    <ele>119</ele>
    <time>2020-09-14T21:16:25.523999Z</time>
  </trkpt>
  <trkpt lat="54.78438667" lon="25.33103167">
    <ele>119</ele>
    <time>2020-09-14T21:16:26.523999Z</time>
  </trkpt>
  <trkpt lat="54.78440167" lon="25.33099167">
    <ele>120</ele>
    <time>2020-09-14T21:16:27.523999Z</time>
  </trkpt>
  <trkpt lat="54.78441667" lon="25.33094833">
    <ele>120</ele>
    <time>2020-09-14T21:16:28.523000Z</time>
  </trkpt>
  <trkpt lat="54.78443" lon="25.3309">
    <ele>121</ele>
    <time>2020-09-14T21:16:29.523000Z</time>
  </trkpt>
  <trkpt lat="54.784445" lon="25.33085">
    <ele>121</ele>
    <time>2020-09-14T21:16:30.523999Z</time>
  </trkpt>
  <trkpt lat="54.78445667" lon="25.33080667">
    <ele>121</ele>
    <time>2020-09-14T21:16:31.523000Z</time>
  </trkpt>
  <trkpt lat="54.78447333" lon="25.33076333">
    <ele>121</ele>
    <time>2020-09-14T21:16:32.523999Z</time>
  </trkpt>
  <trkpt lat="54.784495" lon="25.33072167">
    <ele>122</ele>
    <time>2020-09-14T21:16:33.523999Z</time>
  </trkpt>
  <trkpt lat="54.784515" lon="25.33067">
    <ele>122</ele>
    <time>2020-09-14T21:16:34.523999Z</time>
  </trkpt>
  <trkpt lat="54.78452167" lon="25.330635">
    <ele>122</ele>
    <time>2020-09-14T21:16:35.523000Z</time>
  </trkpt>
  <trkpt lat="54.78452667" lon="25.33059667">
    <ele>122</ele>
    <time>2020-09-14T21:16:36.523999Z</time>
  </trkpt>
  <trkpt lat="54.78453" lon="25.33055667">
    <ele>123</ele>
    <time>2020-09-14T21:16:37.523999Z</time>
  </trkpt>
  <trkpt lat="54.78453167" lon="25.33051333">
    <ele>123</ele>
    <time>2020-09-14T21:16:38.523999Z</time>
  </trkpt>
  <trkpt lat="54.784535" lon="25.33047">
    <ele>123</ele>
    <time>2020-09-14T21:16:39.523999Z</time>
  </trkpt>
  <trkpt lat="54.78453333" lon="25.33042667">
    <ele>123</ele>
    <time>2020-09-14T21:16:40.523000Z</time>
  </trkpt>
  <trkpt lat="54.78452667" lon="25.33038">
    <ele>123</ele>
    <time>2020-09-14T21:16:41.523000Z</time>
  </trkpt>
  <trkpt lat="54.78451833" lon="25.330335">
    <ele>123</ele>
    <time>2020-09-14T21:16:42.523999Z</time>
  </trkpt>
  <trkpt lat="54.78451167" lon="25.330285">
    <ele>124</ele>
    <time>2020-09-14T21:16:43.523000Z</time>
  </trkpt>
  <trkpt lat="54.78450333" lon="25.33023667">
    <ele>124</ele>
    <time>2020-09-14T21:16:44.523000Z</time>
  </trkpt>
  <trkpt lat="54.78449333" lon="25.33019">
    <ele>124</ele>
    <time>2020-09-14T21:16:45.523000Z</time>
  </trkpt>
  <trkpt lat="54.78448833" lon="25.330145">
    <ele>124</ele>
    <time>2020-09-14T21:16:46.523999Z</time>
  </trkpt>
  <trkpt lat="54.78449167" lon="25.330105">
    <ele>124</ele>
    <time>2020-09-14T21:16:47.523999Z</time>
  </trkpt>
  <trkpt lat="54.784495" lon="25.33006667">
    <ele>124</ele>
    <time>2020-09-14T21:16:48.523000Z</time>
  </trkpt>
  <trkpt lat="54.78449" lon="25.33002333">
    <ele>123</ele>
    <time>2020-09-14T21:16:49.523999Z</time>
  </trkpt>
  <trkpt lat="54.78448333" lon="25.32997333">
    <ele>123</ele>
    <time>2020-09-14T21:16:50.523000Z</time>
  </trkpt>
  <trkpt lat="54.784475" lon="25.329925">
    <ele>123</ele>
    <time>2020-09-14T21:16:51.523999Z</time>
  </trkpt>
  <trkpt lat="54.78446833" lon="25.32986167">
    <ele>123</ele>
    <time>2020-09-14T21:16:52.523000Z</time>
  </trkpt>
  <trkpt lat="54.78446667" lon="25.329815">
    <ele>123</ele>
    <time>2020-09-14T21:16:53.523000Z</time>
  </trkpt>
  <trkpt lat="54.78447167" lon="25.32976167">
    <ele>123</ele>
    <time>2020-09-14T21:16:54.523000Z</time>
  </trkpt>
  <trkpt lat="54.78448167" lon="25.32971333">
    <ele>123</ele>
    <time>2020-09-14T21:16:55.523000Z</time>
  </trkpt>
  <trkpt lat="54.78449167" lon="25.32966333">
    <ele>123</ele>
    <time>2020-09-14T21:16:56.523000Z</time>
  </trkpt>
  <trkpt lat="54.78450667" lon="25.32960667">
    <ele>123</ele>
    <time>2020-09-14T21:16:57.523000Z</time>
  </trkpt>
  <trkpt lat="54.78452" lon="25.32955667">
    <ele>123</ele>
    <time>2020-09-14T21:16:58.523000Z</time>
  </trkpt>
  <trkpt lat="54.78452667" lon="25.32951667">
    <ele>123</ele>
    <time>2020-09-14T21:16:59.523000Z</time>
  </trkpt>
  <trkpt lat="54.78453333" lon="25.329465">
    <ele>123</ele>
    <time>2020-09-14T21:17:00.523000Z</time>
  </trkpt>
  <trkpt lat="54.78453833" lon="25.32941333">
    <ele>124</ele>
    <time>2020-09-14T21:17:01.523000Z</time>
  </trkpt>
  <trkpt lat="54.78454333" lon="25.32936667">
    <ele>124</ele>
    <time>2020-09-14T21:17:02.523000Z</time>
  </trkpt>
  <trkpt lat="54.78454667" lon="25.32932667">
    <ele>124</ele>
    <time>2020-09-14T21:17:03.523000Z</time>
  </trkpt>
  <trkpt lat="54.78455667" lon="25.32926833">
    <ele>124</ele>
    <time>2020-09-14T21:17:04.523000Z</time>
  </trkpt>
  <trkpt lat="54.78455" lon="25.329205">
    <ele>124</ele>
    <time>2020-09-14T21:17:05.523999Z</time>
  </trkpt>
  <trkpt lat="54.78454667" lon="25.32913333">
    <ele>124</ele>
    <time>2020-09-14T21:17:06.523999Z</time>
  </trkpt>
  <trkpt lat="54.78453833" lon="25.32908">
    <ele>123</ele>
    <time>2020-09-14T21:17:07.523000Z</time>
  </trkpt>
  <trkpt lat="54.78452833" lon="25.32903167">
    <ele>123</ele>
    <time>2020-09-14T21:17:08.523999Z</time>
  </trkpt>
  <trkpt lat="54.78451833" lon="25.329">
    <ele>123</ele>
    <time>2020-09-14T21:17:09.523999Z</time>
  </trkpt>
  <trkpt lat="54.78450833" lon="25.32895667">
    <ele>123</ele>
    <time>2020-09-14T21:17:10.523999Z</time>
  </trkpt>
  <trkpt lat="54.78449833" lon="25.32891333">
    <ele>123</ele>
    <time>2020-09-14T21:17:11.523999Z</time>
  </trkpt>
  <trkpt lat="54.78449333" lon="25.328865">
    <ele>123</ele>
    <time>2020-09-14T21:17:12.523999Z</time>
  </trkpt>
  <trkpt lat="54.784485" lon="25.3288">
    <ele>123</ele>
    <time>2020-09-14T21:17:13.523999Z</time>
  </trkpt>
  <trkpt lat="54.78448167" lon="25.32876">
    <ele>123</ele>
    <time>2020-09-14T21:17:14.523000Z</time>
  </trkpt>
  <trkpt lat="54.78448333" lon="25.32870667">
    <ele>123</ele>
    <time>2020-09-14T21:17:15.523999Z</time>
  </trkpt>
  <trkpt lat="54.78448667" lon="25.328655">
    <ele>123</ele>
    <time>2020-09-14T21:17:16.523999Z</time>
  </trkpt>
  <trkpt lat="54.78448667" lon="25.32860833">
    <ele>123</ele>
    <time>2020-09-14T21:17:17.523999Z</time>
  </trkpt>
  <trkpt lat="54.78448833" lon="25.32855667">
    <ele>123</ele>
    <time>2020-09-14T21:17:18.523999Z</time>
  </trkpt>
  <trkpt lat="54.78448333" lon="25.32850833">
    <ele>123</ele>
    <time>2020-09-14T21:17:19.523000Z</time>
  </trkpt>
  <trkpt lat="54.78446667" lon="25.32844667">
    <ele>123</ele>
    <time>2020-09-14T21:17:20.523000Z</time>
  </trkpt>
  <trkpt lat="54.78446167" lon="25.32839333">
    <ele>123</ele>
    <time>2020-09-14T21:17:21.523999Z</time>
  </trkpt>
  <trkpt lat="54.78445667" lon="25.32834667">
    <ele>122</ele>
    <time>2020-09-14T21:17:22.523999Z</time>
  </trkpt>
  <trkpt lat="54.78445" lon="25.32829333">
    <ele>122</ele>
    <time>2020-09-14T21:17:23.523999Z</time>
  </trkpt>
  <trkpt lat="54.78445" lon="25.32825">
    <ele>122</ele>
    <time>2020-09-14T21:17:24.523999Z</time>
  </trkpt>
  <trkpt lat="54.78444333" lon="25.32819833">
    <ele>122</ele>
    <time>2020-09-14T21:17:25.523000Z</time>
  </trkpt>
  <trkpt lat="54.78442667" lon="25.32813667">
    <ele>121</ele>
    <time>2020-09-14T21:17:26.523999Z</time>
  </trkpt>
  <trkpt lat="54.78441333" lon="25.32809333">
    <ele>121</ele>
    <time>2020-09-14T21:17:27.523999Z</time>
  </trkpt>
  <trkpt lat="54.784395" lon="25.32805">
    <ele>121</ele>
    <time>2020-09-14T21:17:28.523999Z</time>
  </trkpt>
  <trkpt lat="54.78438" lon="25.32802333">
    <ele>120</ele>
    <time>2020-09-14T21:17:29.523999Z</time>
  </trkpt>
  <trkpt lat="54.784355" lon="25.32798833">
    <ele>120</ele>
    <time>2020-09-14T21:17:30.523000Z</time>
  </trkpt>
  <trkpt lat="54.78433833" lon="25.327955">
    <ele>120</ele>
    <time>2020-09-14T21:17:31.523999Z</time>
  </trkpt>
  <trkpt lat="54.78432167" lon="25.32791833">
    <ele>120</ele>
    <time>2020-09-14T21:17:32.523000Z</time>
  </trkpt>
  <trkpt lat="54.78430833" lon="25.32788833">
    <ele>121</ele>
    <time>2020-09-14T21:17:33.523000Z</time>
  </trkpt>
  <trkpt lat="54.78429" lon="25.327855">
    <ele>121</ele>
    <time>2020-09-14T21:17:34.523000Z</time>
  </trkpt>
  <trkpt lat="54.78426667" lon="25.32782">
    <ele>121</ele>
    <time>2020-09-14T21:17:35.523999Z</time>
  </trkpt>
  <trkpt lat="54.78424833" lon="25.32779667">
    <ele>121</ele>
    <time>2020-09-14T21:17:36.523999Z</time>
  </trkpt>
  <trkpt lat="54.78423333" lon="25.327785">
    <ele>121</ele>
    <time>2020-09-14T21:17:37.523999Z</time>
  </trkpt>
  <trkpt lat="54.784215" lon="25.327765">
    <ele>120</ele>
    <time>2020-09-14T21:17:38.523999Z</time>
  </trkpt>
  <trkpt lat="54.784195" lon="25.32774667">
    <ele>120</ele>
    <time>2020-09-14T21:17:39.523999Z</time>
  </trkpt>
  <trkpt lat="54.78417833" lon="25.32772667">
    <ele>120</ele>
    <time>2020-09-14T21:17:40.523999Z</time>
  </trkpt>
  <trkpt lat="54.78415333" lon="25.32770667">
    <ele>119</ele>
    <time>2020-09-14T21:17:41.523999Z</time>
  </trkpt>
  <trkpt lat="54.78412833" lon="25.32769167">
    <ele>119</ele>
    <time>2020-09-14T21:17:42.523000Z</time>
  </trkpt>
  <trkpt lat="54.784105" lon="25.32768167">
    <ele>118</ele>
    <time>2020-09-14T21:17:43.523999Z</time>
  </trkpt>
  <trkpt lat="54.78407667" lon="25.32767167">
    <ele>117</ele>
    <time>2020-09-14T21:17:44.523999Z</time>
  </trkpt>
  <trkpt lat="54.78405" lon="25.32766167">
    <ele>117</ele>
    <time>2020-09-14T21:17:45.523999Z</time>
  </trkpt>
  <trkpt lat="54.78402333" lon="25.32765167">
    <ele>116</ele>
    <time>2020-09-14T21:17:46.523000Z</time>
  </trkpt>
  <trkpt lat="54.78399333" lon="25.327635">
    <ele>116</ele>
    <time>2020-09-14T21:17:47.523000Z</time>
  </trkpt>
  <trkpt lat="54.78395667" lon="25.32761667">
    <ele>115</ele>
    <time>2020-09-14T21:17:48.523000Z</time>
  </trkpt>
  <trkpt lat="54.783915" lon="25.32758833">
    <ele>115</ele>
    <time>2020-09-14T21:17:49.523999Z</time>
  </trkpt>
  <trkpt lat="54.78388333" lon="25.32757167">
    <ele>115</ele>
    <time>2020-09-14T21:17:50.523999Z</time>
  </trkpt>
  <trkpt lat="54.78385" lon="25.327565">
    <ele>115</ele>
    <time>2020-09-14T21:17:51.523999Z</time>
  </trkpt>
  <trkpt lat="54.78381833" lon="25.32755667">
    <ele>115</ele>
    <time>2020-09-14T21:17:52.523000Z</time>
  </trkpt>
  <trkpt lat="54.78379167" lon="25.32754833">
    <ele>115</ele>
    <time>2020-09-14T21:17:53.523000Z</time>
  </trkpt>
  <trkpt lat="54.78376833" lon="25.32754">
    <ele>115</ele>
    <time>2020-09-14T21:17:54.523999Z</time>
  </trkpt>
  <trkpt lat="54.78373667" lon="25.327523329999998">
    <ele>115</ele>
    <time>2020-09-14T21:17:55.523999Z</time>
  </trkpt>
  <trkpt lat="54.78369833" lon="25.3275">
    <ele>115</ele>
    <time>2020-09-14T21:17:56.523999Z</time>
  </trkpt>
  <trkpt lat="54.78367" lon="25.32748667">
    <ele>115</ele>
    <time>2020-09-14T21:17:57.523999Z</time>
  </trkpt>
  <trkpt lat="54.78363" lon="25.32747333">
    <ele>115</ele>
    <time>2020-09-14T21:17:58.523000Z</time>
  </trkpt>
  <trkpt lat="54.78358667" lon="25.32745667">
    <ele>115</ele>
    <time>2020-09-14T21:17:59.523000Z</time>
  </trkpt>
  <trkpt lat="54.78356667" lon="25.327445">
    <ele>114</ele>
    <time>2020-09-14T21:18:00.523000Z</time>
  </trkpt>
  <trkpt lat="54.78354167" lon="25.32743167">
    <ele>114</ele>
    <time>2020-09-14T21:18:01.523999Z</time>
  </trkpt>
  <trkpt lat="54.78351667" lon="25.32741667">
    <ele>114</ele>
    <time>2020-09-14T21:18:02.523999Z</time>
  </trkpt>
  <trkpt lat="54.78349" lon="25.32740167">
    <ele>114</ele>
    <time>2020-09-14T21:18:03.523000Z</time>
  </trkpt>
  <trkpt lat="54.78345667" lon="25.32738667">
    <ele>114</ele>
    <time>2020-09-14T21:18:04.523999Z</time>
  </trkpt>
  <trkpt lat="54.78343333" lon="25.32737333">
    <ele>114</ele>
    <time>2020-09-14T21:18:05.523999Z</time>
  </trkpt>
  <trkpt lat="54.78339833" lon="25.32735">
    <ele>114</ele>
    <time>2020-09-14T21:18:06.523999Z</time>
  </trkpt>
  <trkpt lat="54.783365" lon="25.32733">
    <ele>114</ele>
    <time>2020-09-14T21:18:07.523999Z</time>
  </trkpt>
  <trkpt lat="54.78331833" lon="25.327315">
    <ele>115</ele>
    <time>2020-09-14T21:18:08.523999Z</time>
  </trkpt>
  <trkpt lat="54.78327333" lon="25.32729833">
    <ele>115</ele>
    <time>2020-09-14T21:18:09.523999Z</time>
  </trkpt>
  <trkpt lat="54.78324167" lon="25.32728333">
    <ele>115</ele>
    <time>2020-09-14T21:18:10.523999Z</time>
  </trkpt>
  <trkpt lat="54.783205" lon="25.32727">
    <ele>115</ele>
    <time>2020-09-14T21:18:11.523000Z</time>
  </trkpt>
  <trkpt lat="54.78318" lon="25.32726">
    <ele>114</ele>
    <time>2020-09-14T21:18:12.523999Z</time>
  </trkpt>
  <trkpt lat="54.78314833" lon="25.32724333">
    <ele>114</ele>
    <time>2020-09-14T21:18:13.523999Z</time>
  </trkpt>
  <trkpt lat="54.78312167" lon="25.32722833">
    <ele>114</ele>
    <time>2020-09-14T21:18:14.523999Z</time>
  </trkpt>
  <trkpt lat="54.78309167" lon="25.32720833">
    <ele>114</ele>
    <time>2020-09-14T21:18:15.523999Z</time>
  </trkpt>
  <trkpt lat="54.78306" lon="25.32718333">
    <ele>114</ele>
    <time>2020-09-14T21:18:16.523999Z</time>
  </trkpt>
  <trkpt lat="54.78303" lon="25.32715833">
    <ele>115</ele>
    <time>2020-09-14T21:18:17.523999Z</time>
  </trkpt>
  <trkpt lat="54.78300167" lon="25.32713333">
    <ele>115</ele>
    <time>2020-09-14T21:18:18.523000Z</time>
  </trkpt>
  <trkpt lat="54.78297333" lon="25.32710667">
    <ele>115</ele>
    <time>2020-09-14T21:18:19.523000Z</time>
  </trkpt>
  <trkpt lat="54.78293667" lon="25.32707167">
    <ele>115</ele>
    <time>2020-09-14T21:18:20.523999Z</time>
  </trkpt>
  <trkpt lat="54.78290833" lon="25.327045">
    <ele>115</ele>
    <time>2020-09-14T21:18:21.523999Z</time>
  </trkpt>
  <trkpt lat="54.78288667" lon="25.32701667">
    <ele>115</ele>
    <time>2020-09-14T21:18:22.523000Z</time>
  </trkpt>
  <trkpt lat="54.78285667" lon="25.32697">
    <ele>115</ele>
    <time>2020-09-14T21:18:23.523999Z</time>
  </trkpt>
  <trkpt lat="54.78283333" lon="25.326925">
    <ele>115</ele>
    <time>2020-09-14T21:18:24.523000Z</time>
  </trkpt>
  <trkpt lat="54.78281" lon="25.32689">
    <ele>115</ele>
    <time>2020-09-14T21:18:25.523999Z</time>
  </trkpt>
  <trkpt lat="54.782785" lon="25.326855">
    <ele>114</ele>
    <time>2020-09-14T21:18:26.523999Z</time>
  </trkpt>
  <trkpt lat="54.78276333" lon="25.326825">
    <ele>114</ele>
    <time>2020-09-14T21:18:27.523999Z</time>
  </trkpt>
  <trkpt lat="54.78273333" lon="25.32678167">
    <ele>114</ele>
    <time>2020-09-14T21:18:28.523999Z</time>
  </trkpt>
  <trkpt lat="54.78270833" lon="25.326745">
    <ele>114</ele>
    <time>2020-09-14T21:18:29.523999Z</time>
  </trkpt>
  <trkpt lat="54.782685" lon="25.32671167">
    <ele>115</ele>
    <time>2020-09-14T21:18:30.523999Z</time>
  </trkpt>
  <trkpt lat="54.78266833" lon="25.326685">
    <ele>115</ele>
    <time>2020-09-14T21:18:31.523999Z</time>
  </trkpt>
  <trkpt lat="54.78264333" lon="25.32665">
    <ele>115</ele>
    <time>2020-09-14T21:18:32.523999Z</time>
  </trkpt>
  <trkpt lat="54.78261333" lon="25.32661667">
    <ele>115</ele>
    <time>2020-09-14T21:18:33.523999Z</time>
  </trkpt>
  <trkpt lat="54.78259333" lon="25.32659">
    <ele>115</ele>
    <time>2020-09-14T21:18:34.523999Z</time>
  </trkpt>
  <trkpt lat="54.78258" lon="25.32656833">
    <ele>115</ele>
    <time>2020-09-14T21:18:35.523999Z</time>
  </trkpt>
  <trkpt lat="54.78256" lon="25.32654833">
    <ele>115</ele>
    <time>2020-09-14T21:18:36.523000Z</time>
  </trkpt>
  <trkpt lat="54.782535" lon="25.32653667">
    <ele>115</ele>
    <time>2020-09-14T21:18:37.523000Z</time>
  </trkpt>
  <trkpt lat="54.78251" lon="25.32652833">
    <ele>115</ele>
    <time>2020-09-14T21:18:38.523999Z</time>
  </trkpt>
  <trkpt lat="54.78248333" lon="25.32652167">
    <ele>115</ele>
    <time>2020-09-14T21:18:39.523999Z</time>
  </trkpt>
  <trkpt lat="54.782465" lon="25.32652333">
    <ele>115</ele>
    <time>2020-09-14T21:18:40.523999Z</time>
  </trkpt>
  <trkpt lat="54.78244333" lon="25.32653167">
    <ele>115</ele>
    <time>2020-09-14T21:18:41.523999Z</time>
  </trkpt>
  <trkpt lat="54.78242167" lon="25.32653833">
    <ele>115</ele>
    <time>2020-09-14T21:18:42.523000Z</time>
  </trkpt>
  <trkpt lat="54.78239333" lon="25.32654833">
    <ele>115</ele>
    <time>2020-09-14T21:18:43.523999Z</time>
  </trkpt>
  <trkpt lat="54.78236667" lon="25.32655333">
    <ele>114</ele>
    <time>2020-09-14T21:18:44.523999Z</time>
  </trkpt>
  <trkpt lat="54.78233833" lon="25.32656167">
    <ele>114</ele>
    <time>2020-09-14T21:18:45.523999Z</time>
  </trkpt>
  <trkpt lat="54.78230833" lon="25.326575">
    <ele>114</ele>
    <time>2020-09-14T21:18:46.523999Z</time>
  </trkpt>
  <trkpt lat="54.78228" lon="25.32658833">
    <ele>114</ele>
    <time>2020-09-14T21:18:47.523000Z</time>
  </trkpt>
  <trkpt lat="54.782255" lon="25.32659833">
    <ele>114</ele>
    <time>2020-09-14T21:18:48.523000Z</time>
  </trkpt>
  <trkpt lat="54.78223333" lon="25.32660167">
    <ele>113</ele>
    <time>2020-09-14T21:18:49.523000Z</time>
  </trkpt>
  <trkpt lat="54.78220833" lon="25.32661333">
    <ele>113</ele>
    <time>2020-09-14T21:18:50.523000Z</time>
  </trkpt>
  <trkpt lat="54.78218333" lon="25.32662833">
    <ele>114</ele>
    <time>2020-09-14T21:18:51.523999Z</time>
  </trkpt>
  <trkpt lat="54.78215667" lon="25.32664333">
    <ele>114</ele>
    <time>2020-09-14T21:18:52.523999Z</time>
  </trkpt>
  <trkpt lat="54.78213" lon="25.32665667">
    <ele>115</ele>
    <time>2020-09-14T21:18:53.523999Z</time>
  </trkpt>
  <trkpt lat="54.78210833" lon="25.32667167">
    <ele>115</ele>
    <time>2020-09-14T21:18:54.523999Z</time>
  </trkpt>
  <trkpt lat="54.78208333" lon="25.32668667">
    <ele>116</ele>
    <time>2020-09-14T21:18:55.523000Z</time>
  </trkpt>
  <trkpt lat="54.78205667" lon="25.3267">
    <ele>116</ele>
    <time>2020-09-14T21:18:56.523000Z</time>
  </trkpt>
  <trkpt lat="54.78203333" lon="25.32671833">
    <ele>116</ele>
    <time>2020-09-14T21:18:57.523999Z</time>
  </trkpt>
  <trkpt lat="54.78201833" lon="25.32674333">
    <ele>117</ele>
    <time>2020-09-14T21:18:58.523000Z</time>
  </trkpt>
  <trkpt lat="54.78200167" lon="25.32676667">
    <ele>117</ele>
    <time>2020-09-14T21:18:59.523000Z</time>
  </trkpt>
  <trkpt lat="54.78197833" lon="25.32678833">
    <ele>117</ele>
    <time>2020-09-14T21:19:00.523999Z</time>
  </trkpt>
  <trkpt lat="54.78195" lon="25.32681167">
    <ele>117</ele>
    <time>2020-09-14T21:19:01.523999Z</time>
  </trkpt>
  <trkpt lat="54.78191833" lon="25.32682833">
    <ele>118</ele>
    <time>2020-09-14T21:19:02.523999Z</time>
  </trkpt>
  <trkpt lat="54.78189167" lon="25.32685">
    <ele>118</ele>
    <time>2020-09-14T21:19:03.523000Z</time>
  </trkpt>
  <trkpt lat="54.78186167" lon="25.32686833">
    <ele>118</ele>
    <time>2020-09-14T21:19:04.523999Z</time>
  </trkpt>
  <trkpt lat="54.78183833" lon="25.32689">
    <ele>119</ele>
    <time>2020-09-14T21:19:05.523999Z</time>
  </trkpt>
  <trkpt lat="54.78181167" lon="25.32690833">
    <ele>119</ele>
    <time>2020-09-14T21:19:06.523999Z</time>
  </trkpt>
  <trkpt lat="54.78178333" lon="25.32692333">
    <ele>119</ele>
    <time>2020-09-14T21:19:07.523000Z</time>
  </trkpt>
  <trkpt lat="54.78176" lon="25.32693667">
    <ele>120</ele>
    <time>2020-09-14T21:19:08.523999Z</time>
  </trkpt>
  <trkpt lat="54.78174" lon="25.32695167">
    <ele>120</ele>
    <time>2020-09-14T21:19:09.523999Z</time>
  </trkpt>
  <trkpt lat="54.78171667" lon="25.32697167">
    <ele>120</ele>
    <time>2020-09-14T21:19:10.523999Z</time>
  </trkpt>
  <trkpt lat="54.78169167" lon="25.32699333">
    <ele>121</ele>
    <time>2020-09-14T21:19:11.523999Z</time>
  </trkpt>
  <trkpt lat="54.78166667" lon="25.32701167">
    <ele>121</ele>
    <time>2020-09-14T21:19:12.523000Z</time>
  </trkpt>
  <trkpt lat="54.78164333" lon="25.32702667">
    <ele>121</ele>
    <time>2020-09-14T21:19:13.523999Z</time>
  </trkpt>
  <trkpt lat="54.78161667" lon="25.327045">
    <ele>122</ele>
    <time>2020-09-14T21:19:14.523999Z</time>
  </trkpt>
  <trkpt lat="54.78158333" lon="25.32706333">
    <ele>122</ele>
    <time>2020-09-14T21:19:15.523999Z</time>
  </trkpt>
  <trkpt lat="54.78155" lon="25.32708833">
    <ele>123</ele>
    <time>2020-09-14T21:19:16.523999Z</time>
  </trkpt>
  <trkpt lat="54.781515" lon="25.327115">
    <ele>123</ele>
    <time>2020-09-14T21:19:17.523000Z</time>
  </trkpt>
  <trkpt lat="54.78147667" lon="25.32713667">
    <ele>124</ele>
    <time>2020-09-14T21:19:18.523000Z</time>
  </trkpt>
  <trkpt lat="54.78144" lon="25.32715333">
    <ele>124</ele>
    <time>2020-09-14T21:19:19.523999Z</time>
  </trkpt>
  <trkpt lat="54.78140833" lon="25.327175">
    <ele>125</ele>
    <time>2020-09-14T21:19:20.523999Z</time>
  </trkpt>
  <trkpt lat="54.78137833" lon="25.32719833">
    <ele>126</ele>
    <time>2020-09-14T21:19:21.523999Z</time>
  </trkpt>
  <trkpt lat="54.78135333" lon="25.32721833">
    <ele>126</ele>
    <time>2020-09-14T21:19:22.523000Z</time>
  </trkpt>
  <trkpt lat="54.781325" lon="25.32723833">
    <ele>127</ele>
    <time>2020-09-14T21:19:23.523000Z</time>
  </trkpt>
  <trkpt lat="54.78129833" lon="25.32725667">
    <ele>127</ele>
    <time>2020-09-14T21:19:24.523000Z</time>
  </trkpt>
  <trkpt lat="54.78126833" lon="25.327275">
    <ele>128</ele>
    <time>2020-09-14T21:19:25.523999Z</time>
  </trkpt>
  <trkpt lat="54.78123667" lon="25.32729167">
    <ele>128</ele>
    <time>2020-09-14T21:19:26.523000Z</time>
  </trkpt>
  <trkpt lat="54.78120333" lon="25.32730833">
    <ele>128</ele>
    <time>2020-09-14T21:19:27.523999Z</time>
  </trkpt>
  <trkpt lat="54.78117" lon="25.327325">
    <ele>129</ele>
    <time>2020-09-14T21:19:28.523000Z</time>
  </trkpt>
  <trkpt lat="54.78112833" lon="25.32734667">
    <ele>129</ele>
    <time>2020-09-14T21:19:29.523999Z</time>
  </trkpt>
  <trkpt lat="54.78109833" lon="25.327365">
    <ele>130</ele>
    <time>2020-09-14T21:19:30.523000Z</time>
  </trkpt>
  <trkpt lat="54.78106833" lon="25.32738167">
    <ele>130</ele>
    <time>2020-09-14T21:19:31.523000Z</time>
  </trkpt>
  <trkpt lat="54.78104167" lon="25.3274">
    <ele>131</ele>
    <time>2020-09-14T21:19:32.523999Z</time>
  </trkpt>
  <trkpt lat="54.781005" lon="25.32742667">
    <ele>131</ele>
    <time>2020-09-14T21:19:33.523000Z</time>
  </trkpt>
  <trkpt lat="54.78097833" lon="25.32744333">
    <ele>132</ele>
    <time>2020-09-14T21:19:34.523999Z</time>
  </trkpt>
  <trkpt lat="54.78095" lon="25.32747">
    <ele>132</ele>
    <time>2020-09-14T21:19:35.523999Z</time>
  </trkpt>
  <trkpt lat="54.780915" lon="25.327485">
    <ele>132</ele>
    <time>2020-09-14T21:19:36.523000Z</time>
  </trkpt>
  <trkpt lat="54.78088333" lon="25.32750167">
    <ele>133</ele>
    <time>2020-09-14T21:19:37.523999Z</time>
  </trkpt>
  <trkpt lat="54.78085333" lon="25.32750833">
    <ele>133</ele>
    <time>2020-09-14T21:19:38.523999Z</time>
  </trkpt>
  <trkpt lat="54.780825" lon="25.32751833">
    <ele>133</ele>
    <time>2020-09-14T21:19:39.523000Z</time>
  </trkpt>
  <trkpt lat="54.78079167" lon="25.32753167">
    <ele>133</ele>
    <time>2020-09-14T21:19:40.523999Z</time>
  </trkpt>
  <trkpt lat="54.78075667" lon="25.32754167">
    <ele>134</ele>
    <time>2020-09-14T21:19:41.523000Z</time>
  </trkpt>
  <trkpt lat="54.78072667" lon="25.32755667">
    <ele>134</ele>
    <time>2020-09-14T21:19:42.523999Z</time>
  </trkpt>
  <trkpt lat="54.78070167" lon="25.32756833">
    <ele>134</ele>
    <time>2020-09-14T21:19:43.523999Z</time>
  </trkpt>
  <trkpt lat="54.780675" lon="25.32758833">
    <ele>134</ele>
    <time>2020-09-14T21:19:44.523999Z</time>
  </trkpt>
  <trkpt lat="54.78064667" lon="25.32761333">
    <ele>135</ele>
    <time>2020-09-14T21:19:45.523999Z</time>
  </trkpt>
  <trkpt lat="54.78061333" lon="25.32764">
    <ele>135</ele>
    <time>2020-09-14T21:19:46.523000Z</time>
  </trkpt>
  <trkpt lat="54.78057833" lon="25.32767">
    <ele>135</ele>
    <time>2020-09-14T21:19:47.523999Z</time>
  </trkpt>
  <trkpt lat="54.78054667" lon="25.32770167">
    <ele>136</ele>
    <time>2020-09-14T21:19:48.523000Z</time>
  </trkpt>
  <trkpt lat="54.78051667" lon="25.32772167">
    <ele>136</ele>
    <time>2020-09-14T21:19:49.523999Z</time>
  </trkpt>
  <trkpt lat="54.78048667" lon="25.32774333">
    <ele>136</ele>
    <time>2020-09-14T21:19:50.523999Z</time>
  </trkpt>
  <trkpt lat="54.78045667" lon="25.32776333">
    <ele>136</ele>
    <time>2020-09-14T21:19:51.523999Z</time>
  </trkpt>
  <trkpt lat="54.780425" lon="25.32778167">
    <ele>137</ele>
    <time>2020-09-14T21:19:52.523000Z</time>
  </trkpt>
  <trkpt lat="54.78039833" lon="25.3278">
    <ele>137</ele>
    <time>2020-09-14T21:19:53.523000Z</time>
  </trkpt>
  <trkpt lat="54.78037" lon="25.32781333">
    <ele>137</ele>
    <time>2020-09-14T21:19:54.523000Z</time>
  </trkpt>
  <trkpt lat="54.78034" lon="25.32782667">
    <ele>137</ele>
    <time>2020-09-14T21:19:55.523999Z</time>
  </trkpt>
  <trkpt lat="54.78031167" lon="25.32783833">
    <ele>137</ele>
    <time>2020-09-14T21:19:56.523000Z</time>
  </trkpt>
  <trkpt lat="54.78028333" lon="25.32785167">
    <ele>137</ele>
    <time>2020-09-14T21:19:57.523999Z</time>
  </trkpt>
  <trkpt lat="54.78025167" lon="25.327865">
    <ele>137</ele>
    <time>2020-09-14T21:19:58.523999Z</time>
  </trkpt>
  <trkpt lat="54.78022167" lon="25.32787667">
    <ele>137</ele>
    <time>2020-09-14T21:19:59.523000Z</time>
  </trkpt>
  <trkpt lat="54.78019167" lon="25.32789333">
    <ele>137</ele>
    <time>2020-09-14T21:20:00.523999Z</time>
  </trkpt>
  <trkpt lat="54.780165" lon="25.32791667">
    <ele>137</ele>
    <time>2020-09-14T21:20:01.523000Z</time>
  </trkpt>
  <trkpt lat="54.780135" lon="25.32794333">
    <ele>137</ele>
    <time>2020-09-14T21:20:02.523000Z</time>
  </trkpt>
  <trkpt lat="54.780105" lon="25.32796667">
    <ele>137</ele>
    <time>2020-09-14T21:20:03.523999Z</time>
  </trkpt>
  <trkpt lat="54.78007167" lon="25.32798667">
    <ele>137</ele>
    <time>2020-09-14T21:20:04.523000Z</time>
  </trkpt>
  <trkpt lat="54.780038329999996" lon="25.32800333">
    <ele>136</ele>
    <time>2020-09-14T21:20:05.523000Z</time>
  </trkpt>
  <trkpt lat="54.780005" lon="25.32802">
    <ele>136</ele>
    <time>2020-09-14T21:20:06.523000Z</time>
  </trkpt>
  <trkpt lat="54.77996" lon="25.32805167">
    <ele>135</ele>
    <time>2020-09-14T21:20:07.523000Z</time>
  </trkpt>
  <trkpt lat="54.77992333" lon="25.32807167">
    <ele>135</ele>
    <time>2020-09-14T21:20:08.523999Z</time>
  </trkpt>
  <trkpt lat="54.779885" lon="25.32807667">
    <ele>134</ele>
    <time>2020-09-14T21:20:09.523000Z</time>
  </trkpt>
  <trkpt lat="54.77985333" lon="25.32808667">
    <ele>134</ele>
    <time>2020-09-14T21:20:10.523000Z</time>
  </trkpt>
  <trkpt lat="54.77982" lon="25.32810167">
    <ele>133</ele>
    <time>2020-09-14T21:20:11.523999Z</time>
  </trkpt>
  <trkpt lat="54.77978667" lon="25.328115">
    <ele>133</ele>
    <time>2020-09-14T21:20:12.523999Z</time>
  </trkpt>
  <trkpt lat="54.77975333" lon="25.32813167">
    <ele>133</ele>
    <time>2020-09-14T21:20:13.523000Z</time>
  </trkpt>
  <trkpt lat="54.77971833" lon="25.32814833">
    <ele>133</ele>
    <time>2020-09-14T21:20:14.523000Z</time>
  </trkpt>
  <trkpt lat="54.77968833" lon="25.32816667">
    <ele>132</ele>
    <time>2020-09-14T21:20:15.523000Z</time>
  </trkpt>
  <trkpt lat="54.77966" lon="25.328185">
    <ele>132</ele>
    <time>2020-09-14T21:20:16.523999Z</time>
  </trkpt>
  <trkpt lat="54.77963833" lon="25.32820833">
    <ele>132</ele>
    <time>2020-09-14T21:20:17.523999Z</time>
  </trkpt>
  <trkpt lat="54.77961" lon="25.32823333">
    <ele>132</ele>
    <time>2020-09-14T21:20:18.523000Z</time>
  </trkpt>
  <trkpt lat="54.77958" lon="25.32826">
    <ele>131</ele>
    <time>2020-09-14T21:20:19.523000Z</time>
  </trkpt>
  <trkpt lat="54.77955167" lon="25.32829167">
    <ele>131</ele>
    <time>2020-09-14T21:20:20.523999Z</time>
  </trkpt>
  <trkpt lat="54.77952333" lon="25.32832167">
    <ele>130</ele>
    <time>2020-09-14T21:20:21.523999Z</time>
  </trkpt>
  <trkpt lat="54.77949833" lon="25.32835333">
    <ele>130</ele>
    <time>2020-09-14T21:20:22.523999Z</time>
  </trkpt>
  <trkpt lat="54.77947" lon="25.328385">
    <ele>129</ele>
    <time>2020-09-14T21:20:23.523999Z</time>
  </trkpt>
  <trkpt lat="54.77943667" lon="25.32840667">
    <ele>128</ele>
    <time>2020-09-14T21:20:24.523999Z</time>
  </trkpt>
  <trkpt lat="54.77941167" lon="25.32842833">
    <ele>128</ele>
    <time>2020-09-14T21:20:25.523999Z</time>
  </trkpt>
  <trkpt lat="54.779385" lon="25.32844833">
    <ele>127</ele>
    <time>2020-09-14T21:20:26.523999Z</time>
  </trkpt>
  <trkpt lat="54.77936167" lon="25.32847167">
    <ele>127</ele>
    <time>2020-09-14T21:20:27.523000Z</time>
  </trkpt>
  <trkpt lat="54.77934" lon="25.32849333">
    <ele>126</ele>
    <time>2020-09-14T21:20:28.523999Z</time>
  </trkpt>
  <trkpt lat="54.779315" lon="25.32851667">
    <ele>126</ele>
    <time>2020-09-14T21:20:29.523000Z</time>
  </trkpt>
  <trkpt lat="54.779285" lon="25.32853833">
    <ele>125</ele>
    <time>2020-09-14T21:20:30.523000Z</time>
  </trkpt>
  <trkpt lat="54.77925333" lon="25.32855667">
    <ele>124</ele>
    <time>2020-09-14T21:20:31.523000Z</time>
  </trkpt>
  <trkpt lat="54.77922667" lon="25.328575">
    <ele>124</ele>
    <time>2020-09-14T21:20:32.523999Z</time>
  </trkpt>
  <trkpt lat="54.77920333" lon="25.32859">
    <ele>123</ele>
    <time>2020-09-14T21:20:33.523000Z</time>
  </trkpt>
  <trkpt lat="54.77917833" lon="25.32860833">
    <ele>122</ele>
    <time>2020-09-14T21:20:34.523999Z</time>
  </trkpt>
  <trkpt lat="54.77915833" lon="25.32863">
    <ele>121</ele>
    <time>2020-09-14T21:20:35.523999Z</time>
  </trkpt>
  <trkpt lat="54.77913167" lon="25.328645">
    <ele>121</ele>
    <time>2020-09-14T21:20:36.523000Z</time>
  </trkpt>
  <trkpt lat="54.7791" lon="25.32866333">
    <ele>120</ele>
    <time>2020-09-14T21:20:37.523999Z</time>
  </trkpt>
  <trkpt lat="54.779075" lon="25.32867667">
    <ele>119</ele>
    <time>2020-09-14T21:20:38.523999Z</time>
  </trkpt>
  <trkpt lat="54.77905" lon="25.32869833">
    <ele>118</ele>
    <time>2020-09-14T21:20:39.523999Z</time>
  </trkpt>
  <trkpt lat="54.77902167" lon="25.32871833">
    <ele>118</ele>
    <time>2020-09-14T21:20:40.523999Z</time>
  </trkpt>
  <trkpt lat="54.77899333" lon="25.32873833">
    <ele>117</ele>
    <time>2020-09-14T21:20:41.523000Z</time>
  </trkpt>
  <trkpt lat="54.77896667" lon="25.32876">
    <ele>117</ele>
    <time>2020-09-14T21:20:42.523000Z</time>
  </trkpt>
  <trkpt lat="54.77893833" lon="25.32878333">
    <ele>117</ele>
    <time>2020-09-14T21:20:43.523999Z</time>
  </trkpt>
  <trkpt lat="54.77891333" lon="25.32880667">
    <ele>117</ele>
    <time>2020-09-14T21:20:44.523999Z</time>
  </trkpt>
  <trkpt lat="54.77888833" lon="25.32883">
    <ele>117</ele>
    <time>2020-09-14T21:20:45.523000Z</time>
  </trkpt>
  <trkpt lat="54.77886333" lon="25.32885333">
    <ele>117</ele>
    <time>2020-09-14T21:20:46.523000Z</time>
  </trkpt>
  <trkpt lat="54.778835" lon="25.32887">
    <ele>117</ele>
    <time>2020-09-14T21:20:47.523000Z</time>
  </trkpt>
  <trkpt lat="54.77880667" lon="25.32889167">
    <ele>116</ele>
    <time>2020-09-14T21:20:48.523000Z</time>
  </trkpt>
  <trkpt lat="54.77877833" lon="25.32891333">
    <ele>116</ele>
    <time>2020-09-14T21:20:49.523999Z</time>
  </trkpt>
  <trkpt lat="54.77875167" lon="25.32893667">
    <ele>115</ele>
    <time>2020-09-14T21:20:50.523999Z</time>
  </trkpt>
  <trkpt lat="54.778725" lon="25.32896167">
    <ele>114</ele>
    <time>2020-09-14T21:20:51.523000Z</time>
  </trkpt>
  <trkpt lat="54.77869667" lon="25.328985">
    <ele>114</ele>
    <time>2020-09-14T21:20:52.523000Z</time>
  </trkpt>
  <trkpt lat="54.77867" lon="25.329005">
    <ele>114</ele>
    <time>2020-09-14T21:20:53.523000Z</time>
  </trkpt>
  <trkpt lat="54.77864333" lon="25.32902167">
    <ele>113</ele>
    <time>2020-09-14T21:20:54.523999Z</time>
  </trkpt>
  <trkpt lat="54.77861833" lon="25.32904333">
    <ele>113</ele>
    <time>2020-09-14T21:20:55.523999Z</time>
  </trkpt>
  <trkpt lat="54.77859167" lon="25.32906667">
    <ele>113</ele>
    <time>2020-09-14T21:20:56.523000Z</time>
  </trkpt>
  <trkpt lat="54.778565" lon="25.32908667">
    <ele>112</ele>
    <time>2020-09-14T21:20:57.523000Z</time>
  </trkpt>
  <trkpt lat="54.77853833" lon="25.32910667">
    <ele>112</ele>
    <time>2020-09-14T21:20:58.523000Z</time>
  </trkpt>
  <trkpt lat="54.77851167" lon="25.32912833">
    <ele>111</ele>
    <time>2020-09-14T21:20:59.523999Z</time>
  </trkpt>
  <trkpt lat="54.77847833" lon="25.32915333">
    <ele>111</ele>
    <time>2020-09-14T21:21:00.523999Z</time>
  </trkpt>
  <trkpt lat="54.77845667" lon="25.32916833">
    <ele>111</ele>
    <time>2020-09-14T21:21:01.523000Z</time>
  </trkpt>
  <trkpt lat="54.77843" lon="25.32918667">
    <ele>111</ele>
    <time>2020-09-14T21:21:02.523000Z</time>
  </trkpt>
  <trkpt lat="54.77840167" lon="25.32920833">
    <ele>110</ele>
    <time>2020-09-14T21:21:03.523000Z</time>
  </trkpt>
  <trkpt lat="54.778375" lon="25.32922833">
    <ele>110</ele>
    <time>2020-09-14T21:21:04.523999Z</time>
  </trkpt>
  <trkpt lat="54.77834833" lon="25.32924667">
    <ele>109</ele>
    <time>2020-09-14T21:21:05.523999Z</time>
  </trkpt>
  <trkpt lat="54.77832" lon="25.32926167">
    <ele>109</ele>
    <time>2020-09-14T21:21:06.523000Z</time>
  </trkpt>
  <trkpt lat="54.77829167" lon="25.32928">
    <ele>108</ele>
    <time>2020-09-14T21:21:07.523000Z</time>
  </trkpt>
  <trkpt lat="54.77825833" lon="25.329305">
    <ele>108</ele>
    <time>2020-09-14T21:21:08.523000Z</time>
  </trkpt>
  <trkpt lat="54.77823667" lon="25.32932167">
    <ele>108</ele>
    <time>2020-09-14T21:21:09.523999Z</time>
  </trkpt>
  <trkpt lat="54.77820833" lon="25.32934333">
    <ele>108</ele>
    <time>2020-09-14T21:21:10.523999Z</time>
  </trkpt>
  <trkpt lat="54.77817833" lon="25.32936167">
    <ele>108</ele>
    <time>2020-09-14T21:21:11.523000Z</time>
  </trkpt>
  <trkpt lat="54.77814833" lon="25.32937">
    <ele>108</ele>
    <time>2020-09-14T21:21:12.523000Z</time>
  </trkpt>
  <trkpt lat="54.77812" lon="25.32938">
    <ele>108</ele>
    <time>2020-09-14T21:21:13.523000Z</time>
  </trkpt>
  <trkpt lat="54.77808833" lon="25.3294">
    <ele>109</ele>
    <time>2020-09-14T21:21:14.523999Z</time>
  </trkpt>
  <trkpt lat="54.77805667" lon="25.329415">
    <ele>109</ele>
    <time>2020-09-14T21:21:15.523999Z</time>
  </trkpt>
  <trkpt lat="54.77802667" lon="25.32942667">
    <ele>109</ele>
    <time>2020-09-14T21:21:16.523000Z</time>
  </trkpt>
  <trkpt lat="54.777995" lon="25.32944">
    <ele>109</ele>
    <time>2020-09-14T21:21:17.523000Z</time>
  </trkpt>
  <trkpt lat="54.77796333" lon="25.32945">
    <ele>109</ele>
    <time>2020-09-14T21:21:18.523000Z</time>
  </trkpt>
  <trkpt lat="54.77793333" lon="25.32946333">
    <ele>109</ele>
    <time>2020-09-14T21:21:19.523999Z</time>
  </trkpt>
  <trkpt lat="54.77789833" lon="25.32947667">
    <ele>109</ele>
    <time>2020-09-14T21:21:20.523999Z</time>
  </trkpt>
  <trkpt lat="54.77786833" lon="25.32948667">
    <ele>109</ele>
    <time>2020-09-14T21:21:21.523000Z</time>
  </trkpt>
  <trkpt lat="54.77784" lon="25.3295">
    <ele>109</ele>
    <time>2020-09-14T21:21:22.523000Z</time>
  </trkpt>
  <trkpt lat="54.777815" lon="25.329505">
    <ele>108</ele>
    <time>2020-09-14T21:21:23.523000Z</time>
  </trkpt>
  <trkpt lat="54.77778333" lon="25.32951667">
    <ele>108</ele>
    <time>2020-09-14T21:21:24.523999Z</time>
  </trkpt>
  <trkpt lat="54.77775333" lon="25.32952667">
    <ele>109</ele>
    <time>2020-09-14T21:21:25.523000Z</time>
  </trkpt>
  <trkpt lat="54.777715" lon="25.32953667">
    <ele>108</ele>
    <time>2020-09-14T21:21:26.523000Z</time>
  </trkpt>
  <trkpt lat="54.77768333" lon="25.32954333">
    <ele>108</ele>
    <time>2020-09-14T21:21:27.523000Z</time>
  </trkpt>
  <trkpt lat="54.77765833" lon="25.32955167">
    <ele>108</ele>
    <time>2020-09-14T21:21:28.523000Z</time>
  </trkpt>
  <trkpt lat="54.77762667" lon="25.32956">
    <ele>108</ele>
    <time>2020-09-14T21:21:29.523999Z</time>
  </trkpt>
  <trkpt lat="54.777595" lon="25.32956833">
    <ele>108</ele>
    <time>2020-09-14T21:21:30.523999Z</time>
  </trkpt>
  <trkpt lat="54.77756333" lon="25.32958333">
    <ele>108</ele>
    <time>2020-09-14T21:21:31.523000Z</time>
  </trkpt>
  <trkpt lat="54.77753167" lon="25.329595">
    <ele>108</ele>
    <time>2020-09-14T21:21:32.523000Z</time>
  </trkpt>
  <trkpt lat="54.777505" lon="25.32960333">
    <ele>108</ele>
    <time>2020-09-14T21:21:33.523000Z</time>
  </trkpt>
  <trkpt lat="54.77747" lon="25.32961167">
    <ele>108</ele>
    <time>2020-09-14T21:21:34.523999Z</time>
  </trkpt>
  <trkpt lat="54.77744333" lon="25.32961667">
    <ele>108</ele>
    <time>2020-09-14T21:21:35.523999Z</time>
  </trkpt>
  <trkpt lat="54.77741833" lon="25.32962167">
    <ele>108</ele>
    <time>2020-09-14T21:21:36.523000Z</time>
  </trkpt>
  <trkpt lat="54.77739167" lon="25.32962833">
    <ele>107</ele>
    <time>2020-09-14T21:21:37.523000Z</time>
  </trkpt>
  <trkpt lat="54.777365" lon="25.32963667">
    <ele>107</ele>
    <time>2020-09-14T21:21:38.523000Z</time>
  </trkpt>
  <trkpt lat="54.777335" lon="25.329645">
    <ele>107</ele>
    <time>2020-09-14T21:21:39.523000Z</time>
  </trkpt>
  <trkpt lat="54.77730833" lon="25.32965167">
    <ele>107</ele>
    <time>2020-09-14T21:21:40.523000Z</time>
  </trkpt>
  <trkpt lat="54.77728" lon="25.329655">
    <ele>107</ele>
    <time>2020-09-14T21:21:41.523000Z</time>
  </trkpt>
  <trkpt lat="54.77725167" lon="25.32966333">
    <ele>107</ele>
    <time>2020-09-14T21:21:42.523000Z</time>
  </trkpt>
  <trkpt lat="54.77722333" lon="25.32966667">
    <ele>107</ele>
    <time>2020-09-14T21:21:43.523000Z</time>
  </trkpt>
  <trkpt lat="54.77719833" lon="25.32967667">
    <ele>107</ele>
    <time>2020-09-14T21:21:44.523000Z</time>
  </trkpt>
  <trkpt lat="54.77717167" lon="25.329685">
    <ele>107</ele>
    <time>2020-09-14T21:21:45.523000Z</time>
  </trkpt>
  <trkpt lat="54.77714333" lon="25.32969333">
    <ele>107</ele>
    <time>2020-09-14T21:21:46.523000Z</time>
  </trkpt>
  <trkpt lat="54.777115" lon="25.32969833">
    <ele>108</ele>
    <time>2020-09-14T21:21:47.523000Z</time>
  </trkpt>
  <trkpt lat="54.77708667" lon="25.329705">
    <ele>108</ele>
    <time>2020-09-14T21:21:48.523999Z</time>
  </trkpt>
  <trkpt lat="54.77706" lon="25.32970833">
    <ele>108</ele>
    <time>2020-09-14T21:21:49.523999Z</time>
  </trkpt>
  <trkpt lat="54.77703333" lon="25.32971333">
    <ele>108</ele>
    <time>2020-09-14T21:21:50.523999Z</time>
  </trkpt>
  <trkpt lat="54.77700833" lon="25.329715">
    <ele>108</ele>
    <time>2020-09-14T21:21:51.523000Z</time>
  </trkpt>
  <trkpt lat="54.77698667" lon="25.32972333">
    <ele>109</ele>
    <time>2020-09-14T21:21:52.523000Z</time>
  </trkpt>
  <trkpt lat="54.77696" lon="25.32973">
    <ele>109</ele>
    <time>2020-09-14T21:21:53.523999Z</time>
  </trkpt>
  <trkpt lat="54.77693167" lon="25.32974">
    <ele>110</ele>
    <time>2020-09-14T21:21:54.523999Z</time>
  </trkpt>
  <trkpt lat="54.77691167" lon="25.32974667">
    <ele>110</ele>
    <time>2020-09-14T21:21:55.523999Z</time>
  </trkpt>
  <trkpt lat="54.77688833" lon="25.32976">
    <ele>110</ele>
    <time>2020-09-14T21:21:56.523000Z</time>
  </trkpt>
  <trkpt lat="54.77686667" lon="25.32977">
    <ele>111</ele>
    <time>2020-09-14T21:21:57.523999Z</time>
  </trkpt>
  <trkpt lat="54.77684167" lon="25.32978167">
    <ele>111</ele>
    <time>2020-09-14T21:21:58.523999Z</time>
  </trkpt>
  <trkpt lat="54.77681333" lon="25.32979333">
    <ele>111</ele>
    <time>2020-09-14T21:21:59.523999Z</time>
  </trkpt>
  <trkpt lat="54.77678" lon="25.32980833">
    <ele>111</ele>
    <time>2020-09-14T21:22:00.523999Z</time>
  </trkpt>
  <trkpt lat="54.77675667" lon="25.32981667">
    <ele>112</ele>
    <time>2020-09-14T21:22:01.523000Z</time>
  </trkpt>
  <trkpt lat="54.77672167" lon="25.32981167">
    <ele>112</ele>
    <time>2020-09-14T21:22:02.523000Z</time>
  </trkpt>
  <trkpt lat="54.776695" lon="25.32980667">
    <ele>113</ele>
    <time>2020-09-14T21:22:03.523999Z</time>
  </trkpt>
  <trkpt lat="54.77666167" lon="25.329815">
    <ele>113</ele>
    <time>2020-09-14T21:22:04.523999Z</time>
  </trkpt>
  <trkpt lat="54.77662833" lon="25.32982833">
    <ele>114</ele>
    <time>2020-09-14T21:22:05.523000Z</time>
  </trkpt>
  <trkpt lat="54.776595" lon="25.32983">
    <ele>115</ele>
    <time>2020-09-14T21:22:06.523999Z</time>
  </trkpt>
  <trkpt lat="54.77656833" lon="25.32983333">
    <ele>115</ele>
    <time>2020-09-14T21:22:07.523999Z</time>
  </trkpt>
  <trkpt lat="54.77654" lon="25.32983667">
    <ele>116</ele>
    <time>2020-09-14T21:22:08.523999Z</time>
  </trkpt>
  <trkpt lat="54.77651667" lon="25.32984167">
    <ele>116</ele>
    <time>2020-09-14T21:22:09.523999Z</time>
  </trkpt>
  <trkpt lat="54.77648333" lon="25.32984833">
    <ele>116</ele>
    <time>2020-09-14T21:22:10.523000Z</time>
  </trkpt>
  <trkpt lat="54.77645333" lon="25.32985333">
    <ele>116</ele>
    <time>2020-09-14T21:22:11.523999Z</time>
  </trkpt>
  <trkpt lat="54.77643" lon="25.32986333">
    <ele>116</ele>
    <time>2020-09-14T21:22:12.523999Z</time>
  </trkpt>
  <trkpt lat="54.77640333" lon="25.32987333">
    <ele>116</ele>
    <time>2020-09-14T21:22:13.523999Z</time>
  </trkpt>
  <trkpt lat="54.776375" lon="25.32988667">
    <ele>117</ele>
    <time>2020-09-14T21:22:14.523000Z</time>
  </trkpt>
  <trkpt lat="54.77634" lon="25.32990333">
    <ele>117</ele>
    <time>2020-09-14T21:22:15.523999Z</time>
  </trkpt>
  <trkpt lat="54.77631167" lon="25.329915">
    <ele>117</ele>
    <time>2020-09-14T21:22:16.523999Z</time>
  </trkpt>
  <trkpt lat="54.776285" lon="25.32992167">
    <ele>117</ele>
    <time>2020-09-14T21:22:17.523999Z</time>
  </trkpt>
  <trkpt lat="54.77626333" lon="25.32992333">
    <ele>118</ele>
    <time>2020-09-14T21:22:18.523999Z</time>
  </trkpt>
  <trkpt lat="54.776235" lon="25.32992667">
    <ele>118</ele>
    <time>2020-09-14T21:22:19.523999Z</time>
  </trkpt>
  <trkpt lat="54.776215" lon="25.32993333">
    <ele>119</ele>
    <time>2020-09-14T21:22:20.523999Z</time>
  </trkpt>
  <trkpt lat="54.77619167" lon="25.32994">
    <ele>119</ele>
    <time>2020-09-14T21:22:21.523999Z</time>
  </trkpt>
  <trkpt lat="54.77617" lon="25.32995">
    <ele>119</ele>
    <time>2020-09-14T21:22:22.523999Z</time>
  </trkpt>
  <trkpt lat="54.77614167" lon="25.32995833">
    <ele>120</ele>
    <time>2020-09-14T21:22:23.523000Z</time>
  </trkpt>
  <trkpt lat="54.77611833" lon="25.32996667">
    <ele>120</ele>
    <time>2020-09-14T21:22:24.523999Z</time>
  </trkpt>
  <trkpt lat="54.77609833" lon="25.32997667">
    <ele>120</ele>
    <time>2020-09-14T21:22:25.523999Z</time>
  </trkpt>
  <trkpt lat="54.77608333" lon="25.32999">
    <ele>121</ele>
    <time>2020-09-14T21:22:26.523999Z</time>
  </trkpt>
  <trkpt lat="54.77606333" lon="25.33000667">
    <ele>122</ele>
    <time>2020-09-14T21:22:27.523999Z</time>
  </trkpt>
  <trkpt lat="54.776035" lon="25.33003">
    <ele>123</ele>
    <time>2020-09-14T21:22:28.523000Z</time>
  </trkpt>
  <trkpt lat="54.776" lon="25.33005">
    <ele>123</ele>
    <time>2020-09-14T21:22:29.523999Z</time>
  </trkpt>
  <trkpt lat="54.77596667" lon="25.33006167">
    <ele>124</ele>
    <time>2020-09-14T21:22:30.523999Z</time>
  </trkpt>
  <trkpt lat="54.77594667" lon="25.33007167">
    <ele>125</ele>
    <time>2020-09-14T21:22:31.523999Z</time>
  </trkpt>
  <trkpt lat="54.77591167" lon="25.33008333">
    <ele>126</ele>
    <time>2020-09-14T21:22:32.523999Z</time>
  </trkpt>
  <trkpt lat="54.775885" lon="25.33008833">
    <ele>127</ele>
    <time>2020-09-14T21:22:33.523000Z</time>
  </trkpt>
  <trkpt lat="54.775855" lon="25.33008833">
    <ele>127</ele>
    <time>2020-09-14T21:22:34.523999Z</time>
  </trkpt>
  <trkpt lat="54.775835" lon="25.330095">
    <ele>128</ele>
    <time>2020-09-14T21:22:35.523999Z</time>
  </trkpt>
  <trkpt lat="54.775805" lon="25.33011">
    <ele>129</ele>
    <time>2020-09-14T21:22:36.523999Z</time>
  </trkpt>
  <trkpt lat="54.77577333" lon="25.33013">
    <ele>129</ele>
    <time>2020-09-14T21:22:37.523000Z</time>
  </trkpt>
  <trkpt lat="54.775735" lon="25.33015">
    <ele>129</ele>
    <time>2020-09-14T21:22:38.523999Z</time>
  </trkpt>
  <trkpt lat="54.77571333" lon="25.33016167">
    <ele>130</ele>
    <time>2020-09-14T21:22:39.523999Z</time>
  </trkpt>
  <trkpt lat="54.77569167" lon="25.33016167">
    <ele>130</ele>
    <time>2020-09-14T21:22:40.523999Z</time>
  </trkpt>
  <trkpt lat="54.775675" lon="25.33016333">
    <ele>130</ele>
    <time>2020-09-14T21:22:41.523999Z</time>
  </trkpt>
  <trkpt lat="54.77565667" lon="25.33016">
    <ele>130</ele>
    <time>2020-09-14T21:22:42.523000Z</time>
  </trkpt>
  <trkpt lat="54.77563333" lon="25.330155">
    <ele>130</ele>
    <time>2020-09-14T21:22:43.523999Z</time>
  </trkpt>
  <trkpt lat="54.77561333" lon="25.330165">
    <ele>131</ele>
    <time>2020-09-14T21:22:44.523999Z</time>
  </trkpt>
  <trkpt lat="54.77559" lon="25.330185">
    <ele>131</ele>
    <time>2020-09-14T21:22:45.523999Z</time>
  </trkpt>
  <trkpt lat="54.77556333" lon="25.33021167">
    <ele>131</ele>
    <time>2020-09-14T21:22:46.523000Z</time>
  </trkpt>
  <trkpt lat="54.77553667" lon="25.33023333">
    <ele>131</ele>
    <time>2020-09-14T21:22:47.523000Z</time>
  </trkpt>
  <trkpt lat="54.77551667" lon="25.330245">
    <ele>131</ele>
    <time>2020-09-14T21:22:48.523999Z</time>
  </trkpt>
  <trkpt lat="54.77549167" lon="25.33025667">
    <ele>131</ele>
    <time>2020-09-14T21:22:49.523999Z</time>
  </trkpt>
  <trkpt lat="54.77545833" lon="25.33026833">
    <ele>131</ele>
    <time>2020-09-14T21:22:50.523999Z</time>
  </trkpt>
  <trkpt lat="54.77544" lon="25.33027667">
    <ele>131</ele>
    <time>2020-09-14T21:22:51.523000Z</time>
  </trkpt>
  <trkpt lat="54.77541833" lon="25.33028833">
    <ele>131</ele>
    <time>2020-09-14T21:22:52.523000Z</time>
  </trkpt>
  <trkpt lat="54.77539167" lon="25.33030333">
    <ele>132</ele>
    <time>2020-09-14T21:22:53.523000Z</time>
  </trkpt>
  <trkpt lat="54.775375" lon="25.33031667">
    <ele>132</ele>
    <time>2020-09-14T21:22:54.523000Z</time>
  </trkpt>
  <trkpt lat="54.77535167" lon="25.33033">
    <ele>132</ele>
    <time>2020-09-14T21:22:55.523000Z</time>
  </trkpt>
  <trkpt lat="54.775325" lon="25.33034167">
    <ele>132</ele>
    <time>2020-09-14T21:22:56.523000Z</time>
  </trkpt>
  <trkpt lat="54.77530167" lon="25.33035833">
    <ele>132</ele>
    <time>2020-09-14T21:22:57.523999Z</time>
  </trkpt>
  <trkpt lat="54.77527333" lon="25.33037833">
    <ele>132</ele>
    <time>2020-09-14T21:22:58.523999Z</time>
  </trkpt>
  <trkpt lat="54.77525333" lon="25.33039333">
    <ele>132</ele>
    <time>2020-09-14T21:22:59.523000Z</time>
  </trkpt>
  <trkpt lat="54.77523" lon="25.33041">
    <ele>132</ele>
    <time>2020-09-14T21:23:00.523999Z</time>
  </trkpt>
  <trkpt lat="54.775205" lon="25.33042333">
    <ele>133</ele>
    <time>2020-09-14T21:23:01.523999Z</time>
  </trkpt>
  <trkpt lat="54.77518" lon="25.33043833">
    <ele>133</ele>
    <time>2020-09-14T21:23:02.523999Z</time>
  </trkpt>
  <trkpt lat="54.77514833" lon="25.33044333">
    <ele>132</ele>
    <time>2020-09-14T21:23:03.523999Z</time>
  </trkpt>
  <trkpt lat="54.77512167" lon="25.33045167">
    <ele>132</ele>
    <time>2020-09-14T21:23:04.523000Z</time>
  </trkpt>
  <trkpt lat="54.77509" lon="25.33047333">
    <ele>132</ele>
    <time>2020-09-14T21:23:05.523999Z</time>
  </trkpt>
  <trkpt lat="54.77507" lon="25.33049">
    <ele>132</ele>
    <time>2020-09-14T21:23:06.523999Z</time>
  </trkpt>
  <trkpt lat="54.77504" lon="25.3305">
    <ele>131</ele>
    <time>2020-09-14T21:23:07.523999Z</time>
  </trkpt>
  <trkpt lat="54.77502" lon="25.33050833">
    <ele>131</ele>
    <time>2020-09-14T21:23:08.523000Z</time>
  </trkpt>
  <trkpt lat="54.774995" lon="25.33051">
    <ele>131</ele>
    <time>2020-09-14T21:23:09.523000Z</time>
  </trkpt>
  <trkpt lat="54.774965" lon="25.33052">
    <ele>131</ele>
    <time>2020-09-14T21:23:10.523999Z</time>
  </trkpt>
  <trkpt lat="54.77493667" lon="25.330525">
    <ele>131</ele>
    <time>2020-09-14T21:23:11.523999Z</time>
  </trkpt>
  <trkpt lat="54.774915" lon="25.33052667">
    <ele>131</ele>
    <time>2020-09-14T21:23:12.523000Z</time>
  </trkpt>
  <trkpt lat="54.774895" lon="25.33052167">
    <ele>131</ele>
    <time>2020-09-14T21:23:13.523999Z</time>
  </trkpt>
  <trkpt lat="54.77487" lon="25.33050667">
    <ele>131</ele>
    <time>2020-09-14T21:23:14.523000Z</time>
  </trkpt>
  <trkpt lat="54.77485167" lon="25.33049167">
    <ele>131</ele>
    <time>2020-09-14T21:23:15.523000Z</time>
  </trkpt>
  <trkpt lat="54.77483167" lon="25.33047167">
    <ele>131</ele>
    <time>2020-09-14T21:23:16.523000Z</time>
  </trkpt>
  <trkpt lat="54.77481167" lon="25.33045">
    <ele>132</ele>
    <time>2020-09-14T21:23:17.523000Z</time>
  </trkpt>
  <trkpt lat="54.77479" lon="25.33043667">
    <ele>132</ele>
    <time>2020-09-14T21:23:18.523000Z</time>
  </trkpt>
  <trkpt lat="54.77476167" lon="25.33041833">
    <ele>132</ele>
    <time>2020-09-14T21:23:19.523999Z</time>
  </trkpt>
  <trkpt lat="54.77474333" lon="25.330405">
    <ele>133</ele>
    <time>2020-09-14T21:23:20.523000Z</time>
  </trkpt>
  <trkpt lat="54.77472" lon="25.33038833">
    <ele>133</ele>
    <time>2020-09-14T21:23:21.523000Z</time>
  </trkpt>
  <trkpt lat="54.77469333" lon="25.33037">
    <ele>134</ele>
    <time>2020-09-14T21:23:22.523000Z</time>
  </trkpt>
  <trkpt lat="54.774655" lon="25.33035833">
    <ele>134</ele>
    <time>2020-09-14T21:23:23.523000Z</time>
  </trkpt>
  <trkpt lat="54.774625" lon="25.33035167">
    <ele>135</ele>
    <time>2020-09-14T21:23:24.523000Z</time>
  </trkpt>
  <trkpt lat="54.77459667" lon="25.330355">
    <ele>135</ele>
    <time>2020-09-14T21:23:25.523000Z</time>
  </trkpt>
  <trkpt lat="54.77456833" lon="25.33035">
    <ele>136</ele>
    <time>2020-09-14T21:23:26.523999Z</time>
  </trkpt>
  <trkpt lat="54.77454167" lon="25.33034333">
    <ele>136</ele>
    <time>2020-09-14T21:23:27.523999Z</time>
  </trkpt>
  <trkpt lat="54.77451333" lon="25.33034333">
    <ele>137</ele>
    <time>2020-09-14T21:23:28.523000Z</time>
  </trkpt>
  <trkpt lat="54.77449167" lon="25.33034">
    <ele>137</ele>
    <time>2020-09-14T21:23:29.523000Z</time>
  </trkpt>
  <trkpt lat="54.77447333" lon="25.33033167">
    <ele>137</ele>
    <time>2020-09-14T21:23:30.523999Z</time>
  </trkpt>
  <trkpt lat="54.77445667" lon="25.330335">
    <ele>138</ele>
    <time>2020-09-14T21:23:31.523999Z</time>
  </trkpt>
  <trkpt lat="54.77443667" lon="25.33033167">
    <ele>138</ele>
    <time>2020-09-14T21:23:32.523000Z</time>
  </trkpt>
  <trkpt lat="54.77441" lon="25.33032167">
    <ele>138</ele>
    <time>2020-09-14T21:23:33.523999Z</time>
  </trkpt>
  <trkpt lat="54.77438833" lon="25.33031333">
    <ele>139</ele>
    <time>2020-09-14T21:23:34.523000Z</time>
  </trkpt>
  <trkpt lat="54.77437" lon="25.330305">
    <ele>139</ele>
    <time>2020-09-14T21:23:35.523999Z</time>
  </trkpt>
  <trkpt lat="54.774355" lon="25.33029667">
    <ele>139</ele>
    <time>2020-09-14T21:23:36.523999Z</time>
  </trkpt>
  <trkpt lat="54.77433167" lon="25.33029">
    <ele>139</ele>
    <time>2020-09-14T21:23:37.523000Z</time>
  </trkpt>
  <trkpt lat="54.7743" lon="25.33028167">
    <ele>139</ele>
    <time>2020-09-14T21:23:38.523999Z</time>
  </trkpt>
  <trkpt lat="54.77427" lon="25.33028667">
    <ele>140</ele>
    <time>2020-09-14T21:23:39.523999Z</time>
  </trkpt>
  <trkpt lat="54.77425" lon="25.3303">
    <ele>140</ele>
    <time>2020-09-14T21:23:40.523999Z</time>
  </trkpt>
  <trkpt lat="54.77422167" lon="25.33030333">
    <ele>140</ele>
    <time>2020-09-14T21:23:41.523000Z</time>
  </trkpt>
  <trkpt lat="54.774195" lon="25.33030667">
    <ele>140</ele>
    <time>2020-09-14T21:23:42.523999Z</time>
  </trkpt>
  <trkpt lat="54.774175" lon="25.330305">
    <ele>140</ele>
    <time>2020-09-14T21:23:43.523999Z</time>
  </trkpt>
  <trkpt lat="54.77414833" lon="25.33030333">
    <ele>140</ele>
    <time>2020-09-14T21:23:44.523999Z</time>
  </trkpt>
  <trkpt lat="54.774125" lon="25.330305">
    <ele>140</ele>
    <time>2020-09-14T21:23:45.523999Z</time>
  </trkpt>
  <trkpt lat="54.774105" lon="25.33029667">
    <ele>141</ele>
    <time>2020-09-14T21:23:46.523000Z</time>
  </trkpt>
  <trkpt lat="54.77408167" lon="25.33028667">
    <ele>141</ele>
    <time>2020-09-14T21:23:47.523999Z</time>
  </trkpt>
  <trkpt lat="54.77406167" lon="25.33028333">
    <ele>141</ele>
    <time>2020-09-14T21:23:48.523999Z</time>
  </trkpt>
  <trkpt lat="54.774035" lon="25.33028167">
    <ele>142</ele>
    <time>2020-09-14T21:23:49.523999Z</time>
  </trkpt>
  <trkpt lat="54.774005" lon="25.330285">
    <ele>142</ele>
    <time>2020-09-14T21:23:50.523000Z</time>
  </trkpt>
  <trkpt lat="54.77397833" lon="25.330285">
    <ele>142</ele>
    <time>2020-09-14T21:23:51.523000Z</time>
  </trkpt>
  <trkpt lat="54.77395" lon="25.33028">
    <ele>142</ele>
    <time>2020-09-14T21:23:52.523999Z</time>
  </trkpt>
  <trkpt lat="54.77391833" lon="25.33027833">
    <ele>142</ele>
    <time>2020-09-14T21:23:53.523999Z</time>
  </trkpt>
  <trkpt lat="54.77387667" lon="25.33026833">
    <ele>143</ele>
    <time>2020-09-14T21:23:54.523999Z</time>
  </trkpt>
  <trkpt lat="54.77384167" lon="25.33025667">
    <ele>143</ele>
    <time>2020-09-14T21:23:55.523000Z</time>
  </trkpt>
  <trkpt lat="54.77381833" lon="25.33025167">
    <ele>143</ele>
    <time>2020-09-14T21:23:56.523999Z</time>
  </trkpt>
  <trkpt lat="54.77379833" lon="25.33024833">
    <ele>143</ele>
    <time>2020-09-14T21:23:57.523999Z</time>
  </trkpt>
  <trkpt lat="54.77377667" lon="25.33025">
    <ele>143</ele>
    <time>2020-09-14T21:23:58.523999Z</time>
  </trkpt>
  <trkpt lat="54.77375167" lon="25.33025333">
    <ele>143</ele>
    <time>2020-09-14T21:23:59.523999Z</time>
  </trkpt>
  <trkpt lat="54.77372333" lon="25.33025">
    <ele>143</ele>
    <time>2020-09-14T21:24:00.523000Z</time>
  </trkpt>
  <trkpt lat="54.77369833" lon="25.33025">
    <ele>143</ele>
    <time>2020-09-14T21:24:01.523000Z</time>
  </trkpt>
  <trkpt lat="54.77367167" lon="25.330255">
    <ele>143</ele>
    <time>2020-09-14T21:24:02.523999Z</time>
  </trkpt>
  <trkpt lat="54.77364333" lon="25.33026">
    <ele>143</ele>
    <time>2020-09-14T21:24:03.523999Z</time>
  </trkpt>
  <trkpt lat="54.77361167" lon="25.33026">
    <ele>143</ele>
    <time>2020-09-14T21:24:04.523000Z</time>
  </trkpt>
  <trkpt lat="54.773585" lon="25.33025167">
    <ele>143</ele>
    <time>2020-09-14T21:24:05.523999Z</time>
  </trkpt>
  <trkpt lat="54.77355667" lon="25.33024333">
    <ele>143</ele>
    <time>2020-09-14T21:24:06.523999Z</time>
  </trkpt>
  <trkpt lat="54.77352667" lon="25.33024667">
    <ele>142</ele>
    <time>2020-09-14T21:24:07.523999Z</time>
  </trkpt>
  <trkpt lat="54.77350167" lon="25.33024333">
    <ele>142</ele>
    <time>2020-09-14T21:24:08.523999Z</time>
  </trkpt>
  <trkpt lat="54.77347667" lon="25.33023667">
    <ele>143</ele>
    <time>2020-09-14T21:24:09.523999Z</time>
  </trkpt>
  <trkpt lat="54.773455" lon="25.33022833">
    <ele>143</ele>
    <time>2020-09-14T21:24:10.523999Z</time>
  </trkpt>
  <trkpt lat="54.77342833" lon="25.33022167">
    <ele>143</ele>
    <time>2020-09-14T21:24:11.523999Z</time>
  </trkpt>
  <trkpt lat="54.77341333" lon="25.330215">
    <ele>143</ele>
    <time>2020-09-14T21:24:12.523999Z</time>
  </trkpt>
  <trkpt lat="54.77339" lon="25.33020333">
    <ele>142</ele>
    <time>2020-09-14T21:24:13.523000Z</time>
  </trkpt>
  <trkpt lat="54.773365" lon="25.33019833">
    <ele>142</ele>
    <time>2020-09-14T21:24:14.523999Z</time>
  </trkpt>
  <trkpt lat="54.77333667" lon="25.33019">
    <ele>142</ele>
    <time>2020-09-14T21:24:15.523999Z</time>
  </trkpt>
  <trkpt lat="54.77329333" lon="25.33019833">
    <ele>142</ele>
    <time>2020-09-14T21:24:16.523999Z</time>
  </trkpt>
  <trkpt lat="54.77326667" lon="25.330205">
    <ele>142</ele>
    <time>2020-09-14T21:24:17.523000Z</time>
  </trkpt>
  <trkpt lat="54.77323833" lon="25.33020167">
    <ele>142</ele>
    <time>2020-09-14T21:24:18.523999Z</time>
  </trkpt>
  <trkpt lat="54.77321333" lon="25.33019667">
    <ele>142</ele>
    <time>2020-09-14T21:24:19.523000Z</time>
  </trkpt>
  <trkpt lat="54.77319333" lon="25.33019167">
    <ele>142</ele>
    <time>2020-09-14T21:24:20.523999Z</time>
  </trkpt>
  <trkpt lat="54.77316833" lon="25.33018333">
    <ele>142</ele>
    <time>2020-09-14T21:24:21.523999Z</time>
  </trkpt>
  <trkpt lat="54.77313833" lon="25.33018333">
    <ele>142</ele>
    <time>2020-09-14T21:24:22.523999Z</time>
  </trkpt>
  <trkpt lat="54.773105" lon="25.33018667">
    <ele>142</ele>
    <time>2020-09-14T21:24:23.523999Z</time>
  </trkpt>
  <trkpt lat="54.77307667" lon="25.33018833">
    <ele>142</ele>
    <time>2020-09-14T21:24:24.523000Z</time>
  </trkpt>
  <trkpt lat="54.77305833" lon="25.330175">
    <ele>142</ele>
    <time>2020-09-14T21:24:25.523999Z</time>
  </trkpt>
  <trkpt lat="54.773035" lon="25.33017167">
    <ele>142</ele>
    <time>2020-09-14T21:24:26.523999Z</time>
  </trkpt>
  <trkpt lat="54.77300667" lon="25.33016333">
    <ele>143</ele>
    <time>2020-09-14T21:24:27.523999Z</time>
  </trkpt>
  <trkpt lat="54.77298333" lon="25.330155">
    <ele>143</ele>
    <time>2020-09-14T21:24:28.523000Z</time>
  </trkpt>
  <trkpt lat="54.77295833" lon="25.33015">
    <ele>143</ele>
    <time>2020-09-14T21:24:29.523999Z</time>
  </trkpt>
  <trkpt lat="54.77293833" lon="25.33014667">
    <ele>143</ele>
    <time>2020-09-14T21:24:30.523999Z</time>
  </trkpt>
  <trkpt lat="54.77291333" lon="25.33013833">
    <ele>143</ele>
    <time>2020-09-14T21:24:31.523999Z</time>
  </trkpt>
  <trkpt lat="54.77288333" lon="25.33013333">
    <ele>143</ele>
    <time>2020-09-14T21:24:32.523999Z</time>
  </trkpt>
  <trkpt lat="54.77286" lon="25.33013167">
    <ele>143</ele>
    <time>2020-09-14T21:24:33.523999Z</time>
  </trkpt>
  <trkpt lat="54.77283833" lon="25.33012167">
    <ele>143</ele>
    <time>2020-09-14T21:24:34.523999Z</time>
  </trkpt>
  <trkpt lat="54.77281833" lon="25.330115">
    <ele>144</ele>
    <time>2020-09-14T21:24:35.523000Z</time>
  </trkpt>
  <trkpt lat="54.77278667" lon="25.33010667">
    <ele>144</ele>
    <time>2020-09-14T21:24:36.523999Z</time>
  </trkpt>
  <trkpt lat="54.77276333" lon="25.33010667">
    <ele>144</ele>
    <time>2020-09-14T21:24:37.523999Z</time>
  </trkpt>
  <trkpt lat="54.772735" lon="25.33010667">
    <ele>144</ele>
    <time>2020-09-14T21:24:38.523999Z</time>
  </trkpt>
  <trkpt lat="54.77270667" lon="25.330105">
    <ele>144</ele>
    <time>2020-09-14T21:24:39.523999Z</time>
  </trkpt>
  <trkpt lat="54.77267833" lon="25.33010167">
    <ele>144</ele>
    <time>2020-09-14T21:24:40.523999Z</time>
  </trkpt>
  <trkpt lat="54.77265" lon="25.330095">
    <ele>145</ele>
    <time>2020-09-14T21:24:41.523000Z</time>
  </trkpt>
  <trkpt lat="54.77262333" lon="25.33009">
    <ele>145</ele>
    <time>2020-09-14T21:24:42.523999Z</time>
  </trkpt>
  <trkpt lat="54.77259667" lon="25.33008333">
    <ele>145</ele>
    <time>2020-09-14T21:24:43.523999Z</time>
  </trkpt>
  <trkpt lat="54.77256833" lon="25.33007167">
    <ele>146</ele>
    <time>2020-09-14T21:24:44.523999Z</time>
  </trkpt>
  <trkpt lat="54.77254167" lon="25.33005333">
    <ele>146</ele>
    <time>2020-09-14T21:24:45.523000Z</time>
  </trkpt>
  <trkpt lat="54.77251333" lon="25.33004167">
    <ele>146</ele>
    <time>2020-09-14T21:24:46.523999Z</time>
  </trkpt>
  <trkpt lat="54.77249" lon="25.330035">
    <ele>147</ele>
    <time>2020-09-14T21:24:47.523999Z</time>
  </trkpt>
  <trkpt lat="54.77247" lon="25.33001833">
    <ele>147</ele>
    <time>2020-09-14T21:24:48.523000Z</time>
  </trkpt>
  <trkpt lat="54.77244833" lon="25.33000833">
    <ele>147</ele>
    <time>2020-09-14T21:24:49.523999Z</time>
  </trkpt>
  <trkpt lat="54.77242333" lon="25.33">
    <ele>147</ele>
    <time>2020-09-14T21:24:50.523999Z</time>
  </trkpt>
  <trkpt lat="54.772395" lon="25.32998833">
    <ele>148</ele>
    <time>2020-09-14T21:24:51.523000Z</time>
  </trkpt>
  <trkpt lat="54.77237" lon="25.32997333">
    <ele>148</ele>
    <time>2020-09-14T21:24:52.523999Z</time>
  </trkpt>
  <trkpt lat="54.77234333" lon="25.32995667">
    <ele>148</ele>
    <time>2020-09-14T21:24:53.523000Z</time>
  </trkpt>
  <trkpt lat="54.77232167" lon="25.32993667">
    <ele>148</ele>
    <time>2020-09-14T21:24:54.523999Z</time>
  </trkpt>
  <trkpt lat="54.772305" lon="25.329925">
    <ele>148</ele>
    <time>2020-09-14T21:24:55.523000Z</time>
  </trkpt>
  <trkpt lat="54.77228333" lon="25.329905">
    <ele>148</ele>
    <time>2020-09-14T21:24:56.523999Z</time>
  </trkpt>
  <trkpt lat="54.77227167" lon="25.329885">
    <ele>148</ele>
    <time>2020-09-14T21:24:57.523000Z</time>
  </trkpt>
  <trkpt lat="54.77225667" lon="25.32985667">
    <ele>148</ele>
    <time>2020-09-14T21:24:58.523999Z</time>
  </trkpt>
  <trkpt lat="54.77224333" lon="25.32982167">
    <ele>147</ele>
    <time>2020-09-14T21:24:59.523000Z</time>
  </trkpt>
  <trkpt lat="54.77223167" lon="25.32977833">
    <ele>147</ele>
    <time>2020-09-14T21:25:00.523000Z</time>
  </trkpt>
  <trkpt lat="54.77221667" lon="25.32974">
    <ele>147</ele>
    <time>2020-09-14T21:25:01.523999Z</time>
  </trkpt>
  <trkpt lat="54.77220833" lon="25.32970333">
    <ele>147</ele>
    <time>2020-09-14T21:25:02.523999Z</time>
  </trkpt>
  <trkpt lat="54.77220833" lon="25.32966833">
    <ele>146</ele>
    <time>2020-09-14T21:25:03.523999Z</time>
  </trkpt>
  <trkpt lat="54.77221167" lon="25.32963667">
    <ele>146</ele>
    <time>2020-09-14T21:25:04.523999Z</time>
  </trkpt>
  <trkpt lat="54.77221667" lon="25.32960667">
    <ele>146</ele>
    <time>2020-09-14T21:25:05.523999Z</time>
  </trkpt>
  <trkpt lat="54.77221167" lon="25.32957167">
    <ele>146</ele>
    <time>2020-09-14T21:25:06.523999Z</time>
  </trkpt>
  <trkpt lat="54.77220333" lon="25.32953333">
    <ele>146</ele>
    <time>2020-09-14T21:25:07.523999Z</time>
  </trkpt>
  <trkpt lat="54.7722" lon="25.3295">
    <ele>146</ele>
    <time>2020-09-14T21:25:08.523999Z</time>
  </trkpt>
  <trkpt lat="54.77219667" lon="25.32945667">
    <ele>146</ele>
    <time>2020-09-14T21:25:09.523999Z</time>
  </trkpt>
  <trkpt lat="54.772195" lon="25.32942667">
    <ele>146</ele>
    <time>2020-09-14T21:25:10.523000Z</time>
  </trkpt>
  <trkpt lat="54.77219167" lon="25.32939167">
    <ele>146</ele>
    <time>2020-09-14T21:25:11.523999Z</time>
  </trkpt>
  <trkpt lat="54.772185" lon="25.329365">
    <ele>146</ele>
    <time>2020-09-14T21:25:12.523999Z</time>
  </trkpt>
  <trkpt lat="54.772175" lon="25.32934167">
    <ele>146</ele>
    <time>2020-09-14T21:25:13.523999Z</time>
  </trkpt>
  <trkpt lat="54.77216333" lon="25.32932">
    <ele>146</ele>
    <time>2020-09-14T21:25:14.523000Z</time>
  </trkpt>
  <trkpt lat="54.77215" lon="25.329295">
    <ele>146</ele>
    <time>2020-09-14T21:25:15.523999Z</time>
  </trkpt>
  <trkpt lat="54.77213833" lon="25.329265">
    <ele>146</ele>
    <time>2020-09-14T21:25:16.523000Z</time>
  </trkpt>
  <trkpt lat="54.77212667" lon="25.32922833">
    <ele>146</ele>
    <time>2020-09-14T21:25:17.523000Z</time>
  </trkpt>
  <trkpt lat="54.77211333" lon="25.32920167">
    <ele>146</ele>
    <time>2020-09-14T21:25:18.523000Z</time>
  </trkpt>
  <trkpt lat="54.77209667" lon="25.32917667">
    <ele>147</ele>
    <time>2020-09-14T21:25:19.523000Z</time>
  </trkpt>
  <trkpt lat="54.77208" lon="25.32915833">
    <ele>147</ele>
    <time>2020-09-14T21:25:20.523999Z</time>
  </trkpt>
  <trkpt lat="54.77205667" lon="25.32914">
    <ele>146</ele>
    <time>2020-09-14T21:25:21.523000Z</time>
  </trkpt>
  <trkpt lat="54.772035" lon="25.32912333">
    <ele>146</ele>
    <time>2020-09-14T21:25:22.523999Z</time>
  </trkpt>
  <trkpt lat="54.77201833" lon="25.32910833">
    <ele>146</ele>
    <time>2020-09-14T21:25:23.523999Z</time>
  </trkpt>
  <trkpt lat="54.77200333" lon="25.3291">
    <ele>146</ele>
    <time>2020-09-14T21:25:24.523999Z</time>
  </trkpt>
  <trkpt lat="54.77198833" lon="25.32909333">
    <ele>145</ele>
    <time>2020-09-14T21:25:25.523999Z</time>
  </trkpt>
  <trkpt lat="54.77196333" lon="25.32908333">
    <ele>145</ele>
    <time>2020-09-14T21:25:26.523999Z</time>
  </trkpt>
  <trkpt lat="54.77194167" lon="25.32907333">
    <ele>145</ele>
    <time>2020-09-14T21:25:27.523999Z</time>
  </trkpt>
  <trkpt lat="54.77192667" lon="25.32906333">
    <ele>146</ele>
    <time>2020-09-14T21:25:28.523999Z</time>
  </trkpt>
  <trkpt lat="54.77190833" lon="25.32904333">
    <ele>146</ele>
    <time>2020-09-14T21:25:29.523999Z</time>
  </trkpt>
  <trkpt lat="54.77189167" lon="25.32901667">
    <ele>146</ele>
    <time>2020-09-14T21:25:30.523999Z</time>
  </trkpt>
  <trkpt lat="54.77187333" lon="25.32899">
    <ele>146</ele>
    <time>2020-09-14T21:25:31.523999Z</time>
  </trkpt>
  <trkpt lat="54.77185833" lon="25.32897333">
    <ele>147</ele>
    <time>2020-09-14T21:25:32.523999Z</time>
  </trkpt>
  <trkpt lat="54.77183833" lon="25.32894833">
    <ele>147</ele>
    <time>2020-09-14T21:25:33.523999Z</time>
  </trkpt>
  <trkpt lat="54.77182" lon="25.32892667">
    <ele>146</ele>
    <time>2020-09-14T21:25:34.523999Z</time>
  </trkpt>
  <trkpt lat="54.77180667" lon="25.32890333">
    <ele>146</ele>
    <time>2020-09-14T21:25:35.523999Z</time>
  </trkpt>
  <trkpt lat="54.77179667" lon="25.32888667">
    <ele>146</ele>
    <time>2020-09-14T21:25:36.523999Z</time>
  </trkpt>
  <trkpt lat="54.77177333" lon="25.32886833">
    <ele>146</ele>
    <time>2020-09-14T21:25:37.523999Z</time>
  </trkpt>
  <trkpt lat="54.77175667" lon="25.328845">
    <ele>146</ele>
    <time>2020-09-14T21:25:38.523000Z</time>
  </trkpt>
  <trkpt lat="54.77173833" lon="25.32882">
    <ele>146</ele>
    <time>2020-09-14T21:25:39.523999Z</time>
  </trkpt>
  <trkpt lat="54.77172333" lon="25.32879333">
    <ele>146</ele>
    <time>2020-09-14T21:25:40.523999Z</time>
  </trkpt>
  <trkpt lat="54.77170667" lon="25.32876667">
    <ele>146</ele>
    <time>2020-09-14T21:25:41.523000Z</time>
  </trkpt>
  <trkpt lat="54.77169167" lon="25.32874833">
    <ele>146</ele>
    <time>2020-09-14T21:25:42.523999Z</time>
  </trkpt>
  <trkpt lat="54.77167333" lon="25.32873333">
    <ele>146</ele>
    <time>2020-09-14T21:25:43.523000Z</time>
  </trkpt>
  <trkpt lat="54.77165167" lon="25.32872">
    <ele>146</ele>
    <time>2020-09-14T21:25:44.523000Z</time>
  </trkpt>
  <trkpt lat="54.77162833" lon="25.328705">
    <ele>146</ele>
    <time>2020-09-14T21:25:45.523999Z</time>
  </trkpt>
  <trkpt lat="54.771615" lon="25.32869">
    <ele>146</ele>
    <time>2020-09-14T21:25:46.523999Z</time>
  </trkpt>
  <trkpt lat="54.77159667" lon="25.32867167">
    <ele>146</ele>
    <time>2020-09-14T21:25:47.523999Z</time>
  </trkpt>
  <trkpt lat="54.77158" lon="25.32866333">
    <ele>147</ele>
    <time>2020-09-14T21:25:48.523999Z</time>
  </trkpt>
  <trkpt lat="54.77155833" lon="25.328655">
    <ele>147</ele>
    <time>2020-09-14T21:25:49.523999Z</time>
  </trkpt>
  <trkpt lat="54.771535" lon="25.32864167">
    <ele>147</ele>
    <time>2020-09-14T21:25:50.523999Z</time>
  </trkpt>
  <trkpt lat="54.77151333" lon="25.32863333">
    <ele>147</ele>
    <time>2020-09-14T21:25:51.523000Z</time>
  </trkpt>
  <trkpt lat="54.77149167" lon="25.32861833">
    <ele>147</ele>
    <time>2020-09-14T21:25:52.523000Z</time>
  </trkpt>
  <trkpt lat="54.77146833" lon="25.32859333">
    <ele>147</ele>
    <time>2020-09-14T21:25:53.523000Z</time>
  </trkpt>
  <trkpt lat="54.77143833" lon="25.32857167">
    <ele>146</ele>
    <time>2020-09-14T21:25:54.523000Z</time>
  </trkpt>
  <trkpt lat="54.77140167" lon="25.32856167">
    <ele>146</ele>
    <time>2020-09-14T21:25:55.523999Z</time>
  </trkpt>
  <trkpt lat="54.771375" lon="25.328565">
    <ele>146</ele>
    <time>2020-09-14T21:25:56.523000Z</time>
  </trkpt>
  <trkpt lat="54.77135167" lon="25.32855167">
    <ele>146</ele>
    <time>2020-09-14T21:25:57.523999Z</time>
  </trkpt>
  <trkpt lat="54.77133" lon="25.32853333">
    <ele>146</ele>
    <time>2020-09-14T21:25:58.523000Z</time>
  </trkpt>
  <trkpt lat="54.77131167" lon="25.32851333">
    <ele>146</ele>
    <time>2020-09-14T21:25:59.523999Z</time>
  </trkpt>
  <trkpt lat="54.77129333" lon="25.3285">
    <ele>146</ele>
    <time>2020-09-14T21:26:00.523999Z</time>
  </trkpt>
  <trkpt lat="54.77127167" lon="25.32849167">
    <ele>146</ele>
    <time>2020-09-14T21:26:01.523999Z</time>
  </trkpt>
  <trkpt lat="54.77125333" lon="25.32847667">
    <ele>146</ele>
    <time>2020-09-14T21:26:02.523999Z</time>
  </trkpt>
  <trkpt lat="54.77122833" lon="25.32843333">
    <ele>146</ele>
    <time>2020-09-14T21:26:03.523999Z</time>
  </trkpt>
  <trkpt lat="54.77119167" lon="25.32840667">
    <ele>146</ele>
    <time>2020-09-14T21:26:04.523000Z</time>
  </trkpt>
  <trkpt lat="54.77117" lon="25.32838833">
    <ele>146</ele>
    <time>2020-09-14T21:26:05.523999Z</time>
  </trkpt>
  <trkpt lat="54.77114" lon="25.32836833">
    <ele>146</ele>
    <time>2020-09-14T21:26:06.523000Z</time>
  </trkpt>
  <trkpt lat="54.77111333" lon="25.32833833">
    <ele>145</ele>
    <time>2020-09-14T21:26:07.523999Z</time>
  </trkpt>
  <trkpt lat="54.77108833" lon="25.32830833">
    <ele>146</ele>
    <time>2020-09-14T21:26:08.523000Z</time>
  </trkpt>
  <trkpt lat="54.77106667" lon="25.32828667">
    <ele>146</ele>
    <time>2020-09-14T21:26:09.523000Z</time>
  </trkpt>
  <trkpt lat="54.771055" lon="25.32826333">
    <ele>146</ele>
    <time>2020-09-14T21:26:10.523999Z</time>
  </trkpt>
  <trkpt lat="54.77104333" lon="25.32824">
    <ele>146</ele>
    <time>2020-09-14T21:26:11.523999Z</time>
  </trkpt>
  <trkpt lat="54.77103167" lon="25.32821167">
    <ele>146</ele>
    <time>2020-09-14T21:26:12.523999Z</time>
  </trkpt>
  <trkpt lat="54.77102167" lon="25.328195">
    <ele>146</ele>
    <time>2020-09-14T21:26:13.523000Z</time>
  </trkpt>
  <trkpt lat="54.77100167" lon="25.32816333">
    <ele>146</ele>
    <time>2020-09-14T21:26:14.523000Z</time>
  </trkpt>
  <trkpt lat="54.77098667" lon="25.32814333">
    <ele>146</ele>
    <time>2020-09-14T21:26:15.523000Z</time>
  </trkpt>
  <trkpt lat="54.77097" lon="25.32812833">
    <ele>147</ele>
    <time>2020-09-14T21:26:16.523999Z</time>
  </trkpt>
  <trkpt lat="54.77094667" lon="25.32811333">
    <ele>147</ele>
    <time>2020-09-14T21:26:17.523000Z</time>
  </trkpt>
  <trkpt lat="54.77093" lon="25.32809333">
    <ele>147</ele>
    <time>2020-09-14T21:26:18.523000Z</time>
  </trkpt>
  <trkpt lat="54.77091333" lon="25.32807333">
    <ele>147</ele>
    <time>2020-09-14T21:26:19.523000Z</time>
  </trkpt>
  <trkpt lat="54.77089333" lon="25.32805167">
    <ele>147</ele>
    <time>2020-09-14T21:26:20.523000Z</time>
  </trkpt>
  <trkpt lat="54.77087833" lon="25.32802333">
    <ele>148</ele>
    <time>2020-09-14T21:26:21.523000Z</time>
  </trkpt>
  <trkpt lat="54.77085167" lon="25.32798333">
    <ele>148</ele>
    <time>2020-09-14T21:26:22.523000Z</time>
  </trkpt>
  <trkpt lat="54.77083167" lon="25.32795833">
    <ele>148</ele>
    <time>2020-09-14T21:26:23.523000Z</time>
  </trkpt>
  <trkpt lat="54.77081167" lon="25.32792333">
    <ele>148</ele>
    <time>2020-09-14T21:26:24.523999Z</time>
  </trkpt>
  <trkpt lat="54.77079333" lon="25.32789">
    <ele>148</ele>
    <time>2020-09-14T21:26:25.523999Z</time>
  </trkpt>
  <trkpt lat="54.77077333" lon="25.32786667">
    <ele>149</ele>
    <time>2020-09-14T21:26:26.523999Z</time>
  </trkpt>
  <trkpt lat="54.770755" lon="25.32785333">
    <ele>149</ele>
    <time>2020-09-14T21:26:27.523000Z</time>
  </trkpt>
  <trkpt lat="54.770735" lon="25.327825">
    <ele>149</ele>
    <time>2020-09-14T21:26:28.523000Z</time>
  </trkpt>
  <trkpt lat="54.770715" lon="25.32779667">
    <ele>150</ele>
    <time>2020-09-14T21:26:29.523999Z</time>
  </trkpt>
  <trkpt lat="54.77069667" lon="25.32777333">
    <ele>150</ele>
    <time>2020-09-14T21:26:30.523999Z</time>
  </trkpt>
  <trkpt lat="54.77067833" lon="25.32774167">
    <ele>150</ele>
    <time>2020-09-14T21:26:31.523000Z</time>
  </trkpt>
  <trkpt lat="54.770665" lon="25.3277">
    <ele>150</ele>
    <time>2020-09-14T21:26:32.523999Z</time>
  </trkpt>
  <trkpt lat="54.77064833" lon="25.32765833">
    <ele>149</ele>
    <time>2020-09-14T21:26:33.523999Z</time>
  </trkpt>
  <trkpt lat="54.77063333" lon="25.32762">
    <ele>149</ele>
    <time>2020-09-14T21:26:34.523000Z</time>
  </trkpt>
  <trkpt lat="54.770615" lon="25.32759167">
    <ele>149</ele>
    <time>2020-09-14T21:26:35.523999Z</time>
  </trkpt>
  <trkpt lat="54.77059833" lon="25.32756667">
    <ele>149</ele>
    <time>2020-09-14T21:26:36.523999Z</time>
  </trkpt>
  <trkpt lat="54.77057667" lon="25.32754833">
    <ele>148</ele>
    <time>2020-09-14T21:26:37.523999Z</time>
  </trkpt>
  <trkpt lat="54.77055" lon="25.32753333">
    <ele>148</ele>
    <time>2020-09-14T21:26:38.523000Z</time>
  </trkpt>
  <trkpt lat="54.770525" lon="25.327514999999998">
    <ele>148</ele>
    <time>2020-09-14T21:26:39.523000Z</time>
  </trkpt>
  <trkpt lat="54.7705" lon="25.32749">
    <ele>149</ele>
    <time>2020-09-14T21:26:40.523999Z</time>
  </trkpt>
  <trkpt lat="54.770475" lon="25.32746333">
    <ele>149</ele>
    <time>2020-09-14T21:26:41.523000Z</time>
  </trkpt>
  <trkpt lat="54.77044833" lon="25.327435">
    <ele>149</ele>
    <time>2020-09-14T21:26:42.523999Z</time>
  </trkpt>
  <trkpt lat="54.77042667" lon="25.32740667">
    <ele>149</ele>
    <time>2020-09-14T21:26:43.523999Z</time>
  </trkpt>
  <trkpt lat="54.77040667" lon="25.32737667">
    <ele>150</ele>
    <time>2020-09-14T21:26:44.523999Z</time>
  </trkpt>
  <trkpt lat="54.77038667" lon="25.32734833">
    <ele>150</ele>
    <time>2020-09-14T21:26:45.523999Z</time>
  </trkpt>
  <trkpt lat="54.770365" lon="25.32732">
    <ele>151</ele>
    <time>2020-09-14T21:26:46.523999Z</time>
  </trkpt>
  <trkpt lat="54.77034333" lon="25.32729167">
    <ele>151</ele>
    <time>2020-09-14T21:26:47.523000Z</time>
  </trkpt>
  <trkpt lat="54.77031833" lon="25.32726667">
    <ele>151</ele>
    <time>2020-09-14T21:26:48.523999Z</time>
  </trkpt>
  <trkpt lat="54.77029833" lon="25.32724333">
    <ele>152</ele>
    <time>2020-09-14T21:26:49.523000Z</time>
  </trkpt>
  <trkpt lat="54.77028" lon="25.32721333">
    <ele>152</ele>
    <time>2020-09-14T21:26:50.523999Z</time>
  </trkpt>
  <trkpt lat="54.77026167" lon="25.32718333">
    <ele>152</ele>
    <time>2020-09-14T21:26:51.523000Z</time>
  </trkpt>
  <trkpt lat="54.77024" lon="25.32715667">
    <ele>153</ele>
    <time>2020-09-14T21:26:52.523000Z</time>
  </trkpt>
  <trkpt lat="54.77021833" lon="25.32712667">
    <ele>153</ele>
    <time>2020-09-14T21:26:53.523000Z</time>
  </trkpt>
  <trkpt lat="54.77019833" lon="25.32710333">
    <ele>153</ele>
    <time>2020-09-14T21:26:54.523999Z</time>
  </trkpt>
  <trkpt lat="54.77017667" lon="25.32707667">
    <ele>154</ele>
    <time>2020-09-14T21:26:55.523999Z</time>
  </trkpt>
  <trkpt lat="54.770155" lon="25.32704667">
    <ele>154</ele>
    <time>2020-09-14T21:26:56.523999Z</time>
  </trkpt>
  <trkpt lat="54.77014167" lon="25.32702833">
    <ele>154</ele>
    <time>2020-09-14T21:26:57.523000Z</time>
  </trkpt>
  <trkpt lat="54.77012" lon="25.32700667">
    <ele>154</ele>
    <time>2020-09-14T21:26:58.523000Z</time>
  </trkpt>
  <trkpt lat="54.7701" lon="25.32698833">
    <ele>154</ele>
    <time>2020-09-14T21:26:59.523999Z</time>
  </trkpt>
  <trkpt lat="54.77007833" lon="25.32697167">
    <ele>154</ele>
    <time>2020-09-14T21:27:00.523999Z</time>
  </trkpt>
  <trkpt lat="54.77005833" lon="25.32696333">
    <ele>153</ele>
    <time>2020-09-14T21:27:01.523999Z</time>
  </trkpt>
  <trkpt lat="54.77004" lon="25.32696333">
    <ele>153</ele>
    <time>2020-09-14T21:27:02.523999Z</time>
  </trkpt>
  <trkpt lat="54.77002333" lon="25.32696833">
    <ele>153</ele>
    <time>2020-09-14T21:27:03.523000Z</time>
  </trkpt>
  <trkpt lat="54.77000333" lon="25.32697">
    <ele>153</ele>
    <time>2020-09-14T21:27:04.523999Z</time>
  </trkpt>
  <trkpt lat="54.76998" lon="25.32695833">
    <ele>152</ele>
    <time>2020-09-14T21:27:05.523000Z</time>
  </trkpt>
  <trkpt lat="54.76996833" lon="25.32692667">
    <ele>152</ele>
    <time>2020-09-14T21:27:06.523999Z</time>
  </trkpt>
  <trkpt lat="54.76995" lon="25.32687667">
    <ele>151</ele>
    <time>2020-09-14T21:27:07.523000Z</time>
  </trkpt>
  <trkpt lat="54.769935" lon="25.32683833">
    <ele>150</ele>
    <time>2020-09-14T21:27:08.523999Z</time>
  </trkpt>
  <trkpt lat="54.76991833" lon="25.3268">
    <ele>149</ele>
    <time>2020-09-14T21:27:09.523000Z</time>
  </trkpt>
  <trkpt lat="54.76989667" lon="25.32675833">
    <ele>148</ele>
    <time>2020-09-14T21:27:10.523000Z</time>
  </trkpt>
  <trkpt lat="54.76988167" lon="25.32672667">
    <ele>147</ele>
    <time>2020-09-14T21:27:11.523999Z</time>
  </trkpt>
  <trkpt lat="54.76987" lon="25.326695">
    <ele>146</ele>
    <time>2020-09-14T21:27:12.523000Z</time>
  </trkpt>
  <trkpt lat="54.76986" lon="25.32666167">
    <ele>146</ele>
    <time>2020-09-14T21:27:13.523999Z</time>
  </trkpt>
  <trkpt lat="54.769845" lon="25.326625">
    <ele>145</ele>
    <time>2020-09-14T21:27:14.523000Z</time>
  </trkpt>
  <trkpt lat="54.76983167" lon="25.32658333">
    <ele>145</ele>
    <time>2020-09-14T21:27:15.523000Z</time>
  </trkpt>
  <trkpt lat="54.76982" lon="25.32654833">
    <ele>144</ele>
    <time>2020-09-14T21:27:16.523000Z</time>
  </trkpt>
  <trkpt lat="54.76980667" lon="25.32651667">
    <ele>144</ele>
    <time>2020-09-14T21:27:17.523000Z</time>
  </trkpt>
  <trkpt lat="54.769795" lon="25.32649333">
    <ele>143</ele>
    <time>2020-09-14T21:27:18.523000Z</time>
  </trkpt>
  <trkpt lat="54.76978167" lon="25.32646167">
    <ele>143</ele>
    <time>2020-09-14T21:27:19.523000Z</time>
  </trkpt>
  <trkpt lat="54.76976833" lon="25.326435">
    <ele>143</ele>
    <time>2020-09-14T21:27:20.523000Z</time>
  </trkpt>
  <trkpt lat="54.76975667" lon="25.32641333">
    <ele>142</ele>
    <time>2020-09-14T21:27:21.523000Z</time>
  </trkpt>
  <trkpt lat="54.76974" lon="25.32639833">
    <ele>142</ele>
    <time>2020-09-14T21:27:22.523000Z</time>
  </trkpt>
  <trkpt lat="54.769725" lon="25.32639">
    <ele>142</ele>
    <time>2020-09-14T21:27:23.523000Z</time>
  </trkpt>
  <trkpt lat="54.769705" lon="25.32638833">
    <ele>143</ele>
    <time>2020-09-14T21:27:24.523999Z</time>
  </trkpt>
  <trkpt lat="54.76968" lon="25.32639667">
    <ele>143</ele>
    <time>2020-09-14T21:27:25.523999Z</time>
  </trkpt>
  <trkpt lat="54.76965833" lon="25.32641">
    <ele>143</ele>
    <time>2020-09-14T21:27:26.523999Z</time>
  </trkpt>
  <trkpt lat="54.76964" lon="25.32642167">
    <ele>144</ele>
    <time>2020-09-14T21:27:27.523000Z</time>
  </trkpt>
  <trkpt lat="54.76961833" lon="25.32644167">
    <ele>144</ele>
    <time>2020-09-14T21:27:28.523999Z</time>
  </trkpt>
  <trkpt lat="54.76960333" lon="25.326465">
    <ele>144</ele>
    <time>2020-09-14T21:27:29.523000Z</time>
  </trkpt>
  <trkpt lat="54.76958833" lon="25.32650333">
    <ele>145</ele>
    <time>2020-09-14T21:27:30.523999Z</time>
  </trkpt>
  <trkpt lat="54.769565" lon="25.326535">
    <ele>145</ele>
    <time>2020-09-14T21:27:31.523999Z</time>
  </trkpt>
  <trkpt lat="54.76954833" lon="25.326555">
    <ele>145</ele>
    <time>2020-09-14T21:27:32.523999Z</time>
  </trkpt>
  <trkpt lat="54.76952667" lon="25.32657167">
    <ele>145</ele>
    <time>2020-09-14T21:27:33.523000Z</time>
  </trkpt>
  <trkpt lat="54.769505" lon="25.326595">
    <ele>145</ele>
    <time>2020-09-14T21:27:34.523999Z</time>
  </trkpt>
  <trkpt lat="54.76948167" lon="25.32662">
    <ele>146</ele>
    <time>2020-09-14T21:27:35.523999Z</time>
  </trkpt>
  <trkpt lat="54.76946333" lon="25.326645">
    <ele>146</ele>
    <time>2020-09-14T21:27:36.523999Z</time>
  </trkpt>
  <trkpt lat="54.76945" lon="25.32667">
    <ele>146</ele>
    <time>2020-09-14T21:27:37.523999Z</time>
  </trkpt>
  <trkpt lat="54.76943667" lon="25.32669833">
    <ele>146</ele>
    <time>2020-09-14T21:27:38.523000Z</time>
  </trkpt>
  <trkpt lat="54.769425" lon="25.32673">
    <ele>146</ele>
    <time>2020-09-14T21:27:39.523000Z</time>
  </trkpt>
  <trkpt lat="54.76941167" lon="25.32676833">
    <ele>147</ele>
    <time>2020-09-14T21:27:40.523999Z</time>
  </trkpt>
  <trkpt lat="54.76940167" lon="25.326795">
    <ele>147</ele>
    <time>2020-09-14T21:27:41.523999Z</time>
  </trkpt>
  <trkpt lat="54.76938833" lon="25.326835">
    <ele>147</ele>
    <time>2020-09-14T21:27:42.523999Z</time>
  </trkpt>
  <trkpt lat="54.769375" lon="25.32687">
    <ele>148</ele>
    <time>2020-09-14T21:27:43.523000Z</time>
  </trkpt>
  <trkpt lat="54.76936167" lon="25.32689833">
    <ele>148</ele>
    <time>2020-09-14T21:27:44.523000Z</time>
  </trkpt>
  <trkpt lat="54.76935" lon="25.326925">
    <ele>148</ele>
    <time>2020-09-14T21:27:45.523999Z</time>
  </trkpt>
  <trkpt lat="54.76934167" lon="25.32695">
    <ele>148</ele>
    <time>2020-09-14T21:27:46.523999Z</time>
  </trkpt>
  <trkpt lat="54.76933167" lon="25.32698333">
    <ele>147</ele>
    <time>2020-09-14T21:27:47.523999Z</time>
  </trkpt>
  <trkpt lat="54.76932167" lon="25.327025">
    <ele>147</ele>
    <time>2020-09-14T21:27:48.523000Z</time>
  </trkpt>
  <trkpt lat="54.76931" lon="25.32706167">
    <ele>147</ele>
    <time>2020-09-14T21:27:49.523000Z</time>
  </trkpt>
  <trkpt lat="54.76930667" lon="25.32709667">
    <ele>147</ele>
    <time>2020-09-14T21:27:50.523999Z</time>
  </trkpt>
  <trkpt lat="54.769305" lon="25.32712">
    <ele>146</ele>
    <time>2020-09-14T21:27:51.523999Z</time>
  </trkpt>
  <trkpt lat="54.76930667" lon="25.32715">
    <ele>146</ele>
    <time>2020-09-14T21:27:52.523999Z</time>
  </trkpt>
  <trkpt lat="54.76931" lon="25.327185">
    <ele>146</ele>
    <time>2020-09-14T21:27:53.523999Z</time>
  </trkpt>
  <trkpt lat="54.76931333" lon="25.32722">
    <ele>146</ele>
    <time>2020-09-14T21:27:54.523000Z</time>
  </trkpt>
  <trkpt lat="54.76931333" lon="25.32725833">
    <ele>146</ele>
    <time>2020-09-14T21:27:55.523000Z</time>
  </trkpt>
  <trkpt lat="54.76930333" lon="25.32731">
    <ele>147</ele>
    <time>2020-09-14T21:27:56.523999Z</time>
  </trkpt>
  <trkpt lat="54.769293330000004" lon="25.32735167">
    <ele>147</ele>
    <time>2020-09-14T21:27:57.523999Z</time>
  </trkpt>
  <trkpt lat="54.76928667" lon="25.32740667">
    <ele>147</ele>
    <time>2020-09-14T21:27:58.523999Z</time>
  </trkpt>
  <trkpt lat="54.769285000000004" lon="25.32745333">
    <ele>147</ele>
    <time>2020-09-14T21:27:59.523999Z</time>
  </trkpt>
  <trkpt lat="54.76928833" lon="25.3275">
    <ele>148</ele>
    <time>2020-09-14T21:28:00.523999Z</time>
  </trkpt>
  <trkpt lat="54.76929" lon="25.32753667">
    <ele>148</ele>
    <time>2020-09-14T21:28:01.523999Z</time>
  </trkpt>
  <trkpt lat="54.76928833" lon="25.32758">
    <ele>148</ele>
    <time>2020-09-14T21:28:02.523999Z</time>
  </trkpt>
  <trkpt lat="54.76927833" lon="25.32762667">
    <ele>149</ele>
    <time>2020-09-14T21:28:03.523999Z</time>
  </trkpt>
  <trkpt lat="54.76926167" lon="25.32766667">
    <ele>148</ele>
    <time>2020-09-14T21:28:04.523999Z</time>
  </trkpt>
  <trkpt lat="54.769245" lon="25.3277">
    <ele>148</ele>
    <time>2020-09-14T21:28:05.523999Z</time>
  </trkpt>
  <trkpt lat="54.76923" lon="25.327725">
    <ele>148</ele>
    <time>2020-09-14T21:28:06.523999Z</time>
  </trkpt>
  <trkpt lat="54.76921" lon="25.327755">
    <ele>147</ele>
    <time>2020-09-14T21:28:07.523000Z</time>
  </trkpt>
  <trkpt lat="54.76919167" lon="25.32778333">
    <ele>146</ele>
    <time>2020-09-14T21:28:08.523999Z</time>
  </trkpt>
  <trkpt lat="54.76916833" lon="25.32780833">
    <ele>146</ele>
    <time>2020-09-14T21:28:09.523999Z</time>
  </trkpt>
  <trkpt lat="54.76914167" lon="25.32783">
    <ele>146</ele>
    <time>2020-09-14T21:28:10.523000Z</time>
  </trkpt>
  <trkpt lat="54.76911" lon="25.32785667">
    <ele>146</ele>
    <time>2020-09-14T21:28:11.523999Z</time>
  </trkpt>
  <trkpt lat="54.76907667" lon="25.327885">
    <ele>146</ele>
    <time>2020-09-14T21:28:12.523999Z</time>
  </trkpt>
  <trkpt lat="54.76903833" lon="25.3279">
    <ele>146</ele>
    <time>2020-09-14T21:28:13.523999Z</time>
  </trkpt>
  <trkpt lat="54.76899833" lon="25.32792167">
    <ele>146</ele>
    <time>2020-09-14T21:28:14.523999Z</time>
  </trkpt>
  <trkpt lat="54.76896167" lon="25.32793667">
    <ele>146</ele>
    <time>2020-09-14T21:28:15.523000Z</time>
  </trkpt>
  <trkpt lat="54.76893333" lon="25.32794167">
    <ele>145</ele>
    <time>2020-09-14T21:28:16.523999Z</time>
  </trkpt>
  <trkpt lat="54.76890667" lon="25.32795333">
    <ele>145</ele>
    <time>2020-09-14T21:28:17.523999Z</time>
  </trkpt>
  <trkpt lat="54.76887667" lon="25.32796333">
    <ele>145</ele>
    <time>2020-09-14T21:28:18.523999Z</time>
  </trkpt>
  <trkpt lat="54.768855" lon="25.32798333">
    <ele>145</ele>
    <time>2020-09-14T21:28:19.523999Z</time>
  </trkpt>
  <trkpt lat="54.76883167" lon="25.32800333">
    <ele>145</ele>
    <time>2020-09-14T21:28:20.523000Z</time>
  </trkpt>
  <trkpt lat="54.76880833" lon="25.32803167">
    <ele>145</ele>
    <time>2020-09-14T21:28:21.523000Z</time>
  </trkpt>
  <trkpt lat="54.76878333" lon="25.32805667">
    <ele>145</ele>
    <time>2020-09-14T21:28:22.523999Z</time>
  </trkpt>
  <trkpt lat="54.76875667" lon="25.32807667">
    <ele>145</ele>
    <time>2020-09-14T21:28:23.523000Z</time>
  </trkpt>
  <trkpt lat="54.76873167" lon="25.32809167">
    <ele>145</ele>
    <time>2020-09-14T21:28:24.523000Z</time>
  </trkpt>
  <trkpt lat="54.76870167" lon="25.328115">
    <ele>145</ele>
    <time>2020-09-14T21:28:25.523000Z</time>
  </trkpt>
  <trkpt lat="54.76867167" lon="25.32813167">
    <ele>145</ele>
    <time>2020-09-14T21:28:26.523999Z</time>
  </trkpt>
  <trkpt lat="54.76863833" lon="25.328145">
    <ele>146</ele>
    <time>2020-09-14T21:28:27.523999Z</time>
  </trkpt>
  <trkpt lat="54.76860667" lon="25.328165">
    <ele>146</ele>
    <time>2020-09-14T21:28:28.523999Z</time>
  </trkpt>
  <trkpt lat="54.76858" lon="25.32817167">
    <ele>146</ele>
    <time>2020-09-14T21:28:29.523999Z</time>
  </trkpt>
  <trkpt lat="54.768555" lon="25.32817667">
    <ele>146</ele>
    <time>2020-09-14T21:28:30.523000Z</time>
  </trkpt>
  <trkpt lat="54.76853833" lon="25.32818">
    <ele>147</ele>
    <time>2020-09-14T21:28:31.523999Z</time>
  </trkpt>
  <trkpt lat="54.768515" lon="25.32818333">
    <ele>147</ele>
    <time>2020-09-14T21:28:32.523999Z</time>
  </trkpt>
  <trkpt lat="54.76849333" lon="25.328195">
    <ele>147</ele>
    <time>2020-09-14T21:28:33.523999Z</time>
  </trkpt>
  <trkpt lat="54.76847" lon="25.32820833">
    <ele>148</ele>
    <time>2020-09-14T21:28:34.523999Z</time>
  </trkpt>
  <trkpt lat="54.76845" lon="25.32821333">
    <ele>148</ele>
    <time>2020-09-14T21:28:35.523000Z</time>
  </trkpt>
  <trkpt lat="54.76843333" lon="25.32821833">
    <ele>148</ele>
    <time>2020-09-14T21:28:36.523999Z</time>
  </trkpt>
  <trkpt lat="54.76841333" lon="25.32822333">
    <ele>148</ele>
    <time>2020-09-14T21:28:37.523999Z</time>
  </trkpt>
  <trkpt lat="54.76838833" lon="25.32822667">
    <ele>149</ele>
    <time>2020-09-14T21:28:38.523999Z</time>
  </trkpt>
  <trkpt lat="54.76836667" lon="25.328235">
    <ele>149</ele>
    <time>2020-09-14T21:28:39.523999Z</time>
  </trkpt>
  <trkpt lat="54.76834" lon="25.32824667">
    <ele>149</ele>
    <time>2020-09-14T21:28:40.523000Z</time>
  </trkpt>
  <trkpt lat="54.768305" lon="25.32826">
    <ele>149</ele>
    <time>2020-09-14T21:28:41.523000Z</time>
  </trkpt>
  <trkpt lat="54.76824" lon="25.32829167">
    <ele>149</ele>
    <time>2020-09-14T21:28:42.523999Z</time>
  </trkpt>
  <trkpt lat="54.76819833" lon="25.32830833">
    <ele>149</ele>
    <time>2020-09-14T21:28:43.523999Z</time>
  </trkpt>
  <trkpt lat="54.76817167" lon="25.32831167">
    <ele>149</ele>
    <time>2020-09-14T21:28:44.523999Z</time>
  </trkpt>
  <trkpt lat="54.76814" lon="25.32831667">
    <ele>149</ele>
    <time>2020-09-14T21:28:45.523000Z</time>
  </trkpt>
  <trkpt lat="54.76810833" lon="25.32831833">
    <ele>149</ele>
    <time>2020-09-14T21:28:46.523000Z</time>
  </trkpt>
  <trkpt lat="54.76807833" lon="25.32831667">
    <ele>149</ele>
    <time>2020-09-14T21:28:47.523999Z</time>
  </trkpt>
  <trkpt lat="54.76805333" lon="25.32831667">
    <ele>149</ele>
    <time>2020-09-14T21:28:48.523999Z</time>
  </trkpt>
  <trkpt lat="54.76803167" lon="25.32831833">
    <ele>149</ele>
    <time>2020-09-14T21:28:49.523000Z</time>
  </trkpt>
  <trkpt lat="54.768005" lon="25.32832333">
    <ele>149</ele>
    <time>2020-09-14T21:28:50.523999Z</time>
  </trkpt>
  <trkpt lat="54.76798167" lon="25.328315">
    <ele>149</ele>
    <time>2020-09-14T21:28:51.523999Z</time>
  </trkpt>
  <trkpt lat="54.76796" lon="25.3283">
    <ele>149</ele>
    <time>2020-09-14T21:28:52.523999Z</time>
  </trkpt>
  <trkpt lat="54.76793333" lon="25.32828833">
    <ele>149</ele>
    <time>2020-09-14T21:28:53.523000Z</time>
  </trkpt>
  <trkpt lat="54.76790667" lon="25.32827833">
    <ele>150</ele>
    <time>2020-09-14T21:28:54.523000Z</time>
  </trkpt>
  <trkpt lat="54.767875" lon="25.32826167">
    <ele>150</ele>
    <time>2020-09-14T21:28:55.523999Z</time>
  </trkpt>
  <trkpt lat="54.76783833" lon="25.32822833">
    <ele>150</ele>
    <time>2020-09-14T21:28:56.523999Z</time>
  </trkpt>
  <trkpt lat="54.76781333" lon="25.32820333">
    <ele>150</ele>
    <time>2020-09-14T21:28:57.523999Z</time>
  </trkpt>
  <trkpt lat="54.76778" lon="25.328185">
    <ele>150</ele>
    <time>2020-09-14T21:28:58.523000Z</time>
  </trkpt>
  <trkpt lat="54.76773667" lon="25.32816167">
    <ele>150</ele>
    <time>2020-09-14T21:28:59.523000Z</time>
  </trkpt>
  <trkpt lat="54.76771167" lon="25.32814667">
    <ele>150</ele>
    <time>2020-09-14T21:29:00.523999Z</time>
  </trkpt>
  <trkpt lat="54.76768333" lon="25.328115">
    <ele>150</ele>
    <time>2020-09-14T21:29:01.523999Z</time>
  </trkpt>
  <trkpt lat="54.767665" lon="25.32808833">
    <ele>150</ele>
    <time>2020-09-14T21:29:02.523999Z</time>
  </trkpt>
  <trkpt lat="54.767645" lon="25.32807333">
    <ele>150</ele>
    <time>2020-09-14T21:29:03.523999Z</time>
  </trkpt>
  <trkpt lat="54.76762333" lon="25.32805833">
    <ele>150</ele>
    <time>2020-09-14T21:29:04.523000Z</time>
  </trkpt>
  <trkpt lat="54.7676" lon="25.32804">
    <ele>150</ele>
    <time>2020-09-14T21:29:05.523999Z</time>
  </trkpt>
  <trkpt lat="54.76758" lon="25.32801667">
    <ele>150</ele>
    <time>2020-09-14T21:29:06.523999Z</time>
  </trkpt>
  <trkpt lat="54.76755667" lon="25.32798833">
    <ele>150</ele>
    <time>2020-09-14T21:29:07.523999Z</time>
  </trkpt>
  <trkpt lat="54.76753333" lon="25.32796">
    <ele>150</ele>
    <time>2020-09-14T21:29:08.523000Z</time>
  </trkpt>
  <trkpt lat="54.76751333" lon="25.32793333">
    <ele>150</ele>
    <time>2020-09-14T21:29:09.523000Z</time>
  </trkpt>
  <trkpt lat="54.767485" lon="25.32790667">
    <ele>150</ele>
    <time>2020-09-14T21:29:10.523000Z</time>
  </trkpt>
  <trkpt lat="54.76746167" lon="25.32788667">
    <ele>149</ele>
    <time>2020-09-14T21:29:11.523999Z</time>
  </trkpt>
  <trkpt lat="54.76743667" lon="25.327865">
    <ele>149</ele>
    <time>2020-09-14T21:29:12.523999Z</time>
  </trkpt>
  <trkpt lat="54.76741333" lon="25.32783833">
    <ele>149</ele>
    <time>2020-09-14T21:29:13.523999Z</time>
  </trkpt>
  <trkpt lat="54.76739" lon="25.327825">
    <ele>149</ele>
    <time>2020-09-14T21:29:14.523999Z</time>
  </trkpt>
  <trkpt lat="54.76736" lon="25.32780167">
    <ele>149</ele>
    <time>2020-09-14T21:29:15.523000Z</time>
  </trkpt>
  <trkpt lat="54.76733667" lon="25.32778167">
    <ele>149</ele>
    <time>2020-09-14T21:29:16.523999Z</time>
  </trkpt>
  <trkpt lat="54.76731" lon="25.32776">
    <ele>149</ele>
    <time>2020-09-14T21:29:17.523000Z</time>
  </trkpt>
  <trkpt lat="54.76728667" lon="25.32774167">
    <ele>148</ele>
    <time>2020-09-14T21:29:18.523999Z</time>
  </trkpt>
  <trkpt lat="54.767265" lon="25.32772333">
    <ele>148</ele>
    <time>2020-09-14T21:29:19.523000Z</time>
  </trkpt>
  <trkpt lat="54.76722167" lon="25.32769833">
    <ele>148</ele>
    <time>2020-09-14T21:29:20.523999Z</time>
  </trkpt>
  <trkpt lat="54.76719" lon="25.32769833">
    <ele>148</ele>
    <time>2020-09-14T21:29:21.523999Z</time>
  </trkpt>
  <trkpt lat="54.76715833" lon="25.327685">
    <ele>148</ele>
    <time>2020-09-14T21:29:22.523000Z</time>
  </trkpt>
  <trkpt lat="54.76712667" lon="25.32766667">
    <ele>147</ele>
    <time>2020-09-14T21:29:23.523000Z</time>
  </trkpt>
  <trkpt lat="54.767095" lon="25.32766167">
    <ele>147</ele>
    <time>2020-09-14T21:29:24.523999Z</time>
  </trkpt>
  <trkpt lat="54.76705333" lon="25.32765">
    <ele>147</ele>
    <time>2020-09-14T21:29:25.523999Z</time>
  </trkpt>
  <trkpt lat="54.76702167" lon="25.32763833">
    <ele>147</ele>
    <time>2020-09-14T21:29:26.523999Z</time>
  </trkpt>
  <trkpt lat="54.76699" lon="25.32762333">
    <ele>147</ele>
    <time>2020-09-14T21:29:27.523999Z</time>
  </trkpt>
  <trkpt lat="54.76695667" lon="25.32761">
    <ele>146</ele>
    <time>2020-09-14T21:29:28.523000Z</time>
  </trkpt>
  <trkpt lat="54.76693167" lon="25.32759">
    <ele>146</ele>
    <time>2020-09-14T21:29:29.523999Z</time>
  </trkpt>
  <trkpt lat="54.76691333" lon="25.32756833">
    <ele>147</ele>
    <time>2020-09-14T21:29:30.523000Z</time>
  </trkpt>
  <trkpt lat="54.76689" lon="25.32755">
    <ele>147</ele>
    <time>2020-09-14T21:29:31.523999Z</time>
  </trkpt>
  <trkpt lat="54.76685833" lon="25.32754">
    <ele>147</ele>
    <time>2020-09-14T21:29:32.523999Z</time>
  </trkpt>
  <trkpt lat="54.76682833" lon="25.32752667">
    <ele>147</ele>
    <time>2020-09-14T21:29:33.523000Z</time>
  </trkpt>
  <trkpt lat="54.7668" lon="25.32750833">
    <ele>148</ele>
    <time>2020-09-14T21:29:34.523999Z</time>
  </trkpt>
  <trkpt lat="54.76677167" lon="25.327485">
    <ele>148</ele>
    <time>2020-09-14T21:29:35.523999Z</time>
  </trkpt>
  <trkpt lat="54.76675" lon="25.32745833">
    <ele>148</ele>
    <time>2020-09-14T21:29:36.523999Z</time>
  </trkpt>
  <trkpt lat="54.76672667" lon="25.32743167">
    <ele>149</ele>
    <time>2020-09-14T21:29:37.523999Z</time>
  </trkpt>
  <trkpt lat="54.76669833" lon="25.32741">
    <ele>149</ele>
    <time>2020-09-14T21:29:38.523000Z</time>
  </trkpt>
  <trkpt lat="54.76667333" lon="25.3274">
    <ele>149</ele>
    <time>2020-09-14T21:29:39.523000Z</time>
  </trkpt>
  <trkpt lat="54.76664333" lon="25.32737833">
    <ele>149</ele>
    <time>2020-09-14T21:29:40.523999Z</time>
  </trkpt>
  <trkpt lat="54.76661167" lon="25.327355">
    <ele>148</ele>
    <time>2020-09-14T21:29:41.523000Z</time>
  </trkpt>
  <trkpt lat="54.76658833" lon="25.32733667">
    <ele>148</ele>
    <time>2020-09-14T21:29:42.523000Z</time>
  </trkpt>
  <trkpt lat="54.76655667" lon="25.327305">
    <ele>148</ele>
    <time>2020-09-14T21:29:43.523999Z</time>
  </trkpt>
  <trkpt lat="54.76653333" lon="25.32728167">
    <ele>148</ele>
    <time>2020-09-14T21:29:44.523999Z</time>
  </trkpt>
  <trkpt lat="54.76651333" lon="25.32725333">
    <ele>148</ele>
    <time>2020-09-14T21:29:45.523999Z</time>
  </trkpt>
  <trkpt lat="54.76649167" lon="25.32722667">
    <ele>148</ele>
    <time>2020-09-14T21:29:46.523999Z</time>
  </trkpt>
  <trkpt lat="54.76647333" lon="25.32719833">
    <ele>148</ele>
    <time>2020-09-14T21:29:47.523000Z</time>
  </trkpt>
  <trkpt lat="54.766455" lon="25.32716833">
    <ele>148</ele>
    <time>2020-09-14T21:29:48.523000Z</time>
  </trkpt>
  <trkpt lat="54.766435" lon="25.32714">
    <ele>148</ele>
    <time>2020-09-14T21:29:49.523999Z</time>
  </trkpt>
  <trkpt lat="54.76641333" lon="25.32710667">
    <ele>148</ele>
    <time>2020-09-14T21:29:50.523999Z</time>
  </trkpt>
  <trkpt lat="54.76639667" lon="25.32708167">
    <ele>148</ele>
    <time>2020-09-14T21:29:51.523999Z</time>
  </trkpt>
  <trkpt lat="54.76638167" lon="25.32705833">
    <ele>147</ele>
    <time>2020-09-14T21:29:52.523999Z</time>
  </trkpt>
  <trkpt lat="54.76637" lon="25.32703667">
    <ele>147</ele>
    <time>2020-09-14T21:29:53.523000Z</time>
  </trkpt>
  <trkpt lat="54.76635333" lon="25.32700333">
    <ele>147</ele>
    <time>2020-09-14T21:29:54.523999Z</time>
  </trkpt>
  <trkpt lat="54.76633667" lon="25.32697">
    <ele>147</ele>
    <time>2020-09-14T21:29:55.523999Z</time>
  </trkpt>
  <trkpt lat="54.76632" lon="25.32693833">
    <ele>147</ele>
    <time>2020-09-14T21:29:56.523999Z</time>
  </trkpt>
  <trkpt lat="54.76627167" lon="25.32690833">
    <ele>147</ele>
    <time>2020-09-14T21:29:57.523999Z</time>
  </trkpt>
  <trkpt lat="54.76623667" lon="25.32688333">
    <ele>147</ele>
    <time>2020-09-14T21:29:58.523999Z</time>
  </trkpt>
  <trkpt lat="54.7662" lon="25.32684667">
    <ele>147</ele>
    <time>2020-09-14T21:29:59.523999Z</time>
  </trkpt>
  <trkpt lat="54.76617333" lon="25.32681667">
    <ele>147</ele>
    <time>2020-09-14T21:30:00.523000Z</time>
  </trkpt>
  <trkpt lat="54.76615333" lon="25.32679167">
    <ele>147</ele>
    <time>2020-09-14T21:30:01.523999Z</time>
  </trkpt>
  <trkpt lat="54.76613833" lon="25.326775">
    <ele>147</ele>
    <time>2020-09-14T21:30:02.523999Z</time>
  </trkpt>
  <trkpt lat="54.76611833" lon="25.32674833">
    <ele>148</ele>
    <time>2020-09-14T21:30:03.523999Z</time>
  </trkpt>
  <trkpt lat="54.76609" lon="25.32673333">
    <ele>147</ele>
    <time>2020-09-14T21:30:04.523999Z</time>
  </trkpt>
  <trkpt lat="54.766065" lon="25.32672">
    <ele>147</ele>
    <time>2020-09-14T21:30:05.523000Z</time>
  </trkpt>
  <trkpt lat="54.76604167" lon="25.32669333">
    <ele>147</ele>
    <time>2020-09-14T21:30:06.523000Z</time>
  </trkpt>
  <trkpt lat="54.766025" lon="25.32666167">
    <ele>148</ele>
    <time>2020-09-14T21:30:07.523999Z</time>
  </trkpt>
  <trkpt lat="54.76601167" lon="25.326625">
    <ele>148</ele>
    <time>2020-09-14T21:30:08.523999Z</time>
  </trkpt>
  <trkpt lat="54.76598833" lon="25.32658167">
    <ele>148</ele>
    <time>2020-09-14T21:30:09.523999Z</time>
  </trkpt>
  <trkpt lat="54.76597" lon="25.32654">
    <ele>148</ele>
    <time>2020-09-14T21:30:10.523000Z</time>
  </trkpt>
  <trkpt lat="54.765955" lon="25.3265">
    <ele>149</ele>
    <time>2020-09-14T21:30:11.523000Z</time>
  </trkpt>
  <trkpt lat="54.76593667" lon="25.32647667">
    <ele>149</ele>
    <time>2020-09-14T21:30:12.523000Z</time>
  </trkpt>
  <trkpt lat="54.76591667" lon="25.32644833">
    <ele>149</ele>
    <time>2020-09-14T21:30:13.523999Z</time>
  </trkpt>
  <trkpt lat="54.76589167" lon="25.32641">
    <ele>149</ele>
    <time>2020-09-14T21:30:14.523999Z</time>
  </trkpt>
  <trkpt lat="54.76587333" lon="25.32637833">
    <ele>149</ele>
    <time>2020-09-14T21:30:15.523999Z</time>
  </trkpt>
  <trkpt lat="54.76584833" lon="25.32634667">
    <ele>149</ele>
    <time>2020-09-14T21:30:16.523999Z</time>
  </trkpt>
  <trkpt lat="54.76582333" lon="25.32632667">
    <ele>149</ele>
    <time>2020-09-14T21:30:17.523000Z</time>
  </trkpt>
  <trkpt lat="54.765795" lon="25.326305">
    <ele>149</ele>
    <time>2020-09-14T21:30:18.523999Z</time>
  </trkpt>
  <trkpt lat="54.76576167" lon="25.326285">
    <ele>149</ele>
    <time>2020-09-14T21:30:19.523999Z</time>
  </trkpt>
  <trkpt lat="54.76573" lon="25.326265">
    <ele>149</ele>
    <time>2020-09-14T21:30:20.523999Z</time>
  </trkpt>
  <trkpt lat="54.765695" lon="25.32623667">
    <ele>149</ele>
    <time>2020-09-14T21:30:21.523999Z</time>
  </trkpt>
  <trkpt lat="54.76567167" lon="25.32621167">
    <ele>149</ele>
    <time>2020-09-14T21:30:22.523000Z</time>
  </trkpt>
  <trkpt lat="54.76565333" lon="25.32619167">
    <ele>149</ele>
    <time>2020-09-14T21:30:23.523000Z</time>
  </trkpt>
  <trkpt lat="54.76562333" lon="25.32617">
    <ele>149</ele>
    <time>2020-09-14T21:30:24.523999Z</time>
  </trkpt>
  <trkpt lat="54.7656" lon="25.32615667">
    <ele>149</ele>
    <time>2020-09-14T21:30:25.523999Z</time>
  </trkpt>
  <trkpt lat="54.765575" lon="25.32614333">
    <ele>149</ele>
    <time>2020-09-14T21:30:26.523999Z</time>
  </trkpt>
  <trkpt lat="54.76555667" lon="25.32612833">
    <ele>150</ele>
    <time>2020-09-14T21:30:27.523999Z</time>
  </trkpt>
  <trkpt lat="54.765535" lon="25.32610667">
    <ele>150</ele>
    <time>2020-09-14T21:30:28.523000Z</time>
  </trkpt>
  <trkpt lat="54.76548833" lon="25.32610167">
    <ele>150</ele>
    <time>2020-09-14T21:30:29.523999Z</time>
  </trkpt>
  <trkpt lat="54.76545167" lon="25.32608167">
    <ele>150</ele>
    <time>2020-09-14T21:30:30.523999Z</time>
  </trkpt>
  <trkpt lat="54.76541667" lon="25.32606">
    <ele>150</ele>
    <time>2020-09-14T21:30:31.523000Z</time>
  </trkpt>
  <trkpt lat="54.76538667" lon="25.32603667">
    <ele>151</ele>
    <time>2020-09-14T21:30:32.523999Z</time>
  </trkpt>
  <trkpt lat="54.76536167" lon="25.32602167">
    <ele>151</ele>
    <time>2020-09-14T21:30:33.523000Z</time>
  </trkpt>
  <trkpt lat="54.765335" lon="25.32600833">
    <ele>150</ele>
    <time>2020-09-14T21:30:34.523999Z</time>
  </trkpt>
  <trkpt lat="54.76530833" lon="25.32599833">
    <ele>150</ele>
    <time>2020-09-14T21:30:35.523999Z</time>
  </trkpt>
  <trkpt lat="54.765275" lon="25.32598">
    <ele>150</ele>
    <time>2020-09-14T21:30:36.523999Z</time>
  </trkpt>
  <trkpt lat="54.765245" lon="25.325965">
    <ele>150</ele>
    <time>2020-09-14T21:30:37.523999Z</time>
  </trkpt>
  <trkpt lat="54.765205" lon="25.32595333">
    <ele>150</ele>
    <time>2020-09-14T21:30:38.523999Z</time>
  </trkpt>
  <trkpt lat="54.76518167" lon="25.32595167">
    <ele>150</ele>
    <time>2020-09-14T21:30:39.523000Z</time>
  </trkpt>
  <trkpt lat="54.76515667" lon="25.32595167">
    <ele>150</ele>
    <time>2020-09-14T21:30:40.523999Z</time>
  </trkpt>
  <trkpt lat="54.76513833" lon="25.32595">
    <ele>150</ele>
    <time>2020-09-14T21:30:41.523999Z</time>
  </trkpt>
  <trkpt lat="54.76511333" lon="25.32595">
    <ele>150</ele>
    <time>2020-09-14T21:30:42.523999Z</time>
  </trkpt>
  <trkpt lat="54.76508" lon="25.32595">
    <ele>149</ele>
    <time>2020-09-14T21:30:43.523999Z</time>
  </trkpt>
  <trkpt lat="54.76504667" lon="25.32594167">
    <ele>149</ele>
    <time>2020-09-14T21:30:44.523000Z</time>
  </trkpt>
  <trkpt lat="54.76500833" lon="25.32592667">
    <ele>149</ele>
    <time>2020-09-14T21:30:45.523999Z</time>
  </trkpt>
  <trkpt lat="54.76497667" lon="25.325925">
    <ele>149</ele>
    <time>2020-09-14T21:30:46.523999Z</time>
  </trkpt>
  <trkpt lat="54.76494333" lon="25.32592">
    <ele>150</ele>
    <time>2020-09-14T21:30:47.523999Z</time>
  </trkpt>
  <trkpt lat="54.76490333" lon="25.32591167">
    <ele>150</ele>
    <time>2020-09-14T21:30:48.523999Z</time>
  </trkpt>
  <trkpt lat="54.76486667" lon="25.325915">
    <ele>150</ele>
    <time>2020-09-14T21:30:49.523000Z</time>
  </trkpt>
  <trkpt lat="54.76482333" lon="25.32592333">
    <ele>150</ele>
    <time>2020-09-14T21:30:50.523999Z</time>
  </trkpt>
  <trkpt lat="54.76479333" lon="25.32591667">
    <ele>150</ele>
    <time>2020-09-14T21:30:51.523999Z</time>
  </trkpt>
  <trkpt lat="54.76476667" lon="25.32590333">
    <ele>150</ele>
    <time>2020-09-14T21:30:52.523999Z</time>
  </trkpt>
  <trkpt lat="54.76473" lon="25.32589667">
    <ele>150</ele>
    <time>2020-09-14T21:30:53.523999Z</time>
  </trkpt>
  <trkpt lat="54.7647" lon="25.32587833">
    <ele>150</ele>
    <time>2020-09-14T21:30:54.523000Z</time>
  </trkpt>
  <trkpt lat="54.76467167" lon="25.32586667">
    <ele>149</ele>
    <time>2020-09-14T21:30:55.523000Z</time>
  </trkpt>
  <trkpt lat="54.76465" lon="25.32585167">
    <ele>149</ele>
    <time>2020-09-14T21:30:56.523999Z</time>
  </trkpt>
  <trkpt lat="54.764625" lon="25.32583">
    <ele>148</ele>
    <time>2020-09-14T21:30:57.523999Z</time>
  </trkpt>
  <trkpt lat="54.76460167" lon="25.32581333">
    <ele>148</ele>
    <time>2020-09-14T21:30:58.523000Z</time>
  </trkpt>
  <trkpt lat="54.76457833" lon="25.32579667">
    <ele>147</ele>
    <time>2020-09-14T21:30:59.523000Z</time>
  </trkpt>
  <trkpt lat="54.764555" lon="25.32578">
    <ele>147</ele>
    <time>2020-09-14T21:31:00.523000Z</time>
  </trkpt>
  <trkpt lat="54.76453" lon="25.32576833">
    <ele>146</ele>
    <time>2020-09-14T21:31:01.523000Z</time>
  </trkpt>
  <trkpt lat="54.76450333" lon="25.32575">
    <ele>146</ele>
    <time>2020-09-14T21:31:02.523000Z</time>
  </trkpt>
  <trkpt lat="54.76446833" lon="25.32573167">
    <ele>146</ele>
    <time>2020-09-14T21:31:03.523000Z</time>
  </trkpt>
  <trkpt lat="54.76443833" lon="25.325715">
    <ele>146</ele>
    <time>2020-09-14T21:31:04.523000Z</time>
  </trkpt>
  <trkpt lat="54.76441" lon="25.32570333">
    <ele>146</ele>
    <time>2020-09-14T21:31:05.523000Z</time>
  </trkpt>
  <trkpt lat="54.76437167" lon="25.32570833">
    <ele>146</ele>
    <time>2020-09-14T21:31:06.523999Z</time>
  </trkpt>
  <trkpt lat="54.76434833" lon="25.32568833">
    <ele>146</ele>
    <time>2020-09-14T21:31:07.523999Z</time>
  </trkpt>
  <trkpt lat="54.76432333" lon="25.32565833">
    <ele>146</ele>
    <time>2020-09-14T21:31:08.523000Z</time>
  </trkpt>
  <trkpt lat="54.76430667" lon="25.32564">
    <ele>147</ele>
    <time>2020-09-14T21:31:09.523000Z</time>
  </trkpt>
  <trkpt lat="54.76428667" lon="25.32562333">
    <ele>147</ele>
    <time>2020-09-14T21:31:10.523999Z</time>
  </trkpt>
  <trkpt lat="54.764265" lon="25.325615">
    <ele>147</ele>
    <time>2020-09-14T21:31:11.523999Z</time>
  </trkpt>
  <trkpt lat="54.76423667" lon="25.32560333">
    <ele>148</ele>
    <time>2020-09-14T21:31:12.523000Z</time>
  </trkpt>
  <trkpt lat="54.764205" lon="25.325585">
    <ele>148</ele>
    <time>2020-09-14T21:31:13.523999Z</time>
  </trkpt>
  <trkpt lat="54.76417833" lon="25.325565">
    <ele>148</ele>
    <time>2020-09-14T21:31:14.523999Z</time>
  </trkpt>
  <trkpt lat="54.764155" lon="25.32554167">
    <ele>148</ele>
    <time>2020-09-14T21:31:15.523999Z</time>
  </trkpt>
  <trkpt lat="54.76413667" lon="25.32552667">
    <ele>148</ele>
    <time>2020-09-14T21:31:16.523999Z</time>
  </trkpt>
  <trkpt lat="54.76411333" lon="25.325505">
    <ele>148</ele>
    <time>2020-09-14T21:31:17.523000Z</time>
  </trkpt>
  <trkpt lat="54.76409333" lon="25.32547167">
    <ele>148</ele>
    <time>2020-09-14T21:31:18.523999Z</time>
  </trkpt>
  <trkpt lat="54.76407833" lon="25.32544333">
    <ele>148</ele>
    <time>2020-09-14T21:31:19.523999Z</time>
  </trkpt>
  <trkpt lat="54.76406333" lon="25.32542">
    <ele>148</ele>
    <time>2020-09-14T21:31:20.523999Z</time>
  </trkpt>
  <trkpt lat="54.76404833" lon="25.32539333">
    <ele>148</ele>
    <time>2020-09-14T21:31:21.523000Z</time>
  </trkpt>
  <trkpt lat="54.76402833" lon="25.32537167">
    <ele>148</ele>
    <time>2020-09-14T21:31:22.523999Z</time>
  </trkpt>
  <trkpt lat="54.76400333" lon="25.32533333">
    <ele>148</ele>
    <time>2020-09-14T21:31:23.523000Z</time>
  </trkpt>
  <trkpt lat="54.76397833" lon="25.32529833">
    <ele>148</ele>
    <time>2020-09-14T21:31:24.523999Z</time>
  </trkpt>
  <trkpt lat="54.76395333" lon="25.32526">
    <ele>148</ele>
    <time>2020-09-14T21:31:25.523999Z</time>
  </trkpt>
  <trkpt lat="54.763925" lon="25.325225">
    <ele>148</ele>
    <time>2020-09-14T21:31:26.523999Z</time>
  </trkpt>
  <trkpt lat="54.76390167" lon="25.32518667">
    <ele>148</ele>
    <time>2020-09-14T21:31:27.523999Z</time>
  </trkpt>
  <trkpt lat="54.76388833" lon="25.325155">
    <ele>148</ele>
    <time>2020-09-14T21:31:28.523000Z</time>
  </trkpt>
  <trkpt lat="54.76387167" lon="25.32512333">
    <ele>148</ele>
    <time>2020-09-14T21:31:29.523999Z</time>
  </trkpt>
  <trkpt lat="54.76385667" lon="25.32509167">
    <ele>148</ele>
    <time>2020-09-14T21:31:30.523999Z</time>
  </trkpt>
  <trkpt lat="54.76383833" lon="25.32507333">
    <ele>148</ele>
    <time>2020-09-14T21:31:31.523999Z</time>
  </trkpt>
  <trkpt lat="54.76382333" lon="25.325055">
    <ele>148</ele>
    <time>2020-09-14T21:31:32.523999Z</time>
  </trkpt>
  <trkpt lat="54.76380667" lon="25.32503833">
    <ele>148</ele>
    <time>2020-09-14T21:31:33.523000Z</time>
  </trkpt>
  <trkpt lat="54.76377333" lon="25.325">
    <ele>148</ele>
    <time>2020-09-14T21:31:34.523000Z</time>
  </trkpt>
  <trkpt lat="54.76375167" lon="25.32498167">
    <ele>148</ele>
    <time>2020-09-14T21:31:35.523000Z</time>
  </trkpt>
  <trkpt lat="54.763735" lon="25.324965">
    <ele>148</ele>
    <time>2020-09-14T21:31:36.523000Z</time>
  </trkpt>
  <trkpt lat="54.76371333" lon="25.32494167">
    <ele>148</ele>
    <time>2020-09-14T21:31:37.523999Z</time>
  </trkpt>
  <trkpt lat="54.76369167" lon="25.32491167">
    <ele>148</ele>
    <time>2020-09-14T21:31:38.523999Z</time>
  </trkpt>
  <trkpt lat="54.76367833" lon="25.32488667">
    <ele>148</ele>
    <time>2020-09-14T21:31:39.523999Z</time>
  </trkpt>
  <trkpt lat="54.76366" lon="25.32485167">
    <ele>147</ele>
    <time>2020-09-14T21:31:40.523999Z</time>
  </trkpt>
  <trkpt lat="54.763645" lon="25.32482167">
    <ele>147</ele>
    <time>2020-09-14T21:31:41.523999Z</time>
  </trkpt>
  <trkpt lat="54.76362833" lon="25.32479">
    <ele>146</ele>
    <time>2020-09-14T21:31:42.523999Z</time>
  </trkpt>
  <trkpt lat="54.76361167" lon="25.32476">
    <ele>146</ele>
    <time>2020-09-14T21:31:43.523999Z</time>
  </trkpt>
  <trkpt lat="54.76359667" lon="25.324735">
    <ele>145</ele>
    <time>2020-09-14T21:31:44.523999Z</time>
  </trkpt>
  <trkpt lat="54.76358" lon="25.32471">
    <ele>145</ele>
    <time>2020-09-14T21:31:45.523999Z</time>
  </trkpt>
  <trkpt lat="54.76355833" lon="25.324675">
    <ele>144</ele>
    <time>2020-09-14T21:31:46.523000Z</time>
  </trkpt>
  <trkpt lat="54.76353333" lon="25.32465">
    <ele>144</ele>
    <time>2020-09-14T21:31:47.523000Z</time>
  </trkpt>
  <trkpt lat="54.76351333" lon="25.32462333">
    <ele>144</ele>
    <time>2020-09-14T21:31:48.523999Z</time>
  </trkpt>
  <trkpt lat="54.76349667" lon="25.32460333">
    <ele>143</ele>
    <time>2020-09-14T21:31:49.523999Z</time>
  </trkpt>
  <trkpt lat="54.76347667" lon="25.32457">
    <ele>143</ele>
    <time>2020-09-14T21:31:50.523999Z</time>
  </trkpt>
  <trkpt lat="54.76344833" lon="25.32454333">
    <ele>142</ele>
    <time>2020-09-14T21:31:51.523000Z</time>
  </trkpt>
  <trkpt lat="54.76343" lon="25.32452">
    <ele>142</ele>
    <time>2020-09-14T21:31:52.523000Z</time>
  </trkpt>
  <trkpt lat="54.763415" lon="25.3245">
    <ele>141</ele>
    <time>2020-09-14T21:31:53.523999Z</time>
  </trkpt>
  <trkpt lat="54.763405" lon="25.32447833">
    <ele>141</ele>
    <time>2020-09-14T21:31:54.523999Z</time>
  </trkpt>
  <trkpt lat="54.76339" lon="25.32444167">
    <ele>141</ele>
    <time>2020-09-14T21:31:55.523000Z</time>
  </trkpt>
  <trkpt lat="54.76337167" lon="25.32439333">
    <ele>141</ele>
    <time>2020-09-14T21:31:56.523999Z</time>
  </trkpt>
  <trkpt lat="54.76335667" lon="25.32436333">
    <ele>141</ele>
    <time>2020-09-14T21:31:57.523000Z</time>
  </trkpt>
  <trkpt lat="54.76333833" lon="25.32433167">
    <ele>141</ele>
    <time>2020-09-14T21:31:58.523999Z</time>
  </trkpt>
  <trkpt lat="54.76332167" lon="25.32431167">
    <ele>141</ele>
    <time>2020-09-14T21:31:59.523999Z</time>
  </trkpt>
  <trkpt lat="54.7633" lon="25.32428167">
    <ele>142</ele>
    <time>2020-09-14T21:32:00.523000Z</time>
  </trkpt>
  <trkpt lat="54.76325667" lon="25.32423">
    <ele>142</ele>
    <time>2020-09-14T21:32:01.523999Z</time>
  </trkpt>
  <trkpt lat="54.76322167" lon="25.32418333">
    <ele>142</ele>
    <time>2020-09-14T21:32:02.523000Z</time>
  </trkpt>
  <trkpt lat="54.76319833" lon="25.32415333">
    <ele>142</ele>
    <time>2020-09-14T21:32:03.523999Z</time>
  </trkpt>
  <trkpt lat="54.76318667" lon="25.32412167">
    <ele>143</ele>
    <time>2020-09-14T21:32:04.523999Z</time>
  </trkpt>
  <trkpt lat="54.76317" lon="25.32408167">
    <ele>143</ele>
    <time>2020-09-14T21:32:05.523000Z</time>
  </trkpt>
  <trkpt lat="54.76314833" lon="25.32403333">
    <ele>143</ele>
    <time>2020-09-14T21:32:06.523000Z</time>
  </trkpt>
  <trkpt lat="54.763125" lon="25.32400667">
    <ele>144</ele>
    <time>2020-09-14T21:32:07.523999Z</time>
  </trkpt>
  <trkpt lat="54.7631" lon="25.323985">
    <ele>144</ele>
    <time>2020-09-14T21:32:08.523999Z</time>
  </trkpt>
  <trkpt lat="54.76307833" lon="25.32396833">
    <ele>144</ele>
    <time>2020-09-14T21:32:09.523999Z</time>
  </trkpt>
  <trkpt lat="54.76305167" lon="25.32395167">
    <ele>143</ele>
    <time>2020-09-14T21:32:10.523999Z</time>
  </trkpt>
  <trkpt lat="54.76303" lon="25.32391667">
    <ele>143</ele>
    <time>2020-09-14T21:32:11.523000Z</time>
  </trkpt>
  <trkpt lat="54.76301167" lon="25.32387667">
    <ele>143</ele>
    <time>2020-09-14T21:32:12.523999Z</time>
  </trkpt>
  <trkpt lat="54.76299" lon="25.32383333">
    <ele>144</ele>
    <time>2020-09-14T21:32:13.523999Z</time>
  </trkpt>
  <trkpt lat="54.76296833" lon="25.32379833">
    <ele>144</ele>
    <time>2020-09-14T21:32:14.523999Z</time>
  </trkpt>
  <trkpt lat="54.76294667" lon="25.32376">
    <ele>144</ele>
    <time>2020-09-14T21:32:15.523000Z</time>
  </trkpt>
  <trkpt lat="54.76292667" lon="25.32371333">
    <ele>144</ele>
    <time>2020-09-14T21:32:16.523000Z</time>
  </trkpt>
  <trkpt lat="54.76290667" lon="25.32368167">
    <ele>144</ele>
    <time>2020-09-14T21:32:17.523999Z</time>
  </trkpt>
  <trkpt lat="54.76288667" lon="25.32363667">
    <ele>144</ele>
    <time>2020-09-14T21:32:18.523999Z</time>
  </trkpt>
  <trkpt lat="54.76287167" lon="25.32360667">
    <ele>144</ele>
    <time>2020-09-14T21:32:19.523999Z</time>
  </trkpt>
  <trkpt lat="54.76285667" lon="25.32356833">
    <ele>144</ele>
    <time>2020-09-14T21:32:20.523999Z</time>
  </trkpt>
  <trkpt lat="54.76283" lon="25.32352">
    <ele>144</ele>
    <time>2020-09-14T21:32:21.523000Z</time>
  </trkpt>
  <trkpt lat="54.76281" lon="25.323475">
    <ele>144</ele>
    <time>2020-09-14T21:32:22.523000Z</time>
  </trkpt>
  <trkpt lat="54.76278833" lon="25.32344167">
    <ele>144</ele>
    <time>2020-09-14T21:32:23.523999Z</time>
  </trkpt>
  <trkpt lat="54.762765" lon="25.32340333">
    <ele>144</ele>
    <time>2020-09-14T21:32:24.523999Z</time>
  </trkpt>
  <trkpt lat="54.76273833" lon="25.32335333">
    <ele>144</ele>
    <time>2020-09-14T21:32:25.523999Z</time>
  </trkpt>
  <trkpt lat="54.76271667" lon="25.32330833">
    <ele>143</ele>
    <time>2020-09-14T21:32:26.523999Z</time>
  </trkpt>
  <trkpt lat="54.76269833" lon="25.32327">
    <ele>143</ele>
    <time>2020-09-14T21:32:27.523000Z</time>
  </trkpt>
  <trkpt lat="54.76267833" lon="25.323235">
    <ele>143</ele>
    <time>2020-09-14T21:32:28.523000Z</time>
  </trkpt>
  <trkpt lat="54.76266" lon="25.32318667">
    <ele>143</ele>
    <time>2020-09-14T21:32:29.523999Z</time>
  </trkpt>
  <trkpt lat="54.76263833" lon="25.32313333">
    <ele>143</ele>
    <time>2020-09-14T21:32:30.523000Z</time>
  </trkpt>
  <trkpt lat="54.762625" lon="25.32310667">
    <ele>143</ele>
    <time>2020-09-14T21:32:31.523000Z</time>
  </trkpt>
  <trkpt lat="54.76261167" lon="25.32308333">
    <ele>143</ele>
    <time>2020-09-14T21:32:32.523999Z</time>
  </trkpt>
  <trkpt lat="54.76259833" lon="25.32306333">
    <ele>143</ele>
    <time>2020-09-14T21:32:33.523999Z</time>
  </trkpt>
  <trkpt lat="54.76258333" lon="25.32303667">
    <ele>143</ele>
    <time>2020-09-14T21:32:34.523999Z</time>
  </trkpt>
  <trkpt lat="54.76256167" lon="25.323005">
    <ele>143</ele>
    <time>2020-09-14T21:32:35.523000Z</time>
  </trkpt>
  <trkpt lat="54.76254333" lon="25.32298167">
    <ele>143</ele>
    <time>2020-09-14T21:32:36.523999Z</time>
  </trkpt>
  <trkpt lat="54.76252333" lon="25.32294167">
    <ele>143</ele>
    <time>2020-09-14T21:32:37.523999Z</time>
  </trkpt>
  <trkpt lat="54.76250667" lon="25.3229">
    <ele>143</ele>
    <time>2020-09-14T21:32:38.523999Z</time>
  </trkpt>
  <trkpt lat="54.76248833" lon="25.32284833">
    <ele>143</ele>
    <time>2020-09-14T21:32:39.523999Z</time>
  </trkpt>
  <trkpt lat="54.76246667" lon="25.322805">
    <ele>143</ele>
    <time>2020-09-14T21:32:40.523000Z</time>
  </trkpt>
  <trkpt lat="54.76244333" lon="25.32276667">
    <ele>142</ele>
    <time>2020-09-14T21:32:41.523999Z</time>
  </trkpt>
  <trkpt lat="54.76242333" lon="25.32273333">
    <ele>142</ele>
    <time>2020-09-14T21:32:42.523999Z</time>
  </trkpt>
  <trkpt lat="54.76240167" lon="25.32269333">
    <ele>142</ele>
    <time>2020-09-14T21:32:43.523999Z</time>
  </trkpt>
  <trkpt lat="54.762385" lon="25.32264667">
    <ele>142</ele>
    <time>2020-09-14T21:32:44.523999Z</time>
  </trkpt>
  <trkpt lat="54.76237167" lon="25.32261">
    <ele>142</ele>
    <time>2020-09-14T21:32:45.523000Z</time>
  </trkpt>
  <trkpt lat="54.76235" lon="25.32257833">
    <ele>142</ele>
    <time>2020-09-14T21:32:46.523000Z</time>
  </trkpt>
  <trkpt lat="54.76232667" lon="25.322555">
    <ele>142</ele>
    <time>2020-09-14T21:32:47.523999Z</time>
  </trkpt>
  <trkpt lat="54.762305" lon="25.322535">
    <ele>142</ele>
    <time>2020-09-14T21:32:48.523000Z</time>
  </trkpt>
  <trkpt lat="54.76227833" lon="25.32251333">
    <ele>142</ele>
    <time>2020-09-14T21:32:49.523999Z</time>
  </trkpt>
  <trkpt lat="54.76226" lon="25.32249833">
    <ele>142</ele>
    <time>2020-09-14T21:32:50.523999Z</time>
  </trkpt>
  <trkpt lat="54.76224333" lon="25.32248167">
    <ele>142</ele>
    <time>2020-09-14T21:32:51.523999Z</time>
  </trkpt>
  <trkpt lat="54.76221667" lon="25.32246333">
    <ele>142</ele>
    <time>2020-09-14T21:32:52.523000Z</time>
  </trkpt>
  <trkpt lat="54.76219833" lon="25.322435">
    <ele>142</ele>
    <time>2020-09-14T21:32:53.523999Z</time>
  </trkpt>
  <trkpt lat="54.762175" lon="25.32239333">
    <ele>142</ele>
    <time>2020-09-14T21:32:54.523999Z</time>
  </trkpt>
  <trkpt lat="54.762145" lon="25.32235333">
    <ele>143</ele>
    <time>2020-09-14T21:32:55.523000Z</time>
  </trkpt>
  <trkpt lat="54.76211333" lon="25.32233">
    <ele>142</ele>
    <time>2020-09-14T21:32:56.523999Z</time>
  </trkpt>
  <trkpt lat="54.76208667" lon="25.32230833">
    <ele>142</ele>
    <time>2020-09-14T21:32:57.523999Z</time>
  </trkpt>
  <trkpt lat="54.76206" lon="25.32227833">
    <ele>142</ele>
    <time>2020-09-14T21:32:58.523000Z</time>
  </trkpt>
  <trkpt lat="54.762035" lon="25.32224">
    <ele>142</ele>
    <time>2020-09-14T21:32:59.523999Z</time>
  </trkpt>
  <trkpt lat="54.762015" lon="25.32220833">
    <ele>142</ele>
    <time>2020-09-14T21:33:00.523999Z</time>
  </trkpt>
  <trkpt lat="54.76200333" lon="25.32217667">
    <ele>142</ele>
    <time>2020-09-14T21:33:01.523000Z</time>
  </trkpt>
  <trkpt lat="54.76199" lon="25.32214333">
    <ele>141</ele>
    <time>2020-09-14T21:33:02.523999Z</time>
  </trkpt>
  <trkpt lat="54.761975" lon="25.322115">
    <ele>141</ele>
    <time>2020-09-14T21:33:03.523999Z</time>
  </trkpt>
  <trkpt lat="54.76195833" lon="25.32208833">
    <ele>141</ele>
    <time>2020-09-14T21:33:04.523000Z</time>
  </trkpt>
  <trkpt lat="54.76194" lon="25.32206333">
    <ele>141</ele>
    <time>2020-09-14T21:33:05.523999Z</time>
  </trkpt>
  <trkpt lat="54.76191333" lon="25.32203667">
    <ele>141</ele>
    <time>2020-09-14T21:33:06.523999Z</time>
  </trkpt>
  <trkpt lat="54.76189333" lon="25.32200833">
    <ele>141</ele>
    <time>2020-09-14T21:33:07.523000Z</time>
  </trkpt>
  <trkpt lat="54.76187833" lon="25.321985">
    <ele>142</ele>
    <time>2020-09-14T21:33:08.523000Z</time>
  </trkpt>
  <trkpt lat="54.76185167" lon="25.32196">
    <ele>142</ele>
    <time>2020-09-14T21:33:09.523000Z</time>
  </trkpt>
  <trkpt lat="54.76183" lon="25.32193833">
    <ele>142</ele>
    <time>2020-09-14T21:33:10.523000Z</time>
  </trkpt>
  <trkpt lat="54.76181333" lon="25.32191333">
    <ele>143</ele>
    <time>2020-09-14T21:33:11.523999Z</time>
  </trkpt>
  <trkpt lat="54.76180167" lon="25.32189333">
    <ele>143</ele>
    <time>2020-09-14T21:33:12.523999Z</time>
  </trkpt>
  <trkpt lat="54.76179" lon="25.321865">
    <ele>144</ele>
    <time>2020-09-14T21:33:13.523000Z</time>
  </trkpt>
  <trkpt lat="54.76177667" lon="25.32183167">
    <ele>144</ele>
    <time>2020-09-14T21:33:14.523999Z</time>
  </trkpt>
  <trkpt lat="54.761755" lon="25.32180833">
    <ele>144</ele>
    <time>2020-09-14T21:33:15.523999Z</time>
  </trkpt>
  <trkpt lat="54.76173667" lon="25.32179">
    <ele>144</ele>
    <time>2020-09-14T21:33:16.523000Z</time>
  </trkpt>
  <trkpt lat="54.76171833" lon="25.32177">
    <ele>145</ele>
    <time>2020-09-14T21:33:17.523999Z</time>
  </trkpt>
  <trkpt lat="54.76168333" lon="25.32174167">
    <ele>145</ele>
    <time>2020-09-14T21:33:18.523999Z</time>
  </trkpt>
  <trkpt lat="54.76164833" lon="25.32172667">
    <ele>146</ele>
    <time>2020-09-14T21:33:19.523000Z</time>
  </trkpt>
  <trkpt lat="54.76160667" lon="25.32169667">
    <ele>146</ele>
    <time>2020-09-14T21:33:20.523999Z</time>
  </trkpt>
  <trkpt lat="54.76158" lon="25.32166167">
    <ele>146</ele>
    <time>2020-09-14T21:33:21.523999Z</time>
  </trkpt>
  <trkpt lat="54.76156" lon="25.32163833">
    <ele>147</ele>
    <time>2020-09-14T21:33:22.523999Z</time>
  </trkpt>
  <trkpt lat="54.76153333" lon="25.3216">
    <ele>147</ele>
    <time>2020-09-14T21:33:23.523999Z</time>
  </trkpt>
  <trkpt lat="54.76151333" lon="25.321565">
    <ele>147</ele>
    <time>2020-09-14T21:33:24.523999Z</time>
  </trkpt>
  <trkpt lat="54.761495" lon="25.321535">
    <ele>147</ele>
    <time>2020-09-14T21:33:25.523000Z</time>
  </trkpt>
  <trkpt lat="54.76147667" lon="25.321505">
    <ele>147</ele>
    <time>2020-09-14T21:33:26.523999Z</time>
  </trkpt>
  <trkpt lat="54.761465" lon="25.32147667">
    <ele>148</ele>
    <time>2020-09-14T21:33:27.523999Z</time>
  </trkpt>
  <trkpt lat="54.76145" lon="25.32144167">
    <ele>148</ele>
    <time>2020-09-14T21:33:28.523999Z</time>
  </trkpt>
  <trkpt lat="54.76142667" lon="25.321405">
    <ele>149</ele>
    <time>2020-09-14T21:33:29.523999Z</time>
  </trkpt>
  <trkpt lat="54.76140833" lon="25.32137167">
    <ele>149</ele>
    <time>2020-09-14T21:33:30.523999Z</time>
  </trkpt>
  <trkpt lat="54.76139" lon="25.32133333">
    <ele>150</ele>
    <time>2020-09-14T21:33:31.523999Z</time>
  </trkpt>
  <trkpt lat="54.76137667" lon="25.3213">
    <ele>150</ele>
    <time>2020-09-14T21:33:32.523000Z</time>
  </trkpt>
  <trkpt lat="54.76135" lon="25.321255">
    <ele>150</ele>
    <time>2020-09-14T21:33:33.523999Z</time>
  </trkpt>
  <trkpt lat="54.76132833" lon="25.32120833">
    <ele>150</ele>
    <time>2020-09-14T21:33:34.523999Z</time>
  </trkpt>
  <trkpt lat="54.76130833" lon="25.32115167">
    <ele>150</ele>
    <time>2020-09-14T21:33:35.523999Z</time>
  </trkpt>
  <trkpt lat="54.76128833" lon="25.32110667">
    <ele>150</ele>
    <time>2020-09-14T21:33:36.523999Z</time>
  </trkpt>
  <trkpt lat="54.76126833" lon="25.32106333">
    <ele>151</ele>
    <time>2020-09-14T21:33:37.523999Z</time>
  </trkpt>
  <trkpt lat="54.76125" lon="25.32103333">
    <ele>151</ele>
    <time>2020-09-14T21:33:38.523000Z</time>
  </trkpt>
  <trkpt lat="54.76123667" lon="25.32101333">
    <ele>150</ele>
    <time>2020-09-14T21:33:39.523999Z</time>
  </trkpt>
  <trkpt lat="54.761215" lon="25.32099833">
    <ele>150</ele>
    <time>2020-09-14T21:33:40.523999Z</time>
  </trkpt>
  <trkpt lat="54.76119833" lon="25.320975">
    <ele>150</ele>
    <time>2020-09-14T21:33:41.523000Z</time>
  </trkpt>
  <trkpt lat="54.76117333" lon="25.32094333">
    <ele>150</ele>
    <time>2020-09-14T21:33:42.523999Z</time>
  </trkpt>
  <trkpt lat="54.76115333" lon="25.32091333">
    <ele>150</ele>
    <time>2020-09-14T21:33:43.523999Z</time>
  </trkpt>
  <trkpt lat="54.76113833" lon="25.32088167">
    <ele>150</ele>
    <time>2020-09-14T21:33:44.523000Z</time>
  </trkpt>
  <trkpt lat="54.76111667" lon="25.32084167">
    <ele>150</ele>
    <time>2020-09-14T21:33:45.523999Z</time>
  </trkpt>
  <trkpt lat="54.76109333" lon="25.32082">
    <ele>150</ele>
    <time>2020-09-14T21:33:46.523999Z</time>
  </trkpt>
  <trkpt lat="54.76106167" lon="25.32078833">
    <ele>150</ele>
    <time>2020-09-14T21:33:47.523999Z</time>
  </trkpt>
  <trkpt lat="54.76103" lon="25.32074667">
    <ele>150</ele>
    <time>2020-09-14T21:33:48.523999Z</time>
  </trkpt>
  <trkpt lat="54.76100833" lon="25.320715">
    <ele>150</ele>
    <time>2020-09-14T21:33:49.523999Z</time>
  </trkpt>
  <trkpt lat="54.760985" lon="25.32068">
    <ele>150</ele>
    <time>2020-09-14T21:33:50.523000Z</time>
  </trkpt>
  <trkpt lat="54.760965" lon="25.320655">
    <ele>150</ele>
    <time>2020-09-14T21:33:51.523999Z</time>
  </trkpt>
  <trkpt lat="54.76094667" lon="25.32062">
    <ele>150</ele>
    <time>2020-09-14T21:33:52.523999Z</time>
  </trkpt>
  <trkpt lat="54.76091833" lon="25.320575">
    <ele>150</ele>
    <time>2020-09-14T21:33:53.523999Z</time>
  </trkpt>
  <trkpt lat="54.76088667" lon="25.320535">
    <ele>150</ele>
    <time>2020-09-14T21:33:54.523000Z</time>
  </trkpt>
  <trkpt lat="54.76085667" lon="25.3205">
    <ele>150</ele>
    <time>2020-09-14T21:33:55.523999Z</time>
  </trkpt>
  <trkpt lat="54.76083667" lon="25.32047833">
    <ele>151</ele>
    <time>2020-09-14T21:33:56.523999Z</time>
  </trkpt>
  <trkpt lat="54.76080667" lon="25.32044667">
    <ele>151</ele>
    <time>2020-09-14T21:33:57.523999Z</time>
  </trkpt>
  <trkpt lat="54.76078167" lon="25.32042333">
    <ele>152</ele>
    <time>2020-09-14T21:33:58.523000Z</time>
  </trkpt>
  <trkpt lat="54.76075333" lon="25.32039667">
    <ele>152</ele>
    <time>2020-09-14T21:33:59.523000Z</time>
  </trkpt>
  <trkpt lat="54.76073" lon="25.32037167">
    <ele>152</ele>
    <time>2020-09-14T21:34:00.523999Z</time>
  </trkpt>
  <trkpt lat="54.76070833" lon="25.32035333">
    <ele>153</ele>
    <time>2020-09-14T21:34:01.523000Z</time>
  </trkpt>
  <trkpt lat="54.76068333" lon="25.32034333">
    <ele>153</ele>
    <time>2020-09-14T21:34:02.523999Z</time>
  </trkpt>
  <trkpt lat="54.76066" lon="25.32032667">
    <ele>153</ele>
    <time>2020-09-14T21:34:03.523999Z</time>
  </trkpt>
  <trkpt lat="54.76064" lon="25.32031667">
    <ele>153</ele>
    <time>2020-09-14T21:34:04.523999Z</time>
  </trkpt>
  <trkpt lat="54.76062" lon="25.3203">
    <ele>153</ele>
    <time>2020-09-14T21:34:05.523999Z</time>
  </trkpt>
  <trkpt lat="54.760605" lon="25.32029">
    <ele>153</ele>
    <time>2020-09-14T21:34:06.523999Z</time>
  </trkpt>
  <trkpt lat="54.76059" lon="25.32027333">
    <ele>154</ele>
    <time>2020-09-14T21:34:07.523999Z</time>
  </trkpt>
  <trkpt lat="54.76056667" lon="25.32025">
    <ele>154</ele>
    <time>2020-09-14T21:34:08.523000Z</time>
  </trkpt>
  <trkpt lat="54.76054833" lon="25.32023833">
    <ele>154</ele>
    <time>2020-09-14T21:34:09.523999Z</time>
  </trkpt>
  <trkpt lat="54.76052" lon="25.32023">
    <ele>155</ele>
    <time>2020-09-14T21:34:10.523000Z</time>
  </trkpt>
  <trkpt lat="54.76047667" lon="25.320225">
    <ele>155</ele>
    <time>2020-09-14T21:34:11.523999Z</time>
  </trkpt>
  <trkpt lat="54.76044667" lon="25.32021333">
    <ele>155</ele>
    <time>2020-09-14T21:34:12.523999Z</time>
  </trkpt>
  <trkpt lat="54.76042667" lon="25.32019667">
    <ele>155</ele>
    <time>2020-09-14T21:34:13.523999Z</time>
  </trkpt>
  <trkpt lat="54.76040833" lon="25.32018333">
    <ele>155</ele>
    <time>2020-09-14T21:34:14.523999Z</time>
  </trkpt>
  <trkpt lat="54.76038667" lon="25.32016">
    <ele>155</ele>
    <time>2020-09-14T21:34:15.523999Z</time>
  </trkpt>
  <trkpt lat="54.76036333" lon="25.32013667">
    <ele>155</ele>
    <time>2020-09-14T21:34:16.523000Z</time>
  </trkpt>
  <trkpt lat="54.76033333" lon="25.32010833">
    <ele>155</ele>
    <time>2020-09-14T21:34:17.523999Z</time>
  </trkpt>
  <trkpt lat="54.76030667" lon="25.32008333">
    <ele>155</ele>
    <time>2020-09-14T21:34:18.523999Z</time>
  </trkpt>
  <trkpt lat="54.76028167" lon="25.32007">
    <ele>155</ele>
    <time>2020-09-14T21:34:19.523999Z</time>
  </trkpt>
  <trkpt lat="54.760255" lon="25.320055">
    <ele>155</ele>
    <time>2020-09-14T21:34:20.523999Z</time>
  </trkpt>
  <trkpt lat="54.76023667" lon="25.32005333">
    <ele>154</ele>
    <time>2020-09-14T21:34:21.523999Z</time>
  </trkpt>
  <trkpt lat="54.76021" lon="25.32004167">
    <ele>153</ele>
    <time>2020-09-14T21:34:22.523000Z</time>
  </trkpt>
  <trkpt lat="54.76017833" lon="25.32002167">
    <ele>153</ele>
    <time>2020-09-14T21:34:23.523999Z</time>
  </trkpt>
  <trkpt lat="54.76015833" lon="25.32000833">
    <ele>152</ele>
    <time>2020-09-14T21:34:24.523999Z</time>
  </trkpt>
  <trkpt lat="54.76013167" lon="25.32">
    <ele>152</ele>
    <time>2020-09-14T21:34:25.523999Z</time>
  </trkpt>
  <trkpt lat="54.76010333" lon="25.31998833">
    <ele>151</ele>
    <time>2020-09-14T21:34:26.523999Z</time>
  </trkpt>
  <trkpt lat="54.76008333" lon="25.31997">
    <ele>151</ele>
    <time>2020-09-14T21:34:27.523999Z</time>
  </trkpt>
  <trkpt lat="54.760065" lon="25.31995833">
    <ele>151</ele>
    <time>2020-09-14T21:34:28.523000Z</time>
  </trkpt>
  <trkpt lat="54.760045" lon="25.31994833">
    <ele>150</ele>
    <time>2020-09-14T21:34:29.523999Z</time>
  </trkpt>
  <trkpt lat="54.76002167" lon="25.319945">
    <ele>149</ele>
    <time>2020-09-14T21:34:30.523999Z</time>
  </trkpt>
  <trkpt lat="54.75999667" lon="25.31993667">
    <ele>149</ele>
    <time>2020-09-14T21:34:31.523000Z</time>
  </trkpt>
  <trkpt lat="54.75997333" lon="25.31993667">
    <ele>148</ele>
    <time>2020-09-14T21:34:32.523999Z</time>
  </trkpt>
  <trkpt lat="54.75994833" lon="25.31992333">
    <ele>147</ele>
    <time>2020-09-14T21:34:33.523999Z</time>
  </trkpt>
  <trkpt lat="54.75992333" lon="25.31991333">
    <ele>147</ele>
    <time>2020-09-14T21:34:34.523999Z</time>
  </trkpt>
  <trkpt lat="54.75990167" lon="25.31989833">
    <ele>146</ele>
    <time>2020-09-14T21:34:35.523999Z</time>
  </trkpt>
  <trkpt lat="54.75988167" lon="25.31989333">
    <ele>146</ele>
    <time>2020-09-14T21:34:36.523999Z</time>
  </trkpt>
  <trkpt lat="54.75985" lon="25.31988833">
    <ele>146</ele>
    <time>2020-09-14T21:34:37.523000Z</time>
  </trkpt>
  <trkpt lat="54.759825" lon="25.31987333">
    <ele>145</ele>
    <time>2020-09-14T21:34:38.523999Z</time>
  </trkpt>
  <trkpt lat="54.75981" lon="25.31986">
    <ele>145</ele>
    <time>2020-09-14T21:34:39.523999Z</time>
  </trkpt>
  <trkpt lat="54.75978667" lon="25.319835">
    <ele>145</ele>
    <time>2020-09-14T21:34:40.523000Z</time>
  </trkpt>
  <trkpt lat="54.759765" lon="25.31982167">
    <ele>145</ele>
    <time>2020-09-14T21:34:41.523999Z</time>
  </trkpt>
  <trkpt lat="54.75974167" lon="25.31982333">
    <ele>145</ele>
    <time>2020-09-14T21:34:42.523999Z</time>
  </trkpt>
  <trkpt lat="54.75971667" lon="25.31982167">
    <ele>145</ele>
    <time>2020-09-14T21:34:43.523000Z</time>
  </trkpt>
  <trkpt lat="54.75969333" lon="25.31982167">
    <ele>144</ele>
    <time>2020-09-14T21:34:44.523999Z</time>
  </trkpt>
  <trkpt lat="54.759675" lon="25.319825">
    <ele>144</ele>
    <time>2020-09-14T21:34:45.523999Z</time>
  </trkpt>
  <trkpt lat="54.75964667" lon="25.31981333">
    <ele>144</ele>
    <time>2020-09-14T21:34:46.523000Z</time>
  </trkpt>
  <trkpt lat="54.75963" lon="25.31981667">
    <ele>144</ele>
    <time>2020-09-14T21:34:47.523000Z</time>
  </trkpt>
  <trkpt lat="54.75961667" lon="25.319815">
    <ele>144</ele>
    <time>2020-09-14T21:34:48.523999Z</time>
  </trkpt>
  <trkpt lat="54.7596" lon="25.31980833">
    <ele>144</ele>
    <time>2020-09-14T21:34:49.523000Z</time>
  </trkpt>
  <trkpt lat="54.75958" lon="25.31980167">
    <ele>144</ele>
    <time>2020-09-14T21:34:50.523999Z</time>
  </trkpt>
  <trkpt lat="54.75956" lon="25.319795">
    <ele>144</ele>
    <time>2020-09-14T21:34:51.523999Z</time>
  </trkpt>
  <trkpt lat="54.75953833" lon="25.319795">
    <ele>144</ele>
    <time>2020-09-14T21:34:52.523999Z</time>
  </trkpt>
  <trkpt lat="54.75951333" lon="25.3198">
    <ele>144</ele>
    <time>2020-09-14T21:34:53.523999Z</time>
  </trkpt>
  <trkpt lat="54.75949" lon="25.31980167">
    <ele>144</ele>
    <time>2020-09-14T21:34:54.523999Z</time>
  </trkpt>
  <trkpt lat="54.75947333" lon="25.319815">
    <ele>144</ele>
    <time>2020-09-14T21:34:55.523999Z</time>
  </trkpt>
  <trkpt lat="54.75945" lon="25.31981833">
    <ele>144</ele>
    <time>2020-09-14T21:34:56.523999Z</time>
  </trkpt>
  <trkpt lat="54.75942167" lon="25.31982833">
    <ele>144</ele>
    <time>2020-09-14T21:34:57.523999Z</time>
  </trkpt>
  <trkpt lat="54.75939333" lon="25.31984833">
    <ele>144</ele>
    <time>2020-09-14T21:34:58.523999Z</time>
  </trkpt>
  <trkpt lat="54.75937" lon="25.31986333">
    <ele>144</ele>
    <time>2020-09-14T21:34:59.523999Z</time>
  </trkpt>
  <trkpt lat="54.75934333" lon="25.31987833">
    <ele>144</ele>
    <time>2020-09-14T21:35:00.523999Z</time>
  </trkpt>
  <trkpt lat="54.75932167" lon="25.31989333">
    <ele>144</ele>
    <time>2020-09-14T21:35:01.523000Z</time>
  </trkpt>
  <trkpt lat="54.75929833" lon="25.31990833">
    <ele>143</ele>
    <time>2020-09-14T21:35:02.523999Z</time>
  </trkpt>
  <trkpt lat="54.75927833" lon="25.31993">
    <ele>143</ele>
    <time>2020-09-14T21:35:03.523999Z</time>
  </trkpt>
  <trkpt lat="54.759265" lon="25.31994">
    <ele>143</ele>
    <time>2020-09-14T21:35:04.523999Z</time>
  </trkpt>
  <trkpt lat="54.759245" lon="25.31995167">
    <ele>143</ele>
    <time>2020-09-14T21:35:05.523000Z</time>
  </trkpt>
  <trkpt lat="54.75922167" lon="25.31996833">
    <ele>142</ele>
    <time>2020-09-14T21:35:06.523999Z</time>
  </trkpt>
  <trkpt lat="54.75919667" lon="25.319985">
    <ele>142</ele>
    <time>2020-09-14T21:35:07.523000Z</time>
  </trkpt>
  <trkpt lat="54.759175" lon="25.32000333">
    <ele>142</ele>
    <time>2020-09-14T21:35:08.523999Z</time>
  </trkpt>
  <trkpt lat="54.75915333" lon="25.32002">
    <ele>142</ele>
    <time>2020-09-14T21:35:09.523999Z</time>
  </trkpt>
  <trkpt lat="54.75913167" lon="25.320035">
    <ele>142</ele>
    <time>2020-09-14T21:35:10.523999Z</time>
  </trkpt>
  <trkpt lat="54.759115" lon="25.32004667">
    <ele>142</ele>
    <time>2020-09-14T21:35:11.523999Z</time>
  </trkpt>
  <trkpt lat="54.75909333" lon="25.32007">
    <ele>142</ele>
    <time>2020-09-14T21:35:12.523999Z</time>
  </trkpt>
  <trkpt lat="54.759075" lon="25.32008833">
    <ele>142</ele>
    <time>2020-09-14T21:35:13.523999Z</time>
  </trkpt>
  <trkpt lat="54.75905667" lon="25.32010333">
    <ele>141</ele>
    <time>2020-09-14T21:35:14.523999Z</time>
  </trkpt>
  <trkpt lat="54.75904167" lon="25.32012167">
    <ele>141</ele>
    <time>2020-09-14T21:35:15.523000Z</time>
  </trkpt>
  <trkpt lat="54.75902667" lon="25.320145">
    <ele>141</ele>
    <time>2020-09-14T21:35:16.523999Z</time>
  </trkpt>
  <trkpt lat="54.75900667" lon="25.32016667">
    <ele>141</ele>
    <time>2020-09-14T21:35:17.523000Z</time>
  </trkpt>
  <trkpt lat="54.75898" lon="25.32019333">
    <ele>140</ele>
    <time>2020-09-14T21:35:18.523999Z</time>
  </trkpt>
  <trkpt lat="54.75895167" lon="25.32022">
    <ele>140</ele>
    <time>2020-09-14T21:35:19.523000Z</time>
  </trkpt>
  <trkpt lat="54.75892333" lon="25.32024333">
    <ele>140</ele>
    <time>2020-09-14T21:35:20.523999Z</time>
  </trkpt>
  <trkpt lat="54.75889833" lon="25.32026833">
    <ele>139</ele>
    <time>2020-09-14T21:35:21.523999Z</time>
  </trkpt>
  <trkpt lat="54.75887667" lon="25.32028333">
    <ele>139</ele>
    <time>2020-09-14T21:35:22.523000Z</time>
  </trkpt>
  <trkpt lat="54.75885833" lon="25.32030167">
    <ele>139</ele>
    <time>2020-09-14T21:35:23.523999Z</time>
  </trkpt>
  <trkpt lat="54.75884333" lon="25.32031833">
    <ele>138</ele>
    <time>2020-09-14T21:35:24.523999Z</time>
  </trkpt>
  <trkpt lat="54.75883333" lon="25.32033333">
    <ele>138</ele>
    <time>2020-09-14T21:35:25.523000Z</time>
  </trkpt>
  <trkpt lat="54.75881833" lon="25.32035167">
    <ele>137</ele>
    <time>2020-09-14T21:35:26.523999Z</time>
  </trkpt>
  <trkpt lat="54.75880167" lon="25.32037">
    <ele>137</ele>
    <time>2020-09-14T21:35:27.523999Z</time>
  </trkpt>
  <trkpt lat="54.75877667" lon="25.320395">
    <ele>137</ele>
    <time>2020-09-14T21:35:28.523000Z</time>
  </trkpt>
  <trkpt lat="54.75875167" lon="25.32041667">
    <ele>136</ele>
    <time>2020-09-14T21:35:29.523999Z</time>
  </trkpt>
  <trkpt lat="54.758725" lon="25.32043167">
    <ele>136</ele>
    <time>2020-09-14T21:35:30.523999Z</time>
  </trkpt>
  <trkpt lat="54.7587" lon="25.32044833">
    <ele>136</ele>
    <time>2020-09-14T21:35:31.523999Z</time>
  </trkpt>
  <trkpt lat="54.75867167" lon="25.32046333">
    <ele>136</ele>
    <time>2020-09-14T21:35:32.523999Z</time>
  </trkpt>
  <trkpt lat="54.75865333" lon="25.32047">
    <ele>136</ele>
    <time>2020-09-14T21:35:33.523999Z</time>
  </trkpt>
  <trkpt lat="54.75861333" lon="25.320505">
    <ele>136</ele>
    <time>2020-09-14T21:35:34.523999Z</time>
  </trkpt>
  <trkpt lat="54.75859333" lon="25.32051167">
    <ele>136</ele>
    <time>2020-09-14T21:35:35.523000Z</time>
  </trkpt>
  <trkpt lat="54.75857333" lon="25.32052167">
    <ele>136</ele>
    <time>2020-09-14T21:35:36.523999Z</time>
  </trkpt>
  <trkpt lat="54.75855167" lon="25.32053">
    <ele>136</ele>
    <time>2020-09-14T21:35:37.523999Z</time>
  </trkpt>
  <trkpt lat="54.75853167" lon="25.32054333">
    <ele>137</ele>
    <time>2020-09-14T21:35:38.523999Z</time>
  </trkpt>
  <trkpt lat="54.75851667" lon="25.32056">
    <ele>137</ele>
    <time>2020-09-14T21:35:39.523999Z</time>
  </trkpt>
  <trkpt lat="54.7585" lon="25.320575">
    <ele>137</ele>
    <time>2020-09-14T21:35:40.523999Z</time>
  </trkpt>
  <trkpt lat="54.75848" lon="25.320585">
    <ele>137</ele>
    <time>2020-09-14T21:35:41.523999Z</time>
  </trkpt>
  <trkpt lat="54.75846167" lon="25.32059833">
    <ele>137</ele>
    <time>2020-09-14T21:35:42.523000Z</time>
  </trkpt>
  <trkpt lat="54.75844167" lon="25.32061333">
    <ele>137</ele>
    <time>2020-09-14T21:35:43.523000Z</time>
  </trkpt>
  <trkpt lat="54.758415" lon="25.32063167">
    <ele>137</ele>
    <time>2020-09-14T21:35:44.523000Z</time>
  </trkpt>
  <trkpt lat="54.75836" lon="25.32067167">
    <ele>138</ele>
    <time>2020-09-14T21:35:45.523999Z</time>
  </trkpt>
  <trkpt lat="54.758315" lon="25.32071">
    <ele>138</ele>
    <time>2020-09-14T21:35:46.523000Z</time>
  </trkpt>
  <trkpt lat="54.75828" lon="25.320735">
    <ele>138</ele>
    <time>2020-09-14T21:35:47.523000Z</time>
  </trkpt>
  <trkpt lat="54.75824833" lon="25.32074833">
    <ele>138</ele>
    <time>2020-09-14T21:35:48.523999Z</time>
  </trkpt>
  <trkpt lat="54.75821833" lon="25.320755">
    <ele>138</ele>
    <time>2020-09-14T21:35:49.523999Z</time>
  </trkpt>
  <trkpt lat="54.75819" lon="25.32077">
    <ele>138</ele>
    <time>2020-09-14T21:35:50.523000Z</time>
  </trkpt>
  <trkpt lat="54.75816167" lon="25.32077667">
    <ele>138</ele>
    <time>2020-09-14T21:35:51.523999Z</time>
  </trkpt>
  <trkpt lat="54.75813667" lon="25.32078">
    <ele>138</ele>
    <time>2020-09-14T21:35:52.523999Z</time>
  </trkpt>
  <trkpt lat="54.75810333" lon="25.320795">
    <ele>138</ele>
    <time>2020-09-14T21:35:53.523999Z</time>
  </trkpt>
  <trkpt lat="54.75806833" lon="25.32080667">
    <ele>138</ele>
    <time>2020-09-14T21:35:54.523000Z</time>
  </trkpt>
  <trkpt lat="54.75803333" lon="25.32083">
    <ele>138</ele>
    <time>2020-09-14T21:35:55.523999Z</time>
  </trkpt>
  <trkpt lat="54.758015" lon="25.32083167">
    <ele>138</ele>
    <time>2020-09-14T21:35:56.523999Z</time>
  </trkpt>
  <trkpt lat="54.75800167" lon="25.320835">
    <ele>138</ele>
    <time>2020-09-14T21:35:57.523999Z</time>
  </trkpt>
  <trkpt lat="54.75798667" lon="25.32083833">
    <ele>138</ele>
    <time>2020-09-14T21:35:58.523000Z</time>
  </trkpt>
  <trkpt lat="54.75797333" lon="25.320845">
    <ele>138</ele>
    <time>2020-09-14T21:35:59.523999Z</time>
  </trkpt>
  <trkpt lat="54.75795833" lon="25.32085167">
    <ele>138</ele>
    <time>2020-09-14T21:36:00.523999Z</time>
  </trkpt>
  <trkpt lat="54.75793833" lon="25.32085833">
    <ele>138</ele>
    <time>2020-09-14T21:36:01.523999Z</time>
  </trkpt>
  <trkpt lat="54.75791667" lon="25.32087333">
    <ele>138</ele>
    <time>2020-09-14T21:36:02.523999Z</time>
  </trkpt>
  <trkpt lat="54.75787" lon="25.32093">
    <ele>138</ele>
    <time>2020-09-14T21:36:03.523000Z</time>
  </trkpt>
  <trkpt lat="54.75782333" lon="25.32097167">
    <ele>138</ele>
    <time>2020-09-14T21:36:04.523999Z</time>
  </trkpt>
  <trkpt lat="54.75778833" lon="25.321">
    <ele>138</ele>
    <time>2020-09-14T21:36:05.523999Z</time>
  </trkpt>
  <trkpt lat="54.757745" lon="25.321025">
    <ele>138</ele>
    <time>2020-09-14T21:36:06.523999Z</time>
  </trkpt>
  <trkpt lat="54.75771667" lon="25.32104">
    <ele>138</ele>
    <time>2020-09-14T21:36:07.523000Z</time>
  </trkpt>
  <trkpt lat="54.75768833" lon="25.32106667">
    <ele>138</ele>
    <time>2020-09-14T21:36:08.523999Z</time>
  </trkpt>
  <trkpt lat="54.75766667" lon="25.32108833">
    <ele>138</ele>
    <time>2020-09-14T21:36:09.523999Z</time>
  </trkpt>
  <trkpt lat="54.75764167" lon="25.32110667">
    <ele>138</ele>
    <time>2020-09-14T21:36:10.523999Z</time>
  </trkpt>
  <trkpt lat="54.757615" lon="25.32112833">
    <ele>138</ele>
    <time>2020-09-14T21:36:11.523999Z</time>
  </trkpt>
  <trkpt lat="54.757595" lon="25.32114667">
    <ele>138</ele>
    <time>2020-09-14T21:36:12.523000Z</time>
  </trkpt>
  <trkpt lat="54.75757833" lon="25.32114833">
    <ele>138</ele>
    <time>2020-09-14T21:36:13.523999Z</time>
  </trkpt>
  <trkpt lat="54.75756" lon="25.32115667">
    <ele>138</ele>
    <time>2020-09-14T21:36:14.523999Z</time>
  </trkpt>
  <trkpt lat="54.75754" lon="25.32116667">
    <ele>138</ele>
    <time>2020-09-14T21:36:15.523000Z</time>
  </trkpt>
  <trkpt lat="54.757515" lon="25.32118">
    <ele>138</ele>
    <time>2020-09-14T21:36:16.523999Z</time>
  </trkpt>
  <trkpt lat="54.75748833" lon="25.32119167">
    <ele>137</ele>
    <time>2020-09-14T21:36:17.523999Z</time>
  </trkpt>
  <trkpt lat="54.75745667" lon="25.321195">
    <ele>137</ele>
    <time>2020-09-14T21:36:18.523999Z</time>
  </trkpt>
  <trkpt lat="54.75742833" lon="25.32119833">
    <ele>137</ele>
    <time>2020-09-14T21:36:19.523999Z</time>
  </trkpt>
  <trkpt lat="54.75739833" lon="25.32120333">
    <ele>136</ele>
    <time>2020-09-14T21:36:20.523000Z</time>
  </trkpt>
  <trkpt lat="54.757365" lon="25.32121">
    <ele>136</ele>
    <time>2020-09-14T21:36:21.523000Z</time>
  </trkpt>
  <trkpt lat="54.75733333" lon="25.32123">
    <ele>136</ele>
    <time>2020-09-14T21:36:22.523999Z</time>
  </trkpt>
  <trkpt lat="54.7573" lon="25.32125667">
    <ele>135</ele>
    <time>2020-09-14T21:36:23.523999Z</time>
  </trkpt>
  <trkpt lat="54.75726667" lon="25.32128167">
    <ele>135</ele>
    <time>2020-09-14T21:36:24.523999Z</time>
  </trkpt>
  <trkpt lat="54.75723333" lon="25.32129833">
    <ele>135</ele>
    <time>2020-09-14T21:36:25.523000Z</time>
  </trkpt>
  <trkpt lat="54.7572" lon="25.32131167">
    <ele>134</ele>
    <time>2020-09-14T21:36:26.523000Z</time>
  </trkpt>
  <trkpt lat="54.75716667" lon="25.32132833">
    <ele>134</ele>
    <time>2020-09-14T21:36:27.523999Z</time>
  </trkpt>
  <trkpt lat="54.757135" lon="25.32133">
    <ele>134</ele>
    <time>2020-09-14T21:36:28.523000Z</time>
  </trkpt>
  <trkpt lat="54.75710667" lon="25.32133667">
    <ele>133</ele>
    <time>2020-09-14T21:36:29.523999Z</time>
  </trkpt>
  <trkpt lat="54.757075" lon="25.32133667">
    <ele>133</ele>
    <time>2020-09-14T21:36:30.523000Z</time>
  </trkpt>
  <trkpt lat="54.75704833" lon="25.321345">
    <ele>133</ele>
    <time>2020-09-14T21:36:31.523999Z</time>
  </trkpt>
  <trkpt lat="54.75701833" lon="25.321355">
    <ele>132</ele>
    <time>2020-09-14T21:36:32.523999Z</time>
  </trkpt>
  <trkpt lat="54.75699" lon="25.32135833">
    <ele>132</ele>
    <time>2020-09-14T21:36:33.523999Z</time>
  </trkpt>
  <trkpt lat="54.75696333" lon="25.321365">
    <ele>132</ele>
    <time>2020-09-14T21:36:34.523999Z</time>
  </trkpt>
  <trkpt lat="54.756935" lon="25.32136833">
    <ele>131</ele>
    <time>2020-09-14T21:36:35.523999Z</time>
  </trkpt>
  <trkpt lat="54.756905" lon="25.32137333">
    <ele>131</ele>
    <time>2020-09-14T21:36:36.523000Z</time>
  </trkpt>
  <trkpt lat="54.75687" lon="25.32138167">
    <ele>131</ele>
    <time>2020-09-14T21:36:37.523999Z</time>
  </trkpt>
  <trkpt lat="54.75685" lon="25.321385">
    <ele>130</ele>
    <time>2020-09-14T21:36:38.523999Z</time>
  </trkpt>
  <trkpt lat="54.75682333" lon="25.321385">
    <ele>130</ele>
    <time>2020-09-14T21:36:39.523000Z</time>
  </trkpt>
  <trkpt lat="54.75680667" lon="25.32138">
    <ele>129</ele>
    <time>2020-09-14T21:36:40.523000Z</time>
  </trkpt>
  <trkpt lat="54.75678833" lon="25.321375">
    <ele>129</ele>
    <time>2020-09-14T21:36:41.523999Z</time>
  </trkpt>
  <trkpt lat="54.75676833" lon="25.321365">
    <ele>128</ele>
    <time>2020-09-14T21:36:42.523999Z</time>
  </trkpt>
  <trkpt lat="54.75675167" lon="25.32135833">
    <ele>128</ele>
    <time>2020-09-14T21:36:43.523999Z</time>
  </trkpt>
  <trkpt lat="54.75673333" lon="25.321355">
    <ele>127</ele>
    <time>2020-09-14T21:36:44.523000Z</time>
  </trkpt>
  <trkpt lat="54.75671667" lon="25.32135167">
    <ele>127</ele>
    <time>2020-09-14T21:36:45.523000Z</time>
  </trkpt>
  <trkpt lat="54.75669667" lon="25.321355">
    <ele>127</ele>
    <time>2020-09-14T21:36:46.523999Z</time>
  </trkpt>
  <trkpt lat="54.756675" lon="25.32135833">
    <ele>127</ele>
    <time>2020-09-14T21:36:47.523999Z</time>
  </trkpt>
  <trkpt lat="54.75665667" lon="25.32136">
    <ele>126</ele>
    <time>2020-09-14T21:36:48.523000Z</time>
  </trkpt>
  <trkpt lat="54.75663333" lon="25.32136">
    <ele>126</ele>
    <time>2020-09-14T21:36:49.523999Z</time>
  </trkpt>
  <trkpt lat="54.75661167" lon="25.321365">
    <ele>126</ele>
    <time>2020-09-14T21:36:50.523999Z</time>
  </trkpt>
  <trkpt lat="54.75658833" lon="25.321375">
    <ele>126</ele>
    <time>2020-09-14T21:36:51.523999Z</time>
  </trkpt>
  <trkpt lat="54.75657" lon="25.32138667">
    <ele>126</ele>
    <time>2020-09-14T21:36:52.523000Z</time>
  </trkpt>
  <trkpt lat="54.75654667" lon="25.3214">
    <ele>126</ele>
    <time>2020-09-14T21:36:53.523000Z</time>
  </trkpt>
  <trkpt lat="54.75652167" lon="25.32140667">
    <ele>125</ele>
    <time>2020-09-14T21:36:54.523999Z</time>
  </trkpt>
  <trkpt lat="54.75649333" lon="25.32140833">
    <ele>125</ele>
    <time>2020-09-14T21:36:55.523999Z</time>
  </trkpt>
  <trkpt lat="54.756465" lon="25.32141667">
    <ele>125</ele>
    <time>2020-09-14T21:36:56.523999Z</time>
  </trkpt>
  <trkpt lat="54.75641333" lon="25.32143333">
    <ele>125</ele>
    <time>2020-09-14T21:36:57.523000Z</time>
  </trkpt>
  <trkpt lat="54.75636833" lon="25.32145667">
    <ele>125</ele>
    <time>2020-09-14T21:36:58.523000Z</time>
  </trkpt>
  <trkpt lat="54.75632667" lon="25.32146333">
    <ele>125</ele>
    <time>2020-09-14T21:36:59.523999Z</time>
  </trkpt>
  <trkpt lat="54.75629333" lon="25.32145833">
    <ele>125</ele>
    <time>2020-09-14T21:37:00.523999Z</time>
  </trkpt>
  <trkpt lat="54.75625667" lon="25.321455">
    <ele>124</ele>
    <time>2020-09-14T21:37:01.523999Z</time>
  </trkpt>
  <trkpt lat="54.75622333" lon="25.321455">
    <ele>124</ele>
    <time>2020-09-14T21:37:02.523000Z</time>
  </trkpt>
  <trkpt lat="54.75619333" lon="25.32145667">
    <ele>124</ele>
    <time>2020-09-14T21:37:03.523999Z</time>
  </trkpt>
  <trkpt lat="54.756155" lon="25.321465">
    <ele>123</ele>
    <time>2020-09-14T21:37:04.523999Z</time>
  </trkpt>
  <trkpt lat="54.75611167" lon="25.321465">
    <ele>123</ele>
    <time>2020-09-14T21:37:05.523999Z</time>
  </trkpt>
  <trkpt lat="54.75607" lon="25.321465">
    <ele>122</ele>
    <time>2020-09-14T21:37:06.523000Z</time>
  </trkpt>
  <trkpt lat="54.75602" lon="25.32143833">
    <ele>122</ele>
    <time>2020-09-14T21:37:07.523000Z</time>
  </trkpt>
  <trkpt lat="54.755985" lon="25.32141667">
    <ele>121</ele>
    <time>2020-09-14T21:37:08.523999Z</time>
  </trkpt>
  <trkpt lat="54.755955" lon="25.32136833">
    <ele>121</ele>
    <time>2020-09-14T21:37:09.523999Z</time>
  </trkpt>
  <trkpt lat="54.75594167" lon="25.32131833">
    <ele>120</ele>
    <time>2020-09-14T21:37:10.523999Z</time>
  </trkpt>
  <trkpt lat="54.75593" lon="25.321275">
    <ele>119</ele>
    <time>2020-09-14T21:37:11.523000Z</time>
  </trkpt>
  <trkpt lat="54.75592" lon="25.32121">
    <ele>119</ele>
    <time>2020-09-14T21:37:12.523999Z</time>
  </trkpt>
  <trkpt lat="54.75591167" lon="25.32114333">
    <ele>118</ele>
    <time>2020-09-14T21:37:13.523999Z</time>
  </trkpt>
  <trkpt lat="54.755905" lon="25.32108833">
    <ele>117</ele>
    <time>2020-09-14T21:37:14.523000Z</time>
  </trkpt>
  <trkpt lat="54.755905" lon="25.32103333">
    <ele>117</ele>
    <time>2020-09-14T21:37:15.523000Z</time>
  </trkpt>
  <trkpt lat="54.75590667" lon="25.32098167">
    <ele>116</ele>
    <time>2020-09-14T21:37:16.523999Z</time>
  </trkpt>
  <trkpt lat="54.75591333" lon="25.32093">
    <ele>116</ele>
    <time>2020-09-14T21:37:17.523000Z</time>
  </trkpt>
  <trkpt lat="54.75591667" lon="25.32089167">
    <ele>116</ele>
    <time>2020-09-14T21:37:18.523999Z</time>
  </trkpt>
  <trkpt lat="54.75592167" lon="25.32084167">
    <ele>116</ele>
    <time>2020-09-14T21:37:19.523999Z</time>
  </trkpt>
  <trkpt lat="54.75592667" lon="25.32079">
    <ele>115</ele>
    <time>2020-09-14T21:37:20.523999Z</time>
  </trkpt>
  <trkpt lat="54.75592833" lon="25.32074167">
    <ele>115</ele>
    <time>2020-09-14T21:37:21.523000Z</time>
  </trkpt>
  <trkpt lat="54.75592833" lon="25.32070167">
    <ele>115</ele>
    <time>2020-09-14T21:37:22.523999Z</time>
  </trkpt>
  <trkpt lat="54.75592667" lon="25.32067167">
    <ele>115</ele>
    <time>2020-09-14T21:37:23.523999Z</time>
  </trkpt>
  <trkpt lat="54.75592333" lon="25.320645">
    <ele>115</ele>
    <time>2020-09-14T21:37:24.523000Z</time>
  </trkpt>
  <trkpt lat="54.75592167" lon="25.32060833">
    <ele>116</ele>
    <time>2020-09-14T21:37:25.523000Z</time>
  </trkpt>
  <trkpt lat="54.75591833" lon="25.32057833">
    <ele>116</ele>
    <time>2020-09-14T21:37:26.523999Z</time>
  </trkpt>
  <trkpt lat="54.75592" lon="25.32054333">
    <ele>115</ele>
    <time>2020-09-14T21:37:27.523000Z</time>
  </trkpt>
  <trkpt lat="54.75591667" lon="25.320505">
    <ele>115</ele>
    <time>2020-09-14T21:37:28.523999Z</time>
  </trkpt>
  <trkpt lat="54.75591333" lon="25.32046333">
    <ele>115</ele>
    <time>2020-09-14T21:37:29.523999Z</time>
  </trkpt>
  <trkpt lat="54.75590667" lon="25.32042">
    <ele>114</ele>
    <time>2020-09-14T21:37:30.523999Z</time>
  </trkpt>
  <trkpt lat="54.75590167" lon="25.320385">
    <ele>114</ele>
    <time>2020-09-14T21:37:31.523999Z</time>
  </trkpt>
  <trkpt lat="54.75590167" lon="25.32035167">
    <ele>113</ele>
    <time>2020-09-14T21:37:32.523000Z</time>
  </trkpt>
  <trkpt lat="54.755905" lon="25.32032667">
    <ele>113</ele>
    <time>2020-09-14T21:37:33.523999Z</time>
  </trkpt>
  <trkpt lat="54.75591" lon="25.32027667">
    <ele>112</ele>
    <time>2020-09-14T21:37:34.523999Z</time>
  </trkpt>
  <trkpt lat="54.75591" lon="25.32022667">
    <ele>112</ele>
    <time>2020-09-14T21:37:35.523999Z</time>
  </trkpt>
  <trkpt lat="54.75590833" lon="25.32017667">
    <ele>112</ele>
    <time>2020-09-14T21:37:36.523000Z</time>
  </trkpt>
  <trkpt lat="54.75590333" lon="25.32012833">
    <ele>111</ele>
    <time>2020-09-14T21:37:37.523999Z</time>
  </trkpt>
  <trkpt lat="54.7559" lon="25.320085">
    <ele>111</ele>
    <time>2020-09-14T21:37:38.523999Z</time>
  </trkpt>
  <trkpt lat="54.75589333" lon="25.32002">
    <ele>111</ele>
    <time>2020-09-14T21:37:39.523999Z</time>
  </trkpt>
  <trkpt lat="54.75588667" lon="25.31997333">
    <ele>111</ele>
    <time>2020-09-14T21:37:40.523000Z</time>
  </trkpt>
  <trkpt lat="54.75588167" lon="25.31993333">
    <ele>112</ele>
    <time>2020-09-14T21:37:41.523000Z</time>
  </trkpt>
  <trkpt lat="54.75587667" lon="25.31989167">
    <ele>112</ele>
    <time>2020-09-14T21:37:42.523999Z</time>
  </trkpt>
  <trkpt lat="54.755875" lon="25.31985333">
    <ele>111</ele>
    <time>2020-09-14T21:37:43.523000Z</time>
  </trkpt>
  <trkpt lat="54.755875" lon="25.319815">
    <ele>111</ele>
    <time>2020-09-14T21:37:44.523000Z</time>
  </trkpt>
  <trkpt lat="54.75587167" lon="25.31976833">
    <ele>111</ele>
    <time>2020-09-14T21:37:45.523999Z</time>
  </trkpt>
  <trkpt lat="54.75587167" lon="25.31973">
    <ele>111</ele>
    <time>2020-09-14T21:37:46.523000Z</time>
  </trkpt>
  <trkpt lat="54.755865" lon="25.31968833">
    <ele>110</ele>
    <time>2020-09-14T21:37:47.523999Z</time>
  </trkpt>
  <trkpt lat="54.75586" lon="25.31964833">
    <ele>110</ele>
    <time>2020-09-14T21:37:48.523000Z</time>
  </trkpt>
  <trkpt lat="54.75585833" lon="25.31959">
    <ele>110</ele>
    <time>2020-09-14T21:37:49.523000Z</time>
  </trkpt>
  <trkpt lat="54.755855" lon="25.31953667">
    <ele>110</ele>
    <time>2020-09-14T21:37:50.523000Z</time>
  </trkpt>
  <trkpt lat="54.75585167" lon="25.31948667">
    <ele>110</ele>
    <time>2020-09-14T21:37:51.523000Z</time>
  </trkpt>
  <trkpt lat="54.75584667" lon="25.319445">
    <ele>110</ele>
    <time>2020-09-14T21:37:52.523000Z</time>
  </trkpt>
  <trkpt lat="54.75584167" lon="25.31939667">
    <ele>110</ele>
    <time>2020-09-14T21:37:53.523999Z</time>
  </trkpt>
  <trkpt lat="54.75584833" lon="25.31934333">
    <ele>110</ele>
    <time>2020-09-14T21:37:54.523000Z</time>
  </trkpt>
  <trkpt lat="54.75585167" lon="25.31929833">
    <ele>110</ele>
    <time>2020-09-14T21:37:55.523999Z</time>
  </trkpt>
  <trkpt lat="54.75585167" lon="25.319245">
    <ele>109</ele>
    <time>2020-09-14T21:37:56.523999Z</time>
  </trkpt>
  <trkpt lat="54.75584667" lon="25.31919833">
    <ele>109</ele>
    <time>2020-09-14T21:37:57.523000Z</time>
  </trkpt>
  <trkpt lat="54.75583667" lon="25.31916333">
    <ele>109</ele>
    <time>2020-09-14T21:37:58.523000Z</time>
  </trkpt>
  <trkpt lat="54.75582333" lon="25.31911833">
    <ele>109</ele>
    <time>2020-09-14T21:37:59.523999Z</time>
  </trkpt>
  <trkpt lat="54.75581" lon="25.31907333">
    <ele>109</ele>
    <time>2020-09-14T21:38:00.523999Z</time>
  </trkpt>
  <trkpt lat="54.75580333" lon="25.31905">
    <ele>110</ele>
    <time>2020-09-14T21:38:01.523999Z</time>
  </trkpt>
  <trkpt lat="54.755795" lon="25.319015">
    <ele>110</ele>
    <time>2020-09-14T21:38:02.523999Z</time>
  </trkpt>
  <trkpt lat="54.75579167" lon="25.31898833">
    <ele>110</ele>
    <time>2020-09-14T21:38:03.523999Z</time>
  </trkpt>
  <trkpt lat="54.755785" lon="25.31894833">
    <ele>111</ele>
    <time>2020-09-14T21:38:04.523000Z</time>
  </trkpt>
  <trkpt lat="54.75577167" lon="25.31890167">
    <ele>111</ele>
    <time>2020-09-14T21:38:05.523999Z</time>
  </trkpt>
  <trkpt lat="54.75576167" lon="25.31886167">
    <ele>111</ele>
    <time>2020-09-14T21:38:06.523999Z</time>
  </trkpt>
  <trkpt lat="54.75575333" lon="25.31883">
    <ele>111</ele>
    <time>2020-09-14T21:38:07.523999Z</time>
  </trkpt>
  <trkpt lat="54.755745" lon="25.31879">
    <ele>111</ele>
    <time>2020-09-14T21:38:08.523000Z</time>
  </trkpt>
  <trkpt lat="54.75573833" lon="25.31874833">
    <ele>111</ele>
    <time>2020-09-14T21:38:09.523000Z</time>
  </trkpt>
  <trkpt lat="54.75572667" lon="25.31871167">
    <ele>111</ele>
    <time>2020-09-14T21:38:10.523999Z</time>
  </trkpt>
  <trkpt lat="54.75571333" lon="25.31867833">
    <ele>111</ele>
    <time>2020-09-14T21:38:11.523000Z</time>
  </trkpt>
  <trkpt lat="54.755695" lon="25.31864667">
    <ele>111</ele>
    <time>2020-09-14T21:38:12.523999Z</time>
  </trkpt>
  <trkpt lat="54.75567833" lon="25.31861667">
    <ele>111</ele>
    <time>2020-09-14T21:38:13.523000Z</time>
  </trkpt>
  <trkpt lat="54.75566667" lon="25.31858167">
    <ele>111</ele>
    <time>2020-09-14T21:38:14.523999Z</time>
  </trkpt>
  <trkpt lat="54.755655" lon="25.31854333">
    <ele>110</ele>
    <time>2020-09-14T21:38:15.523999Z</time>
  </trkpt>
  <trkpt lat="54.75565" lon="25.31849">
    <ele>110</ele>
    <time>2020-09-14T21:38:16.523000Z</time>
  </trkpt>
  <trkpt lat="54.75564833" lon="25.318445">
    <ele>110</ele>
    <time>2020-09-14T21:38:17.523000Z</time>
  </trkpt>
  <trkpt lat="54.75564333" lon="25.31841333">
    <ele>109</ele>
    <time>2020-09-14T21:38:18.523000Z</time>
  </trkpt>
  <trkpt lat="54.75563" lon="25.318365">
    <ele>109</ele>
    <time>2020-09-14T21:38:19.523999Z</time>
  </trkpt>
  <trkpt lat="54.75561833" lon="25.31833">
    <ele>108</ele>
    <time>2020-09-14T21:38:20.523999Z</time>
  </trkpt>
  <trkpt lat="54.7556" lon="25.31829167">
    <ele>108</ele>
    <time>2020-09-14T21:38:21.523999Z</time>
  </trkpt>
  <trkpt lat="54.75558" lon="25.31826333">
    <ele>107</ele>
    <time>2020-09-14T21:38:22.523000Z</time>
  </trkpt>
  <trkpt lat="54.75555833" lon="25.31823">
    <ele>107</ele>
    <time>2020-09-14T21:38:23.523000Z</time>
  </trkpt>
  <trkpt lat="54.755535" lon="25.31819">
    <ele>106</ele>
    <time>2020-09-14T21:38:24.523000Z</time>
  </trkpt>
  <trkpt lat="54.75551667" lon="25.318145">
    <ele>106</ele>
    <time>2020-09-14T21:38:25.523999Z</time>
  </trkpt>
  <trkpt lat="54.75550333" lon="25.31811667">
    <ele>105</ele>
    <time>2020-09-14T21:38:26.523000Z</time>
  </trkpt>
  <trkpt lat="54.755495" lon="25.31810167">
    <ele>105</ele>
    <time>2020-09-14T21:38:27.523000Z</time>
  </trkpt>
  <trkpt lat="54.755475" lon="25.31807167">
    <ele>105</ele>
    <time>2020-09-14T21:38:28.523000Z</time>
  </trkpt>
  <trkpt lat="54.75546167" lon="25.318045">
    <ele>105</ele>
    <time>2020-09-14T21:38:29.523000Z</time>
  </trkpt>
  <trkpt lat="54.75544667" lon="25.318015">
    <ele>105</ele>
    <time>2020-09-14T21:38:30.523999Z</time>
  </trkpt>
  <trkpt lat="54.75543" lon="25.31798667">
    <ele>105</ele>
    <time>2020-09-14T21:38:31.523999Z</time>
  </trkpt>
  <trkpt lat="54.75541333" lon="25.31795833">
    <ele>105</ele>
    <time>2020-09-14T21:38:32.523000Z</time>
  </trkpt>
  <trkpt lat="54.75540167" lon="25.31793">
    <ele>105</ele>
    <time>2020-09-14T21:38:33.523999Z</time>
  </trkpt>
  <trkpt lat="54.75539" lon="25.317905">
    <ele>106</ele>
    <time>2020-09-14T21:38:34.523999Z</time>
  </trkpt>
  <trkpt lat="54.75538333" lon="25.31787333">
    <ele>106</ele>
    <time>2020-09-14T21:38:35.523999Z</time>
  </trkpt>
  <trkpt lat="54.75538167" lon="25.31783833">
    <ele>106</ele>
    <time>2020-09-14T21:38:36.523999Z</time>
  </trkpt>
  <trkpt lat="54.75537667" lon="25.31780167">
    <ele>106</ele>
    <time>2020-09-14T21:38:37.523000Z</time>
  </trkpt>
  <trkpt lat="54.75536167" lon="25.31774">
    <ele>106</ele>
    <time>2020-09-14T21:38:38.523999Z</time>
  </trkpt>
  <trkpt lat="54.75534833" lon="25.31769833">
    <ele>106</ele>
    <time>2020-09-14T21:38:39.523999Z</time>
  </trkpt>
  <trkpt lat="54.75533667" lon="25.31766">
    <ele>106</ele>
    <time>2020-09-14T21:38:40.523999Z</time>
  </trkpt>
  <trkpt lat="54.755325" lon="25.31762833">
    <ele>107</ele>
    <time>2020-09-14T21:38:41.523000Z</time>
  </trkpt>
  <trkpt lat="54.75530833" lon="25.31759">
    <ele>107</ele>
    <time>2020-09-14T21:38:42.523999Z</time>
  </trkpt>
  <trkpt lat="54.75529333" lon="25.317555">
    <ele>107</ele>
    <time>2020-09-14T21:38:43.523000Z</time>
  </trkpt>
  <trkpt lat="54.75527667" lon="25.31752167">
    <ele>107</ele>
    <time>2020-09-14T21:38:44.523999Z</time>
  </trkpt>
  <trkpt lat="54.75526" lon="25.31749167">
    <ele>107</ele>
    <time>2020-09-14T21:38:45.523999Z</time>
  </trkpt>
  <trkpt lat="54.75523833" lon="25.31746167">
    <ele>107</ele>
    <time>2020-09-14T21:38:46.523000Z</time>
  </trkpt>
  <trkpt lat="54.75522333" lon="25.31743167">
    <ele>108</ele>
    <time>2020-09-14T21:38:47.523999Z</time>
  </trkpt>
  <trkpt lat="54.75521" lon="25.3174">
    <ele>108</ele>
    <time>2020-09-14T21:38:48.523000Z</time>
  </trkpt>
  <trkpt lat="54.75519167" lon="25.31736667">
    <ele>109</ele>
    <time>2020-09-14T21:38:49.523999Z</time>
  </trkpt>
  <trkpt lat="54.75517833" lon="25.31734">
    <ele>109</ele>
    <time>2020-09-14T21:38:50.523000Z</time>
  </trkpt>
  <trkpt lat="54.75515833" lon="25.31730167">
    <ele>109</ele>
    <time>2020-09-14T21:38:51.523999Z</time>
  </trkpt>
  <trkpt lat="54.75513167" lon="25.31726167">
    <ele>109</ele>
    <time>2020-09-14T21:38:52.523999Z</time>
  </trkpt>
  <trkpt lat="54.75511" lon="25.31722333">
    <ele>109</ele>
    <time>2020-09-14T21:38:53.523999Z</time>
  </trkpt>
  <trkpt lat="54.75509333" lon="25.31717667">
    <ele>109</ele>
    <time>2020-09-14T21:38:54.523000Z</time>
  </trkpt>
  <trkpt lat="54.755085" lon="25.317145">
    <ele>109</ele>
    <time>2020-09-14T21:38:55.523000Z</time>
  </trkpt>
  <trkpt lat="54.75507333" lon="25.31710833">
    <ele>110</ele>
    <time>2020-09-14T21:38:56.523999Z</time>
  </trkpt>
  <trkpt lat="54.75506" lon="25.317075">
    <ele>110</ele>
    <time>2020-09-14T21:38:57.523999Z</time>
  </trkpt>
  <trkpt lat="54.75504333" lon="25.31704833">
    <ele>110</ele>
    <time>2020-09-14T21:38:58.523000Z</time>
  </trkpt>
  <trkpt lat="54.75502667" lon="25.31701667">
    <ele>110</ele>
    <time>2020-09-14T21:38:59.523999Z</time>
  </trkpt>
  <trkpt lat="54.75501" lon="25.31698333">
    <ele>110</ele>
    <time>2020-09-14T21:39:00.523999Z</time>
  </trkpt>
  <trkpt lat="54.75499833" lon="25.316945">
    <ele>110</ele>
    <time>2020-09-14T21:39:01.523999Z</time>
  </trkpt>
  <trkpt lat="54.75499" lon="25.31690667">
    <ele>111</ele>
    <time>2020-09-14T21:39:02.523999Z</time>
  </trkpt>
  <trkpt lat="54.75498333" lon="25.31686333">
    <ele>111</ele>
    <time>2020-09-14T21:39:03.523999Z</time>
  </trkpt>
  <trkpt lat="54.75497167" lon="25.31681833">
    <ele>111</ele>
    <time>2020-09-14T21:39:04.523000Z</time>
  </trkpt>
  <trkpt lat="54.75495833" lon="25.31678167">
    <ele>111</ele>
    <time>2020-09-14T21:39:05.523999Z</time>
  </trkpt>
  <trkpt lat="54.75495167" lon="25.31675">
    <ele>111</ele>
    <time>2020-09-14T21:39:06.523000Z</time>
  </trkpt>
  <trkpt lat="54.75494" lon="25.3167">
    <ele>111</ele>
    <time>2020-09-14T21:39:07.523999Z</time>
  </trkpt>
  <trkpt lat="54.75493" lon="25.31665667">
    <ele>111</ele>
    <time>2020-09-14T21:39:08.523999Z</time>
  </trkpt>
  <trkpt lat="54.754925" lon="25.31661667">
    <ele>111</ele>
    <time>2020-09-14T21:39:09.523999Z</time>
  </trkpt>
  <trkpt lat="54.75491667" lon="25.31658">
    <ele>111</ele>
    <time>2020-09-14T21:39:10.523999Z</time>
  </trkpt>
  <trkpt lat="54.75490667" lon="25.31654667">
    <ele>111</ele>
    <time>2020-09-14T21:39:11.523000Z</time>
  </trkpt>
  <trkpt lat="54.75488833" lon="25.31650667">
    <ele>111</ele>
    <time>2020-09-14T21:39:12.523999Z</time>
  </trkpt>
  <trkpt lat="54.75487167" lon="25.31647667">
    <ele>111</ele>
    <time>2020-09-14T21:39:13.523000Z</time>
  </trkpt>
  <trkpt lat="54.75486667" lon="25.31643667">
    <ele>110</ele>
    <time>2020-09-14T21:39:14.523999Z</time>
  </trkpt>
  <trkpt lat="54.75486333" lon="25.31638333">
    <ele>110</ele>
    <time>2020-09-14T21:39:15.523999Z</time>
  </trkpt>
  <trkpt lat="54.75485333" lon="25.31633167">
    <ele>110</ele>
    <time>2020-09-14T21:39:16.523999Z</time>
  </trkpt>
  <trkpt lat="54.754835" lon="25.31627833">
    <ele>110</ele>
    <time>2020-09-14T21:39:17.523000Z</time>
  </trkpt>
  <trkpt lat="54.75481667" lon="25.31623833">
    <ele>110</ele>
    <time>2020-09-14T21:39:18.523000Z</time>
  </trkpt>
  <trkpt lat="54.7548" lon="25.3162">
    <ele>111</ele>
    <time>2020-09-14T21:39:19.523000Z</time>
  </trkpt>
  <trkpt lat="54.75478667" lon="25.31617333">
    <ele>111</ele>
    <time>2020-09-14T21:39:20.523000Z</time>
  </trkpt>
  <trkpt lat="54.75477167" lon="25.31614833">
    <ele>111</ele>
    <time>2020-09-14T21:39:21.523000Z</time>
  </trkpt>
  <trkpt lat="54.75475333" lon="25.31610167">
    <ele>112</ele>
    <time>2020-09-14T21:39:22.523000Z</time>
  </trkpt>
  <trkpt lat="54.754735" lon="25.31605167">
    <ele>112</ele>
    <time>2020-09-14T21:39:23.523000Z</time>
  </trkpt>
  <trkpt lat="54.75472667" lon="25.31600333">
    <ele>112</ele>
    <time>2020-09-14T21:39:24.523999Z</time>
  </trkpt>
  <trkpt lat="54.75471333" lon="25.31596">
    <ele>112</ele>
    <time>2020-09-14T21:39:25.523000Z</time>
  </trkpt>
  <trkpt lat="54.75469833" lon="25.31591333">
    <ele>113</ele>
    <time>2020-09-14T21:39:26.523000Z</time>
  </trkpt>
  <trkpt lat="54.754685" lon="25.31587667">
    <ele>113</ele>
    <time>2020-09-14T21:39:27.523000Z</time>
  </trkpt>
  <trkpt lat="54.75467167" lon="25.31583833">
    <ele>113</ele>
    <time>2020-09-14T21:39:28.523999Z</time>
  </trkpt>
  <trkpt lat="54.754655" lon="25.3158">
    <ele>113</ele>
    <time>2020-09-14T21:39:29.523000Z</time>
  </trkpt>
  <trkpt lat="54.754645" lon="25.31576667">
    <ele>112</ele>
    <time>2020-09-14T21:39:30.523999Z</time>
  </trkpt>
  <trkpt lat="54.75463333" lon="25.31573167">
    <ele>112</ele>
    <time>2020-09-14T21:39:31.523999Z</time>
  </trkpt>
  <trkpt lat="54.75462" lon="25.31569667">
    <ele>111</ele>
    <time>2020-09-14T21:39:32.523999Z</time>
  </trkpt>
  <trkpt lat="54.75461333" lon="25.31567333">
    <ele>111</ele>
    <time>2020-09-14T21:39:33.523999Z</time>
  </trkpt>
  <trkpt lat="54.75460667" lon="25.315645">
    <ele>110</ele>
    <time>2020-09-14T21:39:34.523999Z</time>
  </trkpt>
  <trkpt lat="54.75459833" lon="25.315625">
    <ele>110</ele>
    <time>2020-09-14T21:39:35.523999Z</time>
  </trkpt>
  <trkpt lat="54.75459" lon="25.315605">
    <ele>109</ele>
    <time>2020-09-14T21:39:36.523000Z</time>
  </trkpt>
  <trkpt lat="54.75457667" lon="25.31558167">
    <ele>108</ele>
    <time>2020-09-14T21:39:37.523000Z</time>
  </trkpt>
  <trkpt lat="54.75455" lon="25.31556667">
    <ele>108</ele>
    <time>2020-09-14T21:39:38.523999Z</time>
  </trkpt>
  <trkpt lat="54.75452167" lon="25.31553333">
    <ele>107</ele>
    <time>2020-09-14T21:39:39.523999Z</time>
  </trkpt>
  <trkpt lat="54.7545" lon="25.31548667">
    <ele>107</ele>
    <time>2020-09-14T21:39:40.523000Z</time>
  </trkpt>
  <trkpt lat="54.75448333" lon="25.31544667">
    <ele>107</ele>
    <time>2020-09-14T21:39:41.523999Z</time>
  </trkpt>
  <trkpt lat="54.75447167" lon="25.31540167">
    <ele>106</ele>
    <time>2020-09-14T21:39:42.523999Z</time>
  </trkpt>
  <trkpt lat="54.754465" lon="25.31536167">
    <ele>106</ele>
    <time>2020-09-14T21:39:43.523999Z</time>
  </trkpt>
  <trkpt lat="54.75446167" lon="25.315325">
    <ele>106</ele>
    <time>2020-09-14T21:39:44.523999Z</time>
  </trkpt>
  <trkpt lat="54.75446333" lon="25.31528833">
    <ele>105</ele>
    <time>2020-09-14T21:39:45.523999Z</time>
  </trkpt>
  <trkpt lat="54.75445667" lon="25.31522667">
    <ele>105</ele>
    <time>2020-09-14T21:39:46.523999Z</time>
  </trkpt>
  <trkpt lat="54.754445" lon="25.31518333">
    <ele>105</ele>
    <time>2020-09-14T21:39:47.523999Z</time>
  </trkpt>
  <trkpt lat="54.75443167" lon="25.31515">
    <ele>105</ele>
    <time>2020-09-14T21:39:48.523999Z</time>
  </trkpt>
  <trkpt lat="54.754415" lon="25.31511">
    <ele>106</ele>
    <time>2020-09-14T21:39:49.523000Z</time>
  </trkpt>
  <trkpt lat="54.75440167" lon="25.31507333">
    <ele>106</ele>
    <time>2020-09-14T21:39:50.523999Z</time>
  </trkpt>
  <trkpt lat="54.75436167" lon="25.31506667">
    <ele>106</ele>
    <time>2020-09-14T21:39:51.523999Z</time>
  </trkpt>
  <trkpt lat="54.754355" lon="25.31503667">
    <ele>106</ele>
    <time>2020-09-14T21:39:52.523999Z</time>
  </trkpt>
  <trkpt lat="54.75433667" lon="25.31499667">
    <ele>106</ele>
    <time>2020-09-14T21:39:53.523000Z</time>
  </trkpt>
  <trkpt lat="54.75431833" lon="25.31496333">
    <ele>107</ele>
    <time>2020-09-14T21:39:54.523999Z</time>
  </trkpt>
  <trkpt lat="54.75429167" lon="25.31492167">
    <ele>107</ele>
    <time>2020-09-14T21:39:55.523999Z</time>
  </trkpt>
  <trkpt lat="54.75426833" lon="25.314885">
    <ele>107</ele>
    <time>2020-09-14T21:39:56.523999Z</time>
  </trkpt>
  <trkpt lat="54.75425167" lon="25.31485833">
    <ele>107</ele>
    <time>2020-09-14T21:39:57.523999Z</time>
  </trkpt>
  <trkpt lat="54.75423" lon="25.31480667">
    <ele>108</ele>
    <time>2020-09-14T21:39:58.523000Z</time>
  </trkpt>
  <trkpt lat="54.75421" lon="25.31476667">
    <ele>108</ele>
    <time>2020-09-14T21:39:59.523999Z</time>
  </trkpt>
  <trkpt lat="54.75419667" lon="25.31473333">
    <ele>108</ele>
    <time>2020-09-14T21:40:00.523999Z</time>
  </trkpt>
  <trkpt lat="54.75418667" lon="25.314705">
    <ele>108</ele>
    <time>2020-09-14T21:40:01.523999Z</time>
  </trkpt>
  <trkpt lat="54.75417167" lon="25.31466333">
    <ele>108</ele>
    <time>2020-09-14T21:40:02.523000Z</time>
  </trkpt>
  <trkpt lat="54.75415833" lon="25.31462833">
    <ele>108</ele>
    <time>2020-09-14T21:40:03.523999Z</time>
  </trkpt>
  <trkpt lat="54.754145" lon="25.31459167">
    <ele>108</ele>
    <time>2020-09-14T21:40:04.523999Z</time>
  </trkpt>
  <trkpt lat="54.75413167" lon="25.31455333">
    <ele>108</ele>
    <time>2020-09-14T21:40:05.523999Z</time>
  </trkpt>
  <trkpt lat="54.754115" lon="25.314515">
    <ele>108</ele>
    <time>2020-09-14T21:40:06.523999Z</time>
  </trkpt>
  <trkpt lat="54.7541" lon="25.31448">
    <ele>108</ele>
    <time>2020-09-14T21:40:07.523000Z</time>
  </trkpt>
  <trkpt lat="54.75408333" lon="25.31444833">
    <ele>108</ele>
    <time>2020-09-14T21:40:08.523999Z</time>
  </trkpt>
  <trkpt lat="54.75407167" lon="25.31442">
    <ele>108</ele>
    <time>2020-09-14T21:40:09.523999Z</time>
  </trkpt>
  <trkpt lat="54.75405667" lon="25.31439167">
    <ele>107</ele>
    <time>2020-09-14T21:40:10.523999Z</time>
  </trkpt>
  <trkpt lat="54.75403833" lon="25.31436167">
    <ele>107</ele>
    <time>2020-09-14T21:40:11.523000Z</time>
  </trkpt>
  <trkpt lat="54.75402167" lon="25.314325">
    <ele>107</ele>
    <time>2020-09-14T21:40:12.523999Z</time>
  </trkpt>
  <trkpt lat="54.754005" lon="25.31428667">
    <ele>107</ele>
    <time>2020-09-14T21:40:13.523000Z</time>
  </trkpt>
  <trkpt lat="54.75398833" lon="25.31424333">
    <ele>107</ele>
    <time>2020-09-14T21:40:14.523999Z</time>
  </trkpt>
  <trkpt lat="54.75396833" lon="25.31417833">
    <ele>107</ele>
    <time>2020-09-14T21:40:15.523999Z</time>
  </trkpt>
  <trkpt lat="54.75396" lon="25.31413333">
    <ele>107</ele>
    <time>2020-09-14T21:40:16.523999Z</time>
  </trkpt>
  <trkpt lat="54.75394833" lon="25.31408667">
    <ele>107</ele>
    <time>2020-09-14T21:40:17.523999Z</time>
  </trkpt>
  <trkpt lat="54.753935" lon="25.31404">
    <ele>107</ele>
    <time>2020-09-14T21:40:18.523999Z</time>
  </trkpt>
  <trkpt lat="54.75392" lon="25.31400833">
    <ele>107</ele>
    <time>2020-09-14T21:40:19.523000Z</time>
  </trkpt>
  <trkpt lat="54.7539" lon="25.31397167">
    <ele>107</ele>
    <time>2020-09-14T21:40:20.523999Z</time>
  </trkpt>
  <trkpt lat="54.753875" lon="25.31393167">
    <ele>107</ele>
    <time>2020-09-14T21:40:21.523999Z</time>
  </trkpt>
  <trkpt lat="54.75384833" lon="25.313895">
    <ele>107</ele>
    <time>2020-09-14T21:40:22.523999Z</time>
  </trkpt>
  <trkpt lat="54.753825" lon="25.31384833">
    <ele>106</ele>
    <time>2020-09-14T21:40:23.523000Z</time>
  </trkpt>
  <trkpt lat="54.75380833" lon="25.31381333">
    <ele>106</ele>
    <time>2020-09-14T21:40:24.523000Z</time>
  </trkpt>
  <trkpt lat="54.75379333" lon="25.31378667">
    <ele>106</ele>
    <time>2020-09-14T21:40:25.523999Z</time>
  </trkpt>
  <trkpt lat="54.75377667" lon="25.31376">
    <ele>106</ele>
    <time>2020-09-14T21:40:26.523999Z</time>
  </trkpt>
  <trkpt lat="54.75376833" lon="25.313735">
    <ele>106</ele>
    <time>2020-09-14T21:40:27.523999Z</time>
  </trkpt>
  <trkpt lat="54.75375333" lon="25.3137">
    <ele>106</ele>
    <time>2020-09-14T21:40:28.523000Z</time>
  </trkpt>
  <trkpt lat="54.75374667" lon="25.31366">
    <ele>106</ele>
    <time>2020-09-14T21:40:29.523999Z</time>
  </trkpt>
  <trkpt lat="54.75373667" lon="25.313625">
    <ele>106</ele>
    <time>2020-09-14T21:40:30.523999Z</time>
  </trkpt>
  <trkpt lat="54.75372167" lon="25.313585">
    <ele>105</ele>
    <time>2020-09-14T21:40:31.523999Z</time>
  </trkpt>
  <trkpt lat="54.753705" lon="25.31354833">
    <ele>105</ele>
    <time>2020-09-14T21:40:32.523000Z</time>
  </trkpt>
  <trkpt lat="54.75368667" lon="25.31349833">
    <ele>106</ele>
    <time>2020-09-14T21:40:33.523000Z</time>
  </trkpt>
  <trkpt lat="54.75366667" lon="25.313455">
    <ele>106</ele>
    <time>2020-09-14T21:40:34.523999Z</time>
  </trkpt>
  <trkpt lat="54.75365" lon="25.31342667">
    <ele>106</ele>
    <time>2020-09-14T21:40:35.523999Z</time>
  </trkpt>
  <trkpt lat="54.75363333" lon="25.31339">
    <ele>106</ele>
    <time>2020-09-14T21:40:36.523999Z</time>
  </trkpt>
  <trkpt lat="54.75361667" lon="25.31335167">
    <ele>106</ele>
    <time>2020-09-14T21:40:37.523000Z</time>
  </trkpt>
  <trkpt lat="54.75360333" lon="25.31331167">
    <ele>106</ele>
    <time>2020-09-14T21:40:38.523000Z</time>
  </trkpt>
  <trkpt lat="54.75359333" lon="25.31327167">
    <ele>106</ele>
    <time>2020-09-14T21:40:39.523000Z</time>
  </trkpt>
  <trkpt lat="54.75359333" lon="25.31324333">
    <ele>106</ele>
    <time>2020-09-14T21:40:40.523000Z</time>
  </trkpt>
  <trkpt lat="54.75359333" lon="25.31321667">
    <ele>106</ele>
    <time>2020-09-14T21:40:41.523000Z</time>
  </trkpt>
  <trkpt lat="54.753585" lon="25.31318833">
    <ele>106</ele>
    <time>2020-09-14T21:40:42.523000Z</time>
  </trkpt>
  <trkpt lat="54.75357" lon="25.31315667">
    <ele>106</ele>
    <time>2020-09-14T21:40:43.523999Z</time>
  </trkpt>
  <trkpt lat="54.75355333" lon="25.31312667">
    <ele>107</ele>
    <time>2020-09-14T21:40:44.523000Z</time>
  </trkpt>
  <trkpt lat="54.75353667" lon="25.31309333">
    <ele>107</ele>
    <time>2020-09-14T21:40:45.523999Z</time>
  </trkpt>
  <trkpt lat="54.75352333" lon="25.31306">
    <ele>108</ele>
    <time>2020-09-14T21:40:46.523999Z</time>
  </trkpt>
  <trkpt lat="54.75351167" lon="25.31303">
    <ele>108</ele>
    <time>2020-09-14T21:40:47.523999Z</time>
  </trkpt>
  <trkpt lat="54.7535" lon="25.31300167">
    <ele>108</ele>
    <time>2020-09-14T21:40:48.523999Z</time>
  </trkpt>
  <trkpt lat="54.75349167" lon="25.31297">
    <ele>109</ele>
    <time>2020-09-14T21:40:49.523000Z</time>
  </trkpt>
  <trkpt lat="54.75348667" lon="25.31293333">
    <ele>109</ele>
    <time>2020-09-14T21:40:50.523999Z</time>
  </trkpt>
  <trkpt lat="54.75348" lon="25.31289333">
    <ele>109</ele>
    <time>2020-09-14T21:40:51.523999Z</time>
  </trkpt>
  <trkpt lat="54.75346667" lon="25.31286">
    <ele>110</ele>
    <time>2020-09-14T21:40:52.523999Z</time>
  </trkpt>
  <trkpt lat="54.753455" lon="25.31282667">
    <ele>110</ele>
    <time>2020-09-14T21:40:53.523999Z</time>
  </trkpt>
  <trkpt lat="54.75344333" lon="25.31280167">
    <ele>110</ele>
    <time>2020-09-14T21:40:54.523999Z</time>
  </trkpt>
  <trkpt lat="54.75342667" lon="25.31277">
    <ele>111</ele>
    <time>2020-09-14T21:40:55.523999Z</time>
  </trkpt>
  <trkpt lat="54.75340667" lon="25.31274833">
    <ele>111</ele>
    <time>2020-09-14T21:40:56.523000Z</time>
  </trkpt>
  <trkpt lat="54.75338167" lon="25.31270667">
    <ele>111</ele>
    <time>2020-09-14T21:40:57.523999Z</time>
  </trkpt>
  <trkpt lat="54.75336" lon="25.31266333">
    <ele>110</ele>
    <time>2020-09-14T21:40:58.523999Z</time>
  </trkpt>
  <trkpt lat="54.753335" lon="25.31262667">
    <ele>110</ele>
    <time>2020-09-14T21:40:59.523000Z</time>
  </trkpt>
  <trkpt lat="54.75330667" lon="25.31259">
    <ele>110</ele>
    <time>2020-09-14T21:41:00.523000Z</time>
  </trkpt>
  <trkpt lat="54.75328833" lon="25.31255667">
    <ele>110</ele>
    <time>2020-09-14T21:41:01.523999Z</time>
  </trkpt>
  <trkpt lat="54.75327167" lon="25.31253">
    <ele>111</ele>
    <time>2020-09-14T21:41:02.523999Z</time>
  </trkpt>
  <trkpt lat="54.753255" lon="25.31249833">
    <ele>111</ele>
    <time>2020-09-14T21:41:03.523000Z</time>
  </trkpt>
  <trkpt lat="54.75324167" lon="25.31245667">
    <ele>111</ele>
    <time>2020-09-14T21:41:04.523999Z</time>
  </trkpt>
  <trkpt lat="54.75322667" lon="25.31241833">
    <ele>111</ele>
    <time>2020-09-14T21:41:05.523999Z</time>
  </trkpt>
  <trkpt lat="54.75321333" lon="25.31239">
    <ele>111</ele>
    <time>2020-09-14T21:41:06.523999Z</time>
  </trkpt>
  <trkpt lat="54.75319667" lon="25.31235333">
    <ele>112</ele>
    <time>2020-09-14T21:41:07.523999Z</time>
  </trkpt>
  <trkpt lat="54.75317833" lon="25.31231833">
    <ele>112</ele>
    <time>2020-09-14T21:41:08.523999Z</time>
  </trkpt>
  <trkpt lat="54.75315833" lon="25.312285">
    <ele>113</ele>
    <time>2020-09-14T21:41:09.523999Z</time>
  </trkpt>
  <trkpt lat="54.75313833" lon="25.31225667">
    <ele>114</ele>
    <time>2020-09-14T21:41:10.523000Z</time>
  </trkpt>
  <trkpt lat="54.75312" lon="25.31222333">
    <ele>114</ele>
    <time>2020-09-14T21:41:11.523999Z</time>
  </trkpt>
  <trkpt lat="54.75310333" lon="25.31218333">
    <ele>114</ele>
    <time>2020-09-14T21:41:12.523999Z</time>
  </trkpt>
  <trkpt lat="54.75309" lon="25.31214833">
    <ele>115</ele>
    <time>2020-09-14T21:41:13.523000Z</time>
  </trkpt>
  <trkpt lat="54.75307333" lon="25.312115">
    <ele>115</ele>
    <time>2020-09-14T21:41:14.523000Z</time>
  </trkpt>
  <trkpt lat="54.75305833" lon="25.31207833">
    <ele>115</ele>
    <time>2020-09-14T21:41:15.523000Z</time>
  </trkpt>
  <trkpt lat="54.75303667" lon="25.31204333">
    <ele>115</ele>
    <time>2020-09-14T21:41:16.523999Z</time>
  </trkpt>
  <trkpt lat="54.75300667" lon="25.31200667">
    <ele>115</ele>
    <time>2020-09-14T21:41:17.523999Z</time>
  </trkpt>
  <trkpt lat="54.75298833" lon="25.31198167">
    <ele>116</ele>
    <time>2020-09-14T21:41:18.523999Z</time>
  </trkpt>
  <trkpt lat="54.75297" lon="25.31196167">
    <ele>116</ele>
    <time>2020-09-14T21:41:19.523999Z</time>
  </trkpt>
  <trkpt lat="54.75295333" lon="25.31193667">
    <ele>116</ele>
    <time>2020-09-14T21:41:20.523999Z</time>
  </trkpt>
  <trkpt lat="54.75293167" lon="25.31191333">
    <ele>117</ele>
    <time>2020-09-14T21:41:21.523000Z</time>
  </trkpt>
  <trkpt lat="54.75291333" lon="25.311889999999998">
    <ele>117</ele>
    <time>2020-09-14T21:41:22.523999Z</time>
  </trkpt>
  <trkpt lat="54.752895" lon="25.31185667">
    <ele>117</ele>
    <time>2020-09-14T21:41:23.523999Z</time>
  </trkpt>
  <trkpt lat="54.752875" lon="25.31182667">
    <ele>118</ele>
    <time>2020-09-14T21:41:24.523999Z</time>
  </trkpt>
  <trkpt lat="54.75285833" lon="25.31179167">
    <ele>118</ele>
    <time>2020-09-14T21:41:25.523000Z</time>
  </trkpt>
  <trkpt lat="54.75284167" lon="25.31175833">
    <ele>119</ele>
    <time>2020-09-14T21:41:26.523999Z</time>
  </trkpt>
  <trkpt lat="54.75282833" lon="25.31172833">
    <ele>119</ele>
    <time>2020-09-14T21:41:27.523000Z</time>
  </trkpt>
  <trkpt lat="54.752815" lon="25.31169">
    <ele>119</ele>
    <time>2020-09-14T21:41:28.523000Z</time>
  </trkpt>
  <trkpt lat="54.75278667" lon="25.31163167">
    <ele>119</ele>
    <time>2020-09-14T21:41:29.523999Z</time>
  </trkpt>
  <trkpt lat="54.752755" lon="25.31158333">
    <ele>119</ele>
    <time>2020-09-14T21:41:30.523000Z</time>
  </trkpt>
  <trkpt lat="54.75273833" lon="25.31152">
    <ele>120</ele>
    <time>2020-09-14T21:41:31.523999Z</time>
  </trkpt>
  <trkpt lat="54.75272667" lon="25.31148167">
    <ele>120</ele>
    <time>2020-09-14T21:41:32.523000Z</time>
  </trkpt>
  <trkpt lat="54.75271667" lon="25.31144">
    <ele>120</ele>
    <time>2020-09-14T21:41:33.523999Z</time>
  </trkpt>
  <trkpt lat="54.752705" lon="25.31139667">
    <ele>120</ele>
    <time>2020-09-14T21:41:34.523000Z</time>
  </trkpt>
  <trkpt lat="54.75269333" lon="25.31136">
    <ele>121</ele>
    <time>2020-09-14T21:41:35.523999Z</time>
  </trkpt>
  <trkpt lat="54.75268" lon="25.31131667">
    <ele>121</ele>
    <time>2020-09-14T21:41:36.523999Z</time>
  </trkpt>
  <trkpt lat="54.75266167" lon="25.311285">
    <ele>121</ele>
    <time>2020-09-14T21:41:37.523999Z</time>
  </trkpt>
  <trkpt lat="54.75264667" lon="25.31127">
    <ele>121</ele>
    <time>2020-09-14T21:41:38.523999Z</time>
  </trkpt>
  <trkpt lat="54.75263333" lon="25.31125">
    <ele>121</ele>
    <time>2020-09-14T21:41:39.523999Z</time>
  </trkpt>
  <trkpt lat="54.75262167" lon="25.31122167">
    <ele>120</ele>
    <time>2020-09-14T21:41:40.523000Z</time>
  </trkpt>
  <trkpt lat="54.75261" lon="25.31119167">
    <ele>120</ele>
    <time>2020-09-14T21:41:41.523999Z</time>
  </trkpt>
  <trkpt lat="54.75259333" lon="25.31115167">
    <ele>119</ele>
    <time>2020-09-14T21:41:42.523000Z</time>
  </trkpt>
  <trkpt lat="54.75257667" lon="25.31111833">
    <ele>119</ele>
    <time>2020-09-14T21:41:43.523999Z</time>
  </trkpt>
  <trkpt lat="54.752565" lon="25.31109333">
    <ele>119</ele>
    <time>2020-09-14T21:41:44.523000Z</time>
  </trkpt>
  <trkpt lat="54.75254667" lon="25.31106">
    <ele>118</ele>
    <time>2020-09-14T21:41:45.523000Z</time>
  </trkpt>
  <trkpt lat="54.75253167" lon="25.31103">
    <ele>118</ele>
    <time>2020-09-14T21:41:46.523999Z</time>
  </trkpt>
  <trkpt lat="54.75251833" lon="25.31099833">
    <ele>119</ele>
    <time>2020-09-14T21:41:47.523000Z</time>
  </trkpt>
  <trkpt lat="54.75250333" lon="25.31095167">
    <ele>119</ele>
    <time>2020-09-14T21:41:48.523000Z</time>
  </trkpt>
  <trkpt lat="54.75249333" lon="25.31091">
    <ele>119</ele>
    <time>2020-09-14T21:41:49.523999Z</time>
  </trkpt>
  <trkpt lat="54.752475" lon="25.31088333">
    <ele>120</ele>
    <time>2020-09-14T21:41:50.523999Z</time>
  </trkpt>
  <trkpt lat="54.752455" lon="25.31086">
    <ele>121</ele>
    <time>2020-09-14T21:41:51.523999Z</time>
  </trkpt>
  <trkpt lat="54.75243667" lon="25.31083333">
    <ele>121</ele>
    <time>2020-09-14T21:41:52.523999Z</time>
  </trkpt>
  <trkpt lat="54.75241833" lon="25.31081167">
    <ele>122</ele>
    <time>2020-09-14T21:41:53.523999Z</time>
  </trkpt>
  <trkpt lat="54.752405" lon="25.31079167">
    <ele>123</ele>
    <time>2020-09-14T21:41:54.523999Z</time>
  </trkpt>
  <trkpt lat="54.75239333" lon="25.31075667">
    <ele>123</ele>
    <time>2020-09-14T21:41:55.523000Z</time>
  </trkpt>
  <trkpt lat="54.75238333" lon="25.310715">
    <ele>124</ele>
    <time>2020-09-14T21:41:56.523000Z</time>
  </trkpt>
  <trkpt lat="54.75238167" lon="25.310675">
    <ele>124</ele>
    <time>2020-09-14T21:41:57.523999Z</time>
  </trkpt>
  <trkpt lat="54.752375" lon="25.31063833">
    <ele>124</ele>
    <time>2020-09-14T21:41:58.523000Z</time>
  </trkpt>
  <trkpt lat="54.75236667" lon="25.3106">
    <ele>125</ele>
    <time>2020-09-14T21:41:59.523999Z</time>
  </trkpt>
  <trkpt lat="54.75236" lon="25.310565">
    <ele>125</ele>
    <time>2020-09-14T21:42:00.523000Z</time>
  </trkpt>
  <trkpt lat="54.752355" lon="25.31052833">
    <ele>125</ele>
    <time>2020-09-14T21:42:01.523999Z</time>
  </trkpt>
  <trkpt lat="54.752355" lon="25.31049333">
    <ele>125</ele>
    <time>2020-09-14T21:42:02.523999Z</time>
  </trkpt>
  <trkpt lat="54.752355" lon="25.31045333">
    <ele>125</ele>
    <time>2020-09-14T21:42:03.523999Z</time>
  </trkpt>
  <trkpt lat="54.75235167" lon="25.31040833">
    <ele>125</ele>
    <time>2020-09-14T21:42:04.523999Z</time>
  </trkpt>
  <trkpt lat="54.75234667" lon="25.31036333">
    <ele>124</ele>
    <time>2020-09-14T21:42:05.523999Z</time>
  </trkpt>
  <trkpt lat="54.75234167" lon="25.31032">
    <ele>124</ele>
    <time>2020-09-14T21:42:06.523999Z</time>
  </trkpt>
  <trkpt lat="54.75233333" lon="25.31028167">
    <ele>124</ele>
    <time>2020-09-14T21:42:07.523999Z</time>
  </trkpt>
  <trkpt lat="54.75232333" lon="25.310235">
    <ele>124</ele>
    <time>2020-09-14T21:42:08.523000Z</time>
  </trkpt>
  <trkpt lat="54.75231667" lon="25.31018667">
    <ele>124</ele>
    <time>2020-09-14T21:42:09.523999Z</time>
  </trkpt>
  <trkpt lat="54.75231167" lon="25.31014">
    <ele>124</ele>
    <time>2020-09-14T21:42:10.523000Z</time>
  </trkpt>
  <trkpt lat="54.752305" lon="25.31007667">
    <ele>124</ele>
    <time>2020-09-14T21:42:11.523999Z</time>
  </trkpt>
  <trkpt lat="54.752305" lon="25.31002333">
    <ele>124</ele>
    <time>2020-09-14T21:42:12.523000Z</time>
  </trkpt>
  <trkpt lat="54.7523" lon="25.30998667">
    <ele>123</ele>
    <time>2020-09-14T21:42:13.523999Z</time>
  </trkpt>
  <trkpt lat="54.75229333" lon="25.309945">
    <ele>123</ele>
    <time>2020-09-14T21:42:14.523999Z</time>
  </trkpt>
  <trkpt lat="54.75228833" lon="25.3099">
    <ele>122</ele>
    <time>2020-09-14T21:42:15.523999Z</time>
  </trkpt>
  <trkpt lat="54.752275" lon="25.30985167">
    <ele>122</ele>
    <time>2020-09-14T21:42:16.523999Z</time>
  </trkpt>
  <trkpt lat="54.75226333" lon="25.309815">
    <ele>121</ele>
    <time>2020-09-14T21:42:17.523000Z</time>
  </trkpt>
  <trkpt lat="54.75225333" lon="25.30976667">
    <ele>121</ele>
    <time>2020-09-14T21:42:18.523999Z</time>
  </trkpt>
  <trkpt lat="54.75224667" lon="25.30972667">
    <ele>121</ele>
    <time>2020-09-14T21:42:19.523999Z</time>
  </trkpt>
  <trkpt lat="54.75223833" lon="25.30968167">
    <ele>121</ele>
    <time>2020-09-14T21:42:20.523999Z</time>
  </trkpt>
  <trkpt lat="54.75223" lon="25.309645">
    <ele>120</ele>
    <time>2020-09-14T21:42:21.523999Z</time>
  </trkpt>
  <trkpt lat="54.75222833" lon="25.30961">
    <ele>120</ele>
    <time>2020-09-14T21:42:22.523999Z</time>
  </trkpt>
  <trkpt lat="54.75222167" lon="25.309565">
    <ele>120</ele>
    <time>2020-09-14T21:42:23.523999Z</time>
  </trkpt>
  <trkpt lat="54.75220167" lon="25.30952667">
    <ele>119</ele>
    <time>2020-09-14T21:42:24.523999Z</time>
  </trkpt>
  <trkpt lat="54.75218667" lon="25.30948167">
    <ele>119</ele>
    <time>2020-09-14T21:42:25.523999Z</time>
  </trkpt>
  <trkpt lat="54.75217333" lon="25.30943333">
    <ele>119</ele>
    <time>2020-09-14T21:42:26.523999Z</time>
  </trkpt>
  <trkpt lat="54.75216667" lon="25.30939167">
    <ele>119</ele>
    <time>2020-09-14T21:42:27.523999Z</time>
  </trkpt>
  <trkpt lat="54.75216" lon="25.309355">
    <ele>118</ele>
    <time>2020-09-14T21:42:28.523999Z</time>
  </trkpt>
  <trkpt lat="54.75214833" lon="25.309325">
    <ele>118</ele>
    <time>2020-09-14T21:42:29.523000Z</time>
  </trkpt>
  <trkpt lat="54.75214333" lon="25.30929167">
    <ele>118</ele>
    <time>2020-09-14T21:42:30.523999Z</time>
  </trkpt>
  <trkpt lat="54.752135" lon="25.30925667">
    <ele>117</ele>
    <time>2020-09-14T21:42:31.523999Z</time>
  </trkpt>
  <trkpt lat="54.75212167" lon="25.30922167">
    <ele>117</ele>
    <time>2020-09-14T21:42:32.523999Z</time>
  </trkpt>
  <trkpt lat="54.75210833" lon="25.309195">
    <ele>117</ele>
    <time>2020-09-14T21:42:33.523999Z</time>
  </trkpt>
  <trkpt lat="54.752095" lon="25.30917">
    <ele>117</ele>
    <time>2020-09-14T21:42:34.523999Z</time>
  </trkpt>
  <trkpt lat="54.75208667" lon="25.30913333">
    <ele>117</ele>
    <time>2020-09-14T21:42:35.523999Z</time>
  </trkpt>
  <trkpt lat="54.752085" lon="25.30909833">
    <ele>117</ele>
    <time>2020-09-14T21:42:36.523000Z</time>
  </trkpt>
  <trkpt lat="54.75208667" lon="25.30907">
    <ele>117</ele>
    <time>2020-09-14T21:42:37.523000Z</time>
  </trkpt>
  <trkpt lat="54.75209167" lon="25.30903667">
    <ele>117</ele>
    <time>2020-09-14T21:42:38.523999Z</time>
  </trkpt>
  <trkpt lat="54.7521" lon="25.30900667">
    <ele>117</ele>
    <time>2020-09-14T21:42:39.523000Z</time>
  </trkpt>
  <trkpt lat="54.75211333" lon="25.30897333">
    <ele>117</ele>
    <time>2020-09-14T21:42:40.523999Z</time>
  </trkpt>
  <trkpt lat="54.75213333" lon="25.30892167">
    <ele>117</ele>
    <time>2020-09-14T21:42:41.523999Z</time>
  </trkpt>
  <trkpt lat="54.75215167" lon="25.30888833">
    <ele>117</ele>
    <time>2020-09-14T21:42:42.523000Z</time>
  </trkpt>
  <trkpt lat="54.75216833" lon="25.30887">
    <ele>117</ele>
    <time>2020-09-14T21:42:43.523999Z</time>
  </trkpt>
  <trkpt lat="54.75219167" lon="25.30884667">
    <ele>117</ele>
    <time>2020-09-14T21:42:44.523999Z</time>
  </trkpt>
  <trkpt lat="54.75221333" lon="25.308825">
    <ele>117</ele>
    <time>2020-09-14T21:42:45.523000Z</time>
  </trkpt>
  <trkpt lat="54.752235" lon="25.30880667">
    <ele>118</ele>
    <time>2020-09-14T21:42:46.523999Z</time>
  </trkpt>
  <trkpt lat="54.75225333" lon="25.30878667">
    <ele>118</ele>
    <time>2020-09-14T21:42:47.523000Z</time>
  </trkpt>
  <trkpt lat="54.75227667" lon="25.30876167">
    <ele>119</ele>
    <time>2020-09-14T21:42:48.523999Z</time>
  </trkpt>
  <trkpt lat="54.75229" lon="25.30873333">
    <ele>119</ele>
    <time>2020-09-14T21:42:49.523999Z</time>
  </trkpt>
  <trkpt lat="54.75230667" lon="25.308705">
    <ele>120</ele>
    <time>2020-09-14T21:42:50.523000Z</time>
  </trkpt>
  <trkpt lat="54.75232333" lon="25.30867167">
    <ele>120</ele>
    <time>2020-09-14T21:42:51.523999Z</time>
  </trkpt>
  <trkpt lat="54.75233833" lon="25.30864167">
    <ele>121</ele>
    <time>2020-09-14T21:42:52.523000Z</time>
  </trkpt>
  <trkpt lat="54.75235" lon="25.30860333">
    <ele>121</ele>
    <time>2020-09-14T21:42:53.523999Z</time>
  </trkpt>
  <trkpt lat="54.752365" lon="25.30856">
    <ele>122</ele>
    <time>2020-09-14T21:42:54.523999Z</time>
  </trkpt>
  <trkpt lat="54.75238167" lon="25.30852833">
    <ele>122</ele>
    <time>2020-09-14T21:42:55.523999Z</time>
  </trkpt>
  <trkpt lat="54.75240333" lon="25.3085">
    <ele>123</ele>
    <time>2020-09-14T21:42:56.523999Z</time>
  </trkpt>
  <trkpt lat="54.75242333" lon="25.30847333">
    <ele>123</ele>
    <time>2020-09-14T21:42:57.523999Z</time>
  </trkpt>
  <trkpt lat="54.752435" lon="25.308455">
    <ele>123</ele>
    <time>2020-09-14T21:42:58.523999Z</time>
  </trkpt>
  <trkpt lat="54.75244833" lon="25.308435">
    <ele>124</ele>
    <time>2020-09-14T21:42:59.523999Z</time>
  </trkpt>
  <trkpt lat="54.75246667" lon="25.30842">
    <ele>124</ele>
    <time>2020-09-14T21:43:00.523000Z</time>
  </trkpt>
  <trkpt lat="54.75248667" lon="25.30841333">
    <ele>124</ele>
    <time>2020-09-14T21:43:01.523999Z</time>
  </trkpt>
  <trkpt lat="54.75250833" lon="25.30839667">
    <ele>124</ele>
    <time>2020-09-14T21:43:02.523999Z</time>
  </trkpt>
  <trkpt lat="54.75252833" lon="25.308375">
    <ele>125</ele>
    <time>2020-09-14T21:43:03.523000Z</time>
  </trkpt>
  <trkpt lat="54.75254667" lon="25.30835333">
    <ele>125</ele>
    <time>2020-09-14T21:43:04.523999Z</time>
  </trkpt>
  <trkpt lat="54.752565" lon="25.308335">
    <ele>125</ele>
    <time>2020-09-14T21:43:05.523000Z</time>
  </trkpt>
  <trkpt lat="54.75258" lon="25.30832167">
    <ele>125</ele>
    <time>2020-09-14T21:43:06.523999Z</time>
  </trkpt>
  <trkpt lat="54.75259333" lon="25.30832">
    <ele>126</ele>
    <time>2020-09-14T21:43:07.523000Z</time>
  </trkpt>
  <trkpt lat="54.75260667" lon="25.308315">
    <ele>126</ele>
    <time>2020-09-14T21:43:08.523000Z</time>
  </trkpt>
  <trkpt lat="54.75262" lon="25.30829667">
    <ele>126</ele>
    <time>2020-09-14T21:43:09.523999Z</time>
  </trkpt>
  <trkpt lat="54.75263833" lon="25.30827333">
    <ele>126</ele>
    <time>2020-09-14T21:43:10.523999Z</time>
  </trkpt>
  <trkpt lat="54.75266" lon="25.30824667">
    <ele>126</ele>
    <time>2020-09-14T21:43:11.523000Z</time>
  </trkpt>
  <trkpt lat="54.75268" lon="25.308225">
    <ele>126</ele>
    <time>2020-09-14T21:43:12.523999Z</time>
  </trkpt>
  <trkpt lat="54.75269833" lon="25.30821">
    <ele>127</ele>
    <time>2020-09-14T21:43:13.523999Z</time>
  </trkpt>
  <trkpt lat="54.75272" lon="25.308195">
    <ele>127</ele>
    <time>2020-09-14T21:43:14.523999Z</time>
  </trkpt>
  <trkpt lat="54.75274" lon="25.30818333">
    <ele>127</ele>
    <time>2020-09-14T21:43:15.523999Z</time>
  </trkpt>
  <trkpt lat="54.75275667" lon="25.30817">
    <ele>127</ele>
    <time>2020-09-14T21:43:16.523999Z</time>
  </trkpt>
  <trkpt lat="54.75277833" lon="25.30815167">
    <ele>127</ele>
    <time>2020-09-14T21:43:17.523999Z</time>
  </trkpt>
  <trkpt lat="54.7528" lon="25.308135">
    <ele>127</ele>
    <time>2020-09-14T21:43:18.523999Z</time>
  </trkpt>
  <trkpt lat="54.75282667" lon="25.308115">
    <ele>127</ele>
    <time>2020-09-14T21:43:19.523000Z</time>
  </trkpt>
  <trkpt lat="54.75284667" lon="25.308095">
    <ele>127</ele>
    <time>2020-09-14T21:43:20.523999Z</time>
  </trkpt>
  <trkpt lat="54.75286333" lon="25.308075">
    <ele>127</ele>
    <time>2020-09-14T21:43:21.523999Z</time>
  </trkpt>
  <trkpt lat="54.752885" lon="25.30806">
    <ele>126</ele>
    <time>2020-09-14T21:43:22.523000Z</time>
  </trkpt>
  <trkpt lat="54.75290333" lon="25.30804833">
    <ele>126</ele>
    <time>2020-09-14T21:43:23.523999Z</time>
  </trkpt>
  <trkpt lat="54.75292833" lon="25.30805333">
    <ele>126</ele>
    <time>2020-09-14T21:43:24.523999Z</time>
  </trkpt>
  <trkpt lat="54.75295833" lon="25.308065">
    <ele>125</ele>
    <time>2020-09-14T21:43:25.523999Z</time>
  </trkpt>
  <trkpt lat="54.75299" lon="25.30806167">
    <ele>124</ele>
    <time>2020-09-14T21:43:26.523999Z</time>
  </trkpt>
  <trkpt lat="54.75301333" lon="25.30805667">
    <ele>124</ele>
    <time>2020-09-14T21:43:27.523000Z</time>
  </trkpt>
  <trkpt lat="54.75303333" lon="25.30805">
    <ele>124</ele>
    <time>2020-09-14T21:43:28.523000Z</time>
  </trkpt>
  <trkpt lat="54.75305167" lon="25.30804833">
    <ele>123</ele>
    <time>2020-09-14T21:43:29.523999Z</time>
  </trkpt>
  <trkpt lat="54.75307333" lon="25.30804667">
    <ele>123</ele>
    <time>2020-09-14T21:43:30.523999Z</time>
  </trkpt>
  <trkpt lat="54.75309667" lon="25.30805">
    <ele>122</ele>
    <time>2020-09-14T21:43:31.523999Z</time>
  </trkpt>
  <trkpt lat="54.75312" lon="25.30805833">
    <ele>122</ele>
    <time>2020-09-14T21:43:32.523999Z</time>
  </trkpt>
  <trkpt lat="54.75314667" lon="25.30805833">
    <ele>122</ele>
    <time>2020-09-14T21:43:33.523999Z</time>
  </trkpt>
  <trkpt lat="54.753175" lon="25.30806">
    <ele>122</ele>
    <time>2020-09-14T21:43:34.523999Z</time>
  </trkpt>
  <trkpt lat="54.7532" lon="25.30806">
    <ele>121</ele>
    <time>2020-09-14T21:43:35.523999Z</time>
  </trkpt>
  <trkpt lat="54.75322333" lon="25.30806167">
    <ele>121</ele>
    <time>2020-09-14T21:43:36.523999Z</time>
  </trkpt>
  <trkpt lat="54.75324833" lon="25.30806667">
    <ele>121</ele>
    <time>2020-09-14T21:43:37.523000Z</time>
  </trkpt>
  <trkpt lat="54.753275" lon="25.308065">
    <ele>121</ele>
    <time>2020-09-14T21:43:38.523999Z</time>
  </trkpt>
  <trkpt lat="54.753295" lon="25.30806667">
    <ele>121</ele>
    <time>2020-09-14T21:43:39.523999Z</time>
  </trkpt>
  <trkpt lat="54.75331667" lon="25.30806333">
    <ele>120</ele>
    <time>2020-09-14T21:43:40.523999Z</time>
  </trkpt>
  <trkpt lat="54.75334" lon="25.30805667">
    <ele>119</ele>
    <time>2020-09-14T21:43:41.523000Z</time>
  </trkpt>
  <trkpt lat="54.75336" lon="25.308045">
    <ele>119</ele>
    <time>2020-09-14T21:43:42.523999Z</time>
  </trkpt>
  <trkpt lat="54.75338333" lon="25.30802833">
    <ele>119</ele>
    <time>2020-09-14T21:43:43.523999Z</time>
  </trkpt>
  <trkpt lat="54.75340167" lon="25.30800167">
    <ele>119</ele>
    <time>2020-09-14T21:43:44.523000Z</time>
  </trkpt>
  <trkpt lat="54.75341833" lon="25.30795833">
    <ele>118</ele>
    <time>2020-09-14T21:43:45.523000Z</time>
  </trkpt>
  <trkpt lat="54.75343667" lon="25.307935">
    <ele>118</ele>
    <time>2020-09-14T21:43:46.523999Z</time>
  </trkpt>
  <trkpt lat="54.753455" lon="25.30791">
    <ele>118</ele>
    <time>2020-09-14T21:43:47.523999Z</time>
  </trkpt>
  <trkpt lat="54.75346833" lon="25.30789167">
    <ele>118</ele>
    <time>2020-09-14T21:43:48.523999Z</time>
  </trkpt>
  <trkpt lat="54.75348667" lon="25.30788333">
    <ele>118</ele>
    <time>2020-09-14T21:43:49.523999Z</time>
  </trkpt>
  <trkpt lat="54.75350833" lon="25.30787167">
    <ele>118</ele>
    <time>2020-09-14T21:43:50.523999Z</time>
  </trkpt>
  <trkpt lat="54.75352667" lon="25.307855">
    <ele>117</ele>
    <time>2020-09-14T21:43:51.523999Z</time>
  </trkpt>
  <trkpt lat="54.75354167" lon="25.307825">
    <ele>117</ele>
    <time>2020-09-14T21:43:52.523000Z</time>
  </trkpt>
  <trkpt lat="54.75355333" lon="25.3078">
    <ele>117</ele>
    <time>2020-09-14T21:43:53.523000Z</time>
  </trkpt>
  <trkpt lat="54.75356" lon="25.30777833">
    <ele>116</ele>
    <time>2020-09-14T21:43:54.523999Z</time>
  </trkpt>
  <trkpt lat="54.75356667" lon="25.30774667">
    <ele>116</ele>
    <time>2020-09-14T21:43:55.523000Z</time>
  </trkpt>
  <trkpt lat="54.75357667" lon="25.30769833">
    <ele>116</ele>
    <time>2020-09-14T21:43:56.523000Z</time>
  </trkpt>
  <trkpt lat="54.75358667" lon="25.30764333">
    <ele>117</ele>
    <time>2020-09-14T21:43:57.523000Z</time>
  </trkpt>
  <trkpt lat="54.7536" lon="25.307595">
    <ele>117</ele>
    <time>2020-09-14T21:43:58.523999Z</time>
  </trkpt>
  <trkpt lat="54.75360667" lon="25.307545">
    <ele>118</ele>
    <time>2020-09-14T21:43:59.523999Z</time>
  </trkpt>
  <trkpt lat="54.75362167" lon="25.3075">
    <ele>118</ele>
    <time>2020-09-14T21:44:00.523999Z</time>
  </trkpt>
  <trkpt lat="54.753635" lon="25.30747">
    <ele>119</ele>
    <time>2020-09-14T21:44:01.523000Z</time>
  </trkpt>
  <trkpt lat="54.75365" lon="25.30745333">
    <ele>119</ele>
    <time>2020-09-14T21:44:02.523999Z</time>
  </trkpt>
  <trkpt lat="54.753668330000004" lon="25.30743833">
    <ele>120</ele>
    <time>2020-09-14T21:44:03.523999Z</time>
  </trkpt>
  <trkpt lat="54.75368833" lon="25.307415">
    <ele>120</ele>
    <time>2020-09-14T21:44:04.523999Z</time>
  </trkpt>
  <trkpt lat="54.75370833" lon="25.30738833">
    <ele>120</ele>
    <time>2020-09-14T21:44:05.523999Z</time>
  </trkpt>
  <trkpt lat="54.75372667" lon="25.30736667">
    <ele>120</ele>
    <time>2020-09-14T21:44:06.523000Z</time>
  </trkpt>
  <trkpt lat="54.75374333" lon="25.30734667">
    <ele>120</ele>
    <time>2020-09-14T21:44:07.523999Z</time>
  </trkpt>
  <trkpt lat="54.75376167" lon="25.30732667">
    <ele>120</ele>
    <time>2020-09-14T21:44:08.523999Z</time>
  </trkpt>
  <trkpt lat="54.753775" lon="25.30731333">
    <ele>120</ele>
    <time>2020-09-14T21:44:09.523000Z</time>
  </trkpt>
  <trkpt lat="54.75378833" lon="25.307305">
    <ele>121</ele>
    <time>2020-09-14T21:44:10.523999Z</time>
  </trkpt>
  <trkpt lat="54.75379667" lon="25.30729833">
    <ele>121</ele>
    <time>2020-09-14T21:44:11.523999Z</time>
  </trkpt>
  <trkpt lat="54.75380667" lon="25.30729167">
    <ele>121</ele>
    <time>2020-09-14T21:44:12.523999Z</time>
  </trkpt>
  <trkpt lat="54.753825" lon="25.30727">
    <ele>120</ele>
    <time>2020-09-14T21:44:13.523000Z</time>
  </trkpt>
  <trkpt lat="54.75384333" lon="25.30724333">
    <ele>120</ele>
    <time>2020-09-14T21:44:14.523999Z</time>
  </trkpt>
  <trkpt lat="54.75385833" lon="25.30720833">
    <ele>120</ele>
    <time>2020-09-14T21:44:15.523999Z</time>
  </trkpt>
  <trkpt lat="54.753875" lon="25.30717">
    <ele>120</ele>
    <time>2020-09-14T21:44:16.523000Z</time>
  </trkpt>
  <trkpt lat="54.753895" lon="25.30713">
    <ele>119</ele>
    <time>2020-09-14T21:44:17.523000Z</time>
  </trkpt>
  <trkpt lat="54.75391167" lon="25.3071">
    <ele>119</ele>
    <time>2020-09-14T21:44:18.523999Z</time>
  </trkpt>
  <trkpt lat="54.75392167" lon="25.30708333">
    <ele>119</ele>
    <time>2020-09-14T21:44:19.523999Z</time>
  </trkpt>
  <trkpt lat="54.753925" lon="25.30706667">
    <ele>119</ele>
    <time>2020-09-14T21:44:20.523999Z</time>
  </trkpt>
  <trkpt lat="54.75392833" lon="25.30704667">
    <ele>119</ele>
    <time>2020-09-14T21:44:21.523999Z</time>
  </trkpt>
  <trkpt lat="54.75392833" lon="25.30702833">
    <ele>119</ele>
    <time>2020-09-14T21:44:22.523999Z</time>
  </trkpt>
  <trkpt lat="54.753925" lon="25.307">
    <ele>119</ele>
    <time>2020-09-14T21:44:23.523999Z</time>
  </trkpt>
  <trkpt lat="54.75392333" lon="25.30697333">
    <ele>120</ele>
    <time>2020-09-14T21:44:24.523999Z</time>
  </trkpt>
  <trkpt lat="54.75392" lon="25.306945">
    <ele>120</ele>
    <time>2020-09-14T21:44:25.523999Z</time>
  </trkpt>
  <trkpt lat="54.75391" lon="25.30692">
    <ele>121</ele>
    <time>2020-09-14T21:44:26.523999Z</time>
  </trkpt>
  <trkpt lat="54.75389333" lon="25.30689167">
    <ele>121</ele>
    <time>2020-09-14T21:44:27.523999Z</time>
  </trkpt>
  <trkpt lat="54.75387333" lon="25.30685833">
    <ele>121</ele>
    <time>2020-09-14T21:44:28.523999Z</time>
  </trkpt>
  <trkpt lat="54.75385167" lon="25.30683333">
    <ele>120</ele>
    <time>2020-09-14T21:44:29.523000Z</time>
  </trkpt>
  <trkpt lat="54.75382333" lon="25.30681667">
    <ele>120</ele>
    <time>2020-09-14T21:44:30.523999Z</time>
  </trkpt>
  <trkpt lat="54.75379833" lon="25.30679333">
    <ele>120</ele>
    <time>2020-09-14T21:44:31.523999Z</time>
  </trkpt>
  <trkpt lat="54.75378" lon="25.30676833">
    <ele>120</ele>
    <time>2020-09-14T21:44:32.523999Z</time>
  </trkpt>
  <trkpt lat="54.75376667" lon="25.30674667">
    <ele>121</ele>
    <time>2020-09-14T21:44:33.523000Z</time>
  </trkpt>
  <trkpt lat="54.75375333" lon="25.30671167">
    <ele>121</ele>
    <time>2020-09-14T21:44:34.523000Z</time>
  </trkpt>
  <trkpt lat="54.75374333" lon="25.30666667">
    <ele>121</ele>
    <time>2020-09-14T21:44:35.523999Z</time>
  </trkpt>
  <trkpt lat="54.753735" lon="25.306625">
    <ele>122</ele>
    <time>2020-09-14T21:44:36.523000Z</time>
  </trkpt>
  <trkpt lat="54.753725" lon="25.30659">
    <ele>122</ele>
    <time>2020-09-14T21:44:37.523999Z</time>
  </trkpt>
  <trkpt lat="54.75371333" lon="25.30654833">
    <ele>123</ele>
    <time>2020-09-14T21:44:38.523999Z</time>
  </trkpt>
  <trkpt lat="54.75370333" lon="25.306515">
    <ele>123</ele>
    <time>2020-09-14T21:44:39.523999Z</time>
  </trkpt>
  <trkpt lat="54.75369" lon="25.30648">
    <ele>124</ele>
    <time>2020-09-14T21:44:40.523999Z</time>
  </trkpt>
  <trkpt lat="54.753675" lon="25.30644333">
    <ele>124</ele>
    <time>2020-09-14T21:44:41.523999Z</time>
  </trkpt>
  <trkpt lat="54.75366667" lon="25.306405">
    <ele>124</ele>
    <time>2020-09-14T21:44:42.523000Z</time>
  </trkpt>
  <trkpt lat="54.75366167" lon="25.30636333">
    <ele>124</ele>
    <time>2020-09-14T21:44:43.523000Z</time>
  </trkpt>
  <trkpt lat="54.75365333" lon="25.30631333">
    <ele>124</ele>
    <time>2020-09-14T21:44:44.523000Z</time>
  </trkpt>
  <trkpt lat="54.753645" lon="25.30626">
    <ele>125</ele>
    <time>2020-09-14T21:44:45.523999Z</time>
  </trkpt>
  <trkpt lat="54.75363167" lon="25.30620333">
    <ele>125</ele>
    <time>2020-09-14T21:44:46.523999Z</time>
  </trkpt>
  <trkpt lat="54.753615" lon="25.30614833">
    <ele>126</ele>
    <time>2020-09-14T21:44:47.523999Z</time>
  </trkpt>
  <trkpt lat="54.75360667" lon="25.30611">
    <ele>126</ele>
    <time>2020-09-14T21:44:48.523999Z</time>
  </trkpt>
  <trkpt lat="54.75359667" lon="25.306075">
    <ele>126</ele>
    <time>2020-09-14T21:44:49.523000Z</time>
  </trkpt>
  <trkpt lat="54.75359" lon="25.30603667">
    <ele>126</ele>
    <time>2020-09-14T21:44:50.523999Z</time>
  </trkpt>
  <trkpt lat="54.75358167" lon="25.30599667">
    <ele>127</ele>
    <time>2020-09-14T21:44:51.523999Z</time>
  </trkpt>
  <trkpt lat="54.75357167" lon="25.30596167">
    <ele>127</ele>
    <time>2020-09-14T21:44:52.523000Z</time>
  </trkpt>
  <trkpt lat="54.75356" lon="25.30593333">
    <ele>127</ele>
    <time>2020-09-14T21:44:53.523999Z</time>
  </trkpt>
  <trkpt lat="54.75355" lon="25.305905">
    <ele>127</ele>
    <time>2020-09-14T21:44:54.523999Z</time>
  </trkpt>
  <trkpt lat="54.75353667" lon="25.30587667">
    <ele>128</ele>
    <time>2020-09-14T21:44:55.523999Z</time>
  </trkpt>
  <trkpt lat="54.75352667" lon="25.305845">
    <ele>128</ele>
    <time>2020-09-14T21:44:56.523999Z</time>
  </trkpt>
  <trkpt lat="54.75351167" lon="25.30581167">
    <ele>128</ele>
    <time>2020-09-14T21:44:57.523999Z</time>
  </trkpt>
  <trkpt lat="54.75349833" lon="25.30577833">
    <ele>129</ele>
    <time>2020-09-14T21:44:58.523999Z</time>
  </trkpt>
  <trkpt lat="54.753485" lon="25.30574667">
    <ele>129</ele>
    <time>2020-09-14T21:44:59.523999Z</time>
  </trkpt>
  <trkpt lat="54.75346833" lon="25.305715">
    <ele>129</ele>
    <time>2020-09-14T21:45:00.523999Z</time>
  </trkpt>
  <trkpt lat="54.75344667" lon="25.30568167">
    <ele>130</ele>
    <time>2020-09-14T21:45:01.523999Z</time>
  </trkpt>
  <trkpt lat="54.75341833" lon="25.30564333">
    <ele>130</ele>
    <time>2020-09-14T21:45:02.523000Z</time>
  </trkpt>
  <trkpt lat="54.753395" lon="25.30560333">
    <ele>130</ele>
    <time>2020-09-14T21:45:03.523999Z</time>
  </trkpt>
  <trkpt lat="54.75337333" lon="25.30557">
    <ele>131</ele>
    <time>2020-09-14T21:45:04.523999Z</time>
  </trkpt>
  <trkpt lat="54.75333833" lon="25.30552333">
    <ele>131</ele>
    <time>2020-09-14T21:45:05.523999Z</time>
  </trkpt>
  <trkpt lat="54.75332333" lon="25.305485">
    <ele>131</ele>
    <time>2020-09-14T21:45:06.523000Z</time>
  </trkpt>
  <trkpt lat="54.75331" lon="25.30545">
    <ele>132</ele>
    <time>2020-09-14T21:45:07.523000Z</time>
  </trkpt>
  <trkpt lat="54.75330167" lon="25.30541333">
    <ele>132</ele>
    <time>2020-09-14T21:45:08.523000Z</time>
  </trkpt>
  <trkpt lat="54.75328667" lon="25.30536333">
    <ele>132</ele>
    <time>2020-09-14T21:45:09.523999Z</time>
  </trkpt>
  <trkpt lat="54.753275" lon="25.30532167">
    <ele>132</ele>
    <time>2020-09-14T21:45:10.523000Z</time>
  </trkpt>
  <trkpt lat="54.75326667" lon="25.30528">
    <ele>132</ele>
    <time>2020-09-14T21:45:11.523999Z</time>
  </trkpt>
  <trkpt lat="54.75326167" lon="25.305245">
    <ele>132</ele>
    <time>2020-09-14T21:45:12.523999Z</time>
  </trkpt>
  <trkpt lat="54.75324833" lon="25.30520667">
    <ele>132</ele>
    <time>2020-09-14T21:45:13.523999Z</time>
  </trkpt>
  <trkpt lat="54.75323" lon="25.30516833">
    <ele>132</ele>
    <time>2020-09-14T21:45:14.523000Z</time>
  </trkpt>
  <trkpt lat="54.75321" lon="25.30514">
    <ele>132</ele>
    <time>2020-09-14T21:45:15.523999Z</time>
  </trkpt>
  <trkpt lat="54.75319" lon="25.30512">
    <ele>132</ele>
    <time>2020-09-14T21:45:16.523999Z</time>
  </trkpt>
  <trkpt lat="54.75317667" lon="25.305095">
    <ele>132</ele>
    <time>2020-09-14T21:45:17.523000Z</time>
  </trkpt>
  <trkpt lat="54.75316667" lon="25.30507">
    <ele>131</ele>
    <time>2020-09-14T21:45:18.523999Z</time>
  </trkpt>
  <trkpt lat="54.75315167" lon="25.305045">
    <ele>131</ele>
    <time>2020-09-14T21:45:19.523999Z</time>
  </trkpt>
  <trkpt lat="54.75313167" lon="25.30502">
    <ele>131</ele>
    <time>2020-09-14T21:45:20.523999Z</time>
  </trkpt>
  <trkpt lat="54.75311667" lon="25.30499333">
    <ele>131</ele>
    <time>2020-09-14T21:45:21.523000Z</time>
  </trkpt>
  <trkpt lat="54.75310167" lon="25.30496167">
    <ele>130</ele>
    <time>2020-09-14T21:45:22.523000Z</time>
  </trkpt>
  <trkpt lat="54.753085" lon="25.30492833">
    <ele>130</ele>
    <time>2020-09-14T21:45:23.523000Z</time>
  </trkpt>
  <trkpt lat="54.75306333" lon="25.304895">
    <ele>130</ele>
    <time>2020-09-14T21:45:24.523999Z</time>
  </trkpt>
  <trkpt lat="54.75305" lon="25.30486333">
    <ele>131</ele>
    <time>2020-09-14T21:45:25.523999Z</time>
  </trkpt>
  <trkpt lat="54.75303667" lon="25.30483333">
    <ele>131</ele>
    <time>2020-09-14T21:45:26.523999Z</time>
  </trkpt>
  <trkpt lat="54.75302" lon="25.304805">
    <ele>131</ele>
    <time>2020-09-14T21:45:27.523000Z</time>
  </trkpt>
  <trkpt lat="54.75299833" lon="25.30477833">
    <ele>132</ele>
    <time>2020-09-14T21:45:28.523000Z</time>
  </trkpt>
  <trkpt lat="54.75297833" lon="25.30475167">
    <ele>132</ele>
    <time>2020-09-14T21:45:29.523999Z</time>
  </trkpt>
  <trkpt lat="54.75296" lon="25.30472333">
    <ele>131</ele>
    <time>2020-09-14T21:45:30.523999Z</time>
  </trkpt>
  <trkpt lat="54.75293833" lon="25.30469">
    <ele>131</ele>
    <time>2020-09-14T21:45:31.523999Z</time>
  </trkpt>
  <trkpt lat="54.75292333" lon="25.30465333">
    <ele>131</ele>
    <time>2020-09-14T21:45:32.523999Z</time>
  </trkpt>
  <trkpt lat="54.75291333" lon="25.30461333">
    <ele>132</ele>
    <time>2020-09-14T21:45:33.523000Z</time>
  </trkpt>
  <trkpt lat="54.752905" lon="25.30457333">
    <ele>132</ele>
    <time>2020-09-14T21:45:34.523999Z</time>
  </trkpt>
  <trkpt lat="54.752895" lon="25.304535">
    <ele>132</ele>
    <time>2020-09-14T21:45:35.523000Z</time>
  </trkpt>
  <trkpt lat="54.75287833" lon="25.3045">
    <ele>132</ele>
    <time>2020-09-14T21:45:36.523999Z</time>
  </trkpt>
  <trkpt lat="54.75286333" lon="25.30448">
    <ele>132</ele>
    <time>2020-09-14T21:45:37.523000Z</time>
  </trkpt>
  <trkpt lat="54.752855" lon="25.304445">
    <ele>132</ele>
    <time>2020-09-14T21:45:38.523000Z</time>
  </trkpt>
  <trkpt lat="54.75285167" lon="25.30441">
    <ele>132</ele>
    <time>2020-09-14T21:45:39.523999Z</time>
  </trkpt>
  <trkpt lat="54.752845" lon="25.30437167">
    <ele>133</ele>
    <time>2020-09-14T21:45:40.523000Z</time>
  </trkpt>
  <trkpt lat="54.75283833" lon="25.30433167">
    <ele>133</ele>
    <time>2020-09-14T21:45:41.523000Z</time>
  </trkpt>
  <trkpt lat="54.75283" lon="25.30428833">
    <ele>133</ele>
    <time>2020-09-14T21:45:42.523000Z</time>
  </trkpt>
  <trkpt lat="54.75282167" lon="25.30425">
    <ele>133</ele>
    <time>2020-09-14T21:45:43.523999Z</time>
  </trkpt>
  <trkpt lat="54.75281333" lon="25.30421">
    <ele>133</ele>
    <time>2020-09-14T21:45:44.523999Z</time>
  </trkpt>
  <trkpt lat="54.752805" lon="25.30417167">
    <ele>132</ele>
    <time>2020-09-14T21:45:45.523999Z</time>
  </trkpt>
  <trkpt lat="54.7528" lon="25.30413167">
    <ele>132</ele>
    <time>2020-09-14T21:45:46.523000Z</time>
  </trkpt>
  <trkpt lat="54.75278833" lon="25.30409167">
    <ele>131</ele>
    <time>2020-09-14T21:45:47.523000Z</time>
  </trkpt>
  <trkpt lat="54.75277667" lon="25.30405167">
    <ele>131</ele>
    <time>2020-09-14T21:45:48.523000Z</time>
  </trkpt>
  <trkpt lat="54.752765" lon="25.30401167">
    <ele>130</ele>
    <time>2020-09-14T21:45:49.523999Z</time>
  </trkpt>
  <trkpt lat="54.75275667" lon="25.30397">
    <ele>130</ele>
    <time>2020-09-14T21:45:50.523000Z</time>
  </trkpt>
  <trkpt lat="54.75275" lon="25.30393">
    <ele>129</ele>
    <time>2020-09-14T21:45:51.523999Z</time>
  </trkpt>
  <trkpt lat="54.75273667" lon="25.30388833">
    <ele>129</ele>
    <time>2020-09-14T21:45:52.523999Z</time>
  </trkpt>
  <trkpt lat="54.75272333" lon="25.30384833">
    <ele>128</ele>
    <time>2020-09-14T21:45:53.523999Z</time>
  </trkpt>
  <trkpt lat="54.75271333" lon="25.30380833">
    <ele>128</ele>
    <time>2020-09-14T21:45:54.523999Z</time>
  </trkpt>
  <trkpt lat="54.75270833" lon="25.30377333">
    <ele>127</ele>
    <time>2020-09-14T21:45:55.523000Z</time>
  </trkpt>
  <trkpt lat="54.75268667" lon="25.30373167">
    <ele>127</ele>
    <time>2020-09-14T21:45:56.523000Z</time>
  </trkpt>
  <trkpt lat="54.752665" lon="25.303685">
    <ele>127</ele>
    <time>2020-09-14T21:45:57.523000Z</time>
  </trkpt>
  <trkpt lat="54.752655" lon="25.30363667">
    <ele>127</ele>
    <time>2020-09-14T21:45:58.523000Z</time>
  </trkpt>
  <trkpt lat="54.75264" lon="25.30359667">
    <ele>128</ele>
    <time>2020-09-14T21:45:59.523999Z</time>
  </trkpt>
  <trkpt lat="54.75263167" lon="25.30355167">
    <ele>128</ele>
    <time>2020-09-14T21:46:00.523000Z</time>
  </trkpt>
  <trkpt lat="54.75263333" lon="25.30349833">
    <ele>128</ele>
    <time>2020-09-14T21:46:01.523999Z</time>
  </trkpt>
  <trkpt lat="54.75262833" lon="25.30345167">
    <ele>128</ele>
    <time>2020-09-14T21:46:02.523999Z</time>
  </trkpt>
  <trkpt lat="54.75261833" lon="25.303405">
    <ele>129</ele>
    <time>2020-09-14T21:46:03.523000Z</time>
  </trkpt>
  <trkpt lat="54.75260667" lon="25.303355">
    <ele>129</ele>
    <time>2020-09-14T21:46:04.523999Z</time>
  </trkpt>
  <trkpt lat="54.75258833" lon="25.30330833">
    <ele>129</ele>
    <time>2020-09-14T21:46:05.523000Z</time>
  </trkpt>
  <trkpt lat="54.75257333" lon="25.30326333">
    <ele>129</ele>
    <time>2020-09-14T21:46:06.523999Z</time>
  </trkpt>
  <trkpt lat="54.75255333" lon="25.30322167">
    <ele>129</ele>
    <time>2020-09-14T21:46:07.523000Z</time>
  </trkpt>
  <trkpt lat="54.75254167" lon="25.30318333">
    <ele>129</ele>
    <time>2020-09-14T21:46:08.523999Z</time>
  </trkpt>
  <trkpt lat="54.75252833" lon="25.30313667">
    <ele>129</ele>
    <time>2020-09-14T21:46:09.523999Z</time>
  </trkpt>
  <trkpt lat="54.752515" lon="25.30309">
    <ele>129</ele>
    <time>2020-09-14T21:46:10.523000Z</time>
  </trkpt>
  <trkpt lat="54.75248667" lon="25.30304167">
    <ele>129</ele>
    <time>2020-09-14T21:46:11.523999Z</time>
  </trkpt>
  <trkpt lat="54.752475" lon="25.30299833">
    <ele>129</ele>
    <time>2020-09-14T21:46:12.523000Z</time>
  </trkpt>
  <trkpt lat="54.75246833" lon="25.30295">
    <ele>129</ele>
    <time>2020-09-14T21:46:13.523999Z</time>
  </trkpt>
  <trkpt lat="54.75245833" lon="25.30290333">
    <ele>129</ele>
    <time>2020-09-14T21:46:14.523999Z</time>
  </trkpt>
  <trkpt lat="54.75244833" lon="25.30285833">
    <ele>130</ele>
    <time>2020-09-14T21:46:15.523999Z</time>
  </trkpt>
  <trkpt lat="54.75243167" lon="25.30281667">
    <ele>130</ele>
    <time>2020-09-14T21:46:16.523000Z</time>
  </trkpt>
  <trkpt lat="54.75241833" lon="25.30278167">
    <ele>130</ele>
    <time>2020-09-14T21:46:17.523000Z</time>
  </trkpt>
  <trkpt lat="54.752405" lon="25.30274167">
    <ele>130</ele>
    <time>2020-09-14T21:46:18.523999Z</time>
  </trkpt>
  <trkpt lat="54.75239333" lon="25.30270667">
    <ele>131</ele>
    <time>2020-09-14T21:46:19.523999Z</time>
  </trkpt>
  <trkpt lat="54.75237667" lon="25.30267333">
    <ele>131</ele>
    <time>2020-09-14T21:46:20.523999Z</time>
  </trkpt>
  <trkpt lat="54.75236833" lon="25.30265833">
    <ele>131</ele>
    <time>2020-09-14T21:46:21.523999Z</time>
  </trkpt>
  <trkpt lat="54.75235" lon="25.30262333">
    <ele>130</ele>
    <time>2020-09-14T21:46:22.523000Z</time>
  </trkpt>
  <trkpt lat="54.75234167" lon="25.30258667">
    <ele>130</ele>
    <time>2020-09-14T21:46:23.523000Z</time>
  </trkpt>
  <trkpt lat="54.75233667" lon="25.30254667">
    <ele>130</ele>
    <time>2020-09-14T21:46:24.523000Z</time>
  </trkpt>
  <trkpt lat="54.75233167" lon="25.30250667">
    <ele>130</ele>
    <time>2020-09-14T21:46:25.523999Z</time>
  </trkpt>
  <trkpt lat="54.75232833" lon="25.30246667">
    <ele>130</ele>
    <time>2020-09-14T21:46:26.523999Z</time>
  </trkpt>
  <trkpt lat="54.75232" lon="25.30242333">
    <ele>130</ele>
    <time>2020-09-14T21:46:27.523999Z</time>
  </trkpt>
  <trkpt lat="54.75231" lon="25.30238">
    <ele>130</ele>
    <time>2020-09-14T21:46:28.523000Z</time>
  </trkpt>
  <trkpt lat="54.75229667" lon="25.302335">
    <ele>130</ele>
    <time>2020-09-14T21:46:29.523999Z</time>
  </trkpt>
  <trkpt lat="54.75228333" lon="25.30229667">
    <ele>130</ele>
    <time>2020-09-14T21:46:30.523999Z</time>
  </trkpt>
  <trkpt lat="54.75226833" lon="25.30226">
    <ele>130</ele>
    <time>2020-09-14T21:46:31.523000Z</time>
  </trkpt>
  <trkpt lat="54.75225167" lon="25.30222333">
    <ele>130</ele>
    <time>2020-09-14T21:46:32.523999Z</time>
  </trkpt>
  <trkpt lat="54.75223333" lon="25.30219167">
    <ele>130</ele>
    <time>2020-09-14T21:46:33.523999Z</time>
  </trkpt>
  <trkpt lat="54.7522" lon="25.30217333">
    <ele>131</ele>
    <time>2020-09-14T21:46:34.523999Z</time>
  </trkpt>
  <trkpt lat="54.75217" lon="25.302145">
    <ele>131</ele>
    <time>2020-09-14T21:46:35.523999Z</time>
  </trkpt>
  <trkpt lat="54.75214167" lon="25.30209833">
    <ele>131</ele>
    <time>2020-09-14T21:46:36.523999Z</time>
  </trkpt>
  <trkpt lat="54.75212" lon="25.30205167">
    <ele>131</ele>
    <time>2020-09-14T21:46:37.523999Z</time>
  </trkpt>
  <trkpt lat="54.75211333" lon="25.30200333">
    <ele>131</ele>
    <time>2020-09-14T21:46:38.523999Z</time>
  </trkpt>
  <trkpt lat="54.75210333" lon="25.30196">
    <ele>131</ele>
    <time>2020-09-14T21:46:39.523999Z</time>
  </trkpt>
  <trkpt lat="54.75209167" lon="25.30193">
    <ele>131</ele>
    <time>2020-09-14T21:46:40.523999Z</time>
  </trkpt>
  <trkpt lat="54.75208333" lon="25.30190833">
    <ele>130</ele>
    <time>2020-09-14T21:46:41.523999Z</time>
  </trkpt>
  <trkpt lat="54.75207167" lon="25.30188667">
    <ele>129</ele>
    <time>2020-09-14T21:46:42.523999Z</time>
  </trkpt>
  <trkpt lat="54.75205333" lon="25.30187">
    <ele>128</ele>
    <time>2020-09-14T21:46:43.523999Z</time>
  </trkpt>
  <trkpt lat="54.75203667" lon="25.30185">
    <ele>127</ele>
    <time>2020-09-14T21:46:44.523000Z</time>
  </trkpt>
  <trkpt lat="54.75202167" lon="25.30183167">
    <ele>127</ele>
    <time>2020-09-14T21:46:45.523999Z</time>
  </trkpt>
  <trkpt lat="54.752005" lon="25.30181333">
    <ele>126</ele>
    <time>2020-09-14T21:46:46.523999Z</time>
  </trkpt>
  <trkpt lat="54.751985" lon="25.30179667">
    <ele>125</ele>
    <time>2020-09-14T21:46:47.523999Z</time>
  </trkpt>
  <trkpt lat="54.75196667" lon="25.30177833">
    <ele>125</ele>
    <time>2020-09-14T21:46:48.523000Z</time>
  </trkpt>
  <trkpt lat="54.75194833" lon="25.30176">
    <ele>125</ele>
    <time>2020-09-14T21:46:49.523000Z</time>
  </trkpt>
  <trkpt lat="54.75193333" lon="25.301745">
    <ele>125</ele>
    <time>2020-09-14T21:46:50.523000Z</time>
  </trkpt>
  <trkpt lat="54.75191333" lon="25.30172">
    <ele>124</ele>
    <time>2020-09-14T21:46:51.523999Z</time>
  </trkpt>
  <trkpt lat="54.75189333" lon="25.30170833">
    <ele>124</ele>
    <time>2020-09-14T21:46:52.523999Z</time>
  </trkpt>
  <trkpt lat="54.75186833" lon="25.30170833">
    <ele>124</ele>
    <time>2020-09-14T21:46:53.523000Z</time>
  </trkpt>
  <trkpt lat="54.75184667" lon="25.30170333">
    <ele>123</ele>
    <time>2020-09-14T21:46:54.523999Z</time>
  </trkpt>
  <trkpt lat="54.75182833" lon="25.30169167">
    <ele>123</ele>
    <time>2020-09-14T21:46:55.523000Z</time>
  </trkpt>
  <trkpt lat="54.751805" lon="25.30168">
    <ele>123</ele>
    <time>2020-09-14T21:46:56.523999Z</time>
  </trkpt>
  <trkpt lat="54.75179167" lon="25.30166">
    <ele>124</ele>
    <time>2020-09-14T21:46:57.523999Z</time>
  </trkpt>
  <trkpt lat="54.75178" lon="25.30163333">
    <ele>124</ele>
    <time>2020-09-14T21:46:58.523000Z</time>
  </trkpt>
  <trkpt lat="54.75177167" lon="25.30160667">
    <ele>124</ele>
    <time>2020-09-14T21:46:59.523999Z</time>
  </trkpt>
  <trkpt lat="54.75176" lon="25.30157167">
    <ele>124</ele>
    <time>2020-09-14T21:47:00.523000Z</time>
  </trkpt>
  <trkpt lat="54.75174667" lon="25.30153333">
    <ele>124</ele>
    <time>2020-09-14T21:47:01.523999Z</time>
  </trkpt>
  <trkpt lat="54.75173667" lon="25.30149333">
    <ele>124</ele>
    <time>2020-09-14T21:47:02.523000Z</time>
  </trkpt>
  <trkpt lat="54.75172667" lon="25.30144333">
    <ele>124</ele>
    <time>2020-09-14T21:47:03.523999Z</time>
  </trkpt>
  <trkpt lat="54.75171333" lon="25.30139167">
    <ele>125</ele>
    <time>2020-09-14T21:47:04.523999Z</time>
  </trkpt>
  <trkpt lat="54.751705" lon="25.30135">
    <ele>125</ele>
    <time>2020-09-14T21:47:05.523000Z</time>
  </trkpt>
  <trkpt lat="54.75169833" lon="25.301295">
    <ele>125</ele>
    <time>2020-09-14T21:47:06.523999Z</time>
  </trkpt>
  <trkpt lat="54.75169333" lon="25.30125167">
    <ele>126</ele>
    <time>2020-09-14T21:47:07.523999Z</time>
  </trkpt>
  <trkpt lat="54.75169167" lon="25.30120667">
    <ele>126</ele>
    <time>2020-09-14T21:47:08.523000Z</time>
  </trkpt>
  <trkpt lat="54.75169" lon="25.30116167">
    <ele>126</ele>
    <time>2020-09-14T21:47:09.523999Z</time>
  </trkpt>
  <trkpt lat="54.75169" lon="25.30111333">
    <ele>126</ele>
    <time>2020-09-14T21:47:10.523999Z</time>
  </trkpt>
  <trkpt lat="54.75169333" lon="25.30106833">
    <ele>126</ele>
    <time>2020-09-14T21:47:11.523999Z</time>
  </trkpt>
  <trkpt lat="54.75170333" lon="25.30103">
    <ele>126</ele>
    <time>2020-09-14T21:47:12.523000Z</time>
  </trkpt>
  <trkpt lat="54.75171833" lon="25.30099">
    <ele>126</ele>
    <time>2020-09-14T21:47:13.523999Z</time>
  </trkpt>
  <trkpt lat="54.75173667" lon="25.30095">
    <ele>127</ele>
    <time>2020-09-14T21:47:14.523999Z</time>
  </trkpt>
  <trkpt lat="54.75175" lon="25.30090667">
    <ele>127</ele>
    <time>2020-09-14T21:47:15.523999Z</time>
  </trkpt>
  <trkpt lat="54.75177167" lon="25.30087167">
    <ele>128</ele>
    <time>2020-09-14T21:47:16.523999Z</time>
  </trkpt>
  <trkpt lat="54.751785" lon="25.300835">
    <ele>128</ele>
    <time>2020-09-14T21:47:17.523999Z</time>
  </trkpt>
  <trkpt lat="54.75180167" lon="25.3008">
    <ele>129</ele>
    <time>2020-09-14T21:47:18.523999Z</time>
  </trkpt>
  <trkpt lat="54.75181833" lon="25.30076833">
    <ele>130</ele>
    <time>2020-09-14T21:47:19.523999Z</time>
  </trkpt>
  <trkpt lat="54.75183167" lon="25.30074167">
    <ele>130</ele>
    <time>2020-09-14T21:47:20.523000Z</time>
  </trkpt>
  <trkpt lat="54.75184167" lon="25.30071833">
    <ele>131</ele>
    <time>2020-09-14T21:47:21.523000Z</time>
  </trkpt>
  <trkpt lat="54.751855" lon="25.30069667">
    <ele>131</ele>
    <time>2020-09-14T21:47:22.523999Z</time>
  </trkpt>
  <trkpt lat="54.75187" lon="25.30068167">
    <ele>131</ele>
    <time>2020-09-14T21:47:23.523999Z</time>
  </trkpt>
  <trkpt lat="54.751885" lon="25.300665">
    <ele>131</ele>
    <time>2020-09-14T21:47:24.523999Z</time>
  </trkpt>
  <trkpt lat="54.7519" lon="25.300645">
    <ele>131</ele>
    <time>2020-09-14T21:47:25.523000Z</time>
  </trkpt>
  <trkpt lat="54.75191" lon="25.300635">
    <ele>131</ele>
    <time>2020-09-14T21:47:26.523999Z</time>
  </trkpt>
  <trkpt lat="54.75192333" lon="25.30062167">
    <ele>131</ele>
    <time>2020-09-14T21:47:27.523999Z</time>
  </trkpt>
  <trkpt lat="54.75194667" lon="25.30059667">
    <ele>131</ele>
    <time>2020-09-14T21:47:28.523999Z</time>
  </trkpt>
  <trkpt lat="54.75197667" lon="25.30056833">
    <ele>130</ele>
    <time>2020-09-14T21:47:29.523999Z</time>
  </trkpt>
  <trkpt lat="54.75199667" lon="25.30054833">
    <ele>130</ele>
    <time>2020-09-14T21:47:30.523999Z</time>
  </trkpt>
  <trkpt lat="54.75201167" lon="25.300525">
    <ele>130</ele>
    <time>2020-09-14T21:47:31.523999Z</time>
  </trkpt>
  <trkpt lat="54.75202167" lon="25.30050667">
    <ele>130</ele>
    <time>2020-09-14T21:47:32.523000Z</time>
  </trkpt>
  <trkpt lat="54.752035" lon="25.30048667">
    <ele>130</ele>
    <time>2020-09-14T21:47:33.523000Z</time>
  </trkpt>
  <trkpt lat="54.75205" lon="25.30047">
    <ele>130</ele>
    <time>2020-09-14T21:47:34.523999Z</time>
  </trkpt>
  <trkpt lat="54.75206" lon="25.300455">
    <ele>130</ele>
    <time>2020-09-14T21:47:35.523999Z</time>
  </trkpt>
  <trkpt lat="54.75208" lon="25.30043833">
    <ele>130</ele>
    <time>2020-09-14T21:47:36.523000Z</time>
  </trkpt>
  <trkpt lat="54.752095" lon="25.30042167">
    <ele>129</ele>
    <time>2020-09-14T21:47:37.523000Z</time>
  </trkpt>
  <trkpt lat="54.752115" lon="25.300405">
    <ele>129</ele>
    <time>2020-09-14T21:47:38.523999Z</time>
  </trkpt>
  <trkpt lat="54.75213833" lon="25.30040167">
    <ele>129</ele>
    <time>2020-09-14T21:47:39.523999Z</time>
  </trkpt>
  <trkpt lat="54.75215833" lon="25.30039833">
    <ele>129</ele>
    <time>2020-09-14T21:47:40.523000Z</time>
  </trkpt>
  <trkpt lat="54.75217833" lon="25.300385">
    <ele>129</ele>
    <time>2020-09-14T21:47:41.523999Z</time>
  </trkpt>
  <trkpt lat="54.75219333" lon="25.30037333">
    <ele>129</ele>
    <time>2020-09-14T21:47:42.523999Z</time>
  </trkpt>
  <trkpt lat="54.75220667" lon="25.30036">
    <ele>129</ele>
    <time>2020-09-14T21:47:43.523999Z</time>
  </trkpt>
  <trkpt lat="54.752225" lon="25.300335">
    <ele>129</ele>
    <time>2020-09-14T21:47:44.523999Z</time>
  </trkpt>
  <trkpt lat="54.75223667" lon="25.30031333">
    <ele>129</ele>
    <time>2020-09-14T21:47:45.523000Z</time>
  </trkpt>
  <trkpt lat="54.752245" lon="25.30028667">
    <ele>129</ele>
    <time>2020-09-14T21:47:46.523999Z</time>
  </trkpt>
  <trkpt lat="54.75225333" lon="25.30026667">
    <ele>129</ele>
    <time>2020-09-14T21:47:47.523999Z</time>
  </trkpt>
  <trkpt lat="54.75226333" lon="25.30023167">
    <ele>129</ele>
    <time>2020-09-14T21:47:48.523999Z</time>
  </trkpt>
  <trkpt lat="54.752275" lon="25.30017667">
    <ele>129</ele>
    <time>2020-09-14T21:47:49.523000Z</time>
  </trkpt>
  <trkpt lat="54.75228333" lon="25.30013">
    <ele>129</ele>
    <time>2020-09-14T21:47:50.523000Z</time>
  </trkpt>
  <trkpt lat="54.75229" lon="25.300095">
    <ele>129</ele>
    <time>2020-09-14T21:47:51.523999Z</time>
  </trkpt>
  <trkpt lat="54.75229833" lon="25.30005833">
    <ele>129</ele>
    <time>2020-09-14T21:47:52.523999Z</time>
  </trkpt>
  <trkpt lat="54.75231167" lon="25.30002">
    <ele>130</ele>
    <time>2020-09-14T21:47:53.523999Z</time>
  </trkpt>
  <trkpt lat="54.75232167" lon="25.29998">
    <ele>130</ele>
    <time>2020-09-14T21:47:54.523000Z</time>
  </trkpt>
  <trkpt lat="54.75232833" lon="25.29994333">
    <ele>130</ele>
    <time>2020-09-14T21:47:55.523999Z</time>
  </trkpt>
  <trkpt lat="54.75233167" lon="25.29991333">
    <ele>131</ele>
    <time>2020-09-14T21:47:56.523999Z</time>
  </trkpt>
  <trkpt lat="54.75233833" lon="25.29985167">
    <ele>131</ele>
    <time>2020-09-14T21:47:57.523000Z</time>
  </trkpt>
  <trkpt lat="54.75232833" lon="25.29981">
    <ele>131</ele>
    <time>2020-09-14T21:47:58.523999Z</time>
  </trkpt>
  <trkpt lat="54.75232167" lon="25.299765">
    <ele>131</ele>
    <time>2020-09-14T21:47:59.523000Z</time>
  </trkpt>
  <trkpt lat="54.75231833" lon="25.299715">
    <ele>131</ele>
    <time>2020-09-14T21:48:00.523999Z</time>
  </trkpt>
  <trkpt lat="54.752325" lon="25.29967">
    <ele>131</ele>
    <time>2020-09-14T21:48:01.523999Z</time>
  </trkpt>
  <trkpt lat="54.75233167" lon="25.29963333">
    <ele>131</ele>
    <time>2020-09-14T21:48:02.523000Z</time>
  </trkpt>
  <trkpt lat="54.752345" lon="25.29958667">
    <ele>131</ele>
    <time>2020-09-14T21:48:03.523999Z</time>
  </trkpt>
  <trkpt lat="54.75236167" lon="25.299545">
    <ele>131</ele>
    <time>2020-09-14T21:48:04.523999Z</time>
  </trkpt>
  <trkpt lat="54.75237" lon="25.29950833">
    <ele>131</ele>
    <time>2020-09-14T21:48:05.523999Z</time>
  </trkpt>
  <trkpt lat="54.75236833" lon="25.29948">
    <ele>131</ele>
    <time>2020-09-14T21:48:06.523999Z</time>
  </trkpt>
  <trkpt lat="54.75236167" lon="25.29944333">
    <ele>131</ele>
    <time>2020-09-14T21:48:07.523999Z</time>
  </trkpt>
  <trkpt lat="54.75235833" lon="25.29940833">
    <ele>131</ele>
    <time>2020-09-14T21:48:08.523999Z</time>
  </trkpt>
  <trkpt lat="54.752355" lon="25.29937">
    <ele>132</ele>
    <time>2020-09-14T21:48:09.523999Z</time>
  </trkpt>
  <trkpt lat="54.75235833" lon="25.299345">
    <ele>132</ele>
    <time>2020-09-14T21:48:10.523999Z</time>
  </trkpt>
  <trkpt lat="54.75235833" lon="25.299325">
    <ele>132</ele>
    <time>2020-09-14T21:48:11.523999Z</time>
  </trkpt>
  <trkpt lat="54.75235333" lon="25.299285">
    <ele>132</ele>
    <time>2020-09-14T21:48:12.523000Z</time>
  </trkpt>
  <trkpt lat="54.752355" lon="25.29925167">
    <ele>133</ele>
    <time>2020-09-14T21:48:13.523999Z</time>
  </trkpt>
  <trkpt lat="54.75235167" lon="25.29921833">
    <ele>134</ele>
    <time>2020-09-14T21:48:14.523999Z</time>
  </trkpt>
  <trkpt lat="54.75234333" lon="25.29919667">
    <ele>134</ele>
    <time>2020-09-14T21:48:15.523999Z</time>
  </trkpt>
  <trkpt lat="54.75233667" lon="25.29917667">
    <ele>135</ele>
    <time>2020-09-14T21:48:16.523999Z</time>
  </trkpt>
  <trkpt lat="54.752335" lon="25.29915">
    <ele>135</ele>
    <time>2020-09-14T21:48:17.523999Z</time>
  </trkpt>
  <trkpt lat="54.75233333" lon="25.29910167">
    <ele>135</ele>
    <time>2020-09-14T21:48:18.523000Z</time>
  </trkpt>
  <trkpt lat="54.752335" lon="25.29904167">
    <ele>135</ele>
    <time>2020-09-14T21:48:19.523999Z</time>
  </trkpt>
  <trkpt lat="54.75234167" lon="25.29899">
    <ele>136</ele>
    <time>2020-09-14T21:48:20.523999Z</time>
  </trkpt>
  <trkpt lat="54.75232833" lon="25.29894333">
    <ele>136</ele>
    <time>2020-09-14T21:48:21.523999Z</time>
  </trkpt>
  <trkpt lat="54.752305" lon="25.29890333">
    <ele>136</ele>
    <time>2020-09-14T21:48:22.523999Z</time>
  </trkpt>
  <trkpt lat="54.75229667" lon="25.29887">
    <ele>136</ele>
    <time>2020-09-14T21:48:23.523000Z</time>
  </trkpt>
  <trkpt lat="54.75229333" lon="25.298835">
    <ele>137</ele>
    <time>2020-09-14T21:48:24.523000Z</time>
  </trkpt>
  <trkpt lat="54.75228833" lon="25.29880333">
    <ele>137</ele>
    <time>2020-09-14T21:48:25.523999Z</time>
  </trkpt>
  <trkpt lat="54.75228167" lon="25.29877167">
    <ele>137</ele>
    <time>2020-09-14T21:48:26.523999Z</time>
  </trkpt>
  <trkpt lat="54.75227333" lon="25.29874">
    <ele>138</ele>
    <time>2020-09-14T21:48:27.523999Z</time>
  </trkpt>
  <trkpt lat="54.75225833" lon="25.29870833">
    <ele>138</ele>
    <time>2020-09-14T21:48:28.523000Z</time>
  </trkpt>
  <trkpt lat="54.75224833" lon="25.298685">
    <ele>139</ele>
    <time>2020-09-14T21:48:29.523000Z</time>
  </trkpt>
  <trkpt lat="54.75224333" lon="25.29865667">
    <ele>139</ele>
    <time>2020-09-14T21:48:30.523999Z</time>
  </trkpt>
  <trkpt lat="54.75223833" lon="25.29863167">
    <ele>139</ele>
    <time>2020-09-14T21:48:31.523000Z</time>
  </trkpt>
  <trkpt lat="54.75223667" lon="25.298595">
    <ele>139</ele>
    <time>2020-09-14T21:48:32.523000Z</time>
  </trkpt>
  <trkpt lat="54.75222167" lon="25.29856667">
    <ele>139</ele>
    <time>2020-09-14T21:48:33.523000Z</time>
  </trkpt>
  <trkpt lat="54.75221833" lon="25.29854167">
    <ele>140</ele>
    <time>2020-09-14T21:48:34.523999Z</time>
  </trkpt>
  <trkpt lat="54.75221833" lon="25.298515">
    <ele>140</ele>
    <time>2020-09-14T21:48:35.523999Z</time>
  </trkpt>
  <trkpt lat="54.75222" lon="25.29849">
    <ele>140</ele>
    <time>2020-09-14T21:48:36.523999Z</time>
  </trkpt>
  <trkpt lat="54.75222" lon="25.298455">
    <ele>139</ele>
    <time>2020-09-14T21:48:37.523999Z</time>
  </trkpt>
  <trkpt lat="54.75222" lon="25.298415">
    <ele>139</ele>
    <time>2020-09-14T21:48:38.523000Z</time>
  </trkpt>
  <trkpt lat="54.75222333" lon="25.29837667">
    <ele>139</ele>
    <time>2020-09-14T21:48:39.523999Z</time>
  </trkpt>
  <trkpt lat="54.75221833" lon="25.29832167">
    <ele>139</ele>
    <time>2020-09-14T21:48:40.523999Z</time>
  </trkpt>
  <trkpt lat="54.75221167" lon="25.29827333">
    <ele>138</ele>
    <time>2020-09-14T21:48:41.523999Z</time>
  </trkpt>
  <trkpt lat="54.7522" lon="25.29822167">
    <ele>138</ele>
    <time>2020-09-14T21:48:42.523999Z</time>
  </trkpt>
  <trkpt lat="54.75219667" lon="25.298175">
    <ele>138</ele>
    <time>2020-09-14T21:48:43.523000Z</time>
  </trkpt>
  <trkpt lat="54.75219667" lon="25.29813333">
    <ele>138</ele>
    <time>2020-09-14T21:48:44.523999Z</time>
  </trkpt>
  <trkpt lat="54.75219667" lon="25.29809">
    <ele>138</ele>
    <time>2020-09-14T21:48:45.523999Z</time>
  </trkpt>
  <trkpt lat="54.752195" lon="25.29805167">
    <ele>138</ele>
    <time>2020-09-14T21:48:46.523999Z</time>
  </trkpt>
  <trkpt lat="54.75218833" lon="25.29800833">
    <ele>138</ele>
    <time>2020-09-14T21:48:47.523000Z</time>
  </trkpt>
  <trkpt lat="54.75217833" lon="25.29796833">
    <ele>138</ele>
    <time>2020-09-14T21:48:48.523999Z</time>
  </trkpt>
  <trkpt lat="54.752175" lon="25.29794167">
    <ele>138</ele>
    <time>2020-09-14T21:48:49.523999Z</time>
  </trkpt>
  <trkpt lat="54.75217333" lon="25.29790833">
    <ele>138</ele>
    <time>2020-09-14T21:48:50.523999Z</time>
  </trkpt>
  <trkpt lat="54.75216333" lon="25.29786">
    <ele>138</ele>
    <time>2020-09-14T21:48:51.523999Z</time>
  </trkpt>
  <trkpt lat="54.75215333" lon="25.29781833">
    <ele>138</ele>
    <time>2020-09-14T21:48:52.523999Z</time>
  </trkpt>
  <trkpt lat="54.75214333" lon="25.29778167">
    <ele>137</ele>
    <time>2020-09-14T21:48:53.523000Z</time>
  </trkpt>
  <trkpt lat="54.75213833" lon="25.29775167">
    <ele>137</ele>
    <time>2020-09-14T21:48:54.523999Z</time>
  </trkpt>
  <trkpt lat="54.75213167" lon="25.29771833">
    <ele>137</ele>
    <time>2020-09-14T21:48:55.523999Z</time>
  </trkpt>
  <trkpt lat="54.752125" lon="25.297685">
    <ele>137</ele>
    <time>2020-09-14T21:48:56.523999Z</time>
  </trkpt>
  <trkpt lat="54.75211833" lon="25.29765333">
    <ele>137</ele>
    <time>2020-09-14T21:48:57.523999Z</time>
  </trkpt>
  <trkpt lat="54.75211" lon="25.29760833">
    <ele>137</ele>
    <time>2020-09-14T21:48:58.523000Z</time>
  </trkpt>
  <trkpt lat="54.75210333" lon="25.29756167">
    <ele>136</ele>
    <time>2020-09-14T21:48:59.523000Z</time>
  </trkpt>
  <trkpt lat="54.75209833" lon="25.29751833">
    <ele>136</ele>
    <time>2020-09-14T21:49:00.523999Z</time>
  </trkpt>
  <trkpt lat="54.75209" lon="25.29748333">
    <ele>136</ele>
    <time>2020-09-14T21:49:01.523000Z</time>
  </trkpt>
  <trkpt lat="54.75209" lon="25.29745">
    <ele>136</ele>
    <time>2020-09-14T21:49:02.523999Z</time>
  </trkpt>
  <trkpt lat="54.75209333" lon="25.29742833">
    <ele>135</ele>
    <time>2020-09-14T21:49:03.523999Z</time>
  </trkpt>
  <trkpt lat="54.752095" lon="25.29740333">
    <ele>134</ele>
    <time>2020-09-14T21:49:04.523999Z</time>
  </trkpt>
  <trkpt lat="54.75209667" lon="25.297375">
    <ele>134</ele>
    <time>2020-09-14T21:49:05.523000Z</time>
  </trkpt>
  <trkpt lat="54.75209833" lon="25.29734167">
    <ele>133</ele>
    <time>2020-09-14T21:49:06.523999Z</time>
  </trkpt>
  <trkpt lat="54.75210333" lon="25.29731">
    <ele>133</ele>
    <time>2020-09-14T21:49:07.523999Z</time>
  </trkpt>
  <trkpt lat="54.75210833" lon="25.29728">
    <ele>133</ele>
    <time>2020-09-14T21:49:08.523999Z</time>
  </trkpt>
  <trkpt lat="54.75211" lon="25.29726">
    <ele>133</ele>
    <time>2020-09-14T21:49:09.523999Z</time>
  </trkpt>
  <trkpt lat="54.75211" lon="25.29724">
    <ele>133</ele>
    <time>2020-09-14T21:49:10.523000Z</time>
  </trkpt>
  <trkpt lat="54.75211" lon="25.29721667">
    <ele>132</ele>
    <time>2020-09-14T21:49:11.523999Z</time>
  </trkpt>
  <trkpt lat="54.75211667" lon="25.29719167">
    <ele>132</ele>
    <time>2020-09-14T21:49:12.523999Z</time>
  </trkpt>
  <trkpt lat="54.752125" lon="25.297155">
    <ele>133</ele>
    <time>2020-09-14T21:49:13.523999Z</time>
  </trkpt>
  <trkpt lat="54.75212833" lon="25.29711333">
    <ele>133</ele>
    <time>2020-09-14T21:49:14.523999Z</time>
  </trkpt>
  <trkpt lat="54.75213" lon="25.29708333">
    <ele>133</ele>
    <time>2020-09-14T21:49:15.523000Z</time>
  </trkpt>
  <trkpt lat="54.752135" lon="25.29705167">
    <ele>133</ele>
    <time>2020-09-14T21:49:16.523999Z</time>
  </trkpt>
  <trkpt lat="54.75214167" lon="25.29703167">
    <ele>134</ele>
    <time>2020-09-14T21:49:17.523999Z</time>
  </trkpt>
  <trkpt lat="54.75214833" lon="25.29699">
    <ele>134</ele>
    <time>2020-09-14T21:49:18.523999Z</time>
  </trkpt>
  <trkpt lat="54.75215" lon="25.29694833">
    <ele>134</ele>
    <time>2020-09-14T21:49:19.523000Z</time>
  </trkpt>
  <trkpt lat="54.75215167" lon="25.29691833">
    <ele>135</ele>
    <time>2020-09-14T21:49:20.523000Z</time>
  </trkpt>
  <trkpt lat="54.75215833" lon="25.296895">
    <ele>135</ele>
    <time>2020-09-14T21:49:21.523999Z</time>
  </trkpt>
  <trkpt lat="54.75217" lon="25.29686167">
    <ele>136</ele>
    <time>2020-09-14T21:49:22.523999Z</time>
  </trkpt>
  <trkpt lat="54.75218167" lon="25.29683">
    <ele>136</ele>
    <time>2020-09-14T21:49:23.523999Z</time>
  </trkpt>
  <trkpt lat="54.75219" lon="25.29679667">
    <ele>136</ele>
    <time>2020-09-14T21:49:24.523999Z</time>
  </trkpt>
  <trkpt lat="54.7522" lon="25.29675667">
    <ele>137</ele>
    <time>2020-09-14T21:49:25.523000Z</time>
  </trkpt>
  <trkpt lat="54.75220833" lon="25.29671833">
    <ele>137</ele>
    <time>2020-09-14T21:49:26.523000Z</time>
  </trkpt>
  <trkpt lat="54.75222" lon="25.29667833">
    <ele>137</ele>
    <time>2020-09-14T21:49:27.523999Z</time>
  </trkpt>
  <trkpt lat="54.75222833" lon="25.296635">
    <ele>138</ele>
    <time>2020-09-14T21:49:28.523999Z</time>
  </trkpt>
  <trkpt lat="54.75223667" lon="25.29660167">
    <ele>138</ele>
    <time>2020-09-14T21:49:29.523999Z</time>
  </trkpt>
  <trkpt lat="54.75224167" lon="25.296575">
    <ele>138</ele>
    <time>2020-09-14T21:49:30.523999Z</time>
  </trkpt>
  <trkpt lat="54.75224667" lon="25.29654333">
    <ele>138</ele>
    <time>2020-09-14T21:49:31.523000Z</time>
  </trkpt>
  <trkpt lat="54.75224833" lon="25.296505">
    <ele>138</ele>
    <time>2020-09-14T21:49:32.523999Z</time>
  </trkpt>
  <trkpt lat="54.75224833" lon="25.29646833">
    <ele>138</ele>
    <time>2020-09-14T21:49:33.523000Z</time>
  </trkpt>
  <trkpt lat="54.75224" lon="25.29641">
    <ele>138</ele>
    <time>2020-09-14T21:49:34.523999Z</time>
  </trkpt>
  <trkpt lat="54.752235" lon="25.29637333">
    <ele>138</ele>
    <time>2020-09-14T21:49:35.523999Z</time>
  </trkpt>
  <trkpt lat="54.75223167" lon="25.29632833">
    <ele>138</ele>
    <time>2020-09-14T21:49:36.523000Z</time>
  </trkpt>
  <trkpt lat="54.75223" lon="25.29629">
    <ele>139</ele>
    <time>2020-09-14T21:49:37.523999Z</time>
  </trkpt>
  <trkpt lat="54.75222667" lon="25.29626833">
    <ele>139</ele>
    <time>2020-09-14T21:49:38.523000Z</time>
  </trkpt>
  <trkpt lat="54.75222333" lon="25.29625">
    <ele>139</ele>
    <time>2020-09-14T21:49:39.523000Z</time>
  </trkpt>
  <trkpt lat="54.75220667" lon="25.29622333">
    <ele>139</ele>
    <time>2020-09-14T21:49:40.523999Z</time>
  </trkpt>
  <trkpt lat="54.75219167" lon="25.29620667">
    <ele>139</ele>
    <time>2020-09-14T21:49:41.523999Z</time>
  </trkpt>
  <trkpt lat="54.752175" lon="25.29618667">
    <ele>139</ele>
    <time>2020-09-14T21:49:42.523999Z</time>
  </trkpt>
  <trkpt lat="54.75215833" lon="25.29616667">
    <ele>138</ele>
    <time>2020-09-14T21:49:43.523999Z</time>
  </trkpt>
  <trkpt lat="54.75214167" lon="25.29614833">
    <ele>139</ele>
    <time>2020-09-14T21:49:44.523999Z</time>
  </trkpt>
  <trkpt lat="54.752101894799154" lon="25.29607580098219">
    <ele>138.75</ele>
    <time>2020-09-14T21:49:44.649125Z</time>
  </trkpt>
  <trkpt lat="54.752062119598314" lon="25.29600327196438">
    <ele>138.5</ele>
    <time>2020-09-14T21:49:44.774250Z</time>
  </trkpt>
  <trkpt lat="54.752022344397474" lon="25.295930742946567">
    <ele>138.25</ele>
    <time>2020-09-14T21:49:44.899374Z</time>
  </trkpt>
  <trkpt lat="54.75198256919663" lon="25.295858213928756">
    <ele>138</ele>
    <time>2020-09-14T21:49:45.024499Z</time>
  </trkpt>
  <trkpt lat="54.75190301879494" lon="25.295713155893132">
    <ele>137.5</ele>
    <time>2020-09-14T21:49:45.274749Z</time>
  </trkpt>
  <trkpt lat="54.751823468393255" lon="25.29556809785751">
    <ele>137</ele>
    <time>2020-09-14T21:49:45.525000Z</time>
  </trkpt>
  <trkpt lat="54.751795605205906" lon="25.295552004603422">
    <ele>137</ele>
    <time>2020-09-14T21:49:46.523999Z</time>
  </trkpt>
  <trkpt lat="54.75173987877369" lon="25.29552250030426">
    <ele>137</ele>
    <time>2020-09-14T21:49:47.525000Z</time>
  </trkpt>
  <trkpt lat="54.751578890872004" lon="25.295450080660856">
    <ele>137</ele>
    <time>2020-09-14T21:49:48.523999Z</time>
  </trkpt>
  </trkseg>
</trk>
</gpx>
