<?xml version="1.0"?>
<gpx version="1.0"
creator="Viking 1.7 -- http://viking.sf.net/"
xmlns:xsi="http://www.w3.org/2001/XMLSchema-instance"
xmlns="http://www.topografix.com/GPX/1/0"
xsi:schemaLocation="http://www.topografix.com/GPX/1/0 http://www.topografix.com/GPX/1/0/gpx.xsd">
<trk>
  <name>VIKING_TR001#2</name>
  <trkseg>
  <trkpt lat="54.7533" lon="25.29778">
    <ele>140</ele>
    <time>2022-02-16T15:56:46Z</time>
  </trkpt>
  <trkpt lat="54.75330333" lon="25.297775">
    <ele>140</ele>
    <time>2022-02-16T15:56:47Z</time>
  </trkpt>
  <trkpt lat="54.75330667" lon="25.29777167">
    <ele>140</ele>
    <time>2022-02-16T15:56:48Z</time>
  </trkpt>
  <trkpt lat="54.75331" lon="25.297765">
    <ele>140</ele>
    <time>2022-02-16T15:56:49Z</time>
  </trkpt>
  <trkpt lat="54.753315" lon="25.29775167">
    <ele>140</ele>
    <time>2022-02-16T15:56:50Z</time>
  </trkpt>
  <trkpt lat="54.75332333" lon="25.29773833">
    <ele>141</ele>
    <time>2022-02-16T15:56:51Z</time>
  </trkpt>
  <trkpt lat="54.75333333" lon="25.29772667">
    <ele>141</ele>
    <time>2022-02-16T15:56:52Z</time>
  </trkpt>
  <trkpt lat="54.75334333" lon="25.29770833">
    <ele>142</ele>
    <time>2022-02-16T15:56:53Z</time>
  </trkpt>
  <trkpt lat="54.75334833" lon="25.29768667">
    <ele>143</ele>
    <time>2022-02-16T15:56:54Z</time>
  </trkpt>
  <trkpt lat="54.75336" lon="25.29766167">
    <ele>144</ele>
    <time>2022-02-16T15:56:55Z</time>
  </trkpt>
  <trkpt lat="54.75338167" lon="25.29764667">
    <ele>145</ele>
    <time>2022-02-16T15:56:56Z</time>
  </trkpt>
  <trkpt lat="54.75340667" lon="25.29764167">
    <ele>146</ele>
    <time>2022-02-16T15:56:57Z</time>
  </trkpt>
  <trkpt lat="54.75343" lon="25.29764667">
    <ele>147</ele>
    <time>2022-02-16T15:56:58Z</time>
  </trkpt>
  <trkpt lat="54.753455" lon="25.29765667">
    <ele>148</ele>
    <time>2022-02-16T15:56:59Z</time>
  </trkpt>
  <trkpt lat="54.75347667" lon="25.297665">
    <ele>148</ele>
    <time>2022-02-16T15:57:00Z</time>
  </trkpt>
  <trkpt lat="54.7535" lon="25.29767833">
    <ele>148</ele>
    <time>2022-02-16T15:57:01Z</time>
  </trkpt>
  <trkpt lat="54.75351833" lon="25.29769667">
    <ele>148</ele>
    <time>2022-02-16T15:57:02Z</time>
  </trkpt>
  <trkpt lat="54.75353333" lon="25.29771">
    <ele>148</ele>
    <time>2022-02-16T15:57:03Z</time>
  </trkpt>
  <trkpt lat="54.75354667" lon="25.29772167">
    <ele>148</ele>
    <time>2022-02-16T15:57:04Z</time>
  </trkpt>
  <trkpt lat="54.75356333" lon="25.297735">
    <ele>148</ele>
    <time>2022-02-16T15:57:05Z</time>
  </trkpt>
  <trkpt lat="54.75357667" lon="25.29775">
    <ele>148</ele>
    <time>2022-02-16T15:57:06Z</time>
  </trkpt>
  <trkpt lat="54.75359333" lon="25.29776333">
    <ele>149</ele>
    <time>2022-02-16T15:57:07Z</time>
  </trkpt>
  <trkpt lat="54.75361" lon="25.29778">
    <ele>149</ele>
    <time>2022-02-16T15:57:08Z</time>
  </trkpt>
  <trkpt lat="54.753635" lon="25.29779">
    <ele>149</ele>
    <time>2022-02-16T15:57:09Z</time>
  </trkpt>
  <trkpt lat="54.753651670000004" lon="25.297795">
    <ele>150</ele>
    <time>2022-02-16T15:57:10Z</time>
  </trkpt>
  <trkpt lat="54.75365833" lon="25.2978">
    <ele>150</ele>
    <time>2022-02-16T15:57:11Z</time>
  </trkpt>
  <trkpt lat="54.753668330000004" lon="25.29779167">
    <ele>150</ele>
    <time>2022-02-16T15:57:12Z</time>
  </trkpt>
  <trkpt lat="54.75368167" lon="25.29778833">
    <ele>151</ele>
    <time>2022-02-16T15:57:13Z</time>
  </trkpt>
  <trkpt lat="54.753695" lon="25.29778333">
    <ele>151</ele>
    <time>2022-02-16T15:57:14Z</time>
  </trkpt>
  <trkpt lat="54.75371833" lon="25.29778">
    <ele>152</ele>
    <time>2022-02-16T15:57:15Z</time>
  </trkpt>
  <trkpt lat="54.753745" lon="25.29776">
    <ele>152</ele>
    <time>2022-02-16T15:57:16Z</time>
  </trkpt>
  <trkpt lat="54.75377833" lon="25.29774667">
    <ele>153</ele>
    <time>2022-02-16T15:57:17Z</time>
  </trkpt>
  <trkpt lat="54.75381167" lon="25.29773">
    <ele>153</ele>
    <time>2022-02-16T15:57:18Z</time>
  </trkpt>
  <trkpt lat="54.75385" lon="25.29771833">
    <ele>154</ele>
    <time>2022-02-16T15:57:19Z</time>
  </trkpt>
  <trkpt lat="54.75389" lon="25.29771">
    <ele>154</ele>
    <time>2022-02-16T15:57:20Z</time>
  </trkpt>
  <trkpt lat="54.753915" lon="25.29770833">
    <ele>154</ele>
    <time>2022-02-16T15:57:21Z</time>
  </trkpt>
  <trkpt lat="54.75394333" lon="25.29770333">
    <ele>154</ele>
    <time>2022-02-16T15:57:22Z</time>
  </trkpt>
  <trkpt lat="54.753975" lon="25.29770667">
    <ele>154</ele>
    <time>2022-02-16T15:57:23Z</time>
  </trkpt>
  <trkpt lat="54.75398667" lon="25.29770833">
    <ele>154</ele>
    <time>2022-02-16T15:57:24Z</time>
  </trkpt>
  <trkpt lat="54.754" lon="25.297695">
    <ele>154</ele>
    <time>2022-02-16T15:57:25Z</time>
  </trkpt>
  <trkpt lat="54.75402333" lon="25.29767833">
    <ele>154</ele>
    <time>2022-02-16T15:57:26Z</time>
  </trkpt>
  <trkpt lat="54.75406" lon="25.29768">
    <ele>154</ele>
    <time>2022-02-16T15:57:27Z</time>
  </trkpt>
  <trkpt lat="54.75409167" lon="25.29768333">
    <ele>153</ele>
    <time>2022-02-16T15:57:28Z</time>
  </trkpt>
  <trkpt lat="54.75412167" lon="25.29768833">
    <ele>153</ele>
    <time>2022-02-16T15:57:29Z</time>
  </trkpt>
  <trkpt lat="54.75413833" lon="25.2977">
    <ele>152</ele>
    <time>2022-02-16T15:57:30Z</time>
  </trkpt>
  <trkpt lat="54.75416833" lon="25.29770833">
    <ele>152</ele>
    <time>2022-02-16T15:57:31Z</time>
  </trkpt>
  <trkpt lat="54.754185" lon="25.29771333">
    <ele>152</ele>
    <time>2022-02-16T15:57:32Z</time>
  </trkpt>
  <trkpt lat="54.75420333" lon="25.297715">
    <ele>151</ele>
    <time>2022-02-16T15:57:33Z</time>
  </trkpt>
  <trkpt lat="54.75422833" lon="25.297715">
    <ele>151</ele>
    <time>2022-02-16T15:57:34Z</time>
  </trkpt>
  <trkpt lat="54.75424333" lon="25.29771667">
    <ele>151</ele>
    <time>2022-02-16T15:57:35Z</time>
  </trkpt>
  <trkpt lat="54.75426667" lon="25.29772167">
    <ele>150</ele>
    <time>2022-02-16T15:57:36Z</time>
  </trkpt>
  <trkpt lat="54.75428833" lon="25.29773833">
    <ele>150</ele>
    <time>2022-02-16T15:57:37Z</time>
  </trkpt>
  <trkpt lat="54.75430667" lon="25.29775167">
    <ele>150</ele>
    <time>2022-02-16T15:57:38Z</time>
  </trkpt>
  <trkpt lat="54.75431833" lon="25.29776833">
    <ele>149</ele>
    <time>2022-02-16T15:57:39Z</time>
  </trkpt>
  <trkpt lat="54.75433667" lon="25.29778167">
    <ele>149</ele>
    <time>2022-02-16T15:57:40Z</time>
  </trkpt>
  <trkpt lat="54.75435833" lon="25.297795">
    <ele>149</ele>
    <time>2022-02-16T15:57:41Z</time>
  </trkpt>
  <trkpt lat="54.75439167" lon="25.29781167">
    <ele>150</ele>
    <time>2022-02-16T15:57:42Z</time>
  </trkpt>
  <trkpt lat="54.75441667" lon="25.29783">
    <ele>150</ele>
    <time>2022-02-16T15:57:43Z</time>
  </trkpt>
  <trkpt lat="54.75443333" lon="25.29784333">
    <ele>150</ele>
    <time>2022-02-16T15:57:44Z</time>
  </trkpt>
  <trkpt lat="54.75444667" lon="25.29785667">
    <ele>150</ele>
    <time>2022-02-16T15:57:45Z</time>
  </trkpt>
  <trkpt lat="54.75446167" lon="25.29787">
    <ele>150</ele>
    <time>2022-02-16T15:57:46Z</time>
  </trkpt>
  <trkpt lat="54.754475" lon="25.29787667">
    <ele>149</ele>
    <time>2022-02-16T15:57:47Z</time>
  </trkpt>
  <trkpt lat="54.75449167" lon="25.29788">
    <ele>149</ele>
    <time>2022-02-16T15:57:48Z</time>
  </trkpt>
  <trkpt lat="54.75451" lon="25.297885">
    <ele>149</ele>
    <time>2022-02-16T15:57:49Z</time>
  </trkpt>
  <trkpt lat="54.75452667" lon="25.297885">
    <ele>149</ele>
    <time>2022-02-16T15:57:50Z</time>
  </trkpt>
  <trkpt lat="54.75454167" lon="25.29788">
    <ele>149</ele>
    <time>2022-02-16T15:57:51Z</time>
  </trkpt>
  <trkpt lat="54.754555" lon="25.29788">
    <ele>148</ele>
    <time>2022-02-16T15:57:52Z</time>
  </trkpt>
  <trkpt lat="54.75456333" lon="25.297865">
    <ele>149</ele>
    <time>2022-02-16T15:57:53Z</time>
  </trkpt>
  <trkpt lat="54.75457833" lon="25.297845">
    <ele>149</ele>
    <time>2022-02-16T15:57:54Z</time>
  </trkpt>
  <trkpt lat="54.75459667" lon="25.29784667">
    <ele>148</ele>
    <time>2022-02-16T15:57:55Z</time>
  </trkpt>
  <trkpt lat="54.75461" lon="25.29785">
    <ele>148</ele>
    <time>2022-02-16T15:57:56Z</time>
  </trkpt>
  <trkpt lat="54.75463167" lon="25.29784667">
    <ele>148</ele>
    <time>2022-02-16T15:57:57Z</time>
  </trkpt>
  <trkpt lat="54.75464667" lon="25.29784167">
    <ele>148</ele>
    <time>2022-02-16T15:57:58Z</time>
  </trkpt>
  <trkpt lat="54.75466" lon="25.29783833">
    <ele>148</ele>
    <time>2022-02-16T15:57:59Z</time>
  </trkpt>
  <trkpt lat="54.75467167" lon="25.29783667">
    <ele>148</ele>
    <time>2022-02-16T15:58:00Z</time>
  </trkpt>
  <trkpt lat="54.75469" lon="25.29783833">
    <ele>147</ele>
    <time>2022-02-16T15:58:01Z</time>
  </trkpt>
  <trkpt lat="54.75471667" lon="25.29784667">
    <ele>147</ele>
    <time>2022-02-16T15:58:02Z</time>
  </trkpt>
  <trkpt lat="54.75474167" lon="25.29786333">
    <ele>147</ele>
    <time>2022-02-16T15:58:03Z</time>
  </trkpt>
  <trkpt lat="54.754755" lon="25.29787167">
    <ele>147</ele>
    <time>2022-02-16T15:58:04Z</time>
  </trkpt>
  <trkpt lat="54.75477167" lon="25.29787833">
    <ele>146</ele>
    <time>2022-02-16T15:58:05Z</time>
  </trkpt>
  <trkpt lat="54.75478333" lon="25.29788833">
    <ele>146</ele>
    <time>2022-02-16T15:58:06Z</time>
  </trkpt>
  <trkpt lat="54.75480167" lon="25.29789667">
    <ele>145</ele>
    <time>2022-02-16T15:58:07Z</time>
  </trkpt>
  <trkpt lat="54.75481833" lon="25.29790167">
    <ele>145</ele>
    <time>2022-02-16T15:58:08Z</time>
  </trkpt>
  <trkpt lat="54.75482667" lon="25.29790167">
    <ele>145</ele>
    <time>2022-02-16T15:58:09Z</time>
  </trkpt>
  <trkpt lat="54.75483667" lon="25.29789167">
    <ele>144</ele>
    <time>2022-02-16T15:58:10Z</time>
  </trkpt>
  <trkpt lat="54.75485833" lon="25.29787167">
    <ele>144</ele>
    <time>2022-02-16T15:58:11Z</time>
  </trkpt>
  <trkpt lat="54.75487833" lon="25.29784333">
    <ele>144</ele>
    <time>2022-02-16T15:58:12Z</time>
  </trkpt>
  <trkpt lat="54.75489" lon="25.297815">
    <ele>144</ele>
    <time>2022-02-16T15:58:13Z</time>
  </trkpt>
  <trkpt lat="54.75490667" lon="25.297785">
    <ele>145</ele>
    <time>2022-02-16T15:58:14Z</time>
  </trkpt>
  <trkpt lat="54.754935" lon="25.297755">
    <ele>145</ele>
    <time>2022-02-16T15:58:15Z</time>
  </trkpt>
  <trkpt lat="54.754965" lon="25.29772833">
    <ele>145</ele>
    <time>2022-02-16T15:58:16Z</time>
  </trkpt>
  <trkpt lat="54.75499667" lon="25.29769167">
    <ele>145</ele>
    <time>2022-02-16T15:58:17Z</time>
  </trkpt>
  <trkpt lat="54.75501" lon="25.29765667">
    <ele>145</ele>
    <time>2022-02-16T15:58:18Z</time>
  </trkpt>
  <trkpt lat="54.75499667" lon="25.29762333">
    <ele>145</ele>
    <time>2022-02-16T15:58:19Z</time>
  </trkpt>
  <trkpt lat="54.75496667" lon="25.29761667">
    <ele>145</ele>
    <time>2022-02-16T15:58:20Z</time>
  </trkpt>
  <trkpt lat="54.75495" lon="25.29759833">
    <ele>146</ele>
    <time>2022-02-16T15:58:21Z</time>
  </trkpt>
  <trkpt lat="54.75494833" lon="25.29758833">
    <ele>146</ele>
    <time>2022-02-16T15:58:22Z</time>
  </trkpt>
  <trkpt lat="54.75495167" lon="25.29758167">
    <ele>146</ele>
    <time>2022-02-16T15:58:23Z</time>
  </trkpt>
  <trkpt lat="54.75496333" lon="25.29757833">
    <ele>147</ele>
    <time>2022-02-16T15:58:24Z</time>
  </trkpt>
  <trkpt lat="54.75497833" lon="25.297575">
    <ele>147</ele>
    <time>2022-02-16T15:58:25Z</time>
  </trkpt>
  <trkpt lat="54.75498333" lon="25.29757833">
    <ele>147</ele>
    <time>2022-02-16T15:58:26Z</time>
  </trkpt>
  <trkpt lat="54.754985" lon="25.29758167">
    <ele>146</ele>
    <time>2022-02-16T15:58:27Z</time>
  </trkpt>
  <trkpt lat="54.75499667" lon="25.29758833">
    <ele>146</ele>
    <time>2022-02-16T15:58:28Z</time>
  </trkpt>
  <trkpt lat="54.75501167" lon="25.29759333">
    <ele>146</ele>
    <time>2022-02-16T15:58:29Z</time>
  </trkpt>
  <trkpt lat="54.755025" lon="25.29758167">
    <ele>145</ele>
    <time>2022-02-16T15:58:30Z</time>
  </trkpt>
  <trkpt lat="54.75503" lon="25.297565">
    <ele>145</ele>
    <time>2022-02-16T15:58:31Z</time>
  </trkpt>
  <trkpt lat="54.75503167" lon="25.29754833">
    <ele>144</ele>
    <time>2022-02-16T15:58:32Z</time>
  </trkpt>
  <trkpt lat="54.75504667" lon="25.29753333">
    <ele>144</ele>
    <time>2022-02-16T15:58:33Z</time>
  </trkpt>
  <trkpt lat="54.75506167" lon="25.29752">
    <ele>144</ele>
    <time>2022-02-16T15:58:34Z</time>
  </trkpt>
  <trkpt lat="54.75508333" lon="25.29751333">
    <ele>144</ele>
    <time>2022-02-16T15:58:35Z</time>
  </trkpt>
  <trkpt lat="54.75510333" lon="25.297505">
    <ele>144</ele>
    <time>2022-02-16T15:58:36Z</time>
  </trkpt>
  <trkpt lat="54.75513" lon="25.29749833">
    <ele>144</ele>
    <time>2022-02-16T15:58:37Z</time>
  </trkpt>
  <trkpt lat="54.75514833" lon="25.2975">
    <ele>144</ele>
    <time>2022-02-16T15:58:38Z</time>
  </trkpt>
  <trkpt lat="54.75515833" lon="25.29749667">
    <ele>144</ele>
    <time>2022-02-16T15:58:39Z</time>
  </trkpt>
  <trkpt lat="54.755165" lon="25.29749667">
    <ele>144</ele>
    <time>2022-02-16T15:58:40Z</time>
  </trkpt>
  <trkpt lat="54.75517" lon="25.29748167">
    <ele>144</ele>
    <time>2022-02-16T15:58:41Z</time>
  </trkpt>
  <trkpt lat="54.75517333" lon="25.29746">
    <ele>144</ele>
    <time>2022-02-16T15:58:42Z</time>
  </trkpt>
  <trkpt lat="54.75517333" lon="25.29744">
    <ele>144</ele>
    <time>2022-02-16T15:58:43Z</time>
  </trkpt>
  <trkpt lat="54.75517833" lon="25.29741">
    <ele>144</ele>
    <time>2022-02-16T15:58:44Z</time>
  </trkpt>
  <trkpt lat="54.75518667" lon="25.29739">
    <ele>144</ele>
    <time>2022-02-16T15:58:45Z</time>
  </trkpt>
  <trkpt lat="54.75520167" lon="25.29736833">
    <ele>144</ele>
    <time>2022-02-16T15:58:46Z</time>
  </trkpt>
  <trkpt lat="54.75521167" lon="25.29735167">
    <ele>144</ele>
    <time>2022-02-16T15:58:47Z</time>
  </trkpt>
  <trkpt lat="54.755215" lon="25.29733833">
    <ele>144</ele>
    <time>2022-02-16T15:58:48Z</time>
  </trkpt>
  <trkpt lat="54.75522167" lon="25.29732333">
    <ele>144</ele>
    <time>2022-02-16T15:58:49Z</time>
  </trkpt>
  <trkpt lat="54.75523333" lon="25.29730667">
    <ele>144</ele>
    <time>2022-02-16T15:58:50Z</time>
  </trkpt>
  <trkpt lat="54.75525667" lon="25.297275">
    <ele>144</ele>
    <time>2022-02-16T15:58:51Z</time>
  </trkpt>
  <trkpt lat="54.75527" lon="25.29724833">
    <ele>144</ele>
    <time>2022-02-16T15:58:52Z</time>
  </trkpt>
  <trkpt lat="54.75527333" lon="25.297225">
    <ele>144</ele>
    <time>2022-02-16T15:58:53Z</time>
  </trkpt>
  <trkpt lat="54.755275" lon="25.29720333">
    <ele>144</ele>
    <time>2022-02-16T15:58:54Z</time>
  </trkpt>
  <trkpt lat="54.75527667" lon="25.29718333">
    <ele>144</ele>
    <time>2022-02-16T15:58:55Z</time>
  </trkpt>
  <trkpt lat="54.75529667" lon="25.29717">
    <ele>144</ele>
    <time>2022-02-16T15:58:56Z</time>
  </trkpt>
  <trkpt lat="54.75530667" lon="25.29716">
    <ele>144</ele>
    <time>2022-02-16T15:58:57Z</time>
  </trkpt>
  <trkpt lat="54.75531667" lon="25.297145">
    <ele>144</ele>
    <time>2022-02-16T15:58:58Z</time>
  </trkpt>
  <trkpt lat="54.75532667" lon="25.297125">
    <ele>145</ele>
    <time>2022-02-16T15:58:59Z</time>
  </trkpt>
  <trkpt lat="54.75532333" lon="25.297075">
    <ele>145</ele>
    <time>2022-02-16T15:59:00Z</time>
  </trkpt>
  <trkpt lat="54.75531" lon="25.29703667">
    <ele>145</ele>
    <time>2022-02-16T15:59:01Z</time>
  </trkpt>
  <trkpt lat="54.755315" lon="25.29700833">
    <ele>146</ele>
    <time>2022-02-16T15:59:02Z</time>
  </trkpt>
  <trkpt lat="54.755325" lon="25.29695833">
    <ele>146</ele>
    <time>2022-02-16T15:59:03Z</time>
  </trkpt>
  <trkpt lat="54.75533667" lon="25.29692167">
    <ele>146</ele>
    <time>2022-02-16T15:59:04Z</time>
  </trkpt>
  <trkpt lat="54.75536667" lon="25.29689833">
    <ele>147</ele>
    <time>2022-02-16T15:59:05Z</time>
  </trkpt>
  <trkpt lat="54.75539167" lon="25.29686833">
    <ele>147</ele>
    <time>2022-02-16T15:59:06Z</time>
  </trkpt>
  <trkpt lat="54.75540667" lon="25.29683333">
    <ele>148</ele>
    <time>2022-02-16T15:59:07Z</time>
  </trkpt>
  <trkpt lat="54.75541333" lon="25.296805">
    <ele>148</ele>
    <time>2022-02-16T15:59:08Z</time>
  </trkpt>
  <trkpt lat="54.75541667" lon="25.29677">
    <ele>149</ele>
    <time>2022-02-16T15:59:09Z</time>
  </trkpt>
  <trkpt lat="54.75541667" lon="25.29673333">
    <ele>149</ele>
    <time>2022-02-16T15:59:10Z</time>
  </trkpt>
  <trkpt lat="54.75542167" lon="25.29670833">
    <ele>150</ele>
    <time>2022-02-16T15:59:11Z</time>
  </trkpt>
  <trkpt lat="54.75542333" lon="25.29667667">
    <ele>150</ele>
    <time>2022-02-16T15:59:12Z</time>
  </trkpt>
  <trkpt lat="54.75542667" lon="25.29664167">
    <ele>150</ele>
    <time>2022-02-16T15:59:13Z</time>
  </trkpt>
  <trkpt lat="54.75543333" lon="25.29661167">
    <ele>150</ele>
    <time>2022-02-16T15:59:14Z</time>
  </trkpt>
  <trkpt lat="54.755445" lon="25.29658833">
    <ele>150</ele>
    <time>2022-02-16T15:59:15Z</time>
  </trkpt>
  <trkpt lat="54.75546333" lon="25.29656">
    <ele>150</ele>
    <time>2022-02-16T15:59:16Z</time>
  </trkpt>
  <trkpt lat="54.755475" lon="25.29654333">
    <ele>150</ele>
    <time>2022-02-16T15:59:17Z</time>
  </trkpt>
  <trkpt lat="54.755485" lon="25.29651667">
    <ele>151</ele>
    <time>2022-02-16T15:59:18Z</time>
  </trkpt>
  <trkpt lat="54.75550333" lon="25.296485">
    <ele>151</ele>
    <time>2022-02-16T15:59:19Z</time>
  </trkpt>
  <trkpt lat="54.755515" lon="25.29644667">
    <ele>151</ele>
    <time>2022-02-16T15:59:20Z</time>
  </trkpt>
  <trkpt lat="54.75551167" lon="25.29640167">
    <ele>152</ele>
    <time>2022-02-16T15:59:21Z</time>
  </trkpt>
  <trkpt lat="54.75551667" lon="25.29637">
    <ele>152</ele>
    <time>2022-02-16T15:59:22Z</time>
  </trkpt>
  <trkpt lat="54.755525" lon="25.296325">
    <ele>153</ele>
    <time>2022-02-16T15:59:23Z</time>
  </trkpt>
  <trkpt lat="54.75553667" lon="25.29628333">
    <ele>153</ele>
    <time>2022-02-16T15:59:24Z</time>
  </trkpt>
  <trkpt lat="54.75554833" lon="25.29624">
    <ele>154</ele>
    <time>2022-02-16T15:59:25Z</time>
  </trkpt>
  <trkpt lat="54.75557" lon="25.296215">
    <ele>155</ele>
    <time>2022-02-16T15:59:26Z</time>
  </trkpt>
  <trkpt lat="54.75559167" lon="25.29618">
    <ele>155</ele>
    <time>2022-02-16T15:59:27Z</time>
  </trkpt>
  <trkpt lat="54.75561667" lon="25.29614833">
    <ele>156</ele>
    <time>2022-02-16T15:59:28Z</time>
  </trkpt>
  <trkpt lat="54.75562333" lon="25.29610167">
    <ele>156</ele>
    <time>2022-02-16T15:59:29Z</time>
  </trkpt>
  <trkpt lat="54.75563333" lon="25.29606">
    <ele>156</ele>
    <time>2022-02-16T15:59:30Z</time>
  </trkpt>
  <trkpt lat="54.75562667" lon="25.29600167">
    <ele>157</ele>
    <time>2022-02-16T15:59:31Z</time>
  </trkpt>
  <trkpt lat="54.75562" lon="25.29597333">
    <ele>157</ele>
    <time>2022-02-16T15:59:32Z</time>
  </trkpt>
  <trkpt lat="54.75565333" lon="25.29596167">
    <ele>157</ele>
    <time>2022-02-16T15:59:33Z</time>
  </trkpt>
  <trkpt lat="54.75568833" lon="25.29596167">
    <ele>158</ele>
    <time>2022-02-16T15:59:34Z</time>
  </trkpt>
  <trkpt lat="54.75569833" lon="25.29594">
    <ele>158</ele>
    <time>2022-02-16T15:59:35Z</time>
  </trkpt>
  <trkpt lat="54.75570667" lon="25.29591667">
    <ele>158</ele>
    <time>2022-02-16T15:59:36Z</time>
  </trkpt>
  <trkpt lat="54.75571667" lon="25.29589333">
    <ele>159</ele>
    <time>2022-02-16T15:59:37Z</time>
  </trkpt>
  <trkpt lat="54.75573667" lon="25.29587667">
    <ele>159</ele>
    <time>2022-02-16T15:59:38Z</time>
  </trkpt>
  <trkpt lat="54.75576167" lon="25.29585667">
    <ele>159</ele>
    <time>2022-02-16T15:59:39Z</time>
  </trkpt>
  <trkpt lat="54.75578167" lon="25.29584333">
    <ele>159</ele>
    <time>2022-02-16T15:59:40Z</time>
  </trkpt>
  <trkpt lat="54.75579667" lon="25.29582833">
    <ele>159</ele>
    <time>2022-02-16T15:59:41Z</time>
  </trkpt>
  <trkpt lat="54.75580333" lon="25.29581167">
    <ele>159</ele>
    <time>2022-02-16T15:59:42Z</time>
  </trkpt>
  <trkpt lat="54.75580833" lon="25.295795">
    <ele>159</ele>
    <time>2022-02-16T15:59:43Z</time>
  </trkpt>
  <trkpt lat="54.755815" lon="25.29578167">
    <ele>159</ele>
    <time>2022-02-16T15:59:44Z</time>
  </trkpt>
  <trkpt lat="54.75581833" lon="25.29576833">
    <ele>160</ele>
    <time>2022-02-16T15:59:45Z</time>
  </trkpt>
  <trkpt lat="54.75582" lon="25.29575167">
    <ele>160</ele>
    <time>2022-02-16T15:59:46Z</time>
  </trkpt>
  <trkpt lat="54.75582667" lon="25.29573333">
    <ele>160</ele>
    <time>2022-02-16T15:59:47Z</time>
  </trkpt>
  <trkpt lat="54.75585" lon="25.29570333">
    <ele>160</ele>
    <time>2022-02-16T15:59:48Z</time>
  </trkpt>
  <trkpt lat="54.755875" lon="25.295675">
    <ele>160</ele>
    <time>2022-02-16T15:59:49Z</time>
  </trkpt>
  <trkpt lat="54.75589667" lon="25.295655">
    <ele>161</ele>
    <time>2022-02-16T15:59:50Z</time>
  </trkpt>
  <trkpt lat="54.75592" lon="25.29563">
    <ele>161</ele>
    <time>2022-02-16T15:59:51Z</time>
  </trkpt>
  <trkpt lat="54.75594333" lon="25.2956">
    <ele>162</ele>
    <time>2022-02-16T15:59:52Z</time>
  </trkpt>
  <trkpt lat="54.75595833" lon="25.29556">
    <ele>162</ele>
    <time>2022-02-16T15:59:53Z</time>
  </trkpt>
  <trkpt lat="54.75597833" lon="25.29551667">
    <ele>162</ele>
    <time>2022-02-16T15:59:54Z</time>
  </trkpt>
  <trkpt lat="54.756005" lon="25.29548167">
    <ele>163</ele>
    <time>2022-02-16T15:59:55Z</time>
  </trkpt>
  <trkpt lat="54.75602667" lon="25.29544333">
    <ele>163</ele>
    <time>2022-02-16T15:59:56Z</time>
  </trkpt>
  <trkpt lat="54.75604833" lon="25.29541">
    <ele>163</ele>
    <time>2022-02-16T15:59:57Z</time>
  </trkpt>
  <trkpt lat="54.75605" lon="25.29536333">
    <ele>163</ele>
    <time>2022-02-16T15:59:58Z</time>
  </trkpt>
  <trkpt lat="54.756045" lon="25.29532833">
    <ele>163</ele>
    <time>2022-02-16T15:59:59Z</time>
  </trkpt>
  <trkpt lat="54.75605" lon="25.29529333">
    <ele>163</ele>
    <time>2022-02-16T16:00:00Z</time>
  </trkpt>
  <trkpt lat="54.756055" lon="25.29526333">
    <ele>163</ele>
    <time>2022-02-16T16:00:01Z</time>
  </trkpt>
  <trkpt lat="54.756065" lon="25.295235">
    <ele>163</ele>
    <time>2022-02-16T16:00:02Z</time>
  </trkpt>
  <trkpt lat="54.75607333" lon="25.29521333">
    <ele>163</ele>
    <time>2022-02-16T16:00:03Z</time>
  </trkpt>
  <trkpt lat="54.75607167" lon="25.29519667">
    <ele>163</ele>
    <time>2022-02-16T16:00:04Z</time>
  </trkpt>
  <trkpt lat="54.75609167" lon="25.29519833">
    <ele>164</ele>
    <time>2022-02-16T16:00:05Z</time>
  </trkpt>
  <trkpt lat="54.75610667" lon="25.29516833">
    <ele>164</ele>
    <time>2022-02-16T16:00:06Z</time>
  </trkpt>
  <trkpt lat="54.75612333" lon="25.295155">
    <ele>164</ele>
    <time>2022-02-16T16:00:07Z</time>
  </trkpt>
  <trkpt lat="54.75613" lon="25.29515167">
    <ele>164</ele>
    <time>2022-02-16T16:00:08Z</time>
  </trkpt>
  <trkpt lat="54.75614" lon="25.29512833">
    <ele>164</ele>
    <time>2022-02-16T16:00:09Z</time>
  </trkpt>
  <trkpt lat="54.75616167" lon="25.29510333">
    <ele>164</ele>
    <time>2022-02-16T16:00:10Z</time>
  </trkpt>
  <trkpt lat="54.75616" lon="25.29507833">
    <ele>163</ele>
    <time>2022-02-16T16:00:11Z</time>
  </trkpt>
  <trkpt lat="54.75616167" lon="25.295055">
    <ele>163</ele>
    <time>2022-02-16T16:00:12Z</time>
  </trkpt>
  <trkpt lat="54.75614833" lon="25.295035">
    <ele>163</ele>
    <time>2022-02-16T16:00:13Z</time>
  </trkpt>
  <trkpt lat="54.75614667" lon="25.29502167">
    <ele>163</ele>
    <time>2022-02-16T16:00:14Z</time>
  </trkpt>
  <trkpt lat="54.75613" lon="25.295">
    <ele>163</ele>
    <time>2022-02-16T16:00:15Z</time>
  </trkpt>
  <trkpt lat="54.75614167" lon="25.29499167">
    <ele>163</ele>
    <time>2022-02-16T16:00:16Z</time>
  </trkpt>
  <trkpt lat="54.75616" lon="25.29499">
    <ele>163</ele>
    <time>2022-02-16T16:00:17Z</time>
  </trkpt>
  <trkpt lat="54.75619333" lon="25.29499333">
    <ele>162</ele>
    <time>2022-02-16T16:00:18Z</time>
  </trkpt>
  <trkpt lat="54.75622167" lon="25.29499167">
    <ele>162</ele>
    <time>2022-02-16T16:00:19Z</time>
  </trkpt>
  <trkpt lat="54.75624167" lon="25.29498833">
    <ele>162</ele>
    <time>2022-02-16T16:00:20Z</time>
  </trkpt>
  <trkpt lat="54.75625833" lon="25.29497833">
    <ele>161</ele>
    <time>2022-02-16T16:00:21Z</time>
  </trkpt>
  <trkpt lat="54.75627333" lon="25.29497333">
    <ele>161</ele>
    <time>2022-02-16T16:00:22Z</time>
  </trkpt>
  <trkpt lat="54.75628667" lon="25.29496833">
    <ele>161</ele>
    <time>2022-02-16T16:00:23Z</time>
  </trkpt>
  <trkpt lat="54.7563" lon="25.294965">
    <ele>161</ele>
    <time>2022-02-16T16:00:24Z</time>
  </trkpt>
  <trkpt lat="54.75631167" lon="25.29495833">
    <ele>161</ele>
    <time>2022-02-16T16:00:25Z</time>
  </trkpt>
  <trkpt lat="54.75632167" lon="25.29495167">
    <ele>162</ele>
    <time>2022-02-16T16:00:26Z</time>
  </trkpt>
  <trkpt lat="54.75633167" lon="25.29494">
    <ele>162</ele>
    <time>2022-02-16T16:00:27Z</time>
  </trkpt>
  <trkpt lat="54.75634" lon="25.29492667">
    <ele>162</ele>
    <time>2022-02-16T16:00:28Z</time>
  </trkpt>
  <trkpt lat="54.75635" lon="25.29491833">
    <ele>163</ele>
    <time>2022-02-16T16:00:29Z</time>
  </trkpt>
  <trkpt lat="54.75636667" lon="25.2949">
    <ele>163</ele>
    <time>2022-02-16T16:00:30Z</time>
  </trkpt>
  <trkpt lat="54.75638833" lon="25.29487667">
    <ele>163</ele>
    <time>2022-02-16T16:00:31Z</time>
  </trkpt>
  <trkpt lat="54.75641167" lon="25.29483833">
    <ele>163</ele>
    <time>2022-02-16T16:00:32Z</time>
  </trkpt>
  <trkpt lat="54.75642" lon="25.29478833">
    <ele>163</ele>
    <time>2022-02-16T16:00:33Z</time>
  </trkpt>
  <trkpt lat="54.75642333" lon="25.29474">
    <ele>163</ele>
    <time>2022-02-16T16:00:34Z</time>
  </trkpt>
  <trkpt lat="54.75643333" lon="25.294685">
    <ele>163</ele>
    <time>2022-02-16T16:00:35Z</time>
  </trkpt>
  <trkpt lat="54.75644333" lon="25.29463333">
    <ele>162</ele>
    <time>2022-02-16T16:00:36Z</time>
  </trkpt>
  <trkpt lat="54.75645667" lon="25.29457833">
    <ele>162</ele>
    <time>2022-02-16T16:00:37Z</time>
  </trkpt>
  <trkpt lat="54.756455" lon="25.29453667">
    <ele>162</ele>
    <time>2022-02-16T16:00:38Z</time>
  </trkpt>
  <trkpt lat="54.756435" lon="25.29451333">
    <ele>162</ele>
    <time>2022-02-16T16:00:39Z</time>
  </trkpt>
  <trkpt lat="54.75641667" lon="25.29453">
    <ele>162</ele>
    <time>2022-02-16T16:00:40Z</time>
  </trkpt>
  <trkpt lat="54.75639833" lon="25.294535">
    <ele>163</ele>
    <time>2022-02-16T16:00:41Z</time>
  </trkpt>
  <trkpt lat="54.75639" lon="25.29452">
    <ele>163</ele>
    <time>2022-02-16T16:00:42Z</time>
  </trkpt>
  <trkpt lat="54.75638333" lon="25.29453833">
    <ele>162</ele>
    <time>2022-02-16T16:00:43Z</time>
  </trkpt>
  <trkpt lat="54.75637667" lon="25.29455167">
    <ele>162</ele>
    <time>2022-02-16T16:00:44Z</time>
  </trkpt>
  <trkpt lat="54.75636167" lon="25.29456833">
    <ele>161</ele>
    <time>2022-02-16T16:00:45Z</time>
  </trkpt>
  <trkpt lat="54.75634833" lon="25.29457">
    <ele>161</ele>
    <time>2022-02-16T16:00:46Z</time>
  </trkpt>
  <trkpt lat="54.75634" lon="25.294575">
    <ele>161</ele>
    <time>2022-02-16T16:00:47Z</time>
  </trkpt>
  <trkpt lat="54.756315" lon="25.29456167">
    <ele>160</ele>
    <time>2022-02-16T16:00:48Z</time>
  </trkpt>
  <trkpt lat="54.75628833" lon="25.29455167">
    <ele>160</ele>
    <time>2022-02-16T16:00:49Z</time>
  </trkpt>
  <trkpt lat="54.75626333" lon="25.29453333">
    <ele>160</ele>
    <time>2022-02-16T16:00:50Z</time>
  </trkpt>
  <trkpt lat="54.75624333" lon="25.29452">
    <ele>160</ele>
    <time>2022-02-16T16:00:51Z</time>
  </trkpt>
  <trkpt lat="54.75622333" lon="25.29450833">
    <ele>160</ele>
    <time>2022-02-16T16:00:52Z</time>
  </trkpt>
  <trkpt lat="54.75620833" lon="25.29448167">
    <ele>160</ele>
    <time>2022-02-16T16:00:53Z</time>
  </trkpt>
  <trkpt lat="54.75619167" lon="25.29444667">
    <ele>160</ele>
    <time>2022-02-16T16:00:54Z</time>
  </trkpt>
  <trkpt lat="54.75617167" lon="25.29442333">
    <ele>159</ele>
    <time>2022-02-16T16:00:55Z</time>
  </trkpt>
  <trkpt lat="54.75615333" lon="25.29440333">
    <ele>159</ele>
    <time>2022-02-16T16:00:56Z</time>
  </trkpt>
  <trkpt lat="54.75613" lon="25.29438833">
    <ele>159</ele>
    <time>2022-02-16T16:00:57Z</time>
  </trkpt>
  <trkpt lat="54.756115" lon="25.29436667">
    <ele>159</ele>
    <time>2022-02-16T16:00:58Z</time>
  </trkpt>
  <trkpt lat="54.75610333" lon="25.29434667">
    <ele>159</ele>
    <time>2022-02-16T16:00:59Z</time>
  </trkpt>
  <trkpt lat="54.75609333" lon="25.29432333">
    <ele>159</ele>
    <time>2022-02-16T16:01:00Z</time>
  </trkpt>
  <trkpt lat="54.75607833" lon="25.29431333">
    <ele>159</ele>
    <time>2022-02-16T16:01:01Z</time>
  </trkpt>
  <trkpt lat="54.75605667" lon="25.29429333">
    <ele>158</ele>
    <time>2022-02-16T16:01:02Z</time>
  </trkpt>
  <trkpt lat="54.75603833" lon="25.29428167">
    <ele>158</ele>
    <time>2022-02-16T16:01:03Z</time>
  </trkpt>
  <trkpt lat="54.756025" lon="25.29427667">
    <ele>158</ele>
    <time>2022-02-16T16:01:04Z</time>
  </trkpt>
  <trkpt lat="54.75601167" lon="25.29427167">
    <ele>158</ele>
    <time>2022-02-16T16:01:05Z</time>
  </trkpt>
  <trkpt lat="54.755995" lon="25.29426167">
    <ele>158</ele>
    <time>2022-02-16T16:01:06Z</time>
  </trkpt>
  <trkpt lat="54.75597167" lon="25.294245">
    <ele>158</ele>
    <time>2022-02-16T16:01:07Z</time>
  </trkpt>
  <trkpt lat="54.755955" lon="25.29424667">
    <ele>158</ele>
    <time>2022-02-16T16:01:08Z</time>
  </trkpt>
  <trkpt lat="54.75594" lon="25.29425667">
    <ele>158</ele>
    <time>2022-02-16T16:01:09Z</time>
  </trkpt>
  <trkpt lat="54.75591333" lon="25.294265">
    <ele>159</ele>
    <time>2022-02-16T16:01:10Z</time>
  </trkpt>
  <trkpt lat="54.75589167" lon="25.29426833">
    <ele>159</ele>
    <time>2022-02-16T16:01:11Z</time>
  </trkpt>
  <trkpt lat="54.75587333" lon="25.29426667">
    <ele>159</ele>
    <time>2022-02-16T16:01:12Z</time>
  </trkpt>
  <trkpt lat="54.755845" lon="25.29427167">
    <ele>159</ele>
    <time>2022-02-16T16:01:13Z</time>
  </trkpt>
  <trkpt lat="54.755825" lon="25.29426667">
    <ele>158</ele>
    <time>2022-02-16T16:01:14Z</time>
  </trkpt>
  <trkpt lat="54.755805" lon="25.29425833">
    <ele>158</ele>
    <time>2022-02-16T16:01:15Z</time>
  </trkpt>
  <trkpt lat="54.75579" lon="25.29426167">
    <ele>158</ele>
    <time>2022-02-16T16:01:16Z</time>
  </trkpt>
  <trkpt lat="54.75577167" lon="25.29425833">
    <ele>157</ele>
    <time>2022-02-16T16:01:17Z</time>
  </trkpt>
  <trkpt lat="54.75575167" lon="25.294255">
    <ele>157</ele>
    <time>2022-02-16T16:01:18Z</time>
  </trkpt>
  <trkpt lat="54.75572667" lon="25.29425333">
    <ele>157</ele>
    <time>2022-02-16T16:01:19Z</time>
  </trkpt>
  <trkpt lat="54.755705" lon="25.29425167">
    <ele>156</ele>
    <time>2022-02-16T16:01:20Z</time>
  </trkpt>
  <trkpt lat="54.75568333" lon="25.29424167">
    <ele>156</ele>
    <time>2022-02-16T16:01:21Z</time>
  </trkpt>
  <trkpt lat="54.75566167" lon="25.29423333">
    <ele>156</ele>
    <time>2022-02-16T16:01:22Z</time>
  </trkpt>
  <trkpt lat="54.75563833" lon="25.29423333">
    <ele>156</ele>
    <time>2022-02-16T16:01:23Z</time>
  </trkpt>
  <trkpt lat="54.75561667" lon="25.29423">
    <ele>155</ele>
    <time>2022-02-16T16:01:24Z</time>
  </trkpt>
  <trkpt lat="54.75559333" lon="25.29422667">
    <ele>155</ele>
    <time>2022-02-16T16:01:25Z</time>
  </trkpt>
  <trkpt lat="54.75556833" lon="25.29422167">
    <ele>155</ele>
    <time>2022-02-16T16:01:26Z</time>
  </trkpt>
  <trkpt lat="54.75554333" lon="25.29421833">
    <ele>155</ele>
    <time>2022-02-16T16:01:27Z</time>
  </trkpt>
  <trkpt lat="54.75552833" lon="25.29421167">
    <ele>155</ele>
    <time>2022-02-16T16:01:28Z</time>
  </trkpt>
  <trkpt lat="54.75550333" lon="25.29419833">
    <ele>155</ele>
    <time>2022-02-16T16:01:29Z</time>
  </trkpt>
  <trkpt lat="54.75548833" lon="25.29419167">
    <ele>155</ele>
    <time>2022-02-16T16:01:30Z</time>
  </trkpt>
  <trkpt lat="54.75546333" lon="25.294185">
    <ele>155</ele>
    <time>2022-02-16T16:01:31Z</time>
  </trkpt>
  <trkpt lat="54.75543667" lon="25.29417667">
    <ele>155</ele>
    <time>2022-02-16T16:01:32Z</time>
  </trkpt>
  <trkpt lat="54.75541667" lon="25.29417">
    <ele>155</ele>
    <time>2022-02-16T16:01:33Z</time>
  </trkpt>
  <trkpt lat="54.75538833" lon="25.29416167">
    <ele>155</ele>
    <time>2022-02-16T16:01:34Z</time>
  </trkpt>
  <trkpt lat="54.75536667" lon="25.294155">
    <ele>155</ele>
    <time>2022-02-16T16:01:35Z</time>
  </trkpt>
  <trkpt lat="54.75535" lon="25.29414833">
    <ele>155</ele>
    <time>2022-02-16T16:01:36Z</time>
  </trkpt>
  <trkpt lat="54.75532333" lon="25.294145">
    <ele>155</ele>
    <time>2022-02-16T16:01:37Z</time>
  </trkpt>
  <trkpt lat="54.7553" lon="25.29413333">
    <ele>155</ele>
    <time>2022-02-16T16:01:38Z</time>
  </trkpt>
  <trkpt lat="54.75528667" lon="25.29412167">
    <ele>155</ele>
    <time>2022-02-16T16:01:39Z</time>
  </trkpt>
  <trkpt lat="54.75526667" lon="25.294105">
    <ele>155</ele>
    <time>2022-02-16T16:01:40Z</time>
  </trkpt>
  <trkpt lat="54.755245" lon="25.29409667">
    <ele>155</ele>
    <time>2022-02-16T16:01:41Z</time>
  </trkpt>
  <trkpt lat="54.75522167" lon="25.29409">
    <ele>154</ele>
    <time>2022-02-16T16:01:42Z</time>
  </trkpt>
  <trkpt lat="54.75520333" lon="25.29408167">
    <ele>154</ele>
    <time>2022-02-16T16:01:43Z</time>
  </trkpt>
  <trkpt lat="54.75517833" lon="25.294075">
    <ele>153</ele>
    <time>2022-02-16T16:01:44Z</time>
  </trkpt>
  <trkpt lat="54.75515167" lon="25.294065">
    <ele>153</ele>
    <time>2022-02-16T16:01:45Z</time>
  </trkpt>
  <trkpt lat="54.75512333" lon="25.29405667">
    <ele>153</ele>
    <time>2022-02-16T16:01:46Z</time>
  </trkpt>
  <trkpt lat="54.75510167" lon="25.29404167">
    <ele>153</ele>
    <time>2022-02-16T16:01:47Z</time>
  </trkpt>
  <trkpt lat="54.75507833" lon="25.29402333">
    <ele>152</ele>
    <time>2022-02-16T16:01:48Z</time>
  </trkpt>
  <trkpt lat="54.75506167" lon="25.29401833">
    <ele>152</ele>
    <time>2022-02-16T16:01:49Z</time>
  </trkpt>
  <trkpt lat="54.75505" lon="25.29401">
    <ele>152</ele>
    <time>2022-02-16T16:01:50Z</time>
  </trkpt>
  <trkpt lat="54.755025" lon="25.29401">
    <ele>152</ele>
    <time>2022-02-16T16:01:51Z</time>
  </trkpt>
  <trkpt lat="54.755" lon="25.29401">
    <ele>152</ele>
    <time>2022-02-16T16:01:52Z</time>
  </trkpt>
  <trkpt lat="54.75498333" lon="25.29401167">
    <ele>152</ele>
    <time>2022-02-16T16:01:53Z</time>
  </trkpt>
  <trkpt lat="54.754955" lon="25.29400833">
    <ele>152</ele>
    <time>2022-02-16T16:01:54Z</time>
  </trkpt>
  <trkpt lat="54.75492667" lon="25.29400167">
    <ele>152</ele>
    <time>2022-02-16T16:01:55Z</time>
  </trkpt>
  <trkpt lat="54.75489667" lon="25.29400667">
    <ele>152</ele>
    <time>2022-02-16T16:01:56Z</time>
  </trkpt>
  <trkpt lat="54.75487333" lon="25.29400833">
    <ele>152</ele>
    <time>2022-02-16T16:01:57Z</time>
  </trkpt>
  <trkpt lat="54.754855" lon="25.29401333">
    <ele>152</ele>
    <time>2022-02-16T16:01:58Z</time>
  </trkpt>
  <trkpt lat="54.75482667" lon="25.294005">
    <ele>152</ele>
    <time>2022-02-16T16:01:59Z</time>
  </trkpt>
  <trkpt lat="54.75479667" lon="25.29398167">
    <ele>152</ele>
    <time>2022-02-16T16:02:00Z</time>
  </trkpt>
  <trkpt lat="54.75476833" lon="25.293965">
    <ele>152</ele>
    <time>2022-02-16T16:02:01Z</time>
  </trkpt>
  <trkpt lat="54.75473833" lon="25.29395">
    <ele>153</ele>
    <time>2022-02-16T16:02:02Z</time>
  </trkpt>
  <trkpt lat="54.75471333" lon="25.29394167">
    <ele>153</ele>
    <time>2022-02-16T16:02:03Z</time>
  </trkpt>
  <trkpt lat="54.754695" lon="25.29393333">
    <ele>153</ele>
    <time>2022-02-16T16:02:04Z</time>
  </trkpt>
  <trkpt lat="54.75468" lon="25.29395">
    <ele>152</ele>
    <time>2022-02-16T16:02:05Z</time>
  </trkpt>
  <trkpt lat="54.754655" lon="25.29394833">
    <ele>152</ele>
    <time>2022-02-16T16:02:06Z</time>
  </trkpt>
  <trkpt lat="54.75462667" lon="25.29394667">
    <ele>152</ele>
    <time>2022-02-16T16:02:07Z</time>
  </trkpt>
  <trkpt lat="54.7546" lon="25.29394667">
    <ele>152</ele>
    <time>2022-02-16T16:02:08Z</time>
  </trkpt>
  <trkpt lat="54.75457667" lon="25.29394667">
    <ele>151</ele>
    <time>2022-02-16T16:02:09Z</time>
  </trkpt>
  <trkpt lat="54.75454167" lon="25.29396167">
    <ele>151</ele>
    <time>2022-02-16T16:02:10Z</time>
  </trkpt>
  <trkpt lat="54.75452167" lon="25.29397333">
    <ele>151</ele>
    <time>2022-02-16T16:02:11Z</time>
  </trkpt>
  <trkpt lat="54.754505" lon="25.29397833">
    <ele>151</ele>
    <time>2022-02-16T16:02:12Z</time>
  </trkpt>
  <trkpt lat="54.75448167" lon="25.29398167">
    <ele>151</ele>
    <time>2022-02-16T16:02:13Z</time>
  </trkpt>
  <trkpt lat="54.75445833" lon="25.293985">
    <ele>151</ele>
    <time>2022-02-16T16:02:14Z</time>
  </trkpt>
  <trkpt lat="54.75444167" lon="25.29399167">
    <ele>151</ele>
    <time>2022-02-16T16:02:15Z</time>
  </trkpt>
  <trkpt lat="54.75442167" lon="25.29399833">
    <ele>151</ele>
    <time>2022-02-16T16:02:16Z</time>
  </trkpt>
  <trkpt lat="54.75440333" lon="25.294025">
    <ele>151</ele>
    <time>2022-02-16T16:02:17Z</time>
  </trkpt>
  <trkpt lat="54.75437" lon="25.29404833">
    <ele>151</ele>
    <time>2022-02-16T16:02:18Z</time>
  </trkpt>
  <trkpt lat="54.75433667" lon="25.29407667">
    <ele>151</ele>
    <time>2022-02-16T16:02:19Z</time>
  </trkpt>
  <trkpt lat="54.754315" lon="25.29409833">
    <ele>151</ele>
    <time>2022-02-16T16:02:20Z</time>
  </trkpt>
  <trkpt lat="54.75429833" lon="25.294105">
    <ele>151</ele>
    <time>2022-02-16T16:02:21Z</time>
  </trkpt>
  <trkpt lat="54.75427667" lon="25.29411167">
    <ele>151</ele>
    <time>2022-02-16T16:02:22Z</time>
  </trkpt>
  <trkpt lat="54.75425167" lon="25.29412333">
    <ele>151</ele>
    <time>2022-02-16T16:02:23Z</time>
  </trkpt>
  <trkpt lat="54.75422833" lon="25.29412833">
    <ele>151</ele>
    <time>2022-02-16T16:02:24Z</time>
  </trkpt>
  <trkpt lat="54.75420167" lon="25.29414333">
    <ele>151</ele>
    <time>2022-02-16T16:02:25Z</time>
  </trkpt>
  <trkpt lat="54.75416333" lon="25.29415833">
    <ele>151</ele>
    <time>2022-02-16T16:02:26Z</time>
  </trkpt>
  <trkpt lat="54.75413333" lon="25.29417333">
    <ele>151</ele>
    <time>2022-02-16T16:02:27Z</time>
  </trkpt>
  <trkpt lat="54.75409667" lon="25.29419167">
    <ele>151</ele>
    <time>2022-02-16T16:02:28Z</time>
  </trkpt>
  <trkpt lat="54.754075" lon="25.29420667">
    <ele>151</ele>
    <time>2022-02-16T16:02:29Z</time>
  </trkpt>
  <trkpt lat="54.75405667" lon="25.294225">
    <ele>151</ele>
    <time>2022-02-16T16:02:30Z</time>
  </trkpt>
  <trkpt lat="54.75403833" lon="25.29424333">
    <ele>151</ele>
    <time>2022-02-16T16:02:31Z</time>
  </trkpt>
  <trkpt lat="54.75401667" lon="25.29425333">
    <ele>151</ele>
    <time>2022-02-16T16:02:32Z</time>
  </trkpt>
  <trkpt lat="54.753995" lon="25.29427333">
    <ele>151</ele>
    <time>2022-02-16T16:02:33Z</time>
  </trkpt>
  <trkpt lat="54.75397333" lon="25.29429167">
    <ele>152</ele>
    <time>2022-02-16T16:02:34Z</time>
  </trkpt>
  <trkpt lat="54.753955" lon="25.29431">
    <ele>152</ele>
    <time>2022-02-16T16:02:35Z</time>
  </trkpt>
  <trkpt lat="54.75393333" lon="25.29433">
    <ele>152</ele>
    <time>2022-02-16T16:02:36Z</time>
  </trkpt>
  <trkpt lat="54.75391167" lon="25.29434833">
    <ele>152</ele>
    <time>2022-02-16T16:02:37Z</time>
  </trkpt>
  <trkpt lat="54.753895" lon="25.29436167">
    <ele>152</ele>
    <time>2022-02-16T16:02:38Z</time>
  </trkpt>
  <trkpt lat="54.753875" lon="25.29437833">
    <ele>152</ele>
    <time>2022-02-16T16:02:39Z</time>
  </trkpt>
  <trkpt lat="54.75385333" lon="25.29438667">
    <ele>152</ele>
    <time>2022-02-16T16:02:40Z</time>
  </trkpt>
  <trkpt lat="54.75383" lon="25.29438833">
    <ele>152</ele>
    <time>2022-02-16T16:02:41Z</time>
  </trkpt>
  <trkpt lat="54.75381333" lon="25.29438667">
    <ele>152</ele>
    <time>2022-02-16T16:02:42Z</time>
  </trkpt>
  <trkpt lat="54.7538" lon="25.29437333">
    <ele>151</ele>
    <time>2022-02-16T16:02:43Z</time>
  </trkpt>
  <trkpt lat="54.75378" lon="25.29436167">
    <ele>150</ele>
    <time>2022-02-16T16:02:44Z</time>
  </trkpt>
  <trkpt lat="54.75375667" lon="25.29431333">
    <ele>150</ele>
    <time>2022-02-16T16:02:45Z</time>
  </trkpt>
  <trkpt lat="54.75373" lon="25.29427167">
    <ele>149</ele>
    <time>2022-02-16T16:02:46Z</time>
  </trkpt>
  <trkpt lat="54.753715" lon="25.29423833">
    <ele>149</ele>
    <time>2022-02-16T16:02:47Z</time>
  </trkpt>
  <trkpt lat="54.75370333" lon="25.29422167">
    <ele>148</ele>
    <time>2022-02-16T16:02:48Z</time>
  </trkpt>
  <trkpt lat="54.75368833" lon="25.29422167">
    <ele>147</ele>
    <time>2022-02-16T16:02:49Z</time>
  </trkpt>
  <trkpt lat="54.75367833" lon="25.294225">
    <ele>146</ele>
    <time>2022-02-16T16:02:50Z</time>
  </trkpt>
  <trkpt lat="54.753668330000004" lon="25.29421333">
    <ele>146</ele>
    <time>2022-02-16T16:02:51Z</time>
  </trkpt>
  <trkpt lat="54.75365333" lon="25.2942">
    <ele>145</ele>
    <time>2022-02-16T16:02:52Z</time>
  </trkpt>
  <trkpt lat="54.75364167" lon="25.29418167">
    <ele>144</ele>
    <time>2022-02-16T16:02:53Z</time>
  </trkpt>
  <trkpt lat="54.753635" lon="25.294155">
    <ele>144</ele>
    <time>2022-02-16T16:02:54Z</time>
  </trkpt>
  <trkpt lat="54.75362833" lon="25.29412833">
    <ele>143</ele>
    <time>2022-02-16T16:02:55Z</time>
  </trkpt>
  <trkpt lat="54.75361333" lon="25.294085">
    <ele>143</ele>
    <time>2022-02-16T16:02:56Z</time>
  </trkpt>
  <trkpt lat="54.75361" lon="25.29404333">
    <ele>142</ele>
    <time>2022-02-16T16:02:57Z</time>
  </trkpt>
  <trkpt lat="54.75359" lon="25.29399333">
    <ele>142</ele>
    <time>2022-02-16T16:02:58Z</time>
  </trkpt>
  <trkpt lat="54.753585" lon="25.29395167">
    <ele>141</ele>
    <time>2022-02-16T16:02:59Z</time>
  </trkpt>
  <trkpt lat="54.75358" lon="25.293915">
    <ele>141</ele>
    <time>2022-02-16T16:03:00Z</time>
  </trkpt>
  <trkpt lat="54.75358" lon="25.29387667">
    <ele>140</ele>
    <time>2022-02-16T16:03:01Z</time>
  </trkpt>
  <trkpt lat="54.75358" lon="25.29384667">
    <ele>140</ele>
    <time>2022-02-16T16:03:02Z</time>
  </trkpt>
  <trkpt lat="54.75357667" lon="25.29382167">
    <ele>140</ele>
    <time>2022-02-16T16:03:03Z</time>
  </trkpt>
  <trkpt lat="54.75357667" lon="25.29379333">
    <ele>139</ele>
    <time>2022-02-16T16:03:04Z</time>
  </trkpt>
  <trkpt lat="54.75358167" lon="25.29376167">
    <ele>139</ele>
    <time>2022-02-16T16:03:05Z</time>
  </trkpt>
  <trkpt lat="54.75358833" lon="25.293725">
    <ele>139</ele>
    <time>2022-02-16T16:03:06Z</time>
  </trkpt>
  <trkpt lat="54.75359167" lon="25.29368667">
    <ele>140</ele>
    <time>2022-02-16T16:03:07Z</time>
  </trkpt>
  <trkpt lat="54.75359167" lon="25.293655">
    <ele>140</ele>
    <time>2022-02-16T16:03:08Z</time>
  </trkpt>
  <trkpt lat="54.75359" lon="25.293625">
    <ele>141</ele>
    <time>2022-02-16T16:03:09Z</time>
  </trkpt>
  <trkpt lat="54.7536" lon="25.29360167">
    <ele>141</ele>
    <time>2022-02-16T16:03:10Z</time>
  </trkpt>
  <trkpt lat="54.75361" lon="25.29357333">
    <ele>141</ele>
    <time>2022-02-16T16:03:11Z</time>
  </trkpt>
  <trkpt lat="54.75361333" lon="25.29354167">
    <ele>141</ele>
    <time>2022-02-16T16:03:12Z</time>
  </trkpt>
  <trkpt lat="54.75361167" lon="25.29350333">
    <ele>142</ele>
    <time>2022-02-16T16:03:13Z</time>
  </trkpt>
  <trkpt lat="54.75361167" lon="25.293465">
    <ele>142</ele>
    <time>2022-02-16T16:03:14Z</time>
  </trkpt>
  <trkpt lat="54.75360667" lon="25.29342833">
    <ele>143</ele>
    <time>2022-02-16T16:03:15Z</time>
  </trkpt>
  <trkpt lat="54.753605" lon="25.29339333">
    <ele>143</ele>
    <time>2022-02-16T16:03:16Z</time>
  </trkpt>
  <trkpt lat="54.75361167" lon="25.29336">
    <ele>143</ele>
    <time>2022-02-16T16:03:17Z</time>
  </trkpt>
  <trkpt lat="54.753615" lon="25.29333">
    <ele>144</ele>
    <time>2022-02-16T16:03:18Z</time>
  </trkpt>
  <trkpt lat="54.75361667" lon="25.29329333">
    <ele>144</ele>
    <time>2022-02-16T16:03:19Z</time>
  </trkpt>
  <trkpt lat="54.75362333" lon="25.29326">
    <ele>144</ele>
    <time>2022-02-16T16:03:20Z</time>
  </trkpt>
  <trkpt lat="54.75362833" lon="25.29322833">
    <ele>144</ele>
    <time>2022-02-16T16:03:21Z</time>
  </trkpt>
  <trkpt lat="54.75362833" lon="25.293195">
    <ele>144</ele>
    <time>2022-02-16T16:03:22Z</time>
  </trkpt>
  <trkpt lat="54.75363333" lon="25.293165">
    <ele>144</ele>
    <time>2022-02-16T16:03:23Z</time>
  </trkpt>
  <trkpt lat="54.75364" lon="25.29314167">
    <ele>144</ele>
    <time>2022-02-16T16:03:24Z</time>
  </trkpt>
  <trkpt lat="54.753651670000004" lon="25.29311833">
    <ele>144</ele>
    <time>2022-02-16T16:03:25Z</time>
  </trkpt>
  <trkpt lat="54.75366667" lon="25.29309667">
    <ele>144</ele>
    <time>2022-02-16T16:03:26Z</time>
  </trkpt>
  <trkpt lat="54.75367667" lon="25.29307">
    <ele>144</ele>
    <time>2022-02-16T16:03:27Z</time>
  </trkpt>
  <trkpt lat="54.753685" lon="25.293045">
    <ele>144</ele>
    <time>2022-02-16T16:03:28Z</time>
  </trkpt>
  <trkpt lat="54.75369333" lon="25.29301667">
    <ele>144</ele>
    <time>2022-02-16T16:03:29Z</time>
  </trkpt>
  <trkpt lat="54.75370667" lon="25.29298667">
    <ele>145</ele>
    <time>2022-02-16T16:03:30Z</time>
  </trkpt>
  <trkpt lat="54.75371333" lon="25.292955">
    <ele>145</ele>
    <time>2022-02-16T16:03:31Z</time>
  </trkpt>
  <trkpt lat="54.75371833" lon="25.29291833">
    <ele>145</ele>
    <time>2022-02-16T16:03:32Z</time>
  </trkpt>
  <trkpt lat="54.75374" lon="25.29285">
    <ele>145</ele>
    <time>2022-02-16T16:03:33Z</time>
  </trkpt>
  <trkpt lat="54.75375667" lon="25.29280667">
    <ele>146</ele>
    <time>2022-02-16T16:03:34Z</time>
  </trkpt>
  <trkpt lat="54.75377167" lon="25.292785">
    <ele>146</ele>
    <time>2022-02-16T16:03:35Z</time>
  </trkpt>
  <trkpt lat="54.75378667" lon="25.29277333">
    <ele>146</ele>
    <time>2022-02-16T16:03:36Z</time>
  </trkpt>
  <trkpt lat="54.75379833" lon="25.292755">
    <ele>146</ele>
    <time>2022-02-16T16:03:37Z</time>
  </trkpt>
  <trkpt lat="54.75380667" lon="25.29273833">
    <ele>146</ele>
    <time>2022-02-16T16:03:38Z</time>
  </trkpt>
  <trkpt lat="54.75381833" lon="25.29272833">
    <ele>146</ele>
    <time>2022-02-16T16:03:39Z</time>
  </trkpt>
  <trkpt lat="54.75383333" lon="25.292715">
    <ele>146</ele>
    <time>2022-02-16T16:03:40Z</time>
  </trkpt>
  <trkpt lat="54.75385667" lon="25.29269333">
    <ele>147</ele>
    <time>2022-02-16T16:03:41Z</time>
  </trkpt>
  <trkpt lat="54.75388" lon="25.29266">
    <ele>147</ele>
    <time>2022-02-16T16:03:42Z</time>
  </trkpt>
  <trkpt lat="54.75390333" lon="25.29263833">
    <ele>147</ele>
    <time>2022-02-16T16:03:43Z</time>
  </trkpt>
  <trkpt lat="54.75392167" lon="25.29261167">
    <ele>147</ele>
    <time>2022-02-16T16:03:44Z</time>
  </trkpt>
  <trkpt lat="54.75393667" lon="25.29259667">
    <ele>147</ele>
    <time>2022-02-16T16:03:45Z</time>
  </trkpt>
  <trkpt lat="54.75396167" lon="25.29258">
    <ele>147</ele>
    <time>2022-02-16T16:03:46Z</time>
  </trkpt>
  <trkpt lat="54.75398167" lon="25.29256833">
    <ele>147</ele>
    <time>2022-02-16T16:03:47Z</time>
  </trkpt>
  <trkpt lat="54.75400167" lon="25.29257">
    <ele>148</ele>
    <time>2022-02-16T16:03:48Z</time>
  </trkpt>
  <trkpt lat="54.75402167" lon="25.292575">
    <ele>148</ele>
    <time>2022-02-16T16:03:49Z</time>
  </trkpt>
  <trkpt lat="54.75404333" lon="25.29257167">
    <ele>148</ele>
    <time>2022-02-16T16:03:50Z</time>
  </trkpt>
  <trkpt lat="54.75406167" lon="25.29256833">
    <ele>148</ele>
    <time>2022-02-16T16:03:51Z</time>
  </trkpt>
  <trkpt lat="54.75406833" lon="25.29256667">
    <ele>148</ele>
    <time>2022-02-16T16:03:52Z</time>
  </trkpt>
  <trkpt lat="54.75407" lon="25.29255">
    <ele>149</ele>
    <time>2022-02-16T16:03:53Z</time>
  </trkpt>
  <trkpt lat="54.75409333" lon="25.29251333">
    <ele>149</ele>
    <time>2022-02-16T16:03:54Z</time>
  </trkpt>
  <trkpt lat="54.75411167" lon="25.29246">
    <ele>149</ele>
    <time>2022-02-16T16:03:55Z</time>
  </trkpt>
  <trkpt lat="54.75412333" lon="25.29241333">
    <ele>149</ele>
    <time>2022-02-16T16:03:56Z</time>
  </trkpt>
  <trkpt lat="54.754145" lon="25.29236167">
    <ele>149</ele>
    <time>2022-02-16T16:03:57Z</time>
  </trkpt>
  <trkpt lat="54.75417167" lon="25.292335">
    <ele>149</ele>
    <time>2022-02-16T16:03:58Z</time>
  </trkpt>
  <trkpt lat="54.75419833" lon="25.29229667">
    <ele>149</ele>
    <time>2022-02-16T16:03:59Z</time>
  </trkpt>
  <trkpt lat="54.754215" lon="25.29226833">
    <ele>149</ele>
    <time>2022-02-16T16:04:00Z</time>
  </trkpt>
  <trkpt lat="54.75423333" lon="25.29224167">
    <ele>149</ele>
    <time>2022-02-16T16:04:01Z</time>
  </trkpt>
  <trkpt lat="54.75426833" lon="25.29221167">
    <ele>149</ele>
    <time>2022-02-16T16:04:02Z</time>
  </trkpt>
  <trkpt lat="54.754285" lon="25.29215333">
    <ele>149</ele>
    <time>2022-02-16T16:04:03Z</time>
  </trkpt>
  <trkpt lat="54.75429833" lon="25.29212167">
    <ele>148</ele>
    <time>2022-02-16T16:04:04Z</time>
  </trkpt>
  <trkpt lat="54.75431" lon="25.29211">
    <ele>148</ele>
    <time>2022-02-16T16:04:05Z</time>
  </trkpt>
  <trkpt lat="54.75432" lon="25.29209">
    <ele>148</ele>
    <time>2022-02-16T16:04:06Z</time>
  </trkpt>
  <trkpt lat="54.75434" lon="25.29206833">
    <ele>148</ele>
    <time>2022-02-16T16:04:07Z</time>
  </trkpt>
  <trkpt lat="54.75436" lon="25.29206167">
    <ele>148</ele>
    <time>2022-02-16T16:04:08Z</time>
  </trkpt>
  <trkpt lat="54.75437167" lon="25.29205667">
    <ele>148</ele>
    <time>2022-02-16T16:04:09Z</time>
  </trkpt>
  <trkpt lat="54.75439" lon="25.29205">
    <ele>149</ele>
    <time>2022-02-16T16:04:10Z</time>
  </trkpt>
  <trkpt lat="54.754405" lon="25.29204333">
    <ele>148</ele>
    <time>2022-02-16T16:04:11Z</time>
  </trkpt>
  <trkpt lat="54.754425" lon="25.292035">
    <ele>148</ele>
    <time>2022-02-16T16:04:12Z</time>
  </trkpt>
  <trkpt lat="54.75444167" lon="25.292035">
    <ele>148</ele>
    <time>2022-02-16T16:04:13Z</time>
  </trkpt>
  <trkpt lat="54.75445333" lon="25.292035">
    <ele>148</ele>
    <time>2022-02-16T16:04:14Z</time>
  </trkpt>
  <trkpt lat="54.75446833" lon="25.29203667">
    <ele>147</ele>
    <time>2022-02-16T16:04:15Z</time>
  </trkpt>
  <trkpt lat="54.75448667" lon="25.29204">
    <ele>147</ele>
    <time>2022-02-16T16:04:16Z</time>
  </trkpt>
  <trkpt lat="54.754505" lon="25.29204333">
    <ele>147</ele>
    <time>2022-02-16T16:04:17Z</time>
  </trkpt>
  <trkpt lat="54.754525" lon="25.292045">
    <ele>146</ele>
    <time>2022-02-16T16:04:18Z</time>
  </trkpt>
  <trkpt lat="54.75454833" lon="25.29204">
    <ele>146</ele>
    <time>2022-02-16T16:04:19Z</time>
  </trkpt>
  <trkpt lat="54.75457" lon="25.29203333">
    <ele>146</ele>
    <time>2022-02-16T16:04:20Z</time>
  </trkpt>
  <trkpt lat="54.75459333" lon="25.292035">
    <ele>145</ele>
    <time>2022-02-16T16:04:21Z</time>
  </trkpt>
  <trkpt lat="54.75461667" lon="25.29204667">
    <ele>145</ele>
    <time>2022-02-16T16:04:22Z</time>
  </trkpt>
  <trkpt lat="54.75463667" lon="25.29206333">
    <ele>145</ele>
    <time>2022-02-16T16:04:23Z</time>
  </trkpt>
  <trkpt lat="54.75465333" lon="25.29208">
    <ele>145</ele>
    <time>2022-02-16T16:04:24Z</time>
  </trkpt>
  <trkpt lat="54.75466833" lon="25.29209667">
    <ele>145</ele>
    <time>2022-02-16T16:04:25Z</time>
  </trkpt>
  <trkpt lat="54.754695" lon="25.29212167">
    <ele>145</ele>
    <time>2022-02-16T16:04:26Z</time>
  </trkpt>
  <trkpt lat="54.75472167" lon="25.29213333">
    <ele>145</ele>
    <time>2022-02-16T16:04:27Z</time>
  </trkpt>
  <trkpt lat="54.75475167" lon="25.29214">
    <ele>145</ele>
    <time>2022-02-16T16:04:28Z</time>
  </trkpt>
  <trkpt lat="54.75479667" lon="25.29213833">
    <ele>145</ele>
    <time>2022-02-16T16:04:29Z</time>
  </trkpt>
  <trkpt lat="54.75482167" lon="25.29215833">
    <ele>145</ele>
    <time>2022-02-16T16:04:30Z</time>
  </trkpt>
  <trkpt lat="54.75483833" lon="25.29218333">
    <ele>145</ele>
    <time>2022-02-16T16:04:31Z</time>
  </trkpt>
  <trkpt lat="54.75486" lon="25.29219833">
    <ele>145</ele>
    <time>2022-02-16T16:04:32Z</time>
  </trkpt>
  <trkpt lat="54.75487833" lon="25.29221167">
    <ele>145</ele>
    <time>2022-02-16T16:04:33Z</time>
  </trkpt>
  <trkpt lat="54.7549" lon="25.29222333">
    <ele>144</ele>
    <time>2022-02-16T16:04:34Z</time>
  </trkpt>
  <trkpt lat="54.75491333" lon="25.29223">
    <ele>144</ele>
    <time>2022-02-16T16:04:35Z</time>
  </trkpt>
  <trkpt lat="54.754935" lon="25.29222833">
    <ele>144</ele>
    <time>2022-02-16T16:04:36Z</time>
  </trkpt>
  <trkpt lat="54.75495833" lon="25.29222667">
    <ele>144</ele>
    <time>2022-02-16T16:04:37Z</time>
  </trkpt>
  <trkpt lat="54.75497833" lon="25.29221833">
    <ele>144</ele>
    <time>2022-02-16T16:04:38Z</time>
  </trkpt>
  <trkpt lat="54.75500167" lon="25.29221167">
    <ele>144</ele>
    <time>2022-02-16T16:04:39Z</time>
  </trkpt>
  <trkpt lat="54.755025" lon="25.29220833">
    <ele>144</ele>
    <time>2022-02-16T16:04:40Z</time>
  </trkpt>
  <trkpt lat="54.75504167" lon="25.29221167">
    <ele>144</ele>
    <time>2022-02-16T16:04:41Z</time>
  </trkpt>
  <trkpt lat="54.75506" lon="25.29222167">
    <ele>144</ele>
    <time>2022-02-16T16:04:42Z</time>
  </trkpt>
  <trkpt lat="54.75508167" lon="25.29223833">
    <ele>145</ele>
    <time>2022-02-16T16:04:43Z</time>
  </trkpt>
  <trkpt lat="54.755105" lon="25.29226">
    <ele>145</ele>
    <time>2022-02-16T16:04:44Z</time>
  </trkpt>
  <trkpt lat="54.75512167" lon="25.29228333">
    <ele>145</ele>
    <time>2022-02-16T16:04:45Z</time>
  </trkpt>
  <trkpt lat="54.75514" lon="25.29233333">
    <ele>145</ele>
    <time>2022-02-16T16:04:46Z</time>
  </trkpt>
  <trkpt lat="54.75515" lon="25.29238667">
    <ele>145</ele>
    <time>2022-02-16T16:04:47Z</time>
  </trkpt>
  <trkpt lat="54.75514833" lon="25.29244333">
    <ele>145</ele>
    <time>2022-02-16T16:04:48Z</time>
  </trkpt>
  <trkpt lat="54.755145" lon="25.29249333">
    <ele>145</ele>
    <time>2022-02-16T16:04:49Z</time>
  </trkpt>
  <trkpt lat="54.75514833" lon="25.29253167">
    <ele>145</ele>
    <time>2022-02-16T16:04:50Z</time>
  </trkpt>
  <trkpt lat="54.75516667" lon="25.29256167">
    <ele>146</ele>
    <time>2022-02-16T16:04:51Z</time>
  </trkpt>
  <trkpt lat="54.75518333" lon="25.29259167">
    <ele>146</ele>
    <time>2022-02-16T16:04:52Z</time>
  </trkpt>
  <trkpt lat="54.75520167" lon="25.29262167">
    <ele>146</ele>
    <time>2022-02-16T16:04:53Z</time>
  </trkpt>
  <trkpt lat="54.75521" lon="25.292655">
    <ele>146</ele>
    <time>2022-02-16T16:04:54Z</time>
  </trkpt>
  <trkpt lat="54.75521167" lon="25.29269">
    <ele>147</ele>
    <time>2022-02-16T16:04:55Z</time>
  </trkpt>
  <trkpt lat="54.75521333" lon="25.29272667">
    <ele>147</ele>
    <time>2022-02-16T16:04:56Z</time>
  </trkpt>
  <trkpt lat="54.75522167" lon="25.29275167">
    <ele>147</ele>
    <time>2022-02-16T16:04:57Z</time>
  </trkpt>
  <trkpt lat="54.75523" lon="25.29277167">
    <ele>147</ele>
    <time>2022-02-16T16:04:58Z</time>
  </trkpt>
  <trkpt lat="54.75523833" lon="25.29278167">
    <ele>147</ele>
    <time>2022-02-16T16:04:59Z</time>
  </trkpt>
  <trkpt lat="54.75524667" lon="25.29278">
    <ele>147</ele>
    <time>2022-02-16T16:05:00Z</time>
  </trkpt>
  <trkpt lat="54.755255" lon="25.292775">
    <ele>147</ele>
    <time>2022-02-16T16:05:01Z</time>
  </trkpt>
  <trkpt lat="54.75525833" lon="25.29276333">
    <ele>147</ele>
    <time>2022-02-16T16:05:02Z</time>
  </trkpt>
  <trkpt lat="54.755255" lon="25.29274833">
    <ele>148</ele>
    <time>2022-02-16T16:05:03Z</time>
  </trkpt>
  <trkpt lat="54.75526" lon="25.29273167">
    <ele>149</ele>
    <time>2022-02-16T16:05:04Z</time>
  </trkpt>
  <trkpt lat="54.75526833" lon="25.29270833">
    <ele>149</ele>
    <time>2022-02-16T16:05:05Z</time>
  </trkpt>
  <trkpt lat="54.75527667" lon="25.292685">
    <ele>150</ele>
    <time>2022-02-16T16:05:06Z</time>
  </trkpt>
  <trkpt lat="54.755285" lon="25.29265333">
    <ele>150</ele>
    <time>2022-02-16T16:05:07Z</time>
  </trkpt>
  <trkpt lat="54.75528833" lon="25.29262">
    <ele>150</ele>
    <time>2022-02-16T16:05:08Z</time>
  </trkpt>
  <trkpt lat="54.75529" lon="25.29258167">
    <ele>150</ele>
    <time>2022-02-16T16:05:09Z</time>
  </trkpt>
  <trkpt lat="54.75529333" lon="25.29254333">
    <ele>150</ele>
    <time>2022-02-16T16:05:10Z</time>
  </trkpt>
  <trkpt lat="54.75530167" lon="25.292505">
    <ele>150</ele>
    <time>2022-02-16T16:05:11Z</time>
  </trkpt>
  <trkpt lat="54.75530833" lon="25.29246667">
    <ele>150</ele>
    <time>2022-02-16T16:05:12Z</time>
  </trkpt>
  <trkpt lat="54.755305" lon="25.29241833">
    <ele>150</ele>
    <time>2022-02-16T16:05:13Z</time>
  </trkpt>
  <trkpt lat="54.755305" lon="25.29236333">
    <ele>150</ele>
    <time>2022-02-16T16:05:14Z</time>
  </trkpt>
  <trkpt lat="54.7553" lon="25.29230667">
    <ele>150</ele>
    <time>2022-02-16T16:05:15Z</time>
  </trkpt>
  <trkpt lat="54.75530167" lon="25.29226333">
    <ele>149</ele>
    <time>2022-02-16T16:05:16Z</time>
  </trkpt>
  <trkpt lat="54.755305" lon="25.29222167">
    <ele>149</ele>
    <time>2022-02-16T16:05:17Z</time>
  </trkpt>
  <trkpt lat="54.75531167" lon="25.29219">
    <ele>149</ele>
    <time>2022-02-16T16:05:18Z</time>
  </trkpt>
  <trkpt lat="54.755315" lon="25.29216167">
    <ele>148</ele>
    <time>2022-02-16T16:05:19Z</time>
  </trkpt>
  <trkpt lat="54.755315" lon="25.29213333">
    <ele>148</ele>
    <time>2022-02-16T16:05:20Z</time>
  </trkpt>
  <trkpt lat="54.75532167" lon="25.29210167">
    <ele>148</ele>
    <time>2022-02-16T16:05:21Z</time>
  </trkpt>
  <trkpt lat="54.75533333" lon="25.29207833">
    <ele>149</ele>
    <time>2022-02-16T16:05:22Z</time>
  </trkpt>
  <trkpt lat="54.75534333" lon="25.29203">
    <ele>149</ele>
    <time>2022-02-16T16:05:23Z</time>
  </trkpt>
  <trkpt lat="54.75536333" lon="25.29199">
    <ele>149</ele>
    <time>2022-02-16T16:05:24Z</time>
  </trkpt>
  <trkpt lat="54.75537833" lon="25.291955">
    <ele>149</ele>
    <time>2022-02-16T16:05:25Z</time>
  </trkpt>
  <trkpt lat="54.75539167" lon="25.29192667">
    <ele>149</ele>
    <time>2022-02-16T16:05:26Z</time>
  </trkpt>
  <trkpt lat="54.75539667" lon="25.291905">
    <ele>148</ele>
    <time>2022-02-16T16:05:27Z</time>
  </trkpt>
  <trkpt lat="54.75539833" lon="25.29188167">
    <ele>148</ele>
    <time>2022-02-16T16:05:28Z</time>
  </trkpt>
  <trkpt lat="54.75540333" lon="25.29186667">
    <ele>148</ele>
    <time>2022-02-16T16:05:29Z</time>
  </trkpt>
  <trkpt lat="54.75541833" lon="25.291845">
    <ele>148</ele>
    <time>2022-02-16T16:05:30Z</time>
  </trkpt>
  <trkpt lat="54.75543" lon="25.291825">
    <ele>147</ele>
    <time>2022-02-16T16:05:31Z</time>
  </trkpt>
  <trkpt lat="54.75544667" lon="25.291805">
    <ele>147</ele>
    <time>2022-02-16T16:05:32Z</time>
  </trkpt>
  <trkpt lat="54.75546167" lon="25.29178">
    <ele>147</ele>
    <time>2022-02-16T16:05:33Z</time>
  </trkpt>
  <trkpt lat="54.75548167" lon="25.29175833">
    <ele>146</ele>
    <time>2022-02-16T16:05:34Z</time>
  </trkpt>
  <trkpt lat="54.755495" lon="25.29173333">
    <ele>146</ele>
    <time>2022-02-16T16:05:35Z</time>
  </trkpt>
  <trkpt lat="54.75551" lon="25.29170667">
    <ele>145</ele>
    <time>2022-02-16T16:05:36Z</time>
  </trkpt>
  <trkpt lat="54.75551833" lon="25.29167667">
    <ele>145</ele>
    <time>2022-02-16T16:05:37Z</time>
  </trkpt>
  <trkpt lat="54.75552667" lon="25.29165">
    <ele>144</ele>
    <time>2022-02-16T16:05:38Z</time>
  </trkpt>
  <trkpt lat="54.755535" lon="25.291635">
    <ele>144</ele>
    <time>2022-02-16T16:05:39Z</time>
  </trkpt>
  <trkpt lat="54.75554167" lon="25.291625">
    <ele>144</ele>
    <time>2022-02-16T16:05:40Z</time>
  </trkpt>
  <trkpt lat="54.75554833" lon="25.29162333">
    <ele>143</ele>
    <time>2022-02-16T16:05:41Z</time>
  </trkpt>
  <trkpt lat="54.75556" lon="25.29162">
    <ele>143</ele>
    <time>2022-02-16T16:05:42Z</time>
  </trkpt>
  <trkpt lat="54.75557667" lon="25.29161667">
    <ele>143</ele>
    <time>2022-02-16T16:05:43Z</time>
  </trkpt>
  <trkpt lat="54.75559667" lon="25.29160667">
    <ele>143</ele>
    <time>2022-02-16T16:05:44Z</time>
  </trkpt>
  <trkpt lat="54.75561333" lon="25.29159667">
    <ele>143</ele>
    <time>2022-02-16T16:05:45Z</time>
  </trkpt>
  <trkpt lat="54.75562667" lon="25.29159333">
    <ele>143</ele>
    <time>2022-02-16T16:05:46Z</time>
  </trkpt>
  <trkpt lat="54.75564333" lon="25.29159167">
    <ele>143</ele>
    <time>2022-02-16T16:05:47Z</time>
  </trkpt>
  <trkpt lat="54.75565833" lon="25.29159333">
    <ele>143</ele>
    <time>2022-02-16T16:05:48Z</time>
  </trkpt>
  <trkpt lat="54.75567333" lon="25.29159333">
    <ele>143</ele>
    <time>2022-02-16T16:05:49Z</time>
  </trkpt>
  <trkpt lat="54.75569833" lon="25.291595">
    <ele>143</ele>
    <time>2022-02-16T16:05:50Z</time>
  </trkpt>
  <trkpt lat="54.755715" lon="25.29159667">
    <ele>143</ele>
    <time>2022-02-16T16:05:51Z</time>
  </trkpt>
  <trkpt lat="54.755735" lon="25.29159667">
    <ele>143</ele>
    <time>2022-02-16T16:05:52Z</time>
  </trkpt>
  <trkpt lat="54.75575333" lon="25.29159833">
    <ele>143</ele>
    <time>2022-02-16T16:05:53Z</time>
  </trkpt>
  <trkpt lat="54.75577667" lon="25.291605">
    <ele>143</ele>
    <time>2022-02-16T16:05:54Z</time>
  </trkpt>
  <trkpt lat="54.75580833" lon="25.29159833">
    <ele>143</ele>
    <time>2022-02-16T16:05:55Z</time>
  </trkpt>
  <trkpt lat="54.75584333" lon="25.29157167">
    <ele>143</ele>
    <time>2022-02-16T16:05:56Z</time>
  </trkpt>
  <trkpt lat="54.75587333" lon="25.29155667">
    <ele>143</ele>
    <time>2022-02-16T16:05:57Z</time>
  </trkpt>
  <trkpt lat="54.75588833" lon="25.29154333">
    <ele>144</ele>
    <time>2022-02-16T16:05:58Z</time>
  </trkpt>
  <trkpt lat="54.75590333" lon="25.29153">
    <ele>144</ele>
    <time>2022-02-16T16:05:59Z</time>
  </trkpt>
  <trkpt lat="54.75591667" lon="25.291495">
    <ele>145</ele>
    <time>2022-02-16T16:06:00Z</time>
  </trkpt>
  <trkpt lat="54.75592667" lon="25.29146833">
    <ele>146</ele>
    <time>2022-02-16T16:06:01Z</time>
  </trkpt>
  <trkpt lat="54.75594" lon="25.291445">
    <ele>146</ele>
    <time>2022-02-16T16:06:02Z</time>
  </trkpt>
  <trkpt lat="54.75594833" lon="25.29143167">
    <ele>146</ele>
    <time>2022-02-16T16:06:03Z</time>
  </trkpt>
  <trkpt lat="54.75596167" lon="25.29142">
    <ele>147</ele>
    <time>2022-02-16T16:06:04Z</time>
  </trkpt>
  <trkpt lat="54.75597833" lon="25.29141167">
    <ele>147</ele>
    <time>2022-02-16T16:06:05Z</time>
  </trkpt>
  <trkpt lat="54.75600167" lon="25.29137667">
    <ele>147</ele>
    <time>2022-02-16T16:06:06Z</time>
  </trkpt>
  <trkpt lat="54.75600167" lon="25.29132">
    <ele>148</ele>
    <time>2022-02-16T16:06:07Z</time>
  </trkpt>
  <trkpt lat="54.756005" lon="25.291295">
    <ele>148</ele>
    <time>2022-02-16T16:06:08Z</time>
  </trkpt>
  <trkpt lat="54.75601" lon="25.29126833">
    <ele>148</ele>
    <time>2022-02-16T16:06:09Z</time>
  </trkpt>
  <trkpt lat="54.75600667" lon="25.291255">
    <ele>148</ele>
    <time>2022-02-16T16:06:10Z</time>
  </trkpt>
  <trkpt lat="54.75601667" lon="25.29124667">
    <ele>148</ele>
    <time>2022-02-16T16:06:11Z</time>
  </trkpt>
  <trkpt lat="54.756025" lon="25.29123833">
    <ele>148</ele>
    <time>2022-02-16T16:06:12Z</time>
  </trkpt>
  <trkpt lat="54.75603833" lon="25.29123">
    <ele>148</ele>
    <time>2022-02-16T16:06:13Z</time>
  </trkpt>
  <trkpt lat="54.75604667" lon="25.29121833">
    <ele>148</ele>
    <time>2022-02-16T16:06:14Z</time>
  </trkpt>
  <trkpt lat="54.75605333" lon="25.29121">
    <ele>147</ele>
    <time>2022-02-16T16:06:15Z</time>
  </trkpt>
  <trkpt lat="54.75606333" lon="25.29120167">
    <ele>147</ele>
    <time>2022-02-16T16:06:16Z</time>
  </trkpt>
  <trkpt lat="54.75607" lon="25.29119">
    <ele>146</ele>
    <time>2022-02-16T16:06:17Z</time>
  </trkpt>
  <trkpt lat="54.75607333" lon="25.29117167">
    <ele>146</ele>
    <time>2022-02-16T16:06:18Z</time>
  </trkpt>
  <trkpt lat="54.75607333" lon="25.29115">
    <ele>146</ele>
    <time>2022-02-16T16:06:19Z</time>
  </trkpt>
  <trkpt lat="54.756075" lon="25.29112667">
    <ele>146</ele>
    <time>2022-02-16T16:06:20Z</time>
  </trkpt>
  <trkpt lat="54.75608" lon="25.29110833">
    <ele>146</ele>
    <time>2022-02-16T16:06:21Z</time>
  </trkpt>
  <trkpt lat="54.756085" lon="25.29108667">
    <ele>145</ele>
    <time>2022-02-16T16:06:22Z</time>
  </trkpt>
  <trkpt lat="54.75608" lon="25.29104">
    <ele>145</ele>
    <time>2022-02-16T16:06:23Z</time>
  </trkpt>
  <trkpt lat="54.756095" lon="25.291005">
    <ele>145</ele>
    <time>2022-02-16T16:06:24Z</time>
  </trkpt>
  <trkpt lat="54.75611333" lon="25.29097">
    <ele>145</ele>
    <time>2022-02-16T16:06:25Z</time>
  </trkpt>
  <trkpt lat="54.75612833" lon="25.29095333">
    <ele>145</ele>
    <time>2022-02-16T16:06:26Z</time>
  </trkpt>
  <trkpt lat="54.75614667" lon="25.290935">
    <ele>146</ele>
    <time>2022-02-16T16:06:27Z</time>
  </trkpt>
  <trkpt lat="54.75616833" lon="25.29091833">
    <ele>146</ele>
    <time>2022-02-16T16:06:28Z</time>
  </trkpt>
  <trkpt lat="54.75618333" lon="25.29089167">
    <ele>147</ele>
    <time>2022-02-16T16:06:29Z</time>
  </trkpt>
  <trkpt lat="54.7562" lon="25.29085667">
    <ele>148</ele>
    <time>2022-02-16T16:06:30Z</time>
  </trkpt>
  <trkpt lat="54.756215" lon="25.29083333">
    <ele>149</ele>
    <time>2022-02-16T16:06:31Z</time>
  </trkpt>
  <trkpt lat="54.75623667" lon="25.29081">
    <ele>150</ele>
    <time>2022-02-16T16:06:32Z</time>
  </trkpt>
  <trkpt lat="54.75625833" lon="25.2908">
    <ele>150</ele>
    <time>2022-02-16T16:06:33Z</time>
  </trkpt>
  <trkpt lat="54.756285" lon="25.29081">
    <ele>151</ele>
    <time>2022-02-16T16:06:34Z</time>
  </trkpt>
  <trkpt lat="54.75631167" lon="25.29082167">
    <ele>151</ele>
    <time>2022-02-16T16:06:35Z</time>
  </trkpt>
  <trkpt lat="54.75633667" lon="25.29084167">
    <ele>151</ele>
    <time>2022-02-16T16:06:36Z</time>
  </trkpt>
  <trkpt lat="54.75635667" lon="25.29086833">
    <ele>151</ele>
    <time>2022-02-16T16:06:37Z</time>
  </trkpt>
  <trkpt lat="54.75638333" lon="25.29089333">
    <ele>151</ele>
    <time>2022-02-16T16:06:38Z</time>
  </trkpt>
  <trkpt lat="54.75641167" lon="25.29092167">
    <ele>151</ele>
    <time>2022-02-16T16:06:39Z</time>
  </trkpt>
  <trkpt lat="54.75644" lon="25.29095167">
    <ele>150</ele>
    <time>2022-02-16T16:06:40Z</time>
  </trkpt>
  <trkpt lat="54.75646667" lon="25.29098">
    <ele>150</ele>
    <time>2022-02-16T16:06:41Z</time>
  </trkpt>
  <trkpt lat="54.75649" lon="25.29100667">
    <ele>150</ele>
    <time>2022-02-16T16:06:42Z</time>
  </trkpt>
  <trkpt lat="54.75651167" lon="25.29103167">
    <ele>150</ele>
    <time>2022-02-16T16:06:43Z</time>
  </trkpt>
  <trkpt lat="54.75653333" lon="25.29105667">
    <ele>150</ele>
    <time>2022-02-16T16:06:44Z</time>
  </trkpt>
  <trkpt lat="54.75655167" lon="25.29108">
    <ele>149</ele>
    <time>2022-02-16T16:06:45Z</time>
  </trkpt>
  <trkpt lat="54.75657333" lon="25.29111333">
    <ele>149</ele>
    <time>2022-02-16T16:06:46Z</time>
  </trkpt>
  <trkpt lat="54.75659833" lon="25.29114333">
    <ele>149</ele>
    <time>2022-02-16T16:06:47Z</time>
  </trkpt>
  <trkpt lat="54.75662" lon="25.29117">
    <ele>149</ele>
    <time>2022-02-16T16:06:48Z</time>
  </trkpt>
  <trkpt lat="54.75664167" lon="25.2912">
    <ele>149</ele>
    <time>2022-02-16T16:06:49Z</time>
  </trkpt>
  <trkpt lat="54.75666333" lon="25.29123">
    <ele>148</ele>
    <time>2022-02-16T16:06:50Z</time>
  </trkpt>
  <trkpt lat="54.75668333" lon="25.29126167">
    <ele>148</ele>
    <time>2022-02-16T16:06:51Z</time>
  </trkpt>
  <trkpt lat="54.7567" lon="25.291295">
    <ele>147</ele>
    <time>2022-02-16T16:06:52Z</time>
  </trkpt>
  <trkpt lat="54.75672" lon="25.29133">
    <ele>147</ele>
    <time>2022-02-16T16:06:53Z</time>
  </trkpt>
  <trkpt lat="54.75673667" lon="25.291365">
    <ele>146</ele>
    <time>2022-02-16T16:06:54Z</time>
  </trkpt>
  <trkpt lat="54.75675667" lon="25.29140333">
    <ele>145</ele>
    <time>2022-02-16T16:06:55Z</time>
  </trkpt>
  <trkpt lat="54.756775" lon="25.29144167">
    <ele>144</ele>
    <time>2022-02-16T16:06:56Z</time>
  </trkpt>
  <trkpt lat="54.75679333" lon="25.29148">
    <ele>144</ele>
    <time>2022-02-16T16:06:57Z</time>
  </trkpt>
  <trkpt lat="54.756815" lon="25.29151667">
    <ele>143</ele>
    <time>2022-02-16T16:06:58Z</time>
  </trkpt>
  <trkpt lat="54.75683833" lon="25.29155167">
    <ele>143</ele>
    <time>2022-02-16T16:06:59Z</time>
  </trkpt>
  <trkpt lat="54.75686" lon="25.29158667">
    <ele>143</ele>
    <time>2022-02-16T16:07:00Z</time>
  </trkpt>
  <trkpt lat="54.75688333" lon="25.29161667">
    <ele>142</ele>
    <time>2022-02-16T16:07:01Z</time>
  </trkpt>
  <trkpt lat="54.75690667" lon="25.29164167">
    <ele>142</ele>
    <time>2022-02-16T16:07:02Z</time>
  </trkpt>
  <trkpt lat="54.75693167" lon="25.29166167">
    <ele>142</ele>
    <time>2022-02-16T16:07:03Z</time>
  </trkpt>
  <trkpt lat="54.75695833" lon="25.29167167">
    <ele>142</ele>
    <time>2022-02-16T16:07:04Z</time>
  </trkpt>
  <trkpt lat="54.75698333" lon="25.29168">
    <ele>142</ele>
    <time>2022-02-16T16:07:05Z</time>
  </trkpt>
  <trkpt lat="54.75701" lon="25.29168667">
    <ele>141</ele>
    <time>2022-02-16T16:07:06Z</time>
  </trkpt>
  <trkpt lat="54.75703667" lon="25.29169667">
    <ele>141</ele>
    <time>2022-02-16T16:07:07Z</time>
  </trkpt>
  <trkpt lat="54.75706333" lon="25.29171">
    <ele>141</ele>
    <time>2022-02-16T16:07:08Z</time>
  </trkpt>
  <trkpt lat="54.75709" lon="25.29172667">
    <ele>141</ele>
    <time>2022-02-16T16:07:09Z</time>
  </trkpt>
  <trkpt lat="54.75711333" lon="25.29174333">
    <ele>141</ele>
    <time>2022-02-16T16:07:10Z</time>
  </trkpt>
  <trkpt lat="54.757135" lon="25.29176333">
    <ele>141</ele>
    <time>2022-02-16T16:07:11Z</time>
  </trkpt>
  <trkpt lat="54.75715833" lon="25.29178333">
    <ele>141</ele>
    <time>2022-02-16T16:07:12Z</time>
  </trkpt>
  <trkpt lat="54.75718167" lon="25.29180667">
    <ele>141</ele>
    <time>2022-02-16T16:07:13Z</time>
  </trkpt>
  <trkpt lat="54.75719667" lon="25.29183167">
    <ele>141</ele>
    <time>2022-02-16T16:07:14Z</time>
  </trkpt>
  <trkpt lat="54.757215" lon="25.29185167">
    <ele>141</ele>
    <time>2022-02-16T16:07:15Z</time>
  </trkpt>
  <trkpt lat="54.75724167" lon="25.29187833">
    <ele>142</ele>
    <time>2022-02-16T16:07:16Z</time>
  </trkpt>
  <trkpt lat="54.75726667" lon="25.29191">
    <ele>142</ele>
    <time>2022-02-16T16:07:17Z</time>
  </trkpt>
  <trkpt lat="54.75729" lon="25.29193833">
    <ele>143</ele>
    <time>2022-02-16T16:07:18Z</time>
  </trkpt>
  <trkpt lat="54.75731" lon="25.29196167">
    <ele>144</ele>
    <time>2022-02-16T16:07:19Z</time>
  </trkpt>
  <trkpt lat="54.757335" lon="25.29198167">
    <ele>144</ele>
    <time>2022-02-16T16:07:20Z</time>
  </trkpt>
  <trkpt lat="54.75735833" lon="25.29199833">
    <ele>144</ele>
    <time>2022-02-16T16:07:21Z</time>
  </trkpt>
  <trkpt lat="54.757385" lon="25.29201">
    <ele>145</ele>
    <time>2022-02-16T16:07:22Z</time>
  </trkpt>
  <trkpt lat="54.75741333" lon="25.29202">
    <ele>145</ele>
    <time>2022-02-16T16:07:23Z</time>
  </trkpt>
  <trkpt lat="54.75744167" lon="25.29203">
    <ele>145</ele>
    <time>2022-02-16T16:07:24Z</time>
  </trkpt>
  <trkpt lat="54.75747" lon="25.29204167">
    <ele>146</ele>
    <time>2022-02-16T16:07:25Z</time>
  </trkpt>
  <trkpt lat="54.75749667" lon="25.29205">
    <ele>146</ele>
    <time>2022-02-16T16:07:26Z</time>
  </trkpt>
  <trkpt lat="54.75752167" lon="25.292055">
    <ele>146</ele>
    <time>2022-02-16T16:07:27Z</time>
  </trkpt>
  <trkpt lat="54.75754333" lon="25.29206167">
    <ele>147</ele>
    <time>2022-02-16T16:07:28Z</time>
  </trkpt>
  <trkpt lat="54.75756667" lon="25.29206833">
    <ele>147</ele>
    <time>2022-02-16T16:07:29Z</time>
  </trkpt>
  <trkpt lat="54.75759333" lon="25.29207167">
    <ele>147</ele>
    <time>2022-02-16T16:07:30Z</time>
  </trkpt>
  <trkpt lat="54.757625" lon="25.29207167">
    <ele>147</ele>
    <time>2022-02-16T16:07:31Z</time>
  </trkpt>
  <trkpt lat="54.75765167" lon="25.29207667">
    <ele>147</ele>
    <time>2022-02-16T16:07:32Z</time>
  </trkpt>
  <trkpt lat="54.75767833" lon="25.29208333">
    <ele>148</ele>
    <time>2022-02-16T16:07:33Z</time>
  </trkpt>
  <trkpt lat="54.75769833" lon="25.29209333">
    <ele>148</ele>
    <time>2022-02-16T16:07:34Z</time>
  </trkpt>
  <trkpt lat="54.75772" lon="25.29210167">
    <ele>149</ele>
    <time>2022-02-16T16:07:35Z</time>
  </trkpt>
  <trkpt lat="54.75774167" lon="25.29210833">
    <ele>149</ele>
    <time>2022-02-16T16:07:36Z</time>
  </trkpt>
  <trkpt lat="54.75776167" lon="25.29212">
    <ele>149</ele>
    <time>2022-02-16T16:07:37Z</time>
  </trkpt>
  <trkpt lat="54.75778667" lon="25.29213667">
    <ele>149</ele>
    <time>2022-02-16T16:07:38Z</time>
  </trkpt>
  <trkpt lat="54.75780833" lon="25.292155">
    <ele>149</ele>
    <time>2022-02-16T16:07:39Z</time>
  </trkpt>
  <trkpt lat="54.75783167" lon="25.29216833">
    <ele>149</ele>
    <time>2022-02-16T16:07:40Z</time>
  </trkpt>
  <trkpt lat="54.75785833" lon="25.29218167">
    <ele>149</ele>
    <time>2022-02-16T16:07:41Z</time>
  </trkpt>
  <trkpt lat="54.75788333" lon="25.29220167">
    <ele>149</ele>
    <time>2022-02-16T16:07:42Z</time>
  </trkpt>
  <trkpt lat="54.757905" lon="25.29222167">
    <ele>149</ele>
    <time>2022-02-16T16:07:43Z</time>
  </trkpt>
  <trkpt lat="54.757925" lon="25.29223833">
    <ele>149</ele>
    <time>2022-02-16T16:07:44Z</time>
  </trkpt>
  <trkpt lat="54.757945" lon="25.292255">
    <ele>149</ele>
    <time>2022-02-16T16:07:45Z</time>
  </trkpt>
  <trkpt lat="54.75796667" lon="25.29226833">
    <ele>149</ele>
    <time>2022-02-16T16:07:46Z</time>
  </trkpt>
  <trkpt lat="54.757985" lon="25.292275">
    <ele>150</ele>
    <time>2022-02-16T16:07:47Z</time>
  </trkpt>
  <trkpt lat="54.75800333" lon="25.29228333">
    <ele>150</ele>
    <time>2022-02-16T16:07:48Z</time>
  </trkpt>
  <trkpt lat="54.75802167" lon="25.29228833">
    <ele>150</ele>
    <time>2022-02-16T16:07:49Z</time>
  </trkpt>
  <trkpt lat="54.75803833" lon="25.29229333">
    <ele>150</ele>
    <time>2022-02-16T16:07:50Z</time>
  </trkpt>
  <trkpt lat="54.75806" lon="25.29230167">
    <ele>151</ele>
    <time>2022-02-16T16:07:51Z</time>
  </trkpt>
  <trkpt lat="54.758085" lon="25.292305">
    <ele>152</ele>
    <time>2022-02-16T16:07:52Z</time>
  </trkpt>
  <trkpt lat="54.75811" lon="25.292315">
    <ele>153</ele>
    <time>2022-02-16T16:07:53Z</time>
  </trkpt>
  <trkpt lat="54.758135" lon="25.29233167">
    <ele>153</ele>
    <time>2022-02-16T16:07:54Z</time>
  </trkpt>
  <trkpt lat="54.75816167" lon="25.29235">
    <ele>154</ele>
    <time>2022-02-16T16:07:55Z</time>
  </trkpt>
  <trkpt lat="54.758185" lon="25.29236833">
    <ele>155</ele>
    <time>2022-02-16T16:07:56Z</time>
  </trkpt>
  <trkpt lat="54.75821" lon="25.29239">
    <ele>155</ele>
    <time>2022-02-16T16:07:57Z</time>
  </trkpt>
  <trkpt lat="54.75823167" lon="25.29241">
    <ele>156</ele>
    <time>2022-02-16T16:07:58Z</time>
  </trkpt>
  <trkpt lat="54.75825167" lon="25.29242667">
    <ele>157</ele>
    <time>2022-02-16T16:07:59Z</time>
  </trkpt>
  <trkpt lat="54.75827" lon="25.29243833">
    <ele>157</ele>
    <time>2022-02-16T16:08:00Z</time>
  </trkpt>
  <trkpt lat="54.75828833" lon="25.29244333">
    <ele>157</ele>
    <time>2022-02-16T16:08:01Z</time>
  </trkpt>
  <trkpt lat="54.75832167" lon="25.29243">
    <ele>157</ele>
    <time>2022-02-16T16:08:02Z</time>
  </trkpt>
  <trkpt lat="54.75834667" lon="25.29243">
    <ele>158</ele>
    <time>2022-02-16T16:08:03Z</time>
  </trkpt>
  <trkpt lat="54.758375" lon="25.29242333">
    <ele>158</ele>
    <time>2022-02-16T16:08:04Z</time>
  </trkpt>
  <trkpt lat="54.75838833" lon="25.29241667">
    <ele>159</ele>
    <time>2022-02-16T16:08:05Z</time>
  </trkpt>
  <trkpt lat="54.75840667" lon="25.29241833">
    <ele>159</ele>
    <time>2022-02-16T16:08:06Z</time>
  </trkpt>
  <trkpt lat="54.75842167" lon="25.29241667">
    <ele>160</ele>
    <time>2022-02-16T16:08:07Z</time>
  </trkpt>
  <trkpt lat="54.75844333" lon="25.29241833">
    <ele>161</ele>
    <time>2022-02-16T16:08:08Z</time>
  </trkpt>
  <trkpt lat="54.75845833" lon="25.29240833">
    <ele>162</ele>
    <time>2022-02-16T16:08:09Z</time>
  </trkpt>
  <trkpt lat="54.75847167" lon="25.29239833">
    <ele>163</ele>
    <time>2022-02-16T16:08:10Z</time>
  </trkpt>
  <trkpt lat="54.75848833" lon="25.29240667">
    <ele>163</ele>
    <time>2022-02-16T16:08:11Z</time>
  </trkpt>
  <trkpt lat="54.758505" lon="25.29241333">
    <ele>164</ele>
    <time>2022-02-16T16:08:12Z</time>
  </trkpt>
  <trkpt lat="54.758525" lon="25.29242167">
    <ele>164</ele>
    <time>2022-02-16T16:08:13Z</time>
  </trkpt>
  <trkpt lat="54.758545" lon="25.29242667">
    <ele>164</ele>
    <time>2022-02-16T16:08:14Z</time>
  </trkpt>
  <trkpt lat="54.75856667" lon="25.29242833">
    <ele>164</ele>
    <time>2022-02-16T16:08:15Z</time>
  </trkpt>
  <trkpt lat="54.75858833" lon="25.292425">
    <ele>164</ele>
    <time>2022-02-16T16:08:16Z</time>
  </trkpt>
  <trkpt lat="54.75862667" lon="25.29242667">
    <ele>164</ele>
    <time>2022-02-16T16:08:17Z</time>
  </trkpt>
  <trkpt lat="54.758665" lon="25.29243167">
    <ele>164</ele>
    <time>2022-02-16T16:08:18Z</time>
  </trkpt>
  <trkpt lat="54.75869667" lon="25.29244167">
    <ele>164</ele>
    <time>2022-02-16T16:08:19Z</time>
  </trkpt>
  <trkpt lat="54.75873" lon="25.292455">
    <ele>164</ele>
    <time>2022-02-16T16:08:20Z</time>
  </trkpt>
  <trkpt lat="54.75875667" lon="25.29246833">
    <ele>164</ele>
    <time>2022-02-16T16:08:21Z</time>
  </trkpt>
  <trkpt lat="54.75878167" lon="25.29248667">
    <ele>163</ele>
    <time>2022-02-16T16:08:22Z</time>
  </trkpt>
  <trkpt lat="54.75881" lon="25.29249833">
    <ele>163</ele>
    <time>2022-02-16T16:08:23Z</time>
  </trkpt>
  <trkpt lat="54.75884" lon="25.292505">
    <ele>163</ele>
    <time>2022-02-16T16:08:24Z</time>
  </trkpt>
  <trkpt lat="54.75886667" lon="25.29251">
    <ele>162</ele>
    <time>2022-02-16T16:08:25Z</time>
  </trkpt>
  <trkpt lat="54.75889167" lon="25.29252167">
    <ele>162</ele>
    <time>2022-02-16T16:08:26Z</time>
  </trkpt>
  <trkpt lat="54.75892" lon="25.29253833">
    <ele>162</ele>
    <time>2022-02-16T16:08:27Z</time>
  </trkpt>
  <trkpt lat="54.75894667" lon="25.29255167">
    <ele>161</ele>
    <time>2022-02-16T16:08:28Z</time>
  </trkpt>
  <trkpt lat="54.758975" lon="25.292565">
    <ele>161</ele>
    <time>2022-02-16T16:08:29Z</time>
  </trkpt>
  <trkpt lat="54.759005" lon="25.292575">
    <ele>161</ele>
    <time>2022-02-16T16:08:30Z</time>
  </trkpt>
  <trkpt lat="54.75903167" lon="25.29258">
    <ele>161</ele>
    <time>2022-02-16T16:08:31Z</time>
  </trkpt>
  <trkpt lat="54.75905667" lon="25.29258667">
    <ele>160</ele>
    <time>2022-02-16T16:08:32Z</time>
  </trkpt>
  <trkpt lat="54.75908" lon="25.29259333">
    <ele>160</ele>
    <time>2022-02-16T16:08:33Z</time>
  </trkpt>
  <trkpt lat="54.75910667" lon="25.29259167">
    <ele>159</ele>
    <time>2022-02-16T16:08:34Z</time>
  </trkpt>
  <trkpt lat="54.759135" lon="25.29259667">
    <ele>159</ele>
    <time>2022-02-16T16:08:35Z</time>
  </trkpt>
  <trkpt lat="54.75916" lon="25.292605">
    <ele>158</ele>
    <time>2022-02-16T16:08:36Z</time>
  </trkpt>
  <trkpt lat="54.75918667" lon="25.29261333">
    <ele>158</ele>
    <time>2022-02-16T16:08:37Z</time>
  </trkpt>
  <trkpt lat="54.75921167" lon="25.29262">
    <ele>158</ele>
    <time>2022-02-16T16:08:38Z</time>
  </trkpt>
  <trkpt lat="54.75923667" lon="25.29262833">
    <ele>158</ele>
    <time>2022-02-16T16:08:39Z</time>
  </trkpt>
  <trkpt lat="54.75925833" lon="25.292635">
    <ele>158</ele>
    <time>2022-02-16T16:08:40Z</time>
  </trkpt>
  <trkpt lat="54.75928167" lon="25.29265">
    <ele>157</ele>
    <time>2022-02-16T16:08:41Z</time>
  </trkpt>
  <trkpt lat="54.75930333" lon="25.29267">
    <ele>157</ele>
    <time>2022-02-16T16:08:42Z</time>
  </trkpt>
  <trkpt lat="54.75932667" lon="25.29269333">
    <ele>156</ele>
    <time>2022-02-16T16:08:43Z</time>
  </trkpt>
  <trkpt lat="54.75935333" lon="25.29271667">
    <ele>156</ele>
    <time>2022-02-16T16:08:44Z</time>
  </trkpt>
  <trkpt lat="54.75937333" lon="25.292745">
    <ele>155</ele>
    <time>2022-02-16T16:08:45Z</time>
  </trkpt>
  <trkpt lat="54.75938667" lon="25.29278333">
    <ele>154</ele>
    <time>2022-02-16T16:08:46Z</time>
  </trkpt>
  <trkpt lat="54.75939667" lon="25.29283333">
    <ele>153</ele>
    <time>2022-02-16T16:08:47Z</time>
  </trkpt>
  <trkpt lat="54.75940167" lon="25.292885">
    <ele>152</ele>
    <time>2022-02-16T16:08:48Z</time>
  </trkpt>
  <trkpt lat="54.75939667" lon="25.29296167">
    <ele>151</ele>
    <time>2022-02-16T16:08:49Z</time>
  </trkpt>
  <trkpt lat="54.75939333" lon="25.293025">
    <ele>151</ele>
    <time>2022-02-16T16:08:50Z</time>
  </trkpt>
  <trkpt lat="54.75938833" lon="25.29309">
    <ele>150</ele>
    <time>2022-02-16T16:08:51Z</time>
  </trkpt>
  <trkpt lat="54.75938167" lon="25.29315333">
    <ele>150</ele>
    <time>2022-02-16T16:08:52Z</time>
  </trkpt>
  <trkpt lat="54.75938667" lon="25.293205">
    <ele>149</ele>
    <time>2022-02-16T16:08:53Z</time>
  </trkpt>
  <trkpt lat="54.75939167" lon="25.29323833">
    <ele>149</ele>
    <time>2022-02-16T16:08:54Z</time>
  </trkpt>
  <trkpt lat="54.75940333" lon="25.29327667">
    <ele>149</ele>
    <time>2022-02-16T16:08:55Z</time>
  </trkpt>
  <trkpt lat="54.75940667" lon="25.293305">
    <ele>148</ele>
    <time>2022-02-16T16:08:56Z</time>
  </trkpt>
  <trkpt lat="54.75941333" lon="25.29333667">
    <ele>148</ele>
    <time>2022-02-16T16:08:57Z</time>
  </trkpt>
  <trkpt lat="54.75942833" lon="25.29336167">
    <ele>147</ele>
    <time>2022-02-16T16:08:58Z</time>
  </trkpt>
  <trkpt lat="54.759445" lon="25.29338">
    <ele>147</ele>
    <time>2022-02-16T16:08:59Z</time>
  </trkpt>
  <trkpt lat="54.75945833" lon="25.29339833">
    <ele>147</ele>
    <time>2022-02-16T16:09:00Z</time>
  </trkpt>
  <trkpt lat="54.75947167" lon="25.29341667">
    <ele>147</ele>
    <time>2022-02-16T16:09:01Z</time>
  </trkpt>
  <trkpt lat="54.75948833" lon="25.29343833">
    <ele>147</ele>
    <time>2022-02-16T16:09:02Z</time>
  </trkpt>
  <trkpt lat="54.75949667" lon="25.29345833">
    <ele>147</ele>
    <time>2022-02-16T16:09:03Z</time>
  </trkpt>
  <trkpt lat="54.75951" lon="25.29347333">
    <ele>147</ele>
    <time>2022-02-16T16:09:04Z</time>
  </trkpt>
  <trkpt lat="54.75951833" lon="25.29348333">
    <ele>148</ele>
    <time>2022-02-16T16:09:05Z</time>
  </trkpt>
  <trkpt lat="54.75953" lon="25.293485">
    <ele>148</ele>
    <time>2022-02-16T16:09:06Z</time>
  </trkpt>
  <trkpt lat="54.75954833" lon="25.29347667">
    <ele>149</ele>
    <time>2022-02-16T16:09:07Z</time>
  </trkpt>
  <trkpt lat="54.75956667" lon="25.293465">
    <ele>150</ele>
    <time>2022-02-16T16:09:08Z</time>
  </trkpt>
  <trkpt lat="54.75957833" lon="25.29347333">
    <ele>151</ele>
    <time>2022-02-16T16:09:09Z</time>
  </trkpt>
  <trkpt lat="54.75958833" lon="25.29348167">
    <ele>151</ele>
    <time>2022-02-16T16:09:10Z</time>
  </trkpt>
  <trkpt lat="54.75959833" lon="25.29348667">
    <ele>152</ele>
    <time>2022-02-16T16:09:11Z</time>
  </trkpt>
  <trkpt lat="54.75962167" lon="25.293485">
    <ele>152</ele>
    <time>2022-02-16T16:09:12Z</time>
  </trkpt>
  <trkpt lat="54.75964167" lon="25.29348333">
    <ele>152</ele>
    <time>2022-02-16T16:09:13Z</time>
  </trkpt>
  <trkpt lat="54.75966667" lon="25.29348">
    <ele>153</ele>
    <time>2022-02-16T16:09:14Z</time>
  </trkpt>
  <trkpt lat="54.75969167" lon="25.29347333">
    <ele>153</ele>
    <time>2022-02-16T16:09:15Z</time>
  </trkpt>
  <trkpt lat="54.759715" lon="25.29347333">
    <ele>154</ele>
    <time>2022-02-16T16:09:16Z</time>
  </trkpt>
  <trkpt lat="54.75974667" lon="25.29347833">
    <ele>155</ele>
    <time>2022-02-16T16:09:17Z</time>
  </trkpt>
  <trkpt lat="54.75978167" lon="25.29349667">
    <ele>156</ele>
    <time>2022-02-16T16:09:18Z</time>
  </trkpt>
  <trkpt lat="54.75981" lon="25.293525">
    <ele>157</ele>
    <time>2022-02-16T16:09:19Z</time>
  </trkpt>
  <trkpt lat="54.75984" lon="25.29356833">
    <ele>158</ele>
    <time>2022-02-16T16:09:20Z</time>
  </trkpt>
  <trkpt lat="54.75986833" lon="25.29361667">
    <ele>158</ele>
    <time>2022-02-16T16:09:21Z</time>
  </trkpt>
  <trkpt lat="54.75989" lon="25.29366333">
    <ele>159</ele>
    <time>2022-02-16T16:09:22Z</time>
  </trkpt>
  <trkpt lat="54.7599" lon="25.29370333">
    <ele>159</ele>
    <time>2022-02-16T16:09:23Z</time>
  </trkpt>
  <trkpt lat="54.75991" lon="25.29373833">
    <ele>159</ele>
    <time>2022-02-16T16:09:24Z</time>
  </trkpt>
  <trkpt lat="54.75991667" lon="25.293775">
    <ele>159</ele>
    <time>2022-02-16T16:09:25Z</time>
  </trkpt>
  <trkpt lat="54.75992333" lon="25.293805">
    <ele>159</ele>
    <time>2022-02-16T16:09:26Z</time>
  </trkpt>
  <trkpt lat="54.75992833" lon="25.293835">
    <ele>159</ele>
    <time>2022-02-16T16:09:27Z</time>
  </trkpt>
  <trkpt lat="54.75993833" lon="25.29385667">
    <ele>159</ele>
    <time>2022-02-16T16:09:28Z</time>
  </trkpt>
  <trkpt lat="54.75994333" lon="25.29388167">
    <ele>159</ele>
    <time>2022-02-16T16:09:29Z</time>
  </trkpt>
  <trkpt lat="54.75994667" lon="25.29391167">
    <ele>159</ele>
    <time>2022-02-16T16:09:30Z</time>
  </trkpt>
  <trkpt lat="54.75995" lon="25.293945">
    <ele>158</ele>
    <time>2022-02-16T16:09:31Z</time>
  </trkpt>
  <trkpt lat="54.75995167" lon="25.293975">
    <ele>158</ele>
    <time>2022-02-16T16:09:32Z</time>
  </trkpt>
  <trkpt lat="54.75995667" lon="25.294005">
    <ele>158</ele>
    <time>2022-02-16T16:09:33Z</time>
  </trkpt>
  <trkpt lat="54.75996167" lon="25.29403333">
    <ele>158</ele>
    <time>2022-02-16T16:09:34Z</time>
  </trkpt>
  <trkpt lat="54.75996667" lon="25.29406167">
    <ele>158</ele>
    <time>2022-02-16T16:09:35Z</time>
  </trkpt>
  <trkpt lat="54.75996667" lon="25.29408667">
    <ele>158</ele>
    <time>2022-02-16T16:09:36Z</time>
  </trkpt>
  <trkpt lat="54.75996167" lon="25.29411667">
    <ele>158</ele>
    <time>2022-02-16T16:09:37Z</time>
  </trkpt>
  <trkpt lat="54.75995667" lon="25.29415333">
    <ele>157</ele>
    <time>2022-02-16T16:09:38Z</time>
  </trkpt>
  <trkpt lat="54.75996167" lon="25.29418667">
    <ele>157</ele>
    <time>2022-02-16T16:09:39Z</time>
  </trkpt>
  <trkpt lat="54.759965" lon="25.29421667">
    <ele>156</ele>
    <time>2022-02-16T16:09:40Z</time>
  </trkpt>
  <trkpt lat="54.75996833" lon="25.294245">
    <ele>156</ele>
    <time>2022-02-16T16:09:41Z</time>
  </trkpt>
  <trkpt lat="54.75997" lon="25.294275">
    <ele>155</ele>
    <time>2022-02-16T16:09:42Z</time>
  </trkpt>
  <trkpt lat="54.75997167" lon="25.2943">
    <ele>155</ele>
    <time>2022-02-16T16:09:43Z</time>
  </trkpt>
  <trkpt lat="54.75997667" lon="25.294325">
    <ele>154</ele>
    <time>2022-02-16T16:09:44Z</time>
  </trkpt>
  <trkpt lat="54.75998167" lon="25.294345">
    <ele>154</ele>
    <time>2022-02-16T16:09:45Z</time>
  </trkpt>
  <trkpt lat="54.75998667" lon="25.29436333">
    <ele>154</ele>
    <time>2022-02-16T16:09:46Z</time>
  </trkpt>
  <trkpt lat="54.75999333" lon="25.29438333">
    <ele>154</ele>
    <time>2022-02-16T16:09:47Z</time>
  </trkpt>
  <trkpt lat="54.76000167" lon="25.29439333">
    <ele>154</ele>
    <time>2022-02-16T16:09:48Z</time>
  </trkpt>
  <trkpt lat="54.76001" lon="25.29440667">
    <ele>154</ele>
    <time>2022-02-16T16:09:49Z</time>
  </trkpt>
  <trkpt lat="54.760025" lon="25.29442333">
    <ele>154</ele>
    <time>2022-02-16T16:09:50Z</time>
  </trkpt>
  <trkpt lat="54.76003833" lon="25.29444333">
    <ele>154</ele>
    <time>2022-02-16T16:09:51Z</time>
  </trkpt>
  <trkpt lat="54.76008" lon="25.29448">
    <ele>155</ele>
    <time>2022-02-16T16:09:52Z</time>
  </trkpt>
  <trkpt lat="54.76012833" lon="25.29451">
    <ele>155</ele>
    <time>2022-02-16T16:09:53Z</time>
  </trkpt>
  <trkpt lat="54.760165" lon="25.29454">
    <ele>155</ele>
    <time>2022-02-16T16:09:54Z</time>
  </trkpt>
  <trkpt lat="54.76018667" lon="25.29456667">
    <ele>156</ele>
    <time>2022-02-16T16:09:55Z</time>
  </trkpt>
  <trkpt lat="54.76020833" lon="25.29459833">
    <ele>156</ele>
    <time>2022-02-16T16:09:56Z</time>
  </trkpt>
  <trkpt lat="54.76022667" lon="25.29462167">
    <ele>157</ele>
    <time>2022-02-16T16:09:57Z</time>
  </trkpt>
  <trkpt lat="54.76024667" lon="25.29464667">
    <ele>157</ele>
    <time>2022-02-16T16:09:58Z</time>
  </trkpt>
  <trkpt lat="54.76024833" lon="25.29465667">
    <ele>158</ele>
    <time>2022-02-16T16:09:59Z</time>
  </trkpt>
  <trkpt lat="54.76025333" lon="25.29466">
    <ele>158</ele>
    <time>2022-02-16T16:10:00Z</time>
  </trkpt>
  <trkpt lat="54.760265" lon="25.29466667">
    <ele>159</ele>
    <time>2022-02-16T16:10:01Z</time>
  </trkpt>
  <trkpt lat="54.76028" lon="25.29468">
    <ele>160</ele>
    <time>2022-02-16T16:10:02Z</time>
  </trkpt>
  <trkpt lat="54.76030333" lon="25.2947">
    <ele>161</ele>
    <time>2022-02-16T16:10:03Z</time>
  </trkpt>
  <trkpt lat="54.76033" lon="25.29473">
    <ele>161</ele>
    <time>2022-02-16T16:10:04Z</time>
  </trkpt>
  <trkpt lat="54.76035833" lon="25.29476833">
    <ele>162</ele>
    <time>2022-02-16T16:10:05Z</time>
  </trkpt>
  <trkpt lat="54.760385" lon="25.2948">
    <ele>162</ele>
    <time>2022-02-16T16:10:06Z</time>
  </trkpt>
  <trkpt lat="54.760405" lon="25.29484">
    <ele>162</ele>
    <time>2022-02-16T16:10:07Z</time>
  </trkpt>
  <trkpt lat="54.76042667" lon="25.29488">
    <ele>162</ele>
    <time>2022-02-16T16:10:08Z</time>
  </trkpt>
  <trkpt lat="54.760445" lon="25.29492667">
    <ele>163</ele>
    <time>2022-02-16T16:10:09Z</time>
  </trkpt>
  <trkpt lat="54.760455" lon="25.29494333">
    <ele>163</ele>
    <time>2022-02-16T16:10:10Z</time>
  </trkpt>
  <trkpt lat="54.760475" lon="25.29495">
    <ele>163</ele>
    <time>2022-02-16T16:10:11Z</time>
  </trkpt>
  <trkpt lat="54.76049667" lon="25.294945">
    <ele>163</ele>
    <time>2022-02-16T16:10:12Z</time>
  </trkpt>
  <trkpt lat="54.76051167" lon="25.29494167">
    <ele>163</ele>
    <time>2022-02-16T16:10:13Z</time>
  </trkpt>
  <trkpt lat="54.76050833" lon="25.29495">
    <ele>163</ele>
    <time>2022-02-16T16:10:14Z</time>
  </trkpt>
  <trkpt lat="54.760515" lon="25.29498">
    <ele>163</ele>
    <time>2022-02-16T16:10:15Z</time>
  </trkpt>
  <trkpt lat="54.76052333" lon="25.29501833">
    <ele>163</ele>
    <time>2022-02-16T16:10:16Z</time>
  </trkpt>
  <trkpt lat="54.76052667" lon="25.295055">
    <ele>163</ele>
    <time>2022-02-16T16:10:17Z</time>
  </trkpt>
  <trkpt lat="54.760525" lon="25.29507833">
    <ele>163</ele>
    <time>2022-02-16T16:10:18Z</time>
  </trkpt>
  <trkpt lat="54.760515" lon="25.29507167">
    <ele>164</ele>
    <time>2022-02-16T16:10:19Z</time>
  </trkpt>
  <trkpt lat="54.76051" lon="25.295055">
    <ele>164</ele>
    <time>2022-02-16T16:10:20Z</time>
  </trkpt>
  <trkpt lat="54.760505" lon="25.29503">
    <ele>164</ele>
    <time>2022-02-16T16:10:21Z</time>
  </trkpt>
  <trkpt lat="54.76050167" lon="25.29499833">
    <ele>164</ele>
    <time>2022-02-16T16:10:22Z</time>
  </trkpt>
  <trkpt lat="54.76050167" lon="25.29497167">
    <ele>164</ele>
    <time>2022-02-16T16:10:23Z</time>
  </trkpt>
  <trkpt lat="54.76050833" lon="25.29495167">
    <ele>164</ele>
    <time>2022-02-16T16:10:24Z</time>
  </trkpt>
  <trkpt lat="54.76051833" lon="25.29492833">
    <ele>164</ele>
    <time>2022-02-16T16:10:25Z</time>
  </trkpt>
  <trkpt lat="54.760525" lon="25.2949">
    <ele>164</ele>
    <time>2022-02-16T16:10:26Z</time>
  </trkpt>
  <trkpt lat="54.76052833" lon="25.29486667">
    <ele>164</ele>
    <time>2022-02-16T16:10:27Z</time>
  </trkpt>
  <trkpt lat="54.760535" lon="25.29483667">
    <ele>164</ele>
    <time>2022-02-16T16:10:28Z</time>
  </trkpt>
  <trkpt lat="54.760545" lon="25.294815">
    <ele>164</ele>
    <time>2022-02-16T16:10:29Z</time>
  </trkpt>
  <trkpt lat="54.76055667" lon="25.29479833">
    <ele>164</ele>
    <time>2022-02-16T16:10:30Z</time>
  </trkpt>
  <trkpt lat="54.76057333" lon="25.29478333">
    <ele>164</ele>
    <time>2022-02-16T16:10:31Z</time>
  </trkpt>
  <trkpt lat="54.76058667" lon="25.29477167">
    <ele>164</ele>
    <time>2022-02-16T16:10:32Z</time>
  </trkpt>
  <trkpt lat="54.76059833" lon="25.29476167">
    <ele>164</ele>
    <time>2022-02-16T16:10:33Z</time>
  </trkpt>
  <trkpt lat="54.760595" lon="25.29473833">
    <ele>164</ele>
    <time>2022-02-16T16:10:34Z</time>
  </trkpt>
  <trkpt lat="54.76061" lon="25.29470667">
    <ele>164</ele>
    <time>2022-02-16T16:10:35Z</time>
  </trkpt>
  <trkpt lat="54.760625" lon="25.29468167">
    <ele>163</ele>
    <time>2022-02-16T16:10:36Z</time>
  </trkpt>
  <trkpt lat="54.76063833" lon="25.29464167">
    <ele>164</ele>
    <time>2022-02-16T16:10:37Z</time>
  </trkpt>
  <trkpt lat="54.76065333" lon="25.2946">
    <ele>164</ele>
    <time>2022-02-16T16:10:38Z</time>
  </trkpt>
  <trkpt lat="54.76067" lon="25.29457">
    <ele>164</ele>
    <time>2022-02-16T16:10:39Z</time>
  </trkpt>
  <trkpt lat="54.76068333" lon="25.29455167">
    <ele>165</ele>
    <time>2022-02-16T16:10:40Z</time>
  </trkpt>
  <trkpt lat="54.760695" lon="25.29454">
    <ele>165</ele>
    <time>2022-02-16T16:10:41Z</time>
  </trkpt>
  <trkpt lat="54.76071" lon="25.29453333">
    <ele>166</ele>
    <time>2022-02-16T16:10:42Z</time>
  </trkpt>
  <trkpt lat="54.76074" lon="25.29452667">
    <ele>166</ele>
    <time>2022-02-16T16:10:43Z</time>
  </trkpt>
  <trkpt lat="54.76076" lon="25.29454333">
    <ele>166</ele>
    <time>2022-02-16T16:10:44Z</time>
  </trkpt>
  <trkpt lat="54.76078833" lon="25.29455">
    <ele>165</ele>
    <time>2022-02-16T16:10:45Z</time>
  </trkpt>
  <trkpt lat="54.76082" lon="25.29455667">
    <ele>165</ele>
    <time>2022-02-16T16:10:46Z</time>
  </trkpt>
  <trkpt lat="54.76084333" lon="25.29455167">
    <ele>165</ele>
    <time>2022-02-16T16:10:47Z</time>
  </trkpt>
  <trkpt lat="54.76085" lon="25.29453667">
    <ele>164</ele>
    <time>2022-02-16T16:10:48Z</time>
  </trkpt>
  <trkpt lat="54.76084833" lon="25.29451333">
    <ele>163</ele>
    <time>2022-02-16T16:10:49Z</time>
  </trkpt>
  <trkpt lat="54.76085333" lon="25.29449167">
    <ele>163</ele>
    <time>2022-02-16T16:10:50Z</time>
  </trkpt>
  <trkpt lat="54.76086167" lon="25.29447">
    <ele>162</ele>
    <time>2022-02-16T16:10:51Z</time>
  </trkpt>
  <trkpt lat="54.76087167" lon="25.29445">
    <ele>162</ele>
    <time>2022-02-16T16:10:52Z</time>
  </trkpt>
  <trkpt lat="54.76087833" lon="25.29442833">
    <ele>161</ele>
    <time>2022-02-16T16:10:53Z</time>
  </trkpt>
  <trkpt lat="54.76089" lon="25.2944">
    <ele>161</ele>
    <time>2022-02-16T16:10:54Z</time>
  </trkpt>
  <trkpt lat="54.76090667" lon="25.29436667">
    <ele>161</ele>
    <time>2022-02-16T16:10:55Z</time>
  </trkpt>
  <trkpt lat="54.76092833" lon="25.29432833">
    <ele>161</ele>
    <time>2022-02-16T16:10:56Z</time>
  </trkpt>
  <trkpt lat="54.76095167" lon="25.29429">
    <ele>161</ele>
    <time>2022-02-16T16:10:57Z</time>
  </trkpt>
  <trkpt lat="54.76097" lon="25.29426167">
    <ele>161</ele>
    <time>2022-02-16T16:10:58Z</time>
  </trkpt>
  <trkpt lat="54.76097667" lon="25.29423333">
    <ele>161</ele>
    <time>2022-02-16T16:10:59Z</time>
  </trkpt>
  <trkpt lat="54.76099" lon="25.29420833">
    <ele>161</ele>
    <time>2022-02-16T16:11:00Z</time>
  </trkpt>
  <trkpt lat="54.76098333" lon="25.29418167">
    <ele>161</ele>
    <time>2022-02-16T16:11:01Z</time>
  </trkpt>
  <trkpt lat="54.761" lon="25.294115">
    <ele>161</ele>
    <time>2022-02-16T16:11:02Z</time>
  </trkpt>
  <trkpt lat="54.76101" lon="25.29407">
    <ele>162</ele>
    <time>2022-02-16T16:11:03Z</time>
  </trkpt>
  <trkpt lat="54.761005" lon="25.29406">
    <ele>162</ele>
    <time>2022-02-16T16:11:04Z</time>
  </trkpt>
  <trkpt lat="54.76097333" lon="25.29404333">
    <ele>162</ele>
    <time>2022-02-16T16:11:05Z</time>
  </trkpt>
  <trkpt lat="54.760965" lon="25.29402667">
    <ele>162</ele>
    <time>2022-02-16T16:11:06Z</time>
  </trkpt>
  <trkpt lat="54.76096167" lon="25.29399667">
    <ele>162</ele>
    <time>2022-02-16T16:11:07Z</time>
  </trkpt>
  <trkpt lat="54.76096333" lon="25.293965">
    <ele>162</ele>
    <time>2022-02-16T16:11:08Z</time>
  </trkpt>
  <trkpt lat="54.76095833" lon="25.29392333">
    <ele>161</ele>
    <time>2022-02-16T16:11:09Z</time>
  </trkpt>
  <trkpt lat="54.76096333" lon="25.29388667">
    <ele>161</ele>
    <time>2022-02-16T16:11:10Z</time>
  </trkpt>
  <trkpt lat="54.76098333" lon="25.29384333">
    <ele>161</ele>
    <time>2022-02-16T16:11:11Z</time>
  </trkpt>
  <trkpt lat="54.76098833" lon="25.29380667">
    <ele>161</ele>
    <time>2022-02-16T16:11:12Z</time>
  </trkpt>
  <trkpt lat="54.761" lon="25.29376667">
    <ele>162</ele>
    <time>2022-02-16T16:11:13Z</time>
  </trkpt>
  <trkpt lat="54.76102667" lon="25.29373333">
    <ele>162</ele>
    <time>2022-02-16T16:11:14Z</time>
  </trkpt>
  <trkpt lat="54.76104833" lon="25.29371167">
    <ele>162</ele>
    <time>2022-02-16T16:11:15Z</time>
  </trkpt>
  <trkpt lat="54.76107" lon="25.29369167">
    <ele>162</ele>
    <time>2022-02-16T16:11:16Z</time>
  </trkpt>
  <trkpt lat="54.76108167" lon="25.293665">
    <ele>163</ele>
    <time>2022-02-16T16:11:17Z</time>
  </trkpt>
  <trkpt lat="54.76109333" lon="25.29363333">
    <ele>163</ele>
    <time>2022-02-16T16:11:18Z</time>
  </trkpt>
  <trkpt lat="54.761105" lon="25.29360167">
    <ele>163</ele>
    <time>2022-02-16T16:11:19Z</time>
  </trkpt>
  <trkpt lat="54.76112" lon="25.293575">
    <ele>164</ele>
    <time>2022-02-16T16:11:20Z</time>
  </trkpt>
  <trkpt lat="54.76113333" lon="25.29355333">
    <ele>164</ele>
    <time>2022-02-16T16:11:21Z</time>
  </trkpt>
  <trkpt lat="54.76114" lon="25.29353333">
    <ele>165</ele>
    <time>2022-02-16T16:11:22Z</time>
  </trkpt>
  <trkpt lat="54.76114167" lon="25.29351">
    <ele>165</ele>
    <time>2022-02-16T16:11:23Z</time>
  </trkpt>
  <trkpt lat="54.76113333" lon="25.293485">
    <ele>166</ele>
    <time>2022-02-16T16:11:24Z</time>
  </trkpt>
  <trkpt lat="54.76113" lon="25.29345833">
    <ele>166</ele>
    <time>2022-02-16T16:11:25Z</time>
  </trkpt>
  <trkpt lat="54.76113" lon="25.29343333">
    <ele>166</ele>
    <time>2022-02-16T16:11:26Z</time>
  </trkpt>
  <trkpt lat="54.761135" lon="25.29340667">
    <ele>167</ele>
    <time>2022-02-16T16:11:27Z</time>
  </trkpt>
  <trkpt lat="54.76113833" lon="25.29337833">
    <ele>167</ele>
    <time>2022-02-16T16:11:28Z</time>
  </trkpt>
  <trkpt lat="54.76114667" lon="25.29334833">
    <ele>167</ele>
    <time>2022-02-16T16:11:29Z</time>
  </trkpt>
  <trkpt lat="54.76115667" lon="25.29331667">
    <ele>167</ele>
    <time>2022-02-16T16:11:30Z</time>
  </trkpt>
  <trkpt lat="54.761175" lon="25.29328">
    <ele>167</ele>
    <time>2022-02-16T16:11:31Z</time>
  </trkpt>
  <trkpt lat="54.76118667" lon="25.29324">
    <ele>166</ele>
    <time>2022-02-16T16:11:32Z</time>
  </trkpt>
  <trkpt lat="54.76119667" lon="25.293205">
    <ele>166</ele>
    <time>2022-02-16T16:11:33Z</time>
  </trkpt>
  <trkpt lat="54.761205" lon="25.29317833">
    <ele>166</ele>
    <time>2022-02-16T16:11:34Z</time>
  </trkpt>
  <trkpt lat="54.76121333" lon="25.29315">
    <ele>166</ele>
    <time>2022-02-16T16:11:35Z</time>
  </trkpt>
  <trkpt lat="54.76122167" lon="25.29312">
    <ele>166</ele>
    <time>2022-02-16T16:11:36Z</time>
  </trkpt>
  <trkpt lat="54.76123167" lon="25.29308333">
    <ele>166</ele>
    <time>2022-02-16T16:11:37Z</time>
  </trkpt>
  <trkpt lat="54.76123833" lon="25.29304333">
    <ele>166</ele>
    <time>2022-02-16T16:11:38Z</time>
  </trkpt>
  <trkpt lat="54.76124333" lon="25.29300667">
    <ele>166</ele>
    <time>2022-02-16T16:11:39Z</time>
  </trkpt>
  <trkpt lat="54.76126" lon="25.29296833">
    <ele>166</ele>
    <time>2022-02-16T16:11:40Z</time>
  </trkpt>
  <trkpt lat="54.76128" lon="25.292925">
    <ele>166</ele>
    <time>2022-02-16T16:11:41Z</time>
  </trkpt>
  <trkpt lat="54.76130167" lon="25.29289167">
    <ele>166</ele>
    <time>2022-02-16T16:11:42Z</time>
  </trkpt>
  <trkpt lat="54.76132" lon="25.292875">
    <ele>166</ele>
    <time>2022-02-16T16:11:43Z</time>
  </trkpt>
  <trkpt lat="54.76133833" lon="25.29285667">
    <ele>165</ele>
    <time>2022-02-16T16:11:44Z</time>
  </trkpt>
  <trkpt lat="54.76135833" lon="25.29282">
    <ele>165</ele>
    <time>2022-02-16T16:11:45Z</time>
  </trkpt>
  <trkpt lat="54.761385" lon="25.29279167">
    <ele>165</ele>
    <time>2022-02-16T16:11:46Z</time>
  </trkpt>
  <trkpt lat="54.76140667" lon="25.29276167">
    <ele>165</ele>
    <time>2022-02-16T16:11:47Z</time>
  </trkpt>
  <trkpt lat="54.76142833" lon="25.29272833">
    <ele>164</ele>
    <time>2022-02-16T16:11:48Z</time>
  </trkpt>
  <trkpt lat="54.76144667" lon="25.292695">
    <ele>164</ele>
    <time>2022-02-16T16:11:49Z</time>
  </trkpt>
  <trkpt lat="54.76146167" lon="25.29266167">
    <ele>164</ele>
    <time>2022-02-16T16:11:50Z</time>
  </trkpt>
  <trkpt lat="54.76147333" lon="25.29263167">
    <ele>163</ele>
    <time>2022-02-16T16:11:51Z</time>
  </trkpt>
  <trkpt lat="54.76149167" lon="25.292605">
    <ele>163</ele>
    <time>2022-02-16T16:11:52Z</time>
  </trkpt>
  <trkpt lat="54.76151" lon="25.29259">
    <ele>163</ele>
    <time>2022-02-16T16:11:53Z</time>
  </trkpt>
  <trkpt lat="54.76153333" lon="25.29257333">
    <ele>162</ele>
    <time>2022-02-16T16:11:54Z</time>
  </trkpt>
  <trkpt lat="54.76155667" lon="25.292555">
    <ele>162</ele>
    <time>2022-02-16T16:11:55Z</time>
  </trkpt>
  <trkpt lat="54.76157667" lon="25.29253167">
    <ele>162</ele>
    <time>2022-02-16T16:11:56Z</time>
  </trkpt>
  <trkpt lat="54.7616" lon="25.29251">
    <ele>162</ele>
    <time>2022-02-16T16:11:57Z</time>
  </trkpt>
  <trkpt lat="54.76162333" lon="25.29249167">
    <ele>162</ele>
    <time>2022-02-16T16:11:58Z</time>
  </trkpt>
  <trkpt lat="54.761645" lon="25.29247">
    <ele>162</ele>
    <time>2022-02-16T16:11:59Z</time>
  </trkpt>
  <trkpt lat="54.76167167" lon="25.29243">
    <ele>162</ele>
    <time>2022-02-16T16:12:00Z</time>
  </trkpt>
  <trkpt lat="54.761695" lon="25.29239333">
    <ele>162</ele>
    <time>2022-02-16T16:12:01Z</time>
  </trkpt>
  <trkpt lat="54.76171667" lon="25.292365">
    <ele>163</ele>
    <time>2022-02-16T16:12:02Z</time>
  </trkpt>
  <trkpt lat="54.76173333" lon="25.29234">
    <ele>163</ele>
    <time>2022-02-16T16:12:03Z</time>
  </trkpt>
  <trkpt lat="54.761755" lon="25.29230833">
    <ele>164</ele>
    <time>2022-02-16T16:12:04Z</time>
  </trkpt>
  <trkpt lat="54.76178167" lon="25.29228167">
    <ele>164</ele>
    <time>2022-02-16T16:12:05Z</time>
  </trkpt>
  <trkpt lat="54.761805" lon="25.29224833">
    <ele>164</ele>
    <time>2022-02-16T16:12:06Z</time>
  </trkpt>
  <trkpt lat="54.761825" lon="25.292215">
    <ele>165</ele>
    <time>2022-02-16T16:12:07Z</time>
  </trkpt>
  <trkpt lat="54.76183667" lon="25.29219333">
    <ele>165</ele>
    <time>2022-02-16T16:12:08Z</time>
  </trkpt>
  <trkpt lat="54.76185333" lon="25.292175">
    <ele>165</ele>
    <time>2022-02-16T16:12:09Z</time>
  </trkpt>
  <trkpt lat="54.76187" lon="25.29215833">
    <ele>165</ele>
    <time>2022-02-16T16:12:10Z</time>
  </trkpt>
  <trkpt lat="54.76188333" lon="25.29213667">
    <ele>165</ele>
    <time>2022-02-16T16:12:11Z</time>
  </trkpt>
  <trkpt lat="54.76189667" lon="25.29211833">
    <ele>165</ele>
    <time>2022-02-16T16:12:12Z</time>
  </trkpt>
  <trkpt lat="54.76191333" lon="25.2921">
    <ele>166</ele>
    <time>2022-02-16T16:12:13Z</time>
  </trkpt>
  <trkpt lat="54.76193167" lon="25.29208">
    <ele>166</ele>
    <time>2022-02-16T16:12:14Z</time>
  </trkpt>
  <trkpt lat="54.76195167" lon="25.292055">
    <ele>166</ele>
    <time>2022-02-16T16:12:15Z</time>
  </trkpt>
  <trkpt lat="54.76197167" lon="25.29203333">
    <ele>166</ele>
    <time>2022-02-16T16:12:16Z</time>
  </trkpt>
  <trkpt lat="54.76199167" lon="25.29201">
    <ele>166</ele>
    <time>2022-02-16T16:12:17Z</time>
  </trkpt>
  <trkpt lat="54.76201" lon="25.291985">
    <ele>166</ele>
    <time>2022-02-16T16:12:18Z</time>
  </trkpt>
  <trkpt lat="54.76202833" lon="25.29196">
    <ele>166</ele>
    <time>2022-02-16T16:12:19Z</time>
  </trkpt>
  <trkpt lat="54.762045" lon="25.29190833">
    <ele>166</ele>
    <time>2022-02-16T16:12:20Z</time>
  </trkpt>
  <trkpt lat="54.76205" lon="25.29186167">
    <ele>166</ele>
    <time>2022-02-16T16:12:21Z</time>
  </trkpt>
  <trkpt lat="54.76206167" lon="25.291825">
    <ele>166</ele>
    <time>2022-02-16T16:12:22Z</time>
  </trkpt>
  <trkpt lat="54.762075" lon="25.29180333">
    <ele>166</ele>
    <time>2022-02-16T16:12:23Z</time>
  </trkpt>
  <trkpt lat="54.76209333" lon="25.29178">
    <ele>166</ele>
    <time>2022-02-16T16:12:24Z</time>
  </trkpt>
  <trkpt lat="54.76211" lon="25.29175833">
    <ele>166</ele>
    <time>2022-02-16T16:12:25Z</time>
  </trkpt>
  <trkpt lat="54.76212833" lon="25.29173167">
    <ele>166</ele>
    <time>2022-02-16T16:12:26Z</time>
  </trkpt>
  <trkpt lat="54.76215" lon="25.29170167">
    <ele>166</ele>
    <time>2022-02-16T16:12:27Z</time>
  </trkpt>
  <trkpt lat="54.76217667" lon="25.29164667">
    <ele>166</ele>
    <time>2022-02-16T16:12:28Z</time>
  </trkpt>
  <trkpt lat="54.762205" lon="25.2916">
    <ele>167</ele>
    <time>2022-02-16T16:12:29Z</time>
  </trkpt>
  <trkpt lat="54.76222167" lon="25.29155667">
    <ele>167</ele>
    <time>2022-02-16T16:12:30Z</time>
  </trkpt>
  <trkpt lat="54.76224" lon="25.29153">
    <ele>167</ele>
    <time>2022-02-16T16:12:31Z</time>
  </trkpt>
  <trkpt lat="54.76225" lon="25.291505">
    <ele>167</ele>
    <time>2022-02-16T16:12:32Z</time>
  </trkpt>
  <trkpt lat="54.76226" lon="25.291475">
    <ele>167</ele>
    <time>2022-02-16T16:12:33Z</time>
  </trkpt>
  <trkpt lat="54.76227167" lon="25.291445">
    <ele>167</ele>
    <time>2022-02-16T16:12:34Z</time>
  </trkpt>
  <trkpt lat="54.76228833" lon="25.29142">
    <ele>168</ele>
    <time>2022-02-16T16:12:35Z</time>
  </trkpt>
  <trkpt lat="54.76230167" lon="25.2914">
    <ele>168</ele>
    <time>2022-02-16T16:12:36Z</time>
  </trkpt>
  <trkpt lat="54.76232" lon="25.29138">
    <ele>168</ele>
    <time>2022-02-16T16:12:37Z</time>
  </trkpt>
  <trkpt lat="54.762345" lon="25.29135">
    <ele>167</ele>
    <time>2022-02-16T16:12:38Z</time>
  </trkpt>
  <trkpt lat="54.762375" lon="25.29132">
    <ele>167</ele>
    <time>2022-02-16T16:12:39Z</time>
  </trkpt>
  <trkpt lat="54.76239167" lon="25.2913">
    <ele>166</ele>
    <time>2022-02-16T16:12:40Z</time>
  </trkpt>
  <trkpt lat="54.76241667" lon="25.291265">
    <ele>165</ele>
    <time>2022-02-16T16:12:41Z</time>
  </trkpt>
  <trkpt lat="54.76243333" lon="25.29123667">
    <ele>165</ele>
    <time>2022-02-16T16:12:42Z</time>
  </trkpt>
  <trkpt lat="54.76245167" lon="25.29121333">
    <ele>164</ele>
    <time>2022-02-16T16:12:43Z</time>
  </trkpt>
  <trkpt lat="54.76247667" lon="25.29118667">
    <ele>164</ele>
    <time>2022-02-16T16:12:44Z</time>
  </trkpt>
  <trkpt lat="54.76249667" lon="25.291175">
    <ele>163</ele>
    <time>2022-02-16T16:12:45Z</time>
  </trkpt>
  <trkpt lat="54.76251333" lon="25.29116667">
    <ele>163</ele>
    <time>2022-02-16T16:12:46Z</time>
  </trkpt>
  <trkpt lat="54.76252667" lon="25.29116333">
    <ele>162</ele>
    <time>2022-02-16T16:12:47Z</time>
  </trkpt>
  <trkpt lat="54.76254167" lon="25.29115833">
    <ele>162</ele>
    <time>2022-02-16T16:12:48Z</time>
  </trkpt>
  <trkpt lat="54.76256" lon="25.29115167">
    <ele>162</ele>
    <time>2022-02-16T16:12:49Z</time>
  </trkpt>
  <trkpt lat="54.76257833" lon="25.291155">
    <ele>161</ele>
    <time>2022-02-16T16:12:50Z</time>
  </trkpt>
  <trkpt lat="54.76260167" lon="25.29116833">
    <ele>161</ele>
    <time>2022-02-16T16:12:51Z</time>
  </trkpt>
  <trkpt lat="54.76263" lon="25.29118667">
    <ele>160</ele>
    <time>2022-02-16T16:12:52Z</time>
  </trkpt>
  <trkpt lat="54.76269833" lon="25.29125333">
    <ele>159</ele>
    <time>2022-02-16T16:12:53Z</time>
  </trkpt>
  <trkpt lat="54.76275" lon="25.29129167">
    <ele>159</ele>
    <time>2022-02-16T16:12:54Z</time>
  </trkpt>
  <trkpt lat="54.76278833" lon="25.29133333">
    <ele>158</ele>
    <time>2022-02-16T16:12:55Z</time>
  </trkpt>
  <trkpt lat="54.76281333" lon="25.291375">
    <ele>157</ele>
    <time>2022-02-16T16:12:56Z</time>
  </trkpt>
  <trkpt lat="54.76285167" lon="25.29142333">
    <ele>157</ele>
    <time>2022-02-16T16:12:57Z</time>
  </trkpt>
  <trkpt lat="54.76288333" lon="25.29148">
    <ele>156</ele>
    <time>2022-02-16T16:12:58Z</time>
  </trkpt>
  <trkpt lat="54.76291667" lon="25.29152833">
    <ele>156</ele>
    <time>2022-02-16T16:12:59Z</time>
  </trkpt>
  <trkpt lat="54.76295167" lon="25.29156667">
    <ele>156</ele>
    <time>2022-02-16T16:13:00Z</time>
  </trkpt>
  <trkpt lat="54.76298" lon="25.29161833">
    <ele>156</ele>
    <time>2022-02-16T16:13:01Z</time>
  </trkpt>
  <trkpt lat="54.76301167" lon="25.291655">
    <ele>155</ele>
    <time>2022-02-16T16:13:02Z</time>
  </trkpt>
  <trkpt lat="54.76302333" lon="25.29170167">
    <ele>155</ele>
    <time>2022-02-16T16:13:03Z</time>
  </trkpt>
  <trkpt lat="54.76304333" lon="25.29174">
    <ele>155</ele>
    <time>2022-02-16T16:13:04Z</time>
  </trkpt>
  <trkpt lat="54.763045" lon="25.29177833">
    <ele>154</ele>
    <time>2022-02-16T16:13:05Z</time>
  </trkpt>
  <trkpt lat="54.76304167" lon="25.29180167">
    <ele>154</ele>
    <time>2022-02-16T16:13:06Z</time>
  </trkpt>
  <trkpt lat="54.76306" lon="25.291835">
    <ele>154</ele>
    <time>2022-02-16T16:13:07Z</time>
  </trkpt>
  <trkpt lat="54.763065" lon="25.29186167">
    <ele>154</ele>
    <time>2022-02-16T16:13:08Z</time>
  </trkpt>
  <trkpt lat="54.76306333" lon="25.29189167">
    <ele>154</ele>
    <time>2022-02-16T16:13:09Z</time>
  </trkpt>
  <trkpt lat="54.76306667" lon="25.29192333">
    <ele>154</ele>
    <time>2022-02-16T16:13:10Z</time>
  </trkpt>
  <trkpt lat="54.76306667" lon="25.29194667">
    <ele>154</ele>
    <time>2022-02-16T16:13:11Z</time>
  </trkpt>
  <trkpt lat="54.76307333" lon="25.29196167">
    <ele>153</ele>
    <time>2022-02-16T16:13:12Z</time>
  </trkpt>
  <trkpt lat="54.763075" lon="25.29199833">
    <ele>153</ele>
    <time>2022-02-16T16:13:13Z</time>
  </trkpt>
  <trkpt lat="54.76308833" lon="25.29202167">
    <ele>153</ele>
    <time>2022-02-16T16:13:14Z</time>
  </trkpt>
  <trkpt lat="54.76309833" lon="25.29204833">
    <ele>153</ele>
    <time>2022-02-16T16:13:15Z</time>
  </trkpt>
  <trkpt lat="54.76310833" lon="25.29206667">
    <ele>153</ele>
    <time>2022-02-16T16:13:16Z</time>
  </trkpt>
  <trkpt lat="54.76311667" lon="25.29208667">
    <ele>153</ele>
    <time>2022-02-16T16:13:17Z</time>
  </trkpt>
  <trkpt lat="54.76313" lon="25.2921">
    <ele>153</ele>
    <time>2022-02-16T16:13:18Z</time>
  </trkpt>
  <trkpt lat="54.76314167" lon="25.29211667">
    <ele>153</ele>
    <time>2022-02-16T16:13:19Z</time>
  </trkpt>
  <trkpt lat="54.76315667" lon="25.29214">
    <ele>152</ele>
    <time>2022-02-16T16:13:20Z</time>
  </trkpt>
  <trkpt lat="54.76317167" lon="25.292165">
    <ele>152</ele>
    <time>2022-02-16T16:13:21Z</time>
  </trkpt>
  <trkpt lat="54.76318167" lon="25.29218833">
    <ele>152</ele>
    <time>2022-02-16T16:13:22Z</time>
  </trkpt>
  <trkpt lat="54.76319667" lon="25.29221333">
    <ele>152</ele>
    <time>2022-02-16T16:13:23Z</time>
  </trkpt>
  <trkpt lat="54.76321333" lon="25.29223833">
    <ele>152</ele>
    <time>2022-02-16T16:13:24Z</time>
  </trkpt>
  <trkpt lat="54.76323167" lon="25.29226">
    <ele>152</ele>
    <time>2022-02-16T16:13:25Z</time>
  </trkpt>
  <trkpt lat="54.76324833" lon="25.29229667">
    <ele>151</ele>
    <time>2022-02-16T16:13:26Z</time>
  </trkpt>
  <trkpt lat="54.76326" lon="25.29233667">
    <ele>151</ele>
    <time>2022-02-16T16:13:27Z</time>
  </trkpt>
  <trkpt lat="54.76328" lon="25.29236333">
    <ele>151</ele>
    <time>2022-02-16T16:13:28Z</time>
  </trkpt>
  <trkpt lat="54.76329667" lon="25.29239167">
    <ele>151</ele>
    <time>2022-02-16T16:13:29Z</time>
  </trkpt>
  <trkpt lat="54.76330833" lon="25.29242">
    <ele>150</ele>
    <time>2022-02-16T16:13:30Z</time>
  </trkpt>
  <trkpt lat="54.76332833" lon="25.29245667">
    <ele>150</ele>
    <time>2022-02-16T16:13:31Z</time>
  </trkpt>
  <trkpt lat="54.76334" lon="25.2925">
    <ele>151</ele>
    <time>2022-02-16T16:13:32Z</time>
  </trkpt>
  <trkpt lat="54.76335167" lon="25.29254">
    <ele>151</ele>
    <time>2022-02-16T16:13:33Z</time>
  </trkpt>
  <trkpt lat="54.763365" lon="25.29256833">
    <ele>151</ele>
    <time>2022-02-16T16:13:34Z</time>
  </trkpt>
  <trkpt lat="54.76338167" lon="25.2926">
    <ele>151</ele>
    <time>2022-02-16T16:13:35Z</time>
  </trkpt>
  <trkpt lat="54.76339833" lon="25.29263333">
    <ele>151</ele>
    <time>2022-02-16T16:13:36Z</time>
  </trkpt>
  <trkpt lat="54.76341333" lon="25.292665">
    <ele>151</ele>
    <time>2022-02-16T16:13:37Z</time>
  </trkpt>
  <trkpt lat="54.76343167" lon="25.29269">
    <ele>151</ele>
    <time>2022-02-16T16:13:38Z</time>
  </trkpt>
  <trkpt lat="54.76345" lon="25.292715">
    <ele>151</ele>
    <time>2022-02-16T16:13:39Z</time>
  </trkpt>
  <trkpt lat="54.76347833" lon="25.292745">
    <ele>151</ele>
    <time>2022-02-16T16:13:40Z</time>
  </trkpt>
  <trkpt lat="54.7635" lon="25.292775">
    <ele>152</ele>
    <time>2022-02-16T16:13:41Z</time>
  </trkpt>
  <trkpt lat="54.76351667" lon="25.292805">
    <ele>152</ele>
    <time>2022-02-16T16:13:42Z</time>
  </trkpt>
  <trkpt lat="54.76353167" lon="25.29284333">
    <ele>152</ele>
    <time>2022-02-16T16:13:43Z</time>
  </trkpt>
  <trkpt lat="54.76354" lon="25.29287">
    <ele>152</ele>
    <time>2022-02-16T16:13:44Z</time>
  </trkpt>
  <trkpt lat="54.76354667" lon="25.292895">
    <ele>153</ele>
    <time>2022-02-16T16:13:45Z</time>
  </trkpt>
  <trkpt lat="54.76355833" lon="25.29292333">
    <ele>153</ele>
    <time>2022-02-16T16:13:46Z</time>
  </trkpt>
  <trkpt lat="54.76356333" lon="25.29295">
    <ele>153</ele>
    <time>2022-02-16T16:13:47Z</time>
  </trkpt>
  <trkpt lat="54.763575" lon="25.29298167">
    <ele>153</ele>
    <time>2022-02-16T16:13:48Z</time>
  </trkpt>
  <trkpt lat="54.76358833" lon="25.29301333">
    <ele>154</ele>
    <time>2022-02-16T16:13:49Z</time>
  </trkpt>
  <trkpt lat="54.76360333" lon="25.29304667">
    <ele>154</ele>
    <time>2022-02-16T16:13:50Z</time>
  </trkpt>
  <trkpt lat="54.76362" lon="25.29307333">
    <ele>154</ele>
    <time>2022-02-16T16:13:51Z</time>
  </trkpt>
  <trkpt lat="54.76363667" lon="25.293095">
    <ele>154</ele>
    <time>2022-02-16T16:13:52Z</time>
  </trkpt>
  <trkpt lat="54.76365167" lon="25.29312">
    <ele>154</ele>
    <time>2022-02-16T16:13:53Z</time>
  </trkpt>
  <trkpt lat="54.76366667" lon="25.293145">
    <ele>154</ele>
    <time>2022-02-16T16:13:54Z</time>
  </trkpt>
  <trkpt lat="54.76368333" lon="25.29317333">
    <ele>154</ele>
    <time>2022-02-16T16:13:55Z</time>
  </trkpt>
  <trkpt lat="54.76369667" lon="25.29320333">
    <ele>154</ele>
    <time>2022-02-16T16:13:56Z</time>
  </trkpt>
  <trkpt lat="54.76371333" lon="25.29323333">
    <ele>154</ele>
    <time>2022-02-16T16:13:57Z</time>
  </trkpt>
  <trkpt lat="54.76372667" lon="25.29325833">
    <ele>154</ele>
    <time>2022-02-16T16:13:58Z</time>
  </trkpt>
  <trkpt lat="54.76374333" lon="25.29328333">
    <ele>154</ele>
    <time>2022-02-16T16:13:59Z</time>
  </trkpt>
  <trkpt lat="54.76376167" lon="25.29330667">
    <ele>154</ele>
    <time>2022-02-16T16:14:00Z</time>
  </trkpt>
  <trkpt lat="54.76378167" lon="25.29332667">
    <ele>154</ele>
    <time>2022-02-16T16:14:01Z</time>
  </trkpt>
  <trkpt lat="54.7638" lon="25.29334667">
    <ele>154</ele>
    <time>2022-02-16T16:14:02Z</time>
  </trkpt>
  <trkpt lat="54.76382333" lon="25.29336">
    <ele>154</ele>
    <time>2022-02-16T16:14:03Z</time>
  </trkpt>
  <trkpt lat="54.76384333" lon="25.29337333">
    <ele>155</ele>
    <time>2022-02-16T16:14:04Z</time>
  </trkpt>
  <trkpt lat="54.76386167" lon="25.29338667">
    <ele>155</ele>
    <time>2022-02-16T16:14:05Z</time>
  </trkpt>
  <trkpt lat="54.76388167" lon="25.29340167">
    <ele>156</ele>
    <time>2022-02-16T16:14:06Z</time>
  </trkpt>
  <trkpt lat="54.763905" lon="25.29341333">
    <ele>156</ele>
    <time>2022-02-16T16:14:07Z</time>
  </trkpt>
  <trkpt lat="54.763925" lon="25.293425">
    <ele>157</ele>
    <time>2022-02-16T16:14:08Z</time>
  </trkpt>
  <trkpt lat="54.76394667" lon="25.29343667">
    <ele>157</ele>
    <time>2022-02-16T16:14:09Z</time>
  </trkpt>
  <trkpt lat="54.763965" lon="25.29344667">
    <ele>158</ele>
    <time>2022-02-16T16:14:10Z</time>
  </trkpt>
  <trkpt lat="54.76398333" lon="25.293455">
    <ele>158</ele>
    <time>2022-02-16T16:14:11Z</time>
  </trkpt>
  <trkpt lat="54.76400167" lon="25.29346667">
    <ele>158</ele>
    <time>2022-02-16T16:14:12Z</time>
  </trkpt>
  <trkpt lat="54.764025" lon="25.29347667">
    <ele>159</ele>
    <time>2022-02-16T16:14:13Z</time>
  </trkpt>
  <trkpt lat="54.76405167" lon="25.293485">
    <ele>160</ele>
    <time>2022-02-16T16:14:14Z</time>
  </trkpt>
  <trkpt lat="54.76408167" lon="25.29349667">
    <ele>160</ele>
    <time>2022-02-16T16:14:15Z</time>
  </trkpt>
  <trkpt lat="54.764115" lon="25.29350667">
    <ele>160</ele>
    <time>2022-02-16T16:14:16Z</time>
  </trkpt>
  <trkpt lat="54.76414667" lon="25.29352">
    <ele>160</ele>
    <time>2022-02-16T16:14:17Z</time>
  </trkpt>
  <trkpt lat="54.76419667" lon="25.29353667">
    <ele>160</ele>
    <time>2022-02-16T16:14:18Z</time>
  </trkpt>
  <trkpt lat="54.76423" lon="25.29354833">
    <ele>160</ele>
    <time>2022-02-16T16:14:19Z</time>
  </trkpt>
  <trkpt lat="54.76426" lon="25.29356167">
    <ele>160</ele>
    <time>2022-02-16T16:14:20Z</time>
  </trkpt>
  <trkpt lat="54.76428833" lon="25.29358167">
    <ele>160</ele>
    <time>2022-02-16T16:14:21Z</time>
  </trkpt>
  <trkpt lat="54.76430833" lon="25.29359833">
    <ele>160</ele>
    <time>2022-02-16T16:14:22Z</time>
  </trkpt>
  <trkpt lat="54.76433333" lon="25.29361667">
    <ele>159</ele>
    <time>2022-02-16T16:14:23Z</time>
  </trkpt>
  <trkpt lat="54.76435833" lon="25.29363167">
    <ele>159</ele>
    <time>2022-02-16T16:14:24Z</time>
  </trkpt>
  <trkpt lat="54.76438167" lon="25.293645">
    <ele>159</ele>
    <time>2022-02-16T16:14:25Z</time>
  </trkpt>
  <trkpt lat="54.76439833" lon="25.29365833">
    <ele>158</ele>
    <time>2022-02-16T16:14:26Z</time>
  </trkpt>
  <trkpt lat="54.76441667" lon="25.29367833">
    <ele>158</ele>
    <time>2022-02-16T16:14:27Z</time>
  </trkpt>
  <trkpt lat="54.76443833" lon="25.29370167">
    <ele>158</ele>
    <time>2022-02-16T16:14:28Z</time>
  </trkpt>
  <trkpt lat="54.764465" lon="25.29372333">
    <ele>158</ele>
    <time>2022-02-16T16:14:29Z</time>
  </trkpt>
  <trkpt lat="54.764495" lon="25.293745">
    <ele>158</ele>
    <time>2022-02-16T16:14:30Z</time>
  </trkpt>
  <trkpt lat="54.76452333" lon="25.29375333">
    <ele>158</ele>
    <time>2022-02-16T16:14:31Z</time>
  </trkpt>
  <trkpt lat="54.76455" lon="25.29376833">
    <ele>158</ele>
    <time>2022-02-16T16:14:32Z</time>
  </trkpt>
  <trkpt lat="54.76456667" lon="25.29377833">
    <ele>158</ele>
    <time>2022-02-16T16:14:33Z</time>
  </trkpt>
  <trkpt lat="54.76458" lon="25.29378833">
    <ele>158</ele>
    <time>2022-02-16T16:14:34Z</time>
  </trkpt>
  <trkpt lat="54.76459667" lon="25.29379833">
    <ele>158</ele>
    <time>2022-02-16T16:14:35Z</time>
  </trkpt>
  <trkpt lat="54.76461667" lon="25.29380833">
    <ele>158</ele>
    <time>2022-02-16T16:14:36Z</time>
  </trkpt>
  <trkpt lat="54.76463833" lon="25.293816669999998">
    <ele>158</ele>
    <time>2022-02-16T16:14:37Z</time>
  </trkpt>
  <trkpt lat="54.76466333" lon="25.293825">
    <ele>158</ele>
    <time>2022-02-16T16:14:38Z</time>
  </trkpt>
  <trkpt lat="54.76469" lon="25.29383167">
    <ele>157</ele>
    <time>2022-02-16T16:14:39Z</time>
  </trkpt>
  <trkpt lat="54.76471333" lon="25.29384333">
    <ele>157</ele>
    <time>2022-02-16T16:14:40Z</time>
  </trkpt>
  <trkpt lat="54.76473167" lon="25.293855">
    <ele>157</ele>
    <time>2022-02-16T16:14:41Z</time>
  </trkpt>
  <trkpt lat="54.76475167" lon="25.293865">
    <ele>157</ele>
    <time>2022-02-16T16:14:42Z</time>
  </trkpt>
  <trkpt lat="54.76476667" lon="25.29387833">
    <ele>157</ele>
    <time>2022-02-16T16:14:43Z</time>
  </trkpt>
  <trkpt lat="54.76479667" lon="25.29389167">
    <ele>157</ele>
    <time>2022-02-16T16:14:44Z</time>
  </trkpt>
  <trkpt lat="54.76482667" lon="25.29390333">
    <ele>157</ele>
    <time>2022-02-16T16:14:45Z</time>
  </trkpt>
  <trkpt lat="54.76486" lon="25.29391167">
    <ele>157</ele>
    <time>2022-02-16T16:14:46Z</time>
  </trkpt>
  <trkpt lat="54.76488333" lon="25.29391833">
    <ele>157</ele>
    <time>2022-02-16T16:14:47Z</time>
  </trkpt>
  <trkpt lat="54.764905" lon="25.29392667">
    <ele>157</ele>
    <time>2022-02-16T16:14:48Z</time>
  </trkpt>
  <trkpt lat="54.76492667" lon="25.29393833">
    <ele>157</ele>
    <time>2022-02-16T16:14:49Z</time>
  </trkpt>
  <trkpt lat="54.76494167" lon="25.29394667">
    <ele>156</ele>
    <time>2022-02-16T16:14:50Z</time>
  </trkpt>
  <trkpt lat="54.76496" lon="25.293955">
    <ele>156</ele>
    <time>2022-02-16T16:14:51Z</time>
  </trkpt>
  <trkpt lat="54.76497833" lon="25.293965">
    <ele>156</ele>
    <time>2022-02-16T16:14:52Z</time>
  </trkpt>
  <trkpt lat="54.76499667" lon="25.29398">
    <ele>156</ele>
    <time>2022-02-16T16:14:53Z</time>
  </trkpt>
  <trkpt lat="54.765015" lon="25.29399667">
    <ele>156</ele>
    <time>2022-02-16T16:14:54Z</time>
  </trkpt>
  <trkpt lat="54.76503667" lon="25.29401333">
    <ele>156</ele>
    <time>2022-02-16T16:14:55Z</time>
  </trkpt>
  <trkpt lat="54.76505833" lon="25.29402">
    <ele>156</ele>
    <time>2022-02-16T16:14:56Z</time>
  </trkpt>
  <trkpt lat="54.765085" lon="25.29401833">
    <ele>156</ele>
    <time>2022-02-16T16:14:57Z</time>
  </trkpt>
  <trkpt lat="54.76510833" lon="25.29401833">
    <ele>156</ele>
    <time>2022-02-16T16:14:58Z</time>
  </trkpt>
  <trkpt lat="54.76513" lon="25.294025">
    <ele>156</ele>
    <time>2022-02-16T16:14:59Z</time>
  </trkpt>
  <trkpt lat="54.765155" lon="25.29403833">
    <ele>156</ele>
    <time>2022-02-16T16:15:00Z</time>
  </trkpt>
  <trkpt lat="54.76518833" lon="25.29405333">
    <ele>156</ele>
    <time>2022-02-16T16:15:01Z</time>
  </trkpt>
  <trkpt lat="54.765225" lon="25.29406667">
    <ele>156</ele>
    <time>2022-02-16T16:15:02Z</time>
  </trkpt>
  <trkpt lat="54.76525833" lon="25.29407833">
    <ele>156</ele>
    <time>2022-02-16T16:15:03Z</time>
  </trkpt>
  <trkpt lat="54.76529167" lon="25.29408667">
    <ele>155</ele>
    <time>2022-02-16T16:15:04Z</time>
  </trkpt>
  <trkpt lat="54.76531667" lon="25.29409167">
    <ele>155</ele>
    <time>2022-02-16T16:15:05Z</time>
  </trkpt>
  <trkpt lat="54.76533667" lon="25.29409667">
    <ele>154</ele>
    <time>2022-02-16T16:15:06Z</time>
  </trkpt>
  <trkpt lat="54.76536167" lon="25.29410167">
    <ele>154</ele>
    <time>2022-02-16T16:15:07Z</time>
  </trkpt>
  <trkpt lat="54.76538833" lon="25.29412">
    <ele>154</ele>
    <time>2022-02-16T16:15:08Z</time>
  </trkpt>
  <trkpt lat="54.76541" lon="25.294135">
    <ele>153</ele>
    <time>2022-02-16T16:15:09Z</time>
  </trkpt>
  <trkpt lat="54.76543" lon="25.29415">
    <ele>154</ele>
    <time>2022-02-16T16:15:10Z</time>
  </trkpt>
  <trkpt lat="54.76544833" lon="25.29416">
    <ele>154</ele>
    <time>2022-02-16T16:15:11Z</time>
  </trkpt>
  <trkpt lat="54.765465" lon="25.29416833">
    <ele>154</ele>
    <time>2022-02-16T16:15:12Z</time>
  </trkpt>
  <trkpt lat="54.76547667" lon="25.29418167">
    <ele>154</ele>
    <time>2022-02-16T16:15:13Z</time>
  </trkpt>
  <trkpt lat="54.76549" lon="25.29419833">
    <ele>154</ele>
    <time>2022-02-16T16:15:14Z</time>
  </trkpt>
  <trkpt lat="54.765505" lon="25.29422167">
    <ele>154</ele>
    <time>2022-02-16T16:15:15Z</time>
  </trkpt>
  <trkpt lat="54.76552" lon="25.29424833">
    <ele>154</ele>
    <time>2022-02-16T16:15:16Z</time>
  </trkpt>
  <trkpt lat="54.76553833" lon="25.29427333">
    <ele>155</ele>
    <time>2022-02-16T16:15:17Z</time>
  </trkpt>
  <trkpt lat="54.76556833" lon="25.29429833">
    <ele>155</ele>
    <time>2022-02-16T16:15:18Z</time>
  </trkpt>
  <trkpt lat="54.76558667" lon="25.29432667">
    <ele>155</ele>
    <time>2022-02-16T16:15:19Z</time>
  </trkpt>
  <trkpt lat="54.76560667" lon="25.29435833">
    <ele>156</ele>
    <time>2022-02-16T16:15:20Z</time>
  </trkpt>
  <trkpt lat="54.76563333" lon="25.29438667">
    <ele>156</ele>
    <time>2022-02-16T16:15:21Z</time>
  </trkpt>
  <trkpt lat="54.76566333" lon="25.29441667">
    <ele>156</ele>
    <time>2022-02-16T16:15:22Z</time>
  </trkpt>
  <trkpt lat="54.76568" lon="25.29446">
    <ele>156</ele>
    <time>2022-02-16T16:15:23Z</time>
  </trkpt>
  <trkpt lat="54.76569667" lon="25.29451333">
    <ele>156</ele>
    <time>2022-02-16T16:15:24Z</time>
  </trkpt>
  <trkpt lat="54.76570667" lon="25.29456667">
    <ele>156</ele>
    <time>2022-02-16T16:15:25Z</time>
  </trkpt>
  <trkpt lat="54.76570667" lon="25.294625">
    <ele>156</ele>
    <time>2022-02-16T16:15:26Z</time>
  </trkpt>
  <trkpt lat="54.7657" lon="25.294675">
    <ele>155</ele>
    <time>2022-02-16T16:15:27Z</time>
  </trkpt>
  <trkpt lat="54.76569" lon="25.29471833">
    <ele>154</ele>
    <time>2022-02-16T16:15:28Z</time>
  </trkpt>
  <trkpt lat="54.765675" lon="25.294765">
    <ele>154</ele>
    <time>2022-02-16T16:15:29Z</time>
  </trkpt>
  <trkpt lat="54.76565833" lon="25.29481333">
    <ele>154</ele>
    <time>2022-02-16T16:15:30Z</time>
  </trkpt>
  <trkpt lat="54.76564167" lon="25.29485333">
    <ele>153</ele>
    <time>2022-02-16T16:15:31Z</time>
  </trkpt>
  <trkpt lat="54.76562833" lon="25.29489167">
    <ele>153</ele>
    <time>2022-02-16T16:15:32Z</time>
  </trkpt>
  <trkpt lat="54.76561167" lon="25.29493333">
    <ele>152</ele>
    <time>2022-02-16T16:15:33Z</time>
  </trkpt>
  <trkpt lat="54.76560167" lon="25.29497167">
    <ele>152</ele>
    <time>2022-02-16T16:15:34Z</time>
  </trkpt>
  <trkpt lat="54.76558333" lon="25.29501833">
    <ele>151</ele>
    <time>2022-02-16T16:15:35Z</time>
  </trkpt>
  <trkpt lat="54.76556833" lon="25.29507167">
    <ele>151</ele>
    <time>2022-02-16T16:15:36Z</time>
  </trkpt>
  <trkpt lat="54.76554833" lon="25.29512">
    <ele>151</ele>
    <time>2022-02-16T16:15:37Z</time>
  </trkpt>
  <trkpt lat="54.76553167" lon="25.29517833">
    <ele>151</ele>
    <time>2022-02-16T16:15:38Z</time>
  </trkpt>
  <trkpt lat="54.76551833" lon="25.29524167">
    <ele>151</ele>
    <time>2022-02-16T16:15:39Z</time>
  </trkpt>
  <trkpt lat="54.76550167" lon="25.29527833">
    <ele>151</ele>
    <time>2022-02-16T16:15:40Z</time>
  </trkpt>
  <trkpt lat="54.76548833" lon="25.29531167">
    <ele>152</ele>
    <time>2022-02-16T16:15:41Z</time>
  </trkpt>
  <trkpt lat="54.76547833" lon="25.29534833">
    <ele>152</ele>
    <time>2022-02-16T16:15:42Z</time>
  </trkpt>
  <trkpt lat="54.76546667" lon="25.295375">
    <ele>153</ele>
    <time>2022-02-16T16:15:43Z</time>
  </trkpt>
  <trkpt lat="54.76545333" lon="25.29540833">
    <ele>153</ele>
    <time>2022-02-16T16:15:44Z</time>
  </trkpt>
  <trkpt lat="54.76544167" lon="25.29545333">
    <ele>153</ele>
    <time>2022-02-16T16:15:45Z</time>
  </trkpt>
  <trkpt lat="54.76543" lon="25.29549167">
    <ele>153</ele>
    <time>2022-02-16T16:15:46Z</time>
  </trkpt>
  <trkpt lat="54.765415" lon="25.29553167">
    <ele>154</ele>
    <time>2022-02-16T16:15:47Z</time>
  </trkpt>
  <trkpt lat="54.76540167" lon="25.29556833">
    <ele>154</ele>
    <time>2022-02-16T16:15:48Z</time>
  </trkpt>
  <trkpt lat="54.76538333" lon="25.29560333">
    <ele>154</ele>
    <time>2022-02-16T16:15:49Z</time>
  </trkpt>
  <trkpt lat="54.76536833" lon="25.29563333">
    <ele>154</ele>
    <time>2022-02-16T16:15:50Z</time>
  </trkpt>
  <trkpt lat="54.76534667" lon="25.29567833">
    <ele>154</ele>
    <time>2022-02-16T16:15:51Z</time>
  </trkpt>
  <trkpt lat="54.76533" lon="25.29571833">
    <ele>154</ele>
    <time>2022-02-16T16:15:52Z</time>
  </trkpt>
  <trkpt lat="54.76531333" lon="25.29575333">
    <ele>154</ele>
    <time>2022-02-16T16:15:53Z</time>
  </trkpt>
  <trkpt lat="54.765295" lon="25.29579">
    <ele>153</ele>
    <time>2022-02-16T16:15:54Z</time>
  </trkpt>
  <trkpt lat="54.76527667" lon="25.29582833">
    <ele>153</ele>
    <time>2022-02-16T16:15:55Z</time>
  </trkpt>
  <trkpt lat="54.76525833" lon="25.29586167">
    <ele>153</ele>
    <time>2022-02-16T16:15:56Z</time>
  </trkpt>
  <trkpt lat="54.76524" lon="25.29589333">
    <ele>153</ele>
    <time>2022-02-16T16:15:57Z</time>
  </trkpt>
  <trkpt lat="54.76522167" lon="25.29593">
    <ele>153</ele>
    <time>2022-02-16T16:15:58Z</time>
  </trkpt>
  <trkpt lat="54.76520833" lon="25.29597167">
    <ele>153</ele>
    <time>2022-02-16T16:15:59Z</time>
  </trkpt>
  <trkpt lat="54.765195" lon="25.29600833">
    <ele>153</ele>
    <time>2022-02-16T16:16:00Z</time>
  </trkpt>
  <trkpt lat="54.76518667" lon="25.29603833">
    <ele>153</ele>
    <time>2022-02-16T16:16:01Z</time>
  </trkpt>
  <trkpt lat="54.76517667" lon="25.296065">
    <ele>153</ele>
    <time>2022-02-16T16:16:02Z</time>
  </trkpt>
  <trkpt lat="54.76516" lon="25.29610167">
    <ele>153</ele>
    <time>2022-02-16T16:16:03Z</time>
  </trkpt>
  <trkpt lat="54.76514333" lon="25.29614333">
    <ele>153</ele>
    <time>2022-02-16T16:16:04Z</time>
  </trkpt>
  <trkpt lat="54.765125" lon="25.296185">
    <ele>153</ele>
    <time>2022-02-16T16:16:05Z</time>
  </trkpt>
  <trkpt lat="54.76510667" lon="25.29621833">
    <ele>153</ele>
    <time>2022-02-16T16:16:06Z</time>
  </trkpt>
  <trkpt lat="54.76509167" lon="25.29625833">
    <ele>153</ele>
    <time>2022-02-16T16:16:07Z</time>
  </trkpt>
  <trkpt lat="54.765075" lon="25.296295">
    <ele>154</ele>
    <time>2022-02-16T16:16:08Z</time>
  </trkpt>
  <trkpt lat="54.76505833" lon="25.29632667">
    <ele>153</ele>
    <time>2022-02-16T16:16:09Z</time>
  </trkpt>
  <trkpt lat="54.76503833" lon="25.29636167">
    <ele>153</ele>
    <time>2022-02-16T16:16:10Z</time>
  </trkpt>
  <trkpt lat="54.76502167" lon="25.296395">
    <ele>153</ele>
    <time>2022-02-16T16:16:11Z</time>
  </trkpt>
  <trkpt lat="54.765" lon="25.29643">
    <ele>152</ele>
    <time>2022-02-16T16:16:12Z</time>
  </trkpt>
  <trkpt lat="54.76499" lon="25.29649">
    <ele>152</ele>
    <time>2022-02-16T16:16:13Z</time>
  </trkpt>
  <trkpt lat="54.764975" lon="25.296545">
    <ele>152</ele>
    <time>2022-02-16T16:16:14Z</time>
  </trkpt>
  <trkpt lat="54.76496" lon="25.29660167">
    <ele>152</ele>
    <time>2022-02-16T16:16:15Z</time>
  </trkpt>
  <trkpt lat="54.76494" lon="25.296665">
    <ele>152</ele>
    <time>2022-02-16T16:16:16Z</time>
  </trkpt>
  <trkpt lat="54.76491333" lon="25.29671167">
    <ele>152</ele>
    <time>2022-02-16T16:16:17Z</time>
  </trkpt>
  <trkpt lat="54.76489667" lon="25.29674667">
    <ele>153</ele>
    <time>2022-02-16T16:16:18Z</time>
  </trkpt>
  <trkpt lat="54.76488167" lon="25.29677667">
    <ele>153</ele>
    <time>2022-02-16T16:16:19Z</time>
  </trkpt>
  <trkpt lat="54.76487" lon="25.2968">
    <ele>154</ele>
    <time>2022-02-16T16:16:20Z</time>
  </trkpt>
  <trkpt lat="54.76486333" lon="25.29682333">
    <ele>154</ele>
    <time>2022-02-16T16:16:21Z</time>
  </trkpt>
  <trkpt lat="54.76484833" lon="25.29685167">
    <ele>154</ele>
    <time>2022-02-16T16:16:22Z</time>
  </trkpt>
  <trkpt lat="54.76482833" lon="25.29688833">
    <ele>155</ele>
    <time>2022-02-16T16:16:23Z</time>
  </trkpt>
  <trkpt lat="54.76481" lon="25.29692">
    <ele>155</ele>
    <time>2022-02-16T16:16:24Z</time>
  </trkpt>
  <trkpt lat="54.76479167" lon="25.296955">
    <ele>155</ele>
    <time>2022-02-16T16:16:25Z</time>
  </trkpt>
  <trkpt lat="54.764775" lon="25.29699">
    <ele>154</ele>
    <time>2022-02-16T16:16:26Z</time>
  </trkpt>
  <trkpt lat="54.76474667" lon="25.29703667">
    <ele>154</ele>
    <time>2022-02-16T16:16:27Z</time>
  </trkpt>
  <trkpt lat="54.76473" lon="25.29708333">
    <ele>154</ele>
    <time>2022-02-16T16:16:28Z</time>
  </trkpt>
  <trkpt lat="54.76471667" lon="25.29713167">
    <ele>154</ele>
    <time>2022-02-16T16:16:29Z</time>
  </trkpt>
  <trkpt lat="54.7647" lon="25.29718333">
    <ele>153</ele>
    <time>2022-02-16T16:16:30Z</time>
  </trkpt>
  <trkpt lat="54.76468667" lon="25.29721667">
    <ele>153</ele>
    <time>2022-02-16T16:16:31Z</time>
  </trkpt>
  <trkpt lat="54.76467" lon="25.29725833">
    <ele>153</ele>
    <time>2022-02-16T16:16:32Z</time>
  </trkpt>
  <trkpt lat="54.76465167" lon="25.29729167">
    <ele>153</ele>
    <time>2022-02-16T16:16:33Z</time>
  </trkpt>
  <trkpt lat="54.76463167" lon="25.297325">
    <ele>153</ele>
    <time>2022-02-16T16:16:34Z</time>
  </trkpt>
  <trkpt lat="54.76462333" lon="25.29737">
    <ele>153</ele>
    <time>2022-02-16T16:16:35Z</time>
  </trkpt>
  <trkpt lat="54.76460833" lon="25.29741333">
    <ele>153</ele>
    <time>2022-02-16T16:16:36Z</time>
  </trkpt>
  <trkpt lat="54.764595" lon="25.29745167">
    <ele>154</ele>
    <time>2022-02-16T16:16:37Z</time>
  </trkpt>
  <trkpt lat="54.76457833" lon="25.29748">
    <ele>154</ele>
    <time>2022-02-16T16:16:38Z</time>
  </trkpt>
  <trkpt lat="54.76456167" lon="25.297515">
    <ele>154</ele>
    <time>2022-02-16T16:16:39Z</time>
  </trkpt>
  <trkpt lat="54.76454667" lon="25.29755167">
    <ele>154</ele>
    <time>2022-02-16T16:16:40Z</time>
  </trkpt>
  <trkpt lat="54.76452667" lon="25.297605">
    <ele>154</ele>
    <time>2022-02-16T16:16:41Z</time>
  </trkpt>
  <trkpt lat="54.76450667" lon="25.29764833">
    <ele>154</ele>
    <time>2022-02-16T16:16:42Z</time>
  </trkpt>
  <trkpt lat="54.76448667" lon="25.29769">
    <ele>154</ele>
    <time>2022-02-16T16:16:43Z</time>
  </trkpt>
  <trkpt lat="54.764465" lon="25.29772">
    <ele>154</ele>
    <time>2022-02-16T16:16:44Z</time>
  </trkpt>
  <trkpt lat="54.764445" lon="25.29773">
    <ele>154</ele>
    <time>2022-02-16T16:16:45Z</time>
  </trkpt>
  <trkpt lat="54.764425" lon="25.29774">
    <ele>154</ele>
    <time>2022-02-16T16:16:46Z</time>
  </trkpt>
  <trkpt lat="54.76440667" lon="25.29773333">
    <ele>154</ele>
    <time>2022-02-16T16:16:47Z</time>
  </trkpt>
  <trkpt lat="54.76438333" lon="25.29772833">
    <ele>154</ele>
    <time>2022-02-16T16:16:48Z</time>
  </trkpt>
  <trkpt lat="54.76435833" lon="25.29772667">
    <ele>154</ele>
    <time>2022-02-16T16:16:49Z</time>
  </trkpt>
  <trkpt lat="54.76433167" lon="25.29772167">
    <ele>154</ele>
    <time>2022-02-16T16:16:50Z</time>
  </trkpt>
  <trkpt lat="54.76430667" lon="25.297715">
    <ele>154</ele>
    <time>2022-02-16T16:16:51Z</time>
  </trkpt>
  <trkpt lat="54.76428" lon="25.29770833">
    <ele>153</ele>
    <time>2022-02-16T16:16:52Z</time>
  </trkpt>
  <trkpt lat="54.76425" lon="25.297705">
    <ele>153</ele>
    <time>2022-02-16T16:16:53Z</time>
  </trkpt>
  <trkpt lat="54.76422167" lon="25.2977">
    <ele>153</ele>
    <time>2022-02-16T16:16:54Z</time>
  </trkpt>
  <trkpt lat="54.764195" lon="25.29769">
    <ele>153</ele>
    <time>2022-02-16T16:16:55Z</time>
  </trkpt>
  <trkpt lat="54.764165" lon="25.29768333">
    <ele>152</ele>
    <time>2022-02-16T16:16:56Z</time>
  </trkpt>
  <trkpt lat="54.764135" lon="25.29768333">
    <ele>153</ele>
    <time>2022-02-16T16:16:57Z</time>
  </trkpt>
  <trkpt lat="54.764105" lon="25.29768333">
    <ele>153</ele>
    <time>2022-02-16T16:16:58Z</time>
  </trkpt>
  <trkpt lat="54.76407" lon="25.297685">
    <ele>153</ele>
    <time>2022-02-16T16:16:59Z</time>
  </trkpt>
  <trkpt lat="54.76403167" lon="25.29768167">
    <ele>153</ele>
    <time>2022-02-16T16:17:00Z</time>
  </trkpt>
  <trkpt lat="54.764005" lon="25.29767">
    <ele>152</ele>
    <time>2022-02-16T16:17:01Z</time>
  </trkpt>
  <trkpt lat="54.76397833" lon="25.29766">
    <ele>152</ele>
    <time>2022-02-16T16:17:02Z</time>
  </trkpt>
  <trkpt lat="54.763955" lon="25.29763833">
    <ele>151</ele>
    <time>2022-02-16T16:17:03Z</time>
  </trkpt>
  <trkpt lat="54.763935" lon="25.29761833">
    <ele>151</ele>
    <time>2022-02-16T16:17:04Z</time>
  </trkpt>
  <trkpt lat="54.76391833" lon="25.29760333">
    <ele>151</ele>
    <time>2022-02-16T16:17:05Z</time>
  </trkpt>
  <trkpt lat="54.7639" lon="25.29759">
    <ele>150</ele>
    <time>2022-02-16T16:17:06Z</time>
  </trkpt>
  <trkpt lat="54.763855" lon="25.297585">
    <ele>150</ele>
    <time>2022-02-16T16:17:07Z</time>
  </trkpt>
  <trkpt lat="54.763825" lon="25.297585">
    <ele>150</ele>
    <time>2022-02-16T16:17:08Z</time>
  </trkpt>
  <trkpt lat="54.76379333" lon="25.297595">
    <ele>150</ele>
    <time>2022-02-16T16:17:09Z</time>
  </trkpt>
  <trkpt lat="54.76376667" lon="25.29759">
    <ele>151</ele>
    <time>2022-02-16T16:17:10Z</time>
  </trkpt>
  <trkpt lat="54.76374667" lon="25.29757667">
    <ele>151</ele>
    <time>2022-02-16T16:17:11Z</time>
  </trkpt>
  <trkpt lat="54.76372" lon="25.297565">
    <ele>151</ele>
    <time>2022-02-16T16:17:12Z</time>
  </trkpt>
  <trkpt lat="54.76369667" lon="25.29755833">
    <ele>151</ele>
    <time>2022-02-16T16:17:13Z</time>
  </trkpt>
  <trkpt lat="54.76367" lon="25.29755333">
    <ele>151</ele>
    <time>2022-02-16T16:17:14Z</time>
  </trkpt>
  <trkpt lat="54.76365" lon="25.29754667">
    <ele>151</ele>
    <time>2022-02-16T16:17:15Z</time>
  </trkpt>
  <trkpt lat="54.76362333" lon="25.297535">
    <ele>151</ele>
    <time>2022-02-16T16:17:16Z</time>
  </trkpt>
  <trkpt lat="54.76360167" lon="25.29752833">
    <ele>151</ele>
    <time>2022-02-16T16:17:17Z</time>
  </trkpt>
  <trkpt lat="54.76357833" lon="25.29752">
    <ele>152</ele>
    <time>2022-02-16T16:17:18Z</time>
  </trkpt>
  <trkpt lat="54.76355167" lon="25.29751667">
    <ele>152</ele>
    <time>2022-02-16T16:17:19Z</time>
  </trkpt>
  <trkpt lat="54.76352333" lon="25.29751167">
    <ele>152</ele>
    <time>2022-02-16T16:17:20Z</time>
  </trkpt>
  <trkpt lat="54.76349333" lon="25.29750833">
    <ele>152</ele>
    <time>2022-02-16T16:17:21Z</time>
  </trkpt>
  <trkpt lat="54.763465" lon="25.29750167">
    <ele>152</ele>
    <time>2022-02-16T16:17:22Z</time>
  </trkpt>
  <trkpt lat="54.76344333" lon="25.297495">
    <ele>152</ele>
    <time>2022-02-16T16:17:23Z</time>
  </trkpt>
  <trkpt lat="54.76342" lon="25.29749">
    <ele>153</ele>
    <time>2022-02-16T16:17:24Z</time>
  </trkpt>
  <trkpt lat="54.76339333" lon="25.29747833">
    <ele>153</ele>
    <time>2022-02-16T16:17:25Z</time>
  </trkpt>
  <trkpt lat="54.76336667" lon="25.29746333">
    <ele>153</ele>
    <time>2022-02-16T16:17:26Z</time>
  </trkpt>
  <trkpt lat="54.763335" lon="25.297445">
    <ele>152</ele>
    <time>2022-02-16T16:17:27Z</time>
  </trkpt>
  <trkpt lat="54.763315" lon="25.29743333">
    <ele>152</ele>
    <time>2022-02-16T16:17:28Z</time>
  </trkpt>
  <trkpt lat="54.76329333" lon="25.29741833">
    <ele>151</ele>
    <time>2022-02-16T16:17:29Z</time>
  </trkpt>
  <trkpt lat="54.76326833" lon="25.29740833">
    <ele>151</ele>
    <time>2022-02-16T16:17:30Z</time>
  </trkpt>
  <trkpt lat="54.76323333" lon="25.29738667">
    <ele>150</ele>
    <time>2022-02-16T16:17:31Z</time>
  </trkpt>
  <trkpt lat="54.76320833" lon="25.29738667">
    <ele>149</ele>
    <time>2022-02-16T16:17:32Z</time>
  </trkpt>
  <trkpt lat="54.76318" lon="25.2974">
    <ele>149</ele>
    <time>2022-02-16T16:17:33Z</time>
  </trkpt>
  <trkpt lat="54.76315667" lon="25.29740667">
    <ele>148</ele>
    <time>2022-02-16T16:17:34Z</time>
  </trkpt>
  <trkpt lat="54.763135" lon="25.29740667">
    <ele>148</ele>
    <time>2022-02-16T16:17:35Z</time>
  </trkpt>
  <trkpt lat="54.76311667" lon="25.297395">
    <ele>148</ele>
    <time>2022-02-16T16:17:36Z</time>
  </trkpt>
  <trkpt lat="54.76308833" lon="25.29738">
    <ele>148</ele>
    <time>2022-02-16T16:17:37Z</time>
  </trkpt>
  <trkpt lat="54.763055" lon="25.29736667">
    <ele>148</ele>
    <time>2022-02-16T16:17:38Z</time>
  </trkpt>
  <trkpt lat="54.763025" lon="25.29734667">
    <ele>148</ele>
    <time>2022-02-16T16:17:39Z</time>
  </trkpt>
  <trkpt lat="54.763" lon="25.29733667">
    <ele>148</ele>
    <time>2022-02-16T16:17:40Z</time>
  </trkpt>
  <trkpt lat="54.76298333" lon="25.297325">
    <ele>148</ele>
    <time>2022-02-16T16:17:41Z</time>
  </trkpt>
  <trkpt lat="54.76296" lon="25.29731667">
    <ele>149</ele>
    <time>2022-02-16T16:17:42Z</time>
  </trkpt>
  <trkpt lat="54.76293667" lon="25.29731833">
    <ele>149</ele>
    <time>2022-02-16T16:17:43Z</time>
  </trkpt>
  <trkpt lat="54.76291333" lon="25.29730167">
    <ele>149</ele>
    <time>2022-02-16T16:17:44Z</time>
  </trkpt>
  <trkpt lat="54.76289167" lon="25.29728167">
    <ele>149</ele>
    <time>2022-02-16T16:17:45Z</time>
  </trkpt>
  <trkpt lat="54.76287167" lon="25.29725833">
    <ele>149</ele>
    <time>2022-02-16T16:17:46Z</time>
  </trkpt>
  <trkpt lat="54.76285667" lon="25.29724167">
    <ele>149</ele>
    <time>2022-02-16T16:17:47Z</time>
  </trkpt>
  <trkpt lat="54.76283" lon="25.29722667">
    <ele>149</ele>
    <time>2022-02-16T16:17:48Z</time>
  </trkpt>
  <trkpt lat="54.76281167" lon="25.297215">
    <ele>149</ele>
    <time>2022-02-16T16:17:49Z</time>
  </trkpt>
  <trkpt lat="54.76279" lon="25.2972">
    <ele>149</ele>
    <time>2022-02-16T16:17:50Z</time>
  </trkpt>
  <trkpt lat="54.76276167" lon="25.29718">
    <ele>149</ele>
    <time>2022-02-16T16:17:51Z</time>
  </trkpt>
  <trkpt lat="54.762725" lon="25.29715167">
    <ele>149</ele>
    <time>2022-02-16T16:17:52Z</time>
  </trkpt>
  <trkpt lat="54.76270167" lon="25.297125">
    <ele>148</ele>
    <time>2022-02-16T16:17:53Z</time>
  </trkpt>
  <trkpt lat="54.76268667" lon="25.29712">
    <ele>148</ele>
    <time>2022-02-16T16:17:54Z</time>
  </trkpt>
  <trkpt lat="54.76267333" lon="25.297115">
    <ele>148</ele>
    <time>2022-02-16T16:17:55Z</time>
  </trkpt>
  <trkpt lat="54.76264333" lon="25.29711333">
    <ele>148</ele>
    <time>2022-02-16T16:17:56Z</time>
  </trkpt>
  <trkpt lat="54.76262" lon="25.297105">
    <ele>149</ele>
    <time>2022-02-16T16:17:57Z</time>
  </trkpt>
  <trkpt lat="54.762595" lon="25.29709833">
    <ele>149</ele>
    <time>2022-02-16T16:17:58Z</time>
  </trkpt>
  <trkpt lat="54.76256667" lon="25.29708833">
    <ele>150</ele>
    <time>2022-02-16T16:17:59Z</time>
  </trkpt>
  <trkpt lat="54.762535" lon="25.29706667">
    <ele>150</ele>
    <time>2022-02-16T16:18:00Z</time>
  </trkpt>
  <trkpt lat="54.76251" lon="25.29702167">
    <ele>150</ele>
    <time>2022-02-16T16:18:01Z</time>
  </trkpt>
  <trkpt lat="54.76248333" lon="25.29698333">
    <ele>150</ele>
    <time>2022-02-16T16:18:02Z</time>
  </trkpt>
  <trkpt lat="54.76245167" lon="25.29695833">
    <ele>150</ele>
    <time>2022-02-16T16:18:03Z</time>
  </trkpt>
  <trkpt lat="54.76243" lon="25.29694667">
    <ele>150</ele>
    <time>2022-02-16T16:18:04Z</time>
  </trkpt>
  <trkpt lat="54.76241167" lon="25.29693667">
    <ele>150</ele>
    <time>2022-02-16T16:18:05Z</time>
  </trkpt>
  <trkpt lat="54.76238667" lon="25.29694667">
    <ele>150</ele>
    <time>2022-02-16T16:18:06Z</time>
  </trkpt>
  <trkpt lat="54.762365" lon="25.29696">
    <ele>151</ele>
    <time>2022-02-16T16:18:07Z</time>
  </trkpt>
  <trkpt lat="54.76234167" lon="25.29696833">
    <ele>151</ele>
    <time>2022-02-16T16:18:08Z</time>
  </trkpt>
  <trkpt lat="54.76232333" lon="25.29698">
    <ele>151</ele>
    <time>2022-02-16T16:18:09Z</time>
  </trkpt>
  <trkpt lat="54.7623" lon="25.29699167">
    <ele>152</ele>
    <time>2022-02-16T16:18:10Z</time>
  </trkpt>
  <trkpt lat="54.76227667" lon="25.29700667">
    <ele>152</ele>
    <time>2022-02-16T16:18:11Z</time>
  </trkpt>
  <trkpt lat="54.76225833" lon="25.29702167">
    <ele>153</ele>
    <time>2022-02-16T16:18:12Z</time>
  </trkpt>
  <trkpt lat="54.76224" lon="25.29704333">
    <ele>154</ele>
    <time>2022-02-16T16:18:13Z</time>
  </trkpt>
  <trkpt lat="54.76221667" lon="25.29706167">
    <ele>155</ele>
    <time>2022-02-16T16:18:14Z</time>
  </trkpt>
  <trkpt lat="54.76219167" lon="25.29707833">
    <ele>155</ele>
    <time>2022-02-16T16:18:15Z</time>
  </trkpt>
  <trkpt lat="54.76217" lon="25.29709833">
    <ele>155</ele>
    <time>2022-02-16T16:18:16Z</time>
  </trkpt>
  <trkpt lat="54.76215167" lon="25.297115">
    <ele>155</ele>
    <time>2022-02-16T16:18:17Z</time>
  </trkpt>
  <trkpt lat="54.76214333" lon="25.29714167">
    <ele>155</ele>
    <time>2022-02-16T16:18:18Z</time>
  </trkpt>
  <trkpt lat="54.76213" lon="25.297175">
    <ele>156</ele>
    <time>2022-02-16T16:18:19Z</time>
  </trkpt>
  <trkpt lat="54.762115" lon="25.29719833">
    <ele>156</ele>
    <time>2022-02-16T16:18:20Z</time>
  </trkpt>
  <trkpt lat="54.7621" lon="25.297225">
    <ele>156</ele>
    <time>2022-02-16T16:18:21Z</time>
  </trkpt>
  <trkpt lat="54.76208333" lon="25.29724833">
    <ele>156</ele>
    <time>2022-02-16T16:18:22Z</time>
  </trkpt>
  <trkpt lat="54.76206667" lon="25.29727333">
    <ele>157</ele>
    <time>2022-02-16T16:18:23Z</time>
  </trkpt>
  <trkpt lat="54.76204833" lon="25.29729833">
    <ele>157</ele>
    <time>2022-02-16T16:18:24Z</time>
  </trkpt>
  <trkpt lat="54.76201333" lon="25.29735667">
    <ele>157</ele>
    <time>2022-02-16T16:18:25Z</time>
  </trkpt>
  <trkpt lat="54.76199667" lon="25.29740167">
    <ele>157</ele>
    <time>2022-02-16T16:18:26Z</time>
  </trkpt>
  <trkpt lat="54.76199" lon="25.29743667">
    <ele>157</ele>
    <time>2022-02-16T16:18:27Z</time>
  </trkpt>
  <trkpt lat="54.761975" lon="25.29747833">
    <ele>157</ele>
    <time>2022-02-16T16:18:28Z</time>
  </trkpt>
  <trkpt lat="54.761956669999996" lon="25.29751667">
    <ele>157</ele>
    <time>2022-02-16T16:18:29Z</time>
  </trkpt>
  <trkpt lat="54.76193333" lon="25.29755333">
    <ele>157</ele>
    <time>2022-02-16T16:18:30Z</time>
  </trkpt>
  <trkpt lat="54.76190167" lon="25.29758667">
    <ele>156</ele>
    <time>2022-02-16T16:18:31Z</time>
  </trkpt>
  <trkpt lat="54.761875" lon="25.29761833">
    <ele>156</ele>
    <time>2022-02-16T16:18:32Z</time>
  </trkpt>
  <trkpt lat="54.76185333" lon="25.297655">
    <ele>156</ele>
    <time>2022-02-16T16:18:33Z</time>
  </trkpt>
  <trkpt lat="54.76183167" lon="25.29770667">
    <ele>156</ele>
    <time>2022-02-16T16:18:34Z</time>
  </trkpt>
  <trkpt lat="54.76181667" lon="25.29774833">
    <ele>156</ele>
    <time>2022-02-16T16:18:35Z</time>
  </trkpt>
  <trkpt lat="54.76180333" lon="25.29778667">
    <ele>157</ele>
    <time>2022-02-16T16:18:36Z</time>
  </trkpt>
  <trkpt lat="54.76179333" lon="25.29780333">
    <ele>157</ele>
    <time>2022-02-16T16:18:37Z</time>
  </trkpt>
  <trkpt lat="54.761785" lon="25.29779667">
    <ele>157</ele>
    <time>2022-02-16T16:18:38Z</time>
  </trkpt>
  <trkpt lat="54.76177167" lon="25.29777833">
    <ele>157</ele>
    <time>2022-02-16T16:18:39Z</time>
  </trkpt>
  <trkpt lat="54.761755" lon="25.29775833">
    <ele>157</ele>
    <time>2022-02-16T16:18:40Z</time>
  </trkpt>
  <trkpt lat="54.76173833" lon="25.29774167">
    <ele>157</ele>
    <time>2022-02-16T16:18:41Z</time>
  </trkpt>
  <trkpt lat="54.76171833" lon="25.29772167">
    <ele>157</ele>
    <time>2022-02-16T16:18:42Z</time>
  </trkpt>
  <trkpt lat="54.76169833" lon="25.29770167">
    <ele>157</ele>
    <time>2022-02-16T16:18:43Z</time>
  </trkpt>
  <trkpt lat="54.761685" lon="25.29766833">
    <ele>157</ele>
    <time>2022-02-16T16:18:44Z</time>
  </trkpt>
  <trkpt lat="54.76167" lon="25.29764333">
    <ele>156</ele>
    <time>2022-02-16T16:18:45Z</time>
  </trkpt>
  <trkpt lat="54.761655" lon="25.29762">
    <ele>156</ele>
    <time>2022-02-16T16:18:46Z</time>
  </trkpt>
  <trkpt lat="54.76164" lon="25.29760167">
    <ele>156</ele>
    <time>2022-02-16T16:18:47Z</time>
  </trkpt>
  <trkpt lat="54.76162667" lon="25.29758167">
    <ele>156</ele>
    <time>2022-02-16T16:18:48Z</time>
  </trkpt>
  <trkpt lat="54.76162" lon="25.29756667">
    <ele>156</ele>
    <time>2022-02-16T16:18:49Z</time>
  </trkpt>
  <trkpt lat="54.76160333" lon="25.29755333">
    <ele>155</ele>
    <time>2022-02-16T16:18:50Z</time>
  </trkpt>
  <trkpt lat="54.76159167" lon="25.29753667">
    <ele>155</ele>
    <time>2022-02-16T16:18:51Z</time>
  </trkpt>
  <trkpt lat="54.76157333" lon="25.29752333">
    <ele>155</ele>
    <time>2022-02-16T16:18:52Z</time>
  </trkpt>
  <trkpt lat="54.76155667" lon="25.29750833">
    <ele>156</ele>
    <time>2022-02-16T16:18:53Z</time>
  </trkpt>
  <trkpt lat="54.76154333" lon="25.29748833">
    <ele>156</ele>
    <time>2022-02-16T16:18:54Z</time>
  </trkpt>
  <trkpt lat="54.76152667" lon="25.29746833">
    <ele>156</ele>
    <time>2022-02-16T16:18:55Z</time>
  </trkpt>
  <trkpt lat="54.76150833" lon="25.29744833">
    <ele>156</ele>
    <time>2022-02-16T16:18:56Z</time>
  </trkpt>
  <trkpt lat="54.76149" lon="25.29743833">
    <ele>156</ele>
    <time>2022-02-16T16:18:57Z</time>
  </trkpt>
  <trkpt lat="54.76147667" lon="25.29742833">
    <ele>156</ele>
    <time>2022-02-16T16:18:58Z</time>
  </trkpt>
  <trkpt lat="54.76146" lon="25.29741667">
    <ele>157</ele>
    <time>2022-02-16T16:18:59Z</time>
  </trkpt>
  <trkpt lat="54.76144833" lon="25.297405">
    <ele>157</ele>
    <time>2022-02-16T16:19:00Z</time>
  </trkpt>
  <trkpt lat="54.76142833" lon="25.29737667">
    <ele>157</ele>
    <time>2022-02-16T16:19:01Z</time>
  </trkpt>
  <trkpt lat="54.76141333" lon="25.29733833">
    <ele>157</ele>
    <time>2022-02-16T16:19:02Z</time>
  </trkpt>
  <trkpt lat="54.76140167" lon="25.29730833">
    <ele>158</ele>
    <time>2022-02-16T16:19:03Z</time>
  </trkpt>
  <trkpt lat="54.761385" lon="25.29725">
    <ele>158</ele>
    <time>2022-02-16T16:19:04Z</time>
  </trkpt>
  <trkpt lat="54.761365" lon="25.29720333">
    <ele>158</ele>
    <time>2022-02-16T16:19:05Z</time>
  </trkpt>
  <trkpt lat="54.76134833" lon="25.29715833">
    <ele>158</ele>
    <time>2022-02-16T16:19:06Z</time>
  </trkpt>
  <trkpt lat="54.76133167" lon="25.29712333">
    <ele>158</ele>
    <time>2022-02-16T16:19:07Z</time>
  </trkpt>
  <trkpt lat="54.76132333" lon="25.29710333">
    <ele>158</ele>
    <time>2022-02-16T16:19:08Z</time>
  </trkpt>
  <trkpt lat="54.76130833" lon="25.29708667">
    <ele>157</ele>
    <time>2022-02-16T16:19:09Z</time>
  </trkpt>
  <trkpt lat="54.76128833" lon="25.29708">
    <ele>157</ele>
    <time>2022-02-16T16:19:10Z</time>
  </trkpt>
  <trkpt lat="54.76126" lon="25.29708167">
    <ele>157</ele>
    <time>2022-02-16T16:19:11Z</time>
  </trkpt>
  <trkpt lat="54.76124333" lon="25.29708">
    <ele>156</ele>
    <time>2022-02-16T16:19:12Z</time>
  </trkpt>
  <trkpt lat="54.76122833" lon="25.29706833">
    <ele>156</ele>
    <time>2022-02-16T16:19:13Z</time>
  </trkpt>
  <trkpt lat="54.761215" lon="25.297055">
    <ele>156</ele>
    <time>2022-02-16T16:19:14Z</time>
  </trkpt>
  <trkpt lat="54.7612" lon="25.29703833">
    <ele>156</ele>
    <time>2022-02-16T16:19:15Z</time>
  </trkpt>
  <trkpt lat="54.761175" lon="25.297015">
    <ele>156</ele>
    <time>2022-02-16T16:19:16Z</time>
  </trkpt>
  <trkpt lat="54.761155" lon="25.29697833">
    <ele>156</ele>
    <time>2022-02-16T16:19:17Z</time>
  </trkpt>
  <trkpt lat="54.761145" lon="25.29695">
    <ele>156</ele>
    <time>2022-02-16T16:19:18Z</time>
  </trkpt>
  <trkpt lat="54.76112667" lon="25.296915">
    <ele>156</ele>
    <time>2022-02-16T16:19:19Z</time>
  </trkpt>
  <trkpt lat="54.76111833" lon="25.29688667">
    <ele>156</ele>
    <time>2022-02-16T16:19:20Z</time>
  </trkpt>
  <trkpt lat="54.76110333" lon="25.29685167">
    <ele>156</ele>
    <time>2022-02-16T16:19:21Z</time>
  </trkpt>
  <trkpt lat="54.76108333" lon="25.296825">
    <ele>156</ele>
    <time>2022-02-16T16:19:22Z</time>
  </trkpt>
  <trkpt lat="54.76106833" lon="25.29680333">
    <ele>156</ele>
    <time>2022-02-16T16:19:23Z</time>
  </trkpt>
  <trkpt lat="54.76105333" lon="25.296765">
    <ele>156</ele>
    <time>2022-02-16T16:19:24Z</time>
  </trkpt>
  <trkpt lat="54.76103333" lon="25.296715">
    <ele>156</ele>
    <time>2022-02-16T16:19:25Z</time>
  </trkpt>
  <trkpt lat="54.76101167" lon="25.296685">
    <ele>157</ele>
    <time>2022-02-16T16:19:26Z</time>
  </trkpt>
  <trkpt lat="54.76099333" lon="25.29666667">
    <ele>157</ele>
    <time>2022-02-16T16:19:27Z</time>
  </trkpt>
  <trkpt lat="54.76097333" lon="25.29664333">
    <ele>157</ele>
    <time>2022-02-16T16:19:28Z</time>
  </trkpt>
  <trkpt lat="54.76094833" lon="25.29662167">
    <ele>157</ele>
    <time>2022-02-16T16:19:29Z</time>
  </trkpt>
  <trkpt lat="54.76091667" lon="25.296605">
    <ele>157</ele>
    <time>2022-02-16T16:19:30Z</time>
  </trkpt>
  <trkpt lat="54.76089333" lon="25.29658333">
    <ele>157</ele>
    <time>2022-02-16T16:19:31Z</time>
  </trkpt>
  <trkpt lat="54.76086" lon="25.29656667">
    <ele>157</ele>
    <time>2022-02-16T16:19:32Z</time>
  </trkpt>
  <trkpt lat="54.76083667" lon="25.29654667">
    <ele>157</ele>
    <time>2022-02-16T16:19:33Z</time>
  </trkpt>
  <trkpt lat="54.76081833" lon="25.29652833">
    <ele>157</ele>
    <time>2022-02-16T16:19:34Z</time>
  </trkpt>
  <trkpt lat="54.76079833" lon="25.29651833">
    <ele>157</ele>
    <time>2022-02-16T16:19:35Z</time>
  </trkpt>
  <trkpt lat="54.760775" lon="25.296525">
    <ele>157</ele>
    <time>2022-02-16T16:19:36Z</time>
  </trkpt>
  <trkpt lat="54.76074833" lon="25.296545">
    <ele>157</ele>
    <time>2022-02-16T16:19:37Z</time>
  </trkpt>
  <trkpt lat="54.76072667" lon="25.29656833">
    <ele>157</ele>
    <time>2022-02-16T16:19:38Z</time>
  </trkpt>
  <trkpt lat="54.76072167" lon="25.29666833">
    <ele>157</ele>
    <time>2022-02-16T16:19:39Z</time>
  </trkpt>
  <trkpt lat="54.76069333" lon="25.296705">
    <ele>157</ele>
    <time>2022-02-16T16:19:40Z</time>
  </trkpt>
  <trkpt lat="54.76068" lon="25.29673667">
    <ele>157</ele>
    <time>2022-02-16T16:19:41Z</time>
  </trkpt>
  <trkpt lat="54.76066667" lon="25.29677833">
    <ele>157</ele>
    <time>2022-02-16T16:19:42Z</time>
  </trkpt>
  <trkpt lat="54.760675" lon="25.29680667">
    <ele>157</ele>
    <time>2022-02-16T16:19:43Z</time>
  </trkpt>
  <trkpt lat="54.76068333" lon="25.29683333">
    <ele>157</ele>
    <time>2022-02-16T16:19:44Z</time>
  </trkpt>
  <trkpt lat="54.76068667" lon="25.29685667">
    <ele>158</ele>
    <time>2022-02-16T16:19:45Z</time>
  </trkpt>
  <trkpt lat="54.76067833" lon="25.29688833">
    <ele>158</ele>
    <time>2022-02-16T16:19:46Z</time>
  </trkpt>
  <trkpt lat="54.76066333" lon="25.29692833">
    <ele>158</ele>
    <time>2022-02-16T16:19:47Z</time>
  </trkpt>
  <trkpt lat="54.76065667" lon="25.29697167">
    <ele>158</ele>
    <time>2022-02-16T16:19:48Z</time>
  </trkpt>
  <trkpt lat="54.76065" lon="25.29699833">
    <ele>158</ele>
    <time>2022-02-16T16:19:49Z</time>
  </trkpt>
  <trkpt lat="54.76065167" lon="25.29702667">
    <ele>158</ele>
    <time>2022-02-16T16:19:50Z</time>
  </trkpt>
  <trkpt lat="54.76066" lon="25.29706833">
    <ele>158</ele>
    <time>2022-02-16T16:19:51Z</time>
  </trkpt>
  <trkpt lat="54.76065667" lon="25.29710667">
    <ele>158</ele>
    <time>2022-02-16T16:19:52Z</time>
  </trkpt>
  <trkpt lat="54.76066167" lon="25.297145">
    <ele>158</ele>
    <time>2022-02-16T16:19:53Z</time>
  </trkpt>
  <trkpt lat="54.76066667" lon="25.29718667">
    <ele>159</ele>
    <time>2022-02-16T16:19:54Z</time>
  </trkpt>
  <trkpt lat="54.76067333" lon="25.29722667">
    <ele>159</ele>
    <time>2022-02-16T16:19:55Z</time>
  </trkpt>
  <trkpt lat="54.76067167" lon="25.29727667">
    <ele>160</ele>
    <time>2022-02-16T16:19:56Z</time>
  </trkpt>
  <trkpt lat="54.76066167" lon="25.29731167">
    <ele>160</ele>
    <time>2022-02-16T16:19:57Z</time>
  </trkpt>
  <trkpt lat="54.76065" lon="25.29732833">
    <ele>160</ele>
    <time>2022-02-16T16:19:58Z</time>
  </trkpt>
  <trkpt lat="54.76066333" lon="25.29734333">
    <ele>160</ele>
    <time>2022-02-16T16:19:59Z</time>
  </trkpt>
  <trkpt lat="54.76068333" lon="25.29735167">
    <ele>160</ele>
    <time>2022-02-16T16:20:00Z</time>
  </trkpt>
  <trkpt lat="54.760705" lon="25.29736333">
    <ele>160</ele>
    <time>2022-02-16T16:20:01Z</time>
  </trkpt>
  <trkpt lat="54.760725" lon="25.29738167">
    <ele>160</ele>
    <time>2022-02-16T16:20:02Z</time>
  </trkpt>
  <trkpt lat="54.76074667" lon="25.2974">
    <ele>160</ele>
    <time>2022-02-16T16:20:03Z</time>
  </trkpt>
  <trkpt lat="54.76077" lon="25.29742167">
    <ele>160</ele>
    <time>2022-02-16T16:20:04Z</time>
  </trkpt>
  <trkpt lat="54.76079" lon="25.297445">
    <ele>160</ele>
    <time>2022-02-16T16:20:05Z</time>
  </trkpt>
  <trkpt lat="54.76080667" lon="25.29746667">
    <ele>160</ele>
    <time>2022-02-16T16:20:06Z</time>
  </trkpt>
  <trkpt lat="54.760825" lon="25.29749">
    <ele>160</ele>
    <time>2022-02-16T16:20:07Z</time>
  </trkpt>
  <trkpt lat="54.760845" lon="25.29751167">
    <ele>161</ele>
    <time>2022-02-16T16:20:08Z</time>
  </trkpt>
  <trkpt lat="54.76086667" lon="25.29753333">
    <ele>161</ele>
    <time>2022-02-16T16:20:09Z</time>
  </trkpt>
  <trkpt lat="54.76089167" lon="25.29755333">
    <ele>161</ele>
    <time>2022-02-16T16:20:10Z</time>
  </trkpt>
  <trkpt lat="54.76091" lon="25.29757333">
    <ele>161</ele>
    <time>2022-02-16T16:20:11Z</time>
  </trkpt>
  <trkpt lat="54.76092667" lon="25.29759333">
    <ele>161</ele>
    <time>2022-02-16T16:20:12Z</time>
  </trkpt>
  <trkpt lat="54.76095333" lon="25.29761667">
    <ele>161</ele>
    <time>2022-02-16T16:20:13Z</time>
  </trkpt>
  <trkpt lat="54.760985" lon="25.29764833">
    <ele>162</ele>
    <time>2022-02-16T16:20:14Z</time>
  </trkpt>
  <trkpt lat="54.76100667" lon="25.29767833">
    <ele>162</ele>
    <time>2022-02-16T16:20:15Z</time>
  </trkpt>
  <trkpt lat="54.761025" lon="25.29770667">
    <ele>162</ele>
    <time>2022-02-16T16:20:16Z</time>
  </trkpt>
  <trkpt lat="54.76104667" lon="25.29773167">
    <ele>162</ele>
    <time>2022-02-16T16:20:17Z</time>
  </trkpt>
  <trkpt lat="54.761065" lon="25.29775667">
    <ele>162</ele>
    <time>2022-02-16T16:20:18Z</time>
  </trkpt>
  <trkpt lat="54.76107833" lon="25.29778333">
    <ele>162</ele>
    <time>2022-02-16T16:20:19Z</time>
  </trkpt>
  <trkpt lat="54.76109333" lon="25.29781">
    <ele>161</ele>
    <time>2022-02-16T16:20:20Z</time>
  </trkpt>
  <trkpt lat="54.761115" lon="25.29784">
    <ele>161</ele>
    <time>2022-02-16T16:20:21Z</time>
  </trkpt>
  <trkpt lat="54.76114167" lon="25.29786667">
    <ele>161</ele>
    <time>2022-02-16T16:20:22Z</time>
  </trkpt>
  <trkpt lat="54.76117167" lon="25.297895">
    <ele>161</ele>
    <time>2022-02-16T16:20:23Z</time>
  </trkpt>
  <trkpt lat="54.76121833" lon="25.29792">
    <ele>161</ele>
    <time>2022-02-16T16:20:24Z</time>
  </trkpt>
  <trkpt lat="54.76125833" lon="25.29794333">
    <ele>161</ele>
    <time>2022-02-16T16:20:25Z</time>
  </trkpt>
  <trkpt lat="54.76129" lon="25.297975">
    <ele>160</ele>
    <time>2022-02-16T16:20:26Z</time>
  </trkpt>
  <trkpt lat="54.76133" lon="25.298005">
    <ele>160</ele>
    <time>2022-02-16T16:20:27Z</time>
  </trkpt>
  <trkpt lat="54.761365" lon="25.29803">
    <ele>160</ele>
    <time>2022-02-16T16:20:28Z</time>
  </trkpt>
  <trkpt lat="54.76139167" lon="25.29805833">
    <ele>160</ele>
    <time>2022-02-16T16:20:29Z</time>
  </trkpt>
  <trkpt lat="54.76142167" lon="25.29808667">
    <ele>160</ele>
    <time>2022-02-16T16:20:30Z</time>
  </trkpt>
  <trkpt lat="54.76146833" lon="25.29814333">
    <ele>160</ele>
    <time>2022-02-16T16:20:31Z</time>
  </trkpt>
  <trkpt lat="54.76148333" lon="25.29823">
    <ele>160</ele>
    <time>2022-02-16T16:20:32Z</time>
  </trkpt>
  <trkpt lat="54.76148333" lon="25.29831667">
    <ele>160</ele>
    <time>2022-02-16T16:20:33Z</time>
  </trkpt>
  <trkpt lat="54.76145667" lon="25.29840333">
    <ele>160</ele>
    <time>2022-02-16T16:20:34Z</time>
  </trkpt>
  <trkpt lat="54.76143833" lon="25.29849">
    <ele>160</ele>
    <time>2022-02-16T16:20:35Z</time>
  </trkpt>
  <trkpt lat="54.76142167" lon="25.298565">
    <ele>160</ele>
    <time>2022-02-16T16:20:36Z</time>
  </trkpt>
  <trkpt lat="54.76140667" lon="25.29862667">
    <ele>160</ele>
    <time>2022-02-16T16:20:37Z</time>
  </trkpt>
  <trkpt lat="54.76139667" lon="25.29869167">
    <ele>161</ele>
    <time>2022-02-16T16:20:38Z</time>
  </trkpt>
  <trkpt lat="54.76138" lon="25.29874667">
    <ele>161</ele>
    <time>2022-02-16T16:20:39Z</time>
  </trkpt>
  <trkpt lat="54.76135667" lon="25.29880167">
    <ele>161</ele>
    <time>2022-02-16T16:20:40Z</time>
  </trkpt>
  <trkpt lat="54.76131667" lon="25.29879667">
    <ele>161</ele>
    <time>2022-02-16T16:20:41Z</time>
  </trkpt>
  <trkpt lat="54.76128167" lon="25.29879667">
    <ele>161</ele>
    <time>2022-02-16T16:20:42Z</time>
  </trkpt>
  <trkpt lat="54.76124667" lon="25.29880667">
    <ele>161</ele>
    <time>2022-02-16T16:20:43Z</time>
  </trkpt>
  <trkpt lat="54.76122167" lon="25.29882">
    <ele>161</ele>
    <time>2022-02-16T16:20:44Z</time>
  </trkpt>
  <trkpt lat="54.761195" lon="25.29882667">
    <ele>161</ele>
    <time>2022-02-16T16:20:45Z</time>
  </trkpt>
  <trkpt lat="54.761165" lon="25.29883167">
    <ele>161</ele>
    <time>2022-02-16T16:20:46Z</time>
  </trkpt>
  <trkpt lat="54.76113167" lon="25.29883167">
    <ele>161</ele>
    <time>2022-02-16T16:20:47Z</time>
  </trkpt>
  <trkpt lat="54.761085" lon="25.29884333">
    <ele>160</ele>
    <time>2022-02-16T16:20:48Z</time>
  </trkpt>
  <trkpt lat="54.76105833" lon="25.298835">
    <ele>160</ele>
    <time>2022-02-16T16:20:49Z</time>
  </trkpt>
  <trkpt lat="54.761025" lon="25.29882667">
    <ele>160</ele>
    <time>2022-02-16T16:20:50Z</time>
  </trkpt>
  <trkpt lat="54.76099667" lon="25.29882167">
    <ele>160</ele>
    <time>2022-02-16T16:20:51Z</time>
  </trkpt>
  <trkpt lat="54.76096" lon="25.298825">
    <ele>160</ele>
    <time>2022-02-16T16:20:52Z</time>
  </trkpt>
  <trkpt lat="54.76092" lon="25.298835">
    <ele>159</ele>
    <time>2022-02-16T16:20:53Z</time>
  </trkpt>
  <trkpt lat="54.76089167" lon="25.298825">
    <ele>159</ele>
    <time>2022-02-16T16:20:54Z</time>
  </trkpt>
  <trkpt lat="54.76086833" lon="25.29882833">
    <ele>159</ele>
    <time>2022-02-16T16:20:55Z</time>
  </trkpt>
  <trkpt lat="54.760845" lon="25.29885333">
    <ele>158</ele>
    <time>2022-02-16T16:20:56Z</time>
  </trkpt>
  <trkpt lat="54.76080667" lon="25.29888167">
    <ele>158</ele>
    <time>2022-02-16T16:20:57Z</time>
  </trkpt>
  <trkpt lat="54.76077333" lon="25.2989">
    <ele>157</ele>
    <time>2022-02-16T16:20:58Z</time>
  </trkpt>
  <trkpt lat="54.76074833" lon="25.298915">
    <ele>157</ele>
    <time>2022-02-16T16:20:59Z</time>
  </trkpt>
  <trkpt lat="54.76072" lon="25.29893333">
    <ele>156</ele>
    <time>2022-02-16T16:21:00Z</time>
  </trkpt>
  <trkpt lat="54.76068167" lon="25.29895333">
    <ele>156</ele>
    <time>2022-02-16T16:21:01Z</time>
  </trkpt>
  <trkpt lat="54.76065667" lon="25.298965">
    <ele>155</ele>
    <time>2022-02-16T16:21:02Z</time>
  </trkpt>
  <trkpt lat="54.76062833" lon="25.29897667">
    <ele>155</ele>
    <time>2022-02-16T16:21:03Z</time>
  </trkpt>
  <trkpt lat="54.76059667" lon="25.29899">
    <ele>155</ele>
    <time>2022-02-16T16:21:04Z</time>
  </trkpt>
  <trkpt lat="54.76057667" lon="25.29899">
    <ele>155</ele>
    <time>2022-02-16T16:21:05Z</time>
  </trkpt>
  <trkpt lat="54.76054167" lon="25.29899">
    <ele>155</ele>
    <time>2022-02-16T16:21:06Z</time>
  </trkpt>
  <trkpt lat="54.76051167" lon="25.29898667">
    <ele>154</ele>
    <time>2022-02-16T16:21:07Z</time>
  </trkpt>
  <trkpt lat="54.76048167" lon="25.29899">
    <ele>154</ele>
    <time>2022-02-16T16:21:08Z</time>
  </trkpt>
  <trkpt lat="54.76046333" lon="25.29901">
    <ele>154</ele>
    <time>2022-02-16T16:21:09Z</time>
  </trkpt>
  <trkpt lat="54.76044167" lon="25.29902333">
    <ele>153</ele>
    <time>2022-02-16T16:21:10Z</time>
  </trkpt>
  <trkpt lat="54.76041667" lon="25.299035">
    <ele>153</ele>
    <time>2022-02-16T16:21:11Z</time>
  </trkpt>
  <trkpt lat="54.76039833" lon="25.29904667">
    <ele>152</ele>
    <time>2022-02-16T16:21:12Z</time>
  </trkpt>
  <trkpt lat="54.76037667" lon="25.29906167">
    <ele>152</ele>
    <time>2022-02-16T16:21:13Z</time>
  </trkpt>
  <trkpt lat="54.76035" lon="25.299075">
    <ele>152</ele>
    <time>2022-02-16T16:21:14Z</time>
  </trkpt>
  <trkpt lat="54.76032" lon="25.29909667">
    <ele>152</ele>
    <time>2022-02-16T16:21:15Z</time>
  </trkpt>
  <trkpt lat="54.76029" lon="25.29912167">
    <ele>151</ele>
    <time>2022-02-16T16:21:16Z</time>
  </trkpt>
  <trkpt lat="54.76026333" lon="25.29914833">
    <ele>151</ele>
    <time>2022-02-16T16:21:17Z</time>
  </trkpt>
  <trkpt lat="54.76023667" lon="25.29917">
    <ele>151</ele>
    <time>2022-02-16T16:21:18Z</time>
  </trkpt>
  <trkpt lat="54.76021167" lon="25.29918833">
    <ele>151</ele>
    <time>2022-02-16T16:21:19Z</time>
  </trkpt>
  <trkpt lat="54.76018667" lon="25.299205">
    <ele>151</ele>
    <time>2022-02-16T16:21:20Z</time>
  </trkpt>
  <trkpt lat="54.76016167" lon="25.299235">
    <ele>151</ele>
    <time>2022-02-16T16:21:21Z</time>
  </trkpt>
  <trkpt lat="54.760145" lon="25.29926167">
    <ele>151</ele>
    <time>2022-02-16T16:21:22Z</time>
  </trkpt>
  <trkpt lat="54.76012667" lon="25.29929">
    <ele>151</ele>
    <time>2022-02-16T16:21:23Z</time>
  </trkpt>
  <trkpt lat="54.76010667" lon="25.29931833">
    <ele>151</ele>
    <time>2022-02-16T16:21:24Z</time>
  </trkpt>
  <trkpt lat="54.76009333" lon="25.299345">
    <ele>152</ele>
    <time>2022-02-16T16:21:25Z</time>
  </trkpt>
  <trkpt lat="54.76008" lon="25.29937167">
    <ele>152</ele>
    <time>2022-02-16T16:21:26Z</time>
  </trkpt>
  <trkpt lat="54.76006167" lon="25.29941333">
    <ele>152</ele>
    <time>2022-02-16T16:21:27Z</time>
  </trkpt>
  <trkpt lat="54.76004333" lon="25.29944667">
    <ele>152</ele>
    <time>2022-02-16T16:21:28Z</time>
  </trkpt>
  <trkpt lat="54.760025" lon="25.299485">
    <ele>152</ele>
    <time>2022-02-16T16:21:29Z</time>
  </trkpt>
  <trkpt lat="54.76000167" lon="25.29953">
    <ele>153</ele>
    <time>2022-02-16T16:21:30Z</time>
  </trkpt>
  <trkpt lat="54.75997833" lon="25.299565">
    <ele>153</ele>
    <time>2022-02-16T16:21:31Z</time>
  </trkpt>
  <trkpt lat="54.75995167" lon="25.29961167">
    <ele>153</ele>
    <time>2022-02-16T16:21:32Z</time>
  </trkpt>
  <trkpt lat="54.75994" lon="25.29964167">
    <ele>153</ele>
    <time>2022-02-16T16:21:33Z</time>
  </trkpt>
  <trkpt lat="54.75993167" lon="25.29968">
    <ele>153</ele>
    <time>2022-02-16T16:21:34Z</time>
  </trkpt>
  <trkpt lat="54.75992167" lon="25.29973667">
    <ele>154</ele>
    <time>2022-02-16T16:21:35Z</time>
  </trkpt>
  <trkpt lat="54.7599" lon="25.29978667">
    <ele>154</ele>
    <time>2022-02-16T16:21:36Z</time>
  </trkpt>
  <trkpt lat="54.75988" lon="25.29982333">
    <ele>154</ele>
    <time>2022-02-16T16:21:37Z</time>
  </trkpt>
  <trkpt lat="54.75985667" lon="25.29985333">
    <ele>155</ele>
    <time>2022-02-16T16:21:38Z</time>
  </trkpt>
  <trkpt lat="54.75983167" lon="25.29989667">
    <ele>156</ele>
    <time>2022-02-16T16:21:39Z</time>
  </trkpt>
  <trkpt lat="54.759805" lon="25.299945">
    <ele>156</ele>
    <time>2022-02-16T16:21:40Z</time>
  </trkpt>
  <trkpt lat="54.75977667" lon="25.29999333">
    <ele>156</ele>
    <time>2022-02-16T16:21:41Z</time>
  </trkpt>
  <trkpt lat="54.75975667" lon="25.30002167">
    <ele>157</ele>
    <time>2022-02-16T16:21:42Z</time>
  </trkpt>
  <trkpt lat="54.75973167" lon="25.300045">
    <ele>157</ele>
    <time>2022-02-16T16:21:43Z</time>
  </trkpt>
  <trkpt lat="54.759705" lon="25.30007167">
    <ele>157</ele>
    <time>2022-02-16T16:21:44Z</time>
  </trkpt>
  <trkpt lat="54.75968167" lon="25.30010167">
    <ele>157</ele>
    <time>2022-02-16T16:21:45Z</time>
  </trkpt>
  <trkpt lat="54.759655" lon="25.30014">
    <ele>157</ele>
    <time>2022-02-16T16:21:46Z</time>
  </trkpt>
  <trkpt lat="54.759625" lon="25.300185">
    <ele>157</ele>
    <time>2022-02-16T16:21:47Z</time>
  </trkpt>
  <trkpt lat="54.75960333" lon="25.30023">
    <ele>157</ele>
    <time>2022-02-16T16:21:48Z</time>
  </trkpt>
  <trkpt lat="54.75958167" lon="25.30024833">
    <ele>157</ele>
    <time>2022-02-16T16:21:49Z</time>
  </trkpt>
  <trkpt lat="54.75956167" lon="25.30027167">
    <ele>157</ele>
    <time>2022-02-16T16:21:50Z</time>
  </trkpt>
  <trkpt lat="54.75954333" lon="25.30029333">
    <ele>157</ele>
    <time>2022-02-16T16:21:51Z</time>
  </trkpt>
  <trkpt lat="54.75951833" lon="25.30031167">
    <ele>156</ele>
    <time>2022-02-16T16:21:52Z</time>
  </trkpt>
  <trkpt lat="54.75949667" lon="25.30033">
    <ele>156</ele>
    <time>2022-02-16T16:21:53Z</time>
  </trkpt>
  <trkpt lat="54.75947833" lon="25.300355">
    <ele>156</ele>
    <time>2022-02-16T16:21:54Z</time>
  </trkpt>
  <trkpt lat="54.75946333" lon="25.30037">
    <ele>155</ele>
    <time>2022-02-16T16:21:55Z</time>
  </trkpt>
  <trkpt lat="54.75944667" lon="25.30039333">
    <ele>155</ele>
    <time>2022-02-16T16:21:56Z</time>
  </trkpt>
  <trkpt lat="54.75942667" lon="25.30042333">
    <ele>154</ele>
    <time>2022-02-16T16:21:57Z</time>
  </trkpt>
  <trkpt lat="54.759405" lon="25.30045333">
    <ele>154</ele>
    <time>2022-02-16T16:21:58Z</time>
  </trkpt>
  <trkpt lat="54.759385" lon="25.30047833">
    <ele>154</ele>
    <time>2022-02-16T16:21:59Z</time>
  </trkpt>
  <trkpt lat="54.75935667" lon="25.30053">
    <ele>153</ele>
    <time>2022-02-16T16:22:00Z</time>
  </trkpt>
  <trkpt lat="54.759345" lon="25.30057">
    <ele>153</ele>
    <time>2022-02-16T16:22:01Z</time>
  </trkpt>
  <trkpt lat="54.75934833" lon="25.30060167">
    <ele>153</ele>
    <time>2022-02-16T16:22:02Z</time>
  </trkpt>
  <trkpt lat="54.75935" lon="25.300635">
    <ele>153</ele>
    <time>2022-02-16T16:22:03Z</time>
  </trkpt>
  <trkpt lat="54.75935833" lon="25.30066667">
    <ele>152</ele>
    <time>2022-02-16T16:22:04Z</time>
  </trkpt>
  <trkpt lat="54.75937" lon="25.300705">
    <ele>152</ele>
    <time>2022-02-16T16:22:05Z</time>
  </trkpt>
  <trkpt lat="54.759385" lon="25.30074167">
    <ele>152</ele>
    <time>2022-02-16T16:22:06Z</time>
  </trkpt>
  <trkpt lat="54.75939333" lon="25.30078667">
    <ele>151</ele>
    <time>2022-02-16T16:22:07Z</time>
  </trkpt>
  <trkpt lat="54.75940167" lon="25.30083">
    <ele>151</ele>
    <time>2022-02-16T16:22:08Z</time>
  </trkpt>
  <trkpt lat="54.75940667" lon="25.30087667">
    <ele>151</ele>
    <time>2022-02-16T16:22:09Z</time>
  </trkpt>
  <trkpt lat="54.75941333" lon="25.30092167">
    <ele>151</ele>
    <time>2022-02-16T16:22:10Z</time>
  </trkpt>
  <trkpt lat="54.759425" lon="25.30096667">
    <ele>151</ele>
    <time>2022-02-16T16:22:11Z</time>
  </trkpt>
  <trkpt lat="54.75943833" lon="25.30099833">
    <ele>151</ele>
    <time>2022-02-16T16:22:12Z</time>
  </trkpt>
  <trkpt lat="54.75945667" lon="25.30103333">
    <ele>151</ele>
    <time>2022-02-16T16:22:13Z</time>
  </trkpt>
  <trkpt lat="54.75947833" lon="25.30106833">
    <ele>152</ele>
    <time>2022-02-16T16:22:14Z</time>
  </trkpt>
  <trkpt lat="54.7595" lon="25.30110667">
    <ele>152</ele>
    <time>2022-02-16T16:22:15Z</time>
  </trkpt>
  <trkpt lat="54.759525" lon="25.30113333">
    <ele>152</ele>
    <time>2022-02-16T16:22:16Z</time>
  </trkpt>
  <trkpt lat="54.75954333" lon="25.30115833">
    <ele>152</ele>
    <time>2022-02-16T16:22:17Z</time>
  </trkpt>
  <trkpt lat="54.75956333" lon="25.301175">
    <ele>152</ele>
    <time>2022-02-16T16:22:18Z</time>
  </trkpt>
  <trkpt lat="54.75958167" lon="25.301195">
    <ele>152</ele>
    <time>2022-02-16T16:22:19Z</time>
  </trkpt>
  <trkpt lat="54.75960167" lon="25.30121667">
    <ele>152</ele>
    <time>2022-02-16T16:22:20Z</time>
  </trkpt>
  <trkpt lat="54.75962333" lon="25.30124333">
    <ele>153</ele>
    <time>2022-02-16T16:22:21Z</time>
  </trkpt>
  <trkpt lat="54.75964333" lon="25.301275">
    <ele>152</ele>
    <time>2022-02-16T16:22:22Z</time>
  </trkpt>
  <trkpt lat="54.759665" lon="25.3013">
    <ele>152</ele>
    <time>2022-02-16T16:22:23Z</time>
  </trkpt>
  <trkpt lat="54.75969" lon="25.30132333">
    <ele>152</ele>
    <time>2022-02-16T16:22:24Z</time>
  </trkpt>
  <trkpt lat="54.75971167" lon="25.30134667">
    <ele>152</ele>
    <time>2022-02-16T16:22:25Z</time>
  </trkpt>
  <trkpt lat="54.75973667" lon="25.30136667">
    <ele>152</ele>
    <time>2022-02-16T16:22:26Z</time>
  </trkpt>
  <trkpt lat="54.75976167" lon="25.30138167">
    <ele>152</ele>
    <time>2022-02-16T16:22:27Z</time>
  </trkpt>
  <trkpt lat="54.75978" lon="25.30140167">
    <ele>152</ele>
    <time>2022-02-16T16:22:28Z</time>
  </trkpt>
  <trkpt lat="54.75980333" lon="25.30142667">
    <ele>152</ele>
    <time>2022-02-16T16:22:29Z</time>
  </trkpt>
  <trkpt lat="54.759825" lon="25.30145167">
    <ele>152</ele>
    <time>2022-02-16T16:22:30Z</time>
  </trkpt>
  <trkpt lat="54.759845" lon="25.30147667">
    <ele>152</ele>
    <time>2022-02-16T16:22:31Z</time>
  </trkpt>
  <trkpt lat="54.75986167" lon="25.30149833">
    <ele>152</ele>
    <time>2022-02-16T16:22:32Z</time>
  </trkpt>
  <trkpt lat="54.759885" lon="25.30152167">
    <ele>152</ele>
    <time>2022-02-16T16:22:33Z</time>
  </trkpt>
  <trkpt lat="54.759905" lon="25.30155">
    <ele>152</ele>
    <time>2022-02-16T16:22:34Z</time>
  </trkpt>
  <trkpt lat="54.75992833" lon="25.301575">
    <ele>152</ele>
    <time>2022-02-16T16:22:35Z</time>
  </trkpt>
  <trkpt lat="54.75995" lon="25.30159667">
    <ele>152</ele>
    <time>2022-02-16T16:22:36Z</time>
  </trkpt>
  <trkpt lat="54.75996833" lon="25.30161833">
    <ele>151</ele>
    <time>2022-02-16T16:22:37Z</time>
  </trkpt>
  <trkpt lat="54.75998667" lon="25.30164667">
    <ele>151</ele>
    <time>2022-02-16T16:22:38Z</time>
  </trkpt>
  <trkpt lat="54.760005" lon="25.30167167">
    <ele>150</ele>
    <time>2022-02-16T16:22:39Z</time>
  </trkpt>
  <trkpt lat="54.76002167" lon="25.30169333">
    <ele>150</ele>
    <time>2022-02-16T16:22:40Z</time>
  </trkpt>
  <trkpt lat="54.76004333" lon="25.30171167">
    <ele>149</ele>
    <time>2022-02-16T16:22:41Z</time>
  </trkpt>
  <trkpt lat="54.76007167" lon="25.30173">
    <ele>149</ele>
    <time>2022-02-16T16:22:42Z</time>
  </trkpt>
  <trkpt lat="54.76012667" lon="25.30175167">
    <ele>149</ele>
    <time>2022-02-16T16:22:43Z</time>
  </trkpt>
  <trkpt lat="54.76016" lon="25.30177167">
    <ele>148</ele>
    <time>2022-02-16T16:22:44Z</time>
  </trkpt>
  <trkpt lat="54.76018833" lon="25.30179667">
    <ele>148</ele>
    <time>2022-02-16T16:22:45Z</time>
  </trkpt>
  <trkpt lat="54.76023333" lon="25.30182833">
    <ele>147</ele>
    <time>2022-02-16T16:22:46Z</time>
  </trkpt>
  <trkpt lat="54.76026667" lon="25.30186833">
    <ele>147</ele>
    <time>2022-02-16T16:22:47Z</time>
  </trkpt>
  <trkpt lat="54.76029" lon="25.30191333">
    <ele>146</ele>
    <time>2022-02-16T16:22:48Z</time>
  </trkpt>
  <trkpt lat="54.76031167" lon="25.30196333">
    <ele>146</ele>
    <time>2022-02-16T16:22:49Z</time>
  </trkpt>
  <trkpt lat="54.76034167" lon="25.30201667">
    <ele>146</ele>
    <time>2022-02-16T16:22:50Z</time>
  </trkpt>
  <trkpt lat="54.76038333" lon="25.30205833">
    <ele>146</ele>
    <time>2022-02-16T16:22:51Z</time>
  </trkpt>
  <trkpt lat="54.76043" lon="25.30209667">
    <ele>145</ele>
    <time>2022-02-16T16:22:52Z</time>
  </trkpt>
  <trkpt lat="54.76046667" lon="25.30214667">
    <ele>145</ele>
    <time>2022-02-16T16:22:53Z</time>
  </trkpt>
  <trkpt lat="54.76050333" lon="25.30220333">
    <ele>145</ele>
    <time>2022-02-16T16:22:54Z</time>
  </trkpt>
  <trkpt lat="54.76052333" lon="25.302235">
    <ele>145</ele>
    <time>2022-02-16T16:22:55Z</time>
  </trkpt>
  <trkpt lat="54.760565" lon="25.30226">
    <ele>144</ele>
    <time>2022-02-16T16:22:56Z</time>
  </trkpt>
  <trkpt lat="54.76060833" lon="25.30227667">
    <ele>144</ele>
    <time>2022-02-16T16:22:57Z</time>
  </trkpt>
  <trkpt lat="54.760645" lon="25.302305">
    <ele>144</ele>
    <time>2022-02-16T16:22:58Z</time>
  </trkpt>
  <trkpt lat="54.76065667" lon="25.30233333">
    <ele>144</ele>
    <time>2022-02-16T16:22:59Z</time>
  </trkpt>
  <trkpt lat="54.76067167" lon="25.30235">
    <ele>145</ele>
    <time>2022-02-16T16:23:00Z</time>
  </trkpt>
  <trkpt lat="54.760675" lon="25.30236667">
    <ele>145</ele>
    <time>2022-02-16T16:23:01Z</time>
  </trkpt>
  <trkpt lat="54.76069333" lon="25.30236333">
    <ele>145</ele>
    <time>2022-02-16T16:23:02Z</time>
  </trkpt>
  <trkpt lat="54.76072333" lon="25.302385">
    <ele>145</ele>
    <time>2022-02-16T16:23:03Z</time>
  </trkpt>
  <trkpt lat="54.76074" lon="25.30239667">
    <ele>145</ele>
    <time>2022-02-16T16:23:04Z</time>
  </trkpt>
  <trkpt lat="54.76076" lon="25.3024">
    <ele>145</ele>
    <time>2022-02-16T16:23:05Z</time>
  </trkpt>
  <trkpt lat="54.76078" lon="25.30240167">
    <ele>145</ele>
    <time>2022-02-16T16:23:06Z</time>
  </trkpt>
  <trkpt lat="54.760795" lon="25.30241">
    <ele>145</ele>
    <time>2022-02-16T16:23:07Z</time>
  </trkpt>
  <trkpt lat="54.76081333" lon="25.30241833">
    <ele>146</ele>
    <time>2022-02-16T16:23:08Z</time>
  </trkpt>
  <trkpt lat="54.76083" lon="25.302425">
    <ele>146</ele>
    <time>2022-02-16T16:23:09Z</time>
  </trkpt>
  <trkpt lat="54.76084333" lon="25.30243167">
    <ele>146</ele>
    <time>2022-02-16T16:23:10Z</time>
  </trkpt>
  <trkpt lat="54.76086167" lon="25.302435">
    <ele>147</ele>
    <time>2022-02-16T16:23:11Z</time>
  </trkpt>
  <trkpt lat="54.76088167" lon="25.30243833">
    <ele>147</ele>
    <time>2022-02-16T16:23:12Z</time>
  </trkpt>
  <trkpt lat="54.760905" lon="25.30243833">
    <ele>147</ele>
    <time>2022-02-16T16:23:13Z</time>
  </trkpt>
  <trkpt lat="54.76093167" lon="25.30243833">
    <ele>148</ele>
    <time>2022-02-16T16:23:14Z</time>
  </trkpt>
  <trkpt lat="54.760955" lon="25.30243167">
    <ele>148</ele>
    <time>2022-02-16T16:23:15Z</time>
  </trkpt>
  <trkpt lat="54.76097667" lon="25.30242667">
    <ele>148</ele>
    <time>2022-02-16T16:23:16Z</time>
  </trkpt>
  <trkpt lat="54.761" lon="25.30242">
    <ele>149</ele>
    <time>2022-02-16T16:23:17Z</time>
  </trkpt>
  <trkpt lat="54.761025" lon="25.30241833">
    <ele>149</ele>
    <time>2022-02-16T16:23:18Z</time>
  </trkpt>
  <trkpt lat="54.76104167" lon="25.30242">
    <ele>149</ele>
    <time>2022-02-16T16:23:19Z</time>
  </trkpt>
  <trkpt lat="54.761055" lon="25.30241833">
    <ele>150</ele>
    <time>2022-02-16T16:23:20Z</time>
  </trkpt>
  <trkpt lat="54.76107167" lon="25.30242167">
    <ele>150</ele>
    <time>2022-02-16T16:23:21Z</time>
  </trkpt>
  <trkpt lat="54.76109667" lon="25.30243833">
    <ele>150</ele>
    <time>2022-02-16T16:23:22Z</time>
  </trkpt>
  <trkpt lat="54.76112" lon="25.30244667">
    <ele>151</ele>
    <time>2022-02-16T16:23:23Z</time>
  </trkpt>
  <trkpt lat="54.76115" lon="25.30245333">
    <ele>151</ele>
    <time>2022-02-16T16:23:24Z</time>
  </trkpt>
  <trkpt lat="54.76118" lon="25.30247">
    <ele>151</ele>
    <time>2022-02-16T16:23:25Z</time>
  </trkpt>
  <trkpt lat="54.761205" lon="25.30250167">
    <ele>151</ele>
    <time>2022-02-16T16:23:26Z</time>
  </trkpt>
  <trkpt lat="54.76123" lon="25.30254167">
    <ele>151</ele>
    <time>2022-02-16T16:23:27Z</time>
  </trkpt>
  <trkpt lat="54.76124333" lon="25.30258">
    <ele>152</ele>
    <time>2022-02-16T16:23:28Z</time>
  </trkpt>
  <trkpt lat="54.76125333" lon="25.30262167">
    <ele>152</ele>
    <time>2022-02-16T16:23:29Z</time>
  </trkpt>
  <trkpt lat="54.761265" lon="25.30266833">
    <ele>152</ele>
    <time>2022-02-16T16:23:30Z</time>
  </trkpt>
  <trkpt lat="54.76128" lon="25.30271333">
    <ele>152</ele>
    <time>2022-02-16T16:23:31Z</time>
  </trkpt>
  <trkpt lat="54.76129667" lon="25.30276">
    <ele>152</ele>
    <time>2022-02-16T16:23:32Z</time>
  </trkpt>
  <trkpt lat="54.76131167" lon="25.30280333">
    <ele>152</ele>
    <time>2022-02-16T16:23:33Z</time>
  </trkpt>
  <trkpt lat="54.76132667" lon="25.30284">
    <ele>152</ele>
    <time>2022-02-16T16:23:34Z</time>
  </trkpt>
  <trkpt lat="54.76134167" lon="25.30287">
    <ele>152</ele>
    <time>2022-02-16T16:23:35Z</time>
  </trkpt>
  <trkpt lat="54.76135833" lon="25.30290333">
    <ele>152</ele>
    <time>2022-02-16T16:23:36Z</time>
  </trkpt>
  <trkpt lat="54.761375" lon="25.30294">
    <ele>152</ele>
    <time>2022-02-16T16:23:37Z</time>
  </trkpt>
  <trkpt lat="54.76139667" lon="25.30296833">
    <ele>152</ele>
    <time>2022-02-16T16:23:38Z</time>
  </trkpt>
  <trkpt lat="54.76143" lon="25.30298833">
    <ele>152</ele>
    <time>2022-02-16T16:23:39Z</time>
  </trkpt>
  <trkpt lat="54.761465" lon="25.30301333">
    <ele>153</ele>
    <time>2022-02-16T16:23:40Z</time>
  </trkpt>
  <trkpt lat="54.76149167" lon="25.303035">
    <ele>153</ele>
    <time>2022-02-16T16:23:41Z</time>
  </trkpt>
  <trkpt lat="54.76151833" lon="25.30306">
    <ele>153</ele>
    <time>2022-02-16T16:23:42Z</time>
  </trkpt>
  <trkpt lat="54.761535" lon="25.30307667">
    <ele>154</ele>
    <time>2022-02-16T16:23:43Z</time>
  </trkpt>
  <trkpt lat="54.76155833" lon="25.30311167">
    <ele>154</ele>
    <time>2022-02-16T16:23:44Z</time>
  </trkpt>
  <trkpt lat="54.76158667" lon="25.303145">
    <ele>154</ele>
    <time>2022-02-16T16:23:45Z</time>
  </trkpt>
  <trkpt lat="54.76161833" lon="25.30316">
    <ele>154</ele>
    <time>2022-02-16T16:23:46Z</time>
  </trkpt>
  <trkpt lat="54.76164667" lon="25.30316">
    <ele>155</ele>
    <time>2022-02-16T16:23:47Z</time>
  </trkpt>
  <trkpt lat="54.76167333" lon="25.30315333">
    <ele>155</ele>
    <time>2022-02-16T16:23:48Z</time>
  </trkpt>
  <trkpt lat="54.76171" lon="25.303165">
    <ele>154</ele>
    <time>2022-02-16T16:23:49Z</time>
  </trkpt>
  <trkpt lat="54.76174833" lon="25.30318333">
    <ele>154</ele>
    <time>2022-02-16T16:23:50Z</time>
  </trkpt>
  <trkpt lat="54.76178667" lon="25.30319667">
    <ele>154</ele>
    <time>2022-02-16T16:23:51Z</time>
  </trkpt>
  <trkpt lat="54.76183333" lon="25.3032">
    <ele>154</ele>
    <time>2022-02-16T16:23:52Z</time>
  </trkpt>
  <trkpt lat="54.76186167" lon="25.30321333">
    <ele>154</ele>
    <time>2022-02-16T16:23:53Z</time>
  </trkpt>
  <trkpt lat="54.761885" lon="25.303225">
    <ele>154</ele>
    <time>2022-02-16T16:23:54Z</time>
  </trkpt>
  <trkpt lat="54.761905" lon="25.30323667">
    <ele>154</ele>
    <time>2022-02-16T16:23:55Z</time>
  </trkpt>
  <trkpt lat="54.76193167" lon="25.30325167">
    <ele>154</ele>
    <time>2022-02-16T16:23:56Z</time>
  </trkpt>
  <trkpt lat="54.761945" lon="25.30324833">
    <ele>154</ele>
    <time>2022-02-16T16:23:57Z</time>
  </trkpt>
  <trkpt lat="54.76194833" lon="25.303255">
    <ele>154</ele>
    <time>2022-02-16T16:23:58Z</time>
  </trkpt>
  <trkpt lat="54.761975" lon="25.30326167">
    <ele>155</ele>
    <time>2022-02-16T16:23:59Z</time>
  </trkpt>
  <trkpt lat="54.762015" lon="25.30325833">
    <ele>155</ele>
    <time>2022-02-16T16:24:00Z</time>
  </trkpt>
  <trkpt lat="54.76206167" lon="25.30324667">
    <ele>155</ele>
    <time>2022-02-16T16:24:01Z</time>
  </trkpt>
  <trkpt lat="54.76209333" lon="25.30325">
    <ele>154</ele>
    <time>2022-02-16T16:24:02Z</time>
  </trkpt>
  <trkpt lat="54.762145" lon="25.30325">
    <ele>154</ele>
    <time>2022-02-16T16:24:03Z</time>
  </trkpt>
  <trkpt lat="54.76219" lon="25.30325667">
    <ele>154</ele>
    <time>2022-02-16T16:24:04Z</time>
  </trkpt>
  <trkpt lat="54.76221" lon="25.30328833">
    <ele>153</ele>
    <time>2022-02-16T16:24:05Z</time>
  </trkpt>
  <trkpt lat="54.76222833" lon="25.30332667">
    <ele>153</ele>
    <time>2022-02-16T16:24:06Z</time>
  </trkpt>
  <trkpt lat="54.76224" lon="25.30338667">
    <ele>153</ele>
    <time>2022-02-16T16:24:07Z</time>
  </trkpt>
  <trkpt lat="54.76225167" lon="25.30345">
    <ele>153</ele>
    <time>2022-02-16T16:24:08Z</time>
  </trkpt>
  <trkpt lat="54.76224833" lon="25.30351333">
    <ele>152</ele>
    <time>2022-02-16T16:24:09Z</time>
  </trkpt>
  <trkpt lat="54.762255" lon="25.30355833">
    <ele>152</ele>
    <time>2022-02-16T16:24:10Z</time>
  </trkpt>
  <trkpt lat="54.76225333" lon="25.30359833">
    <ele>152</ele>
    <time>2022-02-16T16:24:11Z</time>
  </trkpt>
  <trkpt lat="54.76222" lon="25.303635">
    <ele>151</ele>
    <time>2022-02-16T16:24:12Z</time>
  </trkpt>
  <trkpt lat="54.76220333" lon="25.303675">
    <ele>151</ele>
    <time>2022-02-16T16:24:13Z</time>
  </trkpt>
  <trkpt lat="54.76218833" lon="25.30370167">
    <ele>150</ele>
    <time>2022-02-16T16:24:14Z</time>
  </trkpt>
  <trkpt lat="54.76217667" lon="25.30373">
    <ele>150</ele>
    <time>2022-02-16T16:24:15Z</time>
  </trkpt>
  <trkpt lat="54.76215667" lon="25.30376833">
    <ele>149</ele>
    <time>2022-02-16T16:24:16Z</time>
  </trkpt>
  <trkpt lat="54.76213667" lon="25.303805">
    <ele>149</ele>
    <time>2022-02-16T16:24:17Z</time>
  </trkpt>
  <trkpt lat="54.76211667" lon="25.30384333">
    <ele>149</ele>
    <time>2022-02-16T16:24:18Z</time>
  </trkpt>
  <trkpt lat="54.762095" lon="25.30387833">
    <ele>149</ele>
    <time>2022-02-16T16:24:19Z</time>
  </trkpt>
  <trkpt lat="54.76206667" lon="25.30390833">
    <ele>149</ele>
    <time>2022-02-16T16:24:20Z</time>
  </trkpt>
  <trkpt lat="54.76204167" lon="25.30396167">
    <ele>148</ele>
    <time>2022-02-16T16:24:21Z</time>
  </trkpt>
  <trkpt lat="54.76200333" lon="25.30403">
    <ele>148</ele>
    <time>2022-02-16T16:24:22Z</time>
  </trkpt>
  <trkpt lat="54.761973329999996" lon="25.30409333">
    <ele>148</ele>
    <time>2022-02-16T16:24:23Z</time>
  </trkpt>
  <trkpt lat="54.76194667" lon="25.30414667">
    <ele>148</ele>
    <time>2022-02-16T16:24:24Z</time>
  </trkpt>
  <trkpt lat="54.76191667" lon="25.3042">
    <ele>148</ele>
    <time>2022-02-16T16:24:25Z</time>
  </trkpt>
  <trkpt lat="54.76189333" lon="25.30425333">
    <ele>148</ele>
    <time>2022-02-16T16:24:26Z</time>
  </trkpt>
  <trkpt lat="54.76186167" lon="25.30431333">
    <ele>147</ele>
    <time>2022-02-16T16:24:27Z</time>
  </trkpt>
  <trkpt lat="54.761845" lon="25.30435833">
    <ele>146</ele>
    <time>2022-02-16T16:24:28Z</time>
  </trkpt>
  <trkpt lat="54.761825" lon="25.30440667">
    <ele>146</ele>
    <time>2022-02-16T16:24:29Z</time>
  </trkpt>
  <trkpt lat="54.76180167" lon="25.30444">
    <ele>146</ele>
    <time>2022-02-16T16:24:30Z</time>
  </trkpt>
  <trkpt lat="54.76176833" lon="25.30447667">
    <ele>146</ele>
    <time>2022-02-16T16:24:31Z</time>
  </trkpt>
  <trkpt lat="54.76175833" lon="25.304515">
    <ele>146</ele>
    <time>2022-02-16T16:24:32Z</time>
  </trkpt>
  <trkpt lat="54.76176167" lon="25.30451833">
    <ele>146</ele>
    <time>2022-02-16T16:24:33Z</time>
  </trkpt>
  <trkpt lat="54.761775" lon="25.30448833">
    <ele>146</ele>
    <time>2022-02-16T16:24:34Z</time>
  </trkpt>
  <trkpt lat="54.76177" lon="25.30447333">
    <ele>146</ele>
    <time>2022-02-16T16:24:35Z</time>
  </trkpt>
  <trkpt lat="54.76177" lon="25.30447">
    <ele>146</ele>
    <time>2022-02-16T16:24:36Z</time>
  </trkpt>
  <trkpt lat="54.76175667" lon="25.30448">
    <ele>145</ele>
    <time>2022-02-16T16:24:37Z</time>
  </trkpt>
  <trkpt lat="54.76173167" lon="25.30449167">
    <ele>145</ele>
    <time>2022-02-16T16:24:38Z</time>
  </trkpt>
  <trkpt lat="54.76171333" lon="25.30450333">
    <ele>145</ele>
    <time>2022-02-16T16:24:39Z</time>
  </trkpt>
  <trkpt lat="54.76170333" lon="25.30451667">
    <ele>145</ele>
    <time>2022-02-16T16:24:40Z</time>
  </trkpt>
  <trkpt lat="54.76170333" lon="25.30452">
    <ele>144</ele>
    <time>2022-02-16T16:24:41Z</time>
  </trkpt>
  <trkpt lat="54.7617" lon="25.30453667">
    <ele>144</ele>
    <time>2022-02-16T16:24:42Z</time>
  </trkpt>
  <trkpt lat="54.76168667" lon="25.30455333">
    <ele>144</ele>
    <time>2022-02-16T16:24:43Z</time>
  </trkpt>
  <trkpt lat="54.76167333" lon="25.30457333">
    <ele>144</ele>
    <time>2022-02-16T16:24:44Z</time>
  </trkpt>
  <trkpt lat="54.76166" lon="25.30459">
    <ele>144</ele>
    <time>2022-02-16T16:24:45Z</time>
  </trkpt>
  <trkpt lat="54.76165333" lon="25.30461">
    <ele>145</ele>
    <time>2022-02-16T16:24:46Z</time>
  </trkpt>
  <trkpt lat="54.761645" lon="25.30462667">
    <ele>145</ele>
    <time>2022-02-16T16:24:47Z</time>
  </trkpt>
  <trkpt lat="54.76163167" lon="25.30465">
    <ele>145</ele>
    <time>2022-02-16T16:24:48Z</time>
  </trkpt>
  <trkpt lat="54.76162333" lon="25.304675">
    <ele>145</ele>
    <time>2022-02-16T16:24:49Z</time>
  </trkpt>
  <trkpt lat="54.76161667" lon="25.30470167">
    <ele>145</ele>
    <time>2022-02-16T16:24:50Z</time>
  </trkpt>
  <trkpt lat="54.761615" lon="25.30472833">
    <ele>144</ele>
    <time>2022-02-16T16:24:51Z</time>
  </trkpt>
  <trkpt lat="54.76160333" lon="25.30475833">
    <ele>144</ele>
    <time>2022-02-16T16:24:52Z</time>
  </trkpt>
  <trkpt lat="54.76158833" lon="25.30479167">
    <ele>144</ele>
    <time>2022-02-16T16:24:53Z</time>
  </trkpt>
  <trkpt lat="54.761575" lon="25.30482167">
    <ele>144</ele>
    <time>2022-02-16T16:24:54Z</time>
  </trkpt>
  <trkpt lat="54.76156" lon="25.30485">
    <ele>144</ele>
    <time>2022-02-16T16:24:55Z</time>
  </trkpt>
  <trkpt lat="54.761545" lon="25.30487167">
    <ele>144</ele>
    <time>2022-02-16T16:24:56Z</time>
  </trkpt>
  <trkpt lat="54.76153167" lon="25.30489167">
    <ele>144</ele>
    <time>2022-02-16T16:24:57Z</time>
  </trkpt>
  <trkpt lat="54.76152333" lon="25.30491167">
    <ele>145</ele>
    <time>2022-02-16T16:24:58Z</time>
  </trkpt>
  <trkpt lat="54.76151" lon="25.304935">
    <ele>145</ele>
    <time>2022-02-16T16:24:59Z</time>
  </trkpt>
  <trkpt lat="54.76149833" lon="25.30496667">
    <ele>145</ele>
    <time>2022-02-16T16:25:00Z</time>
  </trkpt>
  <trkpt lat="54.76149" lon="25.305">
    <ele>145</ele>
    <time>2022-02-16T16:25:01Z</time>
  </trkpt>
  <trkpt lat="54.76147833" lon="25.30503833">
    <ele>146</ele>
    <time>2022-02-16T16:25:02Z</time>
  </trkpt>
  <trkpt lat="54.76147167" lon="25.305075">
    <ele>146</ele>
    <time>2022-02-16T16:25:03Z</time>
  </trkpt>
  <trkpt lat="54.76145333" lon="25.30510667">
    <ele>146</ele>
    <time>2022-02-16T16:25:04Z</time>
  </trkpt>
  <trkpt lat="54.76143167" lon="25.30512167">
    <ele>147</ele>
    <time>2022-02-16T16:25:05Z</time>
  </trkpt>
  <trkpt lat="54.76140833" lon="25.30511667">
    <ele>148</ele>
    <time>2022-02-16T16:25:06Z</time>
  </trkpt>
  <trkpt lat="54.761385" lon="25.30509833">
    <ele>148</ele>
    <time>2022-02-16T16:25:07Z</time>
  </trkpt>
  <trkpt lat="54.76136667" lon="25.30508167">
    <ele>148</ele>
    <time>2022-02-16T16:25:08Z</time>
  </trkpt>
  <trkpt lat="54.76134833" lon="25.30507167">
    <ele>149</ele>
    <time>2022-02-16T16:25:09Z</time>
  </trkpt>
  <trkpt lat="54.76133167" lon="25.305055">
    <ele>149</ele>
    <time>2022-02-16T16:25:10Z</time>
  </trkpt>
  <trkpt lat="54.76131333" lon="25.30503167">
    <ele>149</ele>
    <time>2022-02-16T16:25:11Z</time>
  </trkpt>
  <trkpt lat="54.761295" lon="25.30500833">
    <ele>149</ele>
    <time>2022-02-16T16:25:12Z</time>
  </trkpt>
  <trkpt lat="54.761275" lon="25.30499">
    <ele>149</ele>
    <time>2022-02-16T16:25:13Z</time>
  </trkpt>
  <trkpt lat="54.76126167" lon="25.304975">
    <ele>150</ele>
    <time>2022-02-16T16:25:14Z</time>
  </trkpt>
  <trkpt lat="54.76124" lon="25.304955">
    <ele>150</ele>
    <time>2022-02-16T16:25:15Z</time>
  </trkpt>
  <trkpt lat="54.76122167" lon="25.30492833">
    <ele>150</ele>
    <time>2022-02-16T16:25:16Z</time>
  </trkpt>
  <trkpt lat="54.76121167" lon="25.30490167">
    <ele>150</ele>
    <time>2022-02-16T16:25:17Z</time>
  </trkpt>
  <trkpt lat="54.76119833" lon="25.304885">
    <ele>149</ele>
    <time>2022-02-16T16:25:18Z</time>
  </trkpt>
  <trkpt lat="54.76119333" lon="25.30487833">
    <ele>149</ele>
    <time>2022-02-16T16:25:19Z</time>
  </trkpt>
  <trkpt lat="54.76117167" lon="25.30489">
    <ele>150</ele>
    <time>2022-02-16T16:25:20Z</time>
  </trkpt>
  <trkpt lat="54.76114" lon="25.30488667">
    <ele>150</ele>
    <time>2022-02-16T16:25:21Z</time>
  </trkpt>
  <trkpt lat="54.76111333" lon="25.304895">
    <ele>150</ele>
    <time>2022-02-16T16:25:22Z</time>
  </trkpt>
  <trkpt lat="54.76108667" lon="25.30489667">
    <ele>150</ele>
    <time>2022-02-16T16:25:23Z</time>
  </trkpt>
  <trkpt lat="54.76106667" lon="25.304885">
    <ele>150</ele>
    <time>2022-02-16T16:25:24Z</time>
  </trkpt>
  <trkpt lat="54.76104833" lon="25.30487">
    <ele>151</ele>
    <time>2022-02-16T16:25:25Z</time>
  </trkpt>
  <trkpt lat="54.76102333" lon="25.30485667">
    <ele>151</ele>
    <time>2022-02-16T16:25:26Z</time>
  </trkpt>
  <trkpt lat="54.761" lon="25.304845">
    <ele>151</ele>
    <time>2022-02-16T16:25:27Z</time>
  </trkpt>
  <trkpt lat="54.76097833" lon="25.30483333">
    <ele>151</ele>
    <time>2022-02-16T16:25:28Z</time>
  </trkpt>
  <trkpt lat="54.76095167" lon="25.30482167">
    <ele>150</ele>
    <time>2022-02-16T16:25:29Z</time>
  </trkpt>
  <trkpt lat="54.76092833" lon="25.30482333">
    <ele>150</ele>
    <time>2022-02-16T16:25:30Z</time>
  </trkpt>
  <trkpt lat="54.760905" lon="25.30482333">
    <ele>150</ele>
    <time>2022-02-16T16:25:31Z</time>
  </trkpt>
  <trkpt lat="54.76088167" lon="25.304825">
    <ele>150</ele>
    <time>2022-02-16T16:25:32Z</time>
  </trkpt>
  <trkpt lat="54.76085167" lon="25.30480833">
    <ele>150</ele>
    <time>2022-02-16T16:25:33Z</time>
  </trkpt>
  <trkpt lat="54.76082667" lon="25.304795">
    <ele>150</ele>
    <time>2022-02-16T16:25:34Z</time>
  </trkpt>
  <trkpt lat="54.76080333" lon="25.30477667">
    <ele>150</ele>
    <time>2022-02-16T16:25:35Z</time>
  </trkpt>
  <trkpt lat="54.76078" lon="25.304765">
    <ele>149</ele>
    <time>2022-02-16T16:25:36Z</time>
  </trkpt>
  <trkpt lat="54.76076167" lon="25.30474667">
    <ele>149</ele>
    <time>2022-02-16T16:25:37Z</time>
  </trkpt>
  <trkpt lat="54.76074" lon="25.30473">
    <ele>149</ele>
    <time>2022-02-16T16:25:38Z</time>
  </trkpt>
  <trkpt lat="54.760725" lon="25.3047">
    <ele>149</ele>
    <time>2022-02-16T16:25:39Z</time>
  </trkpt>
  <trkpt lat="54.76071" lon="25.30467333">
    <ele>148</ele>
    <time>2022-02-16T16:25:40Z</time>
  </trkpt>
  <trkpt lat="54.760695" lon="25.304655">
    <ele>148</ele>
    <time>2022-02-16T16:25:41Z</time>
  </trkpt>
  <trkpt lat="54.76068167" lon="25.30463833">
    <ele>147</ele>
    <time>2022-02-16T16:25:42Z</time>
  </trkpt>
  <trkpt lat="54.760665" lon="25.30460833">
    <ele>146</ele>
    <time>2022-02-16T16:25:43Z</time>
  </trkpt>
  <trkpt lat="54.76065167" lon="25.30458833">
    <ele>146</ele>
    <time>2022-02-16T16:25:44Z</time>
  </trkpt>
  <trkpt lat="54.76064" lon="25.30456833">
    <ele>146</ele>
    <time>2022-02-16T16:25:45Z</time>
  </trkpt>
  <trkpt lat="54.76062667" lon="25.30454667">
    <ele>146</ele>
    <time>2022-02-16T16:25:46Z</time>
  </trkpt>
  <trkpt lat="54.760615" lon="25.30452333">
    <ele>146</ele>
    <time>2022-02-16T16:25:47Z</time>
  </trkpt>
  <trkpt lat="54.76059833" lon="25.30450833">
    <ele>147</ele>
    <time>2022-02-16T16:25:48Z</time>
  </trkpt>
  <trkpt lat="54.76058" lon="25.30448833">
    <ele>147</ele>
    <time>2022-02-16T16:25:49Z</time>
  </trkpt>
  <trkpt lat="54.76056" lon="25.30447333">
    <ele>147</ele>
    <time>2022-02-16T16:25:50Z</time>
  </trkpt>
  <trkpt lat="54.76054333" lon="25.304455">
    <ele>146</ele>
    <time>2022-02-16T16:25:51Z</time>
  </trkpt>
  <trkpt lat="54.76052833" lon="25.30444">
    <ele>146</ele>
    <time>2022-02-16T16:25:52Z</time>
  </trkpt>
  <trkpt lat="54.76051" lon="25.30442833">
    <ele>146</ele>
    <time>2022-02-16T16:25:53Z</time>
  </trkpt>
  <trkpt lat="54.76049" lon="25.30441333">
    <ele>147</ele>
    <time>2022-02-16T16:25:54Z</time>
  </trkpt>
  <trkpt lat="54.76047" lon="25.30439833">
    <ele>146</ele>
    <time>2022-02-16T16:25:55Z</time>
  </trkpt>
  <trkpt lat="54.76044833" lon="25.30439167">
    <ele>146</ele>
    <time>2022-02-16T16:25:56Z</time>
  </trkpt>
  <trkpt lat="54.76042833" lon="25.304375">
    <ele>145</ele>
    <time>2022-02-16T16:25:57Z</time>
  </trkpt>
  <trkpt lat="54.76041333" lon="25.30436">
    <ele>145</ele>
    <time>2022-02-16T16:25:58Z</time>
  </trkpt>
  <trkpt lat="54.7604" lon="25.30434">
    <ele>145</ele>
    <time>2022-02-16T16:25:59Z</time>
  </trkpt>
  <trkpt lat="54.76038667" lon="25.30432167">
    <ele>145</ele>
    <time>2022-02-16T16:26:00Z</time>
  </trkpt>
  <trkpt lat="54.76037" lon="25.30430167">
    <ele>145</ele>
    <time>2022-02-16T16:26:01Z</time>
  </trkpt>
  <trkpt lat="54.76034833" lon="25.30428833">
    <ele>144</ele>
    <time>2022-02-16T16:26:02Z</time>
  </trkpt>
  <trkpt lat="54.760325" lon="25.30427833">
    <ele>144</ele>
    <time>2022-02-16T16:26:03Z</time>
  </trkpt>
  <trkpt lat="54.76028333" lon="25.30427667">
    <ele>144</ele>
    <time>2022-02-16T16:26:04Z</time>
  </trkpt>
  <trkpt lat="54.76024" lon="25.304265">
    <ele>144</ele>
    <time>2022-02-16T16:26:05Z</time>
  </trkpt>
  <trkpt lat="54.76021" lon="25.30425">
    <ele>144</ele>
    <time>2022-02-16T16:26:06Z</time>
  </trkpt>
  <trkpt lat="54.76018167" lon="25.304215">
    <ele>145</ele>
    <time>2022-02-16T16:26:07Z</time>
  </trkpt>
  <trkpt lat="54.76015" lon="25.30419667">
    <ele>145</ele>
    <time>2022-02-16T16:26:08Z</time>
  </trkpt>
  <trkpt lat="54.760135" lon="25.304175">
    <ele>146</ele>
    <time>2022-02-16T16:26:09Z</time>
  </trkpt>
  <trkpt lat="54.76011667" lon="25.30415667">
    <ele>146</ele>
    <time>2022-02-16T16:26:10Z</time>
  </trkpt>
  <trkpt lat="54.76011" lon="25.30413167">
    <ele>146</ele>
    <time>2022-02-16T16:26:11Z</time>
  </trkpt>
  <trkpt lat="54.7601" lon="25.30411333">
    <ele>146</ele>
    <time>2022-02-16T16:26:12Z</time>
  </trkpt>
  <trkpt lat="54.76009333" lon="25.30410167">
    <ele>147</ele>
    <time>2022-02-16T16:26:13Z</time>
  </trkpt>
  <trkpt lat="54.76008" lon="25.30409333">
    <ele>147</ele>
    <time>2022-02-16T16:26:14Z</time>
  </trkpt>
  <trkpt lat="54.76004667" lon="25.30409167">
    <ele>147</ele>
    <time>2022-02-16T16:26:15Z</time>
  </trkpt>
  <trkpt lat="54.76002667" lon="25.30408667">
    <ele>148</ele>
    <time>2022-02-16T16:26:16Z</time>
  </trkpt>
  <trkpt lat="54.76000167" lon="25.304065">
    <ele>148</ele>
    <time>2022-02-16T16:26:17Z</time>
  </trkpt>
  <trkpt lat="54.75998667" lon="25.30405333">
    <ele>148</ele>
    <time>2022-02-16T16:26:18Z</time>
  </trkpt>
  <trkpt lat="54.75997333" lon="25.30404667">
    <ele>148</ele>
    <time>2022-02-16T16:26:19Z</time>
  </trkpt>
  <trkpt lat="54.75997" lon="25.30406667">
    <ele>149</ele>
    <time>2022-02-16T16:26:20Z</time>
  </trkpt>
  <trkpt lat="54.75997" lon="25.30407333">
    <ele>149</ele>
    <time>2022-02-16T16:26:21Z</time>
  </trkpt>
  <trkpt lat="54.75996333" lon="25.30407833">
    <ele>149</ele>
    <time>2022-02-16T16:26:22Z</time>
  </trkpt>
  <trkpt lat="54.75992667" lon="25.30409333">
    <ele>149</ele>
    <time>2022-02-16T16:26:23Z</time>
  </trkpt>
  <trkpt lat="54.75989333" lon="25.304115">
    <ele>149</ele>
    <time>2022-02-16T16:26:24Z</time>
  </trkpt>
  <trkpt lat="54.759855" lon="25.30413333">
    <ele>149</ele>
    <time>2022-02-16T16:26:25Z</time>
  </trkpt>
  <trkpt lat="54.75983" lon="25.30412833">
    <ele>149</ele>
    <time>2022-02-16T16:26:26Z</time>
  </trkpt>
  <trkpt lat="54.759805" lon="25.304125">
    <ele>149</ele>
    <time>2022-02-16T16:26:27Z</time>
  </trkpt>
  <trkpt lat="54.75978333" lon="25.30413333">
    <ele>150</ele>
    <time>2022-02-16T16:26:28Z</time>
  </trkpt>
  <trkpt lat="54.75975833" lon="25.30411833">
    <ele>150</ele>
    <time>2022-02-16T16:26:29Z</time>
  </trkpt>
  <trkpt lat="54.75973" lon="25.30409833">
    <ele>150</ele>
    <time>2022-02-16T16:26:30Z</time>
  </trkpt>
  <trkpt lat="54.75969667" lon="25.30407667">
    <ele>150</ele>
    <time>2022-02-16T16:26:31Z</time>
  </trkpt>
  <trkpt lat="54.75967167" lon="25.30403">
    <ele>150</ele>
    <time>2022-02-16T16:26:32Z</time>
  </trkpt>
  <trkpt lat="54.75965667" lon="25.30400667">
    <ele>150</ele>
    <time>2022-02-16T16:26:33Z</time>
  </trkpt>
  <trkpt lat="54.75964333" lon="25.30399333">
    <ele>150</ele>
    <time>2022-02-16T16:26:34Z</time>
  </trkpt>
  <trkpt lat="54.759625" lon="25.303975">
    <ele>150</ele>
    <time>2022-02-16T16:26:35Z</time>
  </trkpt>
  <trkpt lat="54.759605" lon="25.30394833">
    <ele>150</ele>
    <time>2022-02-16T16:26:36Z</time>
  </trkpt>
  <trkpt lat="54.75959" lon="25.303925">
    <ele>150</ele>
    <time>2022-02-16T16:26:37Z</time>
  </trkpt>
  <trkpt lat="54.75957" lon="25.303915">
    <ele>150</ele>
    <time>2022-02-16T16:26:38Z</time>
  </trkpt>
  <trkpt lat="54.75956167" lon="25.30392167">
    <ele>150</ele>
    <time>2022-02-16T16:26:39Z</time>
  </trkpt>
  <trkpt lat="54.75954667" lon="25.30393333">
    <ele>151</ele>
    <time>2022-02-16T16:26:40Z</time>
  </trkpt>
  <trkpt lat="54.75953167" lon="25.303945">
    <ele>151</ele>
    <time>2022-02-16T16:26:41Z</time>
  </trkpt>
  <trkpt lat="54.75951833" lon="25.30394667">
    <ele>152</ele>
    <time>2022-02-16T16:26:42Z</time>
  </trkpt>
  <trkpt lat="54.7595" lon="25.30393833">
    <ele>152</ele>
    <time>2022-02-16T16:26:43Z</time>
  </trkpt>
  <trkpt lat="54.75948833" lon="25.303905">
    <ele>152</ele>
    <time>2022-02-16T16:26:44Z</time>
  </trkpt>
  <trkpt lat="54.75947833" lon="25.303855">
    <ele>152</ele>
    <time>2022-02-16T16:26:45Z</time>
  </trkpt>
  <trkpt lat="54.75944667" lon="25.30378667">
    <ele>152</ele>
    <time>2022-02-16T16:26:46Z</time>
  </trkpt>
  <trkpt lat="54.75940833" lon="25.303725">
    <ele>152</ele>
    <time>2022-02-16T16:26:47Z</time>
  </trkpt>
  <trkpt lat="54.75937667" lon="25.30369833">
    <ele>152</ele>
    <time>2022-02-16T16:26:48Z</time>
  </trkpt>
  <trkpt lat="54.75934833" lon="25.303655">
    <ele>151</ele>
    <time>2022-02-16T16:26:49Z</time>
  </trkpt>
  <trkpt lat="54.75933167" lon="25.30362167">
    <ele>151</ele>
    <time>2022-02-16T16:26:50Z</time>
  </trkpt>
  <trkpt lat="54.75930167" lon="25.30357833">
    <ele>151</ele>
    <time>2022-02-16T16:26:51Z</time>
  </trkpt>
  <trkpt lat="54.75928" lon="25.30354167">
    <ele>151</ele>
    <time>2022-02-16T16:26:52Z</time>
  </trkpt>
  <trkpt lat="54.75927167" lon="25.30354167">
    <ele>150</ele>
    <time>2022-02-16T16:26:53Z</time>
  </trkpt>
  <trkpt lat="54.75925" lon="25.303555">
    <ele>151</ele>
    <time>2022-02-16T16:26:54Z</time>
  </trkpt>
  <trkpt lat="54.75923333" lon="25.30358833">
    <ele>151</ele>
    <time>2022-02-16T16:26:55Z</time>
  </trkpt>
  <trkpt lat="54.75921667" lon="25.30360667">
    <ele>151</ele>
    <time>2022-02-16T16:26:56Z</time>
  </trkpt>
  <trkpt lat="54.75920333" lon="25.303615">
    <ele>151</ele>
    <time>2022-02-16T16:26:57Z</time>
  </trkpt>
  <trkpt lat="54.759185" lon="25.30361333">
    <ele>152</ele>
    <time>2022-02-16T16:26:58Z</time>
  </trkpt>
  <trkpt lat="54.75917167" lon="25.3036">
    <ele>152</ele>
    <time>2022-02-16T16:26:59Z</time>
  </trkpt>
  <trkpt lat="54.75915" lon="25.303575">
    <ele>152</ele>
    <time>2022-02-16T16:27:00Z</time>
  </trkpt>
  <trkpt lat="54.759135" lon="25.30353833">
    <ele>152</ele>
    <time>2022-02-16T16:27:01Z</time>
  </trkpt>
  <trkpt lat="54.759115" lon="25.30350333">
    <ele>152</ele>
    <time>2022-02-16T16:27:02Z</time>
  </trkpt>
  <trkpt lat="54.7591" lon="25.30347167">
    <ele>152</ele>
    <time>2022-02-16T16:27:03Z</time>
  </trkpt>
  <trkpt lat="54.75908833" lon="25.30344167">
    <ele>152</ele>
    <time>2022-02-16T16:27:04Z</time>
  </trkpt>
  <trkpt lat="54.75907333" lon="25.30341333">
    <ele>151</ele>
    <time>2022-02-16T16:27:05Z</time>
  </trkpt>
  <trkpt lat="54.759055" lon="25.30338">
    <ele>151</ele>
    <time>2022-02-16T16:27:06Z</time>
  </trkpt>
  <trkpt lat="54.75904167" lon="25.30334333">
    <ele>151</ele>
    <time>2022-02-16T16:27:07Z</time>
  </trkpt>
  <trkpt lat="54.75903" lon="25.303315">
    <ele>151</ele>
    <time>2022-02-16T16:27:08Z</time>
  </trkpt>
  <trkpt lat="54.75902" lon="25.30330167">
    <ele>151</ele>
    <time>2022-02-16T16:27:09Z</time>
  </trkpt>
  <trkpt lat="54.75901" lon="25.30330667">
    <ele>151</ele>
    <time>2022-02-16T16:27:10Z</time>
  </trkpt>
  <trkpt lat="54.75899167" lon="25.30331">
    <ele>152</ele>
    <time>2022-02-16T16:27:11Z</time>
  </trkpt>
  <trkpt lat="54.75897833" lon="25.30328833">
    <ele>152</ele>
    <time>2022-02-16T16:27:12Z</time>
  </trkpt>
  <trkpt lat="54.75896333" lon="25.30327167">
    <ele>152</ele>
    <time>2022-02-16T16:27:13Z</time>
  </trkpt>
  <trkpt lat="54.758945" lon="25.30327167">
    <ele>152</ele>
    <time>2022-02-16T16:27:14Z</time>
  </trkpt>
  <trkpt lat="54.758925" lon="25.30327833">
    <ele>152</ele>
    <time>2022-02-16T16:27:15Z</time>
  </trkpt>
  <trkpt lat="54.75891667" lon="25.30330167">
    <ele>152</ele>
    <time>2022-02-16T16:27:16Z</time>
  </trkpt>
  <trkpt lat="54.75890833" lon="25.30332167">
    <ele>153</ele>
    <time>2022-02-16T16:27:17Z</time>
  </trkpt>
  <trkpt lat="54.7589" lon="25.30334">
    <ele>153</ele>
    <time>2022-02-16T16:27:18Z</time>
  </trkpt>
  <trkpt lat="54.75889333" lon="25.30337">
    <ele>153</ele>
    <time>2022-02-16T16:27:19Z</time>
  </trkpt>
  <trkpt lat="54.75888333" lon="25.30340833">
    <ele>153</ele>
    <time>2022-02-16T16:27:20Z</time>
  </trkpt>
  <trkpt lat="54.75887333" lon="25.30344333">
    <ele>153</ele>
    <time>2022-02-16T16:27:21Z</time>
  </trkpt>
  <trkpt lat="54.758855" lon="25.30347833">
    <ele>153</ele>
    <time>2022-02-16T16:27:22Z</time>
  </trkpt>
  <trkpt lat="54.75883333" lon="25.30352333">
    <ele>153</ele>
    <time>2022-02-16T16:27:23Z</time>
  </trkpt>
  <trkpt lat="54.75880833" lon="25.30355667">
    <ele>153</ele>
    <time>2022-02-16T16:27:24Z</time>
  </trkpt>
  <trkpt lat="54.75878" lon="25.30357333">
    <ele>153</ele>
    <time>2022-02-16T16:27:25Z</time>
  </trkpt>
  <trkpt lat="54.75874333" lon="25.30358167">
    <ele>153</ele>
    <time>2022-02-16T16:27:26Z</time>
  </trkpt>
  <trkpt lat="54.75871" lon="25.30359667">
    <ele>153</ele>
    <time>2022-02-16T16:27:27Z</time>
  </trkpt>
  <trkpt lat="54.75868333" lon="25.30359">
    <ele>153</ele>
    <time>2022-02-16T16:27:28Z</time>
  </trkpt>
  <trkpt lat="54.758665" lon="25.30358333">
    <ele>152</ele>
    <time>2022-02-16T16:27:29Z</time>
  </trkpt>
  <trkpt lat="54.75864167" lon="25.30357">
    <ele>152</ele>
    <time>2022-02-16T16:27:30Z</time>
  </trkpt>
  <trkpt lat="54.75861333" lon="25.30357">
    <ele>152</ele>
    <time>2022-02-16T16:27:31Z</time>
  </trkpt>
  <trkpt lat="54.75858667" lon="25.30357167">
    <ele>151</ele>
    <time>2022-02-16T16:27:32Z</time>
  </trkpt>
  <trkpt lat="54.75856167" lon="25.30357333">
    <ele>151</ele>
    <time>2022-02-16T16:27:33Z</time>
  </trkpt>
  <trkpt lat="54.75853667" lon="25.30357833">
    <ele>151</ele>
    <time>2022-02-16T16:27:34Z</time>
  </trkpt>
  <trkpt lat="54.75851667" lon="25.30358167">
    <ele>151</ele>
    <time>2022-02-16T16:27:35Z</time>
  </trkpt>
  <trkpt lat="54.758495" lon="25.303585">
    <ele>152</ele>
    <time>2022-02-16T16:27:36Z</time>
  </trkpt>
  <trkpt lat="54.75846167" lon="25.30360167">
    <ele>152</ele>
    <time>2022-02-16T16:27:37Z</time>
  </trkpt>
  <trkpt lat="54.75843167" lon="25.30361333">
    <ele>152</ele>
    <time>2022-02-16T16:27:38Z</time>
  </trkpt>
  <trkpt lat="54.75840667" lon="25.303615">
    <ele>152</ele>
    <time>2022-02-16T16:27:39Z</time>
  </trkpt>
  <trkpt lat="54.758385" lon="25.30362333">
    <ele>151</ele>
    <time>2022-02-16T16:27:40Z</time>
  </trkpt>
  <trkpt lat="54.75836333" lon="25.30363167">
    <ele>151</ele>
    <time>2022-02-16T16:27:41Z</time>
  </trkpt>
  <trkpt lat="54.75834167" lon="25.30364167">
    <ele>151</ele>
    <time>2022-02-16T16:27:42Z</time>
  </trkpt>
  <trkpt lat="54.75832167" lon="25.30365667">
    <ele>151</ele>
    <time>2022-02-16T16:27:43Z</time>
  </trkpt>
  <trkpt lat="54.75830167" lon="25.30367167">
    <ele>152</ele>
    <time>2022-02-16T16:27:44Z</time>
  </trkpt>
  <trkpt lat="54.75827667" lon="25.30369">
    <ele>152</ele>
    <time>2022-02-16T16:27:45Z</time>
  </trkpt>
  <trkpt lat="54.75825333" lon="25.30369833">
    <ele>152</ele>
    <time>2022-02-16T16:27:46Z</time>
  </trkpt>
  <trkpt lat="54.75823" lon="25.303695">
    <ele>153</ele>
    <time>2022-02-16T16:27:47Z</time>
  </trkpt>
  <trkpt lat="54.75821167" lon="25.30368667">
    <ele>152</ele>
    <time>2022-02-16T16:27:48Z</time>
  </trkpt>
  <trkpt lat="54.758195" lon="25.30367">
    <ele>152</ele>
    <time>2022-02-16T16:27:49Z</time>
  </trkpt>
  <trkpt lat="54.75816833" lon="25.30365">
    <ele>152</ele>
    <time>2022-02-16T16:27:50Z</time>
  </trkpt>
  <trkpt lat="54.75815" lon="25.30362167">
    <ele>152</ele>
    <time>2022-02-16T16:27:51Z</time>
  </trkpt>
  <trkpt lat="54.75814167" lon="25.303585">
    <ele>152</ele>
    <time>2022-02-16T16:27:52Z</time>
  </trkpt>
  <trkpt lat="54.75813167" lon="25.30353833">
    <ele>152</ele>
    <time>2022-02-16T16:27:53Z</time>
  </trkpt>
  <trkpt lat="54.75812833" lon="25.30349">
    <ele>152</ele>
    <time>2022-02-16T16:27:54Z</time>
  </trkpt>
  <trkpt lat="54.75812333" lon="25.30343833">
    <ele>152</ele>
    <time>2022-02-16T16:27:55Z</time>
  </trkpt>
  <trkpt lat="54.75811667" lon="25.30339833">
    <ele>152</ele>
    <time>2022-02-16T16:27:56Z</time>
  </trkpt>
  <trkpt lat="54.75811167" lon="25.30336333">
    <ele>152</ele>
    <time>2022-02-16T16:27:57Z</time>
  </trkpt>
  <trkpt lat="54.75810167" lon="25.303315">
    <ele>152</ele>
    <time>2022-02-16T16:27:58Z</time>
  </trkpt>
  <trkpt lat="54.75809" lon="25.30326167">
    <ele>152</ele>
    <time>2022-02-16T16:27:59Z</time>
  </trkpt>
  <trkpt lat="54.758085" lon="25.30322167">
    <ele>152</ele>
    <time>2022-02-16T16:28:00Z</time>
  </trkpt>
  <trkpt lat="54.758075" lon="25.30318667">
    <ele>152</ele>
    <time>2022-02-16T16:28:01Z</time>
  </trkpt>
  <trkpt lat="54.75806333" lon="25.303135">
    <ele>152</ele>
    <time>2022-02-16T16:28:02Z</time>
  </trkpt>
  <trkpt lat="54.75805" lon="25.303095">
    <ele>151</ele>
    <time>2022-02-16T16:28:03Z</time>
  </trkpt>
  <trkpt lat="54.75803667" lon="25.30306167">
    <ele>151</ele>
    <time>2022-02-16T16:28:04Z</time>
  </trkpt>
  <trkpt lat="54.75802167" lon="25.303005">
    <ele>151</ele>
    <time>2022-02-16T16:28:05Z</time>
  </trkpt>
  <trkpt lat="54.75800667" lon="25.30294">
    <ele>151</ele>
    <time>2022-02-16T16:28:06Z</time>
  </trkpt>
  <trkpt lat="54.75799667" lon="25.302875">
    <ele>151</ele>
    <time>2022-02-16T16:28:07Z</time>
  </trkpt>
  <trkpt lat="54.75798333" lon="25.30280167">
    <ele>151</ele>
    <time>2022-02-16T16:28:08Z</time>
  </trkpt>
  <trkpt lat="54.75797833" lon="25.30274333">
    <ele>151</ele>
    <time>2022-02-16T16:28:09Z</time>
  </trkpt>
  <trkpt lat="54.75796833" lon="25.30269333">
    <ele>150</ele>
    <time>2022-02-16T16:28:10Z</time>
  </trkpt>
  <trkpt lat="54.75796333" lon="25.30266167">
    <ele>150</ele>
    <time>2022-02-16T16:28:11Z</time>
  </trkpt>
  <trkpt lat="54.75794667" lon="25.30260833">
    <ele>150</ele>
    <time>2022-02-16T16:28:12Z</time>
  </trkpt>
  <trkpt lat="54.75793" lon="25.30256">
    <ele>149</ele>
    <time>2022-02-16T16:28:13Z</time>
  </trkpt>
  <trkpt lat="54.7579" lon="25.302515">
    <ele>149</ele>
    <time>2022-02-16T16:28:14Z</time>
  </trkpt>
  <trkpt lat="54.75788167" lon="25.30248333">
    <ele>149</ele>
    <time>2022-02-16T16:28:15Z</time>
  </trkpt>
  <trkpt lat="54.75789667" lon="25.30243333">
    <ele>148</ele>
    <time>2022-02-16T16:28:16Z</time>
  </trkpt>
  <trkpt lat="54.75789167" lon="25.30242">
    <ele>148</ele>
    <time>2022-02-16T16:28:17Z</time>
  </trkpt>
  <trkpt lat="54.757865" lon="25.302385">
    <ele>148</ele>
    <time>2022-02-16T16:28:18Z</time>
  </trkpt>
  <trkpt lat="54.75784833" lon="25.30234833">
    <ele>148</ele>
    <time>2022-02-16T16:28:19Z</time>
  </trkpt>
  <trkpt lat="54.75783167" lon="25.30231833">
    <ele>148</ele>
    <time>2022-02-16T16:28:20Z</time>
  </trkpt>
  <trkpt lat="54.75780833" lon="25.30228167">
    <ele>148</ele>
    <time>2022-02-16T16:28:21Z</time>
  </trkpt>
  <trkpt lat="54.75778833" lon="25.30225167">
    <ele>148</ele>
    <time>2022-02-16T16:28:22Z</time>
  </trkpt>
  <trkpt lat="54.75777333" lon="25.302235">
    <ele>148</ele>
    <time>2022-02-16T16:28:23Z</time>
  </trkpt>
  <trkpt lat="54.75775333" lon="25.30222833">
    <ele>148</ele>
    <time>2022-02-16T16:28:24Z</time>
  </trkpt>
  <trkpt lat="54.757735" lon="25.30222667">
    <ele>148</ele>
    <time>2022-02-16T16:28:25Z</time>
  </trkpt>
  <trkpt lat="54.75771667" lon="25.30222167">
    <ele>148</ele>
    <time>2022-02-16T16:28:26Z</time>
  </trkpt>
  <trkpt lat="54.75769667" lon="25.30222167">
    <ele>148</ele>
    <time>2022-02-16T16:28:27Z</time>
  </trkpt>
  <trkpt lat="54.75767333" lon="25.30222167">
    <ele>148</ele>
    <time>2022-02-16T16:28:28Z</time>
  </trkpt>
  <trkpt lat="54.75765333" lon="25.30221333">
    <ele>149</ele>
    <time>2022-02-16T16:28:29Z</time>
  </trkpt>
  <trkpt lat="54.75762833" lon="25.30220833">
    <ele>149</ele>
    <time>2022-02-16T16:28:30Z</time>
  </trkpt>
  <trkpt lat="54.75759667" lon="25.302205">
    <ele>149</ele>
    <time>2022-02-16T16:28:31Z</time>
  </trkpt>
  <trkpt lat="54.75757167" lon="25.30220333">
    <ele>149</ele>
    <time>2022-02-16T16:28:32Z</time>
  </trkpt>
  <trkpt lat="54.75755667" lon="25.30219333">
    <ele>149</ele>
    <time>2022-02-16T16:28:33Z</time>
  </trkpt>
  <trkpt lat="54.75753667" lon="25.30218167">
    <ele>149</ele>
    <time>2022-02-16T16:28:34Z</time>
  </trkpt>
  <trkpt lat="54.75751667" lon="25.30216833">
    <ele>149</ele>
    <time>2022-02-16T16:28:35Z</time>
  </trkpt>
  <trkpt lat="54.757495" lon="25.302155">
    <ele>149</ele>
    <time>2022-02-16T16:28:36Z</time>
  </trkpt>
  <trkpt lat="54.75747833" lon="25.30213667">
    <ele>149</ele>
    <time>2022-02-16T16:28:37Z</time>
  </trkpt>
  <trkpt lat="54.75745667" lon="25.30211833">
    <ele>149</ele>
    <time>2022-02-16T16:28:38Z</time>
  </trkpt>
  <trkpt lat="54.75743833" lon="25.30210167">
    <ele>149</ele>
    <time>2022-02-16T16:28:39Z</time>
  </trkpt>
  <trkpt lat="54.75741833" lon="25.30208">
    <ele>149</ele>
    <time>2022-02-16T16:28:40Z</time>
  </trkpt>
  <trkpt lat="54.75739667" lon="25.302065">
    <ele>149</ele>
    <time>2022-02-16T16:28:41Z</time>
  </trkpt>
  <trkpt lat="54.75737833" lon="25.302055">
    <ele>149</ele>
    <time>2022-02-16T16:28:42Z</time>
  </trkpt>
  <trkpt lat="54.75735333" lon="25.30204833">
    <ele>149</ele>
    <time>2022-02-16T16:28:43Z</time>
  </trkpt>
  <trkpt lat="54.757325" lon="25.302045">
    <ele>149</ele>
    <time>2022-02-16T16:28:44Z</time>
  </trkpt>
  <trkpt lat="54.75729833" lon="25.30203333">
    <ele>149</ele>
    <time>2022-02-16T16:28:45Z</time>
  </trkpt>
  <trkpt lat="54.75727167" lon="25.30202167">
    <ele>149</ele>
    <time>2022-02-16T16:28:46Z</time>
  </trkpt>
  <trkpt lat="54.75724833" lon="25.30201">
    <ele>149</ele>
    <time>2022-02-16T16:28:47Z</time>
  </trkpt>
  <trkpt lat="54.75722333" lon="25.30199167">
    <ele>149</ele>
    <time>2022-02-16T16:28:48Z</time>
  </trkpt>
  <trkpt lat="54.7572" lon="25.30197167">
    <ele>149</ele>
    <time>2022-02-16T16:28:49Z</time>
  </trkpt>
  <trkpt lat="54.757195" lon="25.30197">
    <ele>149</ele>
    <time>2022-02-16T16:28:50Z</time>
  </trkpt>
  <trkpt lat="54.757175" lon="25.30198333">
    <ele>150</ele>
    <time>2022-02-16T16:28:51Z</time>
  </trkpt>
  <trkpt lat="54.75715667" lon="25.30199667">
    <ele>150</ele>
    <time>2022-02-16T16:28:52Z</time>
  </trkpt>
  <trkpt lat="54.75712667" lon="25.30199333">
    <ele>150</ele>
    <time>2022-02-16T16:28:53Z</time>
  </trkpt>
  <trkpt lat="54.75709667" lon="25.30197667">
    <ele>150</ele>
    <time>2022-02-16T16:28:54Z</time>
  </trkpt>
  <trkpt lat="54.757075" lon="25.301945">
    <ele>150</ele>
    <time>2022-02-16T16:28:55Z</time>
  </trkpt>
  <trkpt lat="54.75705667" lon="25.30190167">
    <ele>150</ele>
    <time>2022-02-16T16:28:56Z</time>
  </trkpt>
  <trkpt lat="54.75704" lon="25.30186">
    <ele>150</ele>
    <time>2022-02-16T16:28:57Z</time>
  </trkpt>
  <trkpt lat="54.75702167" lon="25.30181667">
    <ele>150</ele>
    <time>2022-02-16T16:28:58Z</time>
  </trkpt>
  <trkpt lat="54.757005" lon="25.30178167">
    <ele>150</ele>
    <time>2022-02-16T16:28:59Z</time>
  </trkpt>
  <trkpt lat="54.756995" lon="25.301745">
    <ele>150</ele>
    <time>2022-02-16T16:29:00Z</time>
  </trkpt>
  <trkpt lat="54.75697667" lon="25.30170333">
    <ele>150</ele>
    <time>2022-02-16T16:29:01Z</time>
  </trkpt>
  <trkpt lat="54.75696167" lon="25.30167167">
    <ele>150</ele>
    <time>2022-02-16T16:29:02Z</time>
  </trkpt>
  <trkpt lat="54.756945" lon="25.301635">
    <ele>150</ele>
    <time>2022-02-16T16:29:03Z</time>
  </trkpt>
  <trkpt lat="54.75692167" lon="25.30160333">
    <ele>151</ele>
    <time>2022-02-16T16:29:04Z</time>
  </trkpt>
  <trkpt lat="54.75691" lon="25.301575">
    <ele>151</ele>
    <time>2022-02-16T16:29:05Z</time>
  </trkpt>
  <trkpt lat="54.756895" lon="25.30154833">
    <ele>151</ele>
    <time>2022-02-16T16:29:06Z</time>
  </trkpt>
  <trkpt lat="54.75688" lon="25.301525">
    <ele>151</ele>
    <time>2022-02-16T16:29:07Z</time>
  </trkpt>
  <trkpt lat="54.75685167" lon="25.30149833">
    <ele>151</ele>
    <time>2022-02-16T16:29:08Z</time>
  </trkpt>
  <trkpt lat="54.75682667" lon="25.30146333">
    <ele>151</ele>
    <time>2022-02-16T16:29:09Z</time>
  </trkpt>
  <trkpt lat="54.75681167" lon="25.301445">
    <ele>151</ele>
    <time>2022-02-16T16:29:10Z</time>
  </trkpt>
  <trkpt lat="54.7568" lon="25.30142167">
    <ele>151</ele>
    <time>2022-02-16T16:29:11Z</time>
  </trkpt>
  <trkpt lat="54.75678333" lon="25.30139333">
    <ele>151</ele>
    <time>2022-02-16T16:29:12Z</time>
  </trkpt>
  <trkpt lat="54.756765" lon="25.30135833">
    <ele>150</ele>
    <time>2022-02-16T16:29:13Z</time>
  </trkpt>
  <trkpt lat="54.75674667" lon="25.30132333">
    <ele>150</ele>
    <time>2022-02-16T16:29:14Z</time>
  </trkpt>
  <trkpt lat="54.75672833" lon="25.30128833">
    <ele>150</ele>
    <time>2022-02-16T16:29:15Z</time>
  </trkpt>
  <trkpt lat="54.75671167" lon="25.30124667">
    <ele>150</ele>
    <time>2022-02-16T16:29:16Z</time>
  </trkpt>
  <trkpt lat="54.75668333" lon="25.30121">
    <ele>150</ele>
    <time>2022-02-16T16:29:17Z</time>
  </trkpt>
  <trkpt lat="54.75665" lon="25.30117167">
    <ele>150</ele>
    <time>2022-02-16T16:29:18Z</time>
  </trkpt>
  <trkpt lat="54.75663" lon="25.30113833">
    <ele>150</ele>
    <time>2022-02-16T16:29:19Z</time>
  </trkpt>
  <trkpt lat="54.75660333" lon="25.30110833">
    <ele>150</ele>
    <time>2022-02-16T16:29:20Z</time>
  </trkpt>
  <trkpt lat="54.75657333" lon="25.30109333">
    <ele>150</ele>
    <time>2022-02-16T16:29:21Z</time>
  </trkpt>
  <trkpt lat="54.756535" lon="25.30108667">
    <ele>150</ele>
    <time>2022-02-16T16:29:22Z</time>
  </trkpt>
  <trkpt lat="54.75650833" lon="25.30107833">
    <ele>149</ele>
    <time>2022-02-16T16:29:23Z</time>
  </trkpt>
  <trkpt lat="54.75647667" lon="25.301065">
    <ele>149</ele>
    <time>2022-02-16T16:29:24Z</time>
  </trkpt>
  <trkpt lat="54.75644167" lon="25.30105833">
    <ele>150</ele>
    <time>2022-02-16T16:29:25Z</time>
  </trkpt>
  <trkpt lat="54.75640167" lon="25.30103">
    <ele>149</ele>
    <time>2022-02-16T16:29:26Z</time>
  </trkpt>
  <trkpt lat="54.75636167" lon="25.30101333">
    <ele>149</ele>
    <time>2022-02-16T16:29:27Z</time>
  </trkpt>
  <trkpt lat="54.756325" lon="25.30102833">
    <ele>149</ele>
    <time>2022-02-16T16:29:28Z</time>
  </trkpt>
  <trkpt lat="54.75632167" lon="25.30104">
    <ele>149</ele>
    <time>2022-02-16T16:29:29Z</time>
  </trkpt>
  <trkpt lat="54.75631333" lon="25.30106">
    <ele>149</ele>
    <time>2022-02-16T16:29:30Z</time>
  </trkpt>
  <trkpt lat="54.75629" lon="25.30105667">
    <ele>149</ele>
    <time>2022-02-16T16:29:31Z</time>
  </trkpt>
  <trkpt lat="54.756265" lon="25.30105">
    <ele>150</ele>
    <time>2022-02-16T16:29:32Z</time>
  </trkpt>
  <trkpt lat="54.75624333" lon="25.30105667">
    <ele>150</ele>
    <time>2022-02-16T16:29:33Z</time>
  </trkpt>
  <trkpt lat="54.75622333" lon="25.30107833">
    <ele>150</ele>
    <time>2022-02-16T16:29:34Z</time>
  </trkpt>
  <trkpt lat="54.75620667" lon="25.30110833">
    <ele>150</ele>
    <time>2022-02-16T16:29:35Z</time>
  </trkpt>
  <trkpt lat="54.75619833" lon="25.30114333">
    <ele>150</ele>
    <time>2022-02-16T16:29:36Z</time>
  </trkpt>
  <trkpt lat="54.75618833" lon="25.30117833">
    <ele>151</ele>
    <time>2022-02-16T16:29:37Z</time>
  </trkpt>
  <trkpt lat="54.75616833" lon="25.301215">
    <ele>151</ele>
    <time>2022-02-16T16:29:38Z</time>
  </trkpt>
  <trkpt lat="54.75615" lon="25.30125333">
    <ele>151</ele>
    <time>2022-02-16T16:29:39Z</time>
  </trkpt>
  <trkpt lat="54.75613167" lon="25.30129">
    <ele>152</ele>
    <time>2022-02-16T16:29:40Z</time>
  </trkpt>
  <trkpt lat="54.75611167" lon="25.301325">
    <ele>152</ele>
    <time>2022-02-16T16:29:41Z</time>
  </trkpt>
  <trkpt lat="54.75608667" lon="25.30136">
    <ele>152</ele>
    <time>2022-02-16T16:29:42Z</time>
  </trkpt>
  <trkpt lat="54.75606833" lon="25.30139667">
    <ele>152</ele>
    <time>2022-02-16T16:29:43Z</time>
  </trkpt>
  <trkpt lat="54.75605833" lon="25.30143">
    <ele>152</ele>
    <time>2022-02-16T16:29:44Z</time>
  </trkpt>
  <trkpt lat="54.75605167" lon="25.30146333">
    <ele>152</ele>
    <time>2022-02-16T16:29:45Z</time>
  </trkpt>
  <trkpt lat="54.75604167" lon="25.301525">
    <ele>152</ele>
    <time>2022-02-16T16:29:46Z</time>
  </trkpt>
  <trkpt lat="54.75603" lon="25.30155333">
    <ele>153</ele>
    <time>2022-02-16T16:29:47Z</time>
  </trkpt>
  <trkpt lat="54.75601667" lon="25.30158">
    <ele>153</ele>
    <time>2022-02-16T16:29:48Z</time>
  </trkpt>
  <trkpt lat="54.75600333" lon="25.30160833">
    <ele>153</ele>
    <time>2022-02-16T16:29:49Z</time>
  </trkpt>
  <trkpt lat="54.75599167" lon="25.301635">
    <ele>152</ele>
    <time>2022-02-16T16:29:50Z</time>
  </trkpt>
  <trkpt lat="54.75597833" lon="25.30165833">
    <ele>152</ele>
    <time>2022-02-16T16:29:51Z</time>
  </trkpt>
  <trkpt lat="54.75596167" lon="25.30168667">
    <ele>152</ele>
    <time>2022-02-16T16:29:52Z</time>
  </trkpt>
  <trkpt lat="54.75594667" lon="25.30171667">
    <ele>152</ele>
    <time>2022-02-16T16:29:53Z</time>
  </trkpt>
  <trkpt lat="54.75593" lon="25.30175167">
    <ele>153</ele>
    <time>2022-02-16T16:29:54Z</time>
  </trkpt>
  <trkpt lat="54.75591167" lon="25.30178333">
    <ele>153</ele>
    <time>2022-02-16T16:29:55Z</time>
  </trkpt>
  <trkpt lat="54.75589333" lon="25.30182333">
    <ele>153</ele>
    <time>2022-02-16T16:29:56Z</time>
  </trkpt>
  <trkpt lat="54.75587667" lon="25.30185167">
    <ele>153</ele>
    <time>2022-02-16T16:29:57Z</time>
  </trkpt>
  <trkpt lat="54.75586" lon="25.30188833">
    <ele>153</ele>
    <time>2022-02-16T16:29:58Z</time>
  </trkpt>
  <trkpt lat="54.75584" lon="25.30192167">
    <ele>153</ele>
    <time>2022-02-16T16:29:59Z</time>
  </trkpt>
  <trkpt lat="54.75582" lon="25.30195">
    <ele>154</ele>
    <time>2022-02-16T16:30:00Z</time>
  </trkpt>
  <trkpt lat="54.7558" lon="25.30196333">
    <ele>154</ele>
    <time>2022-02-16T16:30:01Z</time>
  </trkpt>
  <trkpt lat="54.75578333" lon="25.301955">
    <ele>153</ele>
    <time>2022-02-16T16:30:02Z</time>
  </trkpt>
  <trkpt lat="54.755765" lon="25.301935">
    <ele>153</ele>
    <time>2022-02-16T16:30:03Z</time>
  </trkpt>
  <trkpt lat="54.755745" lon="25.30191">
    <ele>152</ele>
    <time>2022-02-16T16:30:04Z</time>
  </trkpt>
  <trkpt lat="54.75570833" lon="25.30188333">
    <ele>151</ele>
    <time>2022-02-16T16:30:05Z</time>
  </trkpt>
  <trkpt lat="54.75568333" lon="25.30186">
    <ele>150</ele>
    <time>2022-02-16T16:30:06Z</time>
  </trkpt>
  <trkpt lat="54.75566" lon="25.30184333">
    <ele>150</ele>
    <time>2022-02-16T16:30:07Z</time>
  </trkpt>
  <trkpt lat="54.75563667" lon="25.30181833">
    <ele>149</ele>
    <time>2022-02-16T16:30:08Z</time>
  </trkpt>
  <trkpt lat="54.755615" lon="25.30179333">
    <ele>148</ele>
    <time>2022-02-16T16:30:09Z</time>
  </trkpt>
  <trkpt lat="54.7556" lon="25.30176667">
    <ele>148</ele>
    <time>2022-02-16T16:30:10Z</time>
  </trkpt>
  <trkpt lat="54.75557833" lon="25.301745">
    <ele>147</ele>
    <time>2022-02-16T16:30:11Z</time>
  </trkpt>
  <trkpt lat="54.755555" lon="25.30172667">
    <ele>147</ele>
    <time>2022-02-16T16:30:12Z</time>
  </trkpt>
  <trkpt lat="54.75553" lon="25.30169667">
    <ele>146</ele>
    <time>2022-02-16T16:30:13Z</time>
  </trkpt>
  <trkpt lat="54.75550333" lon="25.30167">
    <ele>146</ele>
    <time>2022-02-16T16:30:14Z</time>
  </trkpt>
  <trkpt lat="54.75548167" lon="25.30163667">
    <ele>146</ele>
    <time>2022-02-16T16:30:15Z</time>
  </trkpt>
  <trkpt lat="54.75545" lon="25.30161667">
    <ele>146</ele>
    <time>2022-02-16T16:30:16Z</time>
  </trkpt>
  <trkpt lat="54.75542833" lon="25.30159167">
    <ele>146</ele>
    <time>2022-02-16T16:30:17Z</time>
  </trkpt>
  <trkpt lat="54.75540667" lon="25.301565">
    <ele>146</ele>
    <time>2022-02-16T16:30:18Z</time>
  </trkpt>
  <trkpt lat="54.75538167" lon="25.30154167">
    <ele>146</ele>
    <time>2022-02-16T16:30:19Z</time>
  </trkpt>
  <trkpt lat="54.75535833" lon="25.30151833">
    <ele>145</ele>
    <time>2022-02-16T16:30:20Z</time>
  </trkpt>
  <trkpt lat="54.75533667" lon="25.30149">
    <ele>145</ele>
    <time>2022-02-16T16:30:21Z</time>
  </trkpt>
  <trkpt lat="54.755315" lon="25.30147">
    <ele>145</ele>
    <time>2022-02-16T16:30:22Z</time>
  </trkpt>
  <trkpt lat="54.75529667" lon="25.30144833">
    <ele>144</ele>
    <time>2022-02-16T16:30:23Z</time>
  </trkpt>
  <trkpt lat="54.75527333" lon="25.30143167">
    <ele>144</ele>
    <time>2022-02-16T16:30:24Z</time>
  </trkpt>
  <trkpt lat="54.75525333" lon="25.30140333">
    <ele>144</ele>
    <time>2022-02-16T16:30:25Z</time>
  </trkpt>
  <trkpt lat="54.75523667" lon="25.30137833">
    <ele>144</ele>
    <time>2022-02-16T16:30:26Z</time>
  </trkpt>
  <trkpt lat="54.75521333" lon="25.30133667">
    <ele>144</ele>
    <time>2022-02-16T16:30:27Z</time>
  </trkpt>
  <trkpt lat="54.75519167" lon="25.30131667">
    <ele>144</ele>
    <time>2022-02-16T16:30:28Z</time>
  </trkpt>
  <trkpt lat="54.75516833" lon="25.30130167">
    <ele>143</ele>
    <time>2022-02-16T16:30:29Z</time>
  </trkpt>
  <trkpt lat="54.75514667" lon="25.301285">
    <ele>143</ele>
    <time>2022-02-16T16:30:30Z</time>
  </trkpt>
  <trkpt lat="54.75512667" lon="25.30126167">
    <ele>143</ele>
    <time>2022-02-16T16:30:31Z</time>
  </trkpt>
  <trkpt lat="54.755105" lon="25.30124167">
    <ele>143</ele>
    <time>2022-02-16T16:30:32Z</time>
  </trkpt>
  <trkpt lat="54.75508333" lon="25.30121667">
    <ele>143</ele>
    <time>2022-02-16T16:30:33Z</time>
  </trkpt>
  <trkpt lat="54.75506333" lon="25.30119167">
    <ele>143</ele>
    <time>2022-02-16T16:30:34Z</time>
  </trkpt>
  <trkpt lat="54.75504667" lon="25.301165">
    <ele>143</ele>
    <time>2022-02-16T16:30:35Z</time>
  </trkpt>
  <trkpt lat="54.75502833" lon="25.30114">
    <ele>143</ele>
    <time>2022-02-16T16:30:36Z</time>
  </trkpt>
  <trkpt lat="54.755005" lon="25.301115">
    <ele>143</ele>
    <time>2022-02-16T16:30:37Z</time>
  </trkpt>
  <trkpt lat="54.754985" lon="25.30109833">
    <ele>143</ele>
    <time>2022-02-16T16:30:38Z</time>
  </trkpt>
  <trkpt lat="54.75496667" lon="25.30108333">
    <ele>143</ele>
    <time>2022-02-16T16:30:39Z</time>
  </trkpt>
  <trkpt lat="54.75494833" lon="25.30106333">
    <ele>143</ele>
    <time>2022-02-16T16:30:40Z</time>
  </trkpt>
  <trkpt lat="54.75493" lon="25.30103667">
    <ele>143</ele>
    <time>2022-02-16T16:30:41Z</time>
  </trkpt>
  <trkpt lat="54.75490833" lon="25.30100833">
    <ele>143</ele>
    <time>2022-02-16T16:30:42Z</time>
  </trkpt>
  <trkpt lat="54.75489" lon="25.300975">
    <ele>143</ele>
    <time>2022-02-16T16:30:43Z</time>
  </trkpt>
  <trkpt lat="54.75487" lon="25.30095333">
    <ele>143</ele>
    <time>2022-02-16T16:30:44Z</time>
  </trkpt>
  <trkpt lat="54.75485167" lon="25.30093">
    <ele>143</ele>
    <time>2022-02-16T16:30:45Z</time>
  </trkpt>
  <trkpt lat="54.75482833" lon="25.30091">
    <ele>143</ele>
    <time>2022-02-16T16:30:46Z</time>
  </trkpt>
  <trkpt lat="54.75480833" lon="25.30088667">
    <ele>143</ele>
    <time>2022-02-16T16:30:47Z</time>
  </trkpt>
  <trkpt lat="54.754785" lon="25.300865">
    <ele>144</ele>
    <time>2022-02-16T16:30:48Z</time>
  </trkpt>
  <trkpt lat="54.75476333" lon="25.30084833">
    <ele>144</ele>
    <time>2022-02-16T16:30:49Z</time>
  </trkpt>
  <trkpt lat="54.75474167" lon="25.30083167">
    <ele>144</ele>
    <time>2022-02-16T16:30:50Z</time>
  </trkpt>
  <trkpt lat="54.75472167" lon="25.30081167">
    <ele>145</ele>
    <time>2022-02-16T16:30:51Z</time>
  </trkpt>
  <trkpt lat="54.75469833" lon="25.30078833">
    <ele>145</ele>
    <time>2022-02-16T16:30:52Z</time>
  </trkpt>
  <trkpt lat="54.75467333" lon="25.30076333">
    <ele>145</ele>
    <time>2022-02-16T16:30:53Z</time>
  </trkpt>
  <trkpt lat="54.75464833" lon="25.30073667">
    <ele>145</ele>
    <time>2022-02-16T16:30:54Z</time>
  </trkpt>
  <trkpt lat="54.75462667" lon="25.300705">
    <ele>145</ele>
    <time>2022-02-16T16:30:55Z</time>
  </trkpt>
  <trkpt lat="54.75460333" lon="25.30067">
    <ele>145</ele>
    <time>2022-02-16T16:30:56Z</time>
  </trkpt>
  <trkpt lat="54.754575" lon="25.30064667">
    <ele>145</ele>
    <time>2022-02-16T16:30:57Z</time>
  </trkpt>
  <trkpt lat="54.754555" lon="25.30062">
    <ele>145</ele>
    <time>2022-02-16T16:30:58Z</time>
  </trkpt>
  <trkpt lat="54.754535" lon="25.30059667">
    <ele>145</ele>
    <time>2022-02-16T16:30:59Z</time>
  </trkpt>
  <trkpt lat="54.75451167" lon="25.30057333">
    <ele>145</ele>
    <time>2022-02-16T16:31:00Z</time>
  </trkpt>
  <trkpt lat="54.75449333" lon="25.30055667">
    <ele>145</ele>
    <time>2022-02-16T16:31:01Z</time>
  </trkpt>
  <trkpt lat="54.75447333" lon="25.30053667">
    <ele>145</ele>
    <time>2022-02-16T16:31:02Z</time>
  </trkpt>
  <trkpt lat="54.75445333" lon="25.30051667">
    <ele>145</ele>
    <time>2022-02-16T16:31:03Z</time>
  </trkpt>
  <trkpt lat="54.754435" lon="25.300495">
    <ele>145</ele>
    <time>2022-02-16T16:31:04Z</time>
  </trkpt>
  <trkpt lat="54.75441667" lon="25.30047">
    <ele>146</ele>
    <time>2022-02-16T16:31:05Z</time>
  </trkpt>
  <trkpt lat="54.75439333" lon="25.30044667">
    <ele>146</ele>
    <time>2022-02-16T16:31:06Z</time>
  </trkpt>
  <trkpt lat="54.754375" lon="25.30042">
    <ele>146</ele>
    <time>2022-02-16T16:31:07Z</time>
  </trkpt>
  <trkpt lat="54.75435" lon="25.30038667">
    <ele>146</ele>
    <time>2022-02-16T16:31:08Z</time>
  </trkpt>
  <trkpt lat="54.75432667" lon="25.30035167">
    <ele>146</ele>
    <time>2022-02-16T16:31:09Z</time>
  </trkpt>
  <trkpt lat="54.754305" lon="25.30032167">
    <ele>147</ele>
    <time>2022-02-16T16:31:10Z</time>
  </trkpt>
  <trkpt lat="54.75428667" lon="25.30029333">
    <ele>147</ele>
    <time>2022-02-16T16:31:11Z</time>
  </trkpt>
  <trkpt lat="54.75426667" lon="25.30027">
    <ele>147</ele>
    <time>2022-02-16T16:31:12Z</time>
  </trkpt>
  <trkpt lat="54.754245" lon="25.30024333">
    <ele>147</ele>
    <time>2022-02-16T16:31:13Z</time>
  </trkpt>
  <trkpt lat="54.754225" lon="25.30021167">
    <ele>147</ele>
    <time>2022-02-16T16:31:14Z</time>
  </trkpt>
  <trkpt lat="54.75420667" lon="25.30017667">
    <ele>147</ele>
    <time>2022-02-16T16:31:15Z</time>
  </trkpt>
  <trkpt lat="54.75418833" lon="25.30013833">
    <ele>147</ele>
    <time>2022-02-16T16:31:16Z</time>
  </trkpt>
  <trkpt lat="54.75416667" lon="25.30010167">
    <ele>147</ele>
    <time>2022-02-16T16:31:17Z</time>
  </trkpt>
  <trkpt lat="54.75415" lon="25.30006333">
    <ele>147</ele>
    <time>2022-02-16T16:31:18Z</time>
  </trkpt>
  <trkpt lat="54.754135" lon="25.30002">
    <ele>147</ele>
    <time>2022-02-16T16:31:19Z</time>
  </trkpt>
  <trkpt lat="54.75411667" lon="25.29998">
    <ele>147</ele>
    <time>2022-02-16T16:31:20Z</time>
  </trkpt>
  <trkpt lat="54.7541" lon="25.29994333">
    <ele>147</ele>
    <time>2022-02-16T16:31:21Z</time>
  </trkpt>
  <trkpt lat="54.75408167" lon="25.29990667">
    <ele>147</ele>
    <time>2022-02-16T16:31:22Z</time>
  </trkpt>
  <trkpt lat="54.75405" lon="25.29984167">
    <ele>147</ele>
    <time>2022-02-16T16:31:23Z</time>
  </trkpt>
  <trkpt lat="54.754035" lon="25.29978167">
    <ele>147</ele>
    <time>2022-02-16T16:31:24Z</time>
  </trkpt>
  <trkpt lat="54.75402333" lon="25.29974833">
    <ele>147</ele>
    <time>2022-02-16T16:31:25Z</time>
  </trkpt>
  <trkpt lat="54.75400833" lon="25.29971">
    <ele>146</ele>
    <time>2022-02-16T16:31:26Z</time>
  </trkpt>
  <trkpt lat="54.75398833" lon="25.29967333">
    <ele>146</ele>
    <time>2022-02-16T16:31:27Z</time>
  </trkpt>
  <trkpt lat="54.75397167" lon="25.29963333">
    <ele>145</ele>
    <time>2022-02-16T16:31:28Z</time>
  </trkpt>
  <trkpt lat="54.75394333" lon="25.29957833">
    <ele>145</ele>
    <time>2022-02-16T16:31:29Z</time>
  </trkpt>
  <trkpt lat="54.75392" lon="25.29952333">
    <ele>145</ele>
    <time>2022-02-16T16:31:30Z</time>
  </trkpt>
  <trkpt lat="54.7539" lon="25.29947667">
    <ele>144</ele>
    <time>2022-02-16T16:31:31Z</time>
  </trkpt>
  <trkpt lat="54.75388667" lon="25.29942667">
    <ele>144</ele>
    <time>2022-02-16T16:31:32Z</time>
  </trkpt>
  <trkpt lat="54.753875" lon="25.29938667">
    <ele>144</ele>
    <time>2022-02-16T16:31:33Z</time>
  </trkpt>
  <trkpt lat="54.753865" lon="25.29934667">
    <ele>144</ele>
    <time>2022-02-16T16:31:34Z</time>
  </trkpt>
  <trkpt lat="54.75385333" lon="25.29930833">
    <ele>145</ele>
    <time>2022-02-16T16:31:35Z</time>
  </trkpt>
  <trkpt lat="54.75384167" lon="25.29927">
    <ele>145</ele>
    <time>2022-02-16T16:31:36Z</time>
  </trkpt>
  <trkpt lat="54.75382833" lon="25.29922833">
    <ele>145</ele>
    <time>2022-02-16T16:31:37Z</time>
  </trkpt>
  <trkpt lat="54.753815" lon="25.29918833">
    <ele>145</ele>
    <time>2022-02-16T16:31:38Z</time>
  </trkpt>
  <trkpt lat="54.75379667" lon="25.29914667">
    <ele>145</ele>
    <time>2022-02-16T16:31:39Z</time>
  </trkpt>
  <trkpt lat="54.75378" lon="25.29910667">
    <ele>145</ele>
    <time>2022-02-16T16:31:40Z</time>
  </trkpt>
  <trkpt lat="54.753765" lon="25.299065">
    <ele>145</ele>
    <time>2022-02-16T16:31:41Z</time>
  </trkpt>
  <trkpt lat="54.75375" lon="25.299025">
    <ele>145</ele>
    <time>2022-02-16T16:31:42Z</time>
  </trkpt>
  <trkpt lat="54.75373833" lon="25.29898167">
    <ele>145</ele>
    <time>2022-02-16T16:31:43Z</time>
  </trkpt>
  <trkpt lat="54.753725" lon="25.29894">
    <ele>145</ele>
    <time>2022-02-16T16:31:44Z</time>
  </trkpt>
  <trkpt lat="54.75370667" lon="25.29889833">
    <ele>145</ele>
    <time>2022-02-16T16:31:45Z</time>
  </trkpt>
  <trkpt lat="54.75369" lon="25.29885833">
    <ele>145</ele>
    <time>2022-02-16T16:31:46Z</time>
  </trkpt>
  <trkpt lat="54.75367667" lon="25.29881333">
    <ele>145</ele>
    <time>2022-02-16T16:31:47Z</time>
  </trkpt>
  <trkpt lat="54.75366167" lon="25.29877">
    <ele>144</ele>
    <time>2022-02-16T16:31:48Z</time>
  </trkpt>
  <trkpt lat="54.75364667" lon="25.29872333">
    <ele>144</ele>
    <time>2022-02-16T16:31:49Z</time>
  </trkpt>
  <trkpt lat="54.75363" lon="25.29867833">
    <ele>143</ele>
    <time>2022-02-16T16:31:50Z</time>
  </trkpt>
  <trkpt lat="54.753615" lon="25.29863333">
    <ele>143</ele>
    <time>2022-02-16T16:31:51Z</time>
  </trkpt>
  <trkpt lat="54.75359667" lon="25.298595">
    <ele>143</ele>
    <time>2022-02-16T16:31:52Z</time>
  </trkpt>
  <trkpt lat="54.75357833" lon="25.298555">
    <ele>143</ele>
    <time>2022-02-16T16:31:53Z</time>
  </trkpt>
  <trkpt lat="54.75356167" lon="25.298515">
    <ele>143</ele>
    <time>2022-02-16T16:31:54Z</time>
  </trkpt>
  <trkpt lat="54.753545" lon="25.29847">
    <ele>143</ele>
    <time>2022-02-16T16:31:55Z</time>
  </trkpt>
  <trkpt lat="54.75353" lon="25.29842333">
    <ele>143</ele>
    <time>2022-02-16T16:31:56Z</time>
  </trkpt>
  <trkpt lat="54.75351" lon="25.29838167">
    <ele>143</ele>
    <time>2022-02-16T16:31:57Z</time>
  </trkpt>
  <trkpt lat="54.75348667" lon="25.29834">
    <ele>143</ele>
    <time>2022-02-16T16:31:58Z</time>
  </trkpt>
  <trkpt lat="54.75346667" lon="25.29829667">
    <ele>144</ele>
    <time>2022-02-16T16:31:59Z</time>
  </trkpt>
  <trkpt lat="54.75344833" lon="25.298255">
    <ele>144</ele>
    <time>2022-02-16T16:32:00Z</time>
  </trkpt>
  <trkpt lat="54.75342667" lon="25.29821">
    <ele>144</ele>
    <time>2022-02-16T16:32:01Z</time>
  </trkpt>
  <trkpt lat="54.75341" lon="25.29817">
    <ele>144</ele>
    <time>2022-02-16T16:32:02Z</time>
  </trkpt>
  <trkpt lat="54.75339" lon="25.29813167">
    <ele>144</ele>
    <time>2022-02-16T16:32:03Z</time>
  </trkpt>
  <trkpt lat="54.75337167" lon="25.298085">
    <ele>144</ele>
    <time>2022-02-16T16:32:04Z</time>
  </trkpt>
  <trkpt lat="54.753355" lon="25.29804167">
    <ele>144</ele>
    <time>2022-02-16T16:32:05Z</time>
  </trkpt>
  <trkpt lat="54.75333667" lon="25.29800333">
    <ele>144</ele>
    <time>2022-02-16T16:32:06Z</time>
  </trkpt>
  <trkpt lat="54.75332167" lon="25.29796167">
    <ele>144</ele>
    <time>2022-02-16T16:32:07Z</time>
  </trkpt>
  <trkpt lat="54.753305" lon="25.29791833">
    <ele>144</ele>
    <time>2022-02-16T16:32:08Z</time>
  </trkpt>
  <trkpt lat="54.75329667" lon="25.29788167">
    <ele>144</ele>
    <time>2022-02-16T16:32:09Z</time>
  </trkpt>
  <trkpt lat="54.75328333" lon="25.29784167">
    <ele>144</ele>
    <time>2022-02-16T16:32:10Z</time>
  </trkpt>
  </trkseg>
</trk>
</gpx>
