<?xml version="1.0" encoding="UTF-8"?>
<gpx schemaLocation="http://www.topografix.com/GPX/1/1 https://www.topografix.com/GPX/1/1/gpx.xsd http://www.cluetrust.com/XML/GPXDATA/1/0 https://www.cluetrust.com/Schemas/gpxdata10.xsd" creator="COROS Wearables" version="1.1" xmlns="http://www.topografix.com/GPX/1/1" xmlns:xsi="http://www.w3.org/2001/XMLSchema-instance" xsi:schemaLocation="http://www.topografix.com/GPX/1/1 http://www.topografix.com/GPX/1/1/gpx.xsd http://www.garmin.com/xmlschemas/GpxExtensions/v3 http://www.garmin.com/xmlschemas/GpxExtensionsv3.xsd http://www.garmin.com/xmlschemas/TrackPointExtension/v1 http://www.garmin.com/xmlschemas/TrackPointExtensionv1.xsd http://www.garmin.com/xmlschemas/PowerExtension/v1 http://www.garmin.com/xmlschemas/PowerExtensionv1.xsd http://www.topografix.com/GPX/gpx_style/0/2 http://www.topografix.com/GPX/gpx_style/0/2/gpx_style.xsd" xmlns:gpxtpx="http://www.garmin.com/xmlschemas/TrackPointExtension/v1" xmlns:gpxx="http://www.garmin.com/xmlschemas/GpxExtensions/v3" xmlns:gpxpx="http://www.garmin.com/xmlschemas/PowerExtension/v1" xmlns:gpx_style="http://www.topografix.com/GPX/gpx_style/0/2">
  <metadata>
    <name>21K - 2025</name>
    <author>
      <name>gpx.studio</name>
      <link href="https://gpx.studio"/>
    </author>
    <link href="https://www.coros.com">
      <text>COROS</text>
    </link>
  </metadata>
  <wpt lat="54.676778" lon="25.180913">
    <ele>151.4218967838218</ele>
    <name>R-1</name>
  </wpt>
  <wpt lat="54.679322" lon="25.23006">
    <ele>86.03938491063992</ele>
    <name>VP-1</name>
  </wpt>
  <trk>
    <name>21K - 2025</name>
    <type>running</type>
    <extensions>
      <gpx_style:line>
        <gpx_style:color>e647a4</gpx_style:color>
      </gpx_style:line>
    </extensions>
    <trkseg>
      <trkpt lat="54.6863617" lon="25.2529567">
        <ele>98</ele>
      </trkpt>
      <trkpt lat="54.6863514" lon="25.2529578">
        <ele>98</ele>
      </trkpt>
      <trkpt lat="54.6863412" lon="25.252959">
        <ele>98</ele>
      </trkpt>
      <trkpt lat="54.6863285" lon="25.2529634">
        <ele>98</ele>
      </trkpt>
      <trkpt lat="54.6863158" lon="25.2529678">
        <ele>98</ele>
      </trkpt>
      <trkpt lat="54.6863004" lon="25.2529754">
        <ele>98</ele>
      </trkpt>
      <trkpt lat="54.686285" lon="25.2529831">
        <ele>98</ele>
      </trkpt>
      <trkpt lat="54.6862676" lon="25.2529931">
        <ele>98</ele>
      </trkpt>
      <trkpt lat="54.6862503" lon="25.2530031">
        <ele>98</ele>
      </trkpt>
      <trkpt lat="54.686231" lon="25.2530125">
        <ele>98</ele>
      </trkpt>
      <trkpt lat="54.6862117" lon="25.2530219">
        <ele>98</ele>
      </trkpt>
      <trkpt lat="54.6861911" lon="25.2530292">
        <ele>97</ele>
      </trkpt>
      <trkpt lat="54.6861705" lon="25.2530365">
        <ele>97</ele>
      </trkpt>
      <trkpt lat="54.6861496" lon="25.2530426">
        <ele>97</ele>
      </trkpt>
      <trkpt lat="54.6861288" lon="25.2530487">
        <ele>97</ele>
      </trkpt>
      <trkpt lat="54.6861077" lon="25.2530534">
        <ele>97</ele>
      </trkpt>
      <trkpt lat="54.6860867" lon="25.2530581">
        <ele>97</ele>
      </trkpt>
      <trkpt lat="54.6860658" lon="25.2530614">
        <ele>97</ele>
      </trkpt>
      <trkpt lat="54.6860449" lon="25.2530648">
        <ele>97</ele>
      </trkpt>
      <trkpt lat="54.6860232" lon="25.2530679">
        <ele>97</ele>
      </trkpt>
      <trkpt lat="54.6860015" lon="25.253071">
        <ele>97</ele>
      </trkpt>
      <trkpt lat="54.6859798" lon="25.2530747">
        <ele>97</ele>
      </trkpt>
      <trkpt lat="54.6859581" lon="25.2530785">
        <ele>97</ele>
      </trkpt>
      <trkpt lat="54.6859357" lon="25.2530823">
        <ele>97</ele>
      </trkpt>
      <trkpt lat="54.6859133" lon="25.2530862">
        <ele>97</ele>
      </trkpt>
      <trkpt lat="54.6858906" lon="25.2530885">
        <ele>97</ele>
      </trkpt>
      <trkpt lat="54.6858679" lon="25.2530909">
        <ele>96</ele>
      </trkpt>
      <trkpt lat="54.685845" lon="25.2530925">
        <ele>96</ele>
      </trkpt>
      <trkpt lat="54.6858222" lon="25.2530941">
        <ele>96</ele>
      </trkpt>
      <trkpt lat="54.6857996" lon="25.2530976">
        <ele>96</ele>
      </trkpt>
      <trkpt lat="54.6857771" lon="25.2531012">
        <ele>96</ele>
      </trkpt>
      <trkpt lat="54.6857548" lon="25.2531069">
        <ele>96</ele>
      </trkpt>
      <trkpt lat="54.6857325" lon="25.2531126">
        <ele>96</ele>
      </trkpt>
      <trkpt lat="54.6857102" lon="25.2531187">
        <ele>96</ele>
      </trkpt>
      <trkpt lat="54.685688" lon="25.2531248">
        <ele>96</ele>
      </trkpt>
      <trkpt lat="54.6856668" lon="25.2531314">
        <ele>96</ele>
      </trkpt>
      <trkpt lat="54.6856456" lon="25.2531381">
        <ele>95</ele>
      </trkpt>
      <trkpt lat="54.6856251" lon="25.2531441">
        <ele>95</ele>
      </trkpt>
      <trkpt lat="54.6856047" lon="25.2531502">
        <ele>95</ele>
      </trkpt>
      <trkpt lat="54.6855852" lon="25.2531561">
        <ele>95</ele>
      </trkpt>
      <trkpt lat="54.6855657" lon="25.253162">
        <ele>95</ele>
      </trkpt>
      <trkpt lat="54.6855462" lon="25.2531684">
        <ele>95</ele>
      </trkpt>
      <trkpt lat="54.6855268" lon="25.2531749">
        <ele>95</ele>
      </trkpt>
      <trkpt lat="54.6855064" lon="25.2531824">
        <ele>95</ele>
      </trkpt>
      <trkpt lat="54.685486" lon="25.2531899">
        <ele>95</ele>
      </trkpt>
      <trkpt lat="54.6854648" lon="25.2531977">
        <ele>95</ele>
      </trkpt>
      <trkpt lat="54.6854436" lon="25.2532055">
        <ele>94</ele>
      </trkpt>
      <trkpt lat="54.6854215" lon="25.2532099">
        <ele>94</ele>
      </trkpt>
      <trkpt lat="54.6853994" lon="25.2532143">
        <ele>94</ele>
      </trkpt>
      <trkpt lat="54.6853798" lon="25.253205">
        <ele>94</ele>
      </trkpt>
      <trkpt lat="54.6853602" lon="25.2531958">
        <ele>94</ele>
      </trkpt>
      <trkpt lat="54.6853464" lon="25.253174">
        <ele>94</ele>
      </trkpt>
      <trkpt lat="54.6853327" lon="25.2531522">
        <ele>94</ele>
      </trkpt>
      <trkpt lat="54.6853269" lon="25.2531249">
        <ele>94</ele>
      </trkpt>
      <trkpt lat="54.6853211" lon="25.2530976">
        <ele>94</ele>
      </trkpt>
      <trkpt lat="54.6853223" lon="25.2530683">
        <ele>94</ele>
      </trkpt>
      <trkpt lat="54.6853236" lon="25.253039">
        <ele>94</ele>
      </trkpt>
      <trkpt lat="54.6853284" lon="25.2530113">
        <ele>94</ele>
      </trkpt>
      <trkpt lat="54.6853333" lon="25.2529837">
        <ele>94</ele>
      </trkpt>
      <trkpt lat="54.6853408" lon="25.252958">
        <ele>94</ele>
      </trkpt>
      <trkpt lat="54.6853484" lon="25.2529323">
        <ele>95</ele>
      </trkpt>
      <trkpt lat="54.685359" lon="25.2529042">
        <ele>95</ele>
      </trkpt>
      <trkpt lat="54.6853697" lon="25.2528761">
        <ele>95</ele>
      </trkpt>
      <trkpt lat="54.6853806" lon="25.2528426">
        <ele>95</ele>
      </trkpt>
      <trkpt lat="54.6853915" lon="25.2528092">
        <ele>95</ele>
      </trkpt>
      <trkpt lat="54.6853988" lon="25.252772">
        <ele>96</ele>
      </trkpt>
      <trkpt lat="54.6854062" lon="25.2527349">
        <ele>96</ele>
      </trkpt>
      <trkpt lat="54.6854108" lon="25.2527">
        <ele>96</ele>
      </trkpt>
      <trkpt lat="54.6854154" lon="25.2526651">
        <ele>96</ele>
      </trkpt>
      <trkpt lat="54.6854194" lon="25.2526343">
        <ele>96</ele>
      </trkpt>
      <trkpt lat="54.6854235" lon="25.2526035">
        <ele>96</ele>
      </trkpt>
      <trkpt lat="54.6854286" lon="25.2525751">
        <ele>96</ele>
      </trkpt>
      <trkpt lat="54.6854337" lon="25.2525468">
        <ele>96</ele>
      </trkpt>
      <trkpt lat="54.6854396" lon="25.252518">
        <ele>96</ele>
      </trkpt>
      <trkpt lat="54.6854456" lon="25.2524892">
        <ele>96</ele>
      </trkpt>
      <trkpt lat="54.6854534" lon="25.2524562">
        <ele>96</ele>
      </trkpt>
      <trkpt lat="54.6854612" lon="25.2524232">
        <ele>96</ele>
      </trkpt>
      <trkpt lat="54.6854694" lon="25.2523874">
        <ele>96</ele>
      </trkpt>
      <trkpt lat="54.6854777" lon="25.2523516">
        <ele>96</ele>
      </trkpt>
      <trkpt lat="54.6854864" lon="25.2523124">
        <ele>96</ele>
      </trkpt>
      <trkpt lat="54.6854952" lon="25.2522732">
        <ele>96</ele>
      </trkpt>
      <trkpt lat="54.6855052" lon="25.2522267">
        <ele>95</ele>
      </trkpt>
      <trkpt lat="54.6855153" lon="25.2521803">
        <ele>95</ele>
      </trkpt>
      <trkpt lat="54.68552" lon="25.2521249">
        <ele>95</ele>
      </trkpt>
      <trkpt lat="54.6855247" lon="25.2520695">
        <ele>95</ele>
      </trkpt>
      <trkpt lat="54.6855199" lon="25.2520098">
        <ele>95</ele>
      </trkpt>
      <trkpt lat="54.6855152" lon="25.2519502">
        <ele>95</ele>
      </trkpt>
      <trkpt lat="54.6855087" lon="25.2519001">
        <ele>95</ele>
      </trkpt>
      <trkpt lat="54.6855023" lon="25.2518501">
        <ele>95</ele>
      </trkpt>
      <trkpt lat="54.6854971" lon="25.2518071">
        <ele>95</ele>
      </trkpt>
      <trkpt lat="54.6854919" lon="25.2517641">
        <ele>95</ele>
      </trkpt>
      <trkpt lat="54.6854895" lon="25.2517253">
        <ele>94</ele>
      </trkpt>
      <trkpt lat="54.6854872" lon="25.2516865">
        <ele>94</ele>
      </trkpt>
      <trkpt lat="54.6854873" lon="25.251652">
        <ele>94</ele>
      </trkpt>
      <trkpt lat="54.6854874" lon="25.2516175">
        <ele>94</ele>
      </trkpt>
      <trkpt lat="54.6854877" lon="25.2515824">
        <ele>94</ele>
      </trkpt>
      <trkpt lat="54.685488" lon="25.2515473">
        <ele>94</ele>
      </trkpt>
      <trkpt lat="54.6854864" lon="25.2515119">
        <ele>94</ele>
      </trkpt>
      <trkpt lat="54.6854849" lon="25.2514765">
        <ele>94</ele>
      </trkpt>
      <trkpt lat="54.6854825" lon="25.2514394">
        <ele>94</ele>
      </trkpt>
      <trkpt lat="54.6854801" lon="25.2514023">
        <ele>94</ele>
      </trkpt>
      <trkpt lat="54.6854809" lon="25.2513632">
        <ele>94</ele>
      </trkpt>
      <trkpt lat="54.6854818" lon="25.2513242">
        <ele>94</ele>
      </trkpt>
      <trkpt lat="54.6854859" lon="25.2512865">
        <ele>94</ele>
      </trkpt>
      <trkpt lat="54.6854901" lon="25.2512489">
        <ele>94</ele>
      </trkpt>
      <trkpt lat="54.6854947" lon="25.251214">
        <ele>94</ele>
      </trkpt>
      <trkpt lat="54.6854993" lon="25.2511792">
        <ele>94</ele>
      </trkpt>
      <trkpt lat="54.6855047" lon="25.2511461">
        <ele>94</ele>
      </trkpt>
      <trkpt lat="54.6855102" lon="25.251113">
        <ele>94</ele>
      </trkpt>
      <trkpt lat="54.6855153" lon="25.2510796">
        <ele>94</ele>
      </trkpt>
      <trkpt lat="54.6855204" lon="25.2510462">
        <ele>94</ele>
      </trkpt>
      <trkpt lat="54.6855246" lon="25.2510119">
        <ele>94</ele>
      </trkpt>
      <trkpt lat="54.6855289" lon="25.2509776">
        <ele>94</ele>
      </trkpt>
      <trkpt lat="54.6855333" lon="25.2509441">
        <ele>94</ele>
      </trkpt>
      <trkpt lat="54.6855377" lon="25.2509106">
        <ele>94</ele>
      </trkpt>
      <trkpt lat="54.6855425" lon="25.2508764">
        <ele>94</ele>
      </trkpt>
      <trkpt lat="54.6855473" lon="25.2508423">
        <ele>94</ele>
      </trkpt>
      <trkpt lat="54.6855526" lon="25.2508059">
        <ele>94</ele>
      </trkpt>
      <trkpt lat="54.685558" lon="25.2507696">
        <ele>94</ele>
      </trkpt>
      <trkpt lat="54.6855631" lon="25.2507308">
        <ele>94</ele>
      </trkpt>
      <trkpt lat="54.6855683" lon="25.250692">
        <ele>94</ele>
      </trkpt>
      <trkpt lat="54.685573" lon="25.2506552">
        <ele>94</ele>
      </trkpt>
      <trkpt lat="54.6855778" lon="25.2506184">
        <ele>94</ele>
      </trkpt>
      <trkpt lat="54.6855832" lon="25.2505845">
        <ele>94</ele>
      </trkpt>
      <trkpt lat="54.6855887" lon="25.2505506">
        <ele>94</ele>
      </trkpt>
      <trkpt lat="54.6855967" lon="25.2505163">
        <ele>94</ele>
      </trkpt>
      <trkpt lat="54.6856047" lon="25.250482">
        <ele>94</ele>
      </trkpt>
      <trkpt lat="54.6856151" lon="25.2504457">
        <ele>94</ele>
      </trkpt>
      <trkpt lat="54.6856256" lon="25.2504094">
        <ele>94</ele>
      </trkpt>
      <trkpt lat="54.6856394" lon="25.2503737">
        <ele>94</ele>
      </trkpt>
      <trkpt lat="54.6856532" lon="25.2503381">
        <ele>94</ele>
      </trkpt>
      <trkpt lat="54.6856672" lon="25.2502977">
        <ele>93</ele>
      </trkpt>
      <trkpt lat="54.6856812" lon="25.2502574">
        <ele>93</ele>
      </trkpt>
      <trkpt lat="54.6856925" lon="25.250207">
        <ele>93</ele>
      </trkpt>
      <trkpt lat="54.6857039" lon="25.2501567">
        <ele>93</ele>
      </trkpt>
      <trkpt lat="54.6857124" lon="25.2501121">
        <ele>93</ele>
      </trkpt>
      <trkpt lat="54.6857209" lon="25.2500676">
        <ele>93</ele>
      </trkpt>
      <trkpt lat="54.6857283" lon="25.2500334">
        <ele>93</ele>
      </trkpt>
      <trkpt lat="54.6857357" lon="25.2499993">
        <ele>93</ele>
      </trkpt>
      <trkpt lat="54.6857446" lon="25.2499725">
        <ele>93</ele>
      </trkpt>
      <trkpt lat="54.6857536" lon="25.2499458">
        <ele>93</ele>
      </trkpt>
      <trkpt lat="54.6857618" lon="25.249921">
        <ele>93</ele>
      </trkpt>
      <trkpt lat="54.68577" lon="25.2498963">
        <ele>93</ele>
      </trkpt>
      <trkpt lat="54.685776" lon="25.24987">
        <ele>93</ele>
      </trkpt>
      <trkpt lat="54.685782" lon="25.2498437">
        <ele>93</ele>
      </trkpt>
      <trkpt lat="54.6857892" lon="25.2498137">
        <ele>93</ele>
      </trkpt>
      <trkpt lat="54.6857965" lon="25.2497838">
        <ele>93</ele>
      </trkpt>
      <trkpt lat="54.6858077" lon="25.2497512">
        <ele>93</ele>
      </trkpt>
      <trkpt lat="54.685819" lon="25.2497187">
        <ele>93</ele>
      </trkpt>
      <trkpt lat="54.6858332" lon="25.2496865">
        <ele>93</ele>
      </trkpt>
      <trkpt lat="54.6858475" lon="25.2496544">
        <ele>94</ele>
      </trkpt>
      <trkpt lat="54.6858613" lon="25.2496249">
        <ele>93</ele>
      </trkpt>
      <trkpt lat="54.6858751" lon="25.2495954">
        <ele>93</ele>
      </trkpt>
      <trkpt lat="54.6858882" lon="25.2495665">
        <ele>93</ele>
      </trkpt>
      <trkpt lat="54.6859014" lon="25.2495376">
        <ele>93</ele>
      </trkpt>
      <trkpt lat="54.685915" lon="25.2495088">
        <ele>93</ele>
      </trkpt>
      <trkpt lat="54.6859286" lon="25.2494801">
        <ele>93</ele>
      </trkpt>
      <trkpt lat="54.6859438" lon="25.2494512">
        <ele>93</ele>
      </trkpt>
      <trkpt lat="54.6859591" lon="25.2494224">
        <ele>93</ele>
      </trkpt>
      <trkpt lat="54.6859753" lon="25.2493934">
        <ele>93</ele>
      </trkpt>
      <trkpt lat="54.6859915" lon="25.2493645">
        <ele>94</ele>
      </trkpt>
      <trkpt lat="54.6860086" lon="25.2493362">
        <ele>94</ele>
      </trkpt>
      <trkpt lat="54.6860258" lon="25.249308">
        <ele>94</ele>
      </trkpt>
      <trkpt lat="54.6860439" lon="25.2492776">
        <ele>94</ele>
      </trkpt>
      <trkpt lat="54.686062" lon="25.2492472">
        <ele>94</ele>
      </trkpt>
      <trkpt lat="54.6860806" lon="25.2492095">
        <ele>94</ele>
      </trkpt>
      <trkpt lat="54.6860993" lon="25.2491719">
        <ele>94</ele>
      </trkpt>
      <trkpt lat="54.6861166" lon="25.2491305">
        <ele>94</ele>
      </trkpt>
      <trkpt lat="54.686134" lon="25.2490891">
        <ele>94</ele>
      </trkpt>
      <trkpt lat="54.6861491" lon="25.2490498">
        <ele>94</ele>
      </trkpt>
      <trkpt lat="54.6861643" lon="25.2490106">
        <ele>94</ele>
      </trkpt>
      <trkpt lat="54.6861789" lon="25.2489742">
        <ele>94</ele>
      </trkpt>
      <trkpt lat="54.6861936" lon="25.2489378">
        <ele>94</ele>
      </trkpt>
      <trkpt lat="54.6862071" lon="25.2489043">
        <ele>94</ele>
      </trkpt>
      <trkpt lat="54.6862206" lon="25.2488708">
        <ele>94</ele>
      </trkpt>
      <trkpt lat="54.6862352" lon="25.248838">
        <ele>94</ele>
      </trkpt>
      <trkpt lat="54.6862499" lon="25.2488052">
        <ele>94</ele>
      </trkpt>
      <trkpt lat="54.6862652" lon="25.2487738">
        <ele>94</ele>
      </trkpt>
      <trkpt lat="54.6862806" lon="25.2487425">
        <ele>94</ele>
      </trkpt>
      <trkpt lat="54.6862962" lon="25.2487108">
        <ele>94</ele>
      </trkpt>
      <trkpt lat="54.6863119" lon="25.2486792">
        <ele>94</ele>
      </trkpt>
      <trkpt lat="54.6863279" lon="25.248647">
        <ele>94</ele>
      </trkpt>
      <trkpt lat="54.6863439" lon="25.2486148">
        <ele>94</ele>
      </trkpt>
      <trkpt lat="54.6863599" lon="25.2485831">
        <ele>94</ele>
      </trkpt>
      <trkpt lat="54.686376" lon="25.2485515">
        <ele>94</ele>
      </trkpt>
      <trkpt lat="54.6863922" lon="25.248521">
        <ele>94</ele>
      </trkpt>
      <trkpt lat="54.6864085" lon="25.2484906">
        <ele>94</ele>
      </trkpt>
      <trkpt lat="54.6864243" lon="25.2484619">
        <ele>94</ele>
      </trkpt>
      <trkpt lat="54.6864402" lon="25.2484333">
        <ele>94</ele>
      </trkpt>
      <trkpt lat="54.6864556" lon="25.2484046">
        <ele>94</ele>
      </trkpt>
      <trkpt lat="54.686471" lon="25.248376">
        <ele>94</ele>
      </trkpt>
      <trkpt lat="54.6864859" lon="25.2483458">
        <ele>94</ele>
      </trkpt>
      <trkpt lat="54.6865009" lon="25.2483156">
        <ele>94</ele>
      </trkpt>
      <trkpt lat="54.686516" lon="25.2482855">
        <ele>94</ele>
      </trkpt>
      <trkpt lat="54.6865312" lon="25.2482554">
        <ele>94</ele>
      </trkpt>
      <trkpt lat="54.686547" lon="25.2482267">
        <ele>94</ele>
      </trkpt>
      <trkpt lat="54.6865628" lon="25.248198">
        <ele>94</ele>
      </trkpt>
      <trkpt lat="54.6865789" lon="25.2481713">
        <ele>94</ele>
      </trkpt>
      <trkpt lat="54.6865951" lon="25.2481447">
        <ele>94</ele>
      </trkpt>
      <trkpt lat="54.6866119" lon="25.2481194">
        <ele>94</ele>
      </trkpt>
      <trkpt lat="54.6866287" lon="25.2480941">
        <ele>94</ele>
      </trkpt>
      <trkpt lat="54.6866454" lon="25.248068">
        <ele>94</ele>
      </trkpt>
      <trkpt lat="54.6866622" lon="25.2480419">
        <ele>94</ele>
      </trkpt>
      <trkpt lat="54.6866783" lon="25.2480162">
        <ele>94</ele>
      </trkpt>
      <trkpt lat="54.6866945" lon="25.2479905">
        <ele>94</ele>
      </trkpt>
      <trkpt lat="54.6867105" lon="25.247964">
        <ele>94</ele>
      </trkpt>
      <trkpt lat="54.6867266" lon="25.2479376">
        <ele>94</ele>
      </trkpt>
      <trkpt lat="54.6867436" lon="25.2479111">
        <ele>94</ele>
      </trkpt>
      <trkpt lat="54.6867607" lon="25.2478846">
        <ele>94</ele>
      </trkpt>
      <trkpt lat="54.6867789" lon="25.2478586">
        <ele>94</ele>
      </trkpt>
      <trkpt lat="54.6867971" lon="25.2478326">
        <ele>94</ele>
      </trkpt>
      <trkpt lat="54.6868137" lon="25.2478076">
        <ele>94</ele>
      </trkpt>
      <trkpt lat="54.6868304" lon="25.2477826">
        <ele>94</ele>
      </trkpt>
      <trkpt lat="54.6868463" lon="25.2477586">
        <ele>94</ele>
      </trkpt>
      <trkpt lat="54.6868622" lon="25.2477346">
        <ele>94</ele>
      </trkpt>
      <trkpt lat="54.686877" lon="25.2477103">
        <ele>94</ele>
      </trkpt>
      <trkpt lat="54.6868919" lon="25.2476861">
        <ele>94</ele>
      </trkpt>
      <trkpt lat="54.6869064" lon="25.2476624">
        <ele>94</ele>
      </trkpt>
      <trkpt lat="54.686921" lon="25.2476387">
        <ele>94</ele>
      </trkpt>
      <trkpt lat="54.6869363" lon="25.2476162">
        <ele>94</ele>
      </trkpt>
      <trkpt lat="54.6869516" lon="25.2475937">
        <ele>94</ele>
      </trkpt>
      <trkpt lat="54.6869675" lon="25.2475724">
        <ele>94</ele>
      </trkpt>
      <trkpt lat="54.6869835" lon="25.2475511">
        <ele>94</ele>
      </trkpt>
      <trkpt lat="54.6870001" lon="25.2475291">
        <ele>94</ele>
      </trkpt>
      <trkpt lat="54.6870167" lon="25.2475071">
        <ele>94</ele>
      </trkpt>
      <trkpt lat="54.6870339" lon="25.2474849">
        <ele>94</ele>
      </trkpt>
      <trkpt lat="54.6870511" lon="25.2474628">
        <ele>94</ele>
      </trkpt>
      <trkpt lat="54.6870692" lon="25.2474418">
        <ele>94</ele>
      </trkpt>
      <trkpt lat="54.6870873" lon="25.2474208">
        <ele>94</ele>
      </trkpt>
      <trkpt lat="54.6871062" lon="25.2474012">
        <ele>94</ele>
      </trkpt>
      <trkpt lat="54.6871251" lon="25.2473816">
        <ele>94</ele>
      </trkpt>
      <trkpt lat="54.6871434" lon="25.2473601">
        <ele>94</ele>
      </trkpt>
      <trkpt lat="54.6871618" lon="25.2473386">
        <ele>94</ele>
      </trkpt>
      <trkpt lat="54.687179" lon="25.2473138">
        <ele>94</ele>
      </trkpt>
      <trkpt lat="54.6871963" lon="25.2472891">
        <ele>94</ele>
      </trkpt>
      <trkpt lat="54.6872135" lon="25.2472649">
        <ele>94</ele>
      </trkpt>
      <trkpt lat="54.6872307" lon="25.2472407">
        <ele>94</ele>
      </trkpt>
      <trkpt lat="54.6872485" lon="25.2472184">
        <ele>94</ele>
      </trkpt>
      <trkpt lat="54.6872664" lon="25.2471961">
        <ele>94</ele>
      </trkpt>
      <trkpt lat="54.6872842" lon="25.2471742">
        <ele>94</ele>
      </trkpt>
      <trkpt lat="54.687302" lon="25.2471524">
        <ele>94</ele>
      </trkpt>
      <trkpt lat="54.6873205" lon="25.2471313">
        <ele>94</ele>
      </trkpt>
      <trkpt lat="54.687339" lon="25.2471103">
        <ele>94</ele>
      </trkpt>
      <trkpt lat="54.6873565" lon="25.2470907">
        <ele>94</ele>
      </trkpt>
      <trkpt lat="54.687374" lon="25.2470712">
        <ele>94</ele>
      </trkpt>
      <trkpt lat="54.6873905" lon="25.2470523">
        <ele>94</ele>
      </trkpt>
      <trkpt lat="54.6874071" lon="25.2470335">
        <ele>94</ele>
      </trkpt>
      <trkpt lat="54.6874244" lon="25.2470145">
        <ele>94</ele>
      </trkpt>
      <trkpt lat="54.6874418" lon="25.2469955">
        <ele>94</ele>
      </trkpt>
      <trkpt lat="54.6874605" lon="25.2469777">
        <ele>94</ele>
      </trkpt>
      <trkpt lat="54.6874792" lon="25.24696">
        <ele>94</ele>
      </trkpt>
      <trkpt lat="54.6874992" lon="25.246942">
        <ele>94</ele>
      </trkpt>
      <trkpt lat="54.6875193" lon="25.246924">
        <ele>94</ele>
      </trkpt>
      <trkpt lat="54.6875384" lon="25.2469058">
        <ele>94</ele>
      </trkpt>
      <trkpt lat="54.6875576" lon="25.2468877">
        <ele>94</ele>
      </trkpt>
      <trkpt lat="54.6875773" lon="25.2468706">
        <ele>94</ele>
      </trkpt>
      <trkpt lat="54.6875971" lon="25.2468536">
        <ele>94</ele>
      </trkpt>
      <trkpt lat="54.6876169" lon="25.246837">
        <ele>94</ele>
      </trkpt>
      <trkpt lat="54.6876368" lon="25.2468205">
        <ele>94</ele>
      </trkpt>
      <trkpt lat="54.6876566" lon="25.246803">
        <ele>94</ele>
      </trkpt>
      <trkpt lat="54.6876765" lon="25.2467856">
        <ele>94</ele>
      </trkpt>
      <trkpt lat="54.6876975" lon="25.2467629">
        <ele>94</ele>
      </trkpt>
      <trkpt lat="54.6877186" lon="25.2467402">
        <ele>94</ele>
      </trkpt>
      <trkpt lat="54.6877411" lon="25.2467131">
        <ele>94</ele>
      </trkpt>
      <trkpt lat="54.6877636" lon="25.2466861">
        <ele>94</ele>
      </trkpt>
      <trkpt lat="54.6877855" lon="25.2466612">
        <ele>94</ele>
      </trkpt>
      <trkpt lat="54.6878075" lon="25.2466364">
        <ele>94</ele>
      </trkpt>
      <trkpt lat="54.6878276" lon="25.2466155">
        <ele>94</ele>
      </trkpt>
      <trkpt lat="54.6878477" lon="25.2465946">
        <ele>94</ele>
      </trkpt>
      <trkpt lat="54.6878663" lon="25.2465738">
        <ele>94</ele>
      </trkpt>
      <trkpt lat="54.687885" lon="25.246553">
        <ele>94</ele>
      </trkpt>
      <trkpt lat="54.6879032" lon="25.2465314">
        <ele>94</ele>
      </trkpt>
      <trkpt lat="54.6879214" lon="25.2465099">
        <ele>94</ele>
      </trkpt>
      <trkpt lat="54.6879403" lon="25.2464902">
        <ele>94</ele>
      </trkpt>
      <trkpt lat="54.6879592" lon="25.2464706">
        <ele>94</ele>
      </trkpt>
      <trkpt lat="54.6879802" lon="25.2464528">
        <ele>94</ele>
      </trkpt>
      <trkpt lat="54.6880012" lon="25.2464351">
        <ele>94</ele>
      </trkpt>
      <trkpt lat="54.6880229" lon="25.2464181">
        <ele>94</ele>
      </trkpt>
      <trkpt lat="54.6880446" lon="25.2464011">
        <ele>94</ele>
      </trkpt>
      <trkpt lat="54.6880647" lon="25.2463853">
        <ele>94</ele>
      </trkpt>
      <trkpt lat="54.6880849" lon="25.2463695">
        <ele>94</ele>
      </trkpt>
      <trkpt lat="54.6881043" lon="25.2463542">
        <ele>94</ele>
      </trkpt>
      <trkpt lat="54.6881237" lon="25.246339">
        <ele>94</ele>
      </trkpt>
      <trkpt lat="54.6881449" lon="25.2463238">
        <ele>94</ele>
      </trkpt>
      <trkpt lat="54.6881662" lon="25.2463086">
        <ele>94</ele>
      </trkpt>
      <trkpt lat="54.688188" lon="25.2462938">
        <ele>94</ele>
      </trkpt>
      <trkpt lat="54.6882099" lon="25.246279">
        <ele>94</ele>
      </trkpt>
      <trkpt lat="54.68823" lon="25.2462647">
        <ele>94</ele>
      </trkpt>
      <trkpt lat="54.6882502" lon="25.2462504">
        <ele>94</ele>
      </trkpt>
      <trkpt lat="54.6882701" lon="25.2462381">
        <ele>94</ele>
      </trkpt>
      <trkpt lat="54.6882901" lon="25.2462259">
        <ele>94</ele>
      </trkpt>
      <trkpt lat="54.6883121" lon="25.2462106">
        <ele>94</ele>
      </trkpt>
      <trkpt lat="54.6883341" lon="25.2461953">
        <ele>94</ele>
      </trkpt>
      <trkpt lat="54.6883566" lon="25.2461773">
        <ele>94</ele>
      </trkpt>
      <trkpt lat="54.6883791" lon="25.2461593">
        <ele>94</ele>
      </trkpt>
      <trkpt lat="54.6883986" lon="25.2461423">
        <ele>94</ele>
      </trkpt>
      <trkpt lat="54.6884182" lon="25.2461254">
        <ele>94</ele>
      </trkpt>
      <trkpt lat="54.6884356" lon="25.246109">
        <ele>94</ele>
      </trkpt>
      <trkpt lat="54.6884531" lon="25.2460927">
        <ele>94</ele>
      </trkpt>
      <trkpt lat="54.6884707" lon="25.246075">
        <ele>94</ele>
      </trkpt>
      <trkpt lat="54.6884883" lon="25.2460574">
        <ele>94</ele>
      </trkpt>
      <trkpt lat="54.6885078" lon="25.246039">
        <ele>94</ele>
      </trkpt>
      <trkpt lat="54.6885273" lon="25.2460206">
        <ele>94</ele>
      </trkpt>
      <trkpt lat="54.6885471" lon="25.2460025">
        <ele>94</ele>
      </trkpt>
      <trkpt lat="54.6885669" lon="25.2459844">
        <ele>94</ele>
      </trkpt>
      <trkpt lat="54.6885881" lon="25.2459665">
        <ele>94</ele>
      </trkpt>
      <trkpt lat="54.6886093" lon="25.2459487">
        <ele>94</ele>
      </trkpt>
      <trkpt lat="54.6886312" lon="25.2459315">
        <ele>94</ele>
      </trkpt>
      <trkpt lat="54.6886532" lon="25.2459143">
        <ele>94</ele>
      </trkpt>
      <trkpt lat="54.6886743" lon="25.245896">
        <ele>94</ele>
      </trkpt>
      <trkpt lat="54.6886954" lon="25.2458777">
        <ele>94</ele>
      </trkpt>
      <trkpt lat="54.6887168" lon="25.2458595">
        <ele>94</ele>
      </trkpt>
      <trkpt lat="54.6887383" lon="25.2458414">
        <ele>94</ele>
      </trkpt>
      <trkpt lat="54.6887588" lon="25.245823">
        <ele>94</ele>
      </trkpt>
      <trkpt lat="54.6887793" lon="25.2458047">
        <ele>94</ele>
      </trkpt>
      <trkpt lat="54.6887986" lon="25.2457845">
        <ele>94</ele>
      </trkpt>
      <trkpt lat="54.688818" lon="25.2457643">
        <ele>94</ele>
      </trkpt>
      <trkpt lat="54.6888375" lon="25.2457447">
        <ele>94</ele>
      </trkpt>
      <trkpt lat="54.688857" lon="25.2457252">
        <ele>94</ele>
      </trkpt>
      <trkpt lat="54.6888771" lon="25.2457063">
        <ele>94</ele>
      </trkpt>
      <trkpt lat="54.6888973" lon="25.2456874">
        <ele>94</ele>
      </trkpt>
      <trkpt lat="54.6889188" lon="25.245668">
        <ele>94</ele>
      </trkpt>
      <trkpt lat="54.6889403" lon="25.2456486">
        <ele>94</ele>
      </trkpt>
      <trkpt lat="54.6889625" lon="25.2456263">
        <ele>94</ele>
      </trkpt>
      <trkpt lat="54.6889847" lon="25.2456041">
        <ele>94</ele>
      </trkpt>
      <trkpt lat="54.6890086" lon="25.2455832">
        <ele>94</ele>
      </trkpt>
      <trkpt lat="54.6890325" lon="25.2455624">
        <ele>93</ele>
      </trkpt>
      <trkpt lat="54.6890569" lon="25.2455441">
        <ele>93</ele>
      </trkpt>
      <trkpt lat="54.6890814" lon="25.2455259">
        <ele>93</ele>
      </trkpt>
      <trkpt lat="54.6891047" lon="25.2455093">
        <ele>93</ele>
      </trkpt>
      <trkpt lat="54.689128" lon="25.2454928">
        <ele>93</ele>
      </trkpt>
      <trkpt lat="54.6891527" lon="25.2454761">
        <ele>93</ele>
      </trkpt>
      <trkpt lat="54.6891774" lon="25.2454594">
        <ele>93</ele>
      </trkpt>
      <trkpt lat="54.6892028" lon="25.2454409">
        <ele>93</ele>
      </trkpt>
      <trkpt lat="54.6892283" lon="25.2454224">
        <ele>93</ele>
      </trkpt>
      <trkpt lat="54.689252" lon="25.245403">
        <ele>93</ele>
      </trkpt>
      <trkpt lat="54.6892758" lon="25.2453837">
        <ele>92</ele>
      </trkpt>
      <trkpt lat="54.689297" lon="25.2453643">
        <ele>92</ele>
      </trkpt>
      <trkpt lat="54.6893183" lon="25.2453449">
        <ele>92</ele>
      </trkpt>
      <trkpt lat="54.6893369" lon="25.2453234">
        <ele>92</ele>
      </trkpt>
      <trkpt lat="54.6893555" lon="25.2453019">
        <ele>92</ele>
      </trkpt>
      <trkpt lat="54.6893714" lon="25.2452761">
        <ele>92</ele>
      </trkpt>
      <trkpt lat="54.6893874" lon="25.2452503">
        <ele>92</ele>
      </trkpt>
      <trkpt lat="54.6893998" lon="25.2452191">
        <ele>92</ele>
      </trkpt>
      <trkpt lat="54.6894123" lon="25.2451879">
        <ele>92</ele>
      </trkpt>
      <trkpt lat="54.6894203" lon="25.245152">
        <ele>92</ele>
      </trkpt>
      <trkpt lat="54.6894283" lon="25.2451161">
        <ele>91</ele>
      </trkpt>
      <trkpt lat="54.689434" lon="25.245077">
        <ele>91</ele>
      </trkpt>
      <trkpt lat="54.6894398" lon="25.245038">
        <ele>90</ele>
      </trkpt>
      <trkpt lat="54.6894462" lon="25.2449985">
        <ele>90</ele>
      </trkpt>
      <trkpt lat="54.6894526" lon="25.2449591">
        <ele>90</ele>
      </trkpt>
      <trkpt lat="54.689463" lon="25.2449234">
        <ele>90</ele>
      </trkpt>
      <trkpt lat="54.6894735" lon="25.2448878">
        <ele>90</ele>
      </trkpt>
      <trkpt lat="54.689487" lon="25.2448575">
        <ele>90</ele>
      </trkpt>
      <trkpt lat="54.6895006" lon="25.2448272">
        <ele>90</ele>
      </trkpt>
      <trkpt lat="54.689517" lon="25.2448001">
        <ele>90</ele>
      </trkpt>
      <trkpt lat="54.6895335" lon="25.244773">
        <ele>90</ele>
      </trkpt>
      <trkpt lat="54.6895527" lon="25.2447482">
        <ele>90</ele>
      </trkpt>
      <trkpt lat="54.6895719" lon="25.2447235">
        <ele>90</ele>
      </trkpt>
      <trkpt lat="54.6895919" lon="25.2447004">
        <ele>90</ele>
      </trkpt>
      <trkpt lat="54.6896119" lon="25.2446773">
        <ele>90</ele>
      </trkpt>
      <trkpt lat="54.689633" lon="25.2446554">
        <ele>90</ele>
      </trkpt>
      <trkpt lat="54.6896542" lon="25.2446336">
        <ele>90</ele>
      </trkpt>
      <trkpt lat="54.6896755" lon="25.2446125">
        <ele>90</ele>
      </trkpt>
      <trkpt lat="54.6896969" lon="25.2445915">
        <ele>90</ele>
      </trkpt>
      <trkpt lat="54.6897177" lon="25.2445727">
        <ele>90</ele>
      </trkpt>
      <trkpt lat="54.6897385" lon="25.2445539">
        <ele>90</ele>
      </trkpt>
      <trkpt lat="54.6897631" lon="25.2445356">
        <ele>90</ele>
      </trkpt>
      <trkpt lat="54.6897878" lon="25.2445174">
        <ele>90</ele>
      </trkpt>
      <trkpt lat="54.6898143" lon="25.2444984">
        <ele>90</ele>
      </trkpt>
      <trkpt lat="54.6898409" lon="25.2444795">
        <ele>90</ele>
      </trkpt>
      <trkpt lat="54.6898671" lon="25.2444649">
        <ele>90</ele>
      </trkpt>
      <trkpt lat="54.6898933" lon="25.2444504">
        <ele>90</ele>
      </trkpt>
      <trkpt lat="54.6899161" lon="25.2444423">
        <ele>90</ele>
      </trkpt>
      <trkpt lat="54.6899389" lon="25.2444342">
        <ele>90</ele>
      </trkpt>
      <trkpt lat="54.6899591" lon="25.2444268">
        <ele>90</ele>
      </trkpt>
      <trkpt lat="54.6899793" lon="25.2444195">
        <ele>90</ele>
      </trkpt>
      <trkpt lat="54.6899997" lon="25.2444104">
        <ele>90</ele>
      </trkpt>
      <trkpt lat="54.6900201" lon="25.2444013">
        <ele>90</ele>
      </trkpt>
      <trkpt lat="54.6900393" lon="25.2443903">
        <ele>90</ele>
      </trkpt>
      <trkpt lat="54.6900585" lon="25.2443793">
        <ele>90</ele>
      </trkpt>
      <trkpt lat="54.6900785" lon="25.2443674">
        <ele>90</ele>
      </trkpt>
      <trkpt lat="54.6900986" lon="25.2443555">
        <ele>90</ele>
      </trkpt>
      <trkpt lat="54.6901203" lon="25.2443425">
        <ele>90</ele>
      </trkpt>
      <trkpt lat="54.690142" lon="25.2443296">
        <ele>90</ele>
      </trkpt>
      <trkpt lat="54.6901648" lon="25.2443167">
        <ele>90</ele>
      </trkpt>
      <trkpt lat="54.6901876" lon="25.2443038">
        <ele>90</ele>
      </trkpt>
      <trkpt lat="54.6902111" lon="25.2442957">
        <ele>90</ele>
      </trkpt>
      <trkpt lat="54.6902347" lon="25.2442877">
        <ele>90</ele>
      </trkpt>
      <trkpt lat="54.690257" lon="25.2442859">
        <ele>90</ele>
      </trkpt>
      <trkpt lat="54.6902794" lon="25.2442841">
        <ele>90</ele>
      </trkpt>
      <trkpt lat="54.6903007" lon="25.2442848">
        <ele>90</ele>
      </trkpt>
      <trkpt lat="54.690322" lon="25.2442855">
        <ele>90</ele>
      </trkpt>
      <trkpt lat="54.6903418" lon="25.2442851">
        <ele>90</ele>
      </trkpt>
      <trkpt lat="54.6903617" lon="25.2442847">
        <ele>90</ele>
      </trkpt>
      <trkpt lat="54.6903799" lon="25.2442815">
        <ele>90</ele>
      </trkpt>
      <trkpt lat="54.6903981" lon="25.2442783">
        <ele>90</ele>
      </trkpt>
      <trkpt lat="54.6904175" lon="25.2442727">
        <ele>90</ele>
      </trkpt>
      <trkpt lat="54.6904369" lon="25.2442671">
        <ele>90</ele>
      </trkpt>
      <trkpt lat="54.6904574" lon="25.2442585">
        <ele>90</ele>
      </trkpt>
      <trkpt lat="54.690478" lon="25.24425">
        <ele>90</ele>
      </trkpt>
      <trkpt lat="54.6904985" lon="25.2442359">
        <ele>90</ele>
      </trkpt>
      <trkpt lat="54.6905191" lon="25.2442218">
        <ele>90</ele>
      </trkpt>
      <trkpt lat="54.6905382" lon="25.2442015">
        <ele>90</ele>
      </trkpt>
      <trkpt lat="54.6905573" lon="25.2441813">
        <ele>90</ele>
      </trkpt>
      <trkpt lat="54.6905743" lon="25.2441563">
        <ele>90</ele>
      </trkpt>
      <trkpt lat="54.6905913" lon="25.2441313">
        <ele>90</ele>
      </trkpt>
      <trkpt lat="54.6906067" lon="25.2441027">
        <ele>90</ele>
      </trkpt>
      <trkpt lat="54.6906222" lon="25.2440741">
        <ele>90</ele>
      </trkpt>
      <trkpt lat="54.6906401" lon="25.2440435">
        <ele>90</ele>
      </trkpt>
      <trkpt lat="54.6906581" lon="25.2440129">
        <ele>90</ele>
      </trkpt>
      <trkpt lat="54.6906796" lon="25.2439856">
        <ele>90</ele>
      </trkpt>
      <trkpt lat="54.6907012" lon="25.2439584">
        <ele>90</ele>
      </trkpt>
      <trkpt lat="54.6907232" lon="25.243935">
        <ele>90</ele>
      </trkpt>
      <trkpt lat="54.6907452" lon="25.2439116">
        <ele>90</ele>
      </trkpt>
      <trkpt lat="54.6907652" lon="25.2438897">
        <ele>90</ele>
      </trkpt>
      <trkpt lat="54.6907853" lon="25.2438679">
        <ele>90</ele>
      </trkpt>
      <trkpt lat="54.6908049" lon="25.2438516">
        <ele>90</ele>
      </trkpt>
      <trkpt lat="54.6908245" lon="25.2438353">
        <ele>90</ele>
      </trkpt>
      <trkpt lat="54.690845" lon="25.2438243">
        <ele>90</ele>
      </trkpt>
      <trkpt lat="54.6908655" lon="25.2438134">
        <ele>90</ele>
      </trkpt>
      <trkpt lat="54.6908867" lon="25.2438054">
        <ele>90</ele>
      </trkpt>
      <trkpt lat="54.6909079" lon="25.2437974">
        <ele>90</ele>
      </trkpt>
      <trkpt lat="54.6909289" lon="25.2437878">
        <ele>90</ele>
      </trkpt>
      <trkpt lat="54.6909499" lon="25.2437783">
        <ele>90</ele>
      </trkpt>
      <trkpt lat="54.6909705" lon="25.2437665">
        <ele>90</ele>
      </trkpt>
      <trkpt lat="54.6909912" lon="25.2437547">
        <ele>90</ele>
      </trkpt>
      <trkpt lat="54.6910115" lon="25.2437421">
        <ele>90</ele>
      </trkpt>
      <trkpt lat="54.6910319" lon="25.2437295">
        <ele>90</ele>
      </trkpt>
      <trkpt lat="54.6910512" lon="25.2437187">
        <ele>90</ele>
      </trkpt>
      <trkpt lat="54.6910705" lon="25.243708">
        <ele>90</ele>
      </trkpt>
      <trkpt lat="54.691093" lon="25.2436926">
        <ele>90</ele>
      </trkpt>
      <trkpt lat="54.6911155" lon="25.2436773">
        <ele>90</ele>
      </trkpt>
      <trkpt lat="54.6911405" lon="25.2436516">
        <ele>90</ele>
      </trkpt>
      <trkpt lat="54.6911656" lon="25.243626">
        <ele>90</ele>
      </trkpt>
      <trkpt lat="54.6911873" lon="25.2435881">
        <ele>90</ele>
      </trkpt>
      <trkpt lat="54.691209" lon="25.2435502">
        <ele>90</ele>
      </trkpt>
      <trkpt lat="54.6912283" lon="25.2435124">
        <ele>90</ele>
      </trkpt>
      <trkpt lat="54.6912477" lon="25.2434747">
        <ele>90</ele>
      </trkpt>
      <trkpt lat="54.691267" lon="25.2434484">
        <ele>90</ele>
      </trkpt>
      <trkpt lat="54.6912863" lon="25.2434222">
        <ele>90</ele>
      </trkpt>
      <trkpt lat="54.6913051" lon="25.24341">
        <ele>90</ele>
      </trkpt>
      <trkpt lat="54.6913239" lon="25.2433978">
        <ele>90</ele>
      </trkpt>
      <trkpt lat="54.691343" lon="25.243394">
        <ele>90</ele>
      </trkpt>
      <trkpt lat="54.6913622" lon="25.2433902">
        <ele>90</ele>
      </trkpt>
      <trkpt lat="54.6913817" lon="25.2433874">
        <ele>91</ele>
      </trkpt>
      <trkpt lat="54.6914013" lon="25.2433846">
        <ele>91</ele>
      </trkpt>
      <trkpt lat="54.6914211" lon="25.2433767">
        <ele>91</ele>
      </trkpt>
      <trkpt lat="54.6914409" lon="25.2433689">
        <ele>91</ele>
      </trkpt>
      <trkpt lat="54.6914616" lon="25.2433563">
        <ele>91</ele>
      </trkpt>
      <trkpt lat="54.6914823" lon="25.2433438">
        <ele>92</ele>
      </trkpt>
      <trkpt lat="54.6915066" lon="25.2433291">
        <ele>91</ele>
      </trkpt>
      <trkpt lat="54.6915309" lon="25.2433144">
        <ele>91</ele>
      </trkpt>
      <trkpt lat="54.6915541" lon="25.2433005">
        <ele>91</ele>
      </trkpt>
      <trkpt lat="54.6915773" lon="25.2432867">
        <ele>91</ele>
      </trkpt>
      <trkpt lat="54.6915975" lon="25.2432784">
        <ele>91</ele>
      </trkpt>
      <trkpt lat="54.6916177" lon="25.2432702">
        <ele>91</ele>
      </trkpt>
      <trkpt lat="54.6916353" lon="25.2432661">
        <ele>91</ele>
      </trkpt>
      <trkpt lat="54.6916529" lon="25.243262">
        <ele>91</ele>
      </trkpt>
      <trkpt lat="54.6916705" lon="25.2432579">
        <ele>91</ele>
      </trkpt>
      <trkpt lat="54.691689" lon="25.2432542">
        <ele>91</ele>
      </trkpt>
      <trkpt lat="54.6917076" lon="25.2432505">
        <ele>91</ele>
      </trkpt>
      <trkpt lat="54.6917286" lon="25.2432473">
        <ele>91</ele>
      </trkpt>
      <trkpt lat="54.6917496" lon="25.2432441">
        <ele>91</ele>
      </trkpt>
      <trkpt lat="54.6917731" lon="25.2432432">
        <ele>91</ele>
      </trkpt>
      <trkpt lat="54.6917966" lon="25.2432423">
        <ele>92</ele>
      </trkpt>
      <trkpt lat="54.6918204" lon="25.2432434">
        <ele>92</ele>
      </trkpt>
      <trkpt lat="54.6918442" lon="25.2432446">
        <ele>92</ele>
      </trkpt>
      <trkpt lat="54.6918683" lon="25.2432452">
        <ele>92</ele>
      </trkpt>
      <trkpt lat="54.6918924" lon="25.2432459">
        <ele>92</ele>
      </trkpt>
      <trkpt lat="54.6919145" lon="25.2432435">
        <ele>92</ele>
      </trkpt>
      <trkpt lat="54.6919367" lon="25.2432411">
        <ele>92</ele>
      </trkpt>
      <trkpt lat="54.6919571" lon="25.243234">
        <ele>92</ele>
      </trkpt>
      <trkpt lat="54.6919776" lon="25.243227">
        <ele>92</ele>
      </trkpt>
      <trkpt lat="54.6919976" lon="25.2432156">
        <ele>92</ele>
      </trkpt>
      <trkpt lat="54.6920177" lon="25.2432043">
        <ele>92</ele>
      </trkpt>
      <trkpt lat="54.6920357" lon="25.2431875">
        <ele>92</ele>
      </trkpt>
      <trkpt lat="54.6920537" lon="25.2431707">
        <ele>92</ele>
      </trkpt>
      <trkpt lat="54.6920709" lon="25.2431475">
        <ele>92</ele>
      </trkpt>
      <trkpt lat="54.6920881" lon="25.2431243">
        <ele>92</ele>
      </trkpt>
      <trkpt lat="54.6921054" lon="25.243095">
        <ele>92</ele>
      </trkpt>
      <trkpt lat="54.6921227" lon="25.2430658">
        <ele>92</ele>
      </trkpt>
      <trkpt lat="54.6921415" lon="25.2430364">
        <ele>92</ele>
      </trkpt>
      <trkpt lat="54.6921603" lon="25.243007">
        <ele>92</ele>
      </trkpt>
      <trkpt lat="54.6921792" lon="25.2429794">
        <ele>92</ele>
      </trkpt>
      <trkpt lat="54.6921982" lon="25.2429519">
        <ele>92</ele>
      </trkpt>
      <trkpt lat="54.6922171" lon="25.2429273">
        <ele>92</ele>
      </trkpt>
      <trkpt lat="54.692236" lon="25.2429028">
        <ele>92</ele>
      </trkpt>
      <trkpt lat="54.692254" lon="25.2428795">
        <ele>92</ele>
      </trkpt>
      <trkpt lat="54.6922721" lon="25.2428562">
        <ele>92</ele>
      </trkpt>
      <trkpt lat="54.6922889" lon="25.2428349">
        <ele>92</ele>
      </trkpt>
      <trkpt lat="54.6923057" lon="25.2428136">
        <ele>92</ele>
      </trkpt>
      <trkpt lat="54.6923219" lon="25.242796">
        <ele>92</ele>
      </trkpt>
      <trkpt lat="54.6923381" lon="25.2427785">
        <ele>92</ele>
      </trkpt>
      <trkpt lat="54.6923545" lon="25.2427621">
        <ele>92</ele>
      </trkpt>
      <trkpt lat="54.6923709" lon="25.2427458">
        <ele>92</ele>
      </trkpt>
      <trkpt lat="54.6923897" lon="25.2427289">
        <ele>92</ele>
      </trkpt>
      <trkpt lat="54.6924086" lon="25.2427121">
        <ele>92</ele>
      </trkpt>
      <trkpt lat="54.6924291" lon="25.2426927">
        <ele>92</ele>
      </trkpt>
      <trkpt lat="54.6924496" lon="25.2426733">
        <ele>92</ele>
      </trkpt>
      <trkpt lat="54.6924696" lon="25.2426454">
        <ele>92</ele>
      </trkpt>
      <trkpt lat="54.6924896" lon="25.2426176">
        <ele>92</ele>
      </trkpt>
      <trkpt lat="54.6925089" lon="25.242589">
        <ele>92</ele>
      </trkpt>
      <trkpt lat="54.6925282" lon="25.2425604">
        <ele>92</ele>
      </trkpt>
      <trkpt lat="54.6925466" lon="25.2425332">
        <ele>92</ele>
      </trkpt>
      <trkpt lat="54.692565" lon="25.242506">
        <ele>92</ele>
      </trkpt>
      <trkpt lat="54.6925824" lon="25.2424776">
        <ele>92</ele>
      </trkpt>
      <trkpt lat="54.6925998" lon="25.2424493">
        <ele>92</ele>
      </trkpt>
      <trkpt lat="54.692617" lon="25.2424194">
        <ele>92</ele>
      </trkpt>
      <trkpt lat="54.6926343" lon="25.2423895">
        <ele>92</ele>
      </trkpt>
      <trkpt lat="54.6926519" lon="25.2423611">
        <ele>92</ele>
      </trkpt>
      <trkpt lat="54.6926695" lon="25.2423328">
        <ele>91</ele>
      </trkpt>
      <trkpt lat="54.6926865" lon="25.2423038">
        <ele>91</ele>
      </trkpt>
      <trkpt lat="54.6927035" lon="25.2422749">
        <ele>91</ele>
      </trkpt>
      <trkpt lat="54.6927205" lon="25.242246">
        <ele>91</ele>
      </trkpt>
      <trkpt lat="54.6927371" lon="25.2422163">
        <ele>91</ele>
      </trkpt>
      <trkpt lat="54.6927537" lon="25.2421867">
        <ele>91</ele>
      </trkpt>
      <trkpt lat="54.6927736" lon="25.2421604">
        <ele>91</ele>
      </trkpt>
      <trkpt lat="54.6927935" lon="25.2421341">
        <ele>91</ele>
      </trkpt>
      <trkpt lat="54.6928142" lon="25.2421103">
        <ele>91</ele>
      </trkpt>
      <trkpt lat="54.692835" lon="25.2420866">
        <ele>91</ele>
      </trkpt>
      <trkpt lat="54.6928543" lon="25.2420604">
        <ele>91</ele>
      </trkpt>
      <trkpt lat="54.6928737" lon="25.2420343">
        <ele>91</ele>
      </trkpt>
      <trkpt lat="54.6928905" lon="25.2420054">
        <ele>91</ele>
      </trkpt>
      <trkpt lat="54.6929074" lon="25.2419765">
        <ele>91</ele>
      </trkpt>
      <trkpt lat="54.6929228" lon="25.2419444">
        <ele>91</ele>
      </trkpt>
      <trkpt lat="54.6929382" lon="25.2419124">
        <ele>91</ele>
      </trkpt>
      <trkpt lat="54.6929536" lon="25.2418781">
        <ele>91</ele>
      </trkpt>
      <trkpt lat="54.692969" lon="25.2418439">
        <ele>91</ele>
      </trkpt>
      <trkpt lat="54.6929824" lon="25.2418089">
        <ele>91</ele>
      </trkpt>
      <trkpt lat="54.6929958" lon="25.2417739">
        <ele>91</ele>
      </trkpt>
      <trkpt lat="54.6930074" lon="25.2417376">
        <ele>91</ele>
      </trkpt>
      <trkpt lat="54.6930191" lon="25.2417013">
        <ele>91</ele>
      </trkpt>
      <trkpt lat="54.6930296" lon="25.2416666">
        <ele>91</ele>
      </trkpt>
      <trkpt lat="54.6930402" lon="25.2416319">
        <ele>91</ele>
      </trkpt>
      <trkpt lat="54.6930499" lon="25.2415963">
        <ele>92</ele>
      </trkpt>
      <trkpt lat="54.6930597" lon="25.2415607">
        <ele>92</ele>
      </trkpt>
      <trkpt lat="54.6930709" lon="25.2415256">
        <ele>92</ele>
      </trkpt>
      <trkpt lat="54.6930822" lon="25.2414905">
        <ele>92</ele>
      </trkpt>
      <trkpt lat="54.6930976" lon="25.2414589">
        <ele>92</ele>
      </trkpt>
      <trkpt lat="54.693113" lon="25.2414274">
        <ele>92</ele>
      </trkpt>
      <trkpt lat="54.6931268" lon="25.2413939">
        <ele>92</ele>
      </trkpt>
      <trkpt lat="54.6931407" lon="25.2413605">
        <ele>92</ele>
      </trkpt>
      <trkpt lat="54.6931518" lon="25.2413237">
        <ele>92</ele>
      </trkpt>
      <trkpt lat="54.6931629" lon="25.2412869">
        <ele>92</ele>
      </trkpt>
      <trkpt lat="54.6931741" lon="25.2412501">
        <ele>92</ele>
      </trkpt>
      <trkpt lat="54.6931814" lon="25.2412131">
        <ele>92</ele>
      </trkpt>
      <trkpt lat="54.6931888" lon="25.2411761">
        <ele>92</ele>
      </trkpt>
      <trkpt lat="54.6931947" lon="25.2411369">
        <ele>92</ele>
      </trkpt>
      <trkpt lat="54.6932006" lon="25.2410977">
        <ele>92</ele>
      </trkpt>
      <trkpt lat="54.6932071" lon="25.2410555">
        <ele>92</ele>
      </trkpt>
      <trkpt lat="54.6932137" lon="25.2410134">
        <ele>92</ele>
      </trkpt>
      <trkpt lat="54.693222" lon="25.24097">
        <ele>92</ele>
      </trkpt>
      <trkpt lat="54.6932304" lon="25.2409267">
        <ele>92</ele>
      </trkpt>
      <trkpt lat="54.6932394" lon="25.2408851">
        <ele>92</ele>
      </trkpt>
      <trkpt lat="54.6932485" lon="25.2408435">
        <ele>92</ele>
      </trkpt>
      <trkpt lat="54.6932566" lon="25.2408058">
        <ele>92</ele>
      </trkpt>
      <trkpt lat="54.6932647" lon="25.2407681">
        <ele>92</ele>
      </trkpt>
      <trkpt lat="54.6932703" lon="25.2407305">
        <ele>92</ele>
      </trkpt>
      <trkpt lat="54.693276" lon="25.2406929">
        <ele>92</ele>
      </trkpt>
      <trkpt lat="54.6932795" lon="25.2406534">
        <ele>93</ele>
      </trkpt>
      <trkpt lat="54.693283" lon="25.2406139">
        <ele>92</ele>
      </trkpt>
      <trkpt lat="54.693285" lon="25.240574">
        <ele>92</ele>
      </trkpt>
      <trkpt lat="54.6932871" lon="25.2405342">
        <ele>92</ele>
      </trkpt>
      <trkpt lat="54.693288" lon="25.2404943">
        <ele>92</ele>
      </trkpt>
      <trkpt lat="54.693289" lon="25.2404544">
        <ele>92</ele>
      </trkpt>
      <trkpt lat="54.6932909" lon="25.2404133">
        <ele>92</ele>
      </trkpt>
      <trkpt lat="54.6932929" lon="25.2403722">
        <ele>92</ele>
      </trkpt>
      <trkpt lat="54.6932952" lon="25.2403307">
        <ele>92</ele>
      </trkpt>
      <trkpt lat="54.6932976" lon="25.2402892">
        <ele>92</ele>
      </trkpt>
      <trkpt lat="54.6932991" lon="25.2402479">
        <ele>92</ele>
      </trkpt>
      <trkpt lat="54.6933007" lon="25.2402067">
        <ele>92</ele>
      </trkpt>
      <trkpt lat="54.6933024" lon="25.2401658">
        <ele>92</ele>
      </trkpt>
      <trkpt lat="54.6933041" lon="25.240125">
        <ele>92</ele>
      </trkpt>
      <trkpt lat="54.6933059" lon="25.2400838">
        <ele>92</ele>
      </trkpt>
      <trkpt lat="54.6933078" lon="25.2400427">
        <ele>92</ele>
      </trkpt>
      <trkpt lat="54.6933086" lon="25.2400029">
        <ele>91</ele>
      </trkpt>
      <trkpt lat="54.6933095" lon="25.2399631">
        <ele>91</ele>
      </trkpt>
      <trkpt lat="54.6933074" lon="25.2399234">
        <ele>91</ele>
      </trkpt>
      <trkpt lat="54.6933054" lon="25.2398837">
        <ele>91</ele>
      </trkpt>
      <trkpt lat="54.6932981" lon="25.2398411">
        <ele>91</ele>
      </trkpt>
      <trkpt lat="54.6932909" lon="25.2397985">
        <ele>91</ele>
      </trkpt>
      <trkpt lat="54.6932797" lon="25.2397549">
        <ele>91</ele>
      </trkpt>
      <trkpt lat="54.6932686" lon="25.2397113">
        <ele>91</ele>
      </trkpt>
      <trkpt lat="54.6932559" lon="25.2396705">
        <ele>91</ele>
      </trkpt>
      <trkpt lat="54.6932432" lon="25.2396297">
        <ele>91</ele>
      </trkpt>
      <trkpt lat="54.6932303" lon="25.2395917">
        <ele>90</ele>
      </trkpt>
      <trkpt lat="54.6932175" lon="25.2395538">
        <ele>90</ele>
      </trkpt>
      <trkpt lat="54.693205" lon="25.2395167">
        <ele>90</ele>
      </trkpt>
      <trkpt lat="54.6931926" lon="25.2394797">
        <ele>90</ele>
      </trkpt>
      <trkpt lat="54.6931813" lon="25.2394407">
        <ele>90</ele>
      </trkpt>
      <trkpt lat="54.69317" lon="25.2394018">
        <ele>90</ele>
      </trkpt>
      <trkpt lat="54.6931592" lon="25.2393639">
        <ele>90</ele>
      </trkpt>
      <trkpt lat="54.6931484" lon="25.239326">
        <ele>90</ele>
      </trkpt>
      <trkpt lat="54.6931387" lon="25.2392901">
        <ele>90</ele>
      </trkpt>
      <trkpt lat="54.693129" lon="25.2392543">
        <ele>90</ele>
      </trkpt>
      <trkpt lat="54.6931208" lon="25.2392204">
        <ele>89</ele>
      </trkpt>
      <trkpt lat="54.6931127" lon="25.2391865">
        <ele>89</ele>
      </trkpt>
      <trkpt lat="54.6931032" lon="25.2391535">
        <ele>89</ele>
      </trkpt>
      <trkpt lat="54.6930938" lon="25.2391206">
        <ele>89</ele>
      </trkpt>
      <trkpt lat="54.6930838" lon="25.2390888">
        <ele>89</ele>
      </trkpt>
      <trkpt lat="54.6930738" lon="25.239057">
        <ele>89</ele>
      </trkpt>
      <trkpt lat="54.6930653" lon="25.2390225">
        <ele>89</ele>
      </trkpt>
      <trkpt lat="54.6930568" lon="25.238988">
        <ele>89</ele>
      </trkpt>
      <trkpt lat="54.6930506" lon="25.2389536">
        <ele>89</ele>
      </trkpt>
      <trkpt lat="54.6930444" lon="25.2389192">
        <ele>89</ele>
      </trkpt>
      <trkpt lat="54.693038" lon="25.2388859">
        <ele>89</ele>
      </trkpt>
      <trkpt lat="54.6930316" lon="25.2388527">
        <ele>89</ele>
      </trkpt>
      <trkpt lat="54.6930253" lon="25.2388195">
        <ele>89</ele>
      </trkpt>
      <trkpt lat="54.693017" lon="25.2387861">
        <ele>89</ele>
      </trkpt>
      <trkpt lat="54.6930087" lon="25.2387528">
        <ele>89</ele>
      </trkpt>
      <trkpt lat="54.6929985" lon="25.2387169">
        <ele>89</ele>
      </trkpt>
      <trkpt lat="54.6929884" lon="25.238681">
        <ele>89</ele>
      </trkpt>
      <trkpt lat="54.6929783" lon="25.2386418">
        <ele>89</ele>
      </trkpt>
      <trkpt lat="54.6929682" lon="25.2386026">
        <ele>89</ele>
      </trkpt>
      <trkpt lat="54.6929589" lon="25.2385635">
        <ele>89</ele>
      </trkpt>
      <trkpt lat="54.6929497" lon="25.2385244">
        <ele>89</ele>
      </trkpt>
      <trkpt lat="54.6929397" lon="25.2384892">
        <ele>89</ele>
      </trkpt>
      <trkpt lat="54.6929298" lon="25.238454">
        <ele>89</ele>
      </trkpt>
      <trkpt lat="54.6929189" lon="25.2384199">
        <ele>89</ele>
      </trkpt>
      <trkpt lat="54.692908" lon="25.2383858">
        <ele>89</ele>
      </trkpt>
      <trkpt lat="54.6929005" lon="25.2383553">
        <ele>89</ele>
      </trkpt>
      <trkpt lat="54.6928931" lon="25.2383248">
        <ele>89</ele>
      </trkpt>
      <trkpt lat="54.6928953" lon="25.2382949">
        <ele>89</ele>
      </trkpt>
      <trkpt lat="54.6928975" lon="25.238265">
        <ele>89</ele>
      </trkpt>
      <trkpt lat="54.6928998" lon="25.2382351">
        <ele>90</ele>
      </trkpt>
      <trkpt lat="54.6929038" lon="25.2381993">
        <ele>89</ele>
      </trkpt>
      <trkpt lat="54.6929078" lon="25.2381635">
        <ele>89</ele>
      </trkpt>
      <trkpt lat="54.6929054" lon="25.2381244">
        <ele>89</ele>
      </trkpt>
      <trkpt lat="54.6929031" lon="25.2380853">
        <ele>89</ele>
      </trkpt>
      <trkpt lat="54.6928941" lon="25.2380438">
        <ele>89</ele>
      </trkpt>
      <trkpt lat="54.6928852" lon="25.2380024">
        <ele>89</ele>
      </trkpt>
      <trkpt lat="54.6928737" lon="25.2379629">
        <ele>89</ele>
      </trkpt>
      <trkpt lat="54.6928622" lon="25.2379235">
        <ele>89</ele>
      </trkpt>
      <trkpt lat="54.6928523" lon="25.2378862">
        <ele>89</ele>
      </trkpt>
      <trkpt lat="54.6928424" lon="25.2378489">
        <ele>89</ele>
      </trkpt>
      <trkpt lat="54.692833" lon="25.2378109">
        <ele>89</ele>
      </trkpt>
      <trkpt lat="54.6928236" lon="25.2377729">
        <ele>89</ele>
      </trkpt>
      <trkpt lat="54.6928143" lon="25.2377349">
        <ele>89</ele>
      </trkpt>
      <trkpt lat="54.6928057" lon="25.2376963">
        <ele>89</ele>
      </trkpt>
      <trkpt lat="54.6927972" lon="25.2376578">
        <ele>90</ele>
      </trkpt>
      <trkpt lat="54.6927889" lon="25.2376179">
        <ele>89</ele>
      </trkpt>
      <trkpt lat="54.6927807" lon="25.2375781">
        <ele>89</ele>
      </trkpt>
      <trkpt lat="54.6927706" lon="25.2375375">
        <ele>89</ele>
      </trkpt>
      <trkpt lat="54.6927605" lon="25.2374969">
        <ele>89</ele>
      </trkpt>
      <trkpt lat="54.6927477" lon="25.2374578">
        <ele>89</ele>
      </trkpt>
      <trkpt lat="54.692735" lon="25.2374187">
        <ele>89</ele>
      </trkpt>
      <trkpt lat="54.6927195" lon="25.237379">
        <ele>89</ele>
      </trkpt>
      <trkpt lat="54.692704" lon="25.2373394">
        <ele>89</ele>
      </trkpt>
      <trkpt lat="54.6926897" lon="25.2372983">
        <ele>89</ele>
      </trkpt>
      <trkpt lat="54.6926755" lon="25.2372572">
        <ele>89</ele>
      </trkpt>
      <trkpt lat="54.6926651" lon="25.2372148">
        <ele>89</ele>
      </trkpt>
      <trkpt lat="54.6926548" lon="25.2371725">
        <ele>89</ele>
      </trkpt>
      <trkpt lat="54.69265" lon="25.2371329">
        <ele>89</ele>
      </trkpt>
      <trkpt lat="54.6926453" lon="25.2370933">
        <ele>89</ele>
      </trkpt>
      <trkpt lat="54.6926436" lon="25.2370573">
        <ele>89</ele>
      </trkpt>
      <trkpt lat="54.6926419" lon="25.2370213">
        <ele>89</ele>
      </trkpt>
      <trkpt lat="54.6926431" lon="25.2369925">
        <ele>89</ele>
      </trkpt>
      <trkpt lat="54.6926444" lon="25.2369637">
        <ele>90</ele>
      </trkpt>
      <trkpt lat="54.6926482" lon="25.2369429">
        <ele>90</ele>
      </trkpt>
      <trkpt lat="54.692652" lon="25.2369221">
        <ele>91</ele>
      </trkpt>
      <trkpt lat="54.6926554" lon="25.2369054">
        <ele>91</ele>
      </trkpt>
      <trkpt lat="54.6926589" lon="25.2368888">
        <ele>91</ele>
      </trkpt>
      <trkpt lat="54.6926584" lon="25.2368677">
        <ele>91</ele>
      </trkpt>
      <trkpt lat="54.6926579" lon="25.2368466">
        <ele>91</ele>
      </trkpt>
      <trkpt lat="54.6926504" lon="25.2368177">
        <ele>92</ele>
      </trkpt>
      <trkpt lat="54.6926429" lon="25.2367889">
        <ele>91</ele>
      </trkpt>
      <trkpt lat="54.6926304" lon="25.236754">
        <ele>91</ele>
      </trkpt>
      <trkpt lat="54.6926179" lon="25.2367192">
        <ele>91</ele>
      </trkpt>
      <trkpt lat="54.6926042" lon="25.2366839">
        <ele>91</ele>
      </trkpt>
      <trkpt lat="54.6925905" lon="25.2366486">
        <ele>91</ele>
      </trkpt>
      <trkpt lat="54.6925769" lon="25.2366134">
        <ele>91</ele>
      </trkpt>
      <trkpt lat="54.6925613" lon="25.2365801">
        <ele>91</ele>
      </trkpt>
      <trkpt lat="54.6925458" lon="25.2365469">
        <ele>91</ele>
      </trkpt>
      <trkpt lat="54.6925282" lon="25.2365129">
        <ele>91</ele>
      </trkpt>
      <trkpt lat="54.6925106" lon="25.2364789">
        <ele>91</ele>
      </trkpt>
      <trkpt lat="54.6924925" lon="25.2364441">
        <ele>91</ele>
      </trkpt>
      <trkpt lat="54.6924744" lon="25.2364093">
        <ele>91</ele>
      </trkpt>
      <trkpt lat="54.6924579" lon="25.2363753">
        <ele>91</ele>
      </trkpt>
      <trkpt lat="54.6924414" lon="25.2363413">
        <ele>91</ele>
      </trkpt>
      <trkpt lat="54.692425" lon="25.2363073">
        <ele>91</ele>
      </trkpt>
      <trkpt lat="54.6924111" lon="25.2362728">
        <ele>91</ele>
      </trkpt>
      <trkpt lat="54.6923973" lon="25.2362384">
        <ele>91</ele>
      </trkpt>
      <trkpt lat="54.6923851" lon="25.2362013">
        <ele>91</ele>
      </trkpt>
      <trkpt lat="54.692373" lon="25.2361643">
        <ele>91</ele>
      </trkpt>
      <trkpt lat="54.692359" lon="25.236125">
        <ele>91</ele>
      </trkpt>
      <trkpt lat="54.6923451" lon="25.2360857">
        <ele>91</ele>
      </trkpt>
      <trkpt lat="54.6923324" lon="25.2360457">
        <ele>91</ele>
      </trkpt>
      <trkpt lat="54.6923198" lon="25.2360058">
        <ele>91</ele>
      </trkpt>
      <trkpt lat="54.6923085" lon="25.2359652">
        <ele>91</ele>
      </trkpt>
      <trkpt lat="54.6922972" lon="25.2359246">
        <ele>91</ele>
      </trkpt>
      <trkpt lat="54.6922869" lon="25.2358841">
        <ele>91</ele>
      </trkpt>
      <trkpt lat="54.6922766" lon="25.2358436">
        <ele>91</ele>
      </trkpt>
      <trkpt lat="54.6922665" lon="25.2358052">
        <ele>91</ele>
      </trkpt>
      <trkpt lat="54.6922564" lon="25.2357669">
        <ele>91</ele>
      </trkpt>
      <trkpt lat="54.6922445" lon="25.2357312">
        <ele>91</ele>
      </trkpt>
      <trkpt lat="54.6922327" lon="25.2356956">
        <ele>90</ele>
      </trkpt>
      <trkpt lat="54.6922184" lon="25.2356638">
        <ele>90</ele>
      </trkpt>
      <trkpt lat="54.6922042" lon="25.235632">
        <ele>90</ele>
      </trkpt>
      <trkpt lat="54.692188" lon="25.2356012">
        <ele>90</ele>
      </trkpt>
      <trkpt lat="54.6921719" lon="25.2355704">
        <ele>90</ele>
      </trkpt>
      <trkpt lat="54.6921559" lon="25.2355415">
        <ele>90</ele>
      </trkpt>
      <trkpt lat="54.6921399" lon="25.2355126">
        <ele>90</ele>
      </trkpt>
      <trkpt lat="54.6921267" lon="25.2354867">
        <ele>90</ele>
      </trkpt>
      <trkpt lat="54.6921136" lon="25.2354608">
        <ele>90</ele>
      </trkpt>
      <trkpt lat="54.6921006" lon="25.2354334">
        <ele>90</ele>
      </trkpt>
      <trkpt lat="54.6920877" lon="25.2354061">
        <ele>90</ele>
      </trkpt>
      <trkpt lat="54.6920721" lon="25.2353775">
        <ele>90</ele>
      </trkpt>
      <trkpt lat="54.6920565" lon="25.235349">
        <ele>90</ele>
      </trkpt>
      <trkpt lat="54.6920393" lon="25.2353178">
        <ele>90</ele>
      </trkpt>
      <trkpt lat="54.6920222" lon="25.2352867">
        <ele>90</ele>
      </trkpt>
      <trkpt lat="54.6920078" lon="25.2352543">
        <ele>90</ele>
      </trkpt>
      <trkpt lat="54.6919934" lon="25.235222">
        <ele>90</ele>
      </trkpt>
      <trkpt lat="54.6919773" lon="25.2351886">
        <ele>90</ele>
      </trkpt>
      <trkpt lat="54.6919613" lon="25.2351553">
        <ele>90</ele>
      </trkpt>
      <trkpt lat="54.6919421" lon="25.2351212">
        <ele>90</ele>
      </trkpt>
      <trkpt lat="54.6919229" lon="25.2350871">
        <ele>90</ele>
      </trkpt>
      <trkpt lat="54.6919042" lon="25.2350581">
        <ele>90</ele>
      </trkpt>
      <trkpt lat="54.6918855" lon="25.2350291">
        <ele>90</ele>
      </trkpt>
      <trkpt lat="54.6918702" lon="25.2349985">
        <ele>90</ele>
      </trkpt>
      <trkpt lat="54.691855" lon="25.234968">
        <ele>90</ele>
      </trkpt>
      <trkpt lat="54.6918424" lon="25.234935">
        <ele>90</ele>
      </trkpt>
      <trkpt lat="54.6918299" lon="25.234902">
        <ele>90</ele>
      </trkpt>
      <trkpt lat="54.6918169" lon="25.2348675">
        <ele>90</ele>
      </trkpt>
      <trkpt lat="54.6918039" lon="25.2348331">
        <ele>90</ele>
      </trkpt>
      <trkpt lat="54.6917909" lon="25.234797">
        <ele>90</ele>
      </trkpt>
      <trkpt lat="54.691778" lon="25.234761">
        <ele>90</ele>
      </trkpt>
      <trkpt lat="54.6917662" lon="25.2347242">
        <ele>90</ele>
      </trkpt>
      <trkpt lat="54.6917544" lon="25.2346874">
        <ele>90</ele>
      </trkpt>
      <trkpt lat="54.6917423" lon="25.2346522">
        <ele>90</ele>
      </trkpt>
      <trkpt lat="54.6917302" lon="25.234617">
        <ele>91</ele>
      </trkpt>
      <trkpt lat="54.6917181" lon="25.2345831">
        <ele>91</ele>
      </trkpt>
      <trkpt lat="54.691706" lon="25.2345492">
        <ele>91</ele>
      </trkpt>
      <trkpt lat="54.6916924" lon="25.2345172">
        <ele>91</ele>
      </trkpt>
      <trkpt lat="54.6916788" lon="25.2344853">
        <ele>91</ele>
      </trkpt>
      <trkpt lat="54.6916647" lon="25.2344555">
        <ele>91</ele>
      </trkpt>
      <trkpt lat="54.6916507" lon="25.2344258">
        <ele>91</ele>
      </trkpt>
      <trkpt lat="54.6916351" lon="25.2343955">
        <ele>91</ele>
      </trkpt>
      <trkpt lat="54.6916195" lon="25.2343652">
        <ele>91</ele>
      </trkpt>
      <trkpt lat="54.6916047" lon="25.2343371">
        <ele>91</ele>
      </trkpt>
      <trkpt lat="54.6915899" lon="25.2343091">
        <ele>91</ele>
      </trkpt>
      <trkpt lat="54.6915754" lon="25.2342829">
        <ele>91</ele>
      </trkpt>
      <trkpt lat="54.691561" lon="25.2342567">
        <ele>91</ele>
      </trkpt>
      <trkpt lat="54.6915507" lon="25.2342292">
        <ele>91</ele>
      </trkpt>
      <trkpt lat="54.6915405" lon="25.2342017">
        <ele>91</ele>
      </trkpt>
      <trkpt lat="54.6915393" lon="25.2341701">
        <ele>91</ele>
      </trkpt>
      <trkpt lat="54.6915381" lon="25.2341385">
        <ele>91</ele>
      </trkpt>
      <trkpt lat="54.6915408" lon="25.2341016">
        <ele>91</ele>
      </trkpt>
      <trkpt lat="54.6915436" lon="25.2340647">
        <ele>91</ele>
      </trkpt>
      <trkpt lat="54.6915426" lon="25.23402">
        <ele>91</ele>
      </trkpt>
      <trkpt lat="54.6915416" lon="25.2339754">
        <ele>91</ele>
      </trkpt>
      <trkpt lat="54.6915371" lon="25.2339292">
        <ele>91</ele>
      </trkpt>
      <trkpt lat="54.6915327" lon="25.233883">
        <ele>91</ele>
      </trkpt>
      <trkpt lat="54.6915262" lon="25.2338405">
        <ele>91</ele>
      </trkpt>
      <trkpt lat="54.6915197" lon="25.233798">
        <ele>91</ele>
      </trkpt>
      <trkpt lat="54.6915117" lon="25.233759">
        <ele>91</ele>
      </trkpt>
      <trkpt lat="54.6915038" lon="25.23372">
        <ele>91</ele>
      </trkpt>
      <trkpt lat="54.6914912" lon="25.2336821">
        <ele>91</ele>
      </trkpt>
      <trkpt lat="54.6914787" lon="25.2336443">
        <ele>91</ele>
      </trkpt>
      <trkpt lat="54.6914639" lon="25.2336094">
        <ele>91</ele>
      </trkpt>
      <trkpt lat="54.6914491" lon="25.2335745">
        <ele>91</ele>
      </trkpt>
      <trkpt lat="54.6914369" lon="25.2335439">
        <ele>91</ele>
      </trkpt>
      <trkpt lat="54.6914248" lon="25.2335133">
        <ele>91</ele>
      </trkpt>
      <trkpt lat="54.6914152" lon="25.2334797">
        <ele>91</ele>
      </trkpt>
      <trkpt lat="54.6914056" lon="25.2334462">
        <ele>91</ele>
      </trkpt>
      <trkpt lat="54.6913975" lon="25.233407">
        <ele>91</ele>
      </trkpt>
      <trkpt lat="54.6913894" lon="25.2333678">
        <ele>90</ele>
      </trkpt>
      <trkpt lat="54.6913871" lon="25.2333235">
        <ele>90</ele>
      </trkpt>
      <trkpt lat="54.6913848" lon="25.2332793">
        <ele>90</ele>
      </trkpt>
      <trkpt lat="54.6913869" lon="25.2332357">
        <ele>90</ele>
      </trkpt>
      <trkpt lat="54.6913891" lon="25.2331922">
        <ele>90</ele>
      </trkpt>
      <trkpt lat="54.6913927" lon="25.2331516">
        <ele>90</ele>
      </trkpt>
      <trkpt lat="54.6913963" lon="25.2331111">
        <ele>90</ele>
      </trkpt>
      <trkpt lat="54.6913972" lon="25.2330751">
        <ele>90</ele>
      </trkpt>
      <trkpt lat="54.6913982" lon="25.2330391">
        <ele>90</ele>
      </trkpt>
      <trkpt lat="54.6913921" lon="25.233008">
        <ele>91</ele>
      </trkpt>
      <trkpt lat="54.691386" lon="25.2329769">
        <ele>91</ele>
      </trkpt>
      <trkpt lat="54.6913726" lon="25.2329481">
        <ele>91</ele>
      </trkpt>
      <trkpt lat="54.6913593" lon="25.2329194">
        <ele>91</ele>
      </trkpt>
      <trkpt lat="54.6913416" lon="25.2328918">
        <ele>91</ele>
      </trkpt>
      <trkpt lat="54.691324" lon="25.2328643">
        <ele>91</ele>
      </trkpt>
      <trkpt lat="54.6913047" lon="25.2328376">
        <ele>90</ele>
      </trkpt>
      <trkpt lat="54.6912855" lon="25.232811">
        <ele>90</ele>
      </trkpt>
      <trkpt lat="54.6912675" lon="25.2327841">
        <ele>90</ele>
      </trkpt>
      <trkpt lat="54.6912496" lon="25.2327573">
        <ele>90</ele>
      </trkpt>
      <trkpt lat="54.6912325" lon="25.2327305">
        <ele>90</ele>
      </trkpt>
      <trkpt lat="54.6912154" lon="25.2327037">
        <ele>90</ele>
      </trkpt>
      <trkpt lat="54.6911989" lon="25.2326758">
        <ele>90</ele>
      </trkpt>
      <trkpt lat="54.6911825" lon="25.232648">
        <ele>90</ele>
      </trkpt>
      <trkpt lat="54.6911677" lon="25.2326214">
        <ele>90</ele>
      </trkpt>
      <trkpt lat="54.691153" lon="25.2325949">
        <ele>90</ele>
      </trkpt>
      <trkpt lat="54.6911368" lon="25.2325662">
        <ele>89</ele>
      </trkpt>
      <trkpt lat="54.6911206" lon="25.2325375">
        <ele>89</ele>
      </trkpt>
      <trkpt lat="54.6911028" lon="25.2325066">
        <ele>89</ele>
      </trkpt>
      <trkpt lat="54.691085" lon="25.2324757">
        <ele>89</ele>
      </trkpt>
      <trkpt lat="54.6910697" lon="25.2324445">
        <ele>89</ele>
      </trkpt>
      <trkpt lat="54.6910545" lon="25.2324134">
        <ele>88</ele>
      </trkpt>
      <trkpt lat="54.6910396" lon="25.2323795">
        <ele>88</ele>
      </trkpt>
      <trkpt lat="54.6910247" lon="25.2323456">
        <ele>88</ele>
      </trkpt>
      <trkpt lat="54.6910081" lon="25.2323152">
        <ele>88</ele>
      </trkpt>
      <trkpt lat="54.6909916" lon="25.2322849">
        <ele>88</ele>
      </trkpt>
      <trkpt lat="54.6909751" lon="25.2322597">
        <ele>88</ele>
      </trkpt>
      <trkpt lat="54.6909586" lon="25.2322345">
        <ele>88</ele>
      </trkpt>
      <trkpt lat="54.6909416" lon="25.2322114">
        <ele>88</ele>
      </trkpt>
      <trkpt lat="54.6909246" lon="25.2321884">
        <ele>88</ele>
      </trkpt>
      <trkpt lat="54.6909078" lon="25.2321656">
        <ele>88</ele>
      </trkpt>
      <trkpt lat="54.6908911" lon="25.2321429">
        <ele>88</ele>
      </trkpt>
      <trkpt lat="54.6908753" lon="25.2321199">
        <ele>88</ele>
      </trkpt>
      <trkpt lat="54.6908596" lon="25.232097">
        <ele>88</ele>
      </trkpt>
      <trkpt lat="54.6908432" lon="25.2320736">
        <ele>88</ele>
      </trkpt>
      <trkpt lat="54.6908268" lon="25.2320502">
        <ele>88</ele>
      </trkpt>
      <trkpt lat="54.6908108" lon="25.2320264">
        <ele>88</ele>
      </trkpt>
      <trkpt lat="54.6907948" lon="25.2320026">
        <ele>88</ele>
      </trkpt>
      <trkpt lat="54.6907781" lon="25.2319794">
        <ele>88</ele>
      </trkpt>
      <trkpt lat="54.6907615" lon="25.2319563">
        <ele>88</ele>
      </trkpt>
      <trkpt lat="54.6907433" lon="25.2319343">
        <ele>88</ele>
      </trkpt>
      <trkpt lat="54.6907252" lon="25.2319124">
        <ele>88</ele>
      </trkpt>
      <trkpt lat="54.6907073" lon="25.2318923">
        <ele>88</ele>
      </trkpt>
      <trkpt lat="54.6906895" lon="25.2318723">
        <ele>88</ele>
      </trkpt>
      <trkpt lat="54.6906728" lon="25.2318496">
        <ele>88</ele>
      </trkpt>
      <trkpt lat="54.6906562" lon="25.2318269">
        <ele>89</ele>
      </trkpt>
      <trkpt lat="54.6906393" lon="25.231806">
        <ele>89</ele>
      </trkpt>
      <trkpt lat="54.6906224" lon="25.2317851">
        <ele>89</ele>
      </trkpt>
      <trkpt lat="54.6906043" lon="25.2317654">
        <ele>89</ele>
      </trkpt>
      <trkpt lat="54.6905862" lon="25.2317458">
        <ele>89</ele>
      </trkpt>
      <trkpt lat="54.6905675" lon="25.2317263">
        <ele>89</ele>
      </trkpt>
      <trkpt lat="54.6905489" lon="25.2317068">
        <ele>89</ele>
      </trkpt>
      <trkpt lat="54.6905297" lon="25.2316852">
        <ele>89</ele>
      </trkpt>
      <trkpt lat="54.6905105" lon="25.2316636">
        <ele>89</ele>
      </trkpt>
      <trkpt lat="54.6904933" lon="25.2316405">
        <ele>89</ele>
      </trkpt>
      <trkpt lat="54.6904762" lon="25.2316175">
        <ele>89</ele>
      </trkpt>
      <trkpt lat="54.6904616" lon="25.2315926">
        <ele>88</ele>
      </trkpt>
      <trkpt lat="54.6904471" lon="25.2315677">
        <ele>88</ele>
      </trkpt>
      <trkpt lat="54.6904355" lon="25.2315404">
        <ele>88</ele>
      </trkpt>
      <trkpt lat="54.690424" lon="25.2315132">
        <ele>88</ele>
      </trkpt>
      <trkpt lat="54.6904136" lon="25.2314841">
        <ele>88</ele>
      </trkpt>
      <trkpt lat="54.6904032" lon="25.231455">
        <ele>88</ele>
      </trkpt>
      <trkpt lat="54.6903944" lon="25.2314241">
        <ele>88</ele>
      </trkpt>
      <trkpt lat="54.6903857" lon="25.2313933">
        <ele>88</ele>
      </trkpt>
      <trkpt lat="54.690377" lon="25.2313603">
        <ele>88</ele>
      </trkpt>
      <trkpt lat="54.6903683" lon="25.2313273">
        <ele>88</ele>
      </trkpt>
      <trkpt lat="54.6903581" lon="25.2312901">
        <ele>88</ele>
      </trkpt>
      <trkpt lat="54.6903479" lon="25.231253">
        <ele>88</ele>
      </trkpt>
      <trkpt lat="54.6903389" lon="25.2312166">
        <ele>88</ele>
      </trkpt>
      <trkpt lat="54.69033" lon="25.2311803">
        <ele>88</ele>
      </trkpt>
      <trkpt lat="54.6903204" lon="25.2311468">
        <ele>88</ele>
      </trkpt>
      <trkpt lat="54.6903109" lon="25.2311134">
        <ele>88</ele>
      </trkpt>
      <trkpt lat="54.6903029" lon="25.231083">
        <ele>88</ele>
      </trkpt>
      <trkpt lat="54.690295" lon="25.2310527">
        <ele>88</ele>
      </trkpt>
      <trkpt lat="54.6902873" lon="25.2310227">
        <ele>88</ele>
      </trkpt>
      <trkpt lat="54.6902796" lon="25.2309928">
        <ele>89</ele>
      </trkpt>
      <trkpt lat="54.6902702" lon="25.230962">
        <ele>88</ele>
      </trkpt>
      <trkpt lat="54.6902609" lon="25.2309312">
        <ele>88</ele>
      </trkpt>
      <trkpt lat="54.6902509" lon="25.2308988">
        <ele>88</ele>
      </trkpt>
      <trkpt lat="54.690241" lon="25.2308664">
        <ele>88</ele>
      </trkpt>
      <trkpt lat="54.690231" lon="25.2308346">
        <ele>88</ele>
      </trkpt>
      <trkpt lat="54.690221" lon="25.2308029">
        <ele>88</ele>
      </trkpt>
      <trkpt lat="54.6902132" lon="25.2307716">
        <ele>88</ele>
      </trkpt>
      <trkpt lat="54.6902054" lon="25.2307404">
        <ele>88</ele>
      </trkpt>
      <trkpt lat="54.690202" lon="25.2307103">
        <ele>88</ele>
      </trkpt>
      <trkpt lat="54.6901986" lon="25.2306802">
        <ele>88</ele>
      </trkpt>
      <trkpt lat="54.6902004" lon="25.2306509">
        <ele>88</ele>
      </trkpt>
      <trkpt lat="54.6902023" lon="25.2306216">
        <ele>88</ele>
      </trkpt>
      <trkpt lat="54.6902099" lon="25.2305941">
        <ele>88</ele>
      </trkpt>
      <trkpt lat="54.6902176" lon="25.2305667">
        <ele>88</ele>
      </trkpt>
      <trkpt lat="54.6902287" lon="25.2305435">
        <ele>89</ele>
      </trkpt>
      <trkpt lat="54.6902398" lon="25.2305203">
        <ele>89</ele>
      </trkpt>
      <trkpt lat="54.6902536" lon="25.2305021">
        <ele>89</ele>
      </trkpt>
      <trkpt lat="54.6902675" lon="25.2304839">
        <ele>89</ele>
      </trkpt>
      <trkpt lat="54.6902818" lon="25.2304684">
        <ele>89</ele>
      </trkpt>
      <trkpt lat="54.6902962" lon="25.2304529">
        <ele>90</ele>
      </trkpt>
      <trkpt lat="54.6903073" lon="25.2304396">
        <ele>90</ele>
      </trkpt>
      <trkpt lat="54.6903185" lon="25.2304264">
        <ele>90</ele>
      </trkpt>
      <trkpt lat="54.6903285" lon="25.2304107">
        <ele>90</ele>
      </trkpt>
      <trkpt lat="54.6903385" lon="25.2303951">
        <ele>90</ele>
      </trkpt>
      <trkpt lat="54.6903493" lon="25.2303747">
        <ele>90</ele>
      </trkpt>
      <trkpt lat="54.6903601" lon="25.2303543">
        <ele>90</ele>
      </trkpt>
      <trkpt lat="54.690374" lon="25.2303265">
        <ele>90</ele>
      </trkpt>
      <trkpt lat="54.6903879" lon="25.2302987">
        <ele>90</ele>
      </trkpt>
      <trkpt lat="54.6904042" lon="25.2302698">
        <ele>90</ele>
      </trkpt>
      <trkpt lat="54.6904206" lon="25.230241">
        <ele>91</ele>
      </trkpt>
      <trkpt lat="54.6904357" lon="25.2302145">
        <ele>91</ele>
      </trkpt>
      <trkpt lat="54.6904509" lon="25.2301881">
        <ele>91</ele>
      </trkpt>
      <trkpt lat="54.6904674" lon="25.230164">
        <ele>91</ele>
      </trkpt>
      <trkpt lat="54.690484" lon="25.23014">
        <ele>91</ele>
      </trkpt>
      <trkpt lat="54.690501" lon="25.2301215">
        <ele>92</ele>
      </trkpt>
      <trkpt lat="54.690518" lon="25.2301031">
        <ele>92</ele>
      </trkpt>
      <trkpt lat="54.6905307" lon="25.2300912">
        <ele>92</ele>
      </trkpt>
      <trkpt lat="54.6905434" lon="25.2300794">
        <ele>92</ele>
      </trkpt>
      <trkpt lat="54.6905559" lon="25.2300708">
        <ele>92</ele>
      </trkpt>
      <trkpt lat="54.6905684" lon="25.2300622">
        <ele>93</ele>
      </trkpt>
      <trkpt lat="54.6905828" lon="25.230055">
        <ele>93</ele>
      </trkpt>
      <trkpt lat="54.6905973" lon="25.2300479">
        <ele>93</ele>
      </trkpt>
      <trkpt lat="54.6906137" lon="25.2300419">
        <ele>93</ele>
      </trkpt>
      <trkpt lat="54.6906302" lon="25.2300359">
        <ele>93</ele>
      </trkpt>
      <trkpt lat="54.6906484" lon="25.2300304">
        <ele>94</ele>
      </trkpt>
      <trkpt lat="54.6906666" lon="25.2300249">
        <ele>94</ele>
      </trkpt>
      <trkpt lat="54.6906845" lon="25.23002">
        <ele>94</ele>
      </trkpt>
      <trkpt lat="54.6907025" lon="25.2300152">
        <ele>94</ele>
      </trkpt>
      <trkpt lat="54.6907205" lon="25.2300099">
        <ele>94</ele>
      </trkpt>
      <trkpt lat="54.6907385" lon="25.2300047">
        <ele>95</ele>
      </trkpt>
      <trkpt lat="54.6907553" lon="25.2299981">
        <ele>95</ele>
      </trkpt>
      <trkpt lat="54.6907722" lon="25.2299916">
        <ele>95</ele>
      </trkpt>
      <trkpt lat="54.690788" lon="25.2299813">
        <ele>95</ele>
      </trkpt>
      <trkpt lat="54.6908038" lon="25.2299711">
        <ele>95</ele>
      </trkpt>
      <trkpt lat="54.6908192" lon="25.2299625">
        <ele>96</ele>
      </trkpt>
      <trkpt lat="54.6908347" lon="25.229954">
        <ele>96</ele>
      </trkpt>
      <trkpt lat="54.6908481" lon="25.2299506">
        <ele>96</ele>
      </trkpt>
      <trkpt lat="54.6908616" lon="25.2299473">
        <ele>97</ele>
      </trkpt>
      <trkpt lat="54.6908727" lon="25.2299467">
        <ele>97</ele>
      </trkpt>
      <trkpt lat="54.6908838" lon="25.2299462">
        <ele>98</ele>
      </trkpt>
      <trkpt lat="54.690892" lon="25.2299437">
        <ele>98</ele>
      </trkpt>
      <trkpt lat="54.6909002" lon="25.2299412">
        <ele>98</ele>
      </trkpt>
      <trkpt lat="54.6909046" lon="25.229934">
        <ele>98</ele>
      </trkpt>
      <trkpt lat="54.690909" lon="25.2299269">
        <ele>98</ele>
      </trkpt>
      <trkpt lat="54.6909224" lon="25.2299066">
        <ele>99</ele>
      </trkpt>
      <trkpt lat="54.6909335" lon="25.2298989">
        <ele>99</ele>
      </trkpt>
      <trkpt lat="54.6909446" lon="25.2298913">
        <ele>100</ele>
      </trkpt>
      <trkpt lat="54.6909557" lon="25.2298836">
        <ele>100</ele>
      </trkpt>
      <trkpt lat="54.6909668" lon="25.229876">
        <ele>100</ele>
      </trkpt>
      <trkpt lat="54.6909774" lon="25.2298675">
        <ele>100</ele>
      </trkpt>
      <trkpt lat="54.6909881" lon="25.229859">
        <ele>100</ele>
      </trkpt>
      <trkpt lat="54.6909922" lon="25.2298531">
        <ele>101</ele>
      </trkpt>
      <trkpt lat="54.6909963" lon="25.2298473">
        <ele>101</ele>
      </trkpt>
      <trkpt lat="54.6910023" lon="25.229839">
        <ele>101</ele>
      </trkpt>
      <trkpt lat="54.6910083" lon="25.2298308">
        <ele>101</ele>
      </trkpt>
      <trkpt lat="54.6910162" lon="25.2298225">
        <ele>101</ele>
      </trkpt>
      <trkpt lat="54.6910241" lon="25.2298142">
        <ele>102</ele>
      </trkpt>
      <trkpt lat="54.6910355" lon="25.2298038">
        <ele>102</ele>
      </trkpt>
      <trkpt lat="54.691047" lon="25.2297934">
        <ele>102</ele>
      </trkpt>
      <trkpt lat="54.6910597" lon="25.2297873">
        <ele>103</ele>
      </trkpt>
      <trkpt lat="54.6910725" lon="25.2297812">
        <ele>103</ele>
      </trkpt>
      <trkpt lat="54.6910857" lon="25.2297817">
        <ele>104</ele>
      </trkpt>
      <trkpt lat="54.691099" lon="25.2297823">
        <ele>104</ele>
      </trkpt>
      <trkpt lat="54.6911115" lon="25.2297845">
        <ele>104</ele>
      </trkpt>
      <trkpt lat="54.691124" lon="25.2297868">
        <ele>104</ele>
      </trkpt>
      <trkpt lat="54.6911357" lon="25.2297845">
        <ele>104</ele>
      </trkpt>
      <trkpt lat="54.6911475" lon="25.2297823">
        <ele>105</ele>
      </trkpt>
      <trkpt lat="54.6911581" lon="25.2297769">
        <ele>105</ele>
      </trkpt>
      <trkpt lat="54.6911687" lon="25.2297715">
        <ele>105</ele>
      </trkpt>
      <trkpt lat="54.6911785" lon="25.2297648">
        <ele>105</ele>
      </trkpt>
      <trkpt lat="54.6911883" lon="25.2297581">
        <ele>105</ele>
      </trkpt>
      <trkpt lat="54.6911991" lon="25.2297499">
        <ele>106</ele>
      </trkpt>
      <trkpt lat="54.69121" lon="25.2297417">
        <ele>106</ele>
      </trkpt>
      <trkpt lat="54.6912218" lon="25.2297324">
        <ele>106</ele>
      </trkpt>
      <trkpt lat="54.6912337" lon="25.2297232">
        <ele>106</ele>
      </trkpt>
      <trkpt lat="54.6912455" lon="25.229711">
        <ele>106</ele>
      </trkpt>
      <trkpt lat="54.6912573" lon="25.2296989">
        <ele>107</ele>
      </trkpt>
      <trkpt lat="54.6912668" lon="25.2296883">
        <ele>107</ele>
      </trkpt>
      <trkpt lat="54.6912764" lon="25.2296777">
        <ele>107</ele>
      </trkpt>
      <trkpt lat="54.6912853" lon="25.2296688">
        <ele>108</ele>
      </trkpt>
      <trkpt lat="54.6912943" lon="25.22966">
        <ele>108</ele>
      </trkpt>
      <trkpt lat="54.6913029" lon="25.2296521">
        <ele>109</ele>
      </trkpt>
      <trkpt lat="54.6913116" lon="25.2296442">
        <ele>109</ele>
      </trkpt>
      <trkpt lat="54.69132" lon="25.2296344">
        <ele>109</ele>
      </trkpt>
      <trkpt lat="54.6913284" lon="25.2296246">
        <ele>109</ele>
      </trkpt>
      <trkpt lat="54.6913365" lon="25.2296127">
        <ele>109</ele>
      </trkpt>
      <trkpt lat="54.6913447" lon="25.2296009">
        <ele>110</ele>
      </trkpt>
      <trkpt lat="54.691353" lon="25.2295886">
        <ele>110</ele>
      </trkpt>
      <trkpt lat="54.6913613" lon="25.2295764">
        <ele>110</ele>
      </trkpt>
      <trkpt lat="54.6913684" lon="25.2295684">
        <ele>110</ele>
      </trkpt>
      <trkpt lat="54.6913756" lon="25.2295604">
        <ele>110</ele>
      </trkpt>
      <trkpt lat="54.6913824" lon="25.229556">
        <ele>111</ele>
      </trkpt>
      <trkpt lat="54.6913893" lon="25.2295517">
        <ele>111</ele>
      </trkpt>
      <trkpt lat="54.6913937" lon="25.2295476">
        <ele>111</ele>
      </trkpt>
      <trkpt lat="54.6913982" lon="25.2295435">
        <ele>112</ele>
      </trkpt>
      <trkpt lat="54.6914027" lon="25.2295394">
        <ele>112</ele>
      </trkpt>
      <trkpt lat="54.6914058" lon="25.2295307">
        <ele>113</ele>
      </trkpt>
      <trkpt lat="54.6914089" lon="25.229522">
        <ele>113</ele>
      </trkpt>
      <trkpt lat="54.6914153" lon="25.2295153">
        <ele>113</ele>
      </trkpt>
      <trkpt lat="54.6914218" lon="25.2295086">
        <ele>113</ele>
      </trkpt>
      <trkpt lat="54.6914361" lon="25.2295028">
        <ele>113</ele>
      </trkpt>
      <trkpt lat="54.6914504" lon="25.2294971">
        <ele>114</ele>
      </trkpt>
      <trkpt lat="54.69146" lon="25.2294947">
        <ele>114</ele>
      </trkpt>
      <trkpt lat="54.6914697" lon="25.2294924">
        <ele>114</ele>
      </trkpt>
      <trkpt lat="54.6915002" lon="25.2294855">
        <ele>117</ele>
      </trkpt>
      <trkpt lat="54.6915111" lon="25.2294822">
        <ele>117</ele>
      </trkpt>
      <trkpt lat="54.691522" lon="25.229479">
        <ele>118</ele>
      </trkpt>
      <trkpt lat="54.6915329" lon="25.2294746">
        <ele>118</ele>
      </trkpt>
      <trkpt lat="54.6915439" lon="25.2294702">
        <ele>118</ele>
      </trkpt>
      <trkpt lat="54.6915549" lon="25.2294613">
        <ele>118</ele>
      </trkpt>
      <trkpt lat="54.6915659" lon="25.2294525">
        <ele>118</ele>
      </trkpt>
      <trkpt lat="54.6915789" lon="25.229444">
        <ele>119</ele>
      </trkpt>
      <trkpt lat="54.69158142554344" lon="25.229442348683605">
        <ele>119</ele>
      </trkpt>
      <trkpt lat="54.69158142554344" lon="25.229442348683605">
        <ele>135.53795537841583</ele>
      </trkpt>
      <trkpt lat="54.691629323572016" lon="25.22943862760104">
        <ele>136.4428184294129</ele>
      </trkpt>
      <trkpt lat="54.69169882048217" lon="25.229409397552445">
        <ele>137.81629886254746</ele>
      </trkpt>
      <trkpt lat="54.69169882048217" lon="25.229409397552445">
        <ele>137.81629886254746</ele>
      </trkpt>
      <trkpt lat="54.69169882048217" lon="25.229409397552445">
        <ele>137.81629886254746</ele>
      </trkpt>
      <trkpt lat="54.691728440231685" lon="25.229377819779927">
        <ele>138.4869558933667</ele>
      </trkpt>
      <trkpt lat="54.69166405257909" lon="25.229364514601205">
        <ele>137.3158990518279</ele>
      </trkpt>
      <trkpt lat="54.69166405257909" lon="25.229364514601205">
        <ele>137.38365285000054</ele>
      </trkpt>
      <trkpt lat="54.691622403047326" lon="25.22937102811086">
        <ele>136.58444306456153</ele>
      </trkpt>
      <trkpt lat="54.691622403047326" lon="25.22937102811086">
        <ele>124.09930861005576</ele>
      </trkpt>
      <trkpt lat="54.6916208" lon="25.2293727">
        <ele>124</ele>
      </trkpt>
      <trkpt lat="54.6916038" lon="25.2293854">
        <ele>124</ele>
      </trkpt>
      <trkpt lat="54.6915868" lon="25.2293981">
        <ele>124</ele>
      </trkpt>
      <trkpt lat="54.6915782" lon="25.2294011">
        <ele>124</ele>
      </trkpt>
      <trkpt lat="54.6915696" lon="25.2294041">
        <ele>124</ele>
      </trkpt>
      <trkpt lat="54.6915611" lon="25.2294072">
        <ele>123</ele>
      </trkpt>
      <trkpt lat="54.6915524" lon="25.2294048">
        <ele>123</ele>
      </trkpt>
      <trkpt lat="54.6915437" lon="25.2294024">
        <ele>123</ele>
      </trkpt>
      <trkpt lat="54.6915333" lon="25.229395">
        <ele>123</ele>
      </trkpt>
      <trkpt lat="54.691523" lon="25.2293877">
        <ele>123</ele>
      </trkpt>
      <trkpt lat="54.6915131" lon="25.2293748">
        <ele>123</ele>
      </trkpt>
      <trkpt lat="54.6915033" lon="25.229362">
        <ele>123</ele>
      </trkpt>
      <trkpt lat="54.6914969" lon="25.2293462">
        <ele>123</ele>
      </trkpt>
      <trkpt lat="54.6914906" lon="25.2293305">
        <ele>123</ele>
      </trkpt>
      <trkpt lat="54.6914852" lon="25.2293145">
        <ele>124</ele>
      </trkpt>
      <trkpt lat="54.6914799" lon="25.2292986">
        <ele>124</ele>
      </trkpt>
      <trkpt lat="54.6914689" lon="25.2292872">
        <ele>124</ele>
      </trkpt>
      <trkpt lat="54.691458" lon="25.2292759">
        <ele>124</ele>
      </trkpt>
      <trkpt lat="54.6914411" lon="25.2292686">
        <ele>124</ele>
      </trkpt>
      <trkpt lat="54.6914243" lon="25.2292613">
        <ele>125</ele>
      </trkpt>
      <trkpt lat="54.6914028" lon="25.2292529">
        <ele>125</ele>
      </trkpt>
      <trkpt lat="54.6913813" lon="25.2292446">
        <ele>125</ele>
      </trkpt>
      <trkpt lat="54.6913572" lon="25.2292344">
        <ele>125</ele>
      </trkpt>
      <trkpt lat="54.6913331" lon="25.2292243">
        <ele>125</ele>
      </trkpt>
      <trkpt lat="54.6913102" lon="25.2292135">
        <ele>126</ele>
      </trkpt>
      <trkpt lat="54.6912874" lon="25.2292028">
        <ele>125</ele>
      </trkpt>
      <trkpt lat="54.6912645" lon="25.2291993">
        <ele>125</ele>
      </trkpt>
      <trkpt lat="54.6912417" lon="25.2291959">
        <ele>125</ele>
      </trkpt>
      <trkpt lat="54.691219" lon="25.2292029">
        <ele>125</ele>
      </trkpt>
      <trkpt lat="54.6911963" lon="25.2292099">
        <ele>125</ele>
      </trkpt>
      <trkpt lat="54.6911752" lon="25.2292195">
        <ele>125</ele>
      </trkpt>
      <trkpt lat="54.6911542" lon="25.2292291">
        <ele>125</ele>
      </trkpt>
      <trkpt lat="54.6911344" lon="25.2292318">
        <ele>125</ele>
      </trkpt>
      <trkpt lat="54.6911147" lon="25.2292346">
        <ele>125</ele>
      </trkpt>
      <trkpt lat="54.6910978" lon="25.22923">
        <ele>125</ele>
      </trkpt>
      <trkpt lat="54.6910809" lon="25.2292254">
        <ele>125</ele>
      </trkpt>
      <trkpt lat="54.6910634" lon="25.2292193">
        <ele>125</ele>
      </trkpt>
      <trkpt lat="54.6910459" lon="25.2292133">
        <ele>125</ele>
      </trkpt>
      <trkpt lat="54.6910284" lon="25.2292073">
        <ele>125</ele>
      </trkpt>
      <trkpt lat="54.6910093" lon="25.229206">
        <ele>125</ele>
      </trkpt>
      <trkpt lat="54.6909903" lon="25.2292048">
        <ele>125</ele>
      </trkpt>
      <trkpt lat="54.6909713" lon="25.2292055">
        <ele>125</ele>
      </trkpt>
      <trkpt lat="54.6909524" lon="25.2292063">
        <ele>125</ele>
      </trkpt>
      <trkpt lat="54.6909316" lon="25.229204">
        <ele>125</ele>
      </trkpt>
      <trkpt lat="54.6909108" lon="25.2292017">
        <ele>125</ele>
      </trkpt>
      <trkpt lat="54.6908882" lon="25.229193">
        <ele>124</ele>
      </trkpt>
      <trkpt lat="54.6908656" lon="25.2291843">
        <ele>124</ele>
      </trkpt>
      <trkpt lat="54.6908434" lon="25.2291757">
        <ele>124</ele>
      </trkpt>
      <trkpt lat="54.6908213" lon="25.2291671">
        <ele>124</ele>
      </trkpt>
      <trkpt lat="54.6908013" lon="25.2291613">
        <ele>124</ele>
      </trkpt>
      <trkpt lat="54.6907813" lon="25.2291555">
        <ele>124</ele>
      </trkpt>
      <trkpt lat="54.6907643" lon="25.2291498">
        <ele>124</ele>
      </trkpt>
      <trkpt lat="54.6907474" lon="25.2291442">
        <ele>124</ele>
      </trkpt>
      <trkpt lat="54.6907338" lon="25.2291383">
        <ele>124</ele>
      </trkpt>
      <trkpt lat="54.6907203" lon="25.2291324">
        <ele>124</ele>
      </trkpt>
      <trkpt lat="54.6907076" lon="25.2291241">
        <ele>124</ele>
      </trkpt>
      <trkpt lat="54.6906949" lon="25.2291158">
        <ele>124</ele>
      </trkpt>
      <trkpt lat="54.6906821" lon="25.2291143">
        <ele>125</ele>
      </trkpt>
      <trkpt lat="54.6906694" lon="25.2291129">
        <ele>125</ele>
      </trkpt>
      <trkpt lat="54.6906537" lon="25.229119">
        <ele>126</ele>
      </trkpt>
      <trkpt lat="54.6906381" lon="25.2291252">
        <ele>125</ele>
      </trkpt>
      <trkpt lat="54.6906214" lon="25.2291334">
        <ele>125</ele>
      </trkpt>
      <trkpt lat="54.6906048" lon="25.2291416">
        <ele>125</ele>
      </trkpt>
      <trkpt lat="54.6905868" lon="25.2291486">
        <ele>125</ele>
      </trkpt>
      <trkpt lat="54.6905689" lon="25.2291556">
        <ele>125</ele>
      </trkpt>
      <trkpt lat="54.6905495" lon="25.2291602">
        <ele>125</ele>
      </trkpt>
      <trkpt lat="54.6905301" lon="25.2291649">
        <ele>125</ele>
      </trkpt>
      <trkpt lat="54.6905109" lon="25.2291732">
        <ele>125</ele>
      </trkpt>
      <trkpt lat="54.6904917" lon="25.2291816">
        <ele>125</ele>
      </trkpt>
      <trkpt lat="54.690474" lon="25.2291945">
        <ele>125</ele>
      </trkpt>
      <trkpt lat="54.6904563" lon="25.2292075">
        <ele>125</ele>
      </trkpt>
      <trkpt lat="54.6904381" lon="25.2292213">
        <ele>125</ele>
      </trkpt>
      <trkpt lat="54.69042" lon="25.2292351">
        <ele>125</ele>
      </trkpt>
      <trkpt lat="54.6904021" lon="25.2292394">
        <ele>125</ele>
      </trkpt>
      <trkpt lat="54.6903842" lon="25.2292438">
        <ele>125</ele>
      </trkpt>
      <trkpt lat="54.6903681" lon="25.2292333">
        <ele>124</ele>
      </trkpt>
      <trkpt lat="54.690352" lon="25.2292228">
        <ele>124</ele>
      </trkpt>
      <trkpt lat="54.6903383" lon="25.2291984">
        <ele>124</ele>
      </trkpt>
      <trkpt lat="54.6903247" lon="25.2291741">
        <ele>124</ele>
      </trkpt>
      <trkpt lat="54.6903122" lon="25.2291437">
        <ele>124</ele>
      </trkpt>
      <trkpt lat="54.6902997" lon="25.2291133">
        <ele>124</ele>
      </trkpt>
      <trkpt lat="54.690287" lon="25.2290818">
        <ele>124</ele>
      </trkpt>
      <trkpt lat="54.6902743" lon="25.2290503">
        <ele>124</ele>
      </trkpt>
      <trkpt lat="54.6902591" lon="25.2290267">
        <ele>124</ele>
      </trkpt>
      <trkpt lat="54.6902439" lon="25.2290032">
        <ele>124</ele>
      </trkpt>
      <trkpt lat="54.6902275" lon="25.2289822">
        <ele>123</ele>
      </trkpt>
      <trkpt lat="54.6902112" lon="25.2289613">
        <ele>123</ele>
      </trkpt>
      <trkpt lat="54.6901972" lon="25.2289349">
        <ele>123</ele>
      </trkpt>
      <trkpt lat="54.6901833" lon="25.2289085">
        <ele>123</ele>
      </trkpt>
      <trkpt lat="54.6901701" lon="25.2288812">
        <ele>123</ele>
      </trkpt>
      <trkpt lat="54.690157" lon="25.228854">
        <ele>123</ele>
      </trkpt>
      <trkpt lat="54.6901429" lon="25.2288304">
        <ele>123</ele>
      </trkpt>
      <trkpt lat="54.6901289" lon="25.2288069">
        <ele>123</ele>
      </trkpt>
      <trkpt lat="54.6901144" lon="25.2287871">
        <ele>123</ele>
      </trkpt>
      <trkpt lat="54.6900999" lon="25.2287674">
        <ele>123</ele>
      </trkpt>
      <trkpt lat="54.6900847" lon="25.228752">
        <ele>123</ele>
      </trkpt>
      <trkpt lat="54.6900696" lon="25.2287367">
        <ele>123</ele>
      </trkpt>
      <trkpt lat="54.6900528" lon="25.2287211">
        <ele>123</ele>
      </trkpt>
      <trkpt lat="54.6900361" lon="25.2287056">
        <ele>123</ele>
      </trkpt>
      <trkpt lat="54.6900182" lon="25.2286878">
        <ele>123</ele>
      </trkpt>
      <trkpt lat="54.6900004" lon="25.2286701">
        <ele>123</ele>
      </trkpt>
      <trkpt lat="54.6899845" lon="25.2286515">
        <ele>123</ele>
      </trkpt>
      <trkpt lat="54.6899687" lon="25.2286329">
        <ele>123</ele>
      </trkpt>
      <trkpt lat="54.6899523" lon="25.2286146">
        <ele>123</ele>
      </trkpt>
      <trkpt lat="54.6899359" lon="25.2285963">
        <ele>123</ele>
      </trkpt>
      <trkpt lat="54.6899182" lon="25.2285744">
        <ele>123</ele>
      </trkpt>
      <trkpt lat="54.6899005" lon="25.2285526">
        <ele>123</ele>
      </trkpt>
      <trkpt lat="54.6898837" lon="25.2285271">
        <ele>123</ele>
      </trkpt>
      <trkpt lat="54.689867" lon="25.2285017">
        <ele>123</ele>
      </trkpt>
      <trkpt lat="54.6898542" lon="25.2284733">
        <ele>123</ele>
      </trkpt>
      <trkpt lat="54.6898415" lon="25.2284449">
        <ele>123</ele>
      </trkpt>
      <trkpt lat="54.6898371" lon="25.2284145">
        <ele>123</ele>
      </trkpt>
      <trkpt lat="54.6898328" lon="25.2283842">
        <ele>123</ele>
      </trkpt>
      <trkpt lat="54.6898376" lon="25.2283562">
        <ele>123</ele>
      </trkpt>
      <trkpt lat="54.6898424" lon="25.2283283">
        <ele>123</ele>
      </trkpt>
      <trkpt lat="54.6898527" lon="25.2283059">
        <ele>123</ele>
      </trkpt>
      <trkpt lat="54.6898631" lon="25.2282836">
        <ele>123</ele>
      </trkpt>
      <trkpt lat="54.6898753" lon="25.2282647">
        <ele>123</ele>
      </trkpt>
      <trkpt lat="54.6898875" lon="25.2282458">
        <ele>123</ele>
      </trkpt>
      <trkpt lat="54.6898994" lon="25.2282244">
        <ele>123</ele>
      </trkpt>
      <trkpt lat="54.6899114" lon="25.2282031">
        <ele>122</ele>
      </trkpt>
      <trkpt lat="54.689922" lon="25.2281732">
        <ele>122</ele>
      </trkpt>
      <trkpt lat="54.6899327" lon="25.2281433">
        <ele>121</ele>
      </trkpt>
      <trkpt lat="54.6899421" lon="25.2281004">
        <ele>121</ele>
      </trkpt>
      <trkpt lat="54.6899515" lon="25.2280576">
        <ele>121</ele>
      </trkpt>
      <trkpt lat="54.6899604" lon="25.2280116">
        <ele>120</ele>
      </trkpt>
      <trkpt lat="54.6899694" lon="25.2279657">
        <ele>120</ele>
      </trkpt>
      <trkpt lat="54.6899818" lon="25.2279315">
        <ele>120</ele>
      </trkpt>
      <trkpt lat="54.6899942" lon="25.2278974">
        <ele>120</ele>
      </trkpt>
      <trkpt lat="54.6900084" lon="25.2278726">
        <ele>120</ele>
      </trkpt>
      <trkpt lat="54.6900227" lon="25.2278479">
        <ele>120</ele>
      </trkpt>
      <trkpt lat="54.6900381" lon="25.2278323">
        <ele>120</ele>
      </trkpt>
      <trkpt lat="54.6900535" lon="25.2278167">
        <ele>120</ele>
      </trkpt>
      <trkpt lat="54.690069" lon="25.2278011">
        <ele>120</ele>
      </trkpt>
      <trkpt lat="54.6900851" lon="25.2277925">
        <ele>120</ele>
      </trkpt>
      <trkpt lat="54.6901013" lon="25.227784">
        <ele>120</ele>
      </trkpt>
      <trkpt lat="54.6901183" lon="25.2277788">
        <ele>120</ele>
      </trkpt>
      <trkpt lat="54.6901354" lon="25.2277737">
        <ele>120</ele>
      </trkpt>
      <trkpt lat="54.6901524" lon="25.2277627">
        <ele>120</ele>
      </trkpt>
      <trkpt lat="54.6901694" lon="25.2277517">
        <ele>121</ele>
      </trkpt>
      <trkpt lat="54.6901864" lon="25.2277408">
        <ele>121</ele>
      </trkpt>
      <trkpt lat="54.6902075" lon="25.227726">
        <ele>121</ele>
      </trkpt>
      <trkpt lat="54.6902286" lon="25.2277113">
        <ele>121</ele>
      </trkpt>
      <trkpt lat="54.6902492" lon="25.2277071">
        <ele>121</ele>
      </trkpt>
      <trkpt lat="54.6902698" lon="25.227703">
        <ele>122</ele>
      </trkpt>
      <trkpt lat="54.6902904" lon="25.2276989">
        <ele>122</ele>
      </trkpt>
      <trkpt lat="54.6903073" lon="25.2277034">
        <ele>122</ele>
      </trkpt>
      <trkpt lat="54.6903242" lon="25.227708">
        <ele>122</ele>
      </trkpt>
      <trkpt lat="54.6903644" lon="25.227712">
        <ele>122</ele>
      </trkpt>
      <trkpt lat="54.6903706" lon="25.2277003">
        <ele>122</ele>
      </trkpt>
      <trkpt lat="54.6903768" lon="25.2276887">
        <ele>122</ele>
      </trkpt>
      <trkpt lat="54.6903878" lon="25.227671">
        <ele>122</ele>
      </trkpt>
      <trkpt lat="54.6903988" lon="25.2276534">
        <ele>122</ele>
      </trkpt>
      <trkpt lat="54.6904153" lon="25.2276312">
        <ele>122</ele>
      </trkpt>
      <trkpt lat="54.6904318" lon="25.227609">
        <ele>122</ele>
      </trkpt>
      <trkpt lat="54.6904483" lon="25.2275869">
        <ele>122</ele>
      </trkpt>
      <trkpt lat="54.6904613" lon="25.227564">
        <ele>122</ele>
      </trkpt>
      <trkpt lat="54.6904744" lon="25.2275412">
        <ele>122</ele>
      </trkpt>
      <trkpt lat="54.6904875" lon="25.2275184">
        <ele>122</ele>
      </trkpt>
      <trkpt lat="54.6904959" lon="25.2274969">
        <ele>122</ele>
      </trkpt>
      <trkpt lat="54.6905043" lon="25.2274755">
        <ele>122</ele>
      </trkpt>
      <trkpt lat="54.6905089" lon="25.2274551">
        <ele>122</ele>
      </trkpt>
      <trkpt lat="54.6905135" lon="25.2274347">
        <ele>122</ele>
      </trkpt>
      <trkpt lat="54.6905148" lon="25.2274143">
        <ele>122</ele>
      </trkpt>
      <trkpt lat="54.6905161" lon="25.2273939">
        <ele>122</ele>
      </trkpt>
      <trkpt lat="54.6905202" lon="25.2273696">
        <ele>122</ele>
      </trkpt>
      <trkpt lat="54.6905243" lon="25.2273453">
        <ele>122</ele>
      </trkpt>
      <trkpt lat="54.690536" lon="25.2273192">
        <ele>122</ele>
      </trkpt>
      <trkpt lat="54.6905478" lon="25.2272932">
        <ele>123</ele>
      </trkpt>
      <trkpt lat="54.6905642" lon="25.2272684">
        <ele>123</ele>
      </trkpt>
      <trkpt lat="54.6905807" lon="25.2272436">
        <ele>123</ele>
      </trkpt>
      <trkpt lat="54.6905956" lon="25.2272234">
        <ele>123</ele>
      </trkpt>
      <trkpt lat="54.6906105" lon="25.2272033">
        <ele>123</ele>
      </trkpt>
      <trkpt lat="54.6906254" lon="25.2271832">
        <ele>124</ele>
      </trkpt>
      <trkpt lat="54.6906381" lon="25.2271642">
        <ele>124</ele>
      </trkpt>
      <trkpt lat="54.6906508" lon="25.2271453">
        <ele>124</ele>
      </trkpt>
      <trkpt lat="54.6906627" lon="25.2271246">
        <ele>124</ele>
      </trkpt>
      <trkpt lat="54.6906746" lon="25.2271039">
        <ele>124</ele>
      </trkpt>
      <trkpt lat="54.6906853" lon="25.2270836">
        <ele>125</ele>
      </trkpt>
      <trkpt lat="54.690696" lon="25.2270634">
        <ele>125</ele>
      </trkpt>
      <trkpt lat="54.6907084" lon="25.2270472">
        <ele>125</ele>
      </trkpt>
      <trkpt lat="54.6907209" lon="25.227031">
        <ele>125</ele>
      </trkpt>
      <trkpt lat="54.690735" lon="25.2270115">
        <ele>125</ele>
      </trkpt>
      <trkpt lat="54.6907492" lon="25.226992">
        <ele>125</ele>
      </trkpt>
      <trkpt lat="54.6907634" lon="25.2269726">
        <ele>125</ele>
      </trkpt>
      <trkpt lat="54.6907763" lon="25.2269513">
        <ele>125</ele>
      </trkpt>
      <trkpt lat="54.6907893" lon="25.2269301">
        <ele>125</ele>
      </trkpt>
      <trkpt lat="54.690802" lon="25.2269118">
        <ele>125</ele>
      </trkpt>
      <trkpt lat="54.6908148" lon="25.2268936">
        <ele>126</ele>
      </trkpt>
      <trkpt lat="54.6908257" lon="25.226876">
        <ele>126</ele>
      </trkpt>
      <trkpt lat="54.6908367" lon="25.2268584">
        <ele>126</ele>
      </trkpt>
      <trkpt lat="54.6908477" lon="25.2268409">
        <ele>126</ele>
      </trkpt>
      <trkpt lat="54.6908572" lon="25.226822">
        <ele>126</ele>
      </trkpt>
      <trkpt lat="54.6908667" lon="25.2268032">
        <ele>127</ele>
      </trkpt>
      <trkpt lat="54.6908747" lon="25.226785">
        <ele>127</ele>
      </trkpt>
      <trkpt lat="54.6908827" lon="25.2267668">
        <ele>127</ele>
      </trkpt>
      <trkpt lat="54.6908929" lon="25.2267468">
        <ele>127</ele>
      </trkpt>
      <trkpt lat="54.6909032" lon="25.2267268">
        <ele>127</ele>
      </trkpt>
      <trkpt lat="54.6909187" lon="25.2267028">
        <ele>128</ele>
      </trkpt>
      <trkpt lat="54.6909343" lon="25.2266789">
        <ele>128</ele>
      </trkpt>
      <trkpt lat="54.6909501" lon="25.226655">
        <ele>128</ele>
      </trkpt>
      <trkpt lat="54.6909659" lon="25.2266311">
        <ele>128</ele>
      </trkpt>
      <trkpt lat="54.6909817" lon="25.2266072">
        <ele>128</ele>
      </trkpt>
      <trkpt lat="54.6909957" lon="25.2265839">
        <ele>128</ele>
      </trkpt>
      <trkpt lat="54.6910097" lon="25.2265607">
        <ele>128</ele>
      </trkpt>
      <trkpt lat="54.6910201" lon="25.2265431">
        <ele>128</ele>
      </trkpt>
      <trkpt lat="54.6910306" lon="25.2265255">
        <ele>128</ele>
      </trkpt>
      <trkpt lat="54.6910411" lon="25.226508">
        <ele>128</ele>
      </trkpt>
      <trkpt lat="54.6910516" lon="25.2264982">
        <ele>129</ele>
      </trkpt>
      <trkpt lat="54.6910621" lon="25.2264885">
        <ele>129</ele>
      </trkpt>
      <trkpt lat="54.6910726" lon="25.2264788">
        <ele>129</ele>
      </trkpt>
      <trkpt lat="54.6910852" lon="25.226473">
        <ele>129</ele>
      </trkpt>
      <trkpt lat="54.6910978" lon="25.2264673">
        <ele>129</ele>
      </trkpt>
      <trkpt lat="54.6911105" lon="25.2264616">
        <ele>130</ele>
      </trkpt>
      <trkpt lat="54.691117" lon="25.2264583">
        <ele>130</ele>
      </trkpt>
      <trkpt lat="54.6911236" lon="25.226455">
        <ele>130</ele>
      </trkpt>
      <trkpt lat="54.6911378" lon="25.2264486">
        <ele>130</ele>
      </trkpt>
      <trkpt lat="54.691152" lon="25.2264423">
        <ele>130</ele>
      </trkpt>
      <trkpt lat="54.6911717" lon="25.2264341">
        <ele>131</ele>
      </trkpt>
      <trkpt lat="54.6911914" lon="25.226426">
        <ele>131</ele>
      </trkpt>
      <trkpt lat="54.6912128" lon="25.2264169">
        <ele>131</ele>
      </trkpt>
      <trkpt lat="54.6912343" lon="25.2264079">
        <ele>131</ele>
      </trkpt>
      <trkpt lat="54.6912545" lon="25.2263997">
        <ele>131</ele>
      </trkpt>
      <trkpt lat="54.6912748" lon="25.2263915">
        <ele>132</ele>
      </trkpt>
      <trkpt lat="54.6912895" lon="25.2263838">
        <ele>132</ele>
      </trkpt>
      <trkpt lat="54.6913042" lon="25.2263761">
        <ele>132</ele>
      </trkpt>
      <trkpt lat="54.691319" lon="25.2263685">
        <ele>132</ele>
      </trkpt>
      <trkpt lat="54.6913317" lon="25.2263589">
        <ele>132</ele>
      </trkpt>
      <trkpt lat="54.6913444" lon="25.2263494">
        <ele>133</ele>
      </trkpt>
      <trkpt lat="54.6913549" lon="25.2263387">
        <ele>133</ele>
      </trkpt>
      <trkpt lat="54.6913655" lon="25.2263281">
        <ele>133</ele>
      </trkpt>
      <trkpt lat="54.6913757" lon="25.2263161">
        <ele>134</ele>
      </trkpt>
      <trkpt lat="54.691386" lon="25.2263042">
        <ele>134</ele>
      </trkpt>
      <trkpt lat="54.6913974" lon="25.2262928">
        <ele>135</ele>
      </trkpt>
      <trkpt lat="54.6914088" lon="25.2262814">
        <ele>135</ele>
      </trkpt>
      <trkpt lat="54.6914208" lon="25.2262745">
        <ele>135</ele>
      </trkpt>
      <trkpt lat="54.6914329" lon="25.2262676">
        <ele>135</ele>
      </trkpt>
      <trkpt lat="54.691445" lon="25.2262607">
        <ele>135</ele>
      </trkpt>
      <trkpt lat="54.6914582" lon="25.2262587">
        <ele>136</ele>
      </trkpt>
      <trkpt lat="54.6914714" lon="25.2262567">
        <ele>136</ele>
      </trkpt>
      <trkpt lat="54.6914847" lon="25.2262547">
        <ele>136</ele>
      </trkpt>
      <trkpt lat="54.6915007" lon="25.226255">
        <ele>137</ele>
      </trkpt>
      <trkpt lat="54.6915167" lon="25.2262553">
        <ele>137</ele>
      </trkpt>
      <trkpt lat="54.6915345" lon="25.2262559">
        <ele>138</ele>
      </trkpt>
      <trkpt lat="54.6915523" lon="25.2262565">
        <ele>138</ele>
      </trkpt>
      <trkpt lat="54.6915684" lon="25.2262552">
        <ele>138</ele>
      </trkpt>
      <trkpt lat="54.6915846" lon="25.226254">
        <ele>138</ele>
      </trkpt>
      <trkpt lat="54.6916008" lon="25.2262528">
        <ele>138</ele>
      </trkpt>
      <trkpt lat="54.6916165" lon="25.2262524">
        <ele>139</ele>
      </trkpt>
      <trkpt lat="54.6916323" lon="25.2262521">
        <ele>139</ele>
      </trkpt>
      <trkpt lat="54.6916428" lon="25.2262598">
        <ele>139</ele>
      </trkpt>
      <trkpt lat="54.6916533" lon="25.2262675">
        <ele>140</ele>
      </trkpt>
      <trkpt lat="54.6916639" lon="25.2262752">
        <ele>140</ele>
      </trkpt>
      <trkpt lat="54.6916713" lon="25.2262893">
        <ele>141</ele>
      </trkpt>
      <trkpt lat="54.6916787" lon="25.2263034">
        <ele>141</ele>
      </trkpt>
      <trkpt lat="54.6916862" lon="25.2263176">
        <ele>141</ele>
      </trkpt>
      <trkpt lat="54.6916969" lon="25.2263358">
        <ele>141</ele>
      </trkpt>
      <trkpt lat="54.6917077" lon="25.226354">
        <ele>141</ele>
      </trkpt>
      <trkpt lat="54.6917192" lon="25.2263768">
        <ele>142</ele>
      </trkpt>
      <trkpt lat="54.6917307" lon="25.2263997">
        <ele>142</ele>
      </trkpt>
      <trkpt lat="54.6917386" lon="25.2264224">
        <ele>142</ele>
      </trkpt>
      <trkpt lat="54.6917465" lon="25.2264451">
        <ele>142</ele>
      </trkpt>
      <trkpt lat="54.6917563" lon="25.2264666">
        <ele>142</ele>
      </trkpt>
      <trkpt lat="54.6917661" lon="25.2264882">
        <ele>143</ele>
      </trkpt>
      <trkpt lat="54.6917764" lon="25.2265101">
        <ele>143</ele>
      </trkpt>
      <trkpt lat="54.6917867" lon="25.2265321">
        <ele>143</ele>
      </trkpt>
      <trkpt lat="54.6917976" lon="25.2265581">
        <ele>143</ele>
      </trkpt>
      <trkpt lat="54.6918086" lon="25.2265842">
        <ele>143</ele>
      </trkpt>
      <trkpt lat="54.6918223" lon="25.2266145">
        <ele>144</ele>
      </trkpt>
      <trkpt lat="54.6918361" lon="25.2266449">
        <ele>144</ele>
      </trkpt>
      <trkpt lat="54.6918522" lon="25.2266716">
        <ele>144</ele>
      </trkpt>
      <trkpt lat="54.6918683" lon="25.2266983">
        <ele>144</ele>
      </trkpt>
      <trkpt lat="54.6918844" lon="25.2267121">
        <ele>144</ele>
      </trkpt>
      <trkpt lat="54.6919005" lon="25.226726">
        <ele>144</ele>
      </trkpt>
      <trkpt lat="54.691912" lon="25.2267267">
        <ele>144</ele>
      </trkpt>
      <trkpt lat="54.6919235" lon="25.2267274">
        <ele>144</ele>
      </trkpt>
      <trkpt lat="54.6919351" lon="25.2267282">
        <ele>144</ele>
      </trkpt>
      <trkpt lat="54.6919468" lon="25.226725">
        <ele>144</ele>
      </trkpt>
      <trkpt lat="54.6919586" lon="25.2267219">
        <ele>144</ele>
      </trkpt>
      <trkpt lat="54.6919709" lon="25.2267153">
        <ele>144</ele>
      </trkpt>
      <trkpt lat="54.6919832" lon="25.2267087">
        <ele>144</ele>
      </trkpt>
      <trkpt lat="54.6919923" lon="25.2266966">
        <ele>144</ele>
      </trkpt>
      <trkpt lat="54.6920015" lon="25.2266845">
        <ele>144</ele>
      </trkpt>
      <trkpt lat="54.6920091" lon="25.2266674">
        <ele>145</ele>
      </trkpt>
      <trkpt lat="54.6920167" lon="25.2266504">
        <ele>145</ele>
      </trkpt>
      <trkpt lat="54.6920214" lon="25.2266318">
        <ele>145</ele>
      </trkpt>
      <trkpt lat="54.6920261" lon="25.2266132">
        <ele>146</ele>
      </trkpt>
      <trkpt lat="54.6920287" lon="25.2266014">
        <ele>146</ele>
      </trkpt>
      <trkpt lat="54.6920314" lon="25.2265896">
        <ele>147</ele>
      </trkpt>
      <trkpt lat="54.6920341" lon="25.2265779">
        <ele>147</ele>
      </trkpt>
      <trkpt lat="54.692037" lon="25.2265631">
        <ele>147</ele>
      </trkpt>
      <trkpt lat="54.6920399" lon="25.2265483">
        <ele>147</ele>
      </trkpt>
      <trkpt lat="54.6920431" lon="25.2265312">
        <ele>147</ele>
      </trkpt>
      <trkpt lat="54.6920464" lon="25.2265142">
        <ele>148</ele>
      </trkpt>
      <trkpt lat="54.6920516" lon="25.2264954">
        <ele>148</ele>
      </trkpt>
      <trkpt lat="54.6920569" lon="25.2264766">
        <ele>148</ele>
      </trkpt>
      <trkpt lat="54.69206" lon="25.226456">
        <ele>148</ele>
      </trkpt>
      <trkpt lat="54.6920632" lon="25.2264355">
        <ele>148</ele>
      </trkpt>
      <trkpt lat="54.6920639" lon="25.2264139">
        <ele>149</ele>
      </trkpt>
      <trkpt lat="54.6920647" lon="25.2263924">
        <ele>149</ele>
      </trkpt>
      <trkpt lat="54.6920618" lon="25.226379">
        <ele>149</ele>
      </trkpt>
      <trkpt lat="54.692059" lon="25.2263656">
        <ele>149</ele>
      </trkpt>
      <trkpt lat="54.6920562" lon="25.2263523">
        <ele>149</ele>
      </trkpt>
      <trkpt lat="54.6920475" lon="25.2263381">
        <ele>149</ele>
      </trkpt>
      <trkpt lat="54.6920389" lon="25.226324">
        <ele>148</ele>
      </trkpt>
      <trkpt lat="54.6920265" lon="25.226311">
        <ele>148</ele>
      </trkpt>
      <trkpt lat="54.6920141" lon="25.226298">
        <ele>148</ele>
      </trkpt>
      <trkpt lat="54.6920018" lon="25.226285">
        <ele>148</ele>
      </trkpt>
      <trkpt lat="54.6919893" lon="25.2262706">
        <ele>148</ele>
      </trkpt>
      <trkpt lat="54.6919768" lon="25.2262562">
        <ele>147</ele>
      </trkpt>
      <trkpt lat="54.6919659" lon="25.2262412">
        <ele>147</ele>
      </trkpt>
      <trkpt lat="54.691955" lon="25.2262262">
        <ele>147</ele>
      </trkpt>
      <trkpt lat="54.6919421" lon="25.2262133">
        <ele>147</ele>
      </trkpt>
      <trkpt lat="54.6919292" lon="25.2262004">
        <ele>147</ele>
      </trkpt>
      <trkpt lat="54.6919137" lon="25.2261941">
        <ele>146</ele>
      </trkpt>
      <trkpt lat="54.6918983" lon="25.2261878">
        <ele>146</ele>
      </trkpt>
      <trkpt lat="54.6918791" lon="25.2261892">
        <ele>145</ele>
      </trkpt>
      <trkpt lat="54.69186" lon="25.2261906">
        <ele>145</ele>
      </trkpt>
      <trkpt lat="54.6918409" lon="25.2261921">
        <ele>145</ele>
      </trkpt>
      <trkpt lat="54.6918197" lon="25.2261924">
        <ele>144</ele>
      </trkpt>
      <trkpt lat="54.6917985" lon="25.2261928">
        <ele>144</ele>
      </trkpt>
      <trkpt lat="54.6917792" lon="25.2261897">
        <ele>144</ele>
      </trkpt>
      <trkpt lat="54.6917599" lon="25.2261866">
        <ele>144</ele>
      </trkpt>
      <trkpt lat="54.6917406" lon="25.2261836">
        <ele>144</ele>
      </trkpt>
      <trkpt lat="54.6917273" lon="25.2261816">
        <ele>143</ele>
      </trkpt>
      <trkpt lat="54.691714" lon="25.2261797">
        <ele>143</ele>
      </trkpt>
      <trkpt lat="54.6917007" lon="25.2261778">
        <ele>143</ele>
      </trkpt>
      <trkpt lat="54.6916845" lon="25.2261674">
        <ele>143</ele>
      </trkpt>
      <trkpt lat="54.6916683" lon="25.2261571">
        <ele>143</ele>
      </trkpt>
      <trkpt lat="54.6916516" lon="25.2261373">
        <ele>142</ele>
      </trkpt>
      <trkpt lat="54.691635" lon="25.2261175">
        <ele>142</ele>
      </trkpt>
      <trkpt lat="54.6916182" lon="25.2260901">
        <ele>142</ele>
      </trkpt>
      <trkpt lat="54.6916014" lon="25.2260627">
        <ele>142</ele>
      </trkpt>
      <trkpt lat="54.6915856" lon="25.2260315">
        <ele>142</ele>
      </trkpt>
      <trkpt lat="54.6915699" lon="25.2260004">
        <ele>141</ele>
      </trkpt>
      <trkpt lat="54.6915538" lon="25.2259724">
        <ele>141</ele>
      </trkpt>
      <trkpt lat="54.6915377" lon="25.2259444">
        <ele>140</ele>
      </trkpt>
      <trkpt lat="54.6915197" lon="25.2259179">
        <ele>140</ele>
      </trkpt>
      <trkpt lat="54.6915017" lon="25.2258914">
        <ele>140</ele>
      </trkpt>
      <trkpt lat="54.6914837" lon="25.2258649">
        <ele>139</ele>
      </trkpt>
      <trkpt lat="54.6914608" lon="25.2258345">
        <ele>138</ele>
      </trkpt>
      <trkpt lat="54.691438" lon="25.2258041">
        <ele>138</ele>
      </trkpt>
      <trkpt lat="54.6914128" lon="25.2257752">
        <ele>137</ele>
      </trkpt>
      <trkpt lat="54.6913877" lon="25.2257464">
        <ele>137</ele>
      </trkpt>
      <trkpt lat="54.6913653" lon="25.2257219">
        <ele>136</ele>
      </trkpt>
      <trkpt lat="54.6913429" lon="25.2256975">
        <ele>136</ele>
      </trkpt>
      <trkpt lat="54.6913225" lon="25.2256751">
        <ele>136</ele>
      </trkpt>
      <trkpt lat="54.6913022" lon="25.2256527">
        <ele>136</ele>
      </trkpt>
      <trkpt lat="54.6912833" lon="25.2256316">
        <ele>136</ele>
      </trkpt>
      <trkpt lat="54.6912644" lon="25.2256106">
        <ele>136</ele>
      </trkpt>
      <trkpt lat="54.6912456" lon="25.2255896">
        <ele>136</ele>
      </trkpt>
      <trkpt lat="54.6912244" lon="25.2255617">
        <ele>136</ele>
      </trkpt>
      <trkpt lat="54.6912033" lon="25.2255339">
        <ele>136</ele>
      </trkpt>
      <trkpt lat="54.6911839" lon="25.2255028">
        <ele>136</ele>
      </trkpt>
      <trkpt lat="54.6911646" lon="25.2254718">
        <ele>135</ele>
      </trkpt>
      <trkpt lat="54.6911453" lon="25.2254408">
        <ele>135</ele>
      </trkpt>
      <trkpt lat="54.6911277" lon="25.2254061">
        <ele>134</ele>
      </trkpt>
      <trkpt lat="54.6911102" lon="25.2253714">
        <ele>134</ele>
      </trkpt>
      <trkpt lat="54.6910907" lon="25.2253235">
        <ele>134</ele>
      </trkpt>
      <trkpt lat="54.6910712" lon="25.2252756">
        <ele>133</ele>
      </trkpt>
      <trkpt lat="54.6910518" lon="25.2252278">
        <ele>132</ele>
      </trkpt>
      <trkpt lat="54.6910274" lon="25.2251659">
        <ele>131</ele>
      </trkpt>
      <trkpt lat="54.691003" lon="25.225104">
        <ele>130</ele>
      </trkpt>
      <trkpt lat="54.6909786" lon="25.2250421">
        <ele>130</ele>
      </trkpt>
      <trkpt lat="54.6909554" lon="25.2249822">
        <ele>130</ele>
      </trkpt>
      <trkpt lat="54.6909322" lon="25.2249224">
        <ele>130</ele>
      </trkpt>
      <trkpt lat="54.6909156" lon="25.2248748">
        <ele>130</ele>
      </trkpt>
      <trkpt lat="54.690899" lon="25.2248272">
        <ele>130</ele>
      </trkpt>
      <trkpt lat="54.6908888" lon="25.2247946">
        <ele>130</ele>
      </trkpt>
      <trkpt lat="54.6908787" lon="25.224762">
        <ele>130</ele>
      </trkpt>
      <trkpt lat="54.690873" lon="25.2247387">
        <ele>130</ele>
      </trkpt>
      <trkpt lat="54.6908674" lon="25.2247155">
        <ele>130</ele>
      </trkpt>
      <trkpt lat="54.6908651" lon="25.2246991">
        <ele>130</ele>
      </trkpt>
      <trkpt lat="54.6908628" lon="25.2246828">
        <ele>131</ele>
      </trkpt>
      <trkpt lat="54.6908607" lon="25.2246588">
        <ele>132</ele>
      </trkpt>
      <trkpt lat="54.6908588" lon="25.2246442">
        <ele>132</ele>
      </trkpt>
      <trkpt lat="54.6908569" lon="25.2246297">
        <ele>133</ele>
      </trkpt>
      <trkpt lat="54.6908551" lon="25.2246152">
        <ele>133</ele>
      </trkpt>
      <trkpt lat="54.6908526" lon="25.224603">
        <ele>134</ele>
      </trkpt>
      <trkpt lat="54.6908501" lon="25.2245909">
        <ele>134</ele>
      </trkpt>
      <trkpt lat="54.6908454" lon="25.2245769">
        <ele>134</ele>
      </trkpt>
      <trkpt lat="54.6908407" lon="25.224563">
        <ele>134</ele>
      </trkpt>
      <trkpt lat="54.6908333" lon="25.2245489">
        <ele>134</ele>
      </trkpt>
      <trkpt lat="54.6908259" lon="25.2245349">
        <ele>135</ele>
      </trkpt>
      <trkpt lat="54.6908255" lon="25.224488">
        <ele>140</ele>
      </trkpt>
      <trkpt lat="54.6908309" lon="25.2244633">
        <ele>140</ele>
      </trkpt>
      <trkpt lat="54.6908363" lon="25.2244387">
        <ele>140</ele>
      </trkpt>
      <trkpt lat="54.6908389" lon="25.2244183">
        <ele>140</ele>
      </trkpt>
      <trkpt lat="54.6908416" lon="25.224398">
        <ele>140</ele>
      </trkpt>
      <trkpt lat="54.6908419" lon="25.2243821">
        <ele>141</ele>
      </trkpt>
      <trkpt lat="54.6908423" lon="25.2243663">
        <ele>141</ele>
      </trkpt>
      <trkpt lat="54.6908391" lon="25.224357">
        <ele>141</ele>
      </trkpt>
      <trkpt lat="54.6908359" lon="25.2243477">
        <ele>142</ele>
      </trkpt>
      <trkpt lat="54.6908321" lon="25.2243396">
        <ele>142</ele>
      </trkpt>
      <trkpt lat="54.6908283" lon="25.2243315">
        <ele>143</ele>
      </trkpt>
      <trkpt lat="54.6908265" lon="25.2243254">
        <ele>143</ele>
      </trkpt>
      <trkpt lat="54.6908248" lon="25.2243193">
        <ele>143</ele>
      </trkpt>
      <trkpt lat="54.6908231" lon="25.2243132">
        <ele>143</ele>
      </trkpt>
      <trkpt lat="54.6908214" lon="25.2243071">
        <ele>143</ele>
      </trkpt>
      <trkpt lat="54.6908196" lon="25.2242966">
        <ele>144</ele>
      </trkpt>
      <trkpt lat="54.6908179" lon="25.2242861">
        <ele>144</ele>
      </trkpt>
      <trkpt lat="54.6908175" lon="25.2242758">
        <ele>144</ele>
      </trkpt>
      <trkpt lat="54.6908171" lon="25.2242655">
        <ele>145</ele>
      </trkpt>
      <trkpt lat="54.6908174" lon="25.2242584">
        <ele>145</ele>
      </trkpt>
      <trkpt lat="54.6908177" lon="25.2242514">
        <ele>146</ele>
      </trkpt>
      <trkpt lat="54.6908182" lon="25.2242437">
        <ele>146</ele>
      </trkpt>
      <trkpt lat="54.6908188" lon="25.2242361">
        <ele>146</ele>
      </trkpt>
      <trkpt lat="54.6908196" lon="25.2242247">
        <ele>146</ele>
      </trkpt>
      <trkpt lat="54.6908205" lon="25.2242134">
        <ele>146</ele>
      </trkpt>
      <trkpt lat="54.6908213" lon="25.224202">
        <ele>147</ele>
      </trkpt>
      <trkpt lat="54.6908221" lon="25.2241907">
        <ele>147</ele>
      </trkpt>
      <trkpt lat="54.6908228" lon="25.2241808">
        <ele>147</ele>
      </trkpt>
      <trkpt lat="54.6908235" lon="25.2241709">
        <ele>147</ele>
      </trkpt>
      <trkpt lat="54.6908243" lon="25.2241611">
        <ele>147</ele>
      </trkpt>
      <trkpt lat="54.6908209" lon="25.22415">
        <ele>148</ele>
      </trkpt>
      <trkpt lat="54.6908175" lon="25.2241389">
        <ele>148</ele>
      </trkpt>
      <trkpt lat="54.6908131" lon="25.2241186">
        <ele>151</ele>
      </trkpt>
      <trkpt lat="54.690808" lon="25.2241046">
        <ele>151</ele>
      </trkpt>
      <trkpt lat="54.6908029" lon="25.2240907">
        <ele>152</ele>
      </trkpt>
      <trkpt lat="54.6907987" lon="25.2240762">
        <ele>152</ele>
      </trkpt>
      <trkpt lat="54.6907945" lon="25.2240617">
        <ele>153</ele>
      </trkpt>
      <trkpt lat="54.6907928" lon="25.224047">
        <ele>153</ele>
      </trkpt>
      <trkpt lat="54.6907912" lon="25.2240324">
        <ele>153</ele>
      </trkpt>
      <trkpt lat="54.6907914" lon="25.2240193">
        <ele>154</ele>
      </trkpt>
      <trkpt lat="54.6907917" lon="25.2240062">
        <ele>154</ele>
      </trkpt>
      <trkpt lat="54.6907908" lon="25.2239751">
        <ele>156</ele>
      </trkpt>
      <trkpt lat="54.6907876" lon="25.2239617">
        <ele>156</ele>
      </trkpt>
      <trkpt lat="54.6907845" lon="25.2239484">
        <ele>156</ele>
      </trkpt>
      <trkpt lat="54.6907801" lon="25.2239353">
        <ele>157</ele>
      </trkpt>
      <trkpt lat="54.6907757" lon="25.2239223">
        <ele>157</ele>
      </trkpt>
      <trkpt lat="54.6907735" lon="25.2239139">
        <ele>158</ele>
      </trkpt>
      <trkpt lat="54.6907714" lon="25.2239055">
        <ele>158</ele>
      </trkpt>
      <trkpt lat="54.6907678" lon="25.2238915">
        <ele>158</ele>
      </trkpt>
      <trkpt lat="54.6907643" lon="25.2238775">
        <ele>159</ele>
      </trkpt>
      <trkpt lat="54.6907619" lon="25.2238679">
        <ele>159</ele>
      </trkpt>
      <trkpt lat="54.6907595" lon="25.2238583">
        <ele>160</ele>
      </trkpt>
      <trkpt lat="54.6907571" lon="25.2238487">
        <ele>160</ele>
      </trkpt>
      <trkpt lat="54.6907569" lon="25.2238419">
        <ele>160</ele>
      </trkpt>
      <trkpt lat="54.6907568" lon="25.2238351">
        <ele>160</ele>
      </trkpt>
      <trkpt lat="54.6907567" lon="25.2238283">
        <ele>160</ele>
      </trkpt>
      <trkpt lat="54.6907566" lon="25.2238215">
        <ele>161</ele>
      </trkpt>
      <trkpt lat="54.6907605" lon="25.2238227">
        <ele>161</ele>
      </trkpt>
      <trkpt lat="54.6907644" lon="25.2238239">
        <ele>161</ele>
      </trkpt>
      <trkpt lat="54.6907683" lon="25.2238252">
        <ele>161</ele>
      </trkpt>
      <trkpt lat="54.6907758" lon="25.2238352">
        <ele>161</ele>
      </trkpt>
      <trkpt lat="54.6907833" lon="25.2238453">
        <ele>161</ele>
      </trkpt>
      <trkpt lat="54.6907867" lon="25.2238603">
        <ele>160</ele>
      </trkpt>
      <trkpt lat="54.6907902" lon="25.2238753">
        <ele>160</ele>
      </trkpt>
      <trkpt lat="54.6907831" lon="25.2238937">
        <ele>160</ele>
      </trkpt>
      <trkpt lat="54.690776" lon="25.2239121">
        <ele>160</ele>
      </trkpt>
      <trkpt lat="54.6907644" lon="25.2239289">
        <ele>160</ele>
      </trkpt>
      <trkpt lat="54.6907528" lon="25.2239458">
        <ele>159</ele>
      </trkpt>
      <trkpt lat="54.6907447" lon="25.2239623">
        <ele>159</ele>
      </trkpt>
      <trkpt lat="54.6907366" lon="25.2239789">
        <ele>158</ele>
      </trkpt>
      <trkpt lat="54.6907299" lon="25.2239965">
        <ele>158</ele>
      </trkpt>
      <trkpt lat="54.6907233" lon="25.2240141">
        <ele>158</ele>
      </trkpt>
      <trkpt lat="54.6907129" lon="25.224032">
        <ele>157</ele>
      </trkpt>
      <trkpt lat="54.6907025" lon="25.22405">
        <ele>157</ele>
      </trkpt>
      <trkpt lat="54.6906854" lon="25.2240675">
        <ele>156</ele>
      </trkpt>
      <trkpt lat="54.6906683" lon="25.224085">
        <ele>156</ele>
      </trkpt>
      <trkpt lat="54.6906461" lon="25.2240961">
        <ele>156</ele>
      </trkpt>
      <trkpt lat="54.6906239" lon="25.2241073">
        <ele>155</ele>
      </trkpt>
      <trkpt lat="54.6906044" lon="25.2241139">
        <ele>155</ele>
      </trkpt>
      <trkpt lat="54.690585" lon="25.2241206">
        <ele>154</ele>
      </trkpt>
      <trkpt lat="54.6905734" lon="25.2241293">
        <ele>154</ele>
      </trkpt>
      <trkpt lat="54.6905619" lon="25.2241381">
        <ele>154</ele>
      </trkpt>
      <trkpt lat="54.6905595" lon="25.2241516">
        <ele>153</ele>
      </trkpt>
      <trkpt lat="54.6905571" lon="25.2241652">
        <ele>152</ele>
      </trkpt>
      <trkpt lat="54.6905624" lon="25.2241784">
        <ele>152</ele>
      </trkpt>
      <trkpt lat="54.6905678" lon="25.2241917">
        <ele>151</ele>
      </trkpt>
      <trkpt lat="54.6905805" lon="25.2242027">
        <ele>151</ele>
      </trkpt>
      <trkpt lat="54.6905933" lon="25.2242138">
        <ele>150</ele>
      </trkpt>
      <trkpt lat="54.6906083" lon="25.2242234">
        <ele>150</ele>
      </trkpt>
      <trkpt lat="54.6906234" lon="25.224233">
        <ele>149</ele>
      </trkpt>
      <trkpt lat="54.6906368" lon="25.2242452">
        <ele>149</ele>
      </trkpt>
      <trkpt lat="54.6906503" lon="25.2242574">
        <ele>149</ele>
      </trkpt>
      <trkpt lat="54.690659" lon="25.2242782">
        <ele>148</ele>
      </trkpt>
      <trkpt lat="54.6906678" lon="25.224299">
        <ele>147</ele>
      </trkpt>
      <trkpt lat="54.690665" lon="25.2243297">
        <ele>146</ele>
      </trkpt>
      <trkpt lat="54.6906623" lon="25.2243605">
        <ele>145</ele>
      </trkpt>
      <trkpt lat="54.6906519" lon="25.2243977">
        <ele>145</ele>
      </trkpt>
      <trkpt lat="54.6906415" lon="25.2244349">
        <ele>144</ele>
      </trkpt>
      <trkpt lat="54.6906286" lon="25.2244741">
        <ele>143</ele>
      </trkpt>
      <trkpt lat="54.6906158" lon="25.2245133">
        <ele>142</ele>
      </trkpt>
      <trkpt lat="54.6906022" lon="25.2245506">
        <ele>141</ele>
      </trkpt>
      <trkpt lat="54.6905886" lon="25.224588">
        <ele>141</ele>
      </trkpt>
      <trkpt lat="54.6905733" lon="25.2246243">
        <ele>140</ele>
      </trkpt>
      <trkpt lat="54.6905581" lon="25.2246607">
        <ele>139</ele>
      </trkpt>
      <trkpt lat="54.6905396" lon="25.2246991">
        <ele>139</ele>
      </trkpt>
      <trkpt lat="54.6905212" lon="25.2247376">
        <ele>138</ele>
      </trkpt>
      <trkpt lat="54.6905028" lon="25.2247753">
        <ele>138</ele>
      </trkpt>
      <trkpt lat="54.6904844" lon="25.224813">
        <ele>137</ele>
      </trkpt>
      <trkpt lat="54.6904696" lon="25.224852">
        <ele>137</ele>
      </trkpt>
      <trkpt lat="54.6904548" lon="25.2248911">
        <ele>137</ele>
      </trkpt>
      <trkpt lat="54.6904415" lon="25.2249324">
        <ele>137</ele>
      </trkpt>
      <trkpt lat="54.6904282" lon="25.2249737">
        <ele>137</ele>
      </trkpt>
      <trkpt lat="54.690415" lon="25.2250151">
        <ele>136</ele>
      </trkpt>
      <trkpt lat="54.6904065" lon="25.2250526">
        <ele>136</ele>
      </trkpt>
      <trkpt lat="54.6903981" lon="25.2250901">
        <ele>135</ele>
      </trkpt>
      <trkpt lat="54.6903998" lon="25.2251163">
        <ele>135</ele>
      </trkpt>
      <trkpt lat="54.6904016" lon="25.2251425">
        <ele>135</ele>
      </trkpt>
      <trkpt lat="54.6904125" lon="25.22516">
        <ele>134</ele>
      </trkpt>
      <trkpt lat="54.6904235" lon="25.2251776">
        <ele>133</ele>
      </trkpt>
      <trkpt lat="54.690438" lon="25.2251962">
        <ele>132</ele>
      </trkpt>
      <trkpt lat="54.6904526" lon="25.2252148">
        <ele>131</ele>
      </trkpt>
      <trkpt lat="54.6904639" lon="25.2252446">
        <ele>131</ele>
      </trkpt>
      <trkpt lat="54.6904753" lon="25.2252744">
        <ele>130</ele>
      </trkpt>
      <trkpt lat="54.6904801" lon="25.2253153">
        <ele>129</ele>
      </trkpt>
      <trkpt lat="54.6904849" lon="25.2253563">
        <ele>129</ele>
      </trkpt>
      <trkpt lat="54.6904831" lon="25.2254038">
        <ele>128</ele>
      </trkpt>
      <trkpt lat="54.6904814" lon="25.2254514">
        <ele>128</ele>
      </trkpt>
      <trkpt lat="54.6904759" lon="25.2254998">
        <ele>127</ele>
      </trkpt>
      <trkpt lat="54.6904704" lon="25.2255483">
        <ele>127</ele>
      </trkpt>
      <trkpt lat="54.690464" lon="25.2255982">
        <ele>126</ele>
      </trkpt>
      <trkpt lat="54.6904577" lon="25.2256482">
        <ele>126</ele>
      </trkpt>
      <trkpt lat="54.6904513" lon="25.2256948">
        <ele>126</ele>
      </trkpt>
      <trkpt lat="54.690445" lon="25.2257415">
        <ele>125</ele>
      </trkpt>
      <trkpt lat="54.6904383" lon="25.2257812">
        <ele>124</ele>
      </trkpt>
      <trkpt lat="54.6904317" lon="25.225821">
        <ele>124</ele>
      </trkpt>
      <trkpt lat="54.6904246" lon="25.2258592">
        <ele>123</ele>
      </trkpt>
      <trkpt lat="54.6904175" lon="25.2258975">
        <ele>123</ele>
      </trkpt>
      <trkpt lat="54.6904086" lon="25.225937">
        <ele>122</ele>
      </trkpt>
      <trkpt lat="54.6903997" lon="25.2259766">
        <ele>122</ele>
      </trkpt>
      <trkpt lat="54.6903904" lon="25.2260183">
        <ele>121</ele>
      </trkpt>
      <trkpt lat="54.6903812" lon="25.22606">
        <ele>121</ele>
      </trkpt>
      <trkpt lat="54.6903731" lon="25.2261018">
        <ele>121</ele>
      </trkpt>
      <trkpt lat="54.690365" lon="25.2261437">
        <ele>120</ele>
      </trkpt>
      <trkpt lat="54.6903537" lon="25.2261808">
        <ele>120</ele>
      </trkpt>
      <trkpt lat="54.6903425" lon="25.2262179">
        <ele>119</ele>
      </trkpt>
      <trkpt lat="54.6903296" lon="25.2262531">
        <ele>119</ele>
      </trkpt>
      <trkpt lat="54.6903168" lon="25.2262883">
        <ele>119</ele>
      </trkpt>
      <trkpt lat="54.6903069" lon="25.2263294">
        <ele>118</ele>
      </trkpt>
      <trkpt lat="54.690297" lon="25.2263705">
        <ele>118</ele>
      </trkpt>
      <trkpt lat="54.6902865" lon="25.2264145">
        <ele>118</ele>
      </trkpt>
      <trkpt lat="54.6902761" lon="25.2264585">
        <ele>118</ele>
      </trkpt>
      <trkpt lat="54.6902629" lon="25.2264989">
        <ele>118</ele>
      </trkpt>
      <trkpt lat="54.6902498" lon="25.2265393">
        <ele>117</ele>
      </trkpt>
      <trkpt lat="54.6902341" lon="25.2265735">
        <ele>117</ele>
      </trkpt>
      <trkpt lat="54.6902185" lon="25.2266077">
        <ele>117</ele>
      </trkpt>
      <trkpt lat="54.6902011" lon="25.2266358">
        <ele>117</ele>
      </trkpt>
      <trkpt lat="54.6901837" lon="25.2266639">
        <ele>117</ele>
      </trkpt>
      <trkpt lat="54.6901652" lon="25.2266863">
        <ele>116</ele>
      </trkpt>
      <trkpt lat="54.6901468" lon="25.2267088">
        <ele>116</ele>
      </trkpt>
      <trkpt lat="54.6901305" lon="25.2267322">
        <ele>115</ele>
      </trkpt>
      <trkpt lat="54.6901142" lon="25.2267556">
        <ele>115</ele>
      </trkpt>
      <trkpt lat="54.6901" lon="25.2267801">
        <ele>115</ele>
      </trkpt>
      <trkpt lat="54.6900858" lon="25.2268046">
        <ele>114</ele>
      </trkpt>
      <trkpt lat="54.6900702" lon="25.2268239">
        <ele>114</ele>
      </trkpt>
      <trkpt lat="54.6900546" lon="25.2268433">
        <ele>114</ele>
      </trkpt>
      <trkpt lat="54.6900385" lon="25.2268608">
        <ele>114</ele>
      </trkpt>
      <trkpt lat="54.6900224" lon="25.2268784">
        <ele>114</ele>
      </trkpt>
      <trkpt lat="54.690007" lon="25.2268967">
        <ele>113</ele>
      </trkpt>
      <trkpt lat="54.6899916" lon="25.226915">
        <ele>113</ele>
      </trkpt>
      <trkpt lat="54.689975" lon="25.2269369">
        <ele>112</ele>
      </trkpt>
      <trkpt lat="54.6899584" lon="25.2269588">
        <ele>112</ele>
      </trkpt>
      <trkpt lat="54.6899381" lon="25.2269863">
        <ele>112</ele>
      </trkpt>
      <trkpt lat="54.6899178" lon="25.2270139">
        <ele>111</ele>
      </trkpt>
      <trkpt lat="54.6898986" lon="25.2270441">
        <ele>111</ele>
      </trkpt>
      <trkpt lat="54.6898795" lon="25.2270744">
        <ele>110</ele>
      </trkpt>
      <trkpt lat="54.6898593" lon="25.2271025">
        <ele>110</ele>
      </trkpt>
      <trkpt lat="54.6898391" lon="25.2271307">
        <ele>110</ele>
      </trkpt>
      <trkpt lat="54.6898185" lon="25.2271541">
        <ele>109</ele>
      </trkpt>
      <trkpt lat="54.6897979" lon="25.2271775">
        <ele>109</ele>
      </trkpt>
      <trkpt lat="54.68978" lon="25.2271989">
        <ele>108</ele>
      </trkpt>
      <trkpt lat="54.6897622" lon="25.2272203">
        <ele>108</ele>
      </trkpt>
      <trkpt lat="54.6897468" lon="25.2272424">
        <ele>108</ele>
      </trkpt>
      <trkpt lat="54.6897315" lon="25.2272645">
        <ele>107</ele>
      </trkpt>
      <trkpt lat="54.6897186" lon="25.2272883">
        <ele>107</ele>
      </trkpt>
      <trkpt lat="54.6897057" lon="25.2273122">
        <ele>106</ele>
      </trkpt>
      <trkpt lat="54.6896965" lon="25.2273386">
        <ele>106</ele>
      </trkpt>
      <trkpt lat="54.6896874" lon="25.227365">
        <ele>106</ele>
      </trkpt>
      <trkpt lat="54.6896795" lon="25.2273892">
        <ele>105</ele>
      </trkpt>
      <trkpt lat="54.6896717" lon="25.2274134">
        <ele>105</ele>
      </trkpt>
      <trkpt lat="54.6896637" lon="25.2274352">
        <ele>104</ele>
      </trkpt>
      <trkpt lat="54.6896558" lon="25.2274571">
        <ele>104</ele>
      </trkpt>
      <trkpt lat="54.6896486" lon="25.227474">
        <ele>104</ele>
      </trkpt>
      <trkpt lat="54.6896415" lon="25.2274909">
        <ele>103</ele>
      </trkpt>
      <trkpt lat="54.6896401" lon="25.2275032">
        <ele>102</ele>
      </trkpt>
      <trkpt lat="54.689638" lon="25.2275123">
        <ele>102</ele>
      </trkpt>
      <trkpt lat="54.6896359" lon="25.2275215">
        <ele>102</ele>
      </trkpt>
      <trkpt lat="54.6896321" lon="25.2275305">
        <ele>101</ele>
      </trkpt>
      <trkpt lat="54.6896284" lon="25.2275396">
        <ele>101</ele>
      </trkpt>
      <trkpt lat="54.6896221" lon="25.2275534">
        <ele>101</ele>
      </trkpt>
      <trkpt lat="54.6896189" lon="25.227564">
        <ele>101</ele>
      </trkpt>
      <trkpt lat="54.6896158" lon="25.2275747">
        <ele>101</ele>
      </trkpt>
      <trkpt lat="54.689614" lon="25.2275852">
        <ele>100</ele>
      </trkpt>
      <trkpt lat="54.6896123" lon="25.2275957">
        <ele>100</ele>
      </trkpt>
      <trkpt lat="54.689612" lon="25.2276108">
        <ele>99</ele>
      </trkpt>
      <trkpt lat="54.6896117" lon="25.2276259">
        <ele>99</ele>
      </trkpt>
      <trkpt lat="54.6896099" lon="25.2276461">
        <ele>99</ele>
      </trkpt>
      <trkpt lat="54.6896081" lon="25.2276664">
        <ele>98</ele>
      </trkpt>
      <trkpt lat="54.6896015" lon="25.2276883">
        <ele>98</ele>
      </trkpt>
      <trkpt lat="54.6895949" lon="25.2277102">
        <ele>97</ele>
      </trkpt>
      <trkpt lat="54.6895836" lon="25.2277329">
        <ele>97</ele>
      </trkpt>
      <trkpt lat="54.6895723" lon="25.2277557">
        <ele>97</ele>
      </trkpt>
      <trkpt lat="54.6895616" lon="25.2277786">
        <ele>96</ele>
      </trkpt>
      <trkpt lat="54.689551" lon="25.2278016">
        <ele>96</ele>
      </trkpt>
      <trkpt lat="54.6895413" lon="25.2278301">
        <ele>96</ele>
      </trkpt>
      <trkpt lat="54.6895317" lon="25.2278586">
        <ele>96</ele>
      </trkpt>
      <trkpt lat="54.6895213" lon="25.2278951">
        <ele>96</ele>
      </trkpt>
      <trkpt lat="54.689511" lon="25.2279316">
        <ele>95</ele>
      </trkpt>
      <trkpt lat="54.6894994" lon="25.2279735">
        <ele>95</ele>
      </trkpt>
      <trkpt lat="54.6894878" lon="25.2280154">
        <ele>94</ele>
      </trkpt>
      <trkpt lat="54.6894724" lon="25.2280595">
        <ele>94</ele>
      </trkpt>
      <trkpt lat="54.689457" lon="25.2281036">
        <ele>94</ele>
      </trkpt>
      <trkpt lat="54.6894352" lon="25.2281486">
        <ele>93</ele>
      </trkpt>
      <trkpt lat="54.6894134" lon="25.2281937">
        <ele>93</ele>
      </trkpt>
      <trkpt lat="54.6893887" lon="25.2282376">
        <ele>92</ele>
      </trkpt>
      <trkpt lat="54.689364" lon="25.2282816">
        <ele>92</ele>
      </trkpt>
      <trkpt lat="54.6893405" lon="25.2283249">
        <ele>92</ele>
      </trkpt>
      <trkpt lat="54.6893171" lon="25.2283683">
        <ele>91</ele>
      </trkpt>
      <trkpt lat="54.689298" lon="25.2284141">
        <ele>90</ele>
      </trkpt>
      <trkpt lat="54.689279" lon="25.22846">
        <ele>90</ele>
      </trkpt>
      <trkpt lat="54.6892647" lon="25.2285055">
        <ele>89</ele>
      </trkpt>
      <trkpt lat="54.6892505" lon="25.228551">
        <ele>89</ele>
      </trkpt>
      <trkpt lat="54.6892387" lon="25.2285882">
        <ele>88</ele>
      </trkpt>
      <trkpt lat="54.6892269" lon="25.2286255">
        <ele>88</ele>
      </trkpt>
      <trkpt lat="54.6892122" lon="25.2286516">
        <ele>88</ele>
      </trkpt>
      <trkpt lat="54.6891976" lon="25.2286778">
        <ele>88</ele>
      </trkpt>
      <trkpt lat="54.6891795" lon="25.2286956">
        <ele>88</ele>
      </trkpt>
      <trkpt lat="54.6891614" lon="25.2287134">
        <ele>87</ele>
      </trkpt>
      <trkpt lat="54.689144" lon="25.2287303">
        <ele>87</ele>
      </trkpt>
      <trkpt lat="54.6891266" lon="25.2287473">
        <ele>86</ele>
      </trkpt>
      <trkpt lat="54.68911" lon="25.2287631">
        <ele>86</ele>
      </trkpt>
      <trkpt lat="54.6890934" lon="25.228779">
        <ele>86</ele>
      </trkpt>
      <trkpt lat="54.6890753" lon="25.2287916">
        <ele>85</ele>
      </trkpt>
      <trkpt lat="54.6890573" lon="25.2288042">
        <ele>85</ele>
      </trkpt>
      <trkpt lat="54.6890386" lon="25.2288112">
        <ele>85</ele>
      </trkpt>
      <trkpt lat="54.68902" lon="25.2288183">
        <ele>85</ele>
      </trkpt>
      <trkpt lat="54.6890047" lon="25.2288095">
        <ele>85</ele>
      </trkpt>
      <trkpt lat="54.6889894" lon="25.2288007">
        <ele>85</ele>
      </trkpt>
      <trkpt lat="54.6889802" lon="25.228776">
        <ele>85</ele>
      </trkpt>
      <trkpt lat="54.688971" lon="25.2287514">
        <ele>85</ele>
      </trkpt>
      <trkpt lat="54.6889672" lon="25.2287185">
        <ele>85</ele>
      </trkpt>
      <trkpt lat="54.6889635" lon="25.2286857">
        <ele>85</ele>
      </trkpt>
      <trkpt lat="54.6889608" lon="25.2286479">
        <ele>85</ele>
      </trkpt>
      <trkpt lat="54.6889582" lon="25.2286102">
        <ele>85</ele>
      </trkpt>
      <trkpt lat="54.688954" lon="25.2285686">
        <ele>85</ele>
      </trkpt>
      <trkpt lat="54.6889499" lon="25.228527">
        <ele>85</ele>
      </trkpt>
      <trkpt lat="54.6889442" lon="25.2284833">
        <ele>85</ele>
      </trkpt>
      <trkpt lat="54.6889385" lon="25.2284397">
        <ele>85</ele>
      </trkpt>
      <trkpt lat="54.6889319" lon="25.2283989">
        <ele>85</ele>
      </trkpt>
      <trkpt lat="54.6889254" lon="25.2283582">
        <ele>85</ele>
      </trkpt>
      <trkpt lat="54.6889172" lon="25.2283194">
        <ele>85</ele>
      </trkpt>
      <trkpt lat="54.688909" lon="25.2282807">
        <ele>85</ele>
      </trkpt>
      <trkpt lat="54.6888982" lon="25.2282438">
        <ele>84</ele>
      </trkpt>
      <trkpt lat="54.6888875" lon="25.2282069">
        <ele>84</ele>
      </trkpt>
      <trkpt lat="54.6888743" lon="25.2281702">
        <ele>84</ele>
      </trkpt>
      <trkpt lat="54.6888611" lon="25.2281336">
        <ele>84</ele>
      </trkpt>
      <trkpt lat="54.6888475" lon="25.2280969">
        <ele>84</ele>
      </trkpt>
      <trkpt lat="54.6888339" lon="25.2280602">
        <ele>84</ele>
      </trkpt>
      <trkpt lat="54.6888192" lon="25.2280235">
        <ele>84</ele>
      </trkpt>
      <trkpt lat="54.6888045" lon="25.2279868">
        <ele>84</ele>
      </trkpt>
      <trkpt lat="54.6887893" lon="25.2279507">
        <ele>84</ele>
      </trkpt>
      <trkpt lat="54.6887741" lon="25.2279146">
        <ele>84</ele>
      </trkpt>
      <trkpt lat="54.6887611" lon="25.2278808">
        <ele>84</ele>
      </trkpt>
      <trkpt lat="54.6887481" lon="25.2278471">
        <ele>84</ele>
      </trkpt>
      <trkpt lat="54.688738" lon="25.2278141">
        <ele>84</ele>
      </trkpt>
      <trkpt lat="54.6887279" lon="25.2277811">
        <ele>84</ele>
      </trkpt>
      <trkpt lat="54.6887193" lon="25.2277486">
        <ele>84</ele>
      </trkpt>
      <trkpt lat="54.6887108" lon="25.2277161">
        <ele>84</ele>
      </trkpt>
      <trkpt lat="54.6887019" lon="25.2276833">
        <ele>84</ele>
      </trkpt>
      <trkpt lat="54.6886931" lon="25.2276506">
        <ele>84</ele>
      </trkpt>
      <trkpt lat="54.6886822" lon="25.227619">
        <ele>84</ele>
      </trkpt>
      <trkpt lat="54.6886713" lon="25.2275874">
        <ele>85</ele>
      </trkpt>
      <trkpt lat="54.688658" lon="25.2275603">
        <ele>85</ele>
      </trkpt>
      <trkpt lat="54.6886448" lon="25.2275333">
        <ele>85</ele>
      </trkpt>
      <trkpt lat="54.6886305" lon="25.2275095">
        <ele>85</ele>
      </trkpt>
      <trkpt lat="54.6886162" lon="25.2274857">
        <ele>85</ele>
      </trkpt>
      <trkpt lat="54.6886019" lon="25.2274608">
        <ele>85</ele>
      </trkpt>
      <trkpt lat="54.6885877" lon="25.2274359">
        <ele>85</ele>
      </trkpt>
      <trkpt lat="54.6885731" lon="25.2274111">
        <ele>85</ele>
      </trkpt>
      <trkpt lat="54.6885586" lon="25.2273864">
        <ele>85</ele>
      </trkpt>
      <trkpt lat="54.6885442" lon="25.2273594">
        <ele>85</ele>
      </trkpt>
      <trkpt lat="54.6885298" lon="25.2273325">
        <ele>85</ele>
      </trkpt>
      <trkpt lat="54.6885156" lon="25.2273008">
        <ele>84</ele>
      </trkpt>
      <trkpt lat="54.6885015" lon="25.2272691">
        <ele>84</ele>
      </trkpt>
      <trkpt lat="54.6884879" lon="25.2272356">
        <ele>84</ele>
      </trkpt>
      <trkpt lat="54.6884744" lon="25.2272022">
        <ele>84</ele>
      </trkpt>
      <trkpt lat="54.6884636" lon="25.2271685">
        <ele>84</ele>
      </trkpt>
      <trkpt lat="54.6884529" lon="25.2271348">
        <ele>84</ele>
      </trkpt>
      <trkpt lat="54.6884454" lon="25.2271015">
        <ele>84</ele>
      </trkpt>
      <trkpt lat="54.688438" lon="25.2270682">
        <ele>84</ele>
      </trkpt>
      <trkpt lat="54.6884337" lon="25.2270343">
        <ele>84</ele>
      </trkpt>
      <trkpt lat="54.6884294" lon="25.2270005">
        <ele>85</ele>
      </trkpt>
      <trkpt lat="54.6884243" lon="25.2269694">
        <ele>84</ele>
      </trkpt>
      <trkpt lat="54.6884193" lon="25.2269384">
        <ele>84</ele>
      </trkpt>
      <trkpt lat="54.6884102" lon="25.2269125">
        <ele>84</ele>
      </trkpt>
      <trkpt lat="54.6884011" lon="25.2268866">
        <ele>84</ele>
      </trkpt>
      <trkpt lat="54.688388" lon="25.2268599">
        <ele>84</ele>
      </trkpt>
      <trkpt lat="54.6883749" lon="25.2268332">
        <ele>84</ele>
      </trkpt>
      <trkpt lat="54.68836" lon="25.2268008">
        <ele>84</ele>
      </trkpt>
      <trkpt lat="54.6883451" lon="25.2267685">
        <ele>84</ele>
      </trkpt>
      <trkpt lat="54.6883283" lon="25.2267375">
        <ele>84</ele>
      </trkpt>
      <trkpt lat="54.6883115" lon="25.2267065">
        <ele>84</ele>
      </trkpt>
      <trkpt lat="54.6882938" lon="25.2266782">
        <ele>84</ele>
      </trkpt>
      <trkpt lat="54.6882761" lon="25.22665">
        <ele>84</ele>
      </trkpt>
      <trkpt lat="54.6882591" lon="25.2266189">
        <ele>84</ele>
      </trkpt>
      <trkpt lat="54.6882421" lon="25.2265879">
        <ele>84</ele>
      </trkpt>
      <trkpt lat="54.6882276" lon="25.2265554">
        <ele>85</ele>
      </trkpt>
      <trkpt lat="54.6882132" lon="25.2265229">
        <ele>85</ele>
      </trkpt>
      <trkpt lat="54.6882004" lon="25.2264886">
        <ele>85</ele>
      </trkpt>
      <trkpt lat="54.6881876" lon="25.2264543">
        <ele>85</ele>
      </trkpt>
      <trkpt lat="54.6881755" lon="25.2264207">
        <ele>85</ele>
      </trkpt>
      <trkpt lat="54.6881635" lon="25.2263871">
        <ele>85</ele>
      </trkpt>
      <trkpt lat="54.6881487" lon="25.226357">
        <ele>85</ele>
      </trkpt>
      <trkpt lat="54.6881339" lon="25.226327">
        <ele>85</ele>
      </trkpt>
      <trkpt lat="54.6881198" lon="25.2262956">
        <ele>85</ele>
      </trkpt>
      <trkpt lat="54.6881058" lon="25.2262643">
        <ele>85</ele>
      </trkpt>
      <trkpt lat="54.6880908" lon="25.2262353">
        <ele>85</ele>
      </trkpt>
      <trkpt lat="54.6880758" lon="25.2262064">
        <ele>85</ele>
      </trkpt>
      <trkpt lat="54.6880618" lon="25.226179">
        <ele>85</ele>
      </trkpt>
      <trkpt lat="54.6880478" lon="25.2261517">
        <ele>85</ele>
      </trkpt>
      <trkpt lat="54.6880377" lon="25.226126">
        <ele>85</ele>
      </trkpt>
      <trkpt lat="54.6880276" lon="25.2261003">
        <ele>86</ele>
      </trkpt>
      <trkpt lat="54.6880162" lon="25.2260787">
        <ele>86</ele>
      </trkpt>
      <trkpt lat="54.6880048" lon="25.2260571">
        <ele>86</ele>
      </trkpt>
      <trkpt lat="54.6879885" lon="25.2260366">
        <ele>86</ele>
      </trkpt>
      <trkpt lat="54.6879722" lon="25.2260161">
        <ele>86</ele>
      </trkpt>
      <trkpt lat="54.6879539" lon="25.2259941">
        <ele>86</ele>
      </trkpt>
      <trkpt lat="54.6879356" lon="25.2259721">
        <ele>86</ele>
      </trkpt>
      <trkpt lat="54.6879163" lon="25.2259515">
        <ele>86</ele>
      </trkpt>
      <trkpt lat="54.687897" lon="25.2259309">
        <ele>86</ele>
      </trkpt>
      <trkpt lat="54.6878766" lon="25.2259135">
        <ele>86</ele>
      </trkpt>
      <trkpt lat="54.6878563" lon="25.2258962">
        <ele>86</ele>
      </trkpt>
      <trkpt lat="54.6878361" lon="25.2258802">
        <ele>85</ele>
      </trkpt>
      <trkpt lat="54.687816" lon="25.2258642">
        <ele>85</ele>
      </trkpt>
      <trkpt lat="54.6877956" lon="25.2258463">
        <ele>85</ele>
      </trkpt>
      <trkpt lat="54.6877752" lon="25.2258284">
        <ele>85</ele>
      </trkpt>
      <trkpt lat="54.6877559" lon="25.225807">
        <ele>85</ele>
      </trkpt>
      <trkpt lat="54.6877367" lon="25.2257856">
        <ele>85</ele>
      </trkpt>
      <trkpt lat="54.6877199" lon="25.2257612">
        <ele>85</ele>
      </trkpt>
      <trkpt lat="54.6877032" lon="25.2257368">
        <ele>85</ele>
      </trkpt>
      <trkpt lat="54.6876869" lon="25.2257089">
        <ele>85</ele>
      </trkpt>
      <trkpt lat="54.6876706" lon="25.225681">
        <ele>85</ele>
      </trkpt>
      <trkpt lat="54.6876562" lon="25.225653">
        <ele>85</ele>
      </trkpt>
      <trkpt lat="54.6876419" lon="25.2256251">
        <ele>85</ele>
      </trkpt>
      <trkpt lat="54.6876258" lon="25.2256002">
        <ele>85</ele>
      </trkpt>
      <trkpt lat="54.6876098" lon="25.2255754">
        <ele>85</ele>
      </trkpt>
      <trkpt lat="54.687591" lon="25.225555">
        <ele>85</ele>
      </trkpt>
      <trkpt lat="54.6875723" lon="25.2255347">
        <ele>85</ele>
      </trkpt>
      <trkpt lat="54.6875516" lon="25.2255158">
        <ele>85</ele>
      </trkpt>
      <trkpt lat="54.687531" lon="25.2254969">
        <ele>85</ele>
      </trkpt>
      <trkpt lat="54.6875101" lon="25.2254738">
        <ele>85</ele>
      </trkpt>
      <trkpt lat="54.6874892" lon="25.2254507">
        <ele>85</ele>
      </trkpt>
      <trkpt lat="54.6874696" lon="25.225421">
        <ele>85</ele>
      </trkpt>
      <trkpt lat="54.6874501" lon="25.2253914">
        <ele>85</ele>
      </trkpt>
      <trkpt lat="54.6874317" lon="25.2253616">
        <ele>85</ele>
      </trkpt>
      <trkpt lat="54.6874133" lon="25.2253318">
        <ele>85</ele>
      </trkpt>
      <trkpt lat="54.6873945" lon="25.2253064">
        <ele>85</ele>
      </trkpt>
      <trkpt lat="54.6873758" lon="25.225281">
        <ele>85</ele>
      </trkpt>
      <trkpt lat="54.6873564" lon="25.2252652">
        <ele>85</ele>
      </trkpt>
      <trkpt lat="54.687337" lon="25.2252494">
        <ele>85</ele>
      </trkpt>
      <trkpt lat="54.6873172" lon="25.2252412">
        <ele>85</ele>
      </trkpt>
      <trkpt lat="54.6872974" lon="25.2252331">
        <ele>85</ele>
      </trkpt>
      <trkpt lat="54.687277" lon="25.2252247">
        <ele>85</ele>
      </trkpt>
      <trkpt lat="54.6872566" lon="25.2252164">
        <ele>85</ele>
      </trkpt>
      <trkpt lat="54.6872365" lon="25.2251997">
        <ele>85</ele>
      </trkpt>
      <trkpt lat="54.6872165" lon="25.2251831">
        <ele>85</ele>
      </trkpt>
      <trkpt lat="54.6871988" lon="25.2251573">
        <ele>85</ele>
      </trkpt>
      <trkpt lat="54.6871812" lon="25.2251316">
        <ele>85</ele>
      </trkpt>
      <trkpt lat="54.6871653" lon="25.2251031">
        <ele>85</ele>
      </trkpt>
      <trkpt lat="54.6871495" lon="25.2250747">
        <ele>85</ele>
      </trkpt>
      <trkpt lat="54.687134" lon="25.2250487">
        <ele>85</ele>
      </trkpt>
      <trkpt lat="54.6871185" lon="25.2250227">
        <ele>85</ele>
      </trkpt>
      <trkpt lat="54.6871005" lon="25.2249997">
        <ele>85</ele>
      </trkpt>
      <trkpt lat="54.6870826" lon="25.2249768">
        <ele>85</ele>
      </trkpt>
      <trkpt lat="54.6870632" lon="25.2249571">
        <ele>85</ele>
      </trkpt>
      <trkpt lat="54.6870439" lon="25.2249374">
        <ele>85</ele>
      </trkpt>
      <trkpt lat="54.6870231" lon="25.2249201">
        <ele>85</ele>
      </trkpt>
      <trkpt lat="54.6870023" lon="25.2249029">
        <ele>85</ele>
      </trkpt>
      <trkpt lat="54.6869803" lon="25.2248882">
        <ele>85</ele>
      </trkpt>
      <trkpt lat="54.6869583" lon="25.2248736">
        <ele>85</ele>
      </trkpt>
      <trkpt lat="54.6869354" lon="25.2248588">
        <ele>85</ele>
      </trkpt>
      <trkpt lat="54.6869125" lon="25.224844">
        <ele>85</ele>
      </trkpt>
      <trkpt lat="54.6868903" lon="25.22483">
        <ele>84</ele>
      </trkpt>
      <trkpt lat="54.6868682" lon="25.2248161">
        <ele>84</ele>
      </trkpt>
      <trkpt lat="54.6868465" lon="25.2248029">
        <ele>84</ele>
      </trkpt>
      <trkpt lat="54.6868248" lon="25.2247898">
        <ele>84</ele>
      </trkpt>
      <trkpt lat="54.6868035" lon="25.2247753">
        <ele>84</ele>
      </trkpt>
      <trkpt lat="54.6867823" lon="25.2247609">
        <ele>84</ele>
      </trkpt>
      <trkpt lat="54.6867597" lon="25.2247459">
        <ele>84</ele>
      </trkpt>
      <trkpt lat="54.6867371" lon="25.2247309">
        <ele>84</ele>
      </trkpt>
      <trkpt lat="54.6867129" lon="25.2247171">
        <ele>84</ele>
      </trkpt>
      <trkpt lat="54.6866888" lon="25.2247034">
        <ele>84</ele>
      </trkpt>
      <trkpt lat="54.6866642" lon="25.224691">
        <ele>84</ele>
      </trkpt>
      <trkpt lat="54.6866396" lon="25.2246786">
        <ele>84</ele>
      </trkpt>
      <trkpt lat="54.686616" lon="25.2246688">
        <ele>84</ele>
      </trkpt>
      <trkpt lat="54.6865924" lon="25.2246591">
        <ele>84</ele>
      </trkpt>
      <trkpt lat="54.6865704" lon="25.2246526">
        <ele>84</ele>
      </trkpt>
      <trkpt lat="54.6865485" lon="25.2246461">
        <ele>84</ele>
      </trkpt>
      <trkpt lat="54.6865282" lon="25.2246438">
        <ele>84</ele>
      </trkpt>
      <trkpt lat="54.6865079" lon="25.2246415">
        <ele>84</ele>
      </trkpt>
      <trkpt lat="54.6864873" lon="25.224637">
        <ele>84</ele>
      </trkpt>
      <trkpt lat="54.6864667" lon="25.2246326">
        <ele>84</ele>
      </trkpt>
      <trkpt lat="54.6864458" lon="25.2246263">
        <ele>84</ele>
      </trkpt>
      <trkpt lat="54.6864249" lon="25.2246201">
        <ele>84</ele>
      </trkpt>
      <trkpt lat="54.6864051" lon="25.224615">
        <ele>84</ele>
      </trkpt>
      <trkpt lat="54.6863853" lon="25.22461">
        <ele>84</ele>
      </trkpt>
      <trkpt lat="54.6863679" lon="25.2246065">
        <ele>84</ele>
      </trkpt>
      <trkpt lat="54.6863506" lon="25.2246031">
        <ele>84</ele>
      </trkpt>
      <trkpt lat="54.6863344" lon="25.2246001">
        <ele>84</ele>
      </trkpt>
      <trkpt lat="54.6863182" lon="25.2245971">
        <ele>84</ele>
      </trkpt>
      <trkpt lat="54.6862991" lon="25.2245964">
        <ele>84</ele>
      </trkpt>
      <trkpt lat="54.6862801" lon="25.2245958">
        <ele>84</ele>
      </trkpt>
      <trkpt lat="54.6862561" lon="25.2245983">
        <ele>84</ele>
      </trkpt>
      <trkpt lat="54.6862321" lon="25.2246008">
        <ele>84</ele>
      </trkpt>
      <trkpt lat="54.6862052" lon="25.2246028">
        <ele>84</ele>
      </trkpt>
      <trkpt lat="54.6861784" lon="25.2246049">
        <ele>84</ele>
      </trkpt>
      <trkpt lat="54.6861526" lon="25.2246027">
        <ele>84</ele>
      </trkpt>
      <trkpt lat="54.6861268" lon="25.2246005">
        <ele>84</ele>
      </trkpt>
      <trkpt lat="54.6861041" lon="25.2245932">
        <ele>84</ele>
      </trkpt>
      <trkpt lat="54.6860815" lon="25.224586">
        <ele>84</ele>
      </trkpt>
      <trkpt lat="54.6860607" lon="25.2245774">
        <ele>84</ele>
      </trkpt>
      <trkpt lat="54.68604" lon="25.2245689">
        <ele>84</ele>
      </trkpt>
      <trkpt lat="54.6860208" lon="25.2245548">
        <ele>84</ele>
      </trkpt>
      <trkpt lat="54.6860017" lon="25.2245408">
        <ele>84</ele>
      </trkpt>
      <trkpt lat="54.6859852" lon="25.2245204">
        <ele>84</ele>
      </trkpt>
      <trkpt lat="54.6859687" lon="25.2245001">
        <ele>84</ele>
      </trkpt>
      <trkpt lat="54.6859574" lon="25.2244818">
        <ele>85</ele>
      </trkpt>
      <trkpt lat="54.6859462" lon="25.2244636">
        <ele>85</ele>
      </trkpt>
      <trkpt lat="54.6859411" lon="25.2244537">
        <ele>85</ele>
      </trkpt>
      <trkpt lat="54.6859361" lon="25.2244438">
        <ele>85</ele>
      </trkpt>
      <trkpt lat="54.6859311" lon="25.224434">
        <ele>85</ele>
      </trkpt>
      <trkpt lat="54.6859254" lon="25.2244238">
        <ele>85</ele>
      </trkpt>
      <trkpt lat="54.6859197" lon="25.2244136">
        <ele>85</ele>
      </trkpt>
      <trkpt lat="54.6859158" lon="25.224405">
        <ele>85</ele>
      </trkpt>
      <trkpt lat="54.6859119" lon="25.2243965">
        <ele>86</ele>
      </trkpt>
      <trkpt lat="54.6859101" lon="25.2243836">
        <ele>86</ele>
      </trkpt>
      <trkpt lat="54.6859084" lon="25.2243708">
        <ele>87</ele>
      </trkpt>
      <trkpt lat="54.6859078" lon="25.224356">
        <ele>87</ele>
      </trkpt>
      <trkpt lat="54.6859072" lon="25.2243413">
        <ele>87</ele>
      </trkpt>
      <trkpt lat="54.6859054" lon="25.2243332">
        <ele>88</ele>
      </trkpt>
      <trkpt lat="54.6859037" lon="25.2243251">
        <ele>88</ele>
      </trkpt>
      <trkpt lat="54.685902" lon="25.224317">
        <ele>89</ele>
      </trkpt>
      <trkpt lat="54.6858972" lon="25.2243149">
        <ele>89</ele>
      </trkpt>
      <trkpt lat="54.6858924" lon="25.2243129">
        <ele>89</ele>
      </trkpt>
      <trkpt lat="54.6858872" lon="25.2243183">
        <ele>89</ele>
      </trkpt>
      <trkpt lat="54.685882" lon="25.2243238">
        <ele>89</ele>
      </trkpt>
      <trkpt lat="54.6858773" lon="25.224333">
        <ele>90</ele>
      </trkpt>
      <trkpt lat="54.6858727" lon="25.2243423">
        <ele>90</ele>
      </trkpt>
      <trkpt lat="54.6858677" lon="25.22435">
        <ele>90</ele>
      </trkpt>
      <trkpt lat="54.6858628" lon="25.2243578">
        <ele>91</ele>
      </trkpt>
      <trkpt lat="54.6858555" lon="25.2243541">
        <ele>91</ele>
      </trkpt>
      <trkpt lat="54.6858482" lon="25.2243504">
        <ele>92</ele>
      </trkpt>
      <trkpt lat="54.6858416" lon="25.2243428">
        <ele>92</ele>
      </trkpt>
      <trkpt lat="54.6858351" lon="25.2243353">
        <ele>92</ele>
      </trkpt>
      <trkpt lat="54.6858316" lon="25.2243254">
        <ele>92</ele>
      </trkpt>
      <trkpt lat="54.6858281" lon="25.2243156">
        <ele>92</ele>
      </trkpt>
      <trkpt lat="54.6858256" lon="25.2243056">
        <ele>93</ele>
      </trkpt>
      <trkpt lat="54.6858231" lon="25.2242957">
        <ele>93</ele>
      </trkpt>
      <trkpt lat="54.6858191" lon="25.2242868">
        <ele>93</ele>
      </trkpt>
      <trkpt lat="54.6858152" lon="25.2242779">
        <ele>93</ele>
      </trkpt>
      <trkpt lat="54.6858094" lon="25.224272">
        <ele>93</ele>
      </trkpt>
      <trkpt lat="54.6858036" lon="25.2242661">
        <ele>94</ele>
      </trkpt>
      <trkpt lat="54.6857978" lon="25.2242626">
        <ele>94</ele>
      </trkpt>
      <trkpt lat="54.6857921" lon="25.2242591">
        <ele>94</ele>
      </trkpt>
      <trkpt lat="54.6857869" lon="25.2242567">
        <ele>94</ele>
      </trkpt>
      <trkpt lat="54.6857818" lon="25.2242543">
        <ele>94</ele>
      </trkpt>
      <trkpt lat="54.6857777" lon="25.2242536">
        <ele>95</ele>
      </trkpt>
      <trkpt lat="54.6857736" lon="25.2242529">
        <ele>95</ele>
      </trkpt>
      <trkpt lat="54.6857695" lon="25.2242523">
        <ele>95</ele>
      </trkpt>
      <trkpt lat="54.6857625" lon="25.2242554">
        <ele>96</ele>
      </trkpt>
      <trkpt lat="54.6857555" lon="25.2242586">
        <ele>96</ele>
      </trkpt>
      <trkpt lat="54.6857491" lon="25.2242633">
        <ele>97</ele>
      </trkpt>
      <trkpt lat="54.6857427" lon="25.224268">
        <ele>97</ele>
      </trkpt>
      <trkpt lat="54.6857361" lon="25.2242675">
        <ele>97</ele>
      </trkpt>
      <trkpt lat="54.6857296" lon="25.224267">
        <ele>97</ele>
      </trkpt>
      <trkpt lat="54.6857065" lon="25.2242477">
        <ele>101</ele>
      </trkpt>
      <trkpt lat="54.685696" lon="25.2242385">
        <ele>101</ele>
      </trkpt>
      <trkpt lat="54.6856855" lon="25.2242294">
        <ele>102</ele>
      </trkpt>
      <trkpt lat="54.6856796" lon="25.2242205">
        <ele>102</ele>
      </trkpt>
      <trkpt lat="54.6856737" lon="25.2242116">
        <ele>102</ele>
      </trkpt>
      <trkpt lat="54.6856705" lon="25.2241979">
        <ele>103</ele>
      </trkpt>
      <trkpt lat="54.6856674" lon="25.2241843">
        <ele>103</ele>
      </trkpt>
      <trkpt lat="54.6856656" lon="25.2241767">
        <ele>104</ele>
      </trkpt>
      <trkpt lat="54.6856638" lon="25.2241691">
        <ele>104</ele>
      </trkpt>
      <trkpt lat="54.6856597" lon="25.2241577">
        <ele>104</ele>
      </trkpt>
      <trkpt lat="54.6856556" lon="25.2241464">
        <ele>104</ele>
      </trkpt>
      <trkpt lat="54.6856499" lon="25.2241338">
        <ele>104</ele>
      </trkpt>
      <trkpt lat="54.6856443" lon="25.2241213">
        <ele>105</ele>
      </trkpt>
      <trkpt lat="54.6856377" lon="25.224108">
        <ele>105</ele>
      </trkpt>
      <trkpt lat="54.6856312" lon="25.2240948">
        <ele>105</ele>
      </trkpt>
      <trkpt lat="54.6856234" lon="25.2240849">
        <ele>105</ele>
      </trkpt>
      <trkpt lat="54.6856157" lon="25.2240751">
        <ele>105</ele>
      </trkpt>
      <trkpt lat="54.6856081" lon="25.2240688">
        <ele>106</ele>
      </trkpt>
      <trkpt lat="54.6856006" lon="25.2240625">
        <ele>106</ele>
      </trkpt>
      <trkpt lat="54.6855932" lon="25.2240568">
        <ele>106</ele>
      </trkpt>
      <trkpt lat="54.6855859" lon="25.2240511">
        <ele>107</ele>
      </trkpt>
      <trkpt lat="54.6855832" lon="25.224049">
        <ele>107</ele>
      </trkpt>
      <trkpt lat="54.6855806" lon="25.2240469">
        <ele>108</ele>
      </trkpt>
      <trkpt lat="54.685578" lon="25.2240448">
        <ele>108</ele>
      </trkpt>
      <trkpt lat="54.6855715" lon="25.2240372">
        <ele>108</ele>
      </trkpt>
      <trkpt lat="54.6855651" lon="25.2240297">
        <ele>108</ele>
      </trkpt>
      <trkpt lat="54.6855591" lon="25.2240235">
        <ele>108</ele>
      </trkpt>
      <trkpt lat="54.6855532" lon="25.2240174">
        <ele>109</ele>
      </trkpt>
      <trkpt lat="54.6855477" lon="25.224013">
        <ele>109</ele>
      </trkpt>
      <trkpt lat="54.6855423" lon="25.2240087">
        <ele>109</ele>
      </trkpt>
      <trkpt lat="54.6855373" lon="25.2240021">
        <ele>109</ele>
      </trkpt>
      <trkpt lat="54.6855324" lon="25.2239955">
        <ele>109</ele>
      </trkpt>
      <trkpt lat="54.6855281" lon="25.2239908">
        <ele>110</ele>
      </trkpt>
      <trkpt lat="54.6855238" lon="25.2239861">
        <ele>110</ele>
      </trkpt>
      <trkpt lat="54.685519" lon="25.2239861">
        <ele>110</ele>
      </trkpt>
      <trkpt lat="54.6855142" lon="25.2239862">
        <ele>111</ele>
      </trkpt>
      <trkpt lat="54.6855105" lon="25.2239874">
        <ele>111</ele>
      </trkpt>
      <trkpt lat="54.6855068" lon="25.2239886">
        <ele>112</ele>
      </trkpt>
      <trkpt lat="54.6855001" lon="25.2239905">
        <ele>112</ele>
      </trkpt>
      <trkpt lat="54.6854934" lon="25.2239924">
        <ele>112</ele>
      </trkpt>
      <trkpt lat="54.6854873" lon="25.2239893">
        <ele>112</ele>
      </trkpt>
      <trkpt lat="54.6854812" lon="25.2239863">
        <ele>112</ele>
      </trkpt>
      <trkpt lat="54.6854769" lon="25.2239795">
        <ele>113</ele>
      </trkpt>
      <trkpt lat="54.6854726" lon="25.2239728">
        <ele>113</ele>
      </trkpt>
      <trkpt lat="54.6854686" lon="25.2239608">
        <ele>113</ele>
      </trkpt>
      <trkpt lat="54.6854647" lon="25.2239488">
        <ele>114</ele>
      </trkpt>
      <trkpt lat="54.6854621" lon="25.2239357">
        <ele>114</ele>
      </trkpt>
      <trkpt lat="54.6854596" lon="25.2239227">
        <ele>115</ele>
      </trkpt>
      <trkpt lat="54.6854518" lon="25.2238949">
        <ele>120</ele>
      </trkpt>
      <trkpt lat="54.6854458" lon="25.2238806">
        <ele>120</ele>
      </trkpt>
      <trkpt lat="54.6854399" lon="25.2238664">
        <ele>120</ele>
      </trkpt>
      <trkpt lat="54.6854333" lon="25.2238632">
        <ele>120</ele>
      </trkpt>
      <trkpt lat="54.6854268" lon="25.2238601">
        <ele>120</ele>
      </trkpt>
      <trkpt lat="54.6854178" lon="25.2238644">
        <ele>121</ele>
      </trkpt>
      <trkpt lat="54.6854089" lon="25.2238688">
        <ele>121</ele>
      </trkpt>
      <trkpt lat="54.6853969" lon="25.2238785">
        <ele>121</ele>
      </trkpt>
      <trkpt lat="54.6853849" lon="25.2238882">
        <ele>122</ele>
      </trkpt>
      <trkpt lat="54.685369" lon="25.2239005">
        <ele>122</ele>
      </trkpt>
      <trkpt lat="54.6853532" lon="25.2239129">
        <ele>123</ele>
      </trkpt>
      <trkpt lat="54.6853387" lon="25.2239175">
        <ele>123</ele>
      </trkpt>
      <trkpt lat="54.6853242" lon="25.2239221">
        <ele>123</ele>
      </trkpt>
      <trkpt lat="54.6853136" lon="25.2239174">
        <ele>123</ele>
      </trkpt>
      <trkpt lat="54.6853031" lon="25.2239128">
        <ele>123</ele>
      </trkpt>
      <trkpt lat="54.6852948" lon="25.2239027">
        <ele>124</ele>
      </trkpt>
      <trkpt lat="54.6852865" lon="25.2238927">
        <ele>124</ele>
      </trkpt>
      <trkpt lat="54.685278" lon="25.2238848">
        <ele>124</ele>
      </trkpt>
      <trkpt lat="54.6852695" lon="25.223877">
        <ele>124</ele>
      </trkpt>
      <trkpt lat="54.6852609" lon="25.2238757">
        <ele>124</ele>
      </trkpt>
      <trkpt lat="54.6852523" lon="25.2238745">
        <ele>125</ele>
      </trkpt>
      <trkpt lat="54.6852423" lon="25.2238794">
        <ele>125</ele>
      </trkpt>
      <trkpt lat="54.6852323" lon="25.2238844">
        <ele>125</ele>
      </trkpt>
      <trkpt lat="54.6852203" lon="25.2238893">
        <ele>126</ele>
      </trkpt>
      <trkpt lat="54.6852083" lon="25.2238943">
        <ele>126</ele>
      </trkpt>
      <trkpt lat="54.6851951" lon="25.2238927">
        <ele>127</ele>
      </trkpt>
      <trkpt lat="54.6851819" lon="25.2238912">
        <ele>127</ele>
      </trkpt>
      <trkpt lat="54.6851688" lon="25.2238876">
        <ele>127</ele>
      </trkpt>
      <trkpt lat="54.6851557" lon="25.2238841">
        <ele>127</ele>
      </trkpt>
      <trkpt lat="54.6851435" lon="25.2238849">
        <ele>127</ele>
      </trkpt>
      <trkpt lat="54.6851313" lon="25.2238857">
        <ele>128</ele>
      </trkpt>
      <trkpt lat="54.6851198" lon="25.2238894">
        <ele>128</ele>
      </trkpt>
      <trkpt lat="54.6851083" lon="25.2238931">
        <ele>128</ele>
      </trkpt>
      <trkpt lat="54.6850971" lon="25.2238939">
        <ele>128</ele>
      </trkpt>
      <trkpt lat="54.6850859" lon="25.2238948">
        <ele>128</ele>
      </trkpt>
      <trkpt lat="54.6850741" lon="25.2238901">
        <ele>128</ele>
      </trkpt>
      <trkpt lat="54.6850624" lon="25.2238854">
        <ele>128</ele>
      </trkpt>
      <trkpt lat="54.6850527" lon="25.2238756">
        <ele>128</ele>
      </trkpt>
      <trkpt lat="54.6850431" lon="25.2238658">
        <ele>129</ele>
      </trkpt>
      <trkpt lat="54.6850356" lon="25.2238543">
        <ele>129</ele>
      </trkpt>
      <trkpt lat="54.6850281" lon="25.2238428">
        <ele>130</ele>
      </trkpt>
      <trkpt lat="54.6850213" lon="25.2238357">
        <ele>130</ele>
      </trkpt>
      <trkpt lat="54.6850145" lon="25.2238286">
        <ele>130</ele>
      </trkpt>
      <trkpt lat="54.6850064" lon="25.2238253">
        <ele>130</ele>
      </trkpt>
      <trkpt lat="54.6849984" lon="25.2238221">
        <ele>130</ele>
      </trkpt>
      <trkpt lat="54.6849886" lon="25.223817">
        <ele>131</ele>
      </trkpt>
      <trkpt lat="54.6849788" lon="25.223812">
        <ele>131</ele>
      </trkpt>
      <trkpt lat="54.6849672" lon="25.2238042">
        <ele>131</ele>
      </trkpt>
      <trkpt lat="54.6849557" lon="25.2237964">
        <ele>131</ele>
      </trkpt>
      <trkpt lat="54.684944" lon="25.223789">
        <ele>131</ele>
      </trkpt>
      <trkpt lat="54.6849324" lon="25.2237817">
        <ele>132</ele>
      </trkpt>
      <trkpt lat="54.6849209" lon="25.2237772">
        <ele>132</ele>
      </trkpt>
      <trkpt lat="54.6849095" lon="25.2237727">
        <ele>132</ele>
      </trkpt>
      <trkpt lat="54.6848996" lon="25.2237703">
        <ele>132</ele>
      </trkpt>
      <trkpt lat="54.6848897" lon="25.2237679">
        <ele>132</ele>
      </trkpt>
      <trkpt lat="54.684881" lon="25.2237679">
        <ele>133</ele>
      </trkpt>
      <trkpt lat="54.6848723" lon="25.223768">
        <ele>133</ele>
      </trkpt>
      <trkpt lat="54.6848642" lon="25.2237696">
        <ele>133</ele>
      </trkpt>
      <trkpt lat="54.6848562" lon="25.2237712">
        <ele>134</ele>
      </trkpt>
      <trkpt lat="54.6848485" lon="25.2237735">
        <ele>134</ele>
      </trkpt>
      <trkpt lat="54.6848408" lon="25.2237758">
        <ele>135</ele>
      </trkpt>
      <trkpt lat="54.684834" lon="25.2237802">
        <ele>135</ele>
      </trkpt>
      <trkpt lat="54.6848273" lon="25.2237847">
        <ele>135</ele>
      </trkpt>
      <trkpt lat="54.6848207" lon="25.223791">
        <ele>135</ele>
      </trkpt>
      <trkpt lat="54.6848142" lon="25.2237973">
        <ele>135</ele>
      </trkpt>
      <trkpt lat="54.6848074" lon="25.2238038">
        <ele>136</ele>
      </trkpt>
      <trkpt lat="54.6848006" lon="25.2238103">
        <ele>136</ele>
      </trkpt>
      <trkpt lat="54.6847936" lon="25.2238157">
        <ele>136</ele>
      </trkpt>
      <trkpt lat="54.6847867" lon="25.2238211">
        <ele>137</ele>
      </trkpt>
      <trkpt lat="54.6847791" lon="25.2238216">
        <ele>137</ele>
      </trkpt>
      <trkpt lat="54.6847715" lon="25.2238222">
        <ele>138</ele>
      </trkpt>
      <trkpt lat="54.6847638" lon="25.2238168">
        <ele>138</ele>
      </trkpt>
      <trkpt lat="54.6847562" lon="25.2238114">
        <ele>138</ele>
      </trkpt>
      <trkpt lat="54.6847498" lon="25.2238032">
        <ele>138</ele>
      </trkpt>
      <trkpt lat="54.6847434" lon="25.2237951">
        <ele>138</ele>
      </trkpt>
      <trkpt lat="54.6847371" lon="25.2237845">
        <ele>139</ele>
      </trkpt>
      <trkpt lat="54.6847308" lon="25.2237739">
        <ele>139</ele>
      </trkpt>
      <trkpt lat="54.6847229" lon="25.2237636">
        <ele>139</ele>
      </trkpt>
      <trkpt lat="54.6847151" lon="25.2237533">
        <ele>140</ele>
      </trkpt>
      <trkpt lat="54.6847052" lon="25.2237434">
        <ele>140</ele>
      </trkpt>
      <trkpt lat="54.6846953" lon="25.2237336">
        <ele>141</ele>
      </trkpt>
      <trkpt lat="54.6846848" lon="25.2237229">
        <ele>141</ele>
      </trkpt>
      <trkpt lat="54.6846743" lon="25.2237123">
        <ele>141</ele>
      </trkpt>
      <trkpt lat="54.684664" lon="25.2237007">
        <ele>141</ele>
      </trkpt>
      <trkpt lat="54.6846537" lon="25.2236891">
        <ele>141</ele>
      </trkpt>
      <trkpt lat="54.6846452" lon="25.2236755">
        <ele>142</ele>
      </trkpt>
      <trkpt lat="54.6846367" lon="25.223662">
        <ele>142</ele>
      </trkpt>
      <trkpt lat="54.6846291" lon="25.2236455">
        <ele>142</ele>
      </trkpt>
      <trkpt lat="54.6846215" lon="25.223629">
        <ele>142</ele>
      </trkpt>
      <trkpt lat="54.6846135" lon="25.2236088">
        <ele>142</ele>
      </trkpt>
      <trkpt lat="54.6846056" lon="25.2235886">
        <ele>143</ele>
      </trkpt>
      <trkpt lat="54.6845989" lon="25.2235654">
        <ele>143</ele>
      </trkpt>
      <trkpt lat="54.6845923" lon="25.2235422">
        <ele>143</ele>
      </trkpt>
      <trkpt lat="54.6845872" lon="25.2235168">
        <ele>143</ele>
      </trkpt>
      <trkpt lat="54.6845821" lon="25.2234914">
        <ele>143</ele>
      </trkpt>
      <trkpt lat="54.6845758" lon="25.2234621">
        <ele>144</ele>
      </trkpt>
      <trkpt lat="54.6845696" lon="25.2234328">
        <ele>144</ele>
      </trkpt>
      <trkpt lat="54.6845609" lon="25.2234022">
        <ele>144</ele>
      </trkpt>
      <trkpt lat="54.6845523" lon="25.2233717">
        <ele>144</ele>
      </trkpt>
      <trkpt lat="54.6845431" lon="25.2233448">
        <ele>144</ele>
      </trkpt>
      <trkpt lat="54.6845339" lon="25.2233179">
        <ele>144</ele>
      </trkpt>
      <trkpt lat="54.6845256" lon="25.2232914">
        <ele>144</ele>
      </trkpt>
      <trkpt lat="54.6845173" lon="25.223265">
        <ele>144</ele>
      </trkpt>
      <trkpt lat="54.6845075" lon="25.2232352">
        <ele>144</ele>
      </trkpt>
      <trkpt lat="54.6844977" lon="25.2232055">
        <ele>144</ele>
      </trkpt>
      <trkpt lat="54.6844844" lon="25.2231731">
        <ele>144</ele>
      </trkpt>
      <trkpt lat="54.6844711" lon="25.2231407">
        <ele>144</ele>
      </trkpt>
      <trkpt lat="54.6844571" lon="25.2231079">
        <ele>144</ele>
      </trkpt>
      <trkpt lat="54.6844432" lon="25.2230752">
        <ele>144</ele>
      </trkpt>
      <trkpt lat="54.6844312" lon="25.2230432">
        <ele>144</ele>
      </trkpt>
      <trkpt lat="54.6844192" lon="25.2230113">
        <ele>144</ele>
      </trkpt>
      <trkpt lat="54.6844106" lon="25.2229812">
        <ele>144</ele>
      </trkpt>
      <trkpt lat="54.684402" lon="25.2229512">
        <ele>144</ele>
      </trkpt>
      <trkpt lat="54.6843948" lon="25.2229216">
        <ele>144</ele>
      </trkpt>
      <trkpt lat="54.6843877" lon="25.222892">
        <ele>144</ele>
      </trkpt>
      <trkpt lat="54.684382" lon="25.2228592">
        <ele>145</ele>
      </trkpt>
      <trkpt lat="54.6843764" lon="25.2228264">
        <ele>145</ele>
      </trkpt>
      <trkpt lat="54.6843729" lon="25.2227936">
        <ele>145</ele>
      </trkpt>
      <trkpt lat="54.6843695" lon="25.2227609">
        <ele>145</ele>
      </trkpt>
      <trkpt lat="54.6843675" lon="25.2227285">
        <ele>145</ele>
      </trkpt>
      <trkpt lat="54.6843655" lon="25.2226961">
        <ele>146</ele>
      </trkpt>
      <trkpt lat="54.6843623" lon="25.2226648">
        <ele>146</ele>
      </trkpt>
      <trkpt lat="54.6843592" lon="25.2226335">
        <ele>146</ele>
      </trkpt>
      <trkpt lat="54.684355" lon="25.2226034">
        <ele>146</ele>
      </trkpt>
      <trkpt lat="54.6843508" lon="25.2225733">
        <ele>146</ele>
      </trkpt>
      <trkpt lat="54.6843467" lon="25.2225431">
        <ele>147</ele>
      </trkpt>
      <trkpt lat="54.6843426" lon="25.222513">
        <ele>147</ele>
      </trkpt>
      <trkpt lat="54.6843388" lon="25.2224828">
        <ele>147</ele>
      </trkpt>
      <trkpt lat="54.684335" lon="25.2224526">
        <ele>147</ele>
      </trkpt>
      <trkpt lat="54.6843298" lon="25.222424">
        <ele>147</ele>
      </trkpt>
      <trkpt lat="54.6843246" lon="25.2223955">
        <ele>148</ele>
      </trkpt>
      <trkpt lat="54.6843161" lon="25.2223643">
        <ele>148</ele>
      </trkpt>
      <trkpt lat="54.6843076" lon="25.2223332">
        <ele>148</ele>
      </trkpt>
      <trkpt lat="54.6842992" lon="25.2222992">
        <ele>148</ele>
      </trkpt>
      <trkpt lat="54.6842909" lon="25.2222653">
        <ele>148</ele>
      </trkpt>
      <trkpt lat="54.6842848" lon="25.2222292">
        <ele>148</ele>
      </trkpt>
      <trkpt lat="54.6842788" lon="25.2221932">
        <ele>148</ele>
      </trkpt>
      <trkpt lat="54.6842752" lon="25.2221565">
        <ele>148</ele>
      </trkpt>
      <trkpt lat="54.6842716" lon="25.2221199">
        <ele>148</ele>
      </trkpt>
      <trkpt lat="54.6842691" lon="25.2220839">
        <ele>148</ele>
      </trkpt>
      <trkpt lat="54.6842666" lon="25.2220479">
        <ele>149</ele>
      </trkpt>
      <trkpt lat="54.684265" lon="25.2220127">
        <ele>149</ele>
      </trkpt>
      <trkpt lat="54.6842634" lon="25.2219775">
        <ele>149</ele>
      </trkpt>
      <trkpt lat="54.684263" lon="25.2219444">
        <ele>149</ele>
      </trkpt>
      <trkpt lat="54.6842626" lon="25.2219113">
        <ele>149</ele>
      </trkpt>
      <trkpt lat="54.6842627" lon="25.2218806">
        <ele>149</ele>
      </trkpt>
      <trkpt lat="54.6842629" lon="25.22185">
        <ele>149</ele>
      </trkpt>
      <trkpt lat="54.6842612" lon="25.2218171">
        <ele>149</ele>
      </trkpt>
      <trkpt lat="54.6842596" lon="25.2217842">
        <ele>150</ele>
      </trkpt>
      <trkpt lat="54.6842574" lon="25.2217494">
        <ele>150</ele>
      </trkpt>
      <trkpt lat="54.6842552" lon="25.2217146">
        <ele>151</ele>
      </trkpt>
      <trkpt lat="54.6842555" lon="25.2216832">
        <ele>151</ele>
      </trkpt>
      <trkpt lat="54.6842558" lon="25.2216519">
        <ele>151</ele>
      </trkpt>
      <trkpt lat="54.6842566" lon="25.2216225">
        <ele>151</ele>
      </trkpt>
      <trkpt lat="54.6842574" lon="25.2215931">
        <ele>151</ele>
      </trkpt>
      <trkpt lat="54.6842599" lon="25.2215629">
        <ele>151</ele>
      </trkpt>
      <trkpt lat="54.6842625" lon="25.2215328">
        <ele>151</ele>
      </trkpt>
      <trkpt lat="54.6842662" lon="25.2215013">
        <ele>151</ele>
      </trkpt>
      <trkpt lat="54.6842699" lon="25.2214699">
        <ele>151</ele>
      </trkpt>
      <trkpt lat="54.6842736" lon="25.221435">
        <ele>151</ele>
      </trkpt>
      <trkpt lat="54.6842774" lon="25.2214002">
        <ele>152</ele>
      </trkpt>
      <trkpt lat="54.6842799" lon="25.2213614">
        <ele>152</ele>
      </trkpt>
      <trkpt lat="54.6842825" lon="25.2213226">
        <ele>152</ele>
      </trkpt>
      <trkpt lat="54.6842831" lon="25.2212827">
        <ele>152</ele>
      </trkpt>
      <trkpt lat="54.6842838" lon="25.2212429">
        <ele>152</ele>
      </trkpt>
      <trkpt lat="54.6842843" lon="25.2212019">
        <ele>152</ele>
      </trkpt>
      <trkpt lat="54.6842848" lon="25.2211609">
        <ele>152</ele>
      </trkpt>
      <trkpt lat="54.6842829" lon="25.2211227">
        <ele>152</ele>
      </trkpt>
      <trkpt lat="54.684281" lon="25.2210845">
        <ele>152</ele>
      </trkpt>
      <trkpt lat="54.6842776" lon="25.2210466">
        <ele>152</ele>
      </trkpt>
      <trkpt lat="54.6842742" lon="25.2210087">
        <ele>152</ele>
      </trkpt>
      <trkpt lat="54.6842691" lon="25.2209753">
        <ele>152</ele>
      </trkpt>
      <trkpt lat="54.6842641" lon="25.220942">
        <ele>152</ele>
      </trkpt>
      <trkpt lat="54.684257" lon="25.2209103">
        <ele>152</ele>
      </trkpt>
      <trkpt lat="54.6842499" lon="25.2208786">
        <ele>152</ele>
      </trkpt>
      <trkpt lat="54.6842441" lon="25.2208518">
        <ele>153</ele>
      </trkpt>
      <trkpt lat="54.6842384" lon="25.220825">
        <ele>153</ele>
      </trkpt>
      <trkpt lat="54.6842337" lon="25.2207989">
        <ele>153</ele>
      </trkpt>
      <trkpt lat="54.6842291" lon="25.2207729">
        <ele>153</ele>
      </trkpt>
      <trkpt lat="54.6842251" lon="25.2207464">
        <ele>153</ele>
      </trkpt>
      <trkpt lat="54.6842212" lon="25.22072">
        <ele>154</ele>
      </trkpt>
      <trkpt lat="54.6842149" lon="25.2206883">
        <ele>154</ele>
      </trkpt>
      <trkpt lat="54.6842086" lon="25.2206566">
        <ele>154</ele>
      </trkpt>
      <trkpt lat="54.6841998" lon="25.2206244">
        <ele>154</ele>
      </trkpt>
      <trkpt lat="54.6841911" lon="25.2205922">
        <ele>154</ele>
      </trkpt>
      <trkpt lat="54.6841829" lon="25.2205612">
        <ele>154</ele>
      </trkpt>
      <trkpt lat="54.6841747" lon="25.2205303">
        <ele>154</ele>
      </trkpt>
      <trkpt lat="54.6841683" lon="25.2204996">
        <ele>154</ele>
      </trkpt>
      <trkpt lat="54.6841619" lon="25.2204689">
        <ele>154</ele>
      </trkpt>
      <trkpt lat="54.6841552" lon="25.2204358">
        <ele>154</ele>
      </trkpt>
      <trkpt lat="54.6841486" lon="25.2204027">
        <ele>155</ele>
      </trkpt>
      <trkpt lat="54.6841428" lon="25.2203654">
        <ele>155</ele>
      </trkpt>
      <trkpt lat="54.684137" lon="25.2203282">
        <ele>155</ele>
      </trkpt>
      <trkpt lat="54.6841366" lon="25.2202917">
        <ele>155</ele>
      </trkpt>
      <trkpt lat="54.6841362" lon="25.2202553">
        <ele>155</ele>
      </trkpt>
      <trkpt lat="54.6841394" lon="25.2202203">
        <ele>155</ele>
      </trkpt>
      <trkpt lat="54.6841426" lon="25.2201853">
        <ele>155</ele>
      </trkpt>
      <trkpt lat="54.6841466" lon="25.22015">
        <ele>155</ele>
      </trkpt>
      <trkpt lat="54.6841507" lon="25.2201147">
        <ele>155</ele>
      </trkpt>
      <trkpt lat="54.6841561" lon="25.2200804">
        <ele>155</ele>
      </trkpt>
      <trkpt lat="54.6841616" lon="25.2200461">
        <ele>156</ele>
      </trkpt>
      <trkpt lat="54.6841675" lon="25.2200119">
        <ele>156</ele>
      </trkpt>
      <trkpt lat="54.6841735" lon="25.2199778">
        <ele>156</ele>
      </trkpt>
      <trkpt lat="54.6841785" lon="25.2199416">
        <ele>156</ele>
      </trkpt>
      <trkpt lat="54.6841835" lon="25.2199055">
        <ele>156</ele>
      </trkpt>
      <trkpt lat="54.6841887" lon="25.2198668">
        <ele>156</ele>
      </trkpt>
      <trkpt lat="54.684194" lon="25.2198282">
        <ele>156</ele>
      </trkpt>
      <trkpt lat="54.684195" lon="25.2197828">
        <ele>156</ele>
      </trkpt>
      <trkpt lat="54.6841961" lon="25.2197374">
        <ele>156</ele>
      </trkpt>
      <trkpt lat="54.6841933" lon="25.219689">
        <ele>156</ele>
      </trkpt>
      <trkpt lat="54.6841905" lon="25.2196406">
        <ele>156</ele>
      </trkpt>
      <trkpt lat="54.6841863" lon="25.2195957">
        <ele>156</ele>
      </trkpt>
      <trkpt lat="54.6841822" lon="25.2195509">
        <ele>156</ele>
      </trkpt>
      <trkpt lat="54.6841787" lon="25.2195126">
        <ele>156</ele>
      </trkpt>
      <trkpt lat="54.6841753" lon="25.2194743">
        <ele>156</ele>
      </trkpt>
      <trkpt lat="54.6841714" lon="25.2194389">
        <ele>156</ele>
      </trkpt>
      <trkpt lat="54.6841676" lon="25.2194035">
        <ele>156</ele>
      </trkpt>
      <trkpt lat="54.6841614" lon="25.2193704">
        <ele>156</ele>
      </trkpt>
      <trkpt lat="54.6841552" lon="25.2193374">
        <ele>156</ele>
      </trkpt>
      <trkpt lat="54.684149" lon="25.2192981">
        <ele>156</ele>
      </trkpt>
      <trkpt lat="54.6841428" lon="25.2192588">
        <ele>156</ele>
      </trkpt>
      <trkpt lat="54.6841363" lon="25.219208">
        <ele>156</ele>
      </trkpt>
      <trkpt lat="54.6841298" lon="25.2191573">
        <ele>156</ele>
      </trkpt>
      <trkpt lat="54.6841246" lon="25.2190977">
        <ele>156</ele>
      </trkpt>
      <trkpt lat="54.6841194" lon="25.2190382">
        <ele>156</ele>
      </trkpt>
      <trkpt lat="54.6841208" lon="25.2189856">
        <ele>156</ele>
      </trkpt>
      <trkpt lat="54.6841222" lon="25.2189331">
        <ele>156</ele>
      </trkpt>
      <trkpt lat="54.6841267" lon="25.2188821">
        <ele>156</ele>
      </trkpt>
      <trkpt lat="54.6841312" lon="25.2188312">
        <ele>156</ele>
      </trkpt>
      <trkpt lat="54.6841362" lon="25.2187789">
        <ele>156</ele>
      </trkpt>
      <trkpt lat="54.6841412" lon="25.2187267">
        <ele>156</ele>
      </trkpt>
      <trkpt lat="54.6841492" lon="25.218679">
        <ele>155</ele>
      </trkpt>
      <trkpt lat="54.6841572" lon="25.2186313">
        <ele>155</ele>
      </trkpt>
      <trkpt lat="54.6841662" lon="25.2185873">
        <ele>155</ele>
      </trkpt>
      <trkpt lat="54.6841752" lon="25.2185434">
        <ele>155</ele>
      </trkpt>
      <trkpt lat="54.6841845" lon="25.2185025">
        <ele>155</ele>
      </trkpt>
      <trkpt lat="54.6841938" lon="25.2184617">
        <ele>155</ele>
      </trkpt>
      <trkpt lat="54.6842039" lon="25.2184248">
        <ele>155</ele>
      </trkpt>
      <trkpt lat="54.684214" lon="25.2183879">
        <ele>155</ele>
      </trkpt>
      <trkpt lat="54.6842264" lon="25.218355">
        <ele>155</ele>
      </trkpt>
      <trkpt lat="54.6842388" lon="25.2183221">
        <ele>155</ele>
      </trkpt>
      <trkpt lat="54.6842515" lon="25.2182896">
        <ele>155</ele>
      </trkpt>
      <trkpt lat="54.6842642" lon="25.2182572">
        <ele>155</ele>
      </trkpt>
      <trkpt lat="54.6842766" lon="25.2182236">
        <ele>155</ele>
      </trkpt>
      <trkpt lat="54.684289" lon="25.21819">
        <ele>155</ele>
      </trkpt>
      <trkpt lat="54.6843044" lon="25.2181568">
        <ele>155</ele>
      </trkpt>
      <trkpt lat="54.6843199" lon="25.2181236">
        <ele>155</ele>
      </trkpt>
      <trkpt lat="54.6843352" lon="25.2180913">
        <ele>155</ele>
      </trkpt>
      <trkpt lat="54.6843505" lon="25.2180591">
        <ele>155</ele>
      </trkpt>
      <trkpt lat="54.684366" lon="25.2180273">
        <ele>155</ele>
      </trkpt>
      <trkpt lat="54.6843815" lon="25.2179956">
        <ele>155</ele>
      </trkpt>
      <trkpt lat="54.6843986" lon="25.2179672">
        <ele>155</ele>
      </trkpt>
      <trkpt lat="54.6844157" lon="25.2179389">
        <ele>155</ele>
      </trkpt>
      <trkpt lat="54.6844357" lon="25.2179169">
        <ele>155</ele>
      </trkpt>
      <trkpt lat="54.6844557" lon="25.217895">
        <ele>155</ele>
      </trkpt>
      <trkpt lat="54.6844782" lon="25.2178809">
        <ele>155</ele>
      </trkpt>
      <trkpt lat="54.6845007" lon="25.2178668">
        <ele>155</ele>
      </trkpt>
      <trkpt lat="54.6845246" lon="25.2178599">
        <ele>155</ele>
      </trkpt>
      <trkpt lat="54.6845486" lon="25.2178531">
        <ele>155</ele>
      </trkpt>
      <trkpt lat="54.6845712" lon="25.2178464">
        <ele>155</ele>
      </trkpt>
      <trkpt lat="54.6845939" lon="25.2178397">
        <ele>156</ele>
      </trkpt>
      <trkpt lat="54.6846162" lon="25.2178303">
        <ele>156</ele>
      </trkpt>
      <trkpt lat="54.6846385" lon="25.2178209">
        <ele>156</ele>
      </trkpt>
      <trkpt lat="54.6846589" lon="25.2178112">
        <ele>156</ele>
      </trkpt>
      <trkpt lat="54.6846793" lon="25.2178015">
        <ele>156</ele>
      </trkpt>
      <trkpt lat="54.6846997" lon="25.2177931">
        <ele>156</ele>
      </trkpt>
      <trkpt lat="54.6847202" lon="25.2177847">
        <ele>156</ele>
      </trkpt>
      <trkpt lat="54.6847433" lon="25.2177755">
        <ele>156</ele>
      </trkpt>
      <trkpt lat="54.6847664" lon="25.2177664">
        <ele>156</ele>
      </trkpt>
      <trkpt lat="54.6847902" lon="25.2177556">
        <ele>156</ele>
      </trkpt>
      <trkpt lat="54.6848141" lon="25.2177448">
        <ele>157</ele>
      </trkpt>
      <trkpt lat="54.6848368" lon="25.2177311">
        <ele>157</ele>
      </trkpt>
      <trkpt lat="54.6848595" lon="25.2177174">
        <ele>157</ele>
      </trkpt>
      <trkpt lat="54.6848801" lon="25.2176992">
        <ele>157</ele>
      </trkpt>
      <trkpt lat="54.6849008" lon="25.217681">
        <ele>157</ele>
      </trkpt>
      <trkpt lat="54.6849199" lon="25.2176605">
        <ele>157</ele>
      </trkpt>
      <trkpt lat="54.684939" lon="25.21764">
        <ele>157</ele>
      </trkpt>
      <trkpt lat="54.6849558" lon="25.2176152">
        <ele>157</ele>
      </trkpt>
      <trkpt lat="54.6849727" lon="25.2175904">
        <ele>157</ele>
      </trkpt>
      <trkpt lat="54.6849881" lon="25.217568">
        <ele>157</ele>
      </trkpt>
      <trkpt lat="54.6850036" lon="25.2175456">
        <ele>158</ele>
      </trkpt>
      <trkpt lat="54.6850187" lon="25.2175291">
        <ele>158</ele>
      </trkpt>
      <trkpt lat="54.6850339" lon="25.2175126">
        <ele>158</ele>
      </trkpt>
      <trkpt lat="54.6850513" lon="25.2175016">
        <ele>158</ele>
      </trkpt>
      <trkpt lat="54.6850688" lon="25.2174906">
        <ele>158</ele>
      </trkpt>
      <trkpt lat="54.6850841" lon="25.2174802">
        <ele>158</ele>
      </trkpt>
      <trkpt lat="54.6850995" lon="25.2174699">
        <ele>158</ele>
      </trkpt>
      <trkpt lat="54.685114" lon="25.2174599">
        <ele>158</ele>
      </trkpt>
      <trkpt lat="54.6851285" lon="25.2174499">
        <ele>158</ele>
      </trkpt>
      <trkpt lat="54.6851444" lon="25.2174415">
        <ele>158</ele>
      </trkpt>
      <trkpt lat="54.6851604" lon="25.2174331">
        <ele>158</ele>
      </trkpt>
      <trkpt lat="54.685177" lon="25.2174246">
        <ele>158</ele>
      </trkpt>
      <trkpt lat="54.6851937" lon="25.2174162">
        <ele>158</ele>
      </trkpt>
      <trkpt lat="54.68521" lon="25.217406">
        <ele>158</ele>
      </trkpt>
      <trkpt lat="54.6852263" lon="25.2173958">
        <ele>158</ele>
      </trkpt>
      <trkpt lat="54.6852425" lon="25.2173852">
        <ele>159</ele>
      </trkpt>
      <trkpt lat="54.6852588" lon="25.2173747">
        <ele>159</ele>
      </trkpt>
      <trkpt lat="54.6852726" lon="25.2173625">
        <ele>159</ele>
      </trkpt>
      <trkpt lat="54.6852864" lon="25.2173503">
        <ele>159</ele>
      </trkpt>
      <trkpt lat="54.6852981" lon="25.2173357">
        <ele>159</ele>
      </trkpt>
      <trkpt lat="54.6853099" lon="25.2173212">
        <ele>160</ele>
      </trkpt>
      <trkpt lat="54.6853212" lon="25.2173085">
        <ele>160</ele>
      </trkpt>
      <trkpt lat="54.6853326" lon="25.2172958">
        <ele>160</ele>
      </trkpt>
      <trkpt lat="54.6853434" lon="25.2172835">
        <ele>160</ele>
      </trkpt>
      <trkpt lat="54.6853542" lon="25.2172713">
        <ele>160</ele>
      </trkpt>
      <trkpt lat="54.6853657" lon="25.2172597">
        <ele>161</ele>
      </trkpt>
      <trkpt lat="54.6853773" lon="25.2172481">
        <ele>161</ele>
      </trkpt>
      <trkpt lat="54.6853875" lon="25.2172369">
        <ele>161</ele>
      </trkpt>
      <trkpt lat="54.6853977" lon="25.2172257">
        <ele>162</ele>
      </trkpt>
      <trkpt lat="54.6854023" lon="25.2172139">
        <ele>162</ele>
      </trkpt>
      <trkpt lat="54.6854069" lon="25.2172021">
        <ele>163</ele>
      </trkpt>
      <trkpt lat="54.6854084" lon="25.2171955">
        <ele>163</ele>
      </trkpt>
      <trkpt lat="54.6854099" lon="25.2171889">
        <ele>163</ele>
      </trkpt>
      <trkpt lat="54.6854129" lon="25.2171799">
        <ele>163</ele>
      </trkpt>
      <trkpt lat="54.685416" lon="25.2171709">
        <ele>163</ele>
      </trkpt>
      <trkpt lat="54.6854206" lon="25.2171594">
        <ele>164</ele>
      </trkpt>
      <trkpt lat="54.6854252" lon="25.2171479">
        <ele>164</ele>
      </trkpt>
      <trkpt lat="54.6854318" lon="25.2171347">
        <ele>164</ele>
      </trkpt>
      <trkpt lat="54.6854385" lon="25.2171215">
        <ele>164</ele>
      </trkpt>
      <trkpt lat="54.6854474" lon="25.2171104">
        <ele>164</ele>
      </trkpt>
      <trkpt lat="54.6854564" lon="25.2170993">
        <ele>165</ele>
      </trkpt>
      <trkpt lat="54.6854627" lon="25.2170936">
        <ele>165</ele>
      </trkpt>
      <trkpt lat="54.6854691" lon="25.2170879">
        <ele>165</ele>
      </trkpt>
      <trkpt lat="54.6854815" lon="25.2170735">
        <ele>165</ele>
      </trkpt>
      <trkpt lat="54.6854939" lon="25.2170592">
        <ele>165</ele>
      </trkpt>
      <trkpt lat="54.6855032" lon="25.2170424">
        <ele>166</ele>
      </trkpt>
      <trkpt lat="54.6855125" lon="25.2170256">
        <ele>166</ele>
      </trkpt>
      <trkpt lat="54.685518" lon="25.2170144">
        <ele>166</ele>
      </trkpt>
      <trkpt lat="54.6855236" lon="25.2170033">
        <ele>166</ele>
      </trkpt>
      <trkpt lat="54.6855311" lon="25.2169964">
        <ele>166</ele>
      </trkpt>
      <trkpt lat="54.6855386" lon="25.2169896">
        <ele>167</ele>
      </trkpt>
      <trkpt lat="54.6855455" lon="25.2169854">
        <ele>167</ele>
      </trkpt>
      <trkpt lat="54.6855524" lon="25.2169813">
        <ele>167</ele>
      </trkpt>
      <trkpt lat="54.6855593" lon="25.2169772">
        <ele>168</ele>
      </trkpt>
      <trkpt lat="54.685569" lon="25.2169716">
        <ele>168</ele>
      </trkpt>
      <trkpt lat="54.6855787" lon="25.2169661">
        <ele>169</ele>
      </trkpt>
      <trkpt lat="54.6855886" lon="25.2169615">
        <ele>169</ele>
      </trkpt>
      <trkpt lat="54.6855985" lon="25.216957">
        <ele>169</ele>
      </trkpt>
      <trkpt lat="54.6856075" lon="25.2169499">
        <ele>169</ele>
      </trkpt>
      <trkpt lat="54.6856166" lon="25.2169428">
        <ele>169</ele>
      </trkpt>
      <trkpt lat="54.6856242" lon="25.2169314">
        <ele>170</ele>
      </trkpt>
      <trkpt lat="54.6856319" lon="25.21692">
        <ele>170</ele>
      </trkpt>
      <trkpt lat="54.6856395" lon="25.2169041">
        <ele>170</ele>
      </trkpt>
      <trkpt lat="54.6856472" lon="25.2168883">
        <ele>170</ele>
      </trkpt>
      <trkpt lat="54.685657" lon="25.2168681">
        <ele>170</ele>
      </trkpt>
      <trkpt lat="54.6856668" lon="25.2168479">
        <ele>171</ele>
      </trkpt>
      <trkpt lat="54.6856777" lon="25.2168262">
        <ele>171</ele>
      </trkpt>
      <trkpt lat="54.6856887" lon="25.2168046">
        <ele>171</ele>
      </trkpt>
      <trkpt lat="54.6857018" lon="25.216786">
        <ele>171</ele>
      </trkpt>
      <trkpt lat="54.685715" lon="25.2167674">
        <ele>171</ele>
      </trkpt>
      <trkpt lat="54.6857266" lon="25.2167519">
        <ele>172</ele>
      </trkpt>
      <trkpt lat="54.6857383" lon="25.2167365">
        <ele>172</ele>
      </trkpt>
      <trkpt lat="54.6857505" lon="25.21672">
        <ele>172</ele>
      </trkpt>
      <trkpt lat="54.6857627" lon="25.2167035">
        <ele>172</ele>
      </trkpt>
      <trkpt lat="54.6857759" lon="25.2166824">
        <ele>172</ele>
      </trkpt>
      <trkpt lat="54.6857892" lon="25.2166613">
        <ele>173</ele>
      </trkpt>
      <trkpt lat="54.6858046" lon="25.2166345">
        <ele>173</ele>
      </trkpt>
      <trkpt lat="54.6858201" lon="25.2166078">
        <ele>173</ele>
      </trkpt>
      <trkpt lat="54.6858386" lon="25.2165739">
        <ele>173</ele>
      </trkpt>
      <trkpt lat="54.6858571" lon="25.2165401">
        <ele>173</ele>
      </trkpt>
      <trkpt lat="54.6858763" lon="25.216503">
        <ele>173</ele>
      </trkpt>
      <trkpt lat="54.6858956" lon="25.216466">
        <ele>173</ele>
      </trkpt>
      <trkpt lat="54.6859138" lon="25.2164295">
        <ele>173</ele>
      </trkpt>
      <trkpt lat="54.685932" lon="25.216393">
        <ele>173</ele>
      </trkpt>
      <trkpt lat="54.6859435" lon="25.2163566">
        <ele>173</ele>
      </trkpt>
      <trkpt lat="54.685955" lon="25.2163203">
        <ele>173</ele>
      </trkpt>
      <trkpt lat="54.6859604" lon="25.2162872">
        <ele>173</ele>
      </trkpt>
      <trkpt lat="54.6859658" lon="25.2162542">
        <ele>173</ele>
      </trkpt>
      <trkpt lat="54.685967" lon="25.2162241">
        <ele>173</ele>
      </trkpt>
      <trkpt lat="54.6859682" lon="25.216194">
        <ele>173</ele>
      </trkpt>
      <trkpt lat="54.6859652" lon="25.216167">
        <ele>173</ele>
      </trkpt>
      <trkpt lat="54.6859622" lon="25.21614">
        <ele>173</ele>
      </trkpt>
      <trkpt lat="54.6859536" lon="25.2161154">
        <ele>173</ele>
      </trkpt>
      <trkpt lat="54.685945" lon="25.2160909">
        <ele>173</ele>
      </trkpt>
      <trkpt lat="54.6859338" lon="25.216066">
        <ele>173</ele>
      </trkpt>
      <trkpt lat="54.6859227" lon="25.2160411">
        <ele>173</ele>
      </trkpt>
      <trkpt lat="54.6859123" lon="25.216014">
        <ele>173</ele>
      </trkpt>
      <trkpt lat="54.6859019" lon="25.2159869">
        <ele>173</ele>
      </trkpt>
      <trkpt lat="54.6858922" lon="25.2159584">
        <ele>173</ele>
      </trkpt>
      <trkpt lat="54.6858826" lon="25.21593">
        <ele>173</ele>
      </trkpt>
      <trkpt lat="54.685874" lon="25.2159014">
        <ele>173</ele>
      </trkpt>
      <trkpt lat="54.6858655" lon="25.2158728">
        <ele>173</ele>
      </trkpt>
      <trkpt lat="54.6858586" lon="25.2158435">
        <ele>173</ele>
      </trkpt>
      <trkpt lat="54.6858518" lon="25.2158142">
        <ele>173</ele>
      </trkpt>
      <trkpt lat="54.6858512" lon="25.2157854">
        <ele>173</ele>
      </trkpt>
      <trkpt lat="54.6858507" lon="25.2157566">
        <ele>173</ele>
      </trkpt>
      <trkpt lat="54.6858508" lon="25.2157237">
        <ele>173</ele>
      </trkpt>
      <trkpt lat="54.685851" lon="25.2156908">
        <ele>173</ele>
      </trkpt>
      <trkpt lat="54.6858451" lon="25.2156473">
        <ele>173</ele>
      </trkpt>
      <trkpt lat="54.6858392" lon="25.2156038">
        <ele>173</ele>
      </trkpt>
      <trkpt lat="54.6858296" lon="25.2155536">
        <ele>173</ele>
      </trkpt>
      <trkpt lat="54.68582" lon="25.2155034">
        <ele>173</ele>
      </trkpt>
      <trkpt lat="54.685812" lon="25.2154559">
        <ele>173</ele>
      </trkpt>
      <trkpt lat="54.6858041" lon="25.2154084">
        <ele>173</ele>
      </trkpt>
      <trkpt lat="54.6857942" lon="25.2153673">
        <ele>173</ele>
      </trkpt>
      <trkpt lat="54.6857844" lon="25.2153263">
        <ele>173</ele>
      </trkpt>
      <trkpt lat="54.6857722" lon="25.2152847">
        <ele>173</ele>
      </trkpt>
      <trkpt lat="54.68576" lon="25.2152431">
        <ele>173</ele>
      </trkpt>
      <trkpt lat="54.6857526" lon="25.215199">
        <ele>173</ele>
      </trkpt>
      <trkpt lat="54.6857453" lon="25.2151549">
        <ele>173</ele>
      </trkpt>
      <trkpt lat="54.6857428" lon="25.2151071">
        <ele>173</ele>
      </trkpt>
      <trkpt lat="54.6857404" lon="25.2150594">
        <ele>172</ele>
      </trkpt>
      <trkpt lat="54.6857462" lon="25.2150164">
        <ele>172</ele>
      </trkpt>
      <trkpt lat="54.685752" lon="25.2149735">
        <ele>172</ele>
      </trkpt>
      <trkpt lat="54.6857645" lon="25.2149372">
        <ele>172</ele>
      </trkpt>
      <trkpt lat="54.6857771" lon="25.2149009">
        <ele>172</ele>
      </trkpt>
      <trkpt lat="54.6857898" lon="25.2148665">
        <ele>172</ele>
      </trkpt>
      <trkpt lat="54.6858025" lon="25.2148322">
        <ele>172</ele>
      </trkpt>
      <trkpt lat="54.6858123" lon="25.2147959">
        <ele>172</ele>
      </trkpt>
      <trkpt lat="54.6858221" lon="25.2147596">
        <ele>172</ele>
      </trkpt>
      <trkpt lat="54.6858282" lon="25.2147244">
        <ele>173</ele>
      </trkpt>
      <trkpt lat="54.6858344" lon="25.2146892">
        <ele>173</ele>
      </trkpt>
      <trkpt lat="54.6858394" lon="25.2146523">
        <ele>173</ele>
      </trkpt>
      <trkpt lat="54.6858444" lon="25.2146154">
        <ele>173</ele>
      </trkpt>
      <trkpt lat="54.6858482" lon="25.2145769">
        <ele>173</ele>
      </trkpt>
      <trkpt lat="54.6858521" lon="25.2145385">
        <ele>173</ele>
      </trkpt>
      <trkpt lat="54.6858567" lon="25.2145026">
        <ele>173</ele>
      </trkpt>
      <trkpt lat="54.6858614" lon="25.2144667">
        <ele>173</ele>
      </trkpt>
      <trkpt lat="54.6858665" lon="25.2144335">
        <ele>173</ele>
      </trkpt>
      <trkpt lat="54.6858716" lon="25.2144004">
        <ele>173</ele>
      </trkpt>
      <trkpt lat="54.6858778" lon="25.2143677">
        <ele>174</ele>
      </trkpt>
      <trkpt lat="54.6858841" lon="25.214335">
        <ele>173</ele>
      </trkpt>
      <trkpt lat="54.6858899" lon="25.2143023">
        <ele>173</ele>
      </trkpt>
      <trkpt lat="54.6858958" lon="25.2142696">
        <ele>173</ele>
      </trkpt>
      <trkpt lat="54.6859019" lon="25.2142375">
        <ele>173</ele>
      </trkpt>
      <trkpt lat="54.685908" lon="25.2142054">
        <ele>173</ele>
      </trkpt>
      <trkpt lat="54.6859146" lon="25.2141703">
        <ele>173</ele>
      </trkpt>
      <trkpt lat="54.6859212" lon="25.2141352">
        <ele>173</ele>
      </trkpt>
      <trkpt lat="54.6859259" lon="25.214093">
        <ele>173</ele>
      </trkpt>
      <trkpt lat="54.6859306" lon="25.2140509">
        <ele>173</ele>
      </trkpt>
      <trkpt lat="54.6859348" lon="25.214005">
        <ele>173</ele>
      </trkpt>
      <trkpt lat="54.6859391" lon="25.2139592">
        <ele>173</ele>
      </trkpt>
      <trkpt lat="54.6859435" lon="25.2139125">
        <ele>173</ele>
      </trkpt>
      <trkpt lat="54.685948" lon="25.2138659">
        <ele>173</ele>
      </trkpt>
      <trkpt lat="54.6859528" lon="25.2138228">
        <ele>173</ele>
      </trkpt>
      <trkpt lat="54.6859577" lon="25.2137797">
        <ele>173</ele>
      </trkpt>
      <trkpt lat="54.6859633" lon="25.2137391">
        <ele>173</ele>
      </trkpt>
      <trkpt lat="54.6859689" lon="25.2136986">
        <ele>173</ele>
      </trkpt>
      <trkpt lat="54.6859758" lon="25.2136623">
        <ele>173</ele>
      </trkpt>
      <trkpt lat="54.6859828" lon="25.213626">
        <ele>173</ele>
      </trkpt>
      <trkpt lat="54.6859885" lon="25.2135934">
        <ele>173</ele>
      </trkpt>
      <trkpt lat="54.6859942" lon="25.2135609">
        <ele>173</ele>
      </trkpt>
      <trkpt lat="54.6859943" lon="25.2135257">
        <ele>173</ele>
      </trkpt>
      <trkpt lat="54.6859944" lon="25.2134905">
        <ele>173</ele>
      </trkpt>
      <trkpt lat="54.6859928" lon="25.2134511">
        <ele>173</ele>
      </trkpt>
      <trkpt lat="54.6859912" lon="25.2134117">
        <ele>173</ele>
      </trkpt>
      <trkpt lat="54.6859899" lon="25.2133698">
        <ele>173</ele>
      </trkpt>
      <trkpt lat="54.6859887" lon="25.213328">
        <ele>173</ele>
      </trkpt>
      <trkpt lat="54.685989" lon="25.2132842">
        <ele>173</ele>
      </trkpt>
      <trkpt lat="54.6859893" lon="25.2132404">
        <ele>173</ele>
      </trkpt>
      <trkpt lat="54.6859889" lon="25.2131964">
        <ele>173</ele>
      </trkpt>
      <trkpt lat="54.6859886" lon="25.2131524">
        <ele>173</ele>
      </trkpt>
      <trkpt lat="54.6859858" lon="25.2131097">
        <ele>173</ele>
      </trkpt>
      <trkpt lat="54.685983" lon="25.213067">
        <ele>173</ele>
      </trkpt>
      <trkpt lat="54.6859785" lon="25.2130256">
        <ele>173</ele>
      </trkpt>
      <trkpt lat="54.6859741" lon="25.2129843">
        <ele>173</ele>
      </trkpt>
      <trkpt lat="54.6859706" lon="25.2129433">
        <ele>173</ele>
      </trkpt>
      <trkpt lat="54.6859672" lon="25.2129024">
        <ele>173</ele>
      </trkpt>
      <trkpt lat="54.6859665" lon="25.2128621">
        <ele>173</ele>
      </trkpt>
      <trkpt lat="54.6859658" lon="25.2128218">
        <ele>173</ele>
      </trkpt>
      <trkpt lat="54.6859681" lon="25.2127818">
        <ele>173</ele>
      </trkpt>
      <trkpt lat="54.6859705" lon="25.2127418">
        <ele>173</ele>
      </trkpt>
      <trkpt lat="54.6859718" lon="25.2127001">
        <ele>173</ele>
      </trkpt>
      <trkpt lat="54.6859732" lon="25.2126585">
        <ele>173</ele>
      </trkpt>
      <trkpt lat="54.685973" lon="25.2126159">
        <ele>173</ele>
      </trkpt>
      <trkpt lat="54.6859728" lon="25.2125733">
        <ele>173</ele>
      </trkpt>
      <trkpt lat="54.6859716" lon="25.2125305">
        <ele>173</ele>
      </trkpt>
      <trkpt lat="54.6859705" lon="25.2124878">
        <ele>173</ele>
      </trkpt>
      <trkpt lat="54.6859691" lon="25.2124469">
        <ele>173</ele>
      </trkpt>
      <trkpt lat="54.6859678" lon="25.212406">
        <ele>173</ele>
      </trkpt>
      <trkpt lat="54.6859669" lon="25.2123657">
        <ele>173</ele>
      </trkpt>
      <trkpt lat="54.685966" lon="25.2123254">
        <ele>173</ele>
      </trkpt>
      <trkpt lat="54.6859672" lon="25.2122834">
        <ele>173</ele>
      </trkpt>
      <trkpt lat="54.6859685" lon="25.2122415">
        <ele>173</ele>
      </trkpt>
      <trkpt lat="54.6859741" lon="25.2121973">
        <ele>173</ele>
      </trkpt>
      <trkpt lat="54.6859798" lon="25.2121531">
        <ele>173</ele>
      </trkpt>
      <trkpt lat="54.6859889" lon="25.2121085">
        <ele>173</ele>
      </trkpt>
      <trkpt lat="54.685998" lon="25.2120639">
        <ele>173</ele>
      </trkpt>
      <trkpt lat="54.6860084" lon="25.2120196">
        <ele>173</ele>
      </trkpt>
      <trkpt lat="54.6860189" lon="25.2119754">
        <ele>173</ele>
      </trkpt>
      <trkpt lat="54.6860303" lon="25.211935">
        <ele>173</ele>
      </trkpt>
      <trkpt lat="54.6860418" lon="25.2118946">
        <ele>173</ele>
      </trkpt>
      <trkpt lat="54.6860543" lon="25.2118568">
        <ele>173</ele>
      </trkpt>
      <trkpt lat="54.6860669" lon="25.2118191">
        <ele>173</ele>
      </trkpt>
      <trkpt lat="54.686081" lon="25.2117818">
        <ele>173</ele>
      </trkpt>
      <trkpt lat="54.6860952" lon="25.2117446">
        <ele>173</ele>
      </trkpt>
      <trkpt lat="54.6861089" lon="25.2117077">
        <ele>173</ele>
      </trkpt>
      <trkpt lat="54.6861226" lon="25.2116709">
        <ele>173</ele>
      </trkpt>
      <trkpt lat="54.6861347" lon="25.2116331">
        <ele>173</ele>
      </trkpt>
      <trkpt lat="54.6861469" lon="25.2115953">
        <ele>173</ele>
      </trkpt>
      <trkpt lat="54.6861587" lon="25.211555">
        <ele>173</ele>
      </trkpt>
      <trkpt lat="54.6861705" lon="25.2115147">
        <ele>173</ele>
      </trkpt>
      <trkpt lat="54.6861801" lon="25.2114698">
        <ele>173</ele>
      </trkpt>
      <trkpt lat="54.6861897" lon="25.211425">
        <ele>173</ele>
      </trkpt>
      <trkpt lat="54.6861936" lon="25.2113737">
        <ele>173</ele>
      </trkpt>
      <trkpt lat="54.6861975" lon="25.2113224">
        <ele>173</ele>
      </trkpt>
      <trkpt lat="54.6861949" lon="25.2112714">
        <ele>173</ele>
      </trkpt>
      <trkpt lat="54.6861923" lon="25.2112204">
        <ele>173</ele>
      </trkpt>
      <trkpt lat="54.6861881" lon="25.2111766">
        <ele>173</ele>
      </trkpt>
      <trkpt lat="54.686184" lon="25.2111329">
        <ele>173</ele>
      </trkpt>
      <trkpt lat="54.6861804" lon="25.2110966">
        <ele>173</ele>
      </trkpt>
      <trkpt lat="54.6861768" lon="25.2110604">
        <ele>173</ele>
      </trkpt>
      <trkpt lat="54.6861715" lon="25.2110293">
        <ele>173</ele>
      </trkpt>
      <trkpt lat="54.6861662" lon="25.2109982">
        <ele>173</ele>
      </trkpt>
      <trkpt lat="54.6861586" lon="25.2109672">
        <ele>173</ele>
      </trkpt>
      <trkpt lat="54.686151" lon="25.2109363">
        <ele>173</ele>
      </trkpt>
      <trkpt lat="54.6861421" lon="25.2109067">
        <ele>173</ele>
      </trkpt>
      <trkpt lat="54.6861332" lon="25.2108771">
        <ele>173</ele>
      </trkpt>
      <trkpt lat="54.686121" lon="25.2108511">
        <ele>173</ele>
      </trkpt>
      <trkpt lat="54.6861088" lon="25.2108252">
        <ele>173</ele>
      </trkpt>
      <trkpt lat="54.6860937" lon="25.2108094">
        <ele>173</ele>
      </trkpt>
      <trkpt lat="54.6860786" lon="25.2107937">
        <ele>173</ele>
      </trkpt>
      <trkpt lat="54.6860642" lon="25.2107862">
        <ele>173</ele>
      </trkpt>
      <trkpt lat="54.6860498" lon="25.2107788">
        <ele>173</ele>
      </trkpt>
      <trkpt lat="54.6860369" lon="25.2107691">
        <ele>173</ele>
      </trkpt>
      <trkpt lat="54.6860241" lon="25.2107595">
        <ele>173</ele>
      </trkpt>
      <trkpt lat="54.6860111" lon="25.2107452">
        <ele>173</ele>
      </trkpt>
      <trkpt lat="54.6859981" lon="25.2107309">
        <ele>173</ele>
      </trkpt>
      <trkpt lat="54.6859841" lon="25.2107137">
        <ele>173</ele>
      </trkpt>
      <trkpt lat="54.6859701" lon="25.2106966">
        <ele>173</ele>
      </trkpt>
      <trkpt lat="54.6859534" lon="25.2106761">
        <ele>173</ele>
      </trkpt>
      <trkpt lat="54.6859367" lon="25.2106556">
        <ele>172</ele>
      </trkpt>
      <trkpt lat="54.6859164" lon="25.2106321">
        <ele>172</ele>
      </trkpt>
      <trkpt lat="54.6858962" lon="25.2106086">
        <ele>172</ele>
      </trkpt>
      <trkpt lat="54.6858727" lon="25.2105831">
        <ele>172</ele>
      </trkpt>
      <trkpt lat="54.6858492" lon="25.2105576">
        <ele>172</ele>
      </trkpt>
      <trkpt lat="54.6858251" lon="25.2105347">
        <ele>172</ele>
      </trkpt>
      <trkpt lat="54.685801" lon="25.2105119">
        <ele>172</ele>
      </trkpt>
      <trkpt lat="54.6857794" lon="25.210494">
        <ele>172</ele>
      </trkpt>
      <trkpt lat="54.6857579" lon="25.2104761">
        <ele>172</ele>
      </trkpt>
      <trkpt lat="54.6857401" lon="25.2104616">
        <ele>172</ele>
      </trkpt>
      <trkpt lat="54.6857224" lon="25.2104472">
        <ele>172</ele>
      </trkpt>
      <trkpt lat="54.6857062" lon="25.2104345">
        <ele>172</ele>
      </trkpt>
      <trkpt lat="54.6856901" lon="25.2104218">
        <ele>172</ele>
      </trkpt>
      <trkpt lat="54.6856747" lon="25.2104098">
        <ele>172</ele>
      </trkpt>
      <trkpt lat="54.6856593" lon="25.2103979">
        <ele>173</ele>
      </trkpt>
      <trkpt lat="54.6856442" lon="25.2103849">
        <ele>173</ele>
      </trkpt>
      <trkpt lat="54.6856291" lon="25.2103719">
        <ele>173</ele>
      </trkpt>
      <trkpt lat="54.6856139" lon="25.2103581">
        <ele>173</ele>
      </trkpt>
      <trkpt lat="54.6855987" lon="25.2103443">
        <ele>173</ele>
      </trkpt>
      <trkpt lat="54.6855829" lon="25.210331">
        <ele>173</ele>
      </trkpt>
      <trkpt lat="54.6855672" lon="25.2103178">
        <ele>173</ele>
      </trkpt>
      <trkpt lat="54.6855483" lon="25.2103052">
        <ele>173</ele>
      </trkpt>
      <trkpt lat="54.6855294" lon="25.2102926">
        <ele>173</ele>
      </trkpt>
      <trkpt lat="54.6855077" lon="25.2102778">
        <ele>173</ele>
      </trkpt>
      <trkpt lat="54.685486" lon="25.2102631">
        <ele>173</ele>
      </trkpt>
      <trkpt lat="54.6854654" lon="25.2102456">
        <ele>173</ele>
      </trkpt>
      <trkpt lat="54.6854449" lon="25.2102282">
        <ele>173</ele>
      </trkpt>
      <trkpt lat="54.6854297" lon="25.2102086">
        <ele>173</ele>
      </trkpt>
      <trkpt lat="54.6854145" lon="25.2101891">
        <ele>173</ele>
      </trkpt>
      <trkpt lat="54.6854088" lon="25.210165">
        <ele>174</ele>
      </trkpt>
      <trkpt lat="54.6854031" lon="25.2101409">
        <ele>174</ele>
      </trkpt>
      <trkpt lat="54.6854078" lon="25.210116">
        <ele>174</ele>
      </trkpt>
      <trkpt lat="54.6854126" lon="25.2100912">
        <ele>174</ele>
      </trkpt>
      <trkpt lat="54.6854261" lon="25.2100658">
        <ele>174</ele>
      </trkpt>
      <trkpt lat="54.6854396" lon="25.2100404">
        <ele>174</ele>
      </trkpt>
      <trkpt lat="54.6854569" lon="25.2100193">
        <ele>174</ele>
      </trkpt>
      <trkpt lat="54.6854743" lon="25.2099982">
        <ele>174</ele>
      </trkpt>
      <trkpt lat="54.6854923" lon="25.2099815">
        <ele>174</ele>
      </trkpt>
      <trkpt lat="54.6855104" lon="25.2099649">
        <ele>174</ele>
      </trkpt>
      <trkpt lat="54.6855263" lon="25.209943">
        <ele>174</ele>
      </trkpt>
      <trkpt lat="54.6855422" lon="25.2099212">
        <ele>173</ele>
      </trkpt>
      <trkpt lat="54.6855557" lon="25.2098942">
        <ele>173</ele>
      </trkpt>
      <trkpt lat="54.6855692" lon="25.2098672">
        <ele>173</ele>
      </trkpt>
      <trkpt lat="54.685582" lon="25.2098415">
        <ele>173</ele>
      </trkpt>
      <trkpt lat="54.6855949" lon="25.2098158">
        <ele>173</ele>
      </trkpt>
      <trkpt lat="54.685611" lon="25.2097934">
        <ele>172</ele>
      </trkpt>
      <trkpt lat="54.6856272" lon="25.2097711">
        <ele>172</ele>
      </trkpt>
      <trkpt lat="54.6856514" lon="25.2097531">
        <ele>172</ele>
      </trkpt>
      <trkpt lat="54.6856757" lon="25.2097351">
        <ele>172</ele>
      </trkpt>
      <trkpt lat="54.6857034" lon="25.209719">
        <ele>172</ele>
      </trkpt>
      <trkpt lat="54.6857312" lon="25.2097029">
        <ele>172</ele>
      </trkpt>
      <trkpt lat="54.6857559" lon="25.2096896">
        <ele>172</ele>
      </trkpt>
      <trkpt lat="54.6857807" lon="25.2096764">
        <ele>172</ele>
      </trkpt>
      <trkpt lat="54.6858024" lon="25.209667">
        <ele>172</ele>
      </trkpt>
      <trkpt lat="54.6858241" lon="25.2096577">
        <ele>172</ele>
      </trkpt>
      <trkpt lat="54.6858447" lon="25.2096544">
        <ele>171</ele>
      </trkpt>
      <trkpt lat="54.6858653" lon="25.2096511">
        <ele>171</ele>
      </trkpt>
      <trkpt lat="54.6858857" lon="25.2096476">
        <ele>171</ele>
      </trkpt>
      <trkpt lat="54.6859062" lon="25.2096442">
        <ele>171</ele>
      </trkpt>
      <trkpt lat="54.6859225" lon="25.2096386">
        <ele>171</ele>
      </trkpt>
      <trkpt lat="54.6859389" lon="25.2096331">
        <ele>170</ele>
      </trkpt>
      <trkpt lat="54.6859486" lon="25.2096235">
        <ele>170</ele>
      </trkpt>
      <trkpt lat="54.6859584" lon="25.209614">
        <ele>170</ele>
      </trkpt>
      <trkpt lat="54.6859611" lon="25.2095953">
        <ele>170</ele>
      </trkpt>
      <trkpt lat="54.6859639" lon="25.2095767">
        <ele>170</ele>
      </trkpt>
      <trkpt lat="54.6859638" lon="25.2095474">
        <ele>169</ele>
      </trkpt>
      <trkpt lat="54.6859638" lon="25.2095181">
        <ele>168</ele>
      </trkpt>
      <trkpt lat="54.685971" lon="25.2094876">
        <ele>168</ele>
      </trkpt>
      <trkpt lat="54.6859782" lon="25.2094571">
        <ele>167</ele>
      </trkpt>
      <trkpt lat="54.6859902" lon="25.2094327">
        <ele>167</ele>
      </trkpt>
      <trkpt lat="54.6860022" lon="25.2094083">
        <ele>166</ele>
      </trkpt>
      <trkpt lat="54.6860168" lon="25.2093895">
        <ele>166</ele>
      </trkpt>
      <trkpt lat="54.6860314" lon="25.2093707">
        <ele>165</ele>
      </trkpt>
      <trkpt lat="54.6860453" lon="25.209354">
        <ele>165</ele>
      </trkpt>
      <trkpt lat="54.6860593" lon="25.2093373">
        <ele>165</ele>
      </trkpt>
      <trkpt lat="54.6860705" lon="25.2093137">
        <ele>164</ele>
      </trkpt>
      <trkpt lat="54.6860817" lon="25.2092901">
        <ele>164</ele>
      </trkpt>
      <trkpt lat="54.6860963" lon="25.2092571">
        <ele>163</ele>
      </trkpt>
      <trkpt lat="54.686111" lon="25.2092241">
        <ele>163</ele>
      </trkpt>
      <trkpt lat="54.686129" lon="25.2091864">
        <ele>163</ele>
      </trkpt>
      <trkpt lat="54.686147" lon="25.2091488">
        <ele>162</ele>
      </trkpt>
      <trkpt lat="54.6861639" lon="25.2091099">
        <ele>162</ele>
      </trkpt>
      <trkpt lat="54.6861808" lon="25.2090711">
        <ele>162</ele>
      </trkpt>
      <trkpt lat="54.686189" lon="25.2090367">
        <ele>162</ele>
      </trkpt>
      <trkpt lat="54.6861973" lon="25.2090024">
        <ele>162</ele>
      </trkpt>
      <trkpt lat="54.6861932" lon="25.2089783">
        <ele>162</ele>
      </trkpt>
      <trkpt lat="54.6861891" lon="25.2089542">
        <ele>162</ele>
      </trkpt>
      <trkpt lat="54.6861751" lon="25.2089348">
        <ele>162</ele>
      </trkpt>
      <trkpt lat="54.6861612" lon="25.2089154">
        <ele>162</ele>
      </trkpt>
      <trkpt lat="54.6861441" lon="25.2088995">
        <ele>162</ele>
      </trkpt>
      <trkpt lat="54.686127" lon="25.2088836">
        <ele>161</ele>
      </trkpt>
      <trkpt lat="54.6861107" lon="25.2088713">
        <ele>161</ele>
      </trkpt>
      <trkpt lat="54.6860944" lon="25.208859">
        <ele>161</ele>
      </trkpt>
      <trkpt lat="54.6860776" lon="25.2088482">
        <ele>161</ele>
      </trkpt>
      <trkpt lat="54.6860608" lon="25.2088374">
        <ele>161</ele>
      </trkpt>
      <trkpt lat="54.6860443" lon="25.208826">
        <ele>161</ele>
      </trkpt>
      <trkpt lat="54.6860278" lon="25.2088146">
        <ele>161</ele>
      </trkpt>
      <trkpt lat="54.6860108" lon="25.2088018">
        <ele>161</ele>
      </trkpt>
      <trkpt lat="54.6859939" lon="25.2087891">
        <ele>161</ele>
      </trkpt>
      <trkpt lat="54.6859736" lon="25.2087738">
        <ele>161</ele>
      </trkpt>
      <trkpt lat="54.6859533" lon="25.2087585">
        <ele>161</ele>
      </trkpt>
      <trkpt lat="54.6859322" lon="25.2087459">
        <ele>161</ele>
      </trkpt>
      <trkpt lat="54.6859112" lon="25.2087334">
        <ele>161</ele>
      </trkpt>
      <trkpt lat="54.6858912" lon="25.2087204">
        <ele>161</ele>
      </trkpt>
      <trkpt lat="54.6858712" lon="25.2087074">
        <ele>161</ele>
      </trkpt>
      <trkpt lat="54.6858507" lon="25.2086923">
        <ele>161</ele>
      </trkpt>
      <trkpt lat="54.6858302" lon="25.2086773">
        <ele>161</ele>
      </trkpt>
      <trkpt lat="54.6858093" lon="25.2086614">
        <ele>161</ele>
      </trkpt>
      <trkpt lat="54.6857885" lon="25.2086455">
        <ele>161</ele>
      </trkpt>
      <trkpt lat="54.6857672" lon="25.2086307">
        <ele>161</ele>
      </trkpt>
      <trkpt lat="54.6857459" lon="25.2086159">
        <ele>161</ele>
      </trkpt>
      <trkpt lat="54.6857262" lon="25.2086023">
        <ele>161</ele>
      </trkpt>
      <trkpt lat="54.6857065" lon="25.2085888">
        <ele>161</ele>
      </trkpt>
      <trkpt lat="54.6856869" lon="25.208575">
        <ele>161</ele>
      </trkpt>
      <trkpt lat="54.6856674" lon="25.2085613">
        <ele>161</ele>
      </trkpt>
      <trkpt lat="54.6856475" lon="25.2085459">
        <ele>161</ele>
      </trkpt>
      <trkpt lat="54.6856277" lon="25.2085306">
        <ele>161</ele>
      </trkpt>
      <trkpt lat="54.6856085" lon="25.2085139">
        <ele>161</ele>
      </trkpt>
      <trkpt lat="54.6855893" lon="25.2084973">
        <ele>161</ele>
      </trkpt>
      <trkpt lat="54.6855698" lon="25.2084832">
        <ele>161</ele>
      </trkpt>
      <trkpt lat="54.6855504" lon="25.2084692">
        <ele>161</ele>
      </trkpt>
      <trkpt lat="54.6855284" lon="25.2084589">
        <ele>161</ele>
      </trkpt>
      <trkpt lat="54.6855065" lon="25.2084487">
        <ele>161</ele>
      </trkpt>
      <trkpt lat="54.6854848" lon="25.2084428">
        <ele>161</ele>
      </trkpt>
      <trkpt lat="54.6854631" lon="25.208437">
        <ele>161</ele>
      </trkpt>
      <trkpt lat="54.6854409" lon="25.2084282">
        <ele>160</ele>
      </trkpt>
      <trkpt lat="54.6854187" lon="25.2084195">
        <ele>160</ele>
      </trkpt>
      <trkpt lat="54.685395" lon="25.2084061">
        <ele>160</ele>
      </trkpt>
      <trkpt lat="54.6853714" lon="25.2083928">
        <ele>160</ele>
      </trkpt>
      <trkpt lat="54.6853475" lon="25.2083787">
        <ele>160</ele>
      </trkpt>
      <trkpt lat="54.6853236" lon="25.2083647">
        <ele>160</ele>
      </trkpt>
      <trkpt lat="54.6853012" lon="25.2083511">
        <ele>160</ele>
      </trkpt>
      <trkpt lat="54.6852788" lon="25.2083375">
        <ele>160</ele>
      </trkpt>
      <trkpt lat="54.685256" lon="25.208325">
        <ele>160</ele>
      </trkpt>
      <trkpt lat="54.6852332" lon="25.2083125">
        <ele>160</ele>
      </trkpt>
      <trkpt lat="54.6852106" lon="25.208302">
        <ele>160</ele>
      </trkpt>
      <trkpt lat="54.685188" lon="25.2082916">
        <ele>160</ele>
      </trkpt>
      <trkpt lat="54.6851677" lon="25.2082814">
        <ele>160</ele>
      </trkpt>
      <trkpt lat="54.6851474" lon="25.2082712">
        <ele>160</ele>
      </trkpt>
      <trkpt lat="54.6851284" lon="25.2082618">
        <ele>160</ele>
      </trkpt>
      <trkpt lat="54.6851095" lon="25.2082525">
        <ele>160</ele>
      </trkpt>
      <trkpt lat="54.6850921" lon="25.2082435">
        <ele>160</ele>
      </trkpt>
      <trkpt lat="54.6850747" lon="25.2082346">
        <ele>160</ele>
      </trkpt>
      <trkpt lat="54.685056" lon="25.2082275">
        <ele>160</ele>
      </trkpt>
      <trkpt lat="54.6850374" lon="25.2082204">
        <ele>160</ele>
      </trkpt>
      <trkpt lat="54.6850176" lon="25.2082138">
        <ele>160</ele>
      </trkpt>
      <trkpt lat="54.6849979" lon="25.2082072">
        <ele>160</ele>
      </trkpt>
      <trkpt lat="54.6849769" lon="25.2082016">
        <ele>160</ele>
      </trkpt>
      <trkpt lat="54.684956" lon="25.208196">
        <ele>160</ele>
      </trkpt>
      <trkpt lat="54.6849337" lon="25.2081916">
        <ele>160</ele>
      </trkpt>
      <trkpt lat="54.6849115" lon="25.2081872">
        <ele>160</ele>
      </trkpt>
      <trkpt lat="54.6848882" lon="25.2081808">
        <ele>160</ele>
      </trkpt>
      <trkpt lat="54.6848649" lon="25.2081745">
        <ele>160</ele>
      </trkpt>
      <trkpt lat="54.6848413" lon="25.2081644">
        <ele>160</ele>
      </trkpt>
      <trkpt lat="54.6848177" lon="25.2081543">
        <ele>160</ele>
      </trkpt>
      <trkpt lat="54.6847923" lon="25.2081361">
        <ele>160</ele>
      </trkpt>
      <trkpt lat="54.684767" lon="25.2081179">
        <ele>160</ele>
      </trkpt>
      <trkpt lat="54.6847434" lon="25.2080912">
        <ele>160</ele>
      </trkpt>
      <trkpt lat="54.6847198" lon="25.2080646">
        <ele>160</ele>
      </trkpt>
      <trkpt lat="54.684706" lon="25.2080282">
        <ele>160</ele>
      </trkpt>
      <trkpt lat="54.6846922" lon="25.2079918">
        <ele>160</ele>
      </trkpt>
      <trkpt lat="54.6846897" lon="25.2079518">
        <ele>160</ele>
      </trkpt>
      <trkpt lat="54.6846873" lon="25.2079119">
        <ele>160</ele>
      </trkpt>
      <trkpt lat="54.6846895" lon="25.2078697">
        <ele>160</ele>
      </trkpt>
      <trkpt lat="54.6846917" lon="25.2078275">
        <ele>161</ele>
      </trkpt>
      <trkpt lat="54.6846948" lon="25.2077833">
        <ele>161</ele>
      </trkpt>
      <trkpt lat="54.684698" lon="25.2077392">
        <ele>161</ele>
      </trkpt>
      <trkpt lat="54.6847015" lon="25.2076942">
        <ele>161</ele>
      </trkpt>
      <trkpt lat="54.6847051" lon="25.2076493">
        <ele>161</ele>
      </trkpt>
      <trkpt lat="54.6847079" lon="25.2076037">
        <ele>161</ele>
      </trkpt>
      <trkpt lat="54.6847108" lon="25.2075582">
        <ele>161</ele>
      </trkpt>
      <trkpt lat="54.6847124" lon="25.2075115">
        <ele>161</ele>
      </trkpt>
      <trkpt lat="54.6847141" lon="25.2074648">
        <ele>161</ele>
      </trkpt>
      <trkpt lat="54.6847159" lon="25.2074213">
        <ele>161</ele>
      </trkpt>
      <trkpt lat="54.6847177" lon="25.2073779">
        <ele>161</ele>
      </trkpt>
      <trkpt lat="54.6847205" lon="25.2073375">
        <ele>160</ele>
      </trkpt>
      <trkpt lat="54.6847234" lon="25.2072972">
        <ele>160</ele>
      </trkpt>
      <trkpt lat="54.6847266" lon="25.207256">
        <ele>160</ele>
      </trkpt>
      <trkpt lat="54.6847298" lon="25.2072148">
        <ele>160</ele>
      </trkpt>
      <trkpt lat="54.684734" lon="25.2071723">
        <ele>160</ele>
      </trkpt>
      <trkpt lat="54.6847383" lon="25.2071298">
        <ele>159</ele>
      </trkpt>
      <trkpt lat="54.6847439" lon="25.2070882">
        <ele>159</ele>
      </trkpt>
      <trkpt lat="54.6847496" lon="25.2070466">
        <ele>159</ele>
      </trkpt>
      <trkpt lat="54.6847543" lon="25.2070058">
        <ele>159</ele>
      </trkpt>
      <trkpt lat="54.684759" lon="25.2069651">
        <ele>159</ele>
      </trkpt>
      <trkpt lat="54.684761" lon="25.2069252">
        <ele>159</ele>
      </trkpt>
      <trkpt lat="54.6847631" lon="25.2068853">
        <ele>159</ele>
      </trkpt>
      <trkpt lat="54.6847629" lon="25.2068459">
        <ele>159</ele>
      </trkpt>
      <trkpt lat="54.6847628" lon="25.2068066">
        <ele>159</ele>
      </trkpt>
      <trkpt lat="54.684759" lon="25.2067685">
        <ele>160</ele>
      </trkpt>
      <trkpt lat="54.6847552" lon="25.2067305">
        <ele>160</ele>
      </trkpt>
      <trkpt lat="54.684746" lon="25.2066954">
        <ele>160</ele>
      </trkpt>
      <trkpt lat="54.6847369" lon="25.2066603">
        <ele>160</ele>
      </trkpt>
      <trkpt lat="54.6847244" lon="25.2066267">
        <ele>160</ele>
      </trkpt>
      <trkpt lat="54.684712" lon="25.2065932">
        <ele>160</ele>
      </trkpt>
      <trkpt lat="54.6846976" lon="25.2065618">
        <ele>160</ele>
      </trkpt>
      <trkpt lat="54.6846832" lon="25.2065304">
        <ele>160</ele>
      </trkpt>
      <trkpt lat="54.6846669" lon="25.2065013">
        <ele>160</ele>
      </trkpt>
      <trkpt lat="54.6846506" lon="25.2064723">
        <ele>160</ele>
      </trkpt>
      <trkpt lat="54.6846335" lon="25.2064445">
        <ele>160</ele>
      </trkpt>
      <trkpt lat="54.6846164" lon="25.2064167">
        <ele>160</ele>
      </trkpt>
      <trkpt lat="54.6846" lon="25.2063885">
        <ele>160</ele>
      </trkpt>
      <trkpt lat="54.6845836" lon="25.2063603">
        <ele>160</ele>
      </trkpt>
      <trkpt lat="54.6845663" lon="25.2063313">
        <ele>160</ele>
      </trkpt>
      <trkpt lat="54.6845491" lon="25.2063024">
        <ele>161</ele>
      </trkpt>
      <trkpt lat="54.6845302" lon="25.2062779">
        <ele>161</ele>
      </trkpt>
      <trkpt lat="54.6845114" lon="25.2062535">
        <ele>161</ele>
      </trkpt>
      <trkpt lat="54.6844907" lon="25.2062381">
        <ele>161</ele>
      </trkpt>
      <trkpt lat="54.6844701" lon="25.2062228">
        <ele>161</ele>
      </trkpt>
      <trkpt lat="54.6844476" lon="25.2062168">
        <ele>161</ele>
      </trkpt>
      <trkpt lat="54.6844252" lon="25.2062109">
        <ele>161</ele>
      </trkpt>
      <trkpt lat="54.6844003" lon="25.206207">
        <ele>161</ele>
      </trkpt>
      <trkpt lat="54.6843755" lon="25.2062032">
        <ele>161</ele>
      </trkpt>
      <trkpt lat="54.6843489" lon="25.2061997">
        <ele>161</ele>
      </trkpt>
      <trkpt lat="54.6843224" lon="25.2061962">
        <ele>161</ele>
      </trkpt>
      <trkpt lat="54.6842949" lon="25.2061914">
        <ele>161</ele>
      </trkpt>
      <trkpt lat="54.6842675" lon="25.2061866">
        <ele>161</ele>
      </trkpt>
      <trkpt lat="54.6842407" lon="25.2061806">
        <ele>161</ele>
      </trkpt>
      <trkpt lat="54.6842139" lon="25.2061747">
        <ele>161</ele>
      </trkpt>
      <trkpt lat="54.6841916" lon="25.2061683">
        <ele>161</ele>
      </trkpt>
      <trkpt lat="54.6841694" lon="25.2061619">
        <ele>161</ele>
      </trkpt>
      <trkpt lat="54.684151" lon="25.2061523">
        <ele>161</ele>
      </trkpt>
      <trkpt lat="54.6841327" lon="25.2061427">
        <ele>161</ele>
      </trkpt>
      <trkpt lat="54.6841132" lon="25.2061282">
        <ele>161</ele>
      </trkpt>
      <trkpt lat="54.6840937" lon="25.2061138">
        <ele>162</ele>
      </trkpt>
      <trkpt lat="54.6840707" lon="25.2060959">
        <ele>161</ele>
      </trkpt>
      <trkpt lat="54.6840478" lon="25.2060781">
        <ele>161</ele>
      </trkpt>
      <trkpt lat="54.684025" lon="25.2060575">
        <ele>161</ele>
      </trkpt>
      <trkpt lat="54.6840023" lon="25.206037">
        <ele>161</ele>
      </trkpt>
      <trkpt lat="54.6839798" lon="25.2060162">
        <ele>161</ele>
      </trkpt>
      <trkpt lat="54.6839574" lon="25.2059955">
        <ele>161</ele>
      </trkpt>
      <trkpt lat="54.6839334" lon="25.2059775">
        <ele>161</ele>
      </trkpt>
      <trkpt lat="54.6839095" lon="25.2059595">
        <ele>161</ele>
      </trkpt>
      <trkpt lat="54.6838862" lon="25.2059437">
        <ele>161</ele>
      </trkpt>
      <trkpt lat="54.6838629" lon="25.2059279">
        <ele>162</ele>
      </trkpt>
      <trkpt lat="54.6838405" lon="25.2059088">
        <ele>161</ele>
      </trkpt>
      <trkpt lat="54.6838181" lon="25.2058897">
        <ele>161</ele>
      </trkpt>
      <trkpt lat="54.6837963" lon="25.2058671">
        <ele>161</ele>
      </trkpt>
      <trkpt lat="54.6837745" lon="25.2058446">
        <ele>161</ele>
      </trkpt>
      <trkpt lat="54.6837534" lon="25.2058212">
        <ele>161</ele>
      </trkpt>
      <trkpt lat="54.6837323" lon="25.2057979">
        <ele>161</ele>
      </trkpt>
      <trkpt lat="54.6837112" lon="25.205774">
        <ele>161</ele>
      </trkpt>
      <trkpt lat="54.6836902" lon="25.2057501">
        <ele>161</ele>
      </trkpt>
      <trkpt lat="54.6836696" lon="25.2057247">
        <ele>161</ele>
      </trkpt>
      <trkpt lat="54.6836491" lon="25.2056994">
        <ele>161</ele>
      </trkpt>
      <trkpt lat="54.6836299" lon="25.2056709">
        <ele>161</ele>
      </trkpt>
      <trkpt lat="54.6836108" lon="25.2056424">
        <ele>161</ele>
      </trkpt>
      <trkpt lat="54.6835926" lon="25.205611">
        <ele>161</ele>
      </trkpt>
      <trkpt lat="54.6835744" lon="25.2055796">
        <ele>161</ele>
      </trkpt>
      <trkpt lat="54.6835565" lon="25.2055501">
        <ele>161</ele>
      </trkpt>
      <trkpt lat="54.6835386" lon="25.2055206">
        <ele>160</ele>
      </trkpt>
      <trkpt lat="54.683519" lon="25.2054959">
        <ele>160</ele>
      </trkpt>
      <trkpt lat="54.6834994" lon="25.2054712">
        <ele>160</ele>
      </trkpt>
      <trkpt lat="54.6834759" lon="25.2054519">
        <ele>160</ele>
      </trkpt>
      <trkpt lat="54.6834525" lon="25.2054326">
        <ele>160</ele>
      </trkpt>
      <trkpt lat="54.6834273" lon="25.2054183">
        <ele>159</ele>
      </trkpt>
      <trkpt lat="54.6834022" lon="25.2054041">
        <ele>159</ele>
      </trkpt>
      <trkpt lat="54.6833764" lon="25.2053914">
        <ele>158</ele>
      </trkpt>
      <trkpt lat="54.6833506" lon="25.2053787">
        <ele>158</ele>
      </trkpt>
      <trkpt lat="54.6833247" lon="25.2053659">
        <ele>158</ele>
      </trkpt>
      <trkpt lat="54.6832988" lon="25.2053532">
        <ele>157</ele>
      </trkpt>
      <trkpt lat="54.6832718" lon="25.2053398">
        <ele>157</ele>
      </trkpt>
      <trkpt lat="54.6832449" lon="25.2053264">
        <ele>156</ele>
      </trkpt>
      <trkpt lat="54.6832162" lon="25.2053097">
        <ele>156</ele>
      </trkpt>
      <trkpt lat="54.6831876" lon="25.2052931">
        <ele>156</ele>
      </trkpt>
      <trkpt lat="54.683159" lon="25.2052705">
        <ele>155</ele>
      </trkpt>
      <trkpt lat="54.6831304" lon="25.2052479">
        <ele>155</ele>
      </trkpt>
      <trkpt lat="54.6831046" lon="25.205219">
        <ele>154</ele>
      </trkpt>
      <trkpt lat="54.6830789" lon="25.2051902">
        <ele>154</ele>
      </trkpt>
      <trkpt lat="54.6830585" lon="25.2051573">
        <ele>154</ele>
      </trkpt>
      <trkpt lat="54.6830381" lon="25.2051244">
        <ele>154</ele>
      </trkpt>
      <trkpt lat="54.6830242" lon="25.2050871">
        <ele>154</ele>
      </trkpt>
      <trkpt lat="54.6830104" lon="25.2050499">
        <ele>154</ele>
      </trkpt>
      <trkpt lat="54.683002" lon="25.2050098">
        <ele>154</ele>
      </trkpt>
      <trkpt lat="54.6829936" lon="25.2049697">
        <ele>154</ele>
      </trkpt>
      <trkpt lat="54.6829889" lon="25.204928">
        <ele>154</ele>
      </trkpt>
      <trkpt lat="54.6829842" lon="25.2048863">
        <ele>154</ele>
      </trkpt>
      <trkpt lat="54.6829843" lon="25.2048462">
        <ele>154</ele>
      </trkpt>
      <trkpt lat="54.6829844" lon="25.2048062">
        <ele>154</ele>
      </trkpt>
      <trkpt lat="54.6829859" lon="25.2047685">
        <ele>154</ele>
      </trkpt>
      <trkpt lat="54.6829875" lon="25.2047309">
        <ele>154</ele>
      </trkpt>
      <trkpt lat="54.6829864" lon="25.2046944">
        <ele>154</ele>
      </trkpt>
      <trkpt lat="54.6829853" lon="25.2046579">
        <ele>154</ele>
      </trkpt>
      <trkpt lat="54.6829799" lon="25.20462">
        <ele>154</ele>
      </trkpt>
      <trkpt lat="54.6829746" lon="25.2045821">
        <ele>155</ele>
      </trkpt>
      <trkpt lat="54.6829719" lon="25.204545">
        <ele>155</ele>
      </trkpt>
      <trkpt lat="54.6829692" lon="25.204508">
        <ele>155</ele>
      </trkpt>
      <trkpt lat="54.6829731" lon="25.2044745">
        <ele>155</ele>
      </trkpt>
      <trkpt lat="54.6829771" lon="25.204441">
        <ele>155</ele>
      </trkpt>
      <trkpt lat="54.6829811" lon="25.2044073">
        <ele>155</ele>
      </trkpt>
      <trkpt lat="54.6829852" lon="25.2043736">
        <ele>155</ele>
      </trkpt>
      <trkpt lat="54.6829809" lon="25.2043374">
        <ele>155</ele>
      </trkpt>
      <trkpt lat="54.6829766" lon="25.2043012">
        <ele>155</ele>
      </trkpt>
      <trkpt lat="54.6829648" lon="25.2042622">
        <ele>155</ele>
      </trkpt>
      <trkpt lat="54.682953" lon="25.2042233">
        <ele>155</ele>
      </trkpt>
      <trkpt lat="54.6829407" lon="25.2041848">
        <ele>155</ele>
      </trkpt>
      <trkpt lat="54.6829284" lon="25.2041464">
        <ele>155</ele>
      </trkpt>
      <trkpt lat="54.6829172" lon="25.2041073">
        <ele>155</ele>
      </trkpt>
      <trkpt lat="54.682906" lon="25.2040683">
        <ele>155</ele>
      </trkpt>
      <trkpt lat="54.6828958" lon="25.2040294">
        <ele>155</ele>
      </trkpt>
      <trkpt lat="54.6828856" lon="25.2039906">
        <ele>154</ele>
      </trkpt>
      <trkpt lat="54.6828761" lon="25.2039535">
        <ele>154</ele>
      </trkpt>
      <trkpt lat="54.6828666" lon="25.2039164">
        <ele>154</ele>
      </trkpt>
      <trkpt lat="54.6828603" lon="25.2038839">
        <ele>154</ele>
      </trkpt>
      <trkpt lat="54.682854" lon="25.2038514">
        <ele>154</ele>
      </trkpt>
      <trkpt lat="54.6828493" lon="25.2038207">
        <ele>154</ele>
      </trkpt>
      <trkpt lat="54.6828447" lon="25.2037901">
        <ele>154</ele>
      </trkpt>
      <trkpt lat="54.6828367" lon="25.2037556">
        <ele>154</ele>
      </trkpt>
      <trkpt lat="54.6828287" lon="25.2037211">
        <ele>154</ele>
      </trkpt>
      <trkpt lat="54.6828142" lon="25.2036848">
        <ele>154</ele>
      </trkpt>
      <trkpt lat="54.6827997" lon="25.2036486">
        <ele>154</ele>
      </trkpt>
      <trkpt lat="54.682782" lon="25.2036142">
        <ele>154</ele>
      </trkpt>
      <trkpt lat="54.6827643" lon="25.2035798">
        <ele>154</ele>
      </trkpt>
      <trkpt lat="54.6827439" lon="25.2035466">
        <ele>154</ele>
      </trkpt>
      <trkpt lat="54.6827236" lon="25.2035135">
        <ele>154</ele>
      </trkpt>
      <trkpt lat="54.6827032" lon="25.2034809">
        <ele>153</ele>
      </trkpt>
      <trkpt lat="54.6826828" lon="25.2034484">
        <ele>153</ele>
      </trkpt>
      <trkpt lat="54.6826683" lon="25.2034172">
        <ele>153</ele>
      </trkpt>
      <trkpt lat="54.6826538" lon="25.203386">
        <ele>153</ele>
      </trkpt>
      <trkpt lat="54.6826442" lon="25.2033542">
        <ele>153</ele>
      </trkpt>
      <trkpt lat="54.6826347" lon="25.2033224">
        <ele>153</ele>
      </trkpt>
      <trkpt lat="54.6826213" lon="25.2032809">
        <ele>153</ele>
      </trkpt>
      <trkpt lat="54.682608" lon="25.2032395">
        <ele>153</ele>
      </trkpt>
      <trkpt lat="54.6825895" lon="25.2031904">
        <ele>153</ele>
      </trkpt>
      <trkpt lat="54.6825711" lon="25.2031413">
        <ele>153</ele>
      </trkpt>
      <trkpt lat="54.6825509" lon="25.2030989">
        <ele>153</ele>
      </trkpt>
      <trkpt lat="54.6825308" lon="25.2030566">
        <ele>153</ele>
      </trkpt>
      <trkpt lat="54.6825066" lon="25.2030306">
        <ele>153</ele>
      </trkpt>
      <trkpt lat="54.6824825" lon="25.2030047">
        <ele>153</ele>
      </trkpt>
      <trkpt lat="54.6824553" lon="25.2029941">
        <ele>153</ele>
      </trkpt>
      <trkpt lat="54.6824282" lon="25.2029836">
        <ele>153</ele>
      </trkpt>
      <trkpt lat="54.6824019" lon="25.2029763">
        <ele>153</ele>
      </trkpt>
      <trkpt lat="54.6823757" lon="25.2029691">
        <ele>153</ele>
      </trkpt>
      <trkpt lat="54.6823514" lon="25.2029612">
        <ele>153</ele>
      </trkpt>
      <trkpt lat="54.6823272" lon="25.2029533">
        <ele>153</ele>
      </trkpt>
      <trkpt lat="54.6823043" lon="25.2029447">
        <ele>152</ele>
      </trkpt>
      <trkpt lat="54.6822814" lon="25.2029361">
        <ele>152</ele>
      </trkpt>
      <trkpt lat="54.6822602" lon="25.2029295">
        <ele>152</ele>
      </trkpt>
      <trkpt lat="54.6822391" lon="25.2029229">
        <ele>152</ele>
      </trkpt>
      <trkpt lat="54.6822226" lon="25.202917">
        <ele>152</ele>
      </trkpt>
      <trkpt lat="54.6822062" lon="25.2029111">
        <ele>152</ele>
      </trkpt>
      <trkpt lat="54.6821951" lon="25.2028981">
        <ele>152</ele>
      </trkpt>
      <trkpt lat="54.682184" lon="25.2028852">
        <ele>152</ele>
      </trkpt>
      <trkpt lat="54.6821803" lon="25.2028644">
        <ele>152</ele>
      </trkpt>
      <trkpt lat="54.6821766" lon="25.2028437">
        <ele>152</ele>
      </trkpt>
      <trkpt lat="54.6821732" lon="25.2028193">
        <ele>151</ele>
      </trkpt>
      <trkpt lat="54.6821699" lon="25.202795">
        <ele>151</ele>
      </trkpt>
      <trkpt lat="54.6821563" lon="25.2027715">
        <ele>150</ele>
      </trkpt>
      <trkpt lat="54.6821428" lon="25.202748">
        <ele>150</ele>
      </trkpt>
      <trkpt lat="54.6821189" lon="25.2027316">
        <ele>150</ele>
      </trkpt>
      <trkpt lat="54.6820951" lon="25.2027153">
        <ele>149</ele>
      </trkpt>
      <trkpt lat="54.6820661" lon="25.2027071">
        <ele>149</ele>
      </trkpt>
      <trkpt lat="54.6820371" lon="25.2026989">
        <ele>148</ele>
      </trkpt>
      <trkpt lat="54.682011" lon="25.2027043">
        <ele>148</ele>
      </trkpt>
      <trkpt lat="54.6819849" lon="25.2027098">
        <ele>148</ele>
      </trkpt>
      <trkpt lat="54.6819637" lon="25.2027316">
        <ele>147</ele>
      </trkpt>
      <trkpt lat="54.6819426" lon="25.2027534">
        <ele>147</ele>
      </trkpt>
      <trkpt lat="54.6819223" lon="25.2027842">
        <ele>147</ele>
      </trkpt>
      <trkpt lat="54.6819021" lon="25.202815">
        <ele>147</ele>
      </trkpt>
      <trkpt lat="54.6818791" lon="25.2028465">
        <ele>147</ele>
      </trkpt>
      <trkpt lat="54.6818561" lon="25.2028781">
        <ele>146</ele>
      </trkpt>
      <trkpt lat="54.6818295" lon="25.2029025">
        <ele>146</ele>
      </trkpt>
      <trkpt lat="54.6818029" lon="25.202927">
        <ele>146</ele>
      </trkpt>
      <trkpt lat="54.6817734" lon="25.2029382">
        <ele>146</ele>
      </trkpt>
      <trkpt lat="54.681744" lon="25.2029495">
        <ele>146</ele>
      </trkpt>
      <trkpt lat="54.6817152" lon="25.2029466">
        <ele>145</ele>
      </trkpt>
      <trkpt lat="54.6816865" lon="25.2029437">
        <ele>145</ele>
      </trkpt>
      <trkpt lat="54.6816601" lon="25.2029337">
        <ele>145</ele>
      </trkpt>
      <trkpt lat="54.6816338" lon="25.2029237">
        <ele>145</ele>
      </trkpt>
      <trkpt lat="54.6816084" lon="25.2029121">
        <ele>145</ele>
      </trkpt>
      <trkpt lat="54.6815831" lon="25.2029006">
        <ele>144</ele>
      </trkpt>
      <trkpt lat="54.6815615" lon="25.2028881">
        <ele>144</ele>
      </trkpt>
      <trkpt lat="54.68154" lon="25.2028756">
        <ele>144</ele>
      </trkpt>
      <trkpt lat="54.6815219" lon="25.2028632">
        <ele>144</ele>
      </trkpt>
      <trkpt lat="54.6815038" lon="25.2028508">
        <ele>144</ele>
      </trkpt>
      <trkpt lat="54.6814838" lon="25.2028421">
        <ele>143</ele>
      </trkpt>
      <trkpt lat="54.6814639" lon="25.2028334">
        <ele>143</ele>
      </trkpt>
      <trkpt lat="54.6814404" lon="25.2028272">
        <ele>143</ele>
      </trkpt>
      <trkpt lat="54.681417" lon="25.2028211">
        <ele>143</ele>
      </trkpt>
      <trkpt lat="54.6813919" lon="25.2028157">
        <ele>143</ele>
      </trkpt>
      <trkpt lat="54.6813668" lon="25.2028104">
        <ele>142</ele>
      </trkpt>
      <trkpt lat="54.6813433" lon="25.2028047">
        <ele>142</ele>
      </trkpt>
      <trkpt lat="54.6813199" lon="25.2027991">
        <ele>142</ele>
      </trkpt>
      <trkpt lat="54.6812986" lon="25.2027925">
        <ele>142</ele>
      </trkpt>
      <trkpt lat="54.6812774" lon="25.202786">
        <ele>142</ele>
      </trkpt>
      <trkpt lat="54.6812564" lon="25.202778">
        <ele>142</ele>
      </trkpt>
      <trkpt lat="54.6812355" lon="25.2027701">
        <ele>142</ele>
      </trkpt>
      <trkpt lat="54.6812134" lon="25.20276">
        <ele>142</ele>
      </trkpt>
      <trkpt lat="54.6811914" lon="25.20275">
        <ele>142</ele>
      </trkpt>
      <trkpt lat="54.6811686" lon="25.2027409">
        <ele>142</ele>
      </trkpt>
      <trkpt lat="54.6811458" lon="25.2027319">
        <ele>142</ele>
      </trkpt>
      <trkpt lat="54.6811253" lon="25.2027307">
        <ele>142</ele>
      </trkpt>
      <trkpt lat="54.6811048" lon="25.2027296">
        <ele>142</ele>
      </trkpt>
      <trkpt lat="54.6810866" lon="25.2027337">
        <ele>142</ele>
      </trkpt>
      <trkpt lat="54.6810685" lon="25.2027379">
        <ele>142</ele>
      </trkpt>
      <trkpt lat="54.6810609" lon="25.2027399">
        <ele>142</ele>
      </trkpt>
      <trkpt lat="54.6810534" lon="25.202742">
        <ele>142</ele>
      </trkpt>
      <trkpt lat="54.6810459" lon="25.202744">
        <ele>142</ele>
      </trkpt>
      <trkpt lat="54.6810384" lon="25.2027461">
        <ele>142</ele>
      </trkpt>
      <trkpt lat="54.6810306" lon="25.2027472">
        <ele>143</ele>
      </trkpt>
      <trkpt lat="54.6810228" lon="25.2027483">
        <ele>143</ele>
      </trkpt>
      <trkpt lat="54.681015" lon="25.2027495">
        <ele>143</ele>
      </trkpt>
      <trkpt lat="54.6810087" lon="25.2027505">
        <ele>143</ele>
      </trkpt>
      <trkpt lat="54.6810024" lon="25.2027515">
        <ele>143</ele>
      </trkpt>
      <trkpt lat="54.6809962" lon="25.2027526">
        <ele>144</ele>
      </trkpt>
      <trkpt lat="54.6809849" lon="25.2027554">
        <ele>144</ele>
      </trkpt>
      <trkpt lat="54.6809737" lon="25.2027582">
        <ele>144</ele>
      </trkpt>
      <trkpt lat="54.6809595" lon="25.2027606">
        <ele>144</ele>
      </trkpt>
      <trkpt lat="54.6809453" lon="25.202763">
        <ele>144</ele>
      </trkpt>
      <trkpt lat="54.6809286" lon="25.2027607">
        <ele>145</ele>
      </trkpt>
      <trkpt lat="54.6809119" lon="25.2027584">
        <ele>145</ele>
      </trkpt>
      <trkpt lat="54.6808957" lon="25.2027482">
        <ele>145</ele>
      </trkpt>
      <trkpt lat="54.6808796" lon="25.2027381">
        <ele>145</ele>
      </trkpt>
      <trkpt lat="54.6808637" lon="25.2027246">
        <ele>145</ele>
      </trkpt>
      <trkpt lat="54.6808479" lon="25.2027111">
        <ele>146</ele>
      </trkpt>
      <trkpt lat="54.6808301" lon="25.2026993">
        <ele>146</ele>
      </trkpt>
      <trkpt lat="54.6808124" lon="25.2026875">
        <ele>146</ele>
      </trkpt>
      <trkpt lat="54.6807941" lon="25.2026787">
        <ele>146</ele>
      </trkpt>
      <trkpt lat="54.6807759" lon="25.2026699">
        <ele>146</ele>
      </trkpt>
      <trkpt lat="54.6807598" lon="25.2026596">
        <ele>146</ele>
      </trkpt>
      <trkpt lat="54.6807438" lon="25.2026493">
        <ele>146</ele>
      </trkpt>
      <trkpt lat="54.6807344" lon="25.2026288">
        <ele>146</ele>
      </trkpt>
      <trkpt lat="54.680725" lon="25.2026084">
        <ele>146</ele>
      </trkpt>
      <trkpt lat="54.6807196" lon="25.2025802">
        <ele>146</ele>
      </trkpt>
      <trkpt lat="54.6807142" lon="25.2025521">
        <ele>146</ele>
      </trkpt>
      <trkpt lat="54.6807103" lon="25.2025156">
        <ele>146</ele>
      </trkpt>
      <trkpt lat="54.6807064" lon="25.2024792">
        <ele>146</ele>
      </trkpt>
      <trkpt lat="54.6807053" lon="25.2024388">
        <ele>146</ele>
      </trkpt>
      <trkpt lat="54.6807043" lon="25.2023984">
        <ele>146</ele>
      </trkpt>
      <trkpt lat="54.6807068" lon="25.2023594">
        <ele>146</ele>
      </trkpt>
      <trkpt lat="54.6807094" lon="25.2023204">
        <ele>146</ele>
      </trkpt>
      <trkpt lat="54.6807166" lon="25.2022832">
        <ele>146</ele>
      </trkpt>
      <trkpt lat="54.6807239" lon="25.2022461">
        <ele>146</ele>
      </trkpt>
      <trkpt lat="54.6807295" lon="25.2022075">
        <ele>146</ele>
      </trkpt>
      <trkpt lat="54.6807351" lon="25.2021689">
        <ele>146</ele>
      </trkpt>
      <trkpt lat="54.6807357" lon="25.2021274">
        <ele>145</ele>
      </trkpt>
      <trkpt lat="54.6807363" lon="25.202086">
        <ele>145</ele>
      </trkpt>
      <trkpt lat="54.6807343" lon="25.2020446">
        <ele>145</ele>
      </trkpt>
      <trkpt lat="54.6807324" lon="25.2020033">
        <ele>145</ele>
      </trkpt>
      <trkpt lat="54.6807311" lon="25.2019624">
        <ele>145</ele>
      </trkpt>
      <trkpt lat="54.6807299" lon="25.2019215">
        <ele>144</ele>
      </trkpt>
      <trkpt lat="54.6807279" lon="25.2018781">
        <ele>144</ele>
      </trkpt>
      <trkpt lat="54.6807259" lon="25.2018348">
        <ele>144</ele>
      </trkpt>
      <trkpt lat="54.6807256" lon="25.2017898">
        <ele>144</ele>
      </trkpt>
      <trkpt lat="54.6807253" lon="25.2017448">
        <ele>144</ele>
      </trkpt>
      <trkpt lat="54.6807281" lon="25.2017052">
        <ele>144</ele>
      </trkpt>
      <trkpt lat="54.6807309" lon="25.2016656">
        <ele>144</ele>
      </trkpt>
      <trkpt lat="54.6807358" lon="25.20163">
        <ele>144</ele>
      </trkpt>
      <trkpt lat="54.6807407" lon="25.2015945">
        <ele>144</ele>
      </trkpt>
      <trkpt lat="54.680747" lon="25.2015583">
        <ele>144</ele>
      </trkpt>
      <trkpt lat="54.6807534" lon="25.2015221">
        <ele>144</ele>
      </trkpt>
      <trkpt lat="54.6807591" lon="25.2014841">
        <ele>144</ele>
      </trkpt>
      <trkpt lat="54.6807648" lon="25.2014462">
        <ele>144</ele>
      </trkpt>
      <trkpt lat="54.6807702" lon="25.2014096">
        <ele>144</ele>
      </trkpt>
      <trkpt lat="54.6807756" lon="25.2013731">
        <ele>144</ele>
      </trkpt>
      <trkpt lat="54.6807771" lon="25.2013345">
        <ele>143</ele>
      </trkpt>
      <trkpt lat="54.6807787" lon="25.2012959">
        <ele>143</ele>
      </trkpt>
      <trkpt lat="54.6807763" lon="25.2012534">
        <ele>143</ele>
      </trkpt>
      <trkpt lat="54.680774" lon="25.201211">
        <ele>143</ele>
      </trkpt>
      <trkpt lat="54.6807733" lon="25.201163">
        <ele>143</ele>
      </trkpt>
      <trkpt lat="54.6807727" lon="25.201115">
        <ele>142</ele>
      </trkpt>
      <trkpt lat="54.6807746" lon="25.2010627">
        <ele>142</ele>
      </trkpt>
      <trkpt lat="54.6807766" lon="25.2010104">
        <ele>142</ele>
      </trkpt>
      <trkpt lat="54.6807704" lon="25.2009631">
        <ele>142</ele>
      </trkpt>
      <trkpt lat="54.6807643" lon="25.2009158">
        <ele>142</ele>
      </trkpt>
      <trkpt lat="54.6807519" lon="25.2008736">
        <ele>142</ele>
      </trkpt>
      <trkpt lat="54.6807396" lon="25.2008315">
        <ele>142</ele>
      </trkpt>
      <trkpt lat="54.6807284" lon="25.2007933">
        <ele>142</ele>
      </trkpt>
      <trkpt lat="54.6807173" lon="25.2007552">
        <ele>142</ele>
      </trkpt>
      <trkpt lat="54.6807106" lon="25.200719">
        <ele>143</ele>
      </trkpt>
      <trkpt lat="54.680704" lon="25.2006829">
        <ele>143</ele>
      </trkpt>
      <trkpt lat="54.680697" lon="25.2006462">
        <ele>143</ele>
      </trkpt>
      <trkpt lat="54.6806901" lon="25.2006095">
        <ele>143</ele>
      </trkpt>
      <trkpt lat="54.6806786" lon="25.2005719">
        <ele>143</ele>
      </trkpt>
      <trkpt lat="54.6806672" lon="25.2005343">
        <ele>143</ele>
      </trkpt>
      <trkpt lat="54.6806523" lon="25.2004926">
        <ele>143</ele>
      </trkpt>
      <trkpt lat="54.6806374" lon="25.200451">
        <ele>143</ele>
      </trkpt>
      <trkpt lat="54.6806231" lon="25.2004053">
        <ele>143</ele>
      </trkpt>
      <trkpt lat="54.6806088" lon="25.2003597">
        <ele>143</ele>
      </trkpt>
      <trkpt lat="54.6805953" lon="25.2003101">
        <ele>143</ele>
      </trkpt>
      <trkpt lat="54.6805819" lon="25.2002605">
        <ele>143</ele>
      </trkpt>
      <trkpt lat="54.6805705" lon="25.2002119">
        <ele>143</ele>
      </trkpt>
      <trkpt lat="54.6805591" lon="25.2001633">
        <ele>143</ele>
      </trkpt>
      <trkpt lat="54.68055" lon="25.2001179">
        <ele>143</ele>
      </trkpt>
      <trkpt lat="54.680541" lon="25.2000726">
        <ele>144</ele>
      </trkpt>
      <trkpt lat="54.6805299" lon="25.2000274">
        <ele>144</ele>
      </trkpt>
      <trkpt lat="54.6805189" lon="25.1999822">
        <ele>144</ele>
      </trkpt>
      <trkpt lat="54.6805078" lon="25.1999376">
        <ele>144</ele>
      </trkpt>
      <trkpt lat="54.6804967" lon="25.1998931">
        <ele>144</ele>
      </trkpt>
      <trkpt lat="54.6804892" lon="25.1998506">
        <ele>144</ele>
      </trkpt>
      <trkpt lat="54.6804817" lon="25.1998081">
        <ele>144</ele>
      </trkpt>
      <trkpt lat="54.6804778" lon="25.1997676">
        <ele>144</ele>
      </trkpt>
      <trkpt lat="54.6804739" lon="25.1997272">
        <ele>144</ele>
      </trkpt>
      <trkpt lat="54.6804743" lon="25.1996875">
        <ele>144</ele>
      </trkpt>
      <trkpt lat="54.6804747" lon="25.1996479">
        <ele>145</ele>
      </trkpt>
      <trkpt lat="54.6804789" lon="25.1996081">
        <ele>145</ele>
      </trkpt>
      <trkpt lat="54.6804832" lon="25.1995683">
        <ele>145</ele>
      </trkpt>
      <trkpt lat="54.6804872" lon="25.1995291">
        <ele>145</ele>
      </trkpt>
      <trkpt lat="54.6804912" lon="25.1994899">
        <ele>145</ele>
      </trkpt>
      <trkpt lat="54.6804934" lon="25.1994545">
        <ele>145</ele>
      </trkpt>
      <trkpt lat="54.6804956" lon="25.1994192">
        <ele>145</ele>
      </trkpt>
      <trkpt lat="54.6804934" lon="25.1993946">
        <ele>145</ele>
      </trkpt>
      <trkpt lat="54.6804913" lon="25.1993701">
        <ele>145</ele>
      </trkpt>
      <trkpt lat="54.6804866" lon="25.1993496">
        <ele>145</ele>
      </trkpt>
      <trkpt lat="54.680482" lon="25.1993291">
        <ele>145</ele>
      </trkpt>
      <trkpt lat="54.6804742" lon="25.1993011">
        <ele>145</ele>
      </trkpt>
      <trkpt lat="54.6804665" lon="25.1992732">
        <ele>145</ele>
      </trkpt>
      <trkpt lat="54.6804569" lon="25.1992379">
        <ele>145</ele>
      </trkpt>
      <trkpt lat="54.6804473" lon="25.1992026">
        <ele>145</ele>
      </trkpt>
      <trkpt lat="54.6804361" lon="25.1991633">
        <ele>145</ele>
      </trkpt>
      <trkpt lat="54.6804249" lon="25.199124">
        <ele>145</ele>
      </trkpt>
      <trkpt lat="54.6804148" lon="25.1990858">
        <ele>145</ele>
      </trkpt>
      <trkpt lat="54.6804047" lon="25.1990477">
        <ele>145</ele>
      </trkpt>
      <trkpt lat="54.6803963" lon="25.1990109">
        <ele>145</ele>
      </trkpt>
      <trkpt lat="54.6803879" lon="25.1989741">
        <ele>145</ele>
      </trkpt>
      <trkpt lat="54.6803804" lon="25.1989392">
        <ele>145</ele>
      </trkpt>
      <trkpt lat="54.680373" lon="25.1989043">
        <ele>145</ele>
      </trkpt>
      <trkpt lat="54.6803646" lon="25.1988706">
        <ele>145</ele>
      </trkpt>
      <trkpt lat="54.6803563" lon="25.1988369">
        <ele>145</ele>
      </trkpt>
      <trkpt lat="54.6803447" lon="25.1988045">
        <ele>145</ele>
      </trkpt>
      <trkpt lat="54.6803332" lon="25.1987721">
        <ele>145</ele>
      </trkpt>
      <trkpt lat="54.6803174" lon="25.19874">
        <ele>145</ele>
      </trkpt>
      <trkpt lat="54.6803016" lon="25.1987079">
        <ele>145</ele>
      </trkpt>
      <trkpt lat="54.6802823" lon="25.1986789">
        <ele>145</ele>
      </trkpt>
      <trkpt lat="54.6802631" lon="25.19865">
        <ele>145</ele>
      </trkpt>
      <trkpt lat="54.6802404" lon="25.1986297">
        <ele>145</ele>
      </trkpt>
      <trkpt lat="54.6802177" lon="25.1986095">
        <ele>145</ele>
      </trkpt>
      <trkpt lat="54.6801926" lon="25.1986004">
        <ele>145</ele>
      </trkpt>
      <trkpt lat="54.6801675" lon="25.1985914">
        <ele>145</ele>
      </trkpt>
      <trkpt lat="54.6801451" lon="25.1985878">
        <ele>146</ele>
      </trkpt>
      <trkpt lat="54.6801227" lon="25.1985842">
        <ele>146</ele>
      </trkpt>
      <trkpt lat="54.6801019" lon="25.1985745">
        <ele>146</ele>
      </trkpt>
      <trkpt lat="54.6800812" lon="25.1985649">
        <ele>146</ele>
      </trkpt>
      <trkpt lat="54.680062" lon="25.1985491">
        <ele>146</ele>
      </trkpt>
      <trkpt lat="54.6800429" lon="25.1985333">
        <ele>146</ele>
      </trkpt>
      <trkpt lat="54.6800244" lon="25.1985172">
        <ele>146</ele>
      </trkpt>
      <trkpt lat="54.6800059" lon="25.1985011">
        <ele>146</ele>
      </trkpt>
      <trkpt lat="54.6799885" lon="25.1984852">
        <ele>146</ele>
      </trkpt>
      <trkpt lat="54.6799712" lon="25.1984694">
        <ele>146</ele>
      </trkpt>
      <trkpt lat="54.6799551" lon="25.1984499">
        <ele>147</ele>
      </trkpt>
      <trkpt lat="54.6799391" lon="25.1984304">
        <ele>147</ele>
      </trkpt>
      <trkpt lat="54.6799237" lon="25.1984063">
        <ele>147</ele>
      </trkpt>
      <trkpt lat="54.6799084" lon="25.1983823">
        <ele>147</ele>
      </trkpt>
      <trkpt lat="54.6798966" lon="25.1983526">
        <ele>147</ele>
      </trkpt>
      <trkpt lat="54.6798849" lon="25.1983229">
        <ele>147</ele>
      </trkpt>
      <trkpt lat="54.6798757" lon="25.1982911">
        <ele>147</ele>
      </trkpt>
      <trkpt lat="54.6798665" lon="25.1982594">
        <ele>147</ele>
      </trkpt>
      <trkpt lat="54.6798569" lon="25.1982266">
        <ele>147</ele>
      </trkpt>
      <trkpt lat="54.6798473" lon="25.1981939">
        <ele>147</ele>
      </trkpt>
      <trkpt lat="54.6798366" lon="25.1981599">
        <ele>148</ele>
      </trkpt>
      <trkpt lat="54.6798259" lon="25.198126">
        <ele>148</ele>
      </trkpt>
      <trkpt lat="54.6798153" lon="25.1980878">
        <ele>148</ele>
      </trkpt>
      <trkpt lat="54.6798047" lon="25.1980497">
        <ele>148</ele>
      </trkpt>
      <trkpt lat="54.6797947" lon="25.1980107">
        <ele>148</ele>
      </trkpt>
      <trkpt lat="54.6797847" lon="25.1979718">
        <ele>148</ele>
      </trkpt>
      <trkpt lat="54.6797766" lon="25.1979372">
        <ele>148</ele>
      </trkpt>
      <trkpt lat="54.6797685" lon="25.1979027">
        <ele>148</ele>
      </trkpt>
      <trkpt lat="54.6797625" lon="25.1978731">
        <ele>148</ele>
      </trkpt>
      <trkpt lat="54.6797565" lon="25.1978436">
        <ele>148</ele>
      </trkpt>
      <trkpt lat="54.6797502" lon="25.1978145">
        <ele>148</ele>
      </trkpt>
      <trkpt lat="54.6797439" lon="25.1977855">
        <ele>147</ele>
      </trkpt>
      <trkpt lat="54.6797326" lon="25.1977523">
        <ele>147</ele>
      </trkpt>
      <trkpt lat="54.6797213" lon="25.1977192">
        <ele>147</ele>
      </trkpt>
      <trkpt lat="54.6797071" lon="25.1976786">
        <ele>147</ele>
      </trkpt>
      <trkpt lat="54.6796929" lon="25.1976381">
        <ele>147</ele>
      </trkpt>
      <trkpt lat="54.6796797" lon="25.1975963">
        <ele>146</ele>
      </trkpt>
      <trkpt lat="54.6796666" lon="25.1975545">
        <ele>146</ele>
      </trkpt>
      <trkpt lat="54.6796584" lon="25.1975157">
        <ele>146</ele>
      </trkpt>
      <trkpt lat="54.6796502" lon="25.1974769">
        <ele>146</ele>
      </trkpt>
      <trkpt lat="54.679644" lon="25.19744">
        <ele>146</ele>
      </trkpt>
      <trkpt lat="54.6796378" lon="25.1974031">
        <ele>145</ele>
      </trkpt>
      <trkpt lat="54.6796287" lon="25.1973644">
        <ele>145</ele>
      </trkpt>
      <trkpt lat="54.6796197" lon="25.1973258">
        <ele>145</ele>
      </trkpt>
      <trkpt lat="54.6796063" lon="25.1972905">
        <ele>145</ele>
      </trkpt>
      <trkpt lat="54.679593" lon="25.1972553">
        <ele>145</ele>
      </trkpt>
      <trkpt lat="54.679579" lon="25.1972222">
        <ele>145</ele>
      </trkpt>
      <trkpt lat="54.679565" lon="25.1971892">
        <ele>145</ele>
      </trkpt>
      <trkpt lat="54.6795549" lon="25.1971562">
        <ele>145</ele>
      </trkpt>
      <trkpt lat="54.6795449" lon="25.1971232">
        <ele>145</ele>
      </trkpt>
      <trkpt lat="54.6795384" lon="25.1970911">
        <ele>146</ele>
      </trkpt>
      <trkpt lat="54.6795319" lon="25.197059">
        <ele>146</ele>
      </trkpt>
      <trkpt lat="54.6795256" lon="25.1970273">
        <ele>146</ele>
      </trkpt>
      <trkpt lat="54.6795194" lon="25.1969957">
        <ele>146</ele>
      </trkpt>
      <trkpt lat="54.6795139" lon="25.1969595">
        <ele>146</ele>
      </trkpt>
      <trkpt lat="54.6795085" lon="25.1969233">
        <ele>147</ele>
      </trkpt>
      <trkpt lat="54.6795032" lon="25.1968867">
        <ele>147</ele>
      </trkpt>
      <trkpt lat="54.6794979" lon="25.1968502">
        <ele>147</ele>
      </trkpt>
      <trkpt lat="54.6794878" lon="25.1968173">
        <ele>147</ele>
      </trkpt>
      <trkpt lat="54.6794778" lon="25.1967844">
        <ele>147</ele>
      </trkpt>
      <trkpt lat="54.6794646" lon="25.1967596">
        <ele>147</ele>
      </trkpt>
      <trkpt lat="54.6794515" lon="25.1967348">
        <ele>147</ele>
      </trkpt>
      <trkpt lat="54.6794378" lon="25.1967154">
        <ele>147</ele>
      </trkpt>
      <trkpt lat="54.6794241" lon="25.196696">
        <ele>147</ele>
      </trkpt>
      <trkpt lat="54.6794045" lon="25.1966759">
        <ele>147</ele>
      </trkpt>
      <trkpt lat="54.679385" lon="25.1966558">
        <ele>147</ele>
      </trkpt>
      <trkpt lat="54.6793612" lon="25.1966342">
        <ele>147</ele>
      </trkpt>
      <trkpt lat="54.6793375" lon="25.1966126">
        <ele>147</ele>
      </trkpt>
      <trkpt lat="54.6793155" lon="25.1965898">
        <ele>147</ele>
      </trkpt>
      <trkpt lat="54.6792935" lon="25.196567">
        <ele>147</ele>
      </trkpt>
      <trkpt lat="54.6792733" lon="25.1965452">
        <ele>147</ele>
      </trkpt>
      <trkpt lat="54.6792531" lon="25.1965234">
        <ele>147</ele>
      </trkpt>
      <trkpt lat="54.6792337" lon="25.1965084">
        <ele>147</ele>
      </trkpt>
      <trkpt lat="54.6792143" lon="25.1964934">
        <ele>147</ele>
      </trkpt>
      <trkpt lat="54.6791913" lon="25.1964815">
        <ele>147</ele>
      </trkpt>
      <trkpt lat="54.6791684" lon="25.1964696">
        <ele>147</ele>
      </trkpt>
      <trkpt lat="54.6791419" lon="25.1964582">
        <ele>146</ele>
      </trkpt>
      <trkpt lat="54.6791154" lon="25.1964468">
        <ele>146</ele>
      </trkpt>
      <trkpt lat="54.679091" lon="25.1964348">
        <ele>146</ele>
      </trkpt>
      <trkpt lat="54.6790666" lon="25.1964228">
        <ele>146</ele>
      </trkpt>
      <trkpt lat="54.679048" lon="25.1964134">
        <ele>146</ele>
      </trkpt>
      <trkpt lat="54.6790294" lon="25.196404">
        <ele>145</ele>
      </trkpt>
      <trkpt lat="54.6790125" lon="25.1963936">
        <ele>145</ele>
      </trkpt>
      <trkpt lat="54.6789956" lon="25.1963832">
        <ele>145</ele>
      </trkpt>
      <trkpt lat="54.67898" lon="25.1963686">
        <ele>145</ele>
      </trkpt>
      <trkpt lat="54.6789645" lon="25.1963541">
        <ele>145</ele>
      </trkpt>
      <trkpt lat="54.6789467" lon="25.1963378">
        <ele>144</ele>
      </trkpt>
      <trkpt lat="54.6789289" lon="25.1963215">
        <ele>144</ele>
      </trkpt>
      <trkpt lat="54.6789032" lon="25.1963091">
        <ele>144</ele>
      </trkpt>
      <trkpt lat="54.6788776" lon="25.1962967">
        <ele>144</ele>
      </trkpt>
      <trkpt lat="54.6788457" lon="25.1962969">
        <ele>144</ele>
      </trkpt>
      <trkpt lat="54.6788138" lon="25.1962971">
        <ele>143</ele>
      </trkpt>
      <trkpt lat="54.678782" lon="25.196308">
        <ele>143</ele>
      </trkpt>
      <trkpt lat="54.6787502" lon="25.196319">
        <ele>143</ele>
      </trkpt>
      <trkpt lat="54.6787236" lon="25.1963314">
        <ele>143</ele>
      </trkpt>
      <trkpt lat="54.678697" lon="25.1963438">
        <ele>143</ele>
      </trkpt>
      <trkpt lat="54.6786741" lon="25.1963551">
        <ele>143</ele>
      </trkpt>
      <trkpt lat="54.6786513" lon="25.1963664">
        <ele>143</ele>
      </trkpt>
      <trkpt lat="54.6786281" lon="25.1963835">
        <ele>143</ele>
      </trkpt>
      <trkpt lat="54.6786049" lon="25.1964006">
        <ele>143</ele>
      </trkpt>
      <trkpt lat="54.678582" lon="25.1964227">
        <ele>143</ele>
      </trkpt>
      <trkpt lat="54.6785592" lon="25.1964448">
        <ele>143</ele>
      </trkpt>
      <trkpt lat="54.6785351" lon="25.1964652">
        <ele>143</ele>
      </trkpt>
      <trkpt lat="54.6785111" lon="25.1964857">
        <ele>143</ele>
      </trkpt>
      <trkpt lat="54.6784842" lon="25.1965035">
        <ele>143</ele>
      </trkpt>
      <trkpt lat="54.6784573" lon="25.1965213">
        <ele>144</ele>
      </trkpt>
      <trkpt lat="54.6784288" lon="25.1965381">
        <ele>144</ele>
      </trkpt>
      <trkpt lat="54.6784003" lon="25.1965549">
        <ele>144</ele>
      </trkpt>
      <trkpt lat="54.6783721" lon="25.196571">
        <ele>144</ele>
      </trkpt>
      <trkpt lat="54.678344" lon="25.1965871">
        <ele>144</ele>
      </trkpt>
      <trkpt lat="54.6783189" lon="25.1966003">
        <ele>144</ele>
      </trkpt>
      <trkpt lat="54.6782939" lon="25.1966136">
        <ele>143</ele>
      </trkpt>
      <trkpt lat="54.6782716" lon="25.1966239">
        <ele>143</ele>
      </trkpt>
      <trkpt lat="54.6782494" lon="25.1966342">
        <ele>143</ele>
      </trkpt>
      <trkpt lat="54.6782281" lon="25.1966409">
        <ele>143</ele>
      </trkpt>
      <trkpt lat="54.6782068" lon="25.1966476">
        <ele>143</ele>
      </trkpt>
      <trkpt lat="54.6781839" lon="25.196649">
        <ele>143</ele>
      </trkpt>
      <trkpt lat="54.6781611" lon="25.1966505">
        <ele>143</ele>
      </trkpt>
      <trkpt lat="54.6781368" lon="25.1966477">
        <ele>143</ele>
      </trkpt>
      <trkpt lat="54.6781125" lon="25.1966449">
        <ele>143</ele>
      </trkpt>
      <trkpt lat="54.6780864" lon="25.1966425">
        <ele>143</ele>
      </trkpt>
      <trkpt lat="54.6780603" lon="25.1966402">
        <ele>142</ele>
      </trkpt>
      <trkpt lat="54.6780322" lon="25.1966388">
        <ele>142</ele>
      </trkpt>
      <trkpt lat="54.6780041" lon="25.1966375">
        <ele>142</ele>
      </trkpt>
      <trkpt lat="54.6779769" lon="25.1966332">
        <ele>142</ele>
      </trkpt>
      <trkpt lat="54.6779498" lon="25.1966289">
        <ele>142</ele>
      </trkpt>
      <trkpt lat="54.6779282" lon="25.1966155">
        <ele>141</ele>
      </trkpt>
      <trkpt lat="54.6779066" lon="25.1966022">
        <ele>141</ele>
      </trkpt>
      <trkpt lat="54.6778859" lon="25.1965782">
        <ele>140</ele>
      </trkpt>
      <trkpt lat="54.6778653" lon="25.1965542">
        <ele>140</ele>
      </trkpt>
      <trkpt lat="54.6778398" lon="25.1965273">
        <ele>140</ele>
      </trkpt>
      <trkpt lat="54.6778144" lon="25.1965005">
        <ele>139</ele>
      </trkpt>
      <trkpt lat="54.6777873" lon="25.1964829">
        <ele>139</ele>
      </trkpt>
      <trkpt lat="54.6777602" lon="25.1964654">
        <ele>139</ele>
      </trkpt>
      <trkpt lat="54.6777344" lon="25.1964661">
        <ele>139</ele>
      </trkpt>
      <trkpt lat="54.6777086" lon="25.1964669">
        <ele>139</ele>
      </trkpt>
      <trkpt lat="54.677684" lon="25.1964803">
        <ele>138</ele>
      </trkpt>
      <trkpt lat="54.6776594" lon="25.1964937">
        <ele>138</ele>
      </trkpt>
      <trkpt lat="54.6776375" lon="25.1965132">
        <ele>137</ele>
      </trkpt>
      <trkpt lat="54.6776156" lon="25.1965327">
        <ele>137</ele>
      </trkpt>
      <trkpt lat="54.6775917" lon="25.1965563">
        <ele>137</ele>
      </trkpt>
      <trkpt lat="54.6775678" lon="25.1965799">
        <ele>136</ele>
      </trkpt>
      <trkpt lat="54.6775361" lon="25.1966036">
        <ele>136</ele>
      </trkpt>
      <trkpt lat="54.6775045" lon="25.1966273">
        <ele>135</ele>
      </trkpt>
      <trkpt lat="54.6774673" lon="25.1966417">
        <ele>135</ele>
      </trkpt>
      <trkpt lat="54.6774301" lon="25.1966561">
        <ele>135</ele>
      </trkpt>
      <trkpt lat="54.6773928" lon="25.1966583">
        <ele>135</ele>
      </trkpt>
      <trkpt lat="54.6773556" lon="25.1966605">
        <ele>135</ele>
      </trkpt>
      <trkpt lat="54.6773221" lon="25.196655">
        <ele>135</ele>
      </trkpt>
      <trkpt lat="54.6772886" lon="25.1966496">
        <ele>135</ele>
      </trkpt>
      <trkpt lat="54.6772582" lon="25.1966408">
        <ele>135</ele>
      </trkpt>
      <trkpt lat="54.6772278" lon="25.196632">
        <ele>135</ele>
      </trkpt>
      <trkpt lat="54.6772012" lon="25.1966231">
        <ele>135</ele>
      </trkpt>
      <trkpt lat="54.6771747" lon="25.1966143">
        <ele>135</ele>
      </trkpt>
      <trkpt lat="54.6771477" lon="25.1966038">
        <ele>135</ele>
      </trkpt>
      <trkpt lat="54.6771208" lon="25.1965933">
        <ele>135</ele>
      </trkpt>
      <trkpt lat="54.677094" lon="25.1965822">
        <ele>134</ele>
      </trkpt>
      <trkpt lat="54.6770673" lon="25.1965711">
        <ele>134</ele>
      </trkpt>
      <trkpt lat="54.6770407" lon="25.1965609">
        <ele>134</ele>
      </trkpt>
      <trkpt lat="54.6770142" lon="25.1965507">
        <ele>134</ele>
      </trkpt>
      <trkpt lat="54.6769885" lon="25.1965432">
        <ele>134</ele>
      </trkpt>
      <trkpt lat="54.6769629" lon="25.1965358">
        <ele>134</ele>
      </trkpt>
      <trkpt lat="54.6769365" lon="25.1965316">
        <ele>134</ele>
      </trkpt>
      <trkpt lat="54.6769102" lon="25.1965275">
        <ele>134</ele>
      </trkpt>
      <trkpt lat="54.6768844" lon="25.1965265">
        <ele>134</ele>
      </trkpt>
      <trkpt lat="54.6768586" lon="25.1965255">
        <ele>134</ele>
      </trkpt>
      <trkpt lat="54.676834" lon="25.1965245">
        <ele>134</ele>
      </trkpt>
      <trkpt lat="54.6768095" lon="25.1965235">
        <ele>134</ele>
      </trkpt>
      <trkpt lat="54.6767869" lon="25.1965217">
        <ele>134</ele>
      </trkpt>
      <trkpt lat="54.6767643" lon="25.1965199">
        <ele>134</ele>
      </trkpt>
      <trkpt lat="54.6767405" lon="25.196517">
        <ele>134</ele>
      </trkpt>
      <trkpt lat="54.6767168" lon="25.1965142">
        <ele>134</ele>
      </trkpt>
      <trkpt lat="54.6766898" lon="25.1965081">
        <ele>134</ele>
      </trkpt>
      <trkpt lat="54.6766628" lon="25.1965021">
        <ele>134</ele>
      </trkpt>
      <trkpt lat="54.6766333" lon="25.1964918">
        <ele>134</ele>
      </trkpt>
      <trkpt lat="54.6766038" lon="25.1964815">
        <ele>135</ele>
      </trkpt>
      <trkpt lat="54.6765764" lon="25.1964688">
        <ele>135</ele>
      </trkpt>
      <trkpt lat="54.676549" lon="25.1964561">
        <ele>135</ele>
      </trkpt>
      <trkpt lat="54.6765252" lon="25.1964456">
        <ele>135</ele>
      </trkpt>
      <trkpt lat="54.6765014" lon="25.1964352">
        <ele>135</ele>
      </trkpt>
      <trkpt lat="54.6764783" lon="25.1964282">
        <ele>135</ele>
      </trkpt>
      <trkpt lat="54.6764552" lon="25.1964212">
        <ele>135</ele>
      </trkpt>
      <trkpt lat="54.6764318" lon="25.1964169">
        <ele>135</ele>
      </trkpt>
      <trkpt lat="54.6764085" lon="25.1964126">
        <ele>135</ele>
      </trkpt>
      <trkpt lat="54.6763846" lon="25.1964117">
        <ele>135</ele>
      </trkpt>
      <trkpt lat="54.6763608" lon="25.1964108">
        <ele>135</ele>
      </trkpt>
      <trkpt lat="54.676337" lon="25.196412">
        <ele>135</ele>
      </trkpt>
      <trkpt lat="54.6763132" lon="25.1964132">
        <ele>135</ele>
      </trkpt>
      <trkpt lat="54.6762892" lon="25.1964142">
        <ele>135</ele>
      </trkpt>
      <trkpt lat="54.6762653" lon="25.1964152">
        <ele>135</ele>
      </trkpt>
      <trkpt lat="54.6762401" lon="25.1964153">
        <ele>135</ele>
      </trkpt>
      <trkpt lat="54.6762149" lon="25.1964155">
        <ele>135</ele>
      </trkpt>
      <trkpt lat="54.6761894" lon="25.1964164">
        <ele>135</ele>
      </trkpt>
      <trkpt lat="54.6761639" lon="25.1964173">
        <ele>135</ele>
      </trkpt>
      <trkpt lat="54.6761385" lon="25.1964182">
        <ele>135</ele>
      </trkpt>
      <trkpt lat="54.6761136" lon="25.1964208">
        <ele>135</ele>
      </trkpt>
      <trkpt lat="54.6760887" lon="25.1964235">
        <ele>135</ele>
      </trkpt>
      <trkpt lat="54.6760638" lon="25.1964262">
        <ele>135</ele>
      </trkpt>
      <trkpt lat="54.6760383" lon="25.1964276">
        <ele>135</ele>
      </trkpt>
      <trkpt lat="54.6760129" lon="25.196429">
        <ele>135</ele>
      </trkpt>
      <trkpt lat="54.675987" lon="25.1964311">
        <ele>136</ele>
      </trkpt>
      <trkpt lat="54.6759611" lon="25.1964332">
        <ele>136</ele>
      </trkpt>
      <trkpt lat="54.6759358" lon="25.1964381">
        <ele>136</ele>
      </trkpt>
      <trkpt lat="54.6759105" lon="25.196443">
        <ele>136</ele>
      </trkpt>
      <trkpt lat="54.6758851" lon="25.1964493">
        <ele>136</ele>
      </trkpt>
      <trkpt lat="54.6758598" lon="25.1964557">
        <ele>136</ele>
      </trkpt>
      <trkpt lat="54.6758359" lon="25.1964623">
        <ele>136</ele>
      </trkpt>
      <trkpt lat="54.6758121" lon="25.1964689">
        <ele>136</ele>
      </trkpt>
      <trkpt lat="54.6757885" lon="25.1964764">
        <ele>136</ele>
      </trkpt>
      <trkpt lat="54.675765" lon="25.196484">
        <ele>136</ele>
      </trkpt>
      <trkpt lat="54.6757415" lon="25.1964914">
        <ele>136</ele>
      </trkpt>
      <trkpt lat="54.6757181" lon="25.1964988">
        <ele>136</ele>
      </trkpt>
      <trkpt lat="54.6756945" lon="25.1965068">
        <ele>136</ele>
      </trkpt>
      <trkpt lat="54.6756709" lon="25.1965148">
        <ele>137</ele>
      </trkpt>
      <trkpt lat="54.6756473" lon="25.1965231">
        <ele>137</ele>
      </trkpt>
      <trkpt lat="54.6756237" lon="25.1965314">
        <ele>138</ele>
      </trkpt>
      <trkpt lat="54.6756013" lon="25.1965398">
        <ele>138</ele>
      </trkpt>
      <trkpt lat="54.6755789" lon="25.1965482">
        <ele>138</ele>
      </trkpt>
      <trkpt lat="54.6755577" lon="25.1965519">
        <ele>138</ele>
      </trkpt>
      <trkpt lat="54.6755366" lon="25.1965557">
        <ele>138</ele>
      </trkpt>
      <trkpt lat="54.6755182" lon="25.1965467">
        <ele>138</ele>
      </trkpt>
      <trkpt lat="54.6754999" lon="25.1965377">
        <ele>138</ele>
      </trkpt>
      <trkpt lat="54.6754899" lon="25.1965108">
        <ele>138</ele>
      </trkpt>
      <trkpt lat="54.67548" lon="25.1964839">
        <ele>138</ele>
      </trkpt>
      <trkpt lat="54.6754776" lon="25.1964443">
        <ele>138</ele>
      </trkpt>
      <trkpt lat="54.6754752" lon="25.1964048">
        <ele>138</ele>
      </trkpt>
      <trkpt lat="54.6754759" lon="25.1963601">
        <ele>138</ele>
      </trkpt>
      <trkpt lat="54.6754767" lon="25.1963155">
        <ele>138</ele>
      </trkpt>
      <trkpt lat="54.6754779" lon="25.1962703">
        <ele>138</ele>
      </trkpt>
      <trkpt lat="54.6754792" lon="25.1962252">
        <ele>138</ele>
      </trkpt>
      <trkpt lat="54.6754797" lon="25.1961809">
        <ele>138</ele>
      </trkpt>
      <trkpt lat="54.6754802" lon="25.1961367">
        <ele>138</ele>
      </trkpt>
      <trkpt lat="54.6754797" lon="25.1960921">
        <ele>138</ele>
      </trkpt>
      <trkpt lat="54.6754793" lon="25.1960475">
        <ele>138</ele>
      </trkpt>
      <trkpt lat="54.6754785" lon="25.1960026">
        <ele>138</ele>
      </trkpt>
      <trkpt lat="54.6754778" lon="25.1959578">
        <ele>139</ele>
      </trkpt>
      <trkpt lat="54.6754768" lon="25.1959126">
        <ele>139</ele>
      </trkpt>
      <trkpt lat="54.6754759" lon="25.1958675">
        <ele>139</ele>
      </trkpt>
      <trkpt lat="54.6754748" lon="25.1958228">
        <ele>139</ele>
      </trkpt>
      <trkpt lat="54.6754738" lon="25.1957781">
        <ele>139</ele>
      </trkpt>
      <trkpt lat="54.6754728" lon="25.1957339">
        <ele>139</ele>
      </trkpt>
      <trkpt lat="54.6754719" lon="25.1956897">
        <ele>139</ele>
      </trkpt>
      <trkpt lat="54.6754719" lon="25.1956447">
        <ele>139</ele>
      </trkpt>
      <trkpt lat="54.6754719" lon="25.1955997">
        <ele>139</ele>
      </trkpt>
      <trkpt lat="54.6754791" lon="25.1955611">
        <ele>139</ele>
      </trkpt>
      <trkpt lat="54.6754863" lon="25.1955226">
        <ele>140</ele>
      </trkpt>
      <trkpt lat="54.6755021" lon="25.1954986">
        <ele>140</ele>
      </trkpt>
      <trkpt lat="54.6755179" lon="25.1954746">
        <ele>140</ele>
      </trkpt>
      <trkpt lat="54.6755365" lon="25.1954633">
        <ele>140</ele>
      </trkpt>
      <trkpt lat="54.6755551" lon="25.195452">
        <ele>140</ele>
      </trkpt>
      <trkpt lat="54.6755738" lon="25.1954408">
        <ele>140</ele>
      </trkpt>
      <trkpt lat="54.6755938" lon="25.1954346">
        <ele>140</ele>
      </trkpt>
      <trkpt lat="54.6756139" lon="25.1954285">
        <ele>140</ele>
      </trkpt>
      <trkpt lat="54.6756355" lon="25.195423">
        <ele>140</ele>
      </trkpt>
      <trkpt lat="54.6756571" lon="25.1954176">
        <ele>140</ele>
      </trkpt>
      <trkpt lat="54.6756804" lon="25.1954121">
        <ele>140</ele>
      </trkpt>
      <trkpt lat="54.6757038" lon="25.1954067">
        <ele>140</ele>
      </trkpt>
      <trkpt lat="54.6757293" lon="25.1954021">
        <ele>140</ele>
      </trkpt>
      <trkpt lat="54.6757548" lon="25.1953975">
        <ele>140</ele>
      </trkpt>
      <trkpt lat="54.6757803" lon="25.195393">
        <ele>140</ele>
      </trkpt>
      <trkpt lat="54.6758066" lon="25.1953871">
        <ele>140</ele>
      </trkpt>
      <trkpt lat="54.675833" lon="25.1953812">
        <ele>140</ele>
      </trkpt>
      <trkpt lat="54.6758594" lon="25.1953735">
        <ele>140</ele>
      </trkpt>
      <trkpt lat="54.6758859" lon="25.1953659">
        <ele>140</ele>
      </trkpt>
      <trkpt lat="54.6759113" lon="25.195358">
        <ele>140</ele>
      </trkpt>
      <trkpt lat="54.6759367" lon="25.1953502">
        <ele>141</ele>
      </trkpt>
      <trkpt lat="54.6759613" lon="25.195343">
        <ele>141</ele>
      </trkpt>
      <trkpt lat="54.6759859" lon="25.1953358">
        <ele>141</ele>
      </trkpt>
      <trkpt lat="54.6760096" lon="25.1953301">
        <ele>141</ele>
      </trkpt>
      <trkpt lat="54.6760333" lon="25.1953245">
        <ele>141</ele>
      </trkpt>
      <trkpt lat="54.6760576" lon="25.1953184">
        <ele>141</ele>
      </trkpt>
      <trkpt lat="54.6760819" lon="25.1953123">
        <ele>141</ele>
      </trkpt>
      <trkpt lat="54.6761067" lon="25.1953056">
        <ele>141</ele>
      </trkpt>
      <trkpt lat="54.6761315" lon="25.195299">
        <ele>141</ele>
      </trkpt>
      <trkpt lat="54.6761568" lon="25.1952934">
        <ele>141</ele>
      </trkpt>
      <trkpt lat="54.6761822" lon="25.1952878">
        <ele>142</ele>
      </trkpt>
      <trkpt lat="54.676208" lon="25.1952833">
        <ele>142</ele>
      </trkpt>
      <trkpt lat="54.6762339" lon="25.1952788">
        <ele>142</ele>
      </trkpt>
      <trkpt lat="54.6762582" lon="25.1952739">
        <ele>142</ele>
      </trkpt>
      <trkpt lat="54.6762826" lon="25.195269">
        <ele>142</ele>
      </trkpt>
      <trkpt lat="54.6763064" lon="25.195262">
        <ele>142</ele>
      </trkpt>
      <trkpt lat="54.6763302" lon="25.195255">
        <ele>142</ele>
      </trkpt>
      <trkpt lat="54.6763542" lon="25.1952459">
        <ele>142</ele>
      </trkpt>
      <trkpt lat="54.6763782" lon="25.1952369">
        <ele>142</ele>
      </trkpt>
      <trkpt lat="54.6764005" lon="25.1952275">
        <ele>142</ele>
      </trkpt>
      <trkpt lat="54.6764228" lon="25.1952181">
        <ele>143</ele>
      </trkpt>
      <trkpt lat="54.6764452" lon="25.1952095">
        <ele>143</ele>
      </trkpt>
      <trkpt lat="54.6764677" lon="25.195201">
        <ele>143</ele>
      </trkpt>
      <trkpt lat="54.6764907" lon="25.1951934">
        <ele>143</ele>
      </trkpt>
      <trkpt lat="54.6765137" lon="25.1951859">
        <ele>143</ele>
      </trkpt>
      <trkpt lat="54.6765374" lon="25.195179">
        <ele>143</ele>
      </trkpt>
      <trkpt lat="54.6765612" lon="25.1951721">
        <ele>143</ele>
      </trkpt>
      <trkpt lat="54.6765851" lon="25.1951642">
        <ele>143</ele>
      </trkpt>
      <trkpt lat="54.6766091" lon="25.1951564">
        <ele>144</ele>
      </trkpt>
      <trkpt lat="54.6766321" lon="25.1951472">
        <ele>144</ele>
      </trkpt>
      <trkpt lat="54.6766551" lon="25.195138">
        <ele>145</ele>
      </trkpt>
      <trkpt lat="54.6766742" lon="25.1951287">
        <ele>145</ele>
      </trkpt>
      <trkpt lat="54.6766933" lon="25.1951195">
        <ele>145</ele>
      </trkpt>
      <trkpt lat="54.6767077" lon="25.1951091">
        <ele>145</ele>
      </trkpt>
      <trkpt lat="54.6767222" lon="25.1950987">
        <ele>145</ele>
      </trkpt>
      <trkpt lat="54.6767335" lon="25.1950879">
        <ele>146</ele>
      </trkpt>
      <trkpt lat="54.6767449" lon="25.1950772">
        <ele>146</ele>
      </trkpt>
      <trkpt lat="54.6767568" lon="25.1950674">
        <ele>146</ele>
      </trkpt>
      <trkpt lat="54.6767687" lon="25.1950577">
        <ele>146</ele>
      </trkpt>
      <trkpt lat="54.6767844" lon="25.1950511">
        <ele>146</ele>
      </trkpt>
      <trkpt lat="54.6768001" lon="25.1950445">
        <ele>147</ele>
      </trkpt>
      <trkpt lat="54.6768205" lon="25.1950411">
        <ele>147</ele>
      </trkpt>
      <trkpt lat="54.676841" lon="25.1950378">
        <ele>147</ele>
      </trkpt>
      <trkpt lat="54.6768627" lon="25.1950356">
        <ele>147</ele>
      </trkpt>
      <trkpt lat="54.6768844" lon="25.1950334">
        <ele>147</ele>
      </trkpt>
      <trkpt lat="54.6769077" lon="25.1950298">
        <ele>147</ele>
      </trkpt>
      <trkpt lat="54.6769311" lon="25.1950263">
        <ele>147</ele>
      </trkpt>
      <trkpt lat="54.6769551" lon="25.1950195">
        <ele>147</ele>
      </trkpt>
      <trkpt lat="54.6769791" lon="25.1950128">
        <ele>147</ele>
      </trkpt>
      <trkpt lat="54.6770038" lon="25.1950027">
        <ele>147</ele>
      </trkpt>
      <trkpt lat="54.6770285" lon="25.1949926">
        <ele>147</ele>
      </trkpt>
      <trkpt lat="54.6770517" lon="25.1949817">
        <ele>147</ele>
      </trkpt>
      <trkpt lat="54.677075" lon="25.1949709">
        <ele>147</ele>
      </trkpt>
      <trkpt lat="54.6770951" lon="25.1949595">
        <ele>147</ele>
      </trkpt>
      <trkpt lat="54.6771152" lon="25.1949482">
        <ele>147</ele>
      </trkpt>
      <trkpt lat="54.6771336" lon="25.1949357">
        <ele>148</ele>
      </trkpt>
      <trkpt lat="54.6771521" lon="25.1949232">
        <ele>148</ele>
      </trkpt>
      <trkpt lat="54.6771709" lon="25.1949073">
        <ele>148</ele>
      </trkpt>
      <trkpt lat="54.6771898" lon="25.1948915">
        <ele>148</ele>
      </trkpt>
      <trkpt lat="54.6772086" lon="25.1948705">
        <ele>148</ele>
      </trkpt>
      <trkpt lat="54.6772274" lon="25.1948496">
        <ele>148</ele>
      </trkpt>
      <trkpt lat="54.6772454" lon="25.1948261">
        <ele>148</ele>
      </trkpt>
      <trkpt lat="54.6772634" lon="25.1948026">
        <ele>148</ele>
      </trkpt>
      <trkpt lat="54.6772795" lon="25.1947766">
        <ele>148</ele>
      </trkpt>
      <trkpt lat="54.6772956" lon="25.1947506">
        <ele>148</ele>
      </trkpt>
      <trkpt lat="54.6773109" lon="25.1947213">
        <ele>149</ele>
      </trkpt>
      <trkpt lat="54.6773262" lon="25.194692">
        <ele>149</ele>
      </trkpt>
      <trkpt lat="54.6773437" lon="25.1946646">
        <ele>149</ele>
      </trkpt>
      <trkpt lat="54.6773613" lon="25.1946373">
        <ele>149</ele>
      </trkpt>
      <trkpt lat="54.677382" lon="25.1946136">
        <ele>149</ele>
      </trkpt>
      <trkpt lat="54.6774027" lon="25.1945899">
        <ele>149</ele>
      </trkpt>
      <trkpt lat="54.6774226" lon="25.1945693">
        <ele>149</ele>
      </trkpt>
      <trkpt lat="54.6774425" lon="25.1945487">
        <ele>149</ele>
      </trkpt>
      <trkpt lat="54.6774619" lon="25.194529">
        <ele>149</ele>
      </trkpt>
      <trkpt lat="54.6774813" lon="25.1945094">
        <ele>149</ele>
      </trkpt>
      <trkpt lat="54.6775008" lon="25.1944865">
        <ele>149</ele>
      </trkpt>
      <trkpt lat="54.6775204" lon="25.1944637">
        <ele>149</ele>
      </trkpt>
      <trkpt lat="54.6775394" lon="25.1944367">
        <ele>149</ele>
      </trkpt>
      <trkpt lat="54.6775584" lon="25.1944097">
        <ele>149</ele>
      </trkpt>
      <trkpt lat="54.6775761" lon="25.1943797">
        <ele>149</ele>
      </trkpt>
      <trkpt lat="54.6775938" lon="25.1943498">
        <ele>149</ele>
      </trkpt>
      <trkpt lat="54.677611" lon="25.1943179">
        <ele>148</ele>
      </trkpt>
      <trkpt lat="54.6776282" lon="25.194286">
        <ele>148</ele>
      </trkpt>
      <trkpt lat="54.677646" lon="25.1942541">
        <ele>148</ele>
      </trkpt>
      <trkpt lat="54.6776638" lon="25.1942222">
        <ele>148</ele>
      </trkpt>
      <trkpt lat="54.6776813" lon="25.1941879">
        <ele>148</ele>
      </trkpt>
      <trkpt lat="54.6776988" lon="25.1941536">
        <ele>147</ele>
      </trkpt>
      <trkpt lat="54.6777175" lon="25.194117">
        <ele>147</ele>
      </trkpt>
      <trkpt lat="54.6777363" lon="25.1940804">
        <ele>147</ele>
      </trkpt>
      <trkpt lat="54.6777577" lon="25.1940462">
        <ele>147</ele>
      </trkpt>
      <trkpt lat="54.6777792" lon="25.1940121">
        <ele>147</ele>
      </trkpt>
      <trkpt lat="54.6778024" lon="25.1939823">
        <ele>147</ele>
      </trkpt>
      <trkpt lat="54.6778256" lon="25.1939526">
        <ele>147</ele>
      </trkpt>
      <trkpt lat="54.6778494" lon="25.1939255">
        <ele>147</ele>
      </trkpt>
      <trkpt lat="54.6778733" lon="25.1938984">
        <ele>147</ele>
      </trkpt>
      <trkpt lat="54.6778965" lon="25.193871">
        <ele>147</ele>
      </trkpt>
      <trkpt lat="54.6779197" lon="25.1938437">
        <ele>147</ele>
      </trkpt>
      <trkpt lat="54.6779433" lon="25.193819">
        <ele>147</ele>
      </trkpt>
      <trkpt lat="54.677967" lon="25.1937943">
        <ele>147</ele>
      </trkpt>
      <trkpt lat="54.6779897" lon="25.1937723">
        <ele>147</ele>
      </trkpt>
      <trkpt lat="54.6780125" lon="25.1937503">
        <ele>147</ele>
      </trkpt>
      <trkpt lat="54.6780337" lon="25.193731">
        <ele>147</ele>
      </trkpt>
      <trkpt lat="54.6780549" lon="25.1937117">
        <ele>147</ele>
      </trkpt>
      <trkpt lat="54.6780733" lon="25.1936951">
        <ele>147</ele>
      </trkpt>
      <trkpt lat="54.6780917" lon="25.1936786">
        <ele>147</ele>
      </trkpt>
      <trkpt lat="54.6781078" lon="25.1936667">
        <ele>147</ele>
      </trkpt>
      <trkpt lat="54.678124" lon="25.1936548">
        <ele>147</ele>
      </trkpt>
      <trkpt lat="54.6781397" lon="25.1936434">
        <ele>147</ele>
      </trkpt>
      <trkpt lat="54.6781554" lon="25.1936321">
        <ele>147</ele>
      </trkpt>
      <trkpt lat="54.6781722" lon="25.1936179">
        <ele>147</ele>
      </trkpt>
      <trkpt lat="54.6781891" lon="25.1936038">
        <ele>147</ele>
      </trkpt>
      <trkpt lat="54.6782062" lon="25.193586">
        <ele>147</ele>
      </trkpt>
      <trkpt lat="54.6782233" lon="25.1935682">
        <ele>147</ele>
      </trkpt>
      <trkpt lat="54.6782441" lon="25.1935479">
        <ele>147</ele>
      </trkpt>
      <trkpt lat="54.678265" lon="25.1935277">
        <ele>147</ele>
      </trkpt>
      <trkpt lat="54.6782893" lon="25.1935084">
        <ele>147</ele>
      </trkpt>
      <trkpt lat="54.6783136" lon="25.1934892">
        <ele>147</ele>
      </trkpt>
      <trkpt lat="54.6783393" lon="25.193473">
        <ele>147</ele>
      </trkpt>
      <trkpt lat="54.6783651" lon="25.1934568">
        <ele>147</ele>
      </trkpt>
      <trkpt lat="54.6783906" lon="25.1934434">
        <ele>147</ele>
      </trkpt>
      <trkpt lat="54.6784161" lon="25.1934301">
        <ele>148</ele>
      </trkpt>
      <trkpt lat="54.6784394" lon="25.1934173">
        <ele>148</ele>
      </trkpt>
      <trkpt lat="54.6784627" lon="25.1934045">
        <ele>148</ele>
      </trkpt>
      <trkpt lat="54.6784819" lon="25.1933873">
        <ele>148</ele>
      </trkpt>
      <trkpt lat="54.6785012" lon="25.1933702">
        <ele>148</ele>
      </trkpt>
      <trkpt lat="54.6785219" lon="25.1933477">
        <ele>148</ele>
      </trkpt>
      <trkpt lat="54.6785427" lon="25.1933253">
        <ele>148</ele>
      </trkpt>
      <trkpt lat="54.6785653" lon="25.1932994">
        <ele>148</ele>
      </trkpt>
      <trkpt lat="54.678588" lon="25.1932736">
        <ele>148</ele>
      </trkpt>
      <trkpt lat="54.678611" lon="25.1932468">
        <ele>148</ele>
      </trkpt>
      <trkpt lat="54.678634" lon="25.19322">
        <ele>148</ele>
      </trkpt>
      <trkpt lat="54.6786569" lon="25.1931929">
        <ele>148</ele>
      </trkpt>
      <trkpt lat="54.6786798" lon="25.1931658">
        <ele>148</ele>
      </trkpt>
      <trkpt lat="54.6787016" lon="25.1931386">
        <ele>148</ele>
      </trkpt>
      <trkpt lat="54.6787234" lon="25.1931114">
        <ele>148</ele>
      </trkpt>
      <trkpt lat="54.6787437" lon="25.1930859">
        <ele>148</ele>
      </trkpt>
      <trkpt lat="54.678764" lon="25.1930605">
        <ele>148</ele>
      </trkpt>
      <trkpt lat="54.6787862" lon="25.1930389">
        <ele>148</ele>
      </trkpt>
      <trkpt lat="54.6788085" lon="25.1930174">
        <ele>148</ele>
      </trkpt>
      <trkpt lat="54.678832" lon="25.1930003">
        <ele>148</ele>
      </trkpt>
      <trkpt lat="54.6788556" lon="25.1929832">
        <ele>148</ele>
      </trkpt>
      <trkpt lat="54.6788794" lon="25.1929686">
        <ele>148</ele>
      </trkpt>
      <trkpt lat="54.6789032" lon="25.192954">
        <ele>148</ele>
      </trkpt>
      <trkpt lat="54.6789268" lon="25.1929327">
        <ele>148</ele>
      </trkpt>
      <trkpt lat="54.6789504" lon="25.1929115">
        <ele>148</ele>
      </trkpt>
      <trkpt lat="54.6789731" lon="25.192878">
        <ele>148</ele>
      </trkpt>
      <trkpt lat="54.6789958" lon="25.1928446">
        <ele>148</ele>
      </trkpt>
      <trkpt lat="54.6790177" lon="25.1928056">
        <ele>148</ele>
      </trkpt>
      <trkpt lat="54.6790396" lon="25.1927667">
        <ele>148</ele>
      </trkpt>
      <trkpt lat="54.6790596" lon="25.1927281">
        <ele>148</ele>
      </trkpt>
      <trkpt lat="54.6790797" lon="25.1926896">
        <ele>148</ele>
      </trkpt>
      <trkpt lat="54.6791013" lon="25.1926516">
        <ele>148</ele>
      </trkpt>
      <trkpt lat="54.679123" lon="25.1926136">
        <ele>148</ele>
      </trkpt>
      <trkpt lat="54.6791466" lon="25.1925777">
        <ele>148</ele>
      </trkpt>
      <trkpt lat="54.6791703" lon="25.1925418">
        <ele>148</ele>
      </trkpt>
      <trkpt lat="54.6791926" lon="25.1925088">
        <ele>148</ele>
      </trkpt>
      <trkpt lat="54.6792149" lon="25.1924759">
        <ele>148</ele>
      </trkpt>
      <trkpt lat="54.6792352" lon="25.1924456">
        <ele>148</ele>
      </trkpt>
      <trkpt lat="54.6792556" lon="25.1924154">
        <ele>148</ele>
      </trkpt>
      <trkpt lat="54.6792739" lon="25.1923828">
        <ele>148</ele>
      </trkpt>
      <trkpt lat="54.6792923" lon="25.1923502">
        <ele>148</ele>
      </trkpt>
      <trkpt lat="54.6793084" lon="25.1923129">
        <ele>148</ele>
      </trkpt>
      <trkpt lat="54.6793245" lon="25.1922756">
        <ele>148</ele>
      </trkpt>
      <trkpt lat="54.679334" lon="25.1922325">
        <ele>148</ele>
      </trkpt>
      <trkpt lat="54.6793436" lon="25.1921894">
        <ele>148</ele>
      </trkpt>
      <trkpt lat="54.6793462" lon="25.1921456">
        <ele>148</ele>
      </trkpt>
      <trkpt lat="54.6793489" lon="25.1921018">
        <ele>148</ele>
      </trkpt>
      <trkpt lat="54.679348" lon="25.1920605">
        <ele>148</ele>
      </trkpt>
      <trkpt lat="54.6793471" lon="25.1920192">
        <ele>148</ele>
      </trkpt>
      <trkpt lat="54.6793433" lon="25.1919761">
        <ele>148</ele>
      </trkpt>
      <trkpt lat="54.6793396" lon="25.191933">
        <ele>148</ele>
      </trkpt>
      <trkpt lat="54.6793356" lon="25.1918895">
        <ele>148</ele>
      </trkpt>
      <trkpt lat="54.6793316" lon="25.1918461">
        <ele>148</ele>
      </trkpt>
      <trkpt lat="54.6793282" lon="25.1918022">
        <ele>148</ele>
      </trkpt>
      <trkpt lat="54.6793249" lon="25.1917583">
        <ele>148</ele>
      </trkpt>
      <trkpt lat="54.6793207" lon="25.1917147">
        <ele>148</ele>
      </trkpt>
      <trkpt lat="54.6793166" lon="25.1916712">
        <ele>148</ele>
      </trkpt>
      <trkpt lat="54.6793133" lon="25.1916289">
        <ele>148</ele>
      </trkpt>
      <trkpt lat="54.67931" lon="25.1915867">
        <ele>148</ele>
      </trkpt>
      <trkpt lat="54.6793086" lon="25.1915453">
        <ele>148</ele>
      </trkpt>
      <trkpt lat="54.6793073" lon="25.1915039">
        <ele>148</ele>
      </trkpt>
      <trkpt lat="54.6793057" lon="25.191464">
        <ele>148</ele>
      </trkpt>
      <trkpt lat="54.6793041" lon="25.1914241">
        <ele>148</ele>
      </trkpt>
      <trkpt lat="54.6793018" lon="25.1913837">
        <ele>148</ele>
      </trkpt>
      <trkpt lat="54.6792995" lon="25.1913433">
        <ele>148</ele>
      </trkpt>
      <trkpt lat="54.6792976" lon="25.1913026">
        <ele>148</ele>
      </trkpt>
      <trkpt lat="54.6792958" lon="25.1912619">
        <ele>148</ele>
      </trkpt>
      <trkpt lat="54.679295" lon="25.1912192">
        <ele>148</ele>
      </trkpt>
      <trkpt lat="54.6792942" lon="25.1911765">
        <ele>148</ele>
      </trkpt>
      <trkpt lat="54.6792962" lon="25.191133">
        <ele>148</ele>
      </trkpt>
      <trkpt lat="54.6792983" lon="25.1910895">
        <ele>148</ele>
      </trkpt>
      <trkpt lat="54.6793016" lon="25.1910473">
        <ele>147</ele>
      </trkpt>
      <trkpt lat="54.6793049" lon="25.1910051">
        <ele>147</ele>
      </trkpt>
      <trkpt lat="54.6793061" lon="25.1909619">
        <ele>147</ele>
      </trkpt>
      <trkpt lat="54.6793073" lon="25.1909188">
        <ele>147</ele>
      </trkpt>
      <trkpt lat="54.6793059" lon="25.1908744">
        <ele>147</ele>
      </trkpt>
      <trkpt lat="54.6793045" lon="25.19083">
        <ele>147</ele>
      </trkpt>
      <trkpt lat="54.6793019" lon="25.1907854">
        <ele>147</ele>
      </trkpt>
      <trkpt lat="54.6792993" lon="25.1907408">
        <ele>147</ele>
      </trkpt>
      <trkpt lat="54.679297" lon="25.1906963">
        <ele>147</ele>
      </trkpt>
      <trkpt lat="54.6792947" lon="25.1906518">
        <ele>147</ele>
      </trkpt>
      <trkpt lat="54.6792926" lon="25.1906075">
        <ele>147</ele>
      </trkpt>
      <trkpt lat="54.6792905" lon="25.1905633">
        <ele>147</ele>
      </trkpt>
      <trkpt lat="54.6792884" lon="25.1905185">
        <ele>147</ele>
      </trkpt>
      <trkpt lat="54.6792864" lon="25.1904737">
        <ele>147</ele>
      </trkpt>
      <trkpt lat="54.6792844" lon="25.1904295">
        <ele>147</ele>
      </trkpt>
      <trkpt lat="54.6792824" lon="25.1903854">
        <ele>147</ele>
      </trkpt>
      <trkpt lat="54.6792804" lon="25.1903422">
        <ele>147</ele>
      </trkpt>
      <trkpt lat="54.6792784" lon="25.190299">
        <ele>147</ele>
      </trkpt>
      <trkpt lat="54.679277" lon="25.1902558">
        <ele>147</ele>
      </trkpt>
      <trkpt lat="54.6792757" lon="25.1902126">
        <ele>147</ele>
      </trkpt>
      <trkpt lat="54.6792738" lon="25.1901681">
        <ele>147</ele>
      </trkpt>
      <trkpt lat="54.6792719" lon="25.1901236">
        <ele>147</ele>
      </trkpt>
      <trkpt lat="54.6792701" lon="25.1900795">
        <ele>147</ele>
      </trkpt>
      <trkpt lat="54.6792683" lon="25.1900354">
        <ele>147</ele>
      </trkpt>
      <trkpt lat="54.6792671" lon="25.1899912">
        <ele>147</ele>
      </trkpt>
      <trkpt lat="54.679266" lon="25.189947">
        <ele>147</ele>
      </trkpt>
      <trkpt lat="54.679265" lon="25.1899026">
        <ele>147</ele>
      </trkpt>
      <trkpt lat="54.679264" lon="25.1898583">
        <ele>147</ele>
      </trkpt>
      <trkpt lat="54.6792625" lon="25.1898146">
        <ele>147</ele>
      </trkpt>
      <trkpt lat="54.6792611" lon="25.189771">
        <ele>147</ele>
      </trkpt>
      <trkpt lat="54.6792583" lon="25.1897259">
        <ele>147</ele>
      </trkpt>
      <trkpt lat="54.6792556" lon="25.1896809">
        <ele>147</ele>
      </trkpt>
      <trkpt lat="54.6792514" lon="25.1896339">
        <ele>147</ele>
      </trkpt>
      <trkpt lat="54.6792473" lon="25.1895869">
        <ele>147</ele>
      </trkpt>
      <trkpt lat="54.6792436" lon="25.1895398">
        <ele>147</ele>
      </trkpt>
      <trkpt lat="54.67924" lon="25.1894927">
        <ele>146</ele>
      </trkpt>
      <trkpt lat="54.6792381" lon="25.1894471">
        <ele>146</ele>
      </trkpt>
      <trkpt lat="54.6792362" lon="25.1894016">
        <ele>146</ele>
      </trkpt>
      <trkpt lat="54.6792344" lon="25.1893586">
        <ele>146</ele>
      </trkpt>
      <trkpt lat="54.6792326" lon="25.1893156">
        <ele>146</ele>
      </trkpt>
      <trkpt lat="54.6792296" lon="25.189273">
        <ele>146</ele>
      </trkpt>
      <trkpt lat="54.6792267" lon="25.1892305">
        <ele>146</ele>
      </trkpt>
      <trkpt lat="54.6792246" lon="25.1891901">
        <ele>146</ele>
      </trkpt>
      <trkpt lat="54.6792225" lon="25.1891497">
        <ele>146</ele>
      </trkpt>
      <trkpt lat="54.6792204" lon="25.1891091">
        <ele>147</ele>
      </trkpt>
      <trkpt lat="54.6792184" lon="25.1890685">
        <ele>147</ele>
      </trkpt>
      <trkpt lat="54.6792164" lon="25.189029">
        <ele>147</ele>
      </trkpt>
      <trkpt lat="54.6792144" lon="25.1889895">
        <ele>147</ele>
      </trkpt>
      <trkpt lat="54.6792098" lon="25.1889548">
        <ele>147</ele>
      </trkpt>
      <trkpt lat="54.6792053" lon="25.1889202">
        <ele>147</ele>
      </trkpt>
      <trkpt lat="54.6791961" lon="25.1888897">
        <ele>147</ele>
      </trkpt>
      <trkpt lat="54.679187" lon="25.1888593">
        <ele>147</ele>
      </trkpt>
      <trkpt lat="54.6791743" lon="25.1888277">
        <ele>147</ele>
      </trkpt>
      <trkpt lat="54.6791616" lon="25.1887962">
        <ele>147</ele>
      </trkpt>
      <trkpt lat="54.6791489" lon="25.1887616">
        <ele>147</ele>
      </trkpt>
      <trkpt lat="54.6791362" lon="25.188727">
        <ele>147</ele>
      </trkpt>
      <trkpt lat="54.6791243" lon="25.1886875">
        <ele>147</ele>
      </trkpt>
      <trkpt lat="54.6791125" lon="25.188648">
        <ele>147</ele>
      </trkpt>
      <trkpt lat="54.6791007" lon="25.1886086">
        <ele>147</ele>
      </trkpt>
      <trkpt lat="54.67909" lon="25.1885654">
        <ele>147</ele>
      </trkpt>
      <trkpt lat="54.6790794" lon="25.1885223">
        <ele>147</ele>
      </trkpt>
      <trkpt lat="54.6790735" lon="25.1884788">
        <ele>147</ele>
      </trkpt>
      <trkpt lat="54.6790676" lon="25.1884354">
        <ele>147</ele>
      </trkpt>
      <trkpt lat="54.6790638" lon="25.1883927">
        <ele>147</ele>
      </trkpt>
      <trkpt lat="54.67906" lon="25.1883501">
        <ele>147</ele>
      </trkpt>
      <trkpt lat="54.6790579" lon="25.1883091">
        <ele>147</ele>
      </trkpt>
      <trkpt lat="54.6790559" lon="25.1882681">
        <ele>147</ele>
      </trkpt>
      <trkpt lat="54.6790564" lon="25.1882273">
        <ele>147</ele>
      </trkpt>
      <trkpt lat="54.6790569" lon="25.1881865">
        <ele>147</ele>
      </trkpt>
      <trkpt lat="54.6790575" lon="25.1881457">
        <ele>147</ele>
      </trkpt>
      <trkpt lat="54.679059" lon="25.1881018">
        <ele>147</ele>
      </trkpt>
      <trkpt lat="54.6790606" lon="25.188058">
        <ele>147</ele>
      </trkpt>
      <trkpt lat="54.6790558" lon="25.1880084">
        <ele>147</ele>
      </trkpt>
      <trkpt lat="54.679051" lon="25.1879589">
        <ele>147</ele>
      </trkpt>
      <trkpt lat="54.6790391" lon="25.1879141">
        <ele>147</ele>
      </trkpt>
      <trkpt lat="54.6790273" lon="25.1878693">
        <ele>147</ele>
      </trkpt>
      <trkpt lat="54.6790141" lon="25.1878298">
        <ele>147</ele>
      </trkpt>
      <trkpt lat="54.6790009" lon="25.1877904">
        <ele>147</ele>
      </trkpt>
      <trkpt lat="54.6789937" lon="25.1877552">
        <ele>147</ele>
      </trkpt>
      <trkpt lat="54.6789865" lon="25.18772">
        <ele>147</ele>
      </trkpt>
      <trkpt lat="54.6789794" lon="25.1876848">
        <ele>147</ele>
      </trkpt>
      <trkpt lat="54.678976" lon="25.1876471">
        <ele>147</ele>
      </trkpt>
      <trkpt lat="54.6789727" lon="25.1876095">
        <ele>147</ele>
      </trkpt>
      <trkpt lat="54.678967" lon="25.1875685">
        <ele>147</ele>
      </trkpt>
      <trkpt lat="54.6789614" lon="25.1875275">
        <ele>147</ele>
      </trkpt>
      <trkpt lat="54.6789517" lon="25.1874838">
        <ele>147</ele>
      </trkpt>
      <trkpt lat="54.6789421" lon="25.1874402">
        <ele>147</ele>
      </trkpt>
      <trkpt lat="54.6789301" lon="25.1873974">
        <ele>147</ele>
      </trkpt>
      <trkpt lat="54.6789182" lon="25.1873546">
        <ele>147</ele>
      </trkpt>
      <trkpt lat="54.6789074" lon="25.1873172">
        <ele>147</ele>
      </trkpt>
      <trkpt lat="54.6788966" lon="25.1872798">
        <ele>147</ele>
      </trkpt>
      <trkpt lat="54.6788883" lon="25.1872452">
        <ele>147</ele>
      </trkpt>
      <trkpt lat="54.67888" lon="25.1872107">
        <ele>147</ele>
      </trkpt>
      <trkpt lat="54.6788713" lon="25.1871754">
        <ele>147</ele>
      </trkpt>
      <trkpt lat="54.6788627" lon="25.1871401">
        <ele>147</ele>
      </trkpt>
      <trkpt lat="54.678853" lon="25.1871001">
        <ele>147</ele>
      </trkpt>
      <trkpt lat="54.6788433" lon="25.1870602">
        <ele>147</ele>
      </trkpt>
      <trkpt lat="54.6788333" lon="25.1870183">
        <ele>147</ele>
      </trkpt>
      <trkpt lat="54.6788233" lon="25.1869765">
        <ele>147</ele>
      </trkpt>
      <trkpt lat="54.6788144" lon="25.186938">
        <ele>147</ele>
      </trkpt>
      <trkpt lat="54.6788055" lon="25.1868995">
        <ele>146</ele>
      </trkpt>
      <trkpt lat="54.6787967" lon="25.186863">
        <ele>146</ele>
      </trkpt>
      <trkpt lat="54.6787879" lon="25.1868266">
        <ele>146</ele>
      </trkpt>
      <trkpt lat="54.6787788" lon="25.18679">
        <ele>146</ele>
      </trkpt>
      <trkpt lat="54.6787697" lon="25.1867535">
        <ele>146</ele>
      </trkpt>
      <trkpt lat="54.6787584" lon="25.186716">
        <ele>146</ele>
      </trkpt>
      <trkpt lat="54.6787471" lon="25.1866786">
        <ele>146</ele>
      </trkpt>
      <trkpt lat="54.6787324" lon="25.1866401">
        <ele>146</ele>
      </trkpt>
      <trkpt lat="54.6787178" lon="25.1866016">
        <ele>146</ele>
      </trkpt>
      <trkpt lat="54.6787006" lon="25.1865631">
        <ele>146</ele>
      </trkpt>
      <trkpt lat="54.6786835" lon="25.1865246">
        <ele>145</ele>
      </trkpt>
      <trkpt lat="54.678666" lon="25.186484">
        <ele>145</ele>
      </trkpt>
      <trkpt lat="54.6786486" lon="25.1864434">
        <ele>145</ele>
      </trkpt>
      <trkpt lat="54.6786312" lon="25.1864024">
        <ele>145</ele>
      </trkpt>
      <trkpt lat="54.6786139" lon="25.1863615">
        <ele>145</ele>
      </trkpt>
      <trkpt lat="54.678595" lon="25.1863193">
        <ele>145</ele>
      </trkpt>
      <trkpt lat="54.6785762" lon="25.1862772">
        <ele>145</ele>
      </trkpt>
      <trkpt lat="54.6785561" lon="25.1862353">
        <ele>145</ele>
      </trkpt>
      <trkpt lat="54.678536" lon="25.1861934">
        <ele>145</ele>
      </trkpt>
      <trkpt lat="54.6785167" lon="25.1861528">
        <ele>145</ele>
      </trkpt>
      <trkpt lat="54.6784974" lon="25.1861123">
        <ele>144</ele>
      </trkpt>
      <trkpt lat="54.6784807" lon="25.1860707">
        <ele>144</ele>
      </trkpt>
      <trkpt lat="54.678464" lon="25.1860292">
        <ele>144</ele>
      </trkpt>
      <trkpt lat="54.6784495" lon="25.1859849">
        <ele>144</ele>
      </trkpt>
      <trkpt lat="54.678435" lon="25.1859407">
        <ele>144</ele>
      </trkpt>
      <trkpt lat="54.6784223" lon="25.1858939">
        <ele>144</ele>
      </trkpt>
      <trkpt lat="54.6784096" lon="25.1858471">
        <ele>144</ele>
      </trkpt>
      <trkpt lat="54.6783992" lon="25.1857993">
        <ele>144</ele>
      </trkpt>
      <trkpt lat="54.6783889" lon="25.1857515">
        <ele>144</ele>
      </trkpt>
      <trkpt lat="54.6783812" lon="25.1857029">
        <ele>144</ele>
      </trkpt>
      <trkpt lat="54.6783736" lon="25.1856544">
        <ele>144</ele>
      </trkpt>
      <trkpt lat="54.6783682" lon="25.1856041">
        <ele>144</ele>
      </trkpt>
      <trkpt lat="54.6783628" lon="25.1855539">
        <ele>144</ele>
      </trkpt>
      <trkpt lat="54.6783592" lon="25.1855037">
        <ele>144</ele>
      </trkpt>
      <trkpt lat="54.6783557" lon="25.1854535">
        <ele>144</ele>
      </trkpt>
      <trkpt lat="54.6783536" lon="25.1854033">
        <ele>144</ele>
      </trkpt>
      <trkpt lat="54.6783516" lon="25.1853532">
        <ele>144</ele>
      </trkpt>
      <trkpt lat="54.6783537" lon="25.1853035">
        <ele>144</ele>
      </trkpt>
      <trkpt lat="54.6783559" lon="25.1852538">
        <ele>144</ele>
      </trkpt>
      <trkpt lat="54.6783625" lon="25.185206">
        <ele>144</ele>
      </trkpt>
      <trkpt lat="54.6783692" lon="25.1851583">
        <ele>144</ele>
      </trkpt>
      <trkpt lat="54.6783775" lon="25.185113">
        <ele>144</ele>
      </trkpt>
      <trkpt lat="54.6783859" lon="25.1850677">
        <ele>144</ele>
      </trkpt>
      <trkpt lat="54.678395" lon="25.1850245">
        <ele>144</ele>
      </trkpt>
      <trkpt lat="54.6784042" lon="25.1849814">
        <ele>145</ele>
      </trkpt>
      <trkpt lat="54.6784158" lon="25.1849425">
        <ele>145</ele>
      </trkpt>
      <trkpt lat="54.6784275" lon="25.1849037">
        <ele>145</ele>
      </trkpt>
      <trkpt lat="54.6784419" lon="25.1848683">
        <ele>145</ele>
      </trkpt>
      <trkpt lat="54.6784564" lon="25.1848329">
        <ele>145</ele>
      </trkpt>
      <trkpt lat="54.6784679" lon="25.1847955">
        <ele>145</ele>
      </trkpt>
      <trkpt lat="54.6784795" lon="25.1847581">
        <ele>145</ele>
      </trkpt>
      <trkpt lat="54.6784802" lon="25.1847201">
        <ele>145</ele>
      </trkpt>
      <trkpt lat="54.6784809" lon="25.1846821">
        <ele>145</ele>
      </trkpt>
      <trkpt lat="54.6784681" lon="25.1846471">
        <ele>145</ele>
      </trkpt>
      <trkpt lat="54.6784553" lon="25.1846122">
        <ele>145</ele>
      </trkpt>
      <trkpt lat="54.6784346" lon="25.1845801">
        <ele>144</ele>
      </trkpt>
      <trkpt lat="54.678414" lon="25.184548">
        <ele>144</ele>
      </trkpt>
      <trkpt lat="54.678392" lon="25.1845187">
        <ele>144</ele>
      </trkpt>
      <trkpt lat="54.6783701" lon="25.1844894">
        <ele>144</ele>
      </trkpt>
      <trkpt lat="54.6783479" lon="25.1844617">
        <ele>144</ele>
      </trkpt>
      <trkpt lat="54.6783257" lon="25.184434">
        <ele>144</ele>
      </trkpt>
      <trkpt lat="54.6783033" lon="25.1844078">
        <ele>144</ele>
      </trkpt>
      <trkpt lat="54.678281" lon="25.1843816">
        <ele>144</ele>
      </trkpt>
      <trkpt lat="54.6782595" lon="25.1843555">
        <ele>144</ele>
      </trkpt>
      <trkpt lat="54.6782381" lon="25.1843295">
        <ele>144</ele>
      </trkpt>
      <trkpt lat="54.6782172" lon="25.1843036">
        <ele>144</ele>
      </trkpt>
      <trkpt lat="54.6781963" lon="25.1842777">
        <ele>144</ele>
      </trkpt>
      <trkpt lat="54.6781761" lon="25.1842513">
        <ele>144</ele>
      </trkpt>
      <trkpt lat="54.678156" lon="25.1842249">
        <ele>144</ele>
      </trkpt>
      <trkpt lat="54.6781357" lon="25.1841982">
        <ele>144</ele>
      </trkpt>
      <trkpt lat="54.6781155" lon="25.1841716">
        <ele>143</ele>
      </trkpt>
      <trkpt lat="54.6780956" lon="25.1841448">
        <ele>143</ele>
      </trkpt>
      <trkpt lat="54.6780757" lon="25.1841181">
        <ele>143</ele>
      </trkpt>
      <trkpt lat="54.6780571" lon="25.1840923">
        <ele>143</ele>
      </trkpt>
      <trkpt lat="54.6780385" lon="25.1840665">
        <ele>143</ele>
      </trkpt>
      <trkpt lat="54.6780203" lon="25.1840389">
        <ele>143</ele>
      </trkpt>
      <trkpt lat="54.6780021" lon="25.1840113">
        <ele>143</ele>
      </trkpt>
      <trkpt lat="54.677983" lon="25.1839826">
        <ele>143</ele>
      </trkpt>
      <trkpt lat="54.677964" lon="25.183954">
        <ele>143</ele>
      </trkpt>
      <trkpt lat="54.6779444" lon="25.1839253">
        <ele>143</ele>
      </trkpt>
      <trkpt lat="54.6779249" lon="25.1838967">
        <ele>143</ele>
      </trkpt>
      <trkpt lat="54.6779035" lon="25.1838673">
        <ele>143</ele>
      </trkpt>
      <trkpt lat="54.6778821" lon="25.1838379">
        <ele>143</ele>
      </trkpt>
      <trkpt lat="54.677861" lon="25.1838074">
        <ele>143</ele>
      </trkpt>
      <trkpt lat="54.67784" lon="25.1837769">
        <ele>143</ele>
      </trkpt>
      <trkpt lat="54.6778201" lon="25.1837454">
        <ele>143</ele>
      </trkpt>
      <trkpt lat="54.6778003" lon="25.1837139">
        <ele>143</ele>
      </trkpt>
      <trkpt lat="54.6777806" lon="25.1836839">
        <ele>143</ele>
      </trkpt>
      <trkpt lat="54.6777609" lon="25.183654">
        <ele>143</ele>
      </trkpt>
      <trkpt lat="54.6777428" lon="25.1836246">
        <ele>143</ele>
      </trkpt>
      <trkpt lat="54.6777248" lon="25.1835952">
        <ele>143</ele>
      </trkpt>
      <trkpt lat="54.6777078" lon="25.1835664">
        <ele>143</ele>
      </trkpt>
      <trkpt lat="54.6776909" lon="25.1835376">
        <ele>143</ele>
      </trkpt>
      <trkpt lat="54.6776737" lon="25.1835108">
        <ele>143</ele>
      </trkpt>
      <trkpt lat="54.6776566" lon="25.1834841">
        <ele>143</ele>
      </trkpt>
      <trkpt lat="54.6776392" lon="25.1834575">
        <ele>143</ele>
      </trkpt>
      <trkpt lat="54.6776219" lon="25.183431">
        <ele>143</ele>
      </trkpt>
      <trkpt lat="54.6776024" lon="25.183405">
        <ele>143</ele>
      </trkpt>
      <trkpt lat="54.677583" lon="25.1833791">
        <ele>143</ele>
      </trkpt>
      <trkpt lat="54.6775623" lon="25.183354">
        <ele>144</ele>
      </trkpt>
      <trkpt lat="54.6775416" lon="25.1833289">
        <ele>144</ele>
      </trkpt>
      <trkpt lat="54.6775207" lon="25.1833023">
        <ele>144</ele>
      </trkpt>
      <trkpt lat="54.6774998" lon="25.1832757">
        <ele>144</ele>
      </trkpt>
      <trkpt lat="54.6774798" lon="25.1832478">
        <ele>144</ele>
      </trkpt>
      <trkpt lat="54.6774599" lon="25.1832199">
        <ele>144</ele>
      </trkpt>
      <trkpt lat="54.6774417" lon="25.1831915">
        <ele>144</ele>
      </trkpt>
      <trkpt lat="54.6774236" lon="25.1831632">
        <ele>144</ele>
      </trkpt>
      <trkpt lat="54.6774064" lon="25.183136">
        <ele>144</ele>
      </trkpt>
      <trkpt lat="54.6773893" lon="25.1831089">
        <ele>144</ele>
      </trkpt>
      <trkpt lat="54.6773722" lon="25.1830794">
        <ele>145</ele>
      </trkpt>
      <trkpt lat="54.6773551" lon="25.18305">
        <ele>145</ele>
      </trkpt>
      <trkpt lat="54.6773384" lon="25.183019">
        <ele>145</ele>
      </trkpt>
      <trkpt lat="54.6773217" lon="25.182988">
        <ele>145</ele>
      </trkpt>
      <trkpt lat="54.6773052" lon="25.1829572">
        <ele>145</ele>
      </trkpt>
      <trkpt lat="54.6772887" lon="25.1829265">
        <ele>145</ele>
      </trkpt>
      <trkpt lat="54.6772717" lon="25.182898">
        <ele>145</ele>
      </trkpt>
      <trkpt lat="54.6772548" lon="25.1828695">
        <ele>145</ele>
      </trkpt>
      <trkpt lat="54.6772381" lon="25.1828399">
        <ele>145</ele>
      </trkpt>
      <trkpt lat="54.6772214" lon="25.1828103">
        <ele>145</ele>
      </trkpt>
      <trkpt lat="54.6772061" lon="25.1827794">
        <ele>145</ele>
      </trkpt>
      <trkpt lat="54.6771908" lon="25.1827485">
        <ele>145</ele>
      </trkpt>
      <trkpt lat="54.6771767" lon="25.1827189">
        <ele>145</ele>
      </trkpt>
      <trkpt lat="54.6771626" lon="25.1826894">
        <ele>145</ele>
      </trkpt>
      <trkpt lat="54.6771481" lon="25.1826603">
        <ele>145</ele>
      </trkpt>
      <trkpt lat="54.6771336" lon="25.1826312">
        <ele>145</ele>
      </trkpt>
      <trkpt lat="54.6771178" lon="25.1826005">
        <ele>145</ele>
      </trkpt>
      <trkpt lat="54.6771021" lon="25.1825698">
        <ele>145</ele>
      </trkpt>
      <trkpt lat="54.6770857" lon="25.182537">
        <ele>145</ele>
      </trkpt>
      <trkpt lat="54.6770693" lon="25.1825043">
        <ele>145</ele>
      </trkpt>
      <trkpt lat="54.6770533" lon="25.1824712">
        <ele>145</ele>
      </trkpt>
      <trkpt lat="54.6770374" lon="25.1824381">
        <ele>145</ele>
      </trkpt>
      <trkpt lat="54.6770203" lon="25.1824039">
        <ele>145</ele>
      </trkpt>
      <trkpt lat="54.6770033" lon="25.1823697">
        <ele>145</ele>
      </trkpt>
      <trkpt lat="54.6769852" lon="25.1823348">
        <ele>145</ele>
      </trkpt>
      <trkpt lat="54.6769671" lon="25.1823">
        <ele>145</ele>
      </trkpt>
      <trkpt lat="54.6769486" lon="25.1822653">
        <ele>145</ele>
      </trkpt>
      <trkpt lat="54.6769301" lon="25.1822307">
        <ele>145</ele>
      </trkpt>
      <trkpt lat="54.676913" lon="25.1821946">
        <ele>145</ele>
      </trkpt>
      <trkpt lat="54.6768959" lon="25.1821585">
        <ele>145</ele>
      </trkpt>
      <trkpt lat="54.6768816" lon="25.1821179">
        <ele>145</ele>
      </trkpt>
      <trkpt lat="54.6768674" lon="25.1820774">
        <ele>145</ele>
      </trkpt>
      <trkpt lat="54.6768579" lon="25.1820334">
        <ele>145</ele>
      </trkpt>
      <trkpt lat="54.6768484" lon="25.1819894">
        <ele>145</ele>
      </trkpt>
      <trkpt lat="54.676841" lon="25.1819424">
        <ele>145</ele>
      </trkpt>
      <trkpt lat="54.6768336" lon="25.1818955">
        <ele>146</ele>
      </trkpt>
      <trkpt lat="54.6768257" lon="25.1818496">
        <ele>145</ele>
      </trkpt>
      <trkpt lat="54.6768179" lon="25.1818037">
        <ele>145</ele>
      </trkpt>
      <trkpt lat="54.676808" lon="25.1817597">
        <ele>145</ele>
      </trkpt>
      <trkpt lat="54.6767982" lon="25.1817158">
        <ele>145</ele>
      </trkpt>
      <trkpt lat="54.6767892" lon="25.1816716">
        <ele>145</ele>
      </trkpt>
      <trkpt lat="54.6767803" lon="25.1816274">
        <ele>145</ele>
      </trkpt>
      <trkpt lat="54.6767736" lon="25.1815805">
        <ele>145</ele>
      </trkpt>
      <trkpt lat="54.6767669" lon="25.1815336">
        <ele>145</ele>
      </trkpt>
      <trkpt lat="54.6767615" lon="25.1814829">
        <ele>145</ele>
      </trkpt>
      <trkpt lat="54.6767561" lon="25.1814322">
        <ele>145</ele>
      </trkpt>
      <trkpt lat="54.6767524" lon="25.181382">
        <ele>145</ele>
      </trkpt>
      <trkpt lat="54.6767488" lon="25.1813318">
        <ele>145</ele>
      </trkpt>
      <trkpt lat="54.6767456" lon="25.1812818">
        <ele>145</ele>
      </trkpt>
      <trkpt lat="54.6767425" lon="25.1812318">
        <ele>145</ele>
      </trkpt>
      <trkpt lat="54.67674" lon="25.1811831">
        <ele>145</ele>
      </trkpt>
      <trkpt lat="54.6767375" lon="25.1811345">
        <ele>144</ele>
      </trkpt>
      <trkpt lat="54.6767353" lon="25.1810875">
        <ele>144</ele>
      </trkpt>
      <trkpt lat="54.6767331" lon="25.1810405">
        <ele>144</ele>
      </trkpt>
      <trkpt lat="54.6767312" lon="25.1809959">
        <ele>144</ele>
      </trkpt>
      <trkpt lat="54.6767293" lon="25.1809513">
        <ele>144</ele>
      </trkpt>
      <trkpt lat="54.6767273" lon="25.1809083">
        <ele>144</ele>
      </trkpt>
      <trkpt lat="54.6767253" lon="25.1808653">
        <ele>144</ele>
      </trkpt>
      <trkpt lat="54.676723" lon="25.1808204">
        <ele>144</ele>
      </trkpt>
      <trkpt lat="54.6767208" lon="25.1807755">
        <ele>144</ele>
      </trkpt>
      <trkpt lat="54.6767172" lon="25.1807275">
        <ele>144</ele>
      </trkpt>
      <trkpt lat="54.6767136" lon="25.1806796">
        <ele>144</ele>
      </trkpt>
      <trkpt lat="54.67671" lon="25.1806297">
        <ele>144</ele>
      </trkpt>
      <trkpt lat="54.6767064" lon="25.1805798">
        <ele>144</ele>
      </trkpt>
      <trkpt lat="54.6767051" lon="25.1805298">
        <ele>144</ele>
      </trkpt>
      <trkpt lat="54.6767038" lon="25.1804799">
        <ele>144</ele>
      </trkpt>
      <trkpt lat="54.6767054" lon="25.1804308">
        <ele>143</ele>
      </trkpt>
      <trkpt lat="54.676707" lon="25.1803817">
        <ele>143</ele>
      </trkpt>
      <trkpt lat="54.6767103" lon="25.1803346">
        <ele>143</ele>
      </trkpt>
      <trkpt lat="54.6767137" lon="25.1802875">
        <ele>143</ele>
      </trkpt>
      <trkpt lat="54.6767204" lon="25.1802425">
        <ele>143</ele>
      </trkpt>
      <trkpt lat="54.6767271" lon="25.1801975">
        <ele>142</ele>
      </trkpt>
      <trkpt lat="54.6767384" lon="25.1801559">
        <ele>142</ele>
      </trkpt>
      <trkpt lat="54.6767498" lon="25.1801143">
        <ele>142</ele>
      </trkpt>
      <trkpt lat="54.676763" lon="25.1800736">
        <ele>142</ele>
      </trkpt>
      <trkpt lat="54.6767763" lon="25.1800329">
        <ele>142</ele>
      </trkpt>
      <trkpt lat="54.6767862" lon="25.1799923">
        <ele>141</ele>
      </trkpt>
      <trkpt lat="54.6767962" lon="25.1799518">
        <ele>141</ele>
      </trkpt>
      <trkpt lat="54.6767979" lon="25.1799128">
        <ele>141</ele>
      </trkpt>
      <trkpt lat="54.6767997" lon="25.1798739">
        <ele>141</ele>
      </trkpt>
      <trkpt lat="54.6767911" lon="25.179845">
        <ele>141</ele>
      </trkpt>
      <trkpt lat="54.6767825" lon="25.1798161">
        <ele>141</ele>
      </trkpt>
      <trkpt lat="54.676765" lon="25.1798033">
        <ele>141</ele>
      </trkpt>
      <trkpt lat="54.6767476" lon="25.1797906">
        <ele>141</ele>
      </trkpt>
      <trkpt lat="54.6767265" lon="25.1797948">
        <ele>141</ele>
      </trkpt>
      <trkpt lat="54.6767055" lon="25.1797991">
        <ele>141</ele>
      </trkpt>
      <trkpt lat="54.6766845" lon="25.1798034">
        <ele>141</ele>
      </trkpt>
      <trkpt lat="54.6766683" lon="25.1798198">
        <ele>141</ele>
      </trkpt>
      <trkpt lat="54.6766521" lon="25.1798363">
        <ele>141</ele>
      </trkpt>
      <trkpt lat="54.6766449" lon="25.1798603">
        <ele>141</ele>
      </trkpt>
      <trkpt lat="54.6766378" lon="25.1798843">
        <ele>142</ele>
      </trkpt>
      <trkpt lat="54.6766401" lon="25.179915">
        <ele>142</ele>
      </trkpt>
      <trkpt lat="54.6766425" lon="25.1799457">
        <ele>142</ele>
      </trkpt>
      <trkpt lat="54.6766509" lon="25.1799824">
        <ele>142</ele>
      </trkpt>
      <trkpt lat="54.6766594" lon="25.1800191">
        <ele>142</ele>
      </trkpt>
      <trkpt lat="54.6766707" lon="25.180058">
        <ele>142</ele>
      </trkpt>
      <trkpt lat="54.676682" lon="25.1800969">
        <ele>142</ele>
      </trkpt>
      <trkpt lat="54.6766933" lon="25.1801363">
        <ele>142</ele>
      </trkpt>
      <trkpt lat="54.6767047" lon="25.1801757">
        <ele>142</ele>
      </trkpt>
      <trkpt lat="54.6767144" lon="25.1802139">
        <ele>142</ele>
      </trkpt>
      <trkpt lat="54.6767241" lon="25.1802521">
        <ele>142</ele>
      </trkpt>
      <trkpt lat="54.6767308" lon="25.1802907">
        <ele>142</ele>
      </trkpt>
      <trkpt lat="54.6767376" lon="25.1803293">
        <ele>142</ele>
      </trkpt>
      <trkpt lat="54.6767423" lon="25.1803642">
        <ele>142</ele>
      </trkpt>
      <trkpt lat="54.6767471" lon="25.1803991">
        <ele>142</ele>
      </trkpt>
      <trkpt lat="54.6767508" lon="25.1804331">
        <ele>143</ele>
      </trkpt>
      <trkpt lat="54.6767545" lon="25.1804671">
        <ele>143</ele>
      </trkpt>
      <trkpt lat="54.6767571" lon="25.1805026">
        <ele>143</ele>
      </trkpt>
      <trkpt lat="54.6767597" lon="25.1805381">
        <ele>143</ele>
      </trkpt>
      <trkpt lat="54.676762" lon="25.1805749">
        <ele>143</ele>
      </trkpt>
      <trkpt lat="54.6767643" lon="25.1806118">
        <ele>143</ele>
      </trkpt>
      <trkpt lat="54.6767661" lon="25.1806478">
        <ele>143</ele>
      </trkpt>
      <trkpt lat="54.676768" lon="25.1806839">
        <ele>143</ele>
      </trkpt>
      <trkpt lat="54.6767704" lon="25.18072">
        <ele>143</ele>
      </trkpt>
      <trkpt lat="54.6767728" lon="25.1807562">
        <ele>143</ele>
      </trkpt>
      <trkpt lat="54.6767764" lon="25.1807933">
        <ele>144</ele>
      </trkpt>
      <trkpt lat="54.6767801" lon="25.1808304">
        <ele>144</ele>
      </trkpt>
      <trkpt lat="54.6767841" lon="25.180869">
        <ele>144</ele>
      </trkpt>
      <trkpt lat="54.6767882" lon="25.1809076">
        <ele>144</ele>
      </trkpt>
      <trkpt lat="54.6767905" lon="25.1809474">
        <ele>144</ele>
      </trkpt>
      <trkpt lat="54.6767928" lon="25.1809873">
        <ele>144</ele>
      </trkpt>
      <trkpt lat="54.6767929" lon="25.1810268">
        <ele>144</ele>
      </trkpt>
      <trkpt lat="54.676793" lon="25.1810664">
        <ele>144</ele>
      </trkpt>
      <trkpt lat="54.6767912" lon="25.1811068">
        <ele>144</ele>
      </trkpt>
      <trkpt lat="54.6767895" lon="25.1811472">
        <ele>144</ele>
      </trkpt>
      <trkpt lat="54.6767864" lon="25.1811874">
        <ele>144</ele>
      </trkpt>
      <trkpt lat="54.6767833" lon="25.1812277">
        <ele>144</ele>
      </trkpt>
      <trkpt lat="54.6767796" lon="25.1812673">
        <ele>144</ele>
      </trkpt>
      <trkpt lat="54.6767759" lon="25.1813069">
        <ele>144</ele>
      </trkpt>
      <trkpt lat="54.6767719" lon="25.1813464">
        <ele>144</ele>
      </trkpt>
      <trkpt lat="54.6767679" lon="25.1813859">
        <ele>144</ele>
      </trkpt>
      <trkpt lat="54.676765" lon="25.1814252">
        <ele>144</ele>
      </trkpt>
      <trkpt lat="54.6767621" lon="25.1814646">
        <ele>144</ele>
      </trkpt>
      <trkpt lat="54.6767603" lon="25.1815028">
        <ele>144</ele>
      </trkpt>
      <trkpt lat="54.6767586" lon="25.1815411">
        <ele>144</ele>
      </trkpt>
      <trkpt lat="54.676757" lon="25.1815793">
        <ele>144</ele>
      </trkpt>
      <trkpt lat="54.6767554" lon="25.1816175">
        <ele>144</ele>
      </trkpt>
      <trkpt lat="54.6767524" lon="25.1816559">
        <ele>144</ele>
      </trkpt>
      <trkpt lat="54.6767494" lon="25.1816944">
        <ele>144</ele>
      </trkpt>
      <trkpt lat="54.6767453" lon="25.1817339">
        <ele>144</ele>
      </trkpt>
      <trkpt lat="54.6767412" lon="25.1817735">
        <ele>144</ele>
      </trkpt>
      <trkpt lat="54.6767382" lon="25.1818147">
        <ele>144</ele>
      </trkpt>
      <trkpt lat="54.6767353" lon="25.181856">
        <ele>144</ele>
      </trkpt>
      <trkpt lat="54.6767355" lon="25.1818982">
        <ele>144</ele>
      </trkpt>
      <trkpt lat="54.6767358" lon="25.1819404">
        <ele>144</ele>
      </trkpt>
      <trkpt lat="54.6767385" lon="25.1819826">
        <ele>145</ele>
      </trkpt>
      <trkpt lat="54.6767412" lon="25.1820248">
        <ele>145</ele>
      </trkpt>
      <trkpt lat="54.6767431" lon="25.1820642">
        <ele>145</ele>
      </trkpt>
      <trkpt lat="54.676745" lon="25.1821036">
        <ele>145</ele>
      </trkpt>
      <trkpt lat="54.67674" lon="25.1821311">
        <ele>145</ele>
      </trkpt>
      <trkpt lat="54.6767351" lon="25.1821587">
        <ele>145</ele>
      </trkpt>
      <trkpt lat="54.6767223" lon="25.1821644">
        <ele>145</ele>
      </trkpt>
      <trkpt lat="54.6767095" lon="25.1821702">
        <ele>145</ele>
      </trkpt>
      <trkpt lat="54.6766905" lon="25.1821638">
        <ele>145</ele>
      </trkpt>
      <trkpt lat="54.6766716" lon="25.1821574">
        <ele>145</ele>
      </trkpt>
      <trkpt lat="54.6766496" lon="25.1821515">
        <ele>145</ele>
      </trkpt>
      <trkpt lat="54.6766276" lon="25.1821457">
        <ele>144</ele>
      </trkpt>
      <trkpt lat="54.6766062" lon="25.1821455">
        <ele>144</ele>
      </trkpt>
      <trkpt lat="54.6765848" lon="25.1821454">
        <ele>144</ele>
      </trkpt>
      <trkpt lat="54.6765631" lon="25.1821507">
        <ele>144</ele>
      </trkpt>
      <trkpt lat="54.6765415" lon="25.182156">
        <ele>144</ele>
      </trkpt>
      <trkpt lat="54.6765193" lon="25.1821572">
        <ele>143</ele>
      </trkpt>
      <trkpt lat="54.6764971" lon="25.1821584">
        <ele>143</ele>
      </trkpt>
      <trkpt lat="54.6764763" lon="25.1821494">
        <ele>143</ele>
      </trkpt>
      <trkpt lat="54.6764556" lon="25.1821405">
        <ele>143</ele>
      </trkpt>
      <trkpt lat="54.6764384" lon="25.1821215">
        <ele>143</ele>
      </trkpt>
      <trkpt lat="54.6764212" lon="25.1821026">
        <ele>142</ele>
      </trkpt>
      <trkpt lat="54.676405" lon="25.1820781">
        <ele>142</ele>
      </trkpt>
      <trkpt lat="54.6763889" lon="25.1820536">
        <ele>142</ele>
      </trkpt>
      <trkpt lat="54.6763726" lon="25.1820266">
        <ele>142</ele>
      </trkpt>
      <trkpt lat="54.6763564" lon="25.1819996">
        <ele>142</ele>
      </trkpt>
      <trkpt lat="54.6763392" lon="25.1819707">
        <ele>141</ele>
      </trkpt>
      <trkpt lat="54.6763221" lon="25.1819418">
        <ele>141</ele>
      </trkpt>
      <trkpt lat="54.6763052" lon="25.1819108">
        <ele>141</ele>
      </trkpt>
      <trkpt lat="54.6762884" lon="25.1818799">
        <ele>141</ele>
      </trkpt>
      <trkpt lat="54.6762726" lon="25.1818453">
        <ele>141</ele>
      </trkpt>
      <trkpt lat="54.6762569" lon="25.1818108">
        <ele>141</ele>
      </trkpt>
      <trkpt lat="54.6762413" lon="25.1817718">
        <ele>141</ele>
      </trkpt>
      <trkpt lat="54.6762257" lon="25.1817328">
        <ele>141</ele>
      </trkpt>
      <trkpt lat="54.6762151" lon="25.1816954">
        <ele>141</ele>
      </trkpt>
      <trkpt lat="54.6762045" lon="25.181658">
        <ele>141</ele>
      </trkpt>
      <trkpt lat="54.6761988" lon="25.1816227">
        <ele>141</ele>
      </trkpt>
      <trkpt lat="54.6761932" lon="25.1815875">
        <ele>141</ele>
      </trkpt>
      <trkpt lat="54.676185" lon="25.1815596">
        <ele>141</ele>
      </trkpt>
      <trkpt lat="54.6761769" lon="25.1815317">
        <ele>141</ele>
      </trkpt>
      <trkpt lat="54.6761635" lon="25.1815157">
        <ele>141</ele>
      </trkpt>
      <trkpt lat="54.6761502" lon="25.1814997">
        <ele>140</ele>
      </trkpt>
      <trkpt lat="54.676131" lon="25.1814978">
        <ele>140</ele>
      </trkpt>
      <trkpt lat="54.6761118" lon="25.1814959">
        <ele>140</ele>
      </trkpt>
      <trkpt lat="54.6760896" lon="25.1815004">
        <ele>140</ele>
      </trkpt>
      <trkpt lat="54.6760674" lon="25.1815049">
        <ele>140</ele>
      </trkpt>
      <trkpt lat="54.6760411" lon="25.1815058">
        <ele>140</ele>
      </trkpt>
      <trkpt lat="54.6760149" lon="25.1815067">
        <ele>140</ele>
      </trkpt>
      <trkpt lat="54.6759862" lon="25.1815027">
        <ele>140</ele>
      </trkpt>
      <trkpt lat="54.6759575" lon="25.1814987">
        <ele>140</ele>
      </trkpt>
      <trkpt lat="54.6759295" lon="25.1814882">
        <ele>140</ele>
      </trkpt>
      <trkpt lat="54.6759015" lon="25.1814778">
        <ele>140</ele>
      </trkpt>
      <trkpt lat="54.6758829" lon="25.1814522">
        <ele>140</ele>
      </trkpt>
      <trkpt lat="54.6758644" lon="25.1814267">
        <ele>140</ele>
      </trkpt>
      <trkpt lat="54.6758569" lon="25.1813878">
        <ele>140</ele>
      </trkpt>
      <trkpt lat="54.6758494" lon="25.181349">
        <ele>140</ele>
      </trkpt>
      <trkpt lat="54.6758487" lon="25.1813081">
        <ele>139</ele>
      </trkpt>
      <trkpt lat="54.6758481" lon="25.1812673">
        <ele>139</ele>
      </trkpt>
      <trkpt lat="54.6758479" lon="25.1812299">
        <ele>139</ele>
      </trkpt>
      <trkpt lat="54.6758478" lon="25.1811925">
        <ele>139</ele>
      </trkpt>
      <trkpt lat="54.6758477" lon="25.1811551">
        <ele>139</ele>
      </trkpt>
      <trkpt lat="54.6758445" lon="25.1811219">
        <ele>138</ele>
      </trkpt>
      <trkpt lat="54.6758413" lon="25.1810887">
        <ele>138</ele>
      </trkpt>
      <trkpt lat="54.6758356" lon="25.1810562">
        <ele>138</ele>
      </trkpt>
      <trkpt lat="54.67583" lon="25.1810237">
        <ele>138</ele>
      </trkpt>
      <trkpt lat="54.6758245" lon="25.1809935">
        <ele>138</ele>
      </trkpt>
      <trkpt lat="54.675819" lon="25.1809633">
        <ele>137</ele>
      </trkpt>
      <trkpt lat="54.6758142" lon="25.1809345">
        <ele>136</ele>
      </trkpt>
      <trkpt lat="54.6758094" lon="25.1809058">
        <ele>136</ele>
      </trkpt>
      <trkpt lat="54.6758043" lon="25.1808777">
        <ele>135</ele>
      </trkpt>
      <trkpt lat="54.6757993" lon="25.1808497">
        <ele>135</ele>
      </trkpt>
      <trkpt lat="54.6757899" lon="25.1808229">
        <ele>134</ele>
      </trkpt>
      <trkpt lat="54.6757806" lon="25.1807962">
        <ele>134</ele>
      </trkpt>
      <trkpt lat="54.675764" lon="25.1807728">
        <ele>133</ele>
      </trkpt>
      <trkpt lat="54.6757474" lon="25.1807495">
        <ele>133</ele>
      </trkpt>
      <trkpt lat="54.6757244" lon="25.1807296">
        <ele>133</ele>
      </trkpt>
      <trkpt lat="54.6757015" lon="25.1807097">
        <ele>132</ele>
      </trkpt>
      <trkpt lat="54.6756749" lon="25.1806878">
        <ele>132</ele>
      </trkpt>
      <trkpt lat="54.6756483" lon="25.180666">
        <ele>131</ele>
      </trkpt>
      <trkpt lat="54.6756226" lon="25.1806405">
        <ele>131</ele>
      </trkpt>
      <trkpt lat="54.675597" lon="25.1806151">
        <ele>131</ele>
      </trkpt>
      <trkpt lat="54.6755738" lon="25.180592">
        <ele>130</ele>
      </trkpt>
      <trkpt lat="54.6755506" lon="25.180569">
        <ele>129</ele>
      </trkpt>
      <trkpt lat="54.6755277" lon="25.180555">
        <ele>128</ele>
      </trkpt>
      <trkpt lat="54.6755049" lon="25.1805411">
        <ele>127</ele>
      </trkpt>
      <trkpt lat="54.6754832" lon="25.1805332">
        <ele>127</ele>
      </trkpt>
      <trkpt lat="54.6754616" lon="25.1805254">
        <ele>126</ele>
      </trkpt>
      <trkpt lat="54.6754414" lon="25.1805214">
        <ele>125</ele>
      </trkpt>
      <trkpt lat="54.6754213" lon="25.1805175">
        <ele>124</ele>
      </trkpt>
      <trkpt lat="54.6753996" lon="25.1805111">
        <ele>123</ele>
      </trkpt>
      <trkpt lat="54.675378" lon="25.1805048">
        <ele>123</ele>
      </trkpt>
      <trkpt lat="54.6753547" lon="25.1804892">
        <ele>122</ele>
      </trkpt>
      <trkpt lat="54.6753315" lon="25.1804736">
        <ele>121</ele>
      </trkpt>
      <trkpt lat="54.6753076" lon="25.1804481">
        <ele>120</ele>
      </trkpt>
      <trkpt lat="54.6752838" lon="25.1804227">
        <ele>119</ele>
      </trkpt>
      <trkpt lat="54.6752589" lon="25.1803935">
        <ele>119</ele>
      </trkpt>
      <trkpt lat="54.6752341" lon="25.1803643">
        <ele>118</ele>
      </trkpt>
      <trkpt lat="54.6752066" lon="25.1803332">
        <ele>117</ele>
      </trkpt>
      <trkpt lat="54.6751792" lon="25.1803021">
        <ele>116</ele>
      </trkpt>
      <trkpt lat="54.6751495" lon="25.1802683">
        <ele>115</ele>
      </trkpt>
      <trkpt lat="54.6751198" lon="25.1802345">
        <ele>115</ele>
      </trkpt>
      <trkpt lat="54.675094" lon="25.1802082">
        <ele>114</ele>
      </trkpt>
      <trkpt lat="54.6750682" lon="25.180182">
        <ele>113</ele>
      </trkpt>
      <trkpt lat="54.675044" lon="25.1801588">
        <ele>113</ele>
      </trkpt>
      <trkpt lat="54.6750198" lon="25.1801356">
        <ele>112</ele>
      </trkpt>
      <trkpt lat="54.6749978" lon="25.180108">
        <ele>112</ele>
      </trkpt>
      <trkpt lat="54.6749758" lon="25.1800804">
        <ele>111</ele>
      </trkpt>
      <trkpt lat="54.6749569" lon="25.18005">
        <ele>111</ele>
      </trkpt>
      <trkpt lat="54.674938" lon="25.1800196">
        <ele>110</ele>
      </trkpt>
      <trkpt lat="54.6749227" lon="25.1799895">
        <ele>110</ele>
      </trkpt>
      <trkpt lat="54.6749074" lon="25.1799594">
        <ele>110</ele>
      </trkpt>
      <trkpt lat="54.6748938" lon="25.179937">
        <ele>109</ele>
      </trkpt>
      <trkpt lat="54.6748803" lon="25.1799147">
        <ele>109</ele>
      </trkpt>
      <trkpt lat="54.6748684" lon="25.1799079">
        <ele>108</ele>
      </trkpt>
      <trkpt lat="54.6748566" lon="25.1799012">
        <ele>108</ele>
      </trkpt>
      <trkpt lat="54.6748443" lon="25.1799117">
        <ele>108</ele>
      </trkpt>
      <trkpt lat="54.674832" lon="25.1799223">
        <ele>108</ele>
      </trkpt>
      <trkpt lat="54.6748199" lon="25.1799441">
        <ele>108</ele>
      </trkpt>
      <trkpt lat="54.6748078" lon="25.179966">
        <ele>108</ele>
      </trkpt>
      <trkpt lat="54.6747982" lon="25.1799938">
        <ele>108</ele>
      </trkpt>
      <trkpt lat="54.6747886" lon="25.1800216">
        <ele>108</ele>
      </trkpt>
      <trkpt lat="54.67478" lon="25.1800527">
        <ele>107</ele>
      </trkpt>
      <trkpt lat="54.6747715" lon="25.1800839">
        <ele>107</ele>
      </trkpt>
      <trkpt lat="54.6747602" lon="25.1801151">
        <ele>107</ele>
      </trkpt>
      <trkpt lat="54.674749" lon="25.1801463">
        <ele>107</ele>
      </trkpt>
      <trkpt lat="54.674736" lon="25.1801769">
        <ele>107</ele>
      </trkpt>
      <trkpt lat="54.6747231" lon="25.1802076">
        <ele>107</ele>
      </trkpt>
      <trkpt lat="54.6747099" lon="25.1802395">
        <ele>107</ele>
      </trkpt>
      <trkpt lat="54.6746968" lon="25.1802714">
        <ele>107</ele>
      </trkpt>
      <trkpt lat="54.6746831" lon="25.1803013">
        <ele>107</ele>
      </trkpt>
      <trkpt lat="54.6746695" lon="25.1803313">
        <ele>107</ele>
      </trkpt>
      <trkpt lat="54.674655" lon="25.1803572">
        <ele>107</ele>
      </trkpt>
      <trkpt lat="54.6746405" lon="25.1803832">
        <ele>107</ele>
      </trkpt>
      <trkpt lat="54.6746263" lon="25.1804083">
        <ele>107</ele>
      </trkpt>
      <trkpt lat="54.6746121" lon="25.1804335">
        <ele>107</ele>
      </trkpt>
      <trkpt lat="54.6745999" lon="25.1804605">
        <ele>107</ele>
      </trkpt>
      <trkpt lat="54.6745877" lon="25.1804876">
        <ele>107</ele>
      </trkpt>
      <trkpt lat="54.6745745" lon="25.1805196">
        <ele>107</ele>
      </trkpt>
      <trkpt lat="54.6745613" lon="25.1805517">
        <ele>107</ele>
      </trkpt>
      <trkpt lat="54.6745462" lon="25.1805826">
        <ele>107</ele>
      </trkpt>
      <trkpt lat="54.6745312" lon="25.1806136">
        <ele>107</ele>
      </trkpt>
      <trkpt lat="54.674516" lon="25.1806361">
        <ele>107</ele>
      </trkpt>
      <trkpt lat="54.6745008" lon="25.1806587">
        <ele>107</ele>
      </trkpt>
      <trkpt lat="54.6744867" lon="25.1806751">
        <ele>107</ele>
      </trkpt>
      <trkpt lat="54.6744726" lon="25.1806915">
        <ele>107</ele>
      </trkpt>
      <trkpt lat="54.6744598" lon="25.1807118">
        <ele>107</ele>
      </trkpt>
      <trkpt lat="54.6744471" lon="25.1807322">
        <ele>107</ele>
      </trkpt>
      <trkpt lat="54.6744346" lon="25.18076">
        <ele>107</ele>
      </trkpt>
      <trkpt lat="54.6744221" lon="25.1807878">
        <ele>107</ele>
      </trkpt>
      <trkpt lat="54.6744112" lon="25.1808274">
        <ele>107</ele>
      </trkpt>
      <trkpt lat="54.6744003" lon="25.180867">
        <ele>107</ele>
      </trkpt>
      <trkpt lat="54.6743882" lon="25.1809107">
        <ele>107</ele>
      </trkpt>
      <trkpt lat="54.6743762" lon="25.1809545">
        <ele>107</ele>
      </trkpt>
      <trkpt lat="54.6743629" lon="25.1809959">
        <ele>107</ele>
      </trkpt>
      <trkpt lat="54.6743496" lon="25.1810373">
        <ele>107</ele>
      </trkpt>
      <trkpt lat="54.6743328" lon="25.181074">
        <ele>108</ele>
      </trkpt>
      <trkpt lat="54.674316" lon="25.1811108">
        <ele>108</ele>
      </trkpt>
      <trkpt lat="54.6742964" lon="25.1811455">
        <ele>108</ele>
      </trkpt>
      <trkpt lat="54.6742769" lon="25.1811802">
        <ele>108</ele>
      </trkpt>
      <trkpt lat="54.6742575" lon="25.181215">
        <ele>108</ele>
      </trkpt>
      <trkpt lat="54.6742382" lon="25.1812499">
        <ele>108</ele>
      </trkpt>
      <trkpt lat="54.6742213" lon="25.181281">
        <ele>108</ele>
      </trkpt>
      <trkpt lat="54.6742045" lon="25.1813122">
        <ele>108</ele>
      </trkpt>
      <trkpt lat="54.6741891" lon="25.1813418">
        <ele>108</ele>
      </trkpt>
      <trkpt lat="54.6741738" lon="25.1813715">
        <ele>108</ele>
      </trkpt>
      <trkpt lat="54.674159" lon="25.1813987">
        <ele>108</ele>
      </trkpt>
      <trkpt lat="54.6741442" lon="25.1814259">
        <ele>108</ele>
      </trkpt>
      <trkpt lat="54.6741308" lon="25.1814499">
        <ele>108</ele>
      </trkpt>
      <trkpt lat="54.6741174" lon="25.181474">
        <ele>108</ele>
      </trkpt>
      <trkpt lat="54.6741046" lon="25.1814969">
        <ele>108</ele>
      </trkpt>
      <trkpt lat="54.6740918" lon="25.1815198">
        <ele>108</ele>
      </trkpt>
      <trkpt lat="54.6740799" lon="25.1815435">
        <ele>108</ele>
      </trkpt>
      <trkpt lat="54.674068" lon="25.1815672">
        <ele>108</ele>
      </trkpt>
      <trkpt lat="54.6740566" lon="25.1815918">
        <ele>108</ele>
      </trkpt>
      <trkpt lat="54.6740453" lon="25.1816165">
        <ele>108</ele>
      </trkpt>
      <trkpt lat="54.6740334" lon="25.1816427">
        <ele>108</ele>
      </trkpt>
      <trkpt lat="54.6740216" lon="25.1816689">
        <ele>108</ele>
      </trkpt>
      <trkpt lat="54.6740092" lon="25.1816927">
        <ele>108</ele>
      </trkpt>
      <trkpt lat="54.6739968" lon="25.1817165">
        <ele>108</ele>
      </trkpt>
      <trkpt lat="54.6739866" lon="25.181737">
        <ele>108</ele>
      </trkpt>
      <trkpt lat="54.6739764" lon="25.1817575">
        <ele>108</ele>
      </trkpt>
      <trkpt lat="54.6739652" lon="25.1817786">
        <ele>108</ele>
      </trkpt>
      <trkpt lat="54.6739541" lon="25.1817997">
        <ele>108</ele>
      </trkpt>
      <trkpt lat="54.6739391" lon="25.1818163">
        <ele>108</ele>
      </trkpt>
      <trkpt lat="54.6739242" lon="25.181833">
        <ele>108</ele>
      </trkpt>
      <trkpt lat="54.6739069" lon="25.1818378">
        <ele>108</ele>
      </trkpt>
      <trkpt lat="54.6738896" lon="25.1818426">
        <ele>107</ele>
      </trkpt>
      <trkpt lat="54.67387" lon="25.1818445">
        <ele>107</ele>
      </trkpt>
      <trkpt lat="54.6738504" lon="25.1818465">
        <ele>107</ele>
      </trkpt>
      <trkpt lat="54.6738299" lon="25.1818548">
        <ele>107</ele>
      </trkpt>
      <trkpt lat="54.6738094" lon="25.1818632">
        <ele>107</ele>
      </trkpt>
      <trkpt lat="54.6737922" lon="25.1818776">
        <ele>107</ele>
      </trkpt>
      <trkpt lat="54.6737751" lon="25.181892">
        <ele>107</ele>
      </trkpt>
      <trkpt lat="54.673764" lon="25.1819124">
        <ele>107</ele>
      </trkpt>
      <trkpt lat="54.6737529" lon="25.1819328">
        <ele>107</ele>
      </trkpt>
      <trkpt lat="54.6737477" lon="25.1819591">
        <ele>107</ele>
      </trkpt>
      <trkpt lat="54.6737425" lon="25.1819855">
        <ele>107</ele>
      </trkpt>
      <trkpt lat="54.67374" lon="25.1820159">
        <ele>107</ele>
      </trkpt>
      <trkpt lat="54.6737376" lon="25.1820464">
        <ele>107</ele>
      </trkpt>
      <trkpt lat="54.6737334" lon="25.1820809">
        <ele>107</ele>
      </trkpt>
      <trkpt lat="54.6737292" lon="25.1821154">
        <ele>107</ele>
      </trkpt>
      <trkpt lat="54.6737192" lon="25.1821505">
        <ele>107</ele>
      </trkpt>
      <trkpt lat="54.6737092" lon="25.1821856">
        <ele>107</ele>
      </trkpt>
      <trkpt lat="54.6736935" lon="25.1822161">
        <ele>107</ele>
      </trkpt>
      <trkpt lat="54.6736778" lon="25.1822466">
        <ele>107</ele>
      </trkpt>
      <trkpt lat="54.6736615" lon="25.1822765">
        <ele>107</ele>
      </trkpt>
      <trkpt lat="54.6736453" lon="25.1823064">
        <ele>107</ele>
      </trkpt>
      <trkpt lat="54.6736307" lon="25.1823376">
        <ele>107</ele>
      </trkpt>
      <trkpt lat="54.6736161" lon="25.1823688">
        <ele>107</ele>
      </trkpt>
      <trkpt lat="54.6736034" lon="25.1823967">
        <ele>107</ele>
      </trkpt>
      <trkpt lat="54.6735907" lon="25.1824246">
        <ele>107</ele>
      </trkpt>
      <trkpt lat="54.6735785" lon="25.1824465">
        <ele>107</ele>
      </trkpt>
      <trkpt lat="54.6735663" lon="25.1824685">
        <ele>107</ele>
      </trkpt>
      <trkpt lat="54.6735534" lon="25.1824866">
        <ele>107</ele>
      </trkpt>
      <trkpt lat="54.6735405" lon="25.1825048">
        <ele>107</ele>
      </trkpt>
      <trkpt lat="54.6735254" lon="25.1825231">
        <ele>107</ele>
      </trkpt>
      <trkpt lat="54.6735104" lon="25.1825415">
        <ele>107</ele>
      </trkpt>
      <trkpt lat="54.6734984" lon="25.1825583">
        <ele>107</ele>
      </trkpt>
      <trkpt lat="54.6734865" lon="25.1825751">
        <ele>107</ele>
      </trkpt>
      <trkpt lat="54.6734821" lon="25.1825938">
        <ele>107</ele>
      </trkpt>
      <trkpt lat="54.6734778" lon="25.1826126">
        <ele>107</ele>
      </trkpt>
      <trkpt lat="54.6734782" lon="25.1826336">
        <ele>107</ele>
      </trkpt>
      <trkpt lat="54.6734787" lon="25.1826546">
        <ele>107</ele>
      </trkpt>
      <trkpt lat="54.6734757" lon="25.1826796">
        <ele>107</ele>
      </trkpt>
      <trkpt lat="54.6734728" lon="25.1827047">
        <ele>107</ele>
      </trkpt>
      <trkpt lat="54.6734625" lon="25.1827344">
        <ele>107</ele>
      </trkpt>
      <trkpt lat="54.6734523" lon="25.1827641">
        <ele>107</ele>
      </trkpt>
      <trkpt lat="54.6734365" lon="25.1827949">
        <ele>107</ele>
      </trkpt>
      <trkpt lat="54.6734207" lon="25.1828258">
        <ele>107</ele>
      </trkpt>
      <trkpt lat="54.6734025" lon="25.1828522">
        <ele>107</ele>
      </trkpt>
      <trkpt lat="54.6733843" lon="25.1828787">
        <ele>107</ele>
      </trkpt>
      <trkpt lat="54.6733666" lon="25.1828978">
        <ele>107</ele>
      </trkpt>
      <trkpt lat="54.673349" lon="25.182917">
        <ele>107</ele>
      </trkpt>
      <trkpt lat="54.6733326" lon="25.1829304">
        <ele>107</ele>
      </trkpt>
      <trkpt lat="54.6733163" lon="25.1829438">
        <ele>107</ele>
      </trkpt>
      <trkpt lat="54.6732978" lon="25.1829573">
        <ele>107</ele>
      </trkpt>
      <trkpt lat="54.6732794" lon="25.1829708">
        <ele>106</ele>
      </trkpt>
      <trkpt lat="54.6732591" lon="25.1829903">
        <ele>106</ele>
      </trkpt>
      <trkpt lat="54.6732389" lon="25.1830098">
        <ele>106</ele>
      </trkpt>
      <trkpt lat="54.673217" lon="25.1830394">
        <ele>106</ele>
      </trkpt>
      <trkpt lat="54.6731952" lon="25.1830691">
        <ele>106</ele>
      </trkpt>
      <trkpt lat="54.6731779" lon="25.1831029">
        <ele>105</ele>
      </trkpt>
      <trkpt lat="54.6731606" lon="25.1831368">
        <ele>105</ele>
      </trkpt>
      <trkpt lat="54.6731458" lon="25.183174">
        <ele>105</ele>
      </trkpt>
      <trkpt lat="54.673131" lon="25.1832113">
        <ele>105</ele>
      </trkpt>
      <trkpt lat="54.6731172" lon="25.1832503">
        <ele>105</ele>
      </trkpt>
      <trkpt lat="54.6731034" lon="25.1832893">
        <ele>105</ele>
      </trkpt>
      <trkpt lat="54.6730938" lon="25.1833265">
        <ele>105</ele>
      </trkpt>
      <trkpt lat="54.6730843" lon="25.1833637">
        <ele>105</ele>
      </trkpt>
      <trkpt lat="54.6730797" lon="25.1833972">
        <ele>105</ele>
      </trkpt>
      <trkpt lat="54.6730751" lon="25.1834307">
        <ele>106</ele>
      </trkpt>
      <trkpt lat="54.6730706" lon="25.1834656">
        <ele>106</ele>
      </trkpt>
      <trkpt lat="54.6730661" lon="25.1835005">
        <ele>106</ele>
      </trkpt>
      <trkpt lat="54.6730601" lon="25.1835396">
        <ele>106</ele>
      </trkpt>
      <trkpt lat="54.6730541" lon="25.1835788">
        <ele>106</ele>
      </trkpt>
      <trkpt lat="54.673045" lon="25.1836203">
        <ele>106</ele>
      </trkpt>
      <trkpt lat="54.673036" lon="25.1836618">
        <ele>105</ele>
      </trkpt>
      <trkpt lat="54.6730243" lon="25.1836976">
        <ele>105</ele>
      </trkpt>
      <trkpt lat="54.6730126" lon="25.1837335">
        <ele>105</ele>
      </trkpt>
      <trkpt lat="54.6730007" lon="25.1837648">
        <ele>105</ele>
      </trkpt>
      <trkpt lat="54.6729889" lon="25.1837961">
        <ele>105</ele>
      </trkpt>
      <trkpt lat="54.6729805" lon="25.1838291">
        <ele>105</ele>
      </trkpt>
      <trkpt lat="54.6729722" lon="25.1838622">
        <ele>105</ele>
      </trkpt>
      <trkpt lat="54.6729691" lon="25.1838943">
        <ele>105</ele>
      </trkpt>
      <trkpt lat="54.672966" lon="25.1839264">
        <ele>105</ele>
      </trkpt>
      <trkpt lat="54.672968" lon="25.1839551">
        <ele>105</ele>
      </trkpt>
      <trkpt lat="54.67297" lon="25.1839838">
        <ele>105</ele>
      </trkpt>
      <trkpt lat="54.6729741" lon="25.1840148">
        <ele>105</ele>
      </trkpt>
      <trkpt lat="54.6729783" lon="25.1840458">
        <ele>105</ele>
      </trkpt>
      <trkpt lat="54.6729817" lon="25.1840778">
        <ele>105</ele>
      </trkpt>
      <trkpt lat="54.6729851" lon="25.1841099">
        <ele>106</ele>
      </trkpt>
      <trkpt lat="54.6729922" lon="25.1841289">
        <ele>106</ele>
      </trkpt>
      <trkpt lat="54.6729994" lon="25.184148">
        <ele>106</ele>
      </trkpt>
      <trkpt lat="54.6730115" lon="25.1841571">
        <ele>106</ele>
      </trkpt>
      <trkpt lat="54.6730236" lon="25.1841662">
        <ele>106</ele>
      </trkpt>
      <trkpt lat="54.6730381" lon="25.1841732">
        <ele>107</ele>
      </trkpt>
      <trkpt lat="54.6730526" lon="25.1841802">
        <ele>107</ele>
      </trkpt>
      <trkpt lat="54.6730687" lon="25.1841902">
        <ele>107</ele>
      </trkpt>
      <trkpt lat="54.6730848" lon="25.1842003">
        <ele>107</ele>
      </trkpt>
      <trkpt lat="54.6731023" lon="25.1842148">
        <ele>107</ele>
      </trkpt>
      <trkpt lat="54.6731199" lon="25.1842293">
        <ele>108</ele>
      </trkpt>
      <trkpt lat="54.6731371" lon="25.1842475">
        <ele>108</ele>
      </trkpt>
      <trkpt lat="54.6731543" lon="25.1842657">
        <ele>108</ele>
      </trkpt>
      <trkpt lat="54.6731699" lon="25.184284">
        <ele>108</ele>
      </trkpt>
      <trkpt lat="54.6731856" lon="25.1843023">
        <ele>108</ele>
      </trkpt>
      <trkpt lat="54.6731999" lon="25.1843228">
        <ele>108</ele>
      </trkpt>
      <trkpt lat="54.6732143" lon="25.1843434">
        <ele>108</ele>
      </trkpt>
      <trkpt lat="54.6732268" lon="25.184366">
        <ele>108</ele>
      </trkpt>
      <trkpt lat="54.6732393" lon="25.1843887">
        <ele>108</ele>
      </trkpt>
      <trkpt lat="54.6732511" lon="25.1844165">
        <ele>108</ele>
      </trkpt>
      <trkpt lat="54.673263" lon="25.1844444">
        <ele>109</ele>
      </trkpt>
      <trkpt lat="54.6732728" lon="25.1844734">
        <ele>109</ele>
      </trkpt>
      <trkpt lat="54.6732826" lon="25.1845025">
        <ele>109</ele>
      </trkpt>
      <trkpt lat="54.673291" lon="25.1845307">
        <ele>109</ele>
      </trkpt>
      <trkpt lat="54.6732994" lon="25.184559">
        <ele>109</ele>
      </trkpt>
      <trkpt lat="54.6733081" lon="25.1845888">
        <ele>110</ele>
      </trkpt>
      <trkpt lat="54.6733169" lon="25.1846186">
        <ele>110</ele>
      </trkpt>
      <trkpt lat="54.673328" lon="25.1846541">
        <ele>110</ele>
      </trkpt>
      <trkpt lat="54.6733392" lon="25.1846896">
        <ele>110</ele>
      </trkpt>
      <trkpt lat="54.6733492" lon="25.1847278">
        <ele>110</ele>
      </trkpt>
      <trkpt lat="54.6733593" lon="25.184766">
        <ele>110</ele>
      </trkpt>
      <trkpt lat="54.6733696" lon="25.184803">
        <ele>110</ele>
      </trkpt>
      <trkpt lat="54.6733799" lon="25.1848401">
        <ele>110</ele>
      </trkpt>
      <trkpt lat="54.6733897" lon="25.184875">
        <ele>110</ele>
      </trkpt>
      <trkpt lat="54.6733995" lon="25.18491">
        <ele>110</ele>
      </trkpt>
      <trkpt lat="54.673407" lon="25.1849402">
        <ele>111</ele>
      </trkpt>
      <trkpt lat="54.6734145" lon="25.1849705">
        <ele>111</ele>
      </trkpt>
      <trkpt lat="54.6734196" lon="25.1849984">
        <ele>111</ele>
      </trkpt>
      <trkpt lat="54.6734248" lon="25.1850263">
        <ele>111</ele>
      </trkpt>
      <trkpt lat="54.6734269" lon="25.1850527">
        <ele>111</ele>
      </trkpt>
      <trkpt lat="54.6734291" lon="25.1850791">
        <ele>111</ele>
      </trkpt>
      <trkpt lat="54.6734308" lon="25.1851043">
        <ele>110</ele>
      </trkpt>
      <trkpt lat="54.6734325" lon="25.1851296">
        <ele>110</ele>
      </trkpt>
      <trkpt lat="54.6734378" lon="25.1851526">
        <ele>109</ele>
      </trkpt>
      <trkpt lat="54.6734431" lon="25.1851757">
        <ele>109</ele>
      </trkpt>
      <trkpt lat="54.6734453" lon="25.1851996">
        <ele>109</ele>
      </trkpt>
      <trkpt lat="54.6734476" lon="25.1852235">
        <ele>109</ele>
      </trkpt>
      <trkpt lat="54.6734431" lon="25.1852427">
        <ele>109</ele>
      </trkpt>
      <trkpt lat="54.6734387" lon="25.185262">
        <ele>109</ele>
      </trkpt>
      <trkpt lat="54.6734282" lon="25.185274">
        <ele>109</ele>
      </trkpt>
      <trkpt lat="54.6734178" lon="25.185286">
        <ele>109</ele>
      </trkpt>
      <trkpt lat="54.6734136" lon="25.1852901">
        <ele>109</ele>
      </trkpt>
      <trkpt lat="54.6734095" lon="25.1852942">
        <ele>109</ele>
      </trkpt>
      <trkpt lat="54.6734054" lon="25.1852984">
        <ele>110</ele>
      </trkpt>
      <trkpt lat="54.6733949" lon="25.1853066">
        <ele>110</ele>
      </trkpt>
      <trkpt lat="54.6733844" lon="25.1853148">
        <ele>111</ele>
      </trkpt>
      <trkpt lat="54.6733721" lon="25.1853172">
        <ele>111</ele>
      </trkpt>
      <trkpt lat="54.6733598" lon="25.1853197">
        <ele>111</ele>
      </trkpt>
      <trkpt lat="54.673346" lon="25.185314">
        <ele>111</ele>
      </trkpt>
      <trkpt lat="54.6733322" lon="25.1853084">
        <ele>111</ele>
      </trkpt>
      <trkpt lat="54.6733166" lon="25.1852971">
        <ele>111</ele>
      </trkpt>
      <trkpt lat="54.673301" lon="25.1852859">
        <ele>110</ele>
      </trkpt>
      <trkpt lat="54.6732845" lon="25.1852703">
        <ele>110</ele>
      </trkpt>
      <trkpt lat="54.6732681" lon="25.1852547">
        <ele>110</ele>
      </trkpt>
      <trkpt lat="54.6732528" lon="25.1852342">
        <ele>110</ele>
      </trkpt>
      <trkpt lat="54.6732375" lon="25.1852137">
        <ele>110</ele>
      </trkpt>
      <trkpt lat="54.6732222" lon="25.1851905">
        <ele>109</ele>
      </trkpt>
      <trkpt lat="54.673207" lon="25.1851674">
        <ele>109</ele>
      </trkpt>
      <trkpt lat="54.6731907" lon="25.1851447">
        <ele>109</ele>
      </trkpt>
      <trkpt lat="54.6731745" lon="25.185122">
        <ele>109</ele>
      </trkpt>
      <trkpt lat="54.6731585" lon="25.1851036">
        <ele>109</ele>
      </trkpt>
      <trkpt lat="54.6731425" lon="25.1850853">
        <ele>109</ele>
      </trkpt>
      <trkpt lat="54.6731275" lon="25.1850711">
        <ele>109</ele>
      </trkpt>
      <trkpt lat="54.6731126" lon="25.185057">
        <ele>109</ele>
      </trkpt>
      <trkpt lat="54.6730953" lon="25.1850478">
        <ele>109</ele>
      </trkpt>
      <trkpt lat="54.673078" lon="25.1850387">
        <ele>109</ele>
      </trkpt>
      <trkpt lat="54.6730555" lon="25.185032">
        <ele>109</ele>
      </trkpt>
      <trkpt lat="54.6730331" lon="25.1850254">
        <ele>109</ele>
      </trkpt>
      <trkpt lat="54.673008" lon="25.18502">
        <ele>109</ele>
      </trkpt>
      <trkpt lat="54.6729829" lon="25.1850147">
        <ele>109</ele>
      </trkpt>
      <trkpt lat="54.6729604" lon="25.1850086">
        <ele>109</ele>
      </trkpt>
      <trkpt lat="54.6729379" lon="25.1850025">
        <ele>108</ele>
      </trkpt>
      <trkpt lat="54.6729165" lon="25.1849902">
        <ele>108</ele>
      </trkpt>
      <trkpt lat="54.6728952" lon="25.184978">
        <ele>108</ele>
      </trkpt>
      <trkpt lat="54.6728741" lon="25.1849608">
        <ele>108</ele>
      </trkpt>
      <trkpt lat="54.672853" lon="25.1849436">
        <ele>108</ele>
      </trkpt>
      <trkpt lat="54.6728285" lon="25.1849233">
        <ele>107</ele>
      </trkpt>
      <trkpt lat="54.672804" lon="25.184903">
        <ele>107</ele>
      </trkpt>
      <trkpt lat="54.6727789" lon="25.1848809">
        <ele>106</ele>
      </trkpt>
      <trkpt lat="54.6727538" lon="25.1848589">
        <ele>106</ele>
      </trkpt>
      <trkpt lat="54.6727312" lon="25.1848347">
        <ele>106</ele>
      </trkpt>
      <trkpt lat="54.6727086" lon="25.1848105">
        <ele>105</ele>
      </trkpt>
      <trkpt lat="54.6726896" lon="25.1847873">
        <ele>105</ele>
      </trkpt>
      <trkpt lat="54.6726707" lon="25.1847641">
        <ele>105</ele>
      </trkpt>
      <trkpt lat="54.6726532" lon="25.1847479">
        <ele>105</ele>
      </trkpt>
      <trkpt lat="54.6726358" lon="25.1847317">
        <ele>105</ele>
      </trkpt>
      <trkpt lat="54.67262" lon="25.1847289">
        <ele>104</ele>
      </trkpt>
      <trkpt lat="54.6726042" lon="25.1847261">
        <ele>104</ele>
      </trkpt>
      <trkpt lat="54.6725918" lon="25.1847341">
        <ele>103</ele>
      </trkpt>
      <trkpt lat="54.6725794" lon="25.1847421">
        <ele>103</ele>
      </trkpt>
      <trkpt lat="54.6725695" lon="25.1847529">
        <ele>103</ele>
      </trkpt>
      <trkpt lat="54.6725597" lon="25.1847637">
        <ele>102</ele>
      </trkpt>
      <trkpt lat="54.6725499" lon="25.1847702">
        <ele>102</ele>
      </trkpt>
      <trkpt lat="54.6725402" lon="25.1847767">
        <ele>101</ele>
      </trkpt>
      <trkpt lat="54.672529" lon="25.1847754">
        <ele>101</ele>
      </trkpt>
      <trkpt lat="54.6725178" lon="25.1847742">
        <ele>101</ele>
      </trkpt>
      <trkpt lat="54.6725067" lon="25.184767">
        <ele>100</ele>
      </trkpt>
      <trkpt lat="54.6724956" lon="25.1847599">
        <ele>99</ele>
      </trkpt>
      <trkpt lat="54.6724846" lon="25.1847517">
        <ele>99</ele>
      </trkpt>
      <trkpt lat="54.6724736" lon="25.1847436">
        <ele>98</ele>
      </trkpt>
      <trkpt lat="54.6724598" lon="25.184737">
        <ele>98</ele>
      </trkpt>
      <trkpt lat="54.672446" lon="25.1847305">
        <ele>97</ele>
      </trkpt>
      <trkpt lat="54.6724262" lon="25.1847222">
        <ele>96</ele>
      </trkpt>
      <trkpt lat="54.6724064" lon="25.1847139">
        <ele>96</ele>
      </trkpt>
      <trkpt lat="54.6723901" lon="25.1847063">
        <ele>95</ele>
      </trkpt>
      <trkpt lat="54.6723738" lon="25.1846988">
        <ele>95</ele>
      </trkpt>
      <trkpt lat="54.6723669" lon="25.1846952">
        <ele>94</ele>
      </trkpt>
      <trkpt lat="54.6723601" lon="25.1846917">
        <ele>93</ele>
      </trkpt>
      <trkpt lat="54.6723508" lon="25.1846853">
        <ele>93</ele>
      </trkpt>
      <trkpt lat="54.6723415" lon="25.184679">
        <ele>92</ele>
      </trkpt>
      <trkpt lat="54.6723335" lon="25.184673">
        <ele>92</ele>
      </trkpt>
      <trkpt lat="54.6723256" lon="25.1846671">
        <ele>91</ele>
      </trkpt>
      <trkpt lat="54.672318" lon="25.1846649">
        <ele>91</ele>
      </trkpt>
      <trkpt lat="54.6723105" lon="25.1846627">
        <ele>90</ele>
      </trkpt>
      <trkpt lat="54.6723051" lon="25.1846621">
        <ele>90</ele>
      </trkpt>
      <trkpt lat="54.6722998" lon="25.1846615">
        <ele>90</ele>
      </trkpt>
      <trkpt lat="54.6722945" lon="25.1846609">
        <ele>89</ele>
      </trkpt>
      <trkpt lat="54.6722884" lon="25.1846603">
        <ele>89</ele>
      </trkpt>
      <trkpt lat="54.6722823" lon="25.1846598">
        <ele>88</ele>
      </trkpt>
      <trkpt lat="54.6722771" lon="25.184659">
        <ele>88</ele>
      </trkpt>
      <trkpt lat="54.672272" lon="25.1846582">
        <ele>88</ele>
      </trkpt>
      <trkpt lat="54.6722649" lon="25.1846579">
        <ele>87</ele>
      </trkpt>
      <trkpt lat="54.6722579" lon="25.1846577">
        <ele>87</ele>
      </trkpt>
      <trkpt lat="54.6722463" lon="25.1846555">
        <ele>87</ele>
      </trkpt>
      <trkpt lat="54.6722347" lon="25.1846533">
        <ele>87</ele>
      </trkpt>
      <trkpt lat="54.6722193" lon="25.1846396">
        <ele>87</ele>
      </trkpt>
      <trkpt lat="54.672204" lon="25.184626">
        <ele>86</ele>
      </trkpt>
      <trkpt lat="54.6721866" lon="25.1846013">
        <ele>86</ele>
      </trkpt>
      <trkpt lat="54.6721692" lon="25.1845766">
        <ele>85</ele>
      </trkpt>
      <trkpt lat="54.6721512" lon="25.1845456">
        <ele>85</ele>
      </trkpt>
      <trkpt lat="54.6721332" lon="25.1845146">
        <ele>85</ele>
      </trkpt>
      <trkpt lat="54.6721162" lon="25.1844839">
        <ele>84</ele>
      </trkpt>
      <trkpt lat="54.6720992" lon="25.1844533">
        <ele>84</ele>
      </trkpt>
      <trkpt lat="54.6720842" lon="25.1844252">
        <ele>83</ele>
      </trkpt>
      <trkpt lat="54.6720693" lon="25.1843972">
        <ele>83</ele>
      </trkpt>
      <trkpt lat="54.6720574" lon="25.1843708">
        <ele>83</ele>
      </trkpt>
      <trkpt lat="54.6720455" lon="25.1843445">
        <ele>82</ele>
      </trkpt>
      <trkpt lat="54.672037" lon="25.1843179">
        <ele>82</ele>
      </trkpt>
      <trkpt lat="54.6720286" lon="25.1842914">
        <ele>82</ele>
      </trkpt>
      <trkpt lat="54.6720207" lon="25.1842636">
        <ele>82</ele>
      </trkpt>
      <trkpt lat="54.6720129" lon="25.1842358">
        <ele>82</ele>
      </trkpt>
      <trkpt lat="54.6720021" lon="25.1842086">
        <ele>82</ele>
      </trkpt>
      <trkpt lat="54.6719913" lon="25.1841815">
        <ele>82</ele>
      </trkpt>
      <trkpt lat="54.6719775" lon="25.1841591">
        <ele>82</ele>
      </trkpt>
      <trkpt lat="54.6719637" lon="25.1841368">
        <ele>82</ele>
      </trkpt>
      <trkpt lat="54.6719482" lon="25.184121">
        <ele>82</ele>
      </trkpt>
      <trkpt lat="54.6719327" lon="25.1841053">
        <ele>81</ele>
      </trkpt>
      <trkpt lat="54.6719155" lon="25.1840948">
        <ele>81</ele>
      </trkpt>
      <trkpt lat="54.6718984" lon="25.1840843">
        <ele>81</ele>
      </trkpt>
      <trkpt lat="54.6718794" lon="25.1840784">
        <ele>81</ele>
      </trkpt>
      <trkpt lat="54.6718604" lon="25.1840726">
        <ele>81</ele>
      </trkpt>
      <trkpt lat="54.6718407" lon="25.1840674">
        <ele>80</ele>
      </trkpt>
      <trkpt lat="54.6718211" lon="25.1840623">
        <ele>80</ele>
      </trkpt>
      <trkpt lat="54.671801" lon="25.1840575">
        <ele>80</ele>
      </trkpt>
      <trkpt lat="54.6717809" lon="25.1840528">
        <ele>80</ele>
      </trkpt>
      <trkpt lat="54.6717591" lon="25.1840484">
        <ele>80</ele>
      </trkpt>
      <trkpt lat="54.6717374" lon="25.184044">
        <ele>79</ele>
      </trkpt>
      <trkpt lat="54.6717143" lon="25.1840387">
        <ele>79</ele>
      </trkpt>
      <trkpt lat="54.6716913" lon="25.1840334">
        <ele>79</ele>
      </trkpt>
      <trkpt lat="54.6716691" lon="25.1840308">
        <ele>79</ele>
      </trkpt>
      <trkpt lat="54.671647" lon="25.1840282">
        <ele>79</ele>
      </trkpt>
      <trkpt lat="54.6716206" lon="25.184033">
        <ele>78</ele>
      </trkpt>
      <trkpt lat="54.6715943" lon="25.1840379">
        <ele>78</ele>
      </trkpt>
      <trkpt lat="54.6715641" lon="25.1840513">
        <ele>78</ele>
      </trkpt>
      <trkpt lat="54.6715339" lon="25.1840647">
        <ele>78</ele>
      </trkpt>
      <trkpt lat="54.671505" lon="25.1840808">
        <ele>78</ele>
      </trkpt>
      <trkpt lat="54.6714761" lon="25.184097">
        <ele>77</ele>
      </trkpt>
      <trkpt lat="54.6714505" lon="25.1841099">
        <ele>77</ele>
      </trkpt>
      <trkpt lat="54.671425" lon="25.1841229">
        <ele>77</ele>
      </trkpt>
      <trkpt lat="54.6714039" lon="25.1841321">
        <ele>77</ele>
      </trkpt>
      <trkpt lat="54.6713828" lon="25.1841414">
        <ele>77</ele>
      </trkpt>
      <trkpt lat="54.6713652" lon="25.1841486">
        <ele>76</ele>
      </trkpt>
      <trkpt lat="54.6713476" lon="25.1841559">
        <ele>76</ele>
      </trkpt>
      <trkpt lat="54.6713319" lon="25.1841617">
        <ele>76</ele>
      </trkpt>
      <trkpt lat="54.6713163" lon="25.1841676">
        <ele>76</ele>
      </trkpt>
      <trkpt lat="54.671301" lon="25.1841746">
        <ele>76</ele>
      </trkpt>
      <trkpt lat="54.6712858" lon="25.1841817">
        <ele>76</ele>
      </trkpt>
      <trkpt lat="54.6712678" lon="25.1841897">
        <ele>76</ele>
      </trkpt>
      <trkpt lat="54.6712499" lon="25.1841978">
        <ele>76</ele>
      </trkpt>
      <trkpt lat="54.6712287" lon="25.1842056">
        <ele>76</ele>
      </trkpt>
      <trkpt lat="54.6712076" lon="25.1842134">
        <ele>76</ele>
      </trkpt>
      <trkpt lat="54.6711852" lon="25.1842194">
        <ele>76</ele>
      </trkpt>
      <trkpt lat="54.6711629" lon="25.1842254">
        <ele>76</ele>
      </trkpt>
      <trkpt lat="54.6711394" lon="25.1842309">
        <ele>76</ele>
      </trkpt>
      <trkpt lat="54.671116" lon="25.1842364">
        <ele>76</ele>
      </trkpt>
      <trkpt lat="54.6710892" lon="25.1842419">
        <ele>76</ele>
      </trkpt>
      <trkpt lat="54.6710624" lon="25.1842475">
        <ele>75</ele>
      </trkpt>
      <trkpt lat="54.6710349" lon="25.1842548">
        <ele>75</ele>
      </trkpt>
      <trkpt lat="54.6710074" lon="25.1842621">
        <ele>75</ele>
      </trkpt>
      <trkpt lat="54.6709809" lon="25.1842719">
        <ele>75</ele>
      </trkpt>
      <trkpt lat="54.6709544" lon="25.1842818">
        <ele>75</ele>
      </trkpt>
      <trkpt lat="54.6709296" lon="25.1842912">
        <ele>75</ele>
      </trkpt>
      <trkpt lat="54.6709049" lon="25.1843006">
        <ele>75</ele>
      </trkpt>
      <trkpt lat="54.6708815" lon="25.1843022">
        <ele>75</ele>
      </trkpt>
      <trkpt lat="54.6708582" lon="25.1843039">
        <ele>75</ele>
      </trkpt>
      <trkpt lat="54.6708365" lon="25.184291">
        <ele>76</ele>
      </trkpt>
      <trkpt lat="54.6708149" lon="25.1842782">
        <ele>76</ele>
      </trkpt>
      <trkpt lat="54.6707985" lon="25.1842503">
        <ele>76</ele>
      </trkpt>
      <trkpt lat="54.6707821" lon="25.1842224">
        <ele>76</ele>
      </trkpt>
      <trkpt lat="54.6707696" lon="25.184185">
        <ele>76</ele>
      </trkpt>
      <trkpt lat="54.6707572" lon="25.1841476">
        <ele>76</ele>
      </trkpt>
      <trkpt lat="54.6707422" lon="25.1841071">
        <ele>75</ele>
      </trkpt>
      <trkpt lat="54.6707272" lon="25.1840666">
        <ele>75</ele>
      </trkpt>
      <trkpt lat="54.6707072" lon="25.1840293">
        <ele>75</ele>
      </trkpt>
      <trkpt lat="54.6706872" lon="25.1839921">
        <ele>75</ele>
      </trkpt>
      <trkpt lat="54.6706649" lon="25.1839588">
        <ele>75</ele>
      </trkpt>
      <trkpt lat="54.6706427" lon="25.1839256">
        <ele>74</ele>
      </trkpt>
      <trkpt lat="54.6706177" lon="25.1838946">
        <ele>74</ele>
      </trkpt>
      <trkpt lat="54.6705928" lon="25.1838637">
        <ele>74</ele>
      </trkpt>
      <trkpt lat="54.6705651" lon="25.1838353">
        <ele>74</ele>
      </trkpt>
      <trkpt lat="54.6705375" lon="25.183807">
        <ele>74</ele>
      </trkpt>
      <trkpt lat="54.6705126" lon="25.1837868">
        <ele>73</ele>
      </trkpt>
      <trkpt lat="54.6704878" lon="25.1837666">
        <ele>73</ele>
      </trkpt>
      <trkpt lat="54.6704688" lon="25.1837527">
        <ele>73</ele>
      </trkpt>
      <trkpt lat="54.6704498" lon="25.1837388">
        <ele>73</ele>
      </trkpt>
      <trkpt lat="54.670436" lon="25.1837275">
        <ele>73</ele>
      </trkpt>
      <trkpt lat="54.6704222" lon="25.1837163">
        <ele>73</ele>
      </trkpt>
      <trkpt lat="54.670408" lon="25.1837059">
        <ele>73</ele>
      </trkpt>
      <trkpt lat="54.6703939" lon="25.1836955">
        <ele>73</ele>
      </trkpt>
      <trkpt lat="54.6703755" lon="25.1836879">
        <ele>73</ele>
      </trkpt>
      <trkpt lat="54.6703572" lon="25.1836804">
        <ele>73</ele>
      </trkpt>
      <trkpt lat="54.6703373" lon="25.1836783">
        <ele>73</ele>
      </trkpt>
      <trkpt lat="54.6703174" lon="25.1836762">
        <ele>73</ele>
      </trkpt>
      <trkpt lat="54.6702937" lon="25.1836816">
        <ele>73</ele>
      </trkpt>
      <trkpt lat="54.67027" lon="25.1836871">
        <ele>73</ele>
      </trkpt>
      <trkpt lat="54.6702422" lon="25.1836927">
        <ele>73</ele>
      </trkpt>
      <trkpt lat="54.6702144" lon="25.1836983">
        <ele>73</ele>
      </trkpt>
      <trkpt lat="54.6701855" lon="25.1837021">
        <ele>73</ele>
      </trkpt>
      <trkpt lat="54.6701566" lon="25.1837059">
        <ele>73</ele>
      </trkpt>
      <trkpt lat="54.6701294" lon="25.1837107">
        <ele>73</ele>
      </trkpt>
      <trkpt lat="54.6701022" lon="25.1837155">
        <ele>73</ele>
      </trkpt>
      <trkpt lat="54.6700762" lon="25.1837228">
        <ele>73</ele>
      </trkpt>
      <trkpt lat="54.6700503" lon="25.1837301">
        <ele>73</ele>
      </trkpt>
      <trkpt lat="54.6700244" lon="25.183738">
        <ele>73</ele>
      </trkpt>
      <trkpt lat="54.6699985" lon="25.1837459">
        <ele>73</ele>
      </trkpt>
      <trkpt lat="54.6699728" lon="25.1837529">
        <ele>74</ele>
      </trkpt>
      <trkpt lat="54.6699471" lon="25.18376">
        <ele>74</ele>
      </trkpt>
      <trkpt lat="54.66992" lon="25.1837638">
        <ele>74</ele>
      </trkpt>
      <trkpt lat="54.6698929" lon="25.1837677">
        <ele>74</ele>
      </trkpt>
      <trkpt lat="54.6698667" lon="25.1837695">
        <ele>74</ele>
      </trkpt>
      <trkpt lat="54.6698405" lon="25.1837713">
        <ele>74</ele>
      </trkpt>
      <trkpt lat="54.6698186" lon="25.1837755">
        <ele>74</ele>
      </trkpt>
      <trkpt lat="54.6697968" lon="25.1837797">
        <ele>74</ele>
      </trkpt>
      <trkpt lat="54.6697759" lon="25.1837848">
        <ele>75</ele>
      </trkpt>
      <trkpt lat="54.6697551" lon="25.18379">
        <ele>75</ele>
      </trkpt>
      <trkpt lat="54.6697339" lon="25.1837902">
        <ele>76</ele>
      </trkpt>
      <trkpt lat="54.6697127" lon="25.1837904">
        <ele>76</ele>
      </trkpt>
      <trkpt lat="54.6696921" lon="25.1837841">
        <ele>76</ele>
      </trkpt>
      <trkpt lat="54.6696716" lon="25.1837779">
        <ele>76</ele>
      </trkpt>
      <trkpt lat="54.6696517" lon="25.1837677">
        <ele>76</ele>
      </trkpt>
      <trkpt lat="54.6696319" lon="25.1837575">
        <ele>77</ele>
      </trkpt>
      <trkpt lat="54.669612" lon="25.183745">
        <ele>77</ele>
      </trkpt>
      <trkpt lat="54.6695921" lon="25.1837325">
        <ele>77</ele>
      </trkpt>
      <trkpt lat="54.6695709" lon="25.1837196">
        <ele>77</ele>
      </trkpt>
      <trkpt lat="54.6695498" lon="25.1837068">
        <ele>77</ele>
      </trkpt>
      <trkpt lat="54.6695276" lon="25.1836926">
        <ele>77</ele>
      </trkpt>
      <trkpt lat="54.6695055" lon="25.1836784">
        <ele>77</ele>
      </trkpt>
      <trkpt lat="54.6694823" lon="25.1836638">
        <ele>77</ele>
      </trkpt>
      <trkpt lat="54.6694591" lon="25.1836493">
        <ele>77</ele>
      </trkpt>
      <trkpt lat="54.6694344" lon="25.1836331">
        <ele>77</ele>
      </trkpt>
      <trkpt lat="54.6694097" lon="25.1836169">
        <ele>77</ele>
      </trkpt>
      <trkpt lat="54.6693852" lon="25.183601">
        <ele>77</ele>
      </trkpt>
      <trkpt lat="54.6693607" lon="25.1835851">
        <ele>77</ele>
      </trkpt>
      <trkpt lat="54.6693362" lon="25.1835693">
        <ele>77</ele>
      </trkpt>
      <trkpt lat="54.6693117" lon="25.1835535">
        <ele>77</ele>
      </trkpt>
      <trkpt lat="54.6692885" lon="25.1835375">
        <ele>77</ele>
      </trkpt>
      <trkpt lat="54.6692653" lon="25.1835215">
        <ele>77</ele>
      </trkpt>
      <trkpt lat="54.6692425" lon="25.1835047">
        <ele>77</ele>
      </trkpt>
      <trkpt lat="54.6692197" lon="25.1834879">
        <ele>77</ele>
      </trkpt>
      <trkpt lat="54.669196" lon="25.1834736">
        <ele>77</ele>
      </trkpt>
      <trkpt lat="54.6691724" lon="25.1834594">
        <ele>77</ele>
      </trkpt>
      <trkpt lat="54.6691495" lon="25.1834447">
        <ele>77</ele>
      </trkpt>
      <trkpt lat="54.6691266" lon="25.18343">
        <ele>77</ele>
      </trkpt>
      <trkpt lat="54.6691049" lon="25.183411">
        <ele>77</ele>
      </trkpt>
      <trkpt lat="54.6690833" lon="25.1833921">
        <ele>77</ele>
      </trkpt>
      <trkpt lat="54.6690634" lon="25.1833693">
        <ele>77</ele>
      </trkpt>
      <trkpt lat="54.6690436" lon="25.1833465">
        <ele>77</ele>
      </trkpt>
      <trkpt lat="54.6690241" lon="25.1833219">
        <ele>77</ele>
      </trkpt>
      <trkpt lat="54.6690046" lon="25.1832973">
        <ele>77</ele>
      </trkpt>
      <trkpt lat="54.6689849" lon="25.1832747">
        <ele>77</ele>
      </trkpt>
      <trkpt lat="54.6689653" lon="25.1832522">
        <ele>77</ele>
      </trkpt>
      <trkpt lat="54.6689449" lon="25.1832329">
        <ele>77</ele>
      </trkpt>
      <trkpt lat="54.6689245" lon="25.1832136">
        <ele>77</ele>
      </trkpt>
      <trkpt lat="54.6689046" lon="25.1831965">
        <ele>77</ele>
      </trkpt>
      <trkpt lat="54.6688847" lon="25.1831795">
        <ele>77</ele>
      </trkpt>
      <trkpt lat="54.6688662" lon="25.1831622">
        <ele>77</ele>
      </trkpt>
      <trkpt lat="54.6688477" lon="25.183145">
        <ele>77</ele>
      </trkpt>
      <trkpt lat="54.6688272" lon="25.1831261">
        <ele>77</ele>
      </trkpt>
      <trkpt lat="54.6688068" lon="25.1831073">
        <ele>77</ele>
      </trkpt>
      <trkpt lat="54.6687834" lon="25.1830874">
        <ele>77</ele>
      </trkpt>
      <trkpt lat="54.6687601" lon="25.1830676">
        <ele>77</ele>
      </trkpt>
      <trkpt lat="54.6687368" lon="25.1830466">
        <ele>77</ele>
      </trkpt>
      <trkpt lat="54.6687136" lon="25.1830257">
        <ele>77</ele>
      </trkpt>
      <trkpt lat="54.6686928" lon="25.1830029">
        <ele>77</ele>
      </trkpt>
      <trkpt lat="54.668672" lon="25.1829802">
        <ele>77</ele>
      </trkpt>
      <trkpt lat="54.6686536" lon="25.1829539">
        <ele>77</ele>
      </trkpt>
      <trkpt lat="54.6686352" lon="25.1829276">
        <ele>76</ele>
      </trkpt>
      <trkpt lat="54.6686162" lon="25.1828982">
        <ele>76</ele>
      </trkpt>
      <trkpt lat="54.6685972" lon="25.1828688">
        <ele>76</ele>
      </trkpt>
      <trkpt lat="54.6685778" lon="25.1828392">
        <ele>76</ele>
      </trkpt>
      <trkpt lat="54.6685584" lon="25.1828096">
        <ele>76</ele>
      </trkpt>
      <trkpt lat="54.668537" lon="25.1827823">
        <ele>76</ele>
      </trkpt>
      <trkpt lat="54.6685156" lon="25.1827551">
        <ele>76</ele>
      </trkpt>
      <trkpt lat="54.6684922" lon="25.1827304">
        <ele>76</ele>
      </trkpt>
      <trkpt lat="54.6684688" lon="25.1827058">
        <ele>76</ele>
      </trkpt>
      <trkpt lat="54.6684445" lon="25.1826827">
        <ele>76</ele>
      </trkpt>
      <trkpt lat="54.6684202" lon="25.1826596">
        <ele>76</ele>
      </trkpt>
      <trkpt lat="54.6683968" lon="25.1826369">
        <ele>76</ele>
      </trkpt>
      <trkpt lat="54.6683734" lon="25.1826142">
        <ele>76</ele>
      </trkpt>
      <trkpt lat="54.6683517" lon="25.1825943">
        <ele>76</ele>
      </trkpt>
      <trkpt lat="54.6683301" lon="25.1825744">
        <ele>76</ele>
      </trkpt>
      <trkpt lat="54.6683075" lon="25.1825588">
        <ele>76</ele>
      </trkpt>
      <trkpt lat="54.668285" lon="25.1825433">
        <ele>76</ele>
      </trkpt>
      <trkpt lat="54.6682641" lon="25.182524">
        <ele>76</ele>
      </trkpt>
      <trkpt lat="54.6682433" lon="25.1825047">
        <ele>76</ele>
      </trkpt>
      <trkpt lat="54.6682243" lon="25.1824807">
        <ele>77</ele>
      </trkpt>
      <trkpt lat="54.6682054" lon="25.1824568">
        <ele>77</ele>
      </trkpt>
      <trkpt lat="54.6681876" lon="25.1824331">
        <ele>77</ele>
      </trkpt>
      <trkpt lat="54.6681699" lon="25.1824095">
        <ele>77</ele>
      </trkpt>
      <trkpt lat="54.6681511" lon="25.1823852">
        <ele>77</ele>
      </trkpt>
      <trkpt lat="54.6681323" lon="25.1823609">
        <ele>77</ele>
      </trkpt>
      <trkpt lat="54.6681119" lon="25.1823377">
        <ele>77</ele>
      </trkpt>
      <trkpt lat="54.6680916" lon="25.1823146">
        <ele>77</ele>
      </trkpt>
      <trkpt lat="54.6680709" lon="25.1822933">
        <ele>77</ele>
      </trkpt>
      <trkpt lat="54.6680502" lon="25.1822721">
        <ele>77</ele>
      </trkpt>
      <trkpt lat="54.6680279" lon="25.1822535">
        <ele>77</ele>
      </trkpt>
      <trkpt lat="54.6680057" lon="25.182235">
        <ele>77</ele>
      </trkpt>
      <trkpt lat="54.6679831" lon="25.1822169">
        <ele>77</ele>
      </trkpt>
      <trkpt lat="54.6679605" lon="25.1821988">
        <ele>77</ele>
      </trkpt>
      <trkpt lat="54.6679381" lon="25.1821784">
        <ele>77</ele>
      </trkpt>
      <trkpt lat="54.6679157" lon="25.1821581">
        <ele>77</ele>
      </trkpt>
      <trkpt lat="54.6678937" lon="25.1821343">
        <ele>77</ele>
      </trkpt>
      <trkpt lat="54.6678718" lon="25.1821105">
        <ele>77</ele>
      </trkpt>
      <trkpt lat="54.6678514" lon="25.182085">
        <ele>77</ele>
      </trkpt>
      <trkpt lat="54.667831" lon="25.1820596">
        <ele>77</ele>
      </trkpt>
      <trkpt lat="54.6678119" lon="25.1820334">
        <ele>77</ele>
      </trkpt>
      <trkpt lat="54.6677928" lon="25.1820072">
        <ele>77</ele>
      </trkpt>
      <trkpt lat="54.667774" lon="25.1819811">
        <ele>77</ele>
      </trkpt>
      <trkpt lat="54.6677553" lon="25.1819551">
        <ele>77</ele>
      </trkpt>
      <trkpt lat="54.6677344" lon="25.181929">
        <ele>77</ele>
      </trkpt>
      <trkpt lat="54.6677136" lon="25.1819029">
        <ele>77</ele>
      </trkpt>
      <trkpt lat="54.6676928" lon="25.1818793">
        <ele>77</ele>
      </trkpt>
      <trkpt lat="54.6676721" lon="25.1818558">
        <ele>77</ele>
      </trkpt>
      <trkpt lat="54.6676514" lon="25.1818338">
        <ele>77</ele>
      </trkpt>
      <trkpt lat="54.6676307" lon="25.1818118">
        <ele>77</ele>
      </trkpt>
      <trkpt lat="54.66761" lon="25.1817903">
        <ele>77</ele>
      </trkpt>
      <trkpt lat="54.6675894" lon="25.1817689">
        <ele>77</ele>
      </trkpt>
      <trkpt lat="54.6675684" lon="25.1817484">
        <ele>77</ele>
      </trkpt>
      <trkpt lat="54.6675475" lon="25.1817279">
        <ele>77</ele>
      </trkpt>
      <trkpt lat="54.6675258" lon="25.1817072">
        <ele>77</ele>
      </trkpt>
      <trkpt lat="54.6675041" lon="25.1816865">
        <ele>77</ele>
      </trkpt>
      <trkpt lat="54.6674828" lon="25.1816661">
        <ele>77</ele>
      </trkpt>
      <trkpt lat="54.6674616" lon="25.1816458">
        <ele>77</ele>
      </trkpt>
      <trkpt lat="54.6674401" lon="25.1816238">
        <ele>77</ele>
      </trkpt>
      <trkpt lat="54.6674187" lon="25.1816019">
        <ele>77</ele>
      </trkpt>
      <trkpt lat="54.6673988" lon="25.18158">
        <ele>77</ele>
      </trkpt>
      <trkpt lat="54.6673789" lon="25.1815581">
        <ele>77</ele>
      </trkpt>
      <trkpt lat="54.6673597" lon="25.1815351">
        <ele>77</ele>
      </trkpt>
      <trkpt lat="54.6673406" lon="25.1815121">
        <ele>77</ele>
      </trkpt>
      <trkpt lat="54.6673215" lon="25.1814891">
        <ele>77</ele>
      </trkpt>
      <trkpt lat="54.6673024" lon="25.1814661">
        <ele>77</ele>
      </trkpt>
      <trkpt lat="54.6672828" lon="25.1814433">
        <ele>77</ele>
      </trkpt>
      <trkpt lat="54.6672633" lon="25.1814206">
        <ele>77</ele>
      </trkpt>
      <trkpt lat="54.6672435" lon="25.1813964">
        <ele>77</ele>
      </trkpt>
      <trkpt lat="54.6672237" lon="25.1813722">
        <ele>77</ele>
      </trkpt>
      <trkpt lat="54.6672053" lon="25.1813467">
        <ele>77</ele>
      </trkpt>
      <trkpt lat="54.6671869" lon="25.1813213">
        <ele>77</ele>
      </trkpt>
      <trkpt lat="54.6671688" lon="25.1812933">
        <ele>77</ele>
      </trkpt>
      <trkpt lat="54.6671507" lon="25.1812653">
        <ele>77</ele>
      </trkpt>
      <trkpt lat="54.6671331" lon="25.1812366">
        <ele>77</ele>
      </trkpt>
      <trkpt lat="54.6671155" lon="25.1812079">
        <ele>77</ele>
      </trkpt>
      <trkpt lat="54.6670964" lon="25.1811798">
        <ele>77</ele>
      </trkpt>
      <trkpt lat="54.6670774" lon="25.1811517">
        <ele>77</ele>
      </trkpt>
      <trkpt lat="54.6670565" lon="25.1811258">
        <ele>77</ele>
      </trkpt>
      <trkpt lat="54.6670356" lon="25.1811">
        <ele>77</ele>
      </trkpt>
      <trkpt lat="54.6670134" lon="25.1810788">
        <ele>77</ele>
      </trkpt>
      <trkpt lat="54.6669912" lon="25.1810577">
        <ele>76</ele>
      </trkpt>
      <trkpt lat="54.666968" lon="25.1810423">
        <ele>76</ele>
      </trkpt>
      <trkpt lat="54.6669449" lon="25.181027">
        <ele>76</ele>
      </trkpt>
      <trkpt lat="54.6669214" lon="25.1810155">
        <ele>76</ele>
      </trkpt>
      <trkpt lat="54.666898" lon="25.1810041">
        <ele>76</ele>
      </trkpt>
      <trkpt lat="54.6668743" lon="25.180992">
        <ele>76</ele>
      </trkpt>
      <trkpt lat="54.6668507" lon="25.18098">
        <ele>76</ele>
      </trkpt>
      <trkpt lat="54.6668297" lon="25.1809629">
        <ele>76</ele>
      </trkpt>
      <trkpt lat="54.6668087" lon="25.1809458">
        <ele>76</ele>
      </trkpt>
      <trkpt lat="54.6667893" lon="25.1809247">
        <ele>77</ele>
      </trkpt>
      <trkpt lat="54.66677" lon="25.1809037">
        <ele>77</ele>
      </trkpt>
      <trkpt lat="54.666752" lon="25.1808748">
        <ele>77</ele>
      </trkpt>
      <trkpt lat="54.6667341" lon="25.180846">
        <ele>77</ele>
      </trkpt>
      <trkpt lat="54.6667173" lon="25.1808148">
        <ele>77</ele>
      </trkpt>
      <trkpt lat="54.6667006" lon="25.1807836">
        <ele>77</ele>
      </trkpt>
      <trkpt lat="54.6666823" lon="25.1807542">
        <ele>77</ele>
      </trkpt>
      <trkpt lat="54.666664" lon="25.1807249">
        <ele>77</ele>
      </trkpt>
      <trkpt lat="54.6666437" lon="25.1807014">
        <ele>77</ele>
      </trkpt>
      <trkpt lat="54.6666235" lon="25.1806779">
        <ele>77</ele>
      </trkpt>
      <trkpt lat="54.6665996" lon="25.1806596">
        <ele>77</ele>
      </trkpt>
      <trkpt lat="54.6665758" lon="25.1806413">
        <ele>77</ele>
      </trkpt>
      <trkpt lat="54.6665525" lon="25.180624">
        <ele>77</ele>
      </trkpt>
      <trkpt lat="54.6665293" lon="25.1806067">
        <ele>77</ele>
      </trkpt>
      <trkpt lat="54.6665091" lon="25.1805876">
        <ele>77</ele>
      </trkpt>
      <trkpt lat="54.6664889" lon="25.1805685">
        <ele>77</ele>
      </trkpt>
      <trkpt lat="54.6664684" lon="25.1805458">
        <ele>77</ele>
      </trkpt>
      <trkpt lat="54.666448" lon="25.1805231">
        <ele>77</ele>
      </trkpt>
      <trkpt lat="54.6664282" lon="25.1804989">
        <ele>77</ele>
      </trkpt>
      <trkpt lat="54.6664084" lon="25.1804748">
        <ele>77</ele>
      </trkpt>
      <trkpt lat="54.6663881" lon="25.1804467">
        <ele>77</ele>
      </trkpt>
      <trkpt lat="54.6663678" lon="25.1804186">
        <ele>77</ele>
      </trkpt>
      <trkpt lat="54.66635" lon="25.1803876">
        <ele>77</ele>
      </trkpt>
      <trkpt lat="54.6663322" lon="25.1803566">
        <ele>77</ele>
      </trkpt>
      <trkpt lat="54.6663168" lon="25.1803248">
        <ele>77</ele>
      </trkpt>
      <trkpt lat="54.6663014" lon="25.180293">
        <ele>77</ele>
      </trkpt>
      <trkpt lat="54.6662854" lon="25.1802639">
        <ele>77</ele>
      </trkpt>
      <trkpt lat="54.6662695" lon="25.1802348">
        <ele>77</ele>
      </trkpt>
      <trkpt lat="54.6662548" lon="25.1802052">
        <ele>77</ele>
      </trkpt>
      <trkpt lat="54.6662402" lon="25.1801756">
        <ele>77</ele>
      </trkpt>
      <trkpt lat="54.6662264" lon="25.180143">
        <ele>77</ele>
      </trkpt>
      <trkpt lat="54.6662126" lon="25.1801104">
        <ele>77</ele>
      </trkpt>
      <trkpt lat="54.6661993" lon="25.1800757">
        <ele>77</ele>
      </trkpt>
      <trkpt lat="54.6661861" lon="25.180041">
        <ele>77</ele>
      </trkpt>
      <trkpt lat="54.6661734" lon="25.180006">
        <ele>77</ele>
      </trkpt>
      <trkpt lat="54.6661608" lon="25.1799711">
        <ele>77</ele>
      </trkpt>
      <trkpt lat="54.6661468" lon="25.1799387">
        <ele>77</ele>
      </trkpt>
      <trkpt lat="54.6661328" lon="25.1799064">
        <ele>77</ele>
      </trkpt>
      <trkpt lat="54.6661176" lon="25.1798757">
        <ele>77</ele>
      </trkpt>
      <trkpt lat="54.6661024" lon="25.179845">
        <ele>77</ele>
      </trkpt>
      <trkpt lat="54.6660873" lon="25.1798133">
        <ele>77</ele>
      </trkpt>
      <trkpt lat="54.6660722" lon="25.1797816">
        <ele>76</ele>
      </trkpt>
      <trkpt lat="54.6660543" lon="25.1797489">
        <ele>76</ele>
      </trkpt>
      <trkpt lat="54.6660365" lon="25.1797163">
        <ele>76</ele>
      </trkpt>
      <trkpt lat="54.6660184" lon="25.1796845">
        <ele>76</ele>
      </trkpt>
      <trkpt lat="54.6660003" lon="25.1796528">
        <ele>76</ele>
      </trkpt>
      <trkpt lat="54.6659843" lon="25.1796217">
        <ele>76</ele>
      </trkpt>
      <trkpt lat="54.6659683" lon="25.1795906">
        <ele>76</ele>
      </trkpt>
      <trkpt lat="54.6659544" lon="25.1795593">
        <ele>76</ele>
      </trkpt>
      <trkpt lat="54.6659405" lon="25.1795281">
        <ele>76</ele>
      </trkpt>
      <trkpt lat="54.6659268" lon="25.1794968">
        <ele>76</ele>
      </trkpt>
      <trkpt lat="54.6659131" lon="25.1794656">
        <ele>76</ele>
      </trkpt>
      <trkpt lat="54.6658974" lon="25.1794344">
        <ele>76</ele>
      </trkpt>
      <trkpt lat="54.6658817" lon="25.1794032">
        <ele>76</ele>
      </trkpt>
      <trkpt lat="54.6658644" lon="25.1793744">
        <ele>76</ele>
      </trkpt>
      <trkpt lat="54.6658472" lon="25.1793457">
        <ele>76</ele>
      </trkpt>
      <trkpt lat="54.6658296" lon="25.1793165">
        <ele>76</ele>
      </trkpt>
      <trkpt lat="54.6658121" lon="25.1792874">
        <ele>76</ele>
      </trkpt>
      <trkpt lat="54.665796" lon="25.1792584">
        <ele>76</ele>
      </trkpt>
      <trkpt lat="54.66578" lon="25.1792295">
        <ele>76</ele>
      </trkpt>
      <trkpt lat="54.6657647" lon="25.1792005">
        <ele>76</ele>
      </trkpt>
      <trkpt lat="54.6657494" lon="25.1791716">
        <ele>76</ele>
      </trkpt>
      <trkpt lat="54.6657336" lon="25.1791435">
        <ele>76</ele>
      </trkpt>
      <trkpt lat="54.6657178" lon="25.1791154">
        <ele>76</ele>
      </trkpt>
      <trkpt lat="54.6657008" lon="25.1790889">
        <ele>76</ele>
      </trkpt>
      <trkpt lat="54.6656839" lon="25.1790624">
        <ele>76</ele>
      </trkpt>
      <trkpt lat="54.6656668" lon="25.1790365">
        <ele>76</ele>
      </trkpt>
      <trkpt lat="54.6656498" lon="25.1790106">
        <ele>76</ele>
      </trkpt>
      <trkpt lat="54.665631" lon="25.1789811">
        <ele>76</ele>
      </trkpt>
      <trkpt lat="54.6656122" lon="25.1789517">
        <ele>76</ele>
      </trkpt>
      <trkpt lat="54.6655935" lon="25.1789213">
        <ele>76</ele>
      </trkpt>
      <trkpt lat="54.6655748" lon="25.178891">
        <ele>76</ele>
      </trkpt>
      <trkpt lat="54.6655592" lon="25.1788638">
        <ele>76</ele>
      </trkpt>
      <trkpt lat="54.6655436" lon="25.1788366">
        <ele>76</ele>
      </trkpt>
      <trkpt lat="54.6655287" lon="25.1788113">
        <ele>76</ele>
      </trkpt>
      <trkpt lat="54.6655139" lon="25.178786">
        <ele>76</ele>
      </trkpt>
      <trkpt lat="54.6654984" lon="25.1787593">
        <ele>76</ele>
      </trkpt>
      <trkpt lat="54.6654829" lon="25.1787327">
        <ele>76</ele>
      </trkpt>
      <trkpt lat="54.6654669" lon="25.1787043">
        <ele>76</ele>
      </trkpt>
      <trkpt lat="54.665451" lon="25.178676">
        <ele>76</ele>
      </trkpt>
      <trkpt lat="54.6654354" lon="25.1786503">
        <ele>76</ele>
      </trkpt>
      <trkpt lat="54.6654198" lon="25.1786247">
        <ele>76</ele>
      </trkpt>
      <trkpt lat="54.6654025" lon="25.1786022">
        <ele>76</ele>
      </trkpt>
      <trkpt lat="54.6653852" lon="25.1785797">
        <ele>76</ele>
      </trkpt>
      <trkpt lat="54.6653678" lon="25.1785575">
        <ele>76</ele>
      </trkpt>
      <trkpt lat="54.6653505" lon="25.1785353">
        <ele>76</ele>
      </trkpt>
      <trkpt lat="54.6653347" lon="25.178512">
        <ele>76</ele>
      </trkpt>
      <trkpt lat="54.665319" lon="25.1784888">
        <ele>76</ele>
      </trkpt>
      <trkpt lat="54.6653032" lon="25.1784648">
        <ele>76</ele>
      </trkpt>
      <trkpt lat="54.6652875" lon="25.1784408">
        <ele>76</ele>
      </trkpt>
      <trkpt lat="54.665271" lon="25.1784147">
        <ele>76</ele>
      </trkpt>
      <trkpt lat="54.6652545" lon="25.1783886">
        <ele>76</ele>
      </trkpt>
      <trkpt lat="54.6652366" lon="25.1783586">
        <ele>76</ele>
      </trkpt>
      <trkpt lat="54.6652188" lon="25.1783286">
        <ele>76</ele>
      </trkpt>
      <trkpt lat="54.6652" lon="25.1782977">
        <ele>76</ele>
      </trkpt>
      <trkpt lat="54.6651813" lon="25.1782668">
        <ele>76</ele>
      </trkpt>
      <trkpt lat="54.6651619" lon="25.1782374">
        <ele>76</ele>
      </trkpt>
      <trkpt lat="54.6651425" lon="25.1782081">
        <ele>76</ele>
      </trkpt>
      <trkpt lat="54.6651236" lon="25.1781793">
        <ele>76</ele>
      </trkpt>
      <trkpt lat="54.6651047" lon="25.1781505">
        <ele>76</ele>
      </trkpt>
      <trkpt lat="54.665086" lon="25.1781234">
        <ele>76</ele>
      </trkpt>
      <trkpt lat="54.6650673" lon="25.1780963">
        <ele>76</ele>
      </trkpt>
      <trkpt lat="54.6650498" lon="25.1780692">
        <ele>76</ele>
      </trkpt>
      <trkpt lat="54.6650323" lon="25.1780421">
        <ele>76</ele>
      </trkpt>
      <trkpt lat="54.6650167" lon="25.1780153">
        <ele>76</ele>
      </trkpt>
      <trkpt lat="54.6650011" lon="25.1779885">
        <ele>76</ele>
      </trkpt>
      <trkpt lat="54.664986" lon="25.1779614">
        <ele>76</ele>
      </trkpt>
      <trkpt lat="54.664971" lon="25.1779344">
        <ele>76</ele>
      </trkpt>
      <trkpt lat="54.6649548" lon="25.1779058">
        <ele>76</ele>
      </trkpt>
      <trkpt lat="54.6649387" lon="25.1778773">
        <ele>76</ele>
      </trkpt>
      <trkpt lat="54.6649222" lon="25.17785">
        <ele>77</ele>
      </trkpt>
      <trkpt lat="54.6649057" lon="25.1778227">
        <ele>77</ele>
      </trkpt>
      <trkpt lat="54.6648888" lon="25.1777949">
        <ele>77</ele>
      </trkpt>
      <trkpt lat="54.6648719" lon="25.1777671">
        <ele>77</ele>
      </trkpt>
      <trkpt lat="54.6648556" lon="25.1777403">
        <ele>77</ele>
      </trkpt>
      <trkpt lat="54.6648393" lon="25.1777136">
        <ele>77</ele>
      </trkpt>
      <trkpt lat="54.6648246" lon="25.1776873">
        <ele>77</ele>
      </trkpt>
      <trkpt lat="54.66481" lon="25.1776611">
        <ele>77</ele>
      </trkpt>
      <trkpt lat="54.6647962" lon="25.1776341">
        <ele>77</ele>
      </trkpt>
      <trkpt lat="54.6647824" lon="25.1776072">
        <ele>77</ele>
      </trkpt>
      <trkpt lat="54.6647694" lon="25.1775814">
        <ele>77</ele>
      </trkpt>
      <trkpt lat="54.6647564" lon="25.1775556">
        <ele>76</ele>
      </trkpt>
      <trkpt lat="54.6647416" lon="25.1775276">
        <ele>76</ele>
      </trkpt>
      <trkpt lat="54.6647268" lon="25.1774996">
        <ele>76</ele>
      </trkpt>
      <trkpt lat="54.6647089" lon="25.1774739">
        <ele>76</ele>
      </trkpt>
      <trkpt lat="54.664691" lon="25.1774482">
        <ele>76</ele>
      </trkpt>
      <trkpt lat="54.6646721" lon="25.1774242">
        <ele>76</ele>
      </trkpt>
      <trkpt lat="54.6646533" lon="25.1774002">
        <ele>76</ele>
      </trkpt>
      <trkpt lat="54.6646335" lon="25.1773737">
        <ele>76</ele>
      </trkpt>
      <trkpt lat="54.6646138" lon="25.1773472">
        <ele>76</ele>
      </trkpt>
      <trkpt lat="54.6645932" lon="25.1773181">
        <ele>76</ele>
      </trkpt>
      <trkpt lat="54.6645727" lon="25.177289">
        <ele>76</ele>
      </trkpt>
      <trkpt lat="54.6645535" lon="25.1772596">
        <ele>76</ele>
      </trkpt>
      <trkpt lat="54.6645344" lon="25.1772303">
        <ele>76</ele>
      </trkpt>
      <trkpt lat="54.6645186" lon="25.1772049">
        <ele>76</ele>
      </trkpt>
      <trkpt lat="54.6645028" lon="25.1771795">
        <ele>76</ele>
      </trkpt>
      <trkpt lat="54.6644884" lon="25.1771565">
        <ele>76</ele>
      </trkpt>
      <trkpt lat="54.664474" lon="25.1771336">
        <ele>76</ele>
      </trkpt>
      <trkpt lat="54.664456" lon="25.1771054">
        <ele>76</ele>
      </trkpt>
      <trkpt lat="54.6644381" lon="25.1770773">
        <ele>76</ele>
      </trkpt>
      <trkpt lat="54.6644143" lon="25.1770442">
        <ele>76</ele>
      </trkpt>
      <trkpt lat="54.6643905" lon="25.1770111">
        <ele>76</ele>
      </trkpt>
      <trkpt lat="54.6643658" lon="25.1769791">
        <ele>76</ele>
      </trkpt>
      <trkpt lat="54.6643411" lon="25.1769471">
        <ele>76</ele>
      </trkpt>
      <trkpt lat="54.6643196" lon="25.1769187">
        <ele>76</ele>
      </trkpt>
      <trkpt lat="54.6642981" lon="25.1768903">
        <ele>76</ele>
      </trkpt>
      <trkpt lat="54.6642796" lon="25.1768648">
        <ele>76</ele>
      </trkpt>
      <trkpt lat="54.6642611" lon="25.1768393">
        <ele>76</ele>
      </trkpt>
      <trkpt lat="54.6642453" lon="25.1768171">
        <ele>76</ele>
      </trkpt>
      <trkpt lat="54.6642295" lon="25.1767949">
        <ele>76</ele>
      </trkpt>
      <trkpt lat="54.664214" lon="25.1767746">
        <ele>76</ele>
      </trkpt>
      <trkpt lat="54.6641986" lon="25.1767543">
        <ele>76</ele>
      </trkpt>
      <trkpt lat="54.6641814" lon="25.1767348">
        <ele>76</ele>
      </trkpt>
      <trkpt lat="54.6641642" lon="25.1767153">
        <ele>76</ele>
      </trkpt>
      <trkpt lat="54.6641438" lon="25.1766949">
        <ele>76</ele>
      </trkpt>
      <trkpt lat="54.6641234" lon="25.1766746">
        <ele>76</ele>
      </trkpt>
      <trkpt lat="54.6641033" lon="25.1766562">
        <ele>75</ele>
      </trkpt>
      <trkpt lat="54.6640832" lon="25.1766378">
        <ele>75</ele>
      </trkpt>
      <trkpt lat="54.664065" lon="25.1766224">
        <ele>75</ele>
      </trkpt>
      <trkpt lat="54.6640468" lon="25.1766071">
        <ele>75</ele>
      </trkpt>
      <trkpt lat="54.6640295" lon="25.1765884">
        <ele>75</ele>
      </trkpt>
      <trkpt lat="54.6640123" lon="25.1765697">
        <ele>75</ele>
      </trkpt>
      <trkpt lat="54.6639951" lon="25.1765437">
        <ele>75</ele>
      </trkpt>
      <trkpt lat="54.6639779" lon="25.1765177">
        <ele>75</ele>
      </trkpt>
      <trkpt lat="54.663959" lon="25.1764911">
        <ele>75</ele>
      </trkpt>
      <trkpt lat="54.6639402" lon="25.1764645">
        <ele>76</ele>
      </trkpt>
      <trkpt lat="54.6639129" lon="25.1764391">
        <ele>75</ele>
      </trkpt>
      <trkpt lat="54.6638856" lon="25.1764138">
        <ele>75</ele>
      </trkpt>
      <trkpt lat="54.6638506" lon="25.1763868">
        <ele>75</ele>
      </trkpt>
      <trkpt lat="54.6638156" lon="25.1763599">
        <ele>75</ele>
      </trkpt>
      <trkpt lat="54.6637811" lon="25.1763351">
        <ele>75</ele>
      </trkpt>
      <trkpt lat="54.6637467" lon="25.1763103">
        <ele>75</ele>
      </trkpt>
      <trkpt lat="54.663717" lon="25.1762923">
        <ele>75</ele>
      </trkpt>
      <trkpt lat="54.6636873" lon="25.1762743">
        <ele>75</ele>
      </trkpt>
      <trkpt lat="54.6636593" lon="25.1762582">
        <ele>75</ele>
      </trkpt>
      <trkpt lat="54.6636314" lon="25.1762422">
        <ele>75</ele>
      </trkpt>
      <trkpt lat="54.6636033" lon="25.1762284">
        <ele>75</ele>
      </trkpt>
      <trkpt lat="54.6635753" lon="25.1762147">
        <ele>75</ele>
      </trkpt>
      <trkpt lat="54.6635467" lon="25.176207">
        <ele>75</ele>
      </trkpt>
      <trkpt lat="54.6635181" lon="25.1761993">
        <ele>75</ele>
      </trkpt>
      <trkpt lat="54.6634896" lon="25.1761976">
        <ele>75</ele>
      </trkpt>
      <trkpt lat="54.6634611" lon="25.1761959">
        <ele>75</ele>
      </trkpt>
      <trkpt lat="54.6634337" lon="25.1761995">
        <ele>75</ele>
      </trkpt>
      <trkpt lat="54.6634063" lon="25.1762032">
        <ele>75</ele>
      </trkpt>
      <trkpt lat="54.6633813" lon="25.1762122">
        <ele>75</ele>
      </trkpt>
      <trkpt lat="54.6633563" lon="25.1762212">
        <ele>75</ele>
      </trkpt>
      <trkpt lat="54.663333" lon="25.1762309">
        <ele>75</ele>
      </trkpt>
      <trkpt lat="54.6633097" lon="25.1762406">
        <ele>75</ele>
      </trkpt>
      <trkpt lat="54.6632876" lon="25.1762461">
        <ele>75</ele>
      </trkpt>
      <trkpt lat="54.6632655" lon="25.1762516">
        <ele>75</ele>
      </trkpt>
      <trkpt lat="54.6632441" lon="25.176253">
        <ele>76</ele>
      </trkpt>
      <trkpt lat="54.6632228" lon="25.1762545">
        <ele>76</ele>
      </trkpt>
      <trkpt lat="54.6632019" lon="25.176258">
        <ele>76</ele>
      </trkpt>
      <trkpt lat="54.663181" lon="25.1762616">
        <ele>76</ele>
      </trkpt>
      <trkpt lat="54.6631599" lon="25.1762694">
        <ele>76</ele>
      </trkpt>
      <trkpt lat="54.6631389" lon="25.1762773">
        <ele>76</ele>
      </trkpt>
      <trkpt lat="54.6631186" lon="25.1762867">
        <ele>76</ele>
      </trkpt>
      <trkpt lat="54.6630983" lon="25.1762961">
        <ele>76</ele>
      </trkpt>
      <trkpt lat="54.6630766" lon="25.1763067">
        <ele>76</ele>
      </trkpt>
      <trkpt lat="54.663055" lon="25.1763174">
        <ele>76</ele>
      </trkpt>
      <trkpt lat="54.6630326" lon="25.1763305">
        <ele>77</ele>
      </trkpt>
      <trkpt lat="54.6630103" lon="25.1763437">
        <ele>77</ele>
      </trkpt>
      <trkpt lat="54.6629864" lon="25.1763575">
        <ele>77</ele>
      </trkpt>
      <trkpt lat="54.6629626" lon="25.1763713">
        <ele>77</ele>
      </trkpt>
      <trkpt lat="54.6629387" lon="25.17638">
        <ele>77</ele>
      </trkpt>
      <trkpt lat="54.6629149" lon="25.1763888">
        <ele>77</ele>
      </trkpt>
      <trkpt lat="54.662892" lon="25.1763944">
        <ele>77</ele>
      </trkpt>
      <trkpt lat="54.6628691" lon="25.1764001">
        <ele>77</ele>
      </trkpt>
      <trkpt lat="54.6628466" lon="25.1764059">
        <ele>77</ele>
      </trkpt>
      <trkpt lat="54.6628242" lon="25.1764118">
        <ele>77</ele>
      </trkpt>
      <trkpt lat="54.6628013" lon="25.1764158">
        <ele>77</ele>
      </trkpt>
      <trkpt lat="54.6627784" lon="25.1764199">
        <ele>77</ele>
      </trkpt>
      <trkpt lat="54.6627561" lon="25.1764203">
        <ele>77</ele>
      </trkpt>
      <trkpt lat="54.6627339" lon="25.1764207">
        <ele>77</ele>
      </trkpt>
      <trkpt lat="54.6627122" lon="25.176419">
        <ele>77</ele>
      </trkpt>
      <trkpt lat="54.6626906" lon="25.1764174">
        <ele>77</ele>
      </trkpt>
      <trkpt lat="54.6626692" lon="25.1764135">
        <ele>77</ele>
      </trkpt>
      <trkpt lat="54.6626478" lon="25.1764096">
        <ele>77</ele>
      </trkpt>
      <trkpt lat="54.6626262" lon="25.1764029">
        <ele>77</ele>
      </trkpt>
      <trkpt lat="54.6626047" lon="25.1763963">
        <ele>77</ele>
      </trkpt>
      <trkpt lat="54.6625847" lon="25.1763903">
        <ele>77</ele>
      </trkpt>
      <trkpt lat="54.6625647" lon="25.1763844">
        <ele>77</ele>
      </trkpt>
      <trkpt lat="54.6625455" lon="25.176382">
        <ele>77</ele>
      </trkpt>
      <trkpt lat="54.6625264" lon="25.1763796">
        <ele>77</ele>
      </trkpt>
      <trkpt lat="54.6625077" lon="25.1763821">
        <ele>77</ele>
      </trkpt>
      <trkpt lat="54.6624891" lon="25.1763847">
        <ele>77</ele>
      </trkpt>
      <trkpt lat="54.6624695" lon="25.1763892">
        <ele>77</ele>
      </trkpt>
      <trkpt lat="54.6624499" lon="25.1763938">
        <ele>77</ele>
      </trkpt>
      <trkpt lat="54.6624289" lon="25.1763986">
        <ele>77</ele>
      </trkpt>
      <trkpt lat="54.662408" lon="25.1764035">
        <ele>77</ele>
      </trkpt>
      <trkpt lat="54.6623874" lon="25.1764076">
        <ele>77</ele>
      </trkpt>
      <trkpt lat="54.6623668" lon="25.1764117">
        <ele>77</ele>
      </trkpt>
      <trkpt lat="54.6623479" lon="25.1764161">
        <ele>77</ele>
      </trkpt>
      <trkpt lat="54.662329" lon="25.1764206">
        <ele>77</ele>
      </trkpt>
      <trkpt lat="54.6623101" lon="25.1764289">
        <ele>77</ele>
      </trkpt>
      <trkpt lat="54.6622912" lon="25.1764373">
        <ele>77</ele>
      </trkpt>
      <trkpt lat="54.6622702" lon="25.1764489">
        <ele>77</ele>
      </trkpt>
      <trkpt lat="54.6622492" lon="25.1764605">
        <ele>77</ele>
      </trkpt>
      <trkpt lat="54.662227" lon="25.1764726">
        <ele>77</ele>
      </trkpt>
      <trkpt lat="54.6622048" lon="25.1764848">
        <ele>77</ele>
      </trkpt>
      <trkpt lat="54.6621809" lon="25.1764966">
        <ele>78</ele>
      </trkpt>
      <trkpt lat="54.6621571" lon="25.1765084">
        <ele>78</ele>
      </trkpt>
      <trkpt lat="54.6621334" lon="25.1765163">
        <ele>78</ele>
      </trkpt>
      <trkpt lat="54.6621097" lon="25.1765243">
        <ele>78</ele>
      </trkpt>
      <trkpt lat="54.6620857" lon="25.1765313">
        <ele>78</ele>
      </trkpt>
      <trkpt lat="54.6620617" lon="25.1765384">
        <ele>78</ele>
      </trkpt>
      <trkpt lat="54.6620383" lon="25.1765445">
        <ele>78</ele>
      </trkpt>
      <trkpt lat="54.6620149" lon="25.1765506">
        <ele>78</ele>
      </trkpt>
      <trkpt lat="54.6619931" lon="25.1765565">
        <ele>78</ele>
      </trkpt>
      <trkpt lat="54.6619713" lon="25.1765624">
        <ele>78</ele>
      </trkpt>
      <trkpt lat="54.661949" lon="25.1765684">
        <ele>78</ele>
      </trkpt>
      <trkpt lat="54.6619267" lon="25.1765744">
        <ele>78</ele>
      </trkpt>
      <trkpt lat="54.6619027" lon="25.1765812">
        <ele>78</ele>
      </trkpt>
      <trkpt lat="54.6618788" lon="25.1765881">
        <ele>78</ele>
      </trkpt>
      <trkpt lat="54.6618549" lon="25.1765942">
        <ele>78</ele>
      </trkpt>
      <trkpt lat="54.6618311" lon="25.1766004">
        <ele>78</ele>
      </trkpt>
      <trkpt lat="54.6618103" lon="25.1766029">
        <ele>78</ele>
      </trkpt>
      <trkpt lat="54.6617895" lon="25.1766054">
        <ele>78</ele>
      </trkpt>
      <trkpt lat="54.6617694" lon="25.176606">
        <ele>78</ele>
      </trkpt>
      <trkpt lat="54.6617494" lon="25.1766067">
        <ele>78</ele>
      </trkpt>
      <trkpt lat="54.6617317" lon="25.1766061">
        <ele>78</ele>
      </trkpt>
      <trkpt lat="54.661714" lon="25.1766056">
        <ele>78</ele>
      </trkpt>
      <trkpt lat="54.6616965" lon="25.1766079">
        <ele>78</ele>
      </trkpt>
      <trkpt lat="54.6616791" lon="25.1766102">
        <ele>78</ele>
      </trkpt>
      <trkpt lat="54.6616593" lon="25.1766178">
        <ele>78</ele>
      </trkpt>
      <trkpt lat="54.6616395" lon="25.1766254">
        <ele>78</ele>
      </trkpt>
      <trkpt lat="54.6616163" lon="25.1766355">
        <ele>78</ele>
      </trkpt>
      <trkpt lat="54.6615932" lon="25.1766456">
        <ele>78</ele>
      </trkpt>
      <trkpt lat="54.6615663" lon="25.1766563">
        <ele>78</ele>
      </trkpt>
      <trkpt lat="54.6615394" lon="25.176667">
        <ele>78</ele>
      </trkpt>
      <trkpt lat="54.6615142" lon="25.1766769">
        <ele>78</ele>
      </trkpt>
      <trkpt lat="54.661489" lon="25.1766868">
        <ele>78</ele>
      </trkpt>
      <trkpt lat="54.6614643" lon="25.176695">
        <ele>78</ele>
      </trkpt>
      <trkpt lat="54.6614396" lon="25.1767033">
        <ele>78</ele>
      </trkpt>
      <trkpt lat="54.661415" lon="25.1767101">
        <ele>78</ele>
      </trkpt>
      <trkpt lat="54.6613905" lon="25.176717">
        <ele>78</ele>
      </trkpt>
      <trkpt lat="54.6613705" lon="25.1767216">
        <ele>78</ele>
      </trkpt>
      <trkpt lat="54.6613506" lon="25.1767262">
        <ele>78</ele>
      </trkpt>
      <trkpt lat="54.6613357" lon="25.1767299">
        <ele>78</ele>
      </trkpt>
      <trkpt lat="54.6613208" lon="25.1767336">
        <ele>78</ele>
      </trkpt>
      <trkpt lat="54.6613057" lon="25.1767383">
        <ele>78</ele>
      </trkpt>
      <trkpt lat="54.6612906" lon="25.1767431">
        <ele>78</ele>
      </trkpt>
      <trkpt lat="54.6612674" lon="25.1767531">
        <ele>78</ele>
      </trkpt>
      <trkpt lat="54.6612443" lon="25.1767632">
        <ele>78</ele>
      </trkpt>
      <trkpt lat="54.6612173" lon="25.1767796">
        <ele>78</ele>
      </trkpt>
      <trkpt lat="54.6611904" lon="25.176796">
        <ele>78</ele>
      </trkpt>
      <trkpt lat="54.6611664" lon="25.1768155">
        <ele>78</ele>
      </trkpt>
      <trkpt lat="54.6611425" lon="25.1768351">
        <ele>78</ele>
      </trkpt>
      <trkpt lat="54.6611209" lon="25.1768541">
        <ele>78</ele>
      </trkpt>
      <trkpt lat="54.6610994" lon="25.1768732">
        <ele>78</ele>
      </trkpt>
      <trkpt lat="54.6610788" lon="25.1768899">
        <ele>78</ele>
      </trkpt>
      <trkpt lat="54.6610583" lon="25.1769067">
        <ele>78</ele>
      </trkpt>
      <trkpt lat="54.6610397" lon="25.1769197">
        <ele>78</ele>
      </trkpt>
      <trkpt lat="54.6610212" lon="25.1769328">
        <ele>78</ele>
      </trkpt>
      <trkpt lat="54.6609986" lon="25.1769488">
        <ele>78</ele>
      </trkpt>
      <trkpt lat="54.660976" lon="25.1769649">
        <ele>79</ele>
      </trkpt>
      <trkpt lat="54.6609467" lon="25.176985">
        <ele>79</ele>
      </trkpt>
      <trkpt lat="54.6609174" lon="25.1770051">
        <ele>79</ele>
      </trkpt>
      <trkpt lat="54.6608878" lon="25.1770201">
        <ele>79</ele>
      </trkpt>
      <trkpt lat="54.6608582" lon="25.1770351">
        <ele>79</ele>
      </trkpt>
      <trkpt lat="54.6608304" lon="25.1770417">
        <ele>79</ele>
      </trkpt>
      <trkpt lat="54.6608026" lon="25.1770484">
        <ele>78</ele>
      </trkpt>
      <trkpt lat="54.6607761" lon="25.1770485">
        <ele>78</ele>
      </trkpt>
      <trkpt lat="54.6607497" lon="25.1770486">
        <ele>77</ele>
      </trkpt>
      <trkpt lat="54.660723" lon="25.1770495">
        <ele>77</ele>
      </trkpt>
      <trkpt lat="54.6606964" lon="25.1770504">
        <ele>77</ele>
      </trkpt>
      <trkpt lat="54.6606697" lon="25.177058">
        <ele>77</ele>
      </trkpt>
      <trkpt lat="54.6606431" lon="25.1770657">
        <ele>77</ele>
      </trkpt>
      <trkpt lat="54.6606169" lon="25.1770769">
        <ele>77</ele>
      </trkpt>
      <trkpt lat="54.6605907" lon="25.1770881">
        <ele>77</ele>
      </trkpt>
      <trkpt lat="54.6605643" lon="25.1771006">
        <ele>77</ele>
      </trkpt>
      <trkpt lat="54.6605379" lon="25.1771131">
        <ele>76</ele>
      </trkpt>
      <trkpt lat="54.6605134" lon="25.1771224">
        <ele>76</ele>
      </trkpt>
      <trkpt lat="54.660489" lon="25.1771317">
        <ele>76</ele>
      </trkpt>
      <trkpt lat="54.6604656" lon="25.1771346">
        <ele>76</ele>
      </trkpt>
      <trkpt lat="54.6604422" lon="25.1771375">
        <ele>76</ele>
      </trkpt>
      <trkpt lat="54.660422" lon="25.1771369">
        <ele>76</ele>
      </trkpt>
      <trkpt lat="54.6604019" lon="25.1771364">
        <ele>76</ele>
      </trkpt>
      <trkpt lat="54.6603848" lon="25.1771374">
        <ele>76</ele>
      </trkpt>
      <trkpt lat="54.6603678" lon="25.1771384">
        <ele>76</ele>
      </trkpt>
      <trkpt lat="54.6603499" lon="25.1771403">
        <ele>76</ele>
      </trkpt>
      <trkpt lat="54.660332" lon="25.1771422">
        <ele>76</ele>
      </trkpt>
      <trkpt lat="54.6603122" lon="25.1771423">
        <ele>76</ele>
      </trkpt>
      <trkpt lat="54.6602925" lon="25.1771424">
        <ele>76</ele>
      </trkpt>
      <trkpt lat="54.6602688" lon="25.1771418">
        <ele>76</ele>
      </trkpt>
      <trkpt lat="54.6602452" lon="25.1771413">
        <ele>76</ele>
      </trkpt>
      <trkpt lat="54.6602182" lon="25.1771406">
        <ele>75</ele>
      </trkpt>
      <trkpt lat="54.6601913" lon="25.17714">
        <ele>75</ele>
      </trkpt>
      <trkpt lat="54.6601615" lon="25.1771396">
        <ele>75</ele>
      </trkpt>
      <trkpt lat="54.6601318" lon="25.1771393">
        <ele>75</ele>
      </trkpt>
      <trkpt lat="54.6600989" lon="25.1771439">
        <ele>75</ele>
      </trkpt>
      <trkpt lat="54.6600661" lon="25.1771485">
        <ele>74</ele>
      </trkpt>
      <trkpt lat="54.6600345" lon="25.1771549">
        <ele>74</ele>
      </trkpt>
      <trkpt lat="54.6600029" lon="25.1771613">
        <ele>74</ele>
      </trkpt>
      <trkpt lat="54.6599758" lon="25.1771645">
        <ele>74</ele>
      </trkpt>
      <trkpt lat="54.6599488" lon="25.1771678">
        <ele>74</ele>
      </trkpt>
      <trkpt lat="54.6599267" lon="25.177166">
        <ele>74</ele>
      </trkpt>
      <trkpt lat="54.6599047" lon="25.1771642">
        <ele>74</ele>
      </trkpt>
      <trkpt lat="54.6598843" lon="25.1771586">
        <ele>74</ele>
      </trkpt>
      <trkpt lat="54.659864" lon="25.177153">
        <ele>74</ele>
      </trkpt>
      <trkpt lat="54.659844" lon="25.1771472">
        <ele>74</ele>
      </trkpt>
      <trkpt lat="54.6598241" lon="25.1771414">
        <ele>74</ele>
      </trkpt>
      <trkpt lat="54.6598026" lon="25.1771356">
        <ele>74</ele>
      </trkpt>
      <trkpt lat="54.6597811" lon="25.1771298">
        <ele>74</ele>
      </trkpt>
      <trkpt lat="54.6597577" lon="25.1771265">
        <ele>74</ele>
      </trkpt>
      <trkpt lat="54.6597343" lon="25.1771232">
        <ele>74</ele>
      </trkpt>
      <trkpt lat="54.659711" lon="25.1771233">
        <ele>74</ele>
      </trkpt>
      <trkpt lat="54.6596877" lon="25.1771234">
        <ele>74</ele>
      </trkpt>
      <trkpt lat="54.6596678" lon="25.1771279">
        <ele>74</ele>
      </trkpt>
      <trkpt lat="54.659648" lon="25.1771324">
        <ele>74</ele>
      </trkpt>
      <trkpt lat="54.6596314" lon="25.1771401">
        <ele>74</ele>
      </trkpt>
      <trkpt lat="54.6596149" lon="25.1771479">
        <ele>74</ele>
      </trkpt>
      <trkpt lat="54.6595957" lon="25.1771597">
        <ele>74</ele>
      </trkpt>
      <trkpt lat="54.6595765" lon="25.1771715">
        <ele>74</ele>
      </trkpt>
      <trkpt lat="54.659554" lon="25.1771846">
        <ele>74</ele>
      </trkpt>
      <trkpt lat="54.6595316" lon="25.1771977">
        <ele>74</ele>
      </trkpt>
      <trkpt lat="54.6595078" lon="25.1772107">
        <ele>74</ele>
      </trkpt>
      <trkpt lat="54.659484" lon="25.1772238">
        <ele>74</ele>
      </trkpt>
      <trkpt lat="54.6594628" lon="25.1772356">
        <ele>74</ele>
      </trkpt>
      <trkpt lat="54.6594416" lon="25.1772475">
        <ele>74</ele>
      </trkpt>
      <trkpt lat="54.6594248" lon="25.1772571">
        <ele>74</ele>
      </trkpt>
      <trkpt lat="54.659408" lon="25.1772667">
        <ele>74</ele>
      </trkpt>
      <trkpt lat="54.6593898" lon="25.1772771">
        <ele>74</ele>
      </trkpt>
      <trkpt lat="54.6593716" lon="25.1772875">
        <ele>74</ele>
      </trkpt>
      <trkpt lat="54.6593488" lon="25.1773022">
        <ele>74</ele>
      </trkpt>
      <trkpt lat="54.6593261" lon="25.1773169">
        <ele>74</ele>
      </trkpt>
      <trkpt lat="54.6593006" lon="25.1773364">
        <ele>74</ele>
      </trkpt>
      <trkpt lat="54.6592751" lon="25.177356">
        <ele>74</ele>
      </trkpt>
      <trkpt lat="54.6592491" lon="25.1773739">
        <ele>74</ele>
      </trkpt>
      <trkpt lat="54.6592231" lon="25.1773918">
        <ele>74</ele>
      </trkpt>
      <trkpt lat="54.6591967" lon="25.1774046">
        <ele>74</ele>
      </trkpt>
      <trkpt lat="54.6591703" lon="25.1774175">
        <ele>74</ele>
      </trkpt>
      <trkpt lat="54.6591442" lon="25.1774278">
        <ele>74</ele>
      </trkpt>
      <trkpt lat="54.6591181" lon="25.1774381">
        <ele>74</ele>
      </trkpt>
      <trkpt lat="54.6590935" lon="25.177449">
        <ele>74</ele>
      </trkpt>
      <trkpt lat="54.659069" lon="25.17746">
        <ele>75</ele>
      </trkpt>
      <trkpt lat="54.6590462" lon="25.1774687">
        <ele>75</ele>
      </trkpt>
      <trkpt lat="54.6590235" lon="25.1774774">
        <ele>75</ele>
      </trkpt>
      <trkpt lat="54.6590023" lon="25.1774833">
        <ele>75</ele>
      </trkpt>
      <trkpt lat="54.6589811" lon="25.1774892">
        <ele>75</ele>
      </trkpt>
      <trkpt lat="54.6589606" lon="25.1774945">
        <ele>75</ele>
      </trkpt>
      <trkpt lat="54.6589401" lon="25.1774999">
        <ele>75</ele>
      </trkpt>
      <trkpt lat="54.658919" lon="25.17751">
        <ele>75</ele>
      </trkpt>
      <trkpt lat="54.6588979" lon="25.1775202">
        <ele>75</ele>
      </trkpt>
      <trkpt lat="54.6588761" lon="25.1775362">
        <ele>75</ele>
      </trkpt>
      <trkpt lat="54.6588543" lon="25.1775523">
        <ele>75</ele>
      </trkpt>
      <trkpt lat="54.6588299" lon="25.1775696">
        <ele>75</ele>
      </trkpt>
      <trkpt lat="54.6588056" lon="25.177587">
        <ele>75</ele>
      </trkpt>
      <trkpt lat="54.658777" lon="25.1776099">
        <ele>75</ele>
      </trkpt>
      <trkpt lat="54.6587485" lon="25.1776328">
        <ele>75</ele>
      </trkpt>
      <trkpt lat="54.6587213" lon="25.1776612">
        <ele>75</ele>
      </trkpt>
      <trkpt lat="54.6586942" lon="25.1776897">
        <ele>75</ele>
      </trkpt>
      <trkpt lat="54.65867" lon="25.1777201">
        <ele>75</ele>
      </trkpt>
      <trkpt lat="54.6586459" lon="25.1777506">
        <ele>75</ele>
      </trkpt>
      <trkpt lat="54.6586259" lon="25.1777818">
        <ele>75</ele>
      </trkpt>
      <trkpt lat="54.658606" lon="25.177813">
        <ele>75</ele>
      </trkpt>
      <trkpt lat="54.6585883" lon="25.177848">
        <ele>75</ele>
      </trkpt>
      <trkpt lat="54.6585706" lon="25.177883">
        <ele>75</ele>
      </trkpt>
      <trkpt lat="54.6585518" lon="25.1779221">
        <ele>75</ele>
      </trkpt>
      <trkpt lat="54.658533" lon="25.1779613">
        <ele>75</ele>
      </trkpt>
      <trkpt lat="54.6585138" lon="25.1779964">
        <ele>76</ele>
      </trkpt>
      <trkpt lat="54.6584946" lon="25.1780315">
        <ele>75</ele>
      </trkpt>
      <trkpt lat="54.6584764" lon="25.1780603">
        <ele>75</ele>
      </trkpt>
      <trkpt lat="54.6584582" lon="25.1780891">
        <ele>75</ele>
      </trkpt>
      <trkpt lat="54.6584394" lon="25.1781146">
        <ele>75</ele>
      </trkpt>
      <trkpt lat="54.6584206" lon="25.1781402">
        <ele>75</ele>
      </trkpt>
      <trkpt lat="54.6584037" lon="25.1781661">
        <ele>75</ele>
      </trkpt>
      <trkpt lat="54.6583869" lon="25.1781921">
        <ele>75</ele>
      </trkpt>
      <trkpt lat="54.6583741" lon="25.1782213">
        <ele>75</ele>
      </trkpt>
      <trkpt lat="54.6583613" lon="25.1782505">
        <ele>75</ele>
      </trkpt>
      <trkpt lat="54.6583502" lon="25.1782839">
        <ele>76</ele>
      </trkpt>
      <trkpt lat="54.6583392" lon="25.1783174">
        <ele>76</ele>
      </trkpt>
      <trkpt lat="54.6583292" lon="25.1783532">
        <ele>76</ele>
      </trkpt>
      <trkpt lat="54.6583192" lon="25.1783891">
        <ele>76</ele>
      </trkpt>
      <trkpt lat="54.6583116" lon="25.1784245">
        <ele>76</ele>
      </trkpt>
      <trkpt lat="54.6583041" lon="25.1784599">
        <ele>76</ele>
      </trkpt>
      <trkpt lat="54.658298" lon="25.1784898">
        <ele>76</ele>
      </trkpt>
      <trkpt lat="54.6582919" lon="25.1785198">
        <ele>76</ele>
      </trkpt>
      <trkpt lat="54.6582864" lon="25.1785467">
        <ele>76</ele>
      </trkpt>
      <trkpt lat="54.658281" lon="25.1785737">
        <ele>76</ele>
      </trkpt>
      <trkpt lat="54.6582763" lon="25.1786015">
        <ele>76</ele>
      </trkpt>
      <trkpt lat="54.6582716" lon="25.1786294">
        <ele>76</ele>
      </trkpt>
      <trkpt lat="54.6582655" lon="25.1786587">
        <ele>76</ele>
      </trkpt>
      <trkpt lat="54.6582595" lon="25.178688">
        <ele>76</ele>
      </trkpt>
      <trkpt lat="54.65825" lon="25.1787233">
        <ele>76</ele>
      </trkpt>
      <trkpt lat="54.6582406" lon="25.1787587">
        <ele>76</ele>
      </trkpt>
      <trkpt lat="54.6582284" lon="25.1788059">
        <ele>76</ele>
      </trkpt>
      <trkpt lat="54.6582162" lon="25.1788531">
        <ele>76</ele>
      </trkpt>
      <trkpt lat="54.6582038" lon="25.1789066">
        <ele>76</ele>
      </trkpt>
      <trkpt lat="54.6581915" lon="25.1789602">
        <ele>76</ele>
      </trkpt>
      <trkpt lat="54.6581822" lon="25.1790078">
        <ele>76</ele>
      </trkpt>
      <trkpt lat="54.6581729" lon="25.1790554">
        <ele>76</ele>
      </trkpt>
      <trkpt lat="54.6581659" lon="25.1790954">
        <ele>76</ele>
      </trkpt>
      <trkpt lat="54.658159" lon="25.1791355">
        <ele>76</ele>
      </trkpt>
      <trkpt lat="54.6581519" lon="25.1791688">
        <ele>76</ele>
      </trkpt>
      <trkpt lat="54.6581449" lon="25.1792021">
        <ele>77</ele>
      </trkpt>
      <trkpt lat="54.6581378" lon="25.1792306">
        <ele>77</ele>
      </trkpt>
      <trkpt lat="54.6581308" lon="25.1792592">
        <ele>77</ele>
      </trkpt>
      <trkpt lat="54.6581229" lon="25.1792922">
        <ele>77</ele>
      </trkpt>
      <trkpt lat="54.658115" lon="25.1793253">
        <ele>77</ele>
      </trkpt>
      <trkpt lat="54.6581068" lon="25.1793637">
        <ele>77</ele>
      </trkpt>
      <trkpt lat="54.6580987" lon="25.1794021">
        <ele>77</ele>
      </trkpt>
      <trkpt lat="54.6580902" lon="25.1794407">
        <ele>77</ele>
      </trkpt>
      <trkpt lat="54.6580817" lon="25.1794793">
        <ele>77</ele>
      </trkpt>
      <trkpt lat="54.6580735" lon="25.1795148">
        <ele>77</ele>
      </trkpt>
      <trkpt lat="54.6580654" lon="25.1795504">
        <ele>77</ele>
      </trkpt>
      <trkpt lat="54.6580617" lon="25.1795861">
        <ele>77</ele>
      </trkpt>
      <trkpt lat="54.658058" lon="25.1796219">
        <ele>77</ele>
      </trkpt>
      <trkpt lat="54.6580594" lon="25.1796599">
        <ele>77</ele>
      </trkpt>
      <trkpt lat="54.6580609" lon="25.1796979">
        <ele>77</ele>
      </trkpt>
      <trkpt lat="54.6580647" lon="25.1797366">
        <ele>77</ele>
      </trkpt>
      <trkpt lat="54.6580686" lon="25.1797753">
        <ele>77</ele>
      </trkpt>
      <trkpt lat="54.6580715" lon="25.1798189">
        <ele>77</ele>
      </trkpt>
      <trkpt lat="54.6580744" lon="25.1798625">
        <ele>77</ele>
      </trkpt>
      <trkpt lat="54.6580748" lon="25.1799091">
        <ele>77</ele>
      </trkpt>
      <trkpt lat="54.6580752" lon="25.1799557">
        <ele>78</ele>
      </trkpt>
      <trkpt lat="54.6580748" lon="25.1799975">
        <ele>78</ele>
      </trkpt>
      <trkpt lat="54.6580745" lon="25.1800394">
        <ele>78</ele>
      </trkpt>
      <trkpt lat="54.6580756" lon="25.1800748">
        <ele>78</ele>
      </trkpt>
      <trkpt lat="54.6580768" lon="25.1801102">
        <ele>78</ele>
      </trkpt>
      <trkpt lat="54.6580768" lon="25.180125">
        <ele>78</ele>
      </trkpt>
      <trkpt lat="54.6580768" lon="25.1801399">
        <ele>78</ele>
      </trkpt>
      <trkpt lat="54.6580739" lon="25.1801562">
        <ele>78</ele>
      </trkpt>
      <trkpt lat="54.658071" lon="25.1801726">
        <ele>78</ele>
      </trkpt>
      <trkpt lat="54.6580653" lon="25.1801887">
        <ele>78</ele>
      </trkpt>
      <trkpt lat="54.6580596" lon="25.1802049">
        <ele>79</ele>
      </trkpt>
      <trkpt lat="54.6580511" lon="25.1802387">
        <ele>79</ele>
      </trkpt>
      <trkpt lat="54.6580426" lon="25.1802726">
        <ele>79</ele>
      </trkpt>
      <trkpt lat="54.6580338" lon="25.180321">
        <ele>79</ele>
      </trkpt>
      <trkpt lat="54.6580251" lon="25.1803694">
        <ele>79</ele>
      </trkpt>
      <trkpt lat="54.6580189" lon="25.1804214">
        <ele>79</ele>
      </trkpt>
      <trkpt lat="54.6580128" lon="25.1804735">
        <ele>79</ele>
      </trkpt>
      <trkpt lat="54.6580083" lon="25.1805177">
        <ele>79</ele>
      </trkpt>
      <trkpt lat="54.6580039" lon="25.180562">
        <ele>79</ele>
      </trkpt>
      <trkpt lat="54.658002" lon="25.1805971">
        <ele>79</ele>
      </trkpt>
      <trkpt lat="54.6580002" lon="25.1806323">
        <ele>79</ele>
      </trkpt>
      <trkpt lat="54.6579997" lon="25.1806645">
        <ele>79</ele>
      </trkpt>
      <trkpt lat="54.6579992" lon="25.1806968">
        <ele>79</ele>
      </trkpt>
      <trkpt lat="54.6579978" lon="25.1807307">
        <ele>79</ele>
      </trkpt>
      <trkpt lat="54.6579964" lon="25.1807647">
        <ele>79</ele>
      </trkpt>
      <trkpt lat="54.6579931" lon="25.1808009">
        <ele>79</ele>
      </trkpt>
      <trkpt lat="54.6579898" lon="25.1808371">
        <ele>79</ele>
      </trkpt>
      <trkpt lat="54.6579887" lon="25.180876">
        <ele>79</ele>
      </trkpt>
      <trkpt lat="54.6579876" lon="25.180915">
        <ele>79</ele>
      </trkpt>
      <trkpt lat="54.6579912" lon="25.1809548">
        <ele>79</ele>
      </trkpt>
      <trkpt lat="54.6579948" lon="25.1809946">
        <ele>80</ele>
      </trkpt>
      <trkpt lat="54.6580016" lon="25.1810336">
        <ele>80</ele>
      </trkpt>
      <trkpt lat="54.6580084" lon="25.1810727">
        <ele>80</ele>
      </trkpt>
      <trkpt lat="54.6580147" lon="25.1811104">
        <ele>80</ele>
      </trkpt>
      <trkpt lat="54.6580211" lon="25.1811481">
        <ele>80</ele>
      </trkpt>
      <trkpt lat="54.6580232" lon="25.1811858">
        <ele>81</ele>
      </trkpt>
      <trkpt lat="54.6580254" lon="25.1812235">
        <ele>81</ele>
      </trkpt>
      <trkpt lat="54.6580266" lon="25.1812566">
        <ele>81</ele>
      </trkpt>
      <trkpt lat="54.6580278" lon="25.1812897">
        <ele>81</ele>
      </trkpt>
      <trkpt lat="54.6580306" lon="25.1813161">
        <ele>81</ele>
      </trkpt>
      <trkpt lat="54.6580334" lon="25.1813425">
        <ele>82</ele>
      </trkpt>
      <trkpt lat="54.6580365" lon="25.1813622">
        <ele>82</ele>
      </trkpt>
      <trkpt lat="54.6580396" lon="25.1813819">
        <ele>82</ele>
      </trkpt>
      <trkpt lat="54.658041" lon="25.1814001">
        <ele>83</ele>
      </trkpt>
      <trkpt lat="54.6580424" lon="25.1814183">
        <ele>83</ele>
      </trkpt>
      <trkpt lat="54.6580417" lon="25.1814385">
        <ele>84</ele>
      </trkpt>
      <trkpt lat="54.658041" lon="25.1814587">
        <ele>84</ele>
      </trkpt>
      <trkpt lat="54.6580403" lon="25.1814796">
        <ele>84</ele>
      </trkpt>
      <trkpt lat="54.6580396" lon="25.1815005">
        <ele>84</ele>
      </trkpt>
      <trkpt lat="54.6580388" lon="25.1815254">
        <ele>84</ele>
      </trkpt>
      <trkpt lat="54.658038" lon="25.1815504">
        <ele>85</ele>
      </trkpt>
      <trkpt lat="54.658035" lon="25.1815846">
        <ele>85</ele>
      </trkpt>
      <trkpt lat="54.6580321" lon="25.1816189">
        <ele>85</ele>
      </trkpt>
      <trkpt lat="54.6580301" lon="25.1816561">
        <ele>85</ele>
      </trkpt>
      <trkpt lat="54.6580282" lon="25.1816934">
        <ele>85</ele>
      </trkpt>
      <trkpt lat="54.6580271" lon="25.1817271">
        <ele>86</ele>
      </trkpt>
      <trkpt lat="54.658026" lon="25.1817609">
        <ele>86</ele>
      </trkpt>
      <trkpt lat="54.6580245" lon="25.1817893">
        <ele>86</ele>
      </trkpt>
      <trkpt lat="54.6580231" lon="25.1818178">
        <ele>86</ele>
      </trkpt>
      <trkpt lat="54.6580202" lon="25.1818448">
        <ele>86</ele>
      </trkpt>
      <trkpt lat="54.6580173" lon="25.1818718">
        <ele>87</ele>
      </trkpt>
      <trkpt lat="54.6580131" lon="25.181904">
        <ele>87</ele>
      </trkpt>
      <trkpt lat="54.6580089" lon="25.1819362">
        <ele>87</ele>
      </trkpt>
      <trkpt lat="54.6580047" lon="25.1819727">
        <ele>87</ele>
      </trkpt>
      <trkpt lat="54.6580005" lon="25.1820092">
        <ele>87</ele>
      </trkpt>
      <trkpt lat="54.6579985" lon="25.1820452">
        <ele>87</ele>
      </trkpt>
      <trkpt lat="54.6579965" lon="25.1820812">
        <ele>87</ele>
      </trkpt>
      <trkpt lat="54.6579961" lon="25.1821158">
        <ele>87</ele>
      </trkpt>
      <trkpt lat="54.6579958" lon="25.1821504">
        <ele>87</ele>
      </trkpt>
      <trkpt lat="54.6579963" lon="25.1821842">
        <ele>87</ele>
      </trkpt>
      <trkpt lat="54.6579968" lon="25.1822181">
        <ele>88</ele>
      </trkpt>
      <trkpt lat="54.6580005" lon="25.1822526">
        <ele>88</ele>
      </trkpt>
      <trkpt lat="54.6580042" lon="25.1822871">
        <ele>88</ele>
      </trkpt>
      <trkpt lat="54.658014" lon="25.1823226">
        <ele>88</ele>
      </trkpt>
      <trkpt lat="54.6580238" lon="25.1823582">
        <ele>88</ele>
      </trkpt>
      <trkpt lat="54.6580337" lon="25.1823936">
        <ele>89</ele>
      </trkpt>
      <trkpt lat="54.6580436" lon="25.182429">
        <ele>89</ele>
      </trkpt>
      <trkpt lat="54.658048" lon="25.1824679">
        <ele>89</ele>
      </trkpt>
      <trkpt lat="54.6580525" lon="25.1825068">
        <ele>89</ele>
      </trkpt>
      <trkpt lat="54.6580524" lon="25.1825462">
        <ele>89</ele>
      </trkpt>
      <trkpt lat="54.6580523" lon="25.1825857">
        <ele>89</ele>
      </trkpt>
      <trkpt lat="54.6580518" lon="25.1826227">
        <ele>89</ele>
      </trkpt>
      <trkpt lat="54.6580514" lon="25.1826597">
        <ele>89</ele>
      </trkpt>
      <trkpt lat="54.6580514" lon="25.1826956">
        <ele>89</ele>
      </trkpt>
      <trkpt lat="54.6580515" lon="25.1827315">
        <ele>89</ele>
      </trkpt>
      <trkpt lat="54.6580507" lon="25.1827702">
        <ele>89</ele>
      </trkpt>
      <trkpt lat="54.6580499" lon="25.182809">
        <ele>89</ele>
      </trkpt>
      <trkpt lat="54.6580493" lon="25.182849">
        <ele>89</ele>
      </trkpt>
      <trkpt lat="54.6580487" lon="25.1828891">
        <ele>89</ele>
      </trkpt>
      <trkpt lat="54.6580484" lon="25.1829296">
        <ele>89</ele>
      </trkpt>
      <trkpt lat="54.6580482" lon="25.1829702">
        <ele>90</ele>
      </trkpt>
      <trkpt lat="54.6580483" lon="25.1830178">
        <ele>90</ele>
      </trkpt>
      <trkpt lat="54.6580484" lon="25.1830654">
        <ele>90</ele>
      </trkpt>
      <trkpt lat="54.6580502" lon="25.1831135">
        <ele>90</ele>
      </trkpt>
      <trkpt lat="54.658052" lon="25.1831616">
        <ele>90</ele>
      </trkpt>
      <trkpt lat="54.6580551" lon="25.183205">
        <ele>90</ele>
      </trkpt>
      <trkpt lat="54.6580583" lon="25.1832485">
        <ele>90</ele>
      </trkpt>
      <trkpt lat="54.6580636" lon="25.1832879">
        <ele>90</ele>
      </trkpt>
      <trkpt lat="54.6580689" lon="25.1833273">
        <ele>90</ele>
      </trkpt>
      <trkpt lat="54.6580765" lon="25.1833646">
        <ele>90</ele>
      </trkpt>
      <trkpt lat="54.6580842" lon="25.1834019">
        <ele>90</ele>
      </trkpt>
      <trkpt lat="54.6580905" lon="25.1834395">
        <ele>90</ele>
      </trkpt>
      <trkpt lat="54.6580968" lon="25.1834771">
        <ele>90</ele>
      </trkpt>
      <trkpt lat="54.6581" lon="25.1835169">
        <ele>90</ele>
      </trkpt>
      <trkpt lat="54.6581032" lon="25.1835568">
        <ele>90</ele>
      </trkpt>
      <trkpt lat="54.6581066" lon="25.1835987">
        <ele>90</ele>
      </trkpt>
      <trkpt lat="54.6581101" lon="25.1836406">
        <ele>90</ele>
      </trkpt>
      <trkpt lat="54.6581157" lon="25.1836835">
        <ele>90</ele>
      </trkpt>
      <trkpt lat="54.6581214" lon="25.1837265">
        <ele>90</ele>
      </trkpt>
      <trkpt lat="54.6581283" lon="25.1837684">
        <ele>90</ele>
      </trkpt>
      <trkpt lat="54.6581352" lon="25.1838104">
        <ele>91</ele>
      </trkpt>
      <trkpt lat="54.6581422" lon="25.1838517">
        <ele>91</ele>
      </trkpt>
      <trkpt lat="54.6581493" lon="25.183893">
        <ele>91</ele>
      </trkpt>
      <trkpt lat="54.6581539" lon="25.1839336">
        <ele>91</ele>
      </trkpt>
      <trkpt lat="54.6581585" lon="25.1839742">
        <ele>91</ele>
      </trkpt>
      <trkpt lat="54.6581611" lon="25.1840141">
        <ele>91</ele>
      </trkpt>
      <trkpt lat="54.6581637" lon="25.184054">
        <ele>91</ele>
      </trkpt>
      <trkpt lat="54.6581658" lon="25.1840948">
        <ele>91</ele>
      </trkpt>
      <trkpt lat="54.658168" lon="25.1841356">
        <ele>91</ele>
      </trkpt>
      <trkpt lat="54.6581685" lon="25.1841758">
        <ele>91</ele>
      </trkpt>
      <trkpt lat="54.6581691" lon="25.184216">
        <ele>91</ele>
      </trkpt>
      <trkpt lat="54.6581693" lon="25.1842535">
        <ele>91</ele>
      </trkpt>
      <trkpt lat="54.6581695" lon="25.184291">
        <ele>91</ele>
      </trkpt>
      <trkpt lat="54.6581682" lon="25.1843283">
        <ele>91</ele>
      </trkpt>
      <trkpt lat="54.658167" lon="25.1843656">
        <ele>91</ele>
      </trkpt>
      <trkpt lat="54.6581656" lon="25.1844045">
        <ele>91</ele>
      </trkpt>
      <trkpt lat="54.6581643" lon="25.1844435">
        <ele>91</ele>
      </trkpt>
      <trkpt lat="54.6581613" lon="25.1844841">
        <ele>91</ele>
      </trkpt>
      <trkpt lat="54.6581584" lon="25.1845248">
        <ele>91</ele>
      </trkpt>
      <trkpt lat="54.6581543" lon="25.1845649">
        <ele>91</ele>
      </trkpt>
      <trkpt lat="54.6581502" lon="25.184605">
        <ele>91</ele>
      </trkpt>
      <trkpt lat="54.6581467" lon="25.184645">
        <ele>91</ele>
      </trkpt>
      <trkpt lat="54.6581432" lon="25.184685">
        <ele>91</ele>
      </trkpt>
      <trkpt lat="54.6581404" lon="25.1847261">
        <ele>91</ele>
      </trkpt>
      <trkpt lat="54.6581376" lon="25.1847672">
        <ele>91</ele>
      </trkpt>
      <trkpt lat="54.6581361" lon="25.1848077">
        <ele>91</ele>
      </trkpt>
      <trkpt lat="54.6581346" lon="25.1848482">
        <ele>91</ele>
      </trkpt>
      <trkpt lat="54.6581357" lon="25.1848884">
        <ele>91</ele>
      </trkpt>
      <trkpt lat="54.6581368" lon="25.1849286">
        <ele>91</ele>
      </trkpt>
      <trkpt lat="54.6581404" lon="25.1849704">
        <ele>91</ele>
      </trkpt>
      <trkpt lat="54.6581441" lon="25.1850122">
        <ele>91</ele>
      </trkpt>
      <trkpt lat="54.6581502" lon="25.1850509">
        <ele>91</ele>
      </trkpt>
      <trkpt lat="54.6581563" lon="25.1850896">
        <ele>91</ele>
      </trkpt>
      <trkpt lat="54.6581628" lon="25.1851298">
        <ele>91</ele>
      </trkpt>
      <trkpt lat="54.6581693" lon="25.18517">
        <ele>91</ele>
      </trkpt>
      <trkpt lat="54.6581725" lon="25.1852126">
        <ele>91</ele>
      </trkpt>
      <trkpt lat="54.6581757" lon="25.1852553">
        <ele>91</ele>
      </trkpt>
      <trkpt lat="54.6581744" lon="25.1852964">
        <ele>91</ele>
      </trkpt>
      <trkpt lat="54.6581732" lon="25.1853375">
        <ele>91</ele>
      </trkpt>
      <trkpt lat="54.6581693" lon="25.1853789">
        <ele>91</ele>
      </trkpt>
      <trkpt lat="54.6581655" lon="25.1854203">
        <ele>91</ele>
      </trkpt>
      <trkpt lat="54.6581619" lon="25.1854606">
        <ele>91</ele>
      </trkpt>
      <trkpt lat="54.6581584" lon="25.1855009">
        <ele>91</ele>
      </trkpt>
      <trkpt lat="54.6581574" lon="25.1855386">
        <ele>91</ele>
      </trkpt>
      <trkpt lat="54.6581564" lon="25.1855763">
        <ele>91</ele>
      </trkpt>
      <trkpt lat="54.6581585" lon="25.1856104">
        <ele>91</ele>
      </trkpt>
      <trkpt lat="54.6581607" lon="25.1856446">
        <ele>91</ele>
      </trkpt>
      <trkpt lat="54.658167" lon="25.1856782">
        <ele>91</ele>
      </trkpt>
      <trkpt lat="54.6581734" lon="25.1857118">
        <ele>91</ele>
      </trkpt>
      <trkpt lat="54.6581862" lon="25.1857451">
        <ele>91</ele>
      </trkpt>
      <trkpt lat="54.658199" lon="25.1857784">
        <ele>91</ele>
      </trkpt>
      <trkpt lat="54.6582178" lon="25.1858101">
        <ele>91</ele>
      </trkpt>
      <trkpt lat="54.6582366" lon="25.1858418">
        <ele>91</ele>
      </trkpt>
      <trkpt lat="54.6582561" lon="25.1858772">
        <ele>91</ele>
      </trkpt>
      <trkpt lat="54.6582756" lon="25.1859127">
        <ele>91</ele>
      </trkpt>
      <trkpt lat="54.6582934" lon="25.1859486">
        <ele>92</ele>
      </trkpt>
      <trkpt lat="54.6583112" lon="25.1859845">
        <ele>92</ele>
      </trkpt>
      <trkpt lat="54.6583309" lon="25.1860186">
        <ele>92</ele>
      </trkpt>
      <trkpt lat="54.6583506" lon="25.1860527">
        <ele>92</ele>
      </trkpt>
      <trkpt lat="54.6583686" lon="25.186086">
        <ele>92</ele>
      </trkpt>
      <trkpt lat="54.6583867" lon="25.1861194">
        <ele>92</ele>
      </trkpt>
      <trkpt lat="54.6584" lon="25.1861526">
        <ele>92</ele>
      </trkpt>
      <trkpt lat="54.6584133" lon="25.1861858">
        <ele>92</ele>
      </trkpt>
      <trkpt lat="54.6584246" lon="25.1862179">
        <ele>92</ele>
      </trkpt>
      <trkpt lat="54.6584359" lon="25.18625">
        <ele>92</ele>
      </trkpt>
      <trkpt lat="54.6584473" lon="25.1862843">
        <ele>92</ele>
      </trkpt>
      <trkpt lat="54.6584587" lon="25.1863187">
        <ele>91</ele>
      </trkpt>
      <trkpt lat="54.6584647" lon="25.1863525">
        <ele>91</ele>
      </trkpt>
      <trkpt lat="54.6584707" lon="25.1863864">
        <ele>91</ele>
      </trkpt>
      <trkpt lat="54.6584617" lon="25.1864124">
        <ele>91</ele>
      </trkpt>
      <trkpt lat="54.6584527" lon="25.1864384">
        <ele>91</ele>
      </trkpt>
      <trkpt lat="54.6584304" lon="25.1864538">
        <ele>90</ele>
      </trkpt>
      <trkpt lat="54.6584081" lon="25.1864693">
        <ele>90</ele>
      </trkpt>
      <trkpt lat="54.6583788" lon="25.1864743">
        <ele>90</ele>
      </trkpt>
      <trkpt lat="54.6583495" lon="25.1864794">
        <ele>90</ele>
      </trkpt>
      <trkpt lat="54.6583199" lon="25.186479">
        <ele>90</ele>
      </trkpt>
      <trkpt lat="54.6582904" lon="25.1864786">
        <ele>89</ele>
      </trkpt>
      <trkpt lat="54.6582617" lon="25.1864789">
        <ele>89</ele>
      </trkpt>
      <trkpt lat="54.658233" lon="25.1864793">
        <ele>88</ele>
      </trkpt>
      <trkpt lat="54.6582063" lon="25.1864833">
        <ele>88</ele>
      </trkpt>
      <trkpt lat="54.6581796" lon="25.1864874">
        <ele>88</ele>
      </trkpt>
      <trkpt lat="54.6581514" lon="25.1864946">
        <ele>87</ele>
      </trkpt>
      <trkpt lat="54.6581233" lon="25.1865019">
        <ele>86</ele>
      </trkpt>
      <trkpt lat="54.6580964" lon="25.1865116">
        <ele>86</ele>
      </trkpt>
      <trkpt lat="54.6580695" lon="25.1865214">
        <ele>85</ele>
      </trkpt>
      <trkpt lat="54.6580457" lon="25.1865328">
        <ele>85</ele>
      </trkpt>
      <trkpt lat="54.6580219" lon="25.1865443">
        <ele>84</ele>
      </trkpt>
      <trkpt lat="54.6580007" lon="25.1865538">
        <ele>84</ele>
      </trkpt>
      <trkpt lat="54.6579795" lon="25.1865633">
        <ele>84</ele>
      </trkpt>
      <trkpt lat="54.6579585" lon="25.1865701">
        <ele>84</ele>
      </trkpt>
      <trkpt lat="54.6579376" lon="25.1865769">
        <ele>84</ele>
      </trkpt>
      <trkpt lat="54.6579172" lon="25.1865839">
        <ele>83</ele>
      </trkpt>
      <trkpt lat="54.6578969" lon="25.186591">
        <ele>82</ele>
      </trkpt>
      <trkpt lat="54.6578751" lon="25.1865995">
        <ele>82</ele>
      </trkpt>
      <trkpt lat="54.6578534" lon="25.186608">
        <ele>81</ele>
      </trkpt>
      <trkpt lat="54.6578331" lon="25.1866154">
        <ele>81</ele>
      </trkpt>
      <trkpt lat="54.6578128" lon="25.1866228">
        <ele>80</ele>
      </trkpt>
      <trkpt lat="54.6577937" lon="25.1866271">
        <ele>80</ele>
      </trkpt>
      <trkpt lat="54.6577746" lon="25.1866315">
        <ele>79</ele>
      </trkpt>
      <trkpt lat="54.6577553" lon="25.1866342">
        <ele>79</ele>
      </trkpt>
      <trkpt lat="54.657736" lon="25.1866369">
        <ele>79</ele>
      </trkpt>
      <trkpt lat="54.6577177" lon="25.1866379">
        <ele>78</ele>
      </trkpt>
      <trkpt lat="54.6576994" lon="25.186639">
        <ele>77</ele>
      </trkpt>
      <trkpt lat="54.6576865" lon="25.1866425">
        <ele>77</ele>
      </trkpt>
      <trkpt lat="54.6576736" lon="25.186646">
        <ele>76</ele>
      </trkpt>
      <trkpt lat="54.6576643" lon="25.1866614">
        <ele>76</ele>
      </trkpt>
      <trkpt lat="54.657655" lon="25.1866768">
        <ele>75</ele>
      </trkpt>
      <trkpt lat="54.6576474" lon="25.1867057">
        <ele>75</ele>
      </trkpt>
      <trkpt lat="54.6576398" lon="25.1867347">
        <ele>74</ele>
      </trkpt>
      <trkpt lat="54.6576353" lon="25.1867719">
        <ele>74</ele>
      </trkpt>
      <trkpt lat="54.6576308" lon="25.1868091">
        <ele>74</ele>
      </trkpt>
      <trkpt lat="54.6576307" lon="25.1868483">
        <ele>74</ele>
      </trkpt>
      <trkpt lat="54.6576307" lon="25.1868876">
        <ele>74</ele>
      </trkpt>
      <trkpt lat="54.6576318" lon="25.1869298">
        <ele>74</ele>
      </trkpt>
      <trkpt lat="54.6576329" lon="25.1869721">
        <ele>74</ele>
      </trkpt>
      <trkpt lat="54.6576319" lon="25.1870131">
        <ele>74</ele>
      </trkpt>
      <trkpt lat="54.6576309" lon="25.1870542">
        <ele>74</ele>
      </trkpt>
      <trkpt lat="54.6576284" lon="25.18709">
        <ele>74</ele>
      </trkpt>
      <trkpt lat="54.657626" lon="25.1871258">
        <ele>74</ele>
      </trkpt>
      <trkpt lat="54.6576213" lon="25.1871517">
        <ele>74</ele>
      </trkpt>
      <trkpt lat="54.6576167" lon="25.1871777">
        <ele>74</ele>
      </trkpt>
      <trkpt lat="54.6576112" lon="25.1871928">
        <ele>73</ele>
      </trkpt>
      <trkpt lat="54.6576057" lon="25.187208">
        <ele>73</ele>
      </trkpt>
      <trkpt lat="54.6576026" lon="25.1872214">
        <ele>73</ele>
      </trkpt>
      <trkpt lat="54.6575996" lon="25.1872348">
        <ele>73</ele>
      </trkpt>
      <trkpt lat="54.657599" lon="25.1872513">
        <ele>73</ele>
      </trkpt>
      <trkpt lat="54.6575984" lon="25.1872678">
        <ele>73</ele>
      </trkpt>
      <trkpt lat="54.6575974" lon="25.1872898">
        <ele>73</ele>
      </trkpt>
      <trkpt lat="54.6575964" lon="25.1873119">
        <ele>73</ele>
      </trkpt>
      <trkpt lat="54.6575929" lon="25.1873388">
        <ele>73</ele>
      </trkpt>
      <trkpt lat="54.6575894" lon="25.1873657">
        <ele>74</ele>
      </trkpt>
      <trkpt lat="54.6575839" lon="25.1873946">
        <ele>74</ele>
      </trkpt>
      <trkpt lat="54.6575784" lon="25.1874235">
        <ele>74</ele>
      </trkpt>
      <trkpt lat="54.6575718" lon="25.187455">
        <ele>74</ele>
      </trkpt>
      <trkpt lat="54.6575652" lon="25.1874866">
        <ele>74</ele>
      </trkpt>
      <trkpt lat="54.65756" lon="25.1875201">
        <ele>74</ele>
      </trkpt>
      <trkpt lat="54.6575549" lon="25.1875536">
        <ele>73</ele>
      </trkpt>
      <trkpt lat="54.6575486" lon="25.1875854">
        <ele>73</ele>
      </trkpt>
      <trkpt lat="54.6575424" lon="25.1876173">
        <ele>73</ele>
      </trkpt>
      <trkpt lat="54.6575326" lon="25.1876526">
        <ele>73</ele>
      </trkpt>
      <trkpt lat="54.6575228" lon="25.1876879">
        <ele>73</ele>
      </trkpt>
      <trkpt lat="54.6575125" lon="25.1877282">
        <ele>73</ele>
      </trkpt>
      <trkpt lat="54.6575023" lon="25.1877685">
        <ele>73</ele>
      </trkpt>
      <trkpt lat="54.6574937" lon="25.1878143">
        <ele>73</ele>
      </trkpt>
      <trkpt lat="54.6574852" lon="25.1878602">
        <ele>73</ele>
      </trkpt>
      <trkpt lat="54.6574818" lon="25.1879046">
        <ele>73</ele>
      </trkpt>
      <trkpt lat="54.6574784" lon="25.187949">
        <ele>73</ele>
      </trkpt>
      <trkpt lat="54.6574763" lon="25.1879897">
        <ele>73</ele>
      </trkpt>
      <trkpt lat="54.6574742" lon="25.1880305">
        <ele>73</ele>
      </trkpt>
      <trkpt lat="54.6574694" lon="25.1880684">
        <ele>73</ele>
      </trkpt>
      <trkpt lat="54.6574646" lon="25.1881064">
        <ele>73</ele>
      </trkpt>
      <trkpt lat="54.6574542" lon="25.1881439">
        <ele>73</ele>
      </trkpt>
      <trkpt lat="54.6574438" lon="25.1881815">
        <ele>73</ele>
      </trkpt>
      <trkpt lat="54.6574291" lon="25.1882215">
        <ele>73</ele>
      </trkpt>
      <trkpt lat="54.6574144" lon="25.1882615">
        <ele>73</ele>
      </trkpt>
      <trkpt lat="54.6574004" lon="25.1883041">
        <ele>74</ele>
      </trkpt>
      <trkpt lat="54.6573865" lon="25.1883467">
        <ele>73</ele>
      </trkpt>
      <trkpt lat="54.657375" lon="25.1883885">
        <ele>73</ele>
      </trkpt>
      <trkpt lat="54.6573635" lon="25.1884303">
        <ele>73</ele>
      </trkpt>
      <trkpt lat="54.6573554" lon="25.1884694">
        <ele>73</ele>
      </trkpt>
      <trkpt lat="54.6573473" lon="25.1885085">
        <ele>73</ele>
      </trkpt>
      <trkpt lat="54.657339" lon="25.1885402">
        <ele>73</ele>
      </trkpt>
      <trkpt lat="54.6573307" lon="25.1885719">
        <ele>73</ele>
      </trkpt>
      <trkpt lat="54.6573224" lon="25.1885987">
        <ele>73</ele>
      </trkpt>
      <trkpt lat="54.6573141" lon="25.1886255">
        <ele>73</ele>
      </trkpt>
      <trkpt lat="54.6573042" lon="25.1886629">
        <ele>74</ele>
      </trkpt>
      <trkpt lat="54.6572944" lon="25.1887004">
        <ele>73</ele>
      </trkpt>
      <trkpt lat="54.6572841" lon="25.1887483">
        <ele>73</ele>
      </trkpt>
      <trkpt lat="54.6572738" lon="25.1887962">
        <ele>73</ele>
      </trkpt>
      <trkpt lat="54.6572619" lon="25.1888473">
        <ele>73</ele>
      </trkpt>
      <trkpt lat="54.6572501" lon="25.1888984">
        <ele>73</ele>
      </trkpt>
      <trkpt lat="54.6572383" lon="25.1889445">
        <ele>73</ele>
      </trkpt>
      <trkpt lat="54.6572266" lon="25.1889907">
        <ele>73</ele>
      </trkpt>
      <trkpt lat="54.6572162" lon="25.1890309">
        <ele>73</ele>
      </trkpt>
      <trkpt lat="54.6572058" lon="25.1890711">
        <ele>73</ele>
      </trkpt>
      <trkpt lat="54.6571954" lon="25.1891064">
        <ele>73</ele>
      </trkpt>
      <trkpt lat="54.6571851" lon="25.1891417">
        <ele>73</ele>
      </trkpt>
      <trkpt lat="54.6571734" lon="25.189174">
        <ele>73</ele>
      </trkpt>
      <trkpt lat="54.6571617" lon="25.1892063">
        <ele>73</ele>
      </trkpt>
      <trkpt lat="54.6571483" lon="25.1892385">
        <ele>73</ele>
      </trkpt>
      <trkpt lat="54.6571349" lon="25.1892707">
        <ele>73</ele>
      </trkpt>
      <trkpt lat="54.6571239" lon="25.1893053">
        <ele>73</ele>
      </trkpt>
      <trkpt lat="54.657113" lon="25.1893399">
        <ele>73</ele>
      </trkpt>
      <trkpt lat="54.6571066" lon="25.1893778">
        <ele>73</ele>
      </trkpt>
      <trkpt lat="54.6571002" lon="25.1894158">
        <ele>73</ele>
      </trkpt>
      <trkpt lat="54.6570964" lon="25.189457">
        <ele>73</ele>
      </trkpt>
      <trkpt lat="54.6570927" lon="25.1894983">
        <ele>73</ele>
      </trkpt>
      <trkpt lat="54.657088" lon="25.1895381">
        <ele>73</ele>
      </trkpt>
      <trkpt lat="54.6570833" lon="25.189578">
        <ele>73</ele>
      </trkpt>
      <trkpt lat="54.6570762" lon="25.1896157">
        <ele>73</ele>
      </trkpt>
      <trkpt lat="54.6570691" lon="25.1896535">
        <ele>74</ele>
      </trkpt>
      <trkpt lat="54.6570602" lon="25.1896925">
        <ele>74</ele>
      </trkpt>
      <trkpt lat="54.6570513" lon="25.1897315">
        <ele>74</ele>
      </trkpt>
      <trkpt lat="54.6570437" lon="25.1897726">
        <ele>74</ele>
      </trkpt>
      <trkpt lat="54.6570361" lon="25.1898138">
        <ele>74</ele>
      </trkpt>
      <trkpt lat="54.657032" lon="25.1898547">
        <ele>74</ele>
      </trkpt>
      <trkpt lat="54.657028" lon="25.1898957">
        <ele>74</ele>
      </trkpt>
      <trkpt lat="54.6570231" lon="25.1899303">
        <ele>74</ele>
      </trkpt>
      <trkpt lat="54.6570183" lon="25.189965">
        <ele>74</ele>
      </trkpt>
      <trkpt lat="54.6570094" lon="25.1899949">
        <ele>74</ele>
      </trkpt>
      <trkpt lat="54.6570005" lon="25.1900249">
        <ele>74</ele>
      </trkpt>
      <trkpt lat="54.656989" lon="25.1900522">
        <ele>73</ele>
      </trkpt>
      <trkpt lat="54.6569775" lon="25.1900796">
        <ele>73</ele>
      </trkpt>
      <trkpt lat="54.6569609" lon="25.1901102">
        <ele>73</ele>
      </trkpt>
      <trkpt lat="54.6569444" lon="25.1901409">
        <ele>73</ele>
      </trkpt>
      <trkpt lat="54.656928" lon="25.1901753">
        <ele>73</ele>
      </trkpt>
      <trkpt lat="54.6569116" lon="25.1902097">
        <ele>73</ele>
      </trkpt>
      <trkpt lat="54.6568976" lon="25.1902462">
        <ele>73</ele>
      </trkpt>
      <trkpt lat="54.6568837" lon="25.1902827">
        <ele>73</ele>
      </trkpt>
      <trkpt lat="54.6568703" lon="25.1903192">
        <ele>73</ele>
      </trkpt>
      <trkpt lat="54.656857" lon="25.1903558">
        <ele>73</ele>
      </trkpt>
      <trkpt lat="54.6568434" lon="25.1903926">
        <ele>73</ele>
      </trkpt>
      <trkpt lat="54.6568299" lon="25.1904295">
        <ele>73</ele>
      </trkpt>
      <trkpt lat="54.656819" lon="25.1904643">
        <ele>73</ele>
      </trkpt>
      <trkpt lat="54.6568081" lon="25.1904991">
        <ele>73</ele>
      </trkpt>
      <trkpt lat="54.6567974" lon="25.1905323">
        <ele>73</ele>
      </trkpt>
      <trkpt lat="54.6567867" lon="25.1905655">
        <ele>73</ele>
      </trkpt>
      <trkpt lat="54.6567724" lon="25.1905954">
        <ele>73</ele>
      </trkpt>
      <trkpt lat="54.6567582" lon="25.1906253">
        <ele>73</ele>
      </trkpt>
      <trkpt lat="54.6567408" lon="25.1906501">
        <ele>73</ele>
      </trkpt>
      <trkpt lat="54.6567234" lon="25.1906749">
        <ele>74</ele>
      </trkpt>
      <trkpt lat="54.6567053" lon="25.1906978">
        <ele>74</ele>
      </trkpt>
      <trkpt lat="54.6566872" lon="25.1907208">
        <ele>74</ele>
      </trkpt>
      <trkpt lat="54.6566658" lon="25.190748">
        <ele>74</ele>
      </trkpt>
      <trkpt lat="54.6566445" lon="25.1907752">
        <ele>74</ele>
      </trkpt>
      <trkpt lat="54.6566182" lon="25.1908095">
        <ele>74</ele>
      </trkpt>
      <trkpt lat="54.656592" lon="25.1908439">
        <ele>73</ele>
      </trkpt>
      <trkpt lat="54.6565661" lon="25.1908784">
        <ele>73</ele>
      </trkpt>
      <trkpt lat="54.6565402" lon="25.1909129">
        <ele>73</ele>
      </trkpt>
      <trkpt lat="54.6565179" lon="25.1909365">
        <ele>73</ele>
      </trkpt>
      <trkpt lat="54.6564956" lon="25.1909601">
        <ele>73</ele>
      </trkpt>
      <trkpt lat="54.6564756" lon="25.190976">
        <ele>73</ele>
      </trkpt>
      <trkpt lat="54.6564557" lon="25.190992">
        <ele>73</ele>
      </trkpt>
      <trkpt lat="54.6564372" lon="25.1910102">
        <ele>73</ele>
      </trkpt>
      <trkpt lat="54.6564188" lon="25.1910284">
        <ele>73</ele>
      </trkpt>
      <trkpt lat="54.6564008" lon="25.19105">
        <ele>73</ele>
      </trkpt>
      <trkpt lat="54.6563829" lon="25.1910716">
        <ele>73</ele>
      </trkpt>
      <trkpt lat="54.6563653" lon="25.1910962">
        <ele>73</ele>
      </trkpt>
      <trkpt lat="54.6563477" lon="25.1911209">
        <ele>73</ele>
      </trkpt>
      <trkpt lat="54.6563292" lon="25.191147">
        <ele>73</ele>
      </trkpt>
      <trkpt lat="54.6563108" lon="25.1911731">
        <ele>73</ele>
      </trkpt>
      <trkpt lat="54.6562908" lon="25.1911978">
        <ele>73</ele>
      </trkpt>
      <trkpt lat="54.6562709" lon="25.1912225">
        <ele>73</ele>
      </trkpt>
      <trkpt lat="54.6562505" lon="25.1912425">
        <ele>73</ele>
      </trkpt>
      <trkpt lat="54.6562301" lon="25.1912626">
        <ele>73</ele>
      </trkpt>
      <trkpt lat="54.6562108" lon="25.1912803">
        <ele>74</ele>
      </trkpt>
      <trkpt lat="54.6561916" lon="25.1912981">
        <ele>74</ele>
      </trkpt>
      <trkpt lat="54.6561724" lon="25.1913178">
        <ele>74</ele>
      </trkpt>
      <trkpt lat="54.6561532" lon="25.1913376">
        <ele>74</ele>
      </trkpt>
      <trkpt lat="54.6561338" lon="25.1913633">
        <ele>74</ele>
      </trkpt>
      <trkpt lat="54.6561144" lon="25.1913891">
        <ele>74</ele>
      </trkpt>
      <trkpt lat="54.6560971" lon="25.1914258">
        <ele>74</ele>
      </trkpt>
      <trkpt lat="54.6560798" lon="25.1914626">
        <ele>74</ele>
      </trkpt>
      <trkpt lat="54.6560641" lon="25.1915066">
        <ele>74</ele>
      </trkpt>
      <trkpt lat="54.6560485" lon="25.1915506">
        <ele>74</ele>
      </trkpt>
      <trkpt lat="54.6560306" lon="25.1915941">
        <ele>75</ele>
      </trkpt>
      <trkpt lat="54.6560127" lon="25.1916377">
        <ele>75</ele>
      </trkpt>
      <trkpt lat="54.6559916" lon="25.1916733">
        <ele>75</ele>
      </trkpt>
      <trkpt lat="54.6559705" lon="25.191709">
        <ele>75</ele>
      </trkpt>
      <trkpt lat="54.6559511" lon="25.1917333">
        <ele>75</ele>
      </trkpt>
      <trkpt lat="54.6559317" lon="25.1917576">
        <ele>76</ele>
      </trkpt>
      <trkpt lat="54.6559187" lon="25.1917725">
        <ele>76</ele>
      </trkpt>
      <trkpt lat="54.6559058" lon="25.1917874">
        <ele>76</ele>
      </trkpt>
      <trkpt lat="54.655898" lon="25.1918035">
        <ele>76</ele>
      </trkpt>
      <trkpt lat="54.6558903" lon="25.1918197">
        <ele>76</ele>
      </trkpt>
      <trkpt lat="54.6558823" lon="25.1918444">
        <ele>76</ele>
      </trkpt>
      <trkpt lat="54.6558744" lon="25.1918691">
        <ele>76</ele>
      </trkpt>
      <trkpt lat="54.6558608" lon="25.1918949">
        <ele>76</ele>
      </trkpt>
      <trkpt lat="54.6558472" lon="25.1919208">
        <ele>76</ele>
      </trkpt>
      <trkpt lat="54.6558283" lon="25.1919403">
        <ele>76</ele>
      </trkpt>
      <trkpt lat="54.6558094" lon="25.1919599">
        <ele>77</ele>
      </trkpt>
      <trkpt lat="54.6557887" lon="25.1919674">
        <ele>76</ele>
      </trkpt>
      <trkpt lat="54.6557681" lon="25.191975">
        <ele>76</ele>
      </trkpt>
      <trkpt lat="54.6557497" lon="25.1919684">
        <ele>76</ele>
      </trkpt>
      <trkpt lat="54.6557314" lon="25.1919619">
        <ele>76</ele>
      </trkpt>
      <trkpt lat="54.6557159" lon="25.191947">
        <ele>76</ele>
      </trkpt>
      <trkpt lat="54.6557004" lon="25.1919322">
        <ele>75</ele>
      </trkpt>
      <trkpt lat="54.6556855" lon="25.1919155">
        <ele>75</ele>
      </trkpt>
      <trkpt lat="54.6556707" lon="25.1918988">
        <ele>74</ele>
      </trkpt>
      <trkpt lat="54.6556529" lon="25.1918939">
        <ele>74</ele>
      </trkpt>
      <trkpt lat="54.6556352" lon="25.1918891">
        <ele>74</ele>
      </trkpt>
      <trkpt lat="54.6556168" lon="25.1919045">
        <ele>73</ele>
      </trkpt>
      <trkpt lat="54.6555985" lon="25.19192">
        <ele>73</ele>
      </trkpt>
      <trkpt lat="54.6555822" lon="25.1919513">
        <ele>73</ele>
      </trkpt>
      <trkpt lat="54.655566" lon="25.1919827">
        <ele>73</ele>
      </trkpt>
      <trkpt lat="54.6555498" lon="25.1920167">
        <ele>73</ele>
      </trkpt>
      <trkpt lat="54.6555336" lon="25.1920507">
        <ele>73</ele>
      </trkpt>
      <trkpt lat="54.6555189" lon="25.1920822">
        <ele>73</ele>
      </trkpt>
      <trkpt lat="54.6555042" lon="25.1921137">
        <ele>73</ele>
      </trkpt>
      <trkpt lat="54.6554951" lon="25.1921453">
        <ele>73</ele>
      </trkpt>
      <trkpt lat="54.6554861" lon="25.192177">
        <ele>73</ele>
      </trkpt>
      <trkpt lat="54.6554816" lon="25.1922106">
        <ele>73</ele>
      </trkpt>
      <trkpt lat="54.6554771" lon="25.1922442">
        <ele>73</ele>
      </trkpt>
      <trkpt lat="54.6554714" lon="25.1922748">
        <ele>73</ele>
      </trkpt>
      <trkpt lat="54.6554657" lon="25.1923055">
        <ele>73</ele>
      </trkpt>
      <trkpt lat="54.6554553" lon="25.1923316">
        <ele>74</ele>
      </trkpt>
      <trkpt lat="54.655445" lon="25.1923577">
        <ele>74</ele>
      </trkpt>
      <trkpt lat="54.6554313" lon="25.1923814">
        <ele>74</ele>
      </trkpt>
      <trkpt lat="54.6554177" lon="25.1924052">
        <ele>74</ele>
      </trkpt>
      <trkpt lat="54.6554027" lon="25.1924285">
        <ele>74</ele>
      </trkpt>
      <trkpt lat="54.6553877" lon="25.1924518">
        <ele>74</ele>
      </trkpt>
      <trkpt lat="54.6553707" lon="25.192478">
        <ele>74</ele>
      </trkpt>
      <trkpt lat="54.6553537" lon="25.1925042">
        <ele>74</ele>
      </trkpt>
      <trkpt lat="54.655337" lon="25.1925347">
        <ele>74</ele>
      </trkpt>
      <trkpt lat="54.6553204" lon="25.1925653">
        <ele>74</ele>
      </trkpt>
      <trkpt lat="54.6553045" lon="25.1926013">
        <ele>74</ele>
      </trkpt>
      <trkpt lat="54.6552886" lon="25.1926374">
        <ele>73</ele>
      </trkpt>
      <trkpt lat="54.6552704" lon="25.1926786">
        <ele>73</ele>
      </trkpt>
      <trkpt lat="54.6552523" lon="25.1927198">
        <ele>73</ele>
      </trkpt>
      <trkpt lat="54.6552326" lon="25.1927597">
        <ele>73</ele>
      </trkpt>
      <trkpt lat="54.655213" lon="25.1927996">
        <ele>73</ele>
      </trkpt>
      <trkpt lat="54.6551956" lon="25.1928352">
        <ele>73</ele>
      </trkpt>
      <trkpt lat="54.6551782" lon="25.1928709">
        <ele>73</ele>
      </trkpt>
      <trkpt lat="54.6551637" lon="25.1929036">
        <ele>73</ele>
      </trkpt>
      <trkpt lat="54.6551492" lon="25.1929364">
        <ele>73</ele>
      </trkpt>
      <trkpt lat="54.6551366" lon="25.1929668">
        <ele>73</ele>
      </trkpt>
      <trkpt lat="54.6551241" lon="25.1929972">
        <ele>73</ele>
      </trkpt>
      <trkpt lat="54.65511" lon="25.1930257">
        <ele>73</ele>
      </trkpt>
      <trkpt lat="54.655096" lon="25.1930543">
        <ele>73</ele>
      </trkpt>
      <trkpt lat="54.6550803" lon="25.1930832">
        <ele>73</ele>
      </trkpt>
      <trkpt lat="54.6550646" lon="25.1931121">
        <ele>73</ele>
      </trkpt>
      <trkpt lat="54.6550495" lon="25.1931435">
        <ele>73</ele>
      </trkpt>
      <trkpt lat="54.6550345" lon="25.193175">
        <ele>73</ele>
      </trkpt>
      <trkpt lat="54.6550199" lon="25.1932025">
        <ele>73</ele>
      </trkpt>
      <trkpt lat="54.6550053" lon="25.1932301">
        <ele>73</ele>
      </trkpt>
      <trkpt lat="54.6549912" lon="25.1932537">
        <ele>73</ele>
      </trkpt>
      <trkpt lat="54.6549771" lon="25.1932773">
        <ele>73</ele>
      </trkpt>
      <trkpt lat="54.6549682" lon="25.1933012">
        <ele>73</ele>
      </trkpt>
      <trkpt lat="54.6549593" lon="25.1933251">
        <ele>73</ele>
      </trkpt>
      <trkpt lat="54.654954" lon="25.193351">
        <ele>73</ele>
      </trkpt>
      <trkpt lat="54.6549488" lon="25.1933769">
        <ele>73</ele>
      </trkpt>
      <trkpt lat="54.6549454" lon="25.193402">
        <ele>73</ele>
      </trkpt>
      <trkpt lat="54.654942" lon="25.1934271">
        <ele>73</ele>
      </trkpt>
      <trkpt lat="54.6549406" lon="25.1934486">
        <ele>73</ele>
      </trkpt>
      <trkpt lat="54.6549392" lon="25.1934701">
        <ele>73</ele>
      </trkpt>
      <trkpt lat="54.6549377" lon="25.1934909">
        <ele>74</ele>
      </trkpt>
      <trkpt lat="54.6549363" lon="25.1935118">
        <ele>74</ele>
      </trkpt>
      <trkpt lat="54.6549294" lon="25.1935347">
        <ele>74</ele>
      </trkpt>
      <trkpt lat="54.6549226" lon="25.1935576">
        <ele>74</ele>
      </trkpt>
      <trkpt lat="54.654909" lon="25.1935808">
        <ele>74</ele>
      </trkpt>
      <trkpt lat="54.6548955" lon="25.1936041">
        <ele>74</ele>
      </trkpt>
      <trkpt lat="54.6548766" lon="25.1936285">
        <ele>73</ele>
      </trkpt>
      <trkpt lat="54.6548578" lon="25.1936529">
        <ele>73</ele>
      </trkpt>
      <trkpt lat="54.6548353" lon="25.1936817">
        <ele>73</ele>
      </trkpt>
      <trkpt lat="54.6548128" lon="25.1937106">
        <ele>73</ele>
      </trkpt>
      <trkpt lat="54.65479" lon="25.1937418">
        <ele>73</ele>
      </trkpt>
      <trkpt lat="54.6547673" lon="25.193773">
        <ele>72</ele>
      </trkpt>
      <trkpt lat="54.6547487" lon="25.1938048">
        <ele>72</ele>
      </trkpt>
      <trkpt lat="54.6547301" lon="25.1938367">
        <ele>72</ele>
      </trkpt>
      <trkpt lat="54.6547151" lon="25.193871">
        <ele>72</ele>
      </trkpt>
      <trkpt lat="54.6547001" lon="25.1939053">
        <ele>72</ele>
      </trkpt>
      <trkpt lat="54.6546877" lon="25.1939463">
        <ele>72</ele>
      </trkpt>
      <trkpt lat="54.6546754" lon="25.1939873">
        <ele>72</ele>
      </trkpt>
      <trkpt lat="54.6546683" lon="25.1940277">
        <ele>72</ele>
      </trkpt>
      <trkpt lat="54.6546612" lon="25.1940682">
        <ele>72</ele>
      </trkpt>
      <trkpt lat="54.6546582" lon="25.1941007">
        <ele>73</ele>
      </trkpt>
      <trkpt lat="54.6546552" lon="25.1941332">
        <ele>73</ele>
      </trkpt>
      <trkpt lat="54.6546526" lon="25.1941583">
        <ele>73</ele>
      </trkpt>
      <trkpt lat="54.6546501" lon="25.1941834">
        <ele>73</ele>
      </trkpt>
      <trkpt lat="54.6546415" lon="25.1942058">
        <ele>73</ele>
      </trkpt>
      <trkpt lat="54.654633" lon="25.1942283">
        <ele>73</ele>
      </trkpt>
      <trkpt lat="54.6546154" lon="25.1942558">
        <ele>73</ele>
      </trkpt>
      <trkpt lat="54.6545978" lon="25.1942833">
        <ele>73</ele>
      </trkpt>
      <trkpt lat="54.6545783" lon="25.1943127">
        <ele>73</ele>
      </trkpt>
      <trkpt lat="54.6545589" lon="25.1943422">
        <ele>73</ele>
      </trkpt>
      <trkpt lat="54.6545424" lon="25.194373">
        <ele>73</ele>
      </trkpt>
      <trkpt lat="54.6545259" lon="25.1944039">
        <ele>73</ele>
      </trkpt>
      <trkpt lat="54.6545151" lon="25.1944331">
        <ele>73</ele>
      </trkpt>
      <trkpt lat="54.6545044" lon="25.1944624">
        <ele>73</ele>
      </trkpt>
      <trkpt lat="54.6544946" lon="25.1944908">
        <ele>73</ele>
      </trkpt>
      <trkpt lat="54.6544848" lon="25.1945192">
        <ele>73</ele>
      </trkpt>
      <trkpt lat="54.6544706" lon="25.1945514">
        <ele>73</ele>
      </trkpt>
      <trkpt lat="54.6544564" lon="25.1945837">
        <ele>73</ele>
      </trkpt>
      <trkpt lat="54.6544417" lon="25.1946197">
        <ele>73</ele>
      </trkpt>
      <trkpt lat="54.654427" lon="25.1946558">
        <ele>73</ele>
      </trkpt>
      <trkpt lat="54.6544159" lon="25.1946897">
        <ele>73</ele>
      </trkpt>
      <trkpt lat="54.6544049" lon="25.1947236">
        <ele>73</ele>
      </trkpt>
      <trkpt lat="54.6543981" lon="25.1947551">
        <ele>73</ele>
      </trkpt>
      <trkpt lat="54.6543913" lon="25.1947867">
        <ele>73</ele>
      </trkpt>
      <trkpt lat="54.6543822" lon="25.1948143">
        <ele>73</ele>
      </trkpt>
      <trkpt lat="54.6543732" lon="25.194842">
        <ele>73</ele>
      </trkpt>
      <trkpt lat="54.6543647" lon="25.194869">
        <ele>73</ele>
      </trkpt>
      <trkpt lat="54.6543563" lon="25.194896">
        <ele>73</ele>
      </trkpt>
      <trkpt lat="54.6543511" lon="25.1949227">
        <ele>73</ele>
      </trkpt>
      <trkpt lat="54.6543459" lon="25.1949495">
        <ele>73</ele>
      </trkpt>
      <trkpt lat="54.6543413" lon="25.1949776">
        <ele>73</ele>
      </trkpt>
      <trkpt lat="54.6543368" lon="25.1950058">
        <ele>73</ele>
      </trkpt>
      <trkpt lat="54.6543275" lon="25.1950384">
        <ele>73</ele>
      </trkpt>
      <trkpt lat="54.6543183" lon="25.1950711">
        <ele>73</ele>
      </trkpt>
      <trkpt lat="54.6543047" lon="25.1951056">
        <ele>73</ele>
      </trkpt>
      <trkpt lat="54.6542911" lon="25.1951401">
        <ele>73</ele>
      </trkpt>
      <trkpt lat="54.6542777" lon="25.195172">
        <ele>72</ele>
      </trkpt>
      <trkpt lat="54.6542643" lon="25.195204">
        <ele>72</ele>
      </trkpt>
      <trkpt lat="54.6542535" lon="25.1952351">
        <ele>72</ele>
      </trkpt>
      <trkpt lat="54.6542427" lon="25.1952662">
        <ele>72</ele>
      </trkpt>
      <trkpt lat="54.6542347" lon="25.1952967">
        <ele>72</ele>
      </trkpt>
      <trkpt lat="54.6542268" lon="25.1953273">
        <ele>72</ele>
      </trkpt>
      <trkpt lat="54.6542195" lon="25.1953584">
        <ele>72</ele>
      </trkpt>
      <trkpt lat="54.6542123" lon="25.1953895">
        <ele>72</ele>
      </trkpt>
      <trkpt lat="54.6542048" lon="25.1954233">
        <ele>72</ele>
      </trkpt>
      <trkpt lat="54.6541974" lon="25.1954572">
        <ele>73</ele>
      </trkpt>
      <trkpt lat="54.6541907" lon="25.1954946">
        <ele>73</ele>
      </trkpt>
      <trkpt lat="54.654184" lon="25.1955321">
        <ele>73</ele>
      </trkpt>
      <trkpt lat="54.6541756" lon="25.1955682">
        <ele>73</ele>
      </trkpt>
      <trkpt lat="54.6541672" lon="25.1956044">
        <ele>73</ele>
      </trkpt>
      <trkpt lat="54.6541575" lon="25.1956382">
        <ele>73</ele>
      </trkpt>
      <trkpt lat="54.6541478" lon="25.195672">
        <ele>73</ele>
      </trkpt>
      <trkpt lat="54.6541368" lon="25.1957041">
        <ele>73</ele>
      </trkpt>
      <trkpt lat="54.6541258" lon="25.1957363">
        <ele>73</ele>
      </trkpt>
      <trkpt lat="54.6541142" lon="25.1957656">
        <ele>73</ele>
      </trkpt>
      <trkpt lat="54.6541026" lon="25.195795">
        <ele>73</ele>
      </trkpt>
      <trkpt lat="54.6540924" lon="25.1958245">
        <ele>73</ele>
      </trkpt>
      <trkpt lat="54.6540822" lon="25.195854">
        <ele>73</ele>
      </trkpt>
      <trkpt lat="54.6540723" lon="25.1958857">
        <ele>73</ele>
      </trkpt>
      <trkpt lat="54.6540624" lon="25.1959175">
        <ele>73</ele>
      </trkpt>
      <trkpt lat="54.6540525" lon="25.1959496">
        <ele>73</ele>
      </trkpt>
      <trkpt lat="54.6540427" lon="25.1959817">
        <ele>72</ele>
      </trkpt>
      <trkpt lat="54.6540335" lon="25.1960135">
        <ele>72</ele>
      </trkpt>
      <trkpt lat="54.6540244" lon="25.1960453">
        <ele>72</ele>
      </trkpt>
      <trkpt lat="54.6540141" lon="25.1960765">
        <ele>72</ele>
      </trkpt>
      <trkpt lat="54.6540039" lon="25.1961077">
        <ele>72</ele>
      </trkpt>
      <trkpt lat="54.6539951" lon="25.1961384">
        <ele>72</ele>
      </trkpt>
      <trkpt lat="54.6539864" lon="25.1961692">
        <ele>72</ele>
      </trkpt>
      <trkpt lat="54.6539761" lon="25.1961995">
        <ele>72</ele>
      </trkpt>
      <trkpt lat="54.6539658" lon="25.1962298">
        <ele>72</ele>
      </trkpt>
      <trkpt lat="54.6539529" lon="25.1962616">
        <ele>72</ele>
      </trkpt>
      <trkpt lat="54.6539401" lon="25.1962934">
        <ele>72</ele>
      </trkpt>
      <trkpt lat="54.6539266" lon="25.1963309">
        <ele>72</ele>
      </trkpt>
      <trkpt lat="54.6539132" lon="25.1963685">
        <ele>72</ele>
      </trkpt>
      <trkpt lat="54.6539003" lon="25.1964098">
        <ele>72</ele>
      </trkpt>
      <trkpt lat="54.6538874" lon="25.1964512">
        <ele>72</ele>
      </trkpt>
      <trkpt lat="54.6538767" lon="25.196492">
        <ele>72</ele>
      </trkpt>
      <trkpt lat="54.6538661" lon="25.1965328">
        <ele>72</ele>
      </trkpt>
      <trkpt lat="54.6538603" lon="25.1965679">
        <ele>72</ele>
      </trkpt>
      <trkpt lat="54.6538546" lon="25.1966031">
        <ele>72</ele>
      </trkpt>
      <trkpt lat="54.6538504" lon="25.1966333">
        <ele>73</ele>
      </trkpt>
      <trkpt lat="54.6538462" lon="25.1966635">
        <ele>73</ele>
      </trkpt>
      <trkpt lat="54.6538378" lon="25.1966921">
        <ele>73</ele>
      </trkpt>
      <trkpt lat="54.6538295" lon="25.1967208">
        <ele>73</ele>
      </trkpt>
      <trkpt lat="54.6538154" lon="25.1967497">
        <ele>73</ele>
      </trkpt>
      <trkpt lat="54.6538014" lon="25.1967787">
        <ele>73</ele>
      </trkpt>
      <trkpt lat="54.6537842" lon="25.1968107">
        <ele>73</ele>
      </trkpt>
      <trkpt lat="54.653767" lon="25.1968427">
        <ele>73</ele>
      </trkpt>
      <trkpt lat="54.6537492" lon="25.1968787">
        <ele>73</ele>
      </trkpt>
      <trkpt lat="54.6537315" lon="25.1969147">
        <ele>73</ele>
      </trkpt>
      <trkpt lat="54.6537164" lon="25.1969531">
        <ele>73</ele>
      </trkpt>
      <trkpt lat="54.6537014" lon="25.1969916">
        <ele>73</ele>
      </trkpt>
      <trkpt lat="54.653691" lon="25.1970296">
        <ele>73</ele>
      </trkpt>
      <trkpt lat="54.6536806" lon="25.1970677">
        <ele>73</ele>
      </trkpt>
      <trkpt lat="54.653671" lon="25.1971047">
        <ele>73</ele>
      </trkpt>
      <trkpt lat="54.6536615" lon="25.1971418">
        <ele>73</ele>
      </trkpt>
      <trkpt lat="54.6536499" lon="25.1971787">
        <ele>73</ele>
      </trkpt>
      <trkpt lat="54.6536383" lon="25.1972156">
        <ele>73</ele>
      </trkpt>
      <trkpt lat="54.6536246" lon="25.1972517">
        <ele>73</ele>
      </trkpt>
      <trkpt lat="54.653611" lon="25.1972878">
        <ele>73</ele>
      </trkpt>
      <trkpt lat="54.6535974" lon="25.1973234">
        <ele>73</ele>
      </trkpt>
      <trkpt lat="54.6535839" lon="25.1973591">
        <ele>73</ele>
      </trkpt>
      <trkpt lat="54.6535752" lon="25.197396">
        <ele>73</ele>
      </trkpt>
      <trkpt lat="54.6535666" lon="25.197433">
        <ele>73</ele>
      </trkpt>
      <trkpt lat="54.6535615" lon="25.1974695">
        <ele>73</ele>
      </trkpt>
      <trkpt lat="54.6535564" lon="25.197506">
        <ele>73</ele>
      </trkpt>
      <trkpt lat="54.6535496" lon="25.1975412">
        <ele>73</ele>
      </trkpt>
      <trkpt lat="54.6535428" lon="25.1975765">
        <ele>73</ele>
      </trkpt>
      <trkpt lat="54.6535337" lon="25.1976118">
        <ele>73</ele>
      </trkpt>
      <trkpt lat="54.6535246" lon="25.1976472">
        <ele>73</ele>
      </trkpt>
      <trkpt lat="54.6535146" lon="25.1976834">
        <ele>73</ele>
      </trkpt>
      <trkpt lat="54.6535047" lon="25.1977197">
        <ele>72</ele>
      </trkpt>
      <trkpt lat="54.6534931" lon="25.1977564">
        <ele>72</ele>
      </trkpt>
      <trkpt lat="54.6534816" lon="25.1977931">
        <ele>72</ele>
      </trkpt>
      <trkpt lat="54.6534687" lon="25.1978283">
        <ele>72</ele>
      </trkpt>
      <trkpt lat="54.6534558" lon="25.1978635">
        <ele>72</ele>
      </trkpt>
      <trkpt lat="54.6534423" lon="25.197897">
        <ele>72</ele>
      </trkpt>
      <trkpt lat="54.6534288" lon="25.1979305">
        <ele>72</ele>
      </trkpt>
      <trkpt lat="54.6534163" lon="25.1979635">
        <ele>72</ele>
      </trkpt>
      <trkpt lat="54.6534038" lon="25.1979965">
        <ele>72</ele>
      </trkpt>
      <trkpt lat="54.6533929" lon="25.1980276">
        <ele>72</ele>
      </trkpt>
      <trkpt lat="54.6533821" lon="25.1980587">
        <ele>72</ele>
      </trkpt>
      <trkpt lat="54.6533655" lon="25.1981063">
        <ele>72</ele>
      </trkpt>
      <trkpt lat="54.6533609" lon="25.1981153">
        <ele>72</ele>
      </trkpt>
      <trkpt lat="54.6533564" lon="25.1981243">
        <ele>72</ele>
      </trkpt>
      <trkpt lat="54.6533529" lon="25.1981325">
        <ele>72</ele>
      </trkpt>
      <trkpt lat="54.6533495" lon="25.1981408">
        <ele>72</ele>
      </trkpt>
      <trkpt lat="54.6533466" lon="25.1981602">
        <ele>72</ele>
      </trkpt>
      <trkpt lat="54.6533438" lon="25.1981797">
        <ele>72</ele>
      </trkpt>
      <trkpt lat="54.6533376" lon="25.1982142">
        <ele>72</ele>
      </trkpt>
      <trkpt lat="54.6533314" lon="25.1982488">
        <ele>72</ele>
      </trkpt>
      <trkpt lat="54.6533227" lon="25.1982889">
        <ele>72</ele>
      </trkpt>
      <trkpt lat="54.6533141" lon="25.198329">
        <ele>72</ele>
      </trkpt>
      <trkpt lat="54.6533055" lon="25.1983688">
        <ele>72</ele>
      </trkpt>
      <trkpt lat="54.6532969" lon="25.1984086">
        <ele>72</ele>
      </trkpt>
      <trkpt lat="54.6532878" lon="25.198448">
        <ele>72</ele>
      </trkpt>
      <trkpt lat="54.6532787" lon="25.1984874">
        <ele>72</ele>
      </trkpt>
      <trkpt lat="54.6532689" lon="25.1985213">
        <ele>72</ele>
      </trkpt>
      <trkpt lat="54.6532591" lon="25.1985552">
        <ele>73</ele>
      </trkpt>
      <trkpt lat="54.6532476" lon="25.1985849">
        <ele>73</ele>
      </trkpt>
      <trkpt lat="54.6532361" lon="25.1986146">
        <ele>73</ele>
      </trkpt>
      <trkpt lat="54.6532229" lon="25.1986428">
        <ele>73</ele>
      </trkpt>
      <trkpt lat="54.6532098" lon="25.198671">
        <ele>73</ele>
      </trkpt>
      <trkpt lat="54.6531949" lon="25.1987046">
        <ele>73</ele>
      </trkpt>
      <trkpt lat="54.65318" lon="25.1987382">
        <ele>73</ele>
      </trkpt>
      <trkpt lat="54.6531644" lon="25.1987766">
        <ele>73</ele>
      </trkpt>
      <trkpt lat="54.6531489" lon="25.198815">
        <ele>73</ele>
      </trkpt>
      <trkpt lat="54.6531333" lon="25.1988532">
        <ele>73</ele>
      </trkpt>
      <trkpt lat="54.6531177" lon="25.1988914">
        <ele>73</ele>
      </trkpt>
      <trkpt lat="54.6531037" lon="25.1989253">
        <ele>73</ele>
      </trkpt>
      <trkpt lat="54.6530897" lon="25.1989592">
        <ele>73</ele>
      </trkpt>
      <trkpt lat="54.6530761" lon="25.1989892">
        <ele>73</ele>
      </trkpt>
      <trkpt lat="54.6530626" lon="25.1990193">
        <ele>73</ele>
      </trkpt>
      <trkpt lat="54.6530478" lon="25.1990465">
        <ele>73</ele>
      </trkpt>
      <trkpt lat="54.6530331" lon="25.1990737">
        <ele>73</ele>
      </trkpt>
      <trkpt lat="54.653019" lon="25.1991009">
        <ele>73</ele>
      </trkpt>
      <trkpt lat="54.653005" lon="25.1991281">
        <ele>73</ele>
      </trkpt>
      <trkpt lat="54.6529918" lon="25.1991561">
        <ele>73</ele>
      </trkpt>
      <trkpt lat="54.6529786" lon="25.1991841">
        <ele>73</ele>
      </trkpt>
      <trkpt lat="54.6529647" lon="25.1992155">
        <ele>72</ele>
      </trkpt>
      <trkpt lat="54.6529508" lon="25.1992469">
        <ele>72</ele>
      </trkpt>
      <trkpt lat="54.6529366" lon="25.1992817">
        <ele>72</ele>
      </trkpt>
      <trkpt lat="54.6529224" lon="25.1993165">
        <ele>72</ele>
      </trkpt>
      <trkpt lat="54.6529096" lon="25.1993494">
        <ele>72</ele>
      </trkpt>
      <trkpt lat="54.6528969" lon="25.1993824">
        <ele>72</ele>
      </trkpt>
      <trkpt lat="54.6528844" lon="25.1994099">
        <ele>72</ele>
      </trkpt>
      <trkpt lat="54.6528719" lon="25.1994375">
        <ele>72</ele>
      </trkpt>
      <trkpt lat="54.6528604" lon="25.1994646">
        <ele>72</ele>
      </trkpt>
      <trkpt lat="54.6528489" lon="25.1994918">
        <ele>73</ele>
      </trkpt>
      <trkpt lat="54.6528378" lon="25.1995204">
        <ele>73</ele>
      </trkpt>
      <trkpt lat="54.6528268" lon="25.1995491">
        <ele>73</ele>
      </trkpt>
      <trkpt lat="54.6528125" lon="25.1995813">
        <ele>73</ele>
      </trkpt>
      <trkpt lat="54.6527983" lon="25.1996136">
        <ele>73</ele>
      </trkpt>
      <trkpt lat="54.6527803" lon="25.1996445">
        <ele>73</ele>
      </trkpt>
      <trkpt lat="54.6527623" lon="25.1996755">
        <ele>73</ele>
      </trkpt>
      <trkpt lat="54.6527419" lon="25.1997005">
        <ele>73</ele>
      </trkpt>
      <trkpt lat="54.6527215" lon="25.1997255">
        <ele>73</ele>
      </trkpt>
      <trkpt lat="54.6527033" lon="25.199748">
        <ele>73</ele>
      </trkpt>
      <trkpt lat="54.6526851" lon="25.1997705">
        <ele>73</ele>
      </trkpt>
      <trkpt lat="54.6526736" lon="25.1997881">
        <ele>73</ele>
      </trkpt>
      <trkpt lat="54.6526621" lon="25.1998057">
        <ele>73</ele>
      </trkpt>
      <trkpt lat="54.6526615" lon="25.1998205">
        <ele>73</ele>
      </trkpt>
      <trkpt lat="54.652661" lon="25.1998353">
        <ele>73</ele>
      </trkpt>
      <trkpt lat="54.6526649" lon="25.1998505">
        <ele>73</ele>
      </trkpt>
      <trkpt lat="54.6526689" lon="25.1998658">
        <ele>73</ele>
      </trkpt>
      <trkpt lat="54.652673" lon="25.1998836">
        <ele>73</ele>
      </trkpt>
      <trkpt lat="54.6526771" lon="25.1999015">
        <ele>73</ele>
      </trkpt>
      <trkpt lat="54.6526798" lon="25.1999217">
        <ele>73</ele>
      </trkpt>
      <trkpt lat="54.6526825" lon="25.199942">
        <ele>73</ele>
      </trkpt>
      <trkpt lat="54.6526841" lon="25.1999626">
        <ele>73</ele>
      </trkpt>
      <trkpt lat="54.6526857" lon="25.1999832">
        <ele>73</ele>
      </trkpt>
      <trkpt lat="54.6526884" lon="25.2000024">
        <ele>73</ele>
      </trkpt>
      <trkpt lat="54.6526912" lon="25.2000216">
        <ele>73</ele>
      </trkpt>
      <trkpt lat="54.6526944" lon="25.2000391">
        <ele>74</ele>
      </trkpt>
      <trkpt lat="54.6526977" lon="25.2000567">
        <ele>74</ele>
      </trkpt>
      <trkpt lat="54.6527008" lon="25.2000751">
        <ele>74</ele>
      </trkpt>
      <trkpt lat="54.652704" lon="25.2000936">
        <ele>75</ele>
      </trkpt>
      <trkpt lat="54.6527048" lon="25.200105">
        <ele>75</ele>
      </trkpt>
      <trkpt lat="54.6527056" lon="25.2001165">
        <ele>76</ele>
      </trkpt>
      <trkpt lat="54.6527043" lon="25.2001366">
        <ele>76</ele>
      </trkpt>
      <trkpt lat="54.6527031" lon="25.2001568">
        <ele>76</ele>
      </trkpt>
      <trkpt lat="54.6527016" lon="25.2001742">
        <ele>76</ele>
      </trkpt>
      <trkpt lat="54.6527001" lon="25.2001916">
        <ele>76</ele>
      </trkpt>
      <trkpt lat="54.652701" lon="25.2002072">
        <ele>77</ele>
      </trkpt>
      <trkpt lat="54.652702" lon="25.2002229">
        <ele>77</ele>
      </trkpt>
      <trkpt lat="54.6527064" lon="25.200238">
        <ele>77</ele>
      </trkpt>
      <trkpt lat="54.6527108" lon="25.2002531">
        <ele>78</ele>
      </trkpt>
      <trkpt lat="54.6527195" lon="25.2002656">
        <ele>78</ele>
      </trkpt>
      <trkpt lat="54.6527283" lon="25.2002781">
        <ele>79</ele>
      </trkpt>
      <trkpt lat="54.6527386" lon="25.2002866">
        <ele>79</ele>
      </trkpt>
      <trkpt lat="54.652749" lon="25.2002952">
        <ele>79</ele>
      </trkpt>
      <trkpt lat="54.6527583" lon="25.2003004">
        <ele>80</ele>
      </trkpt>
      <trkpt lat="54.6527677" lon="25.2003057">
        <ele>80</ele>
      </trkpt>
      <trkpt lat="54.6527749" lon="25.200313">
        <ele>81</ele>
      </trkpt>
      <trkpt lat="54.6527821" lon="25.2003204">
        <ele>81</ele>
      </trkpt>
      <trkpt lat="54.6527862" lon="25.2003327">
        <ele>81</ele>
      </trkpt>
      <trkpt lat="54.6527903" lon="25.2003451">
        <ele>81</ele>
      </trkpt>
      <trkpt lat="54.6527927" lon="25.200371">
        <ele>81</ele>
      </trkpt>
      <trkpt lat="54.6527952" lon="25.2003969">
        <ele>82</ele>
      </trkpt>
      <trkpt lat="54.6527964" lon="25.2004363">
        <ele>82</ele>
      </trkpt>
      <trkpt lat="54.6527976" lon="25.2004758">
        <ele>82</ele>
      </trkpt>
      <trkpt lat="54.6527971" lon="25.2005225">
        <ele>82</ele>
      </trkpt>
      <trkpt lat="54.6527967" lon="25.2005693">
        <ele>82</ele>
      </trkpt>
      <trkpt lat="54.6527959" lon="25.2006094">
        <ele>83</ele>
      </trkpt>
      <trkpt lat="54.6527951" lon="25.2006496">
        <ele>83</ele>
      </trkpt>
      <trkpt lat="54.6527948" lon="25.2006798">
        <ele>83</ele>
      </trkpt>
      <trkpt lat="54.6527946" lon="25.20071">
        <ele>83</ele>
      </trkpt>
      <trkpt lat="54.6527951" lon="25.2007373">
        <ele>83</ele>
      </trkpt>
      <trkpt lat="54.6527956" lon="25.2007646">
        <ele>83</ele>
      </trkpt>
      <trkpt lat="54.6527987" lon="25.2007907">
        <ele>83</ele>
      </trkpt>
      <trkpt lat="54.6528019" lon="25.2008168">
        <ele>83</ele>
      </trkpt>
      <trkpt lat="54.6528094" lon="25.2008382">
        <ele>83</ele>
      </trkpt>
      <trkpt lat="54.6528169" lon="25.2008597">
        <ele>83</ele>
      </trkpt>
      <trkpt lat="54.6528233" lon="25.2008858">
        <ele>83</ele>
      </trkpt>
      <trkpt lat="54.6528297" lon="25.2009119">
        <ele>83</ele>
      </trkpt>
      <trkpt lat="54.6528251" lon="25.2009471">
        <ele>83</ele>
      </trkpt>
      <trkpt lat="54.6528205" lon="25.2009824">
        <ele>83</ele>
      </trkpt>
      <trkpt lat="54.6528096" lon="25.2010205">
        <ele>83</ele>
      </trkpt>
      <trkpt lat="54.6527987" lon="25.2010587">
        <ele>84</ele>
      </trkpt>
      <trkpt lat="54.6527887" lon="25.2010917">
        <ele>84</ele>
      </trkpt>
      <trkpt lat="54.6527787" lon="25.2011248">
        <ele>84</ele>
      </trkpt>
      <trkpt lat="54.6527722" lon="25.2011529">
        <ele>84</ele>
      </trkpt>
      <trkpt lat="54.6527658" lon="25.2011811">
        <ele>84</ele>
      </trkpt>
      <trkpt lat="54.6527613" lon="25.2012062">
        <ele>84</ele>
      </trkpt>
      <trkpt lat="54.6527569" lon="25.2012313">
        <ele>84</ele>
      </trkpt>
      <trkpt lat="54.6527534" lon="25.2012508">
        <ele>84</ele>
      </trkpt>
      <trkpt lat="54.6527499" lon="25.2012704">
        <ele>84</ele>
      </trkpt>
      <trkpt lat="54.6527465" lon="25.2012852">
        <ele>84</ele>
      </trkpt>
      <trkpt lat="54.6527432" lon="25.2013">
        <ele>85</ele>
      </trkpt>
      <trkpt lat="54.6527397" lon="25.201314">
        <ele>85</ele>
      </trkpt>
      <trkpt lat="54.6527363" lon="25.2013281">
        <ele>85</ele>
      </trkpt>
      <trkpt lat="54.6527319" lon="25.2013418">
        <ele>85</ele>
      </trkpt>
      <trkpt lat="54.6527275" lon="25.2013555">
        <ele>85</ele>
      </trkpt>
      <trkpt lat="54.6527209" lon="25.2013713">
        <ele>86</ele>
      </trkpt>
      <trkpt lat="54.6527144" lon="25.2013871">
        <ele>86</ele>
      </trkpt>
      <trkpt lat="54.6527055" lon="25.2014052">
        <ele>86</ele>
      </trkpt>
      <trkpt lat="54.6526967" lon="25.2014234">
        <ele>86</ele>
      </trkpt>
      <trkpt lat="54.6526851" lon="25.2014452">
        <ele>86</ele>
      </trkpt>
      <trkpt lat="54.6526735" lon="25.201467">
        <ele>87</ele>
      </trkpt>
      <trkpt lat="54.6526604" lon="25.2014885">
        <ele>87</ele>
      </trkpt>
      <trkpt lat="54.6526473" lon="25.20151">
        <ele>87</ele>
      </trkpt>
      <trkpt lat="54.6526367" lon="25.2015307">
        <ele>87</ele>
      </trkpt>
      <trkpt lat="54.6526262" lon="25.2015515">
        <ele>87</ele>
      </trkpt>
      <trkpt lat="54.6526239" lon="25.2015805">
        <ele>87</ele>
      </trkpt>
      <trkpt lat="54.6526217" lon="25.2016095">
        <ele>87</ele>
      </trkpt>
      <trkpt lat="54.6526271" lon="25.20165">
        <ele>87</ele>
      </trkpt>
      <trkpt lat="54.6526326" lon="25.2016905">
        <ele>87</ele>
      </trkpt>
      <trkpt lat="54.6526364" lon="25.2017319">
        <ele>87</ele>
      </trkpt>
      <trkpt lat="54.6526402" lon="25.2017733">
        <ele>87</ele>
      </trkpt>
      <trkpt lat="54.6526384" lon="25.2018109">
        <ele>87</ele>
      </trkpt>
      <trkpt lat="54.6526367" lon="25.2018486">
        <ele>87</ele>
      </trkpt>
      <trkpt lat="54.6526322" lon="25.2018805">
        <ele>87</ele>
      </trkpt>
      <trkpt lat="54.6526277" lon="25.2019124">
        <ele>87</ele>
      </trkpt>
      <trkpt lat="54.6526248" lon="25.2019407">
        <ele>88</ele>
      </trkpt>
      <trkpt lat="54.6526219" lon="25.2019691">
        <ele>88</ele>
      </trkpt>
      <trkpt lat="54.6526213" lon="25.2019971">
        <ele>88</ele>
      </trkpt>
      <trkpt lat="54.6526207" lon="25.2020252">
        <ele>88</ele>
      </trkpt>
      <trkpt lat="54.6526201" lon="25.202055">
        <ele>88</ele>
      </trkpt>
      <trkpt lat="54.6526196" lon="25.2020848">
        <ele>89</ele>
      </trkpt>
      <trkpt lat="54.6526177" lon="25.2021146">
        <ele>89</ele>
      </trkpt>
      <trkpt lat="54.6526158" lon="25.2021445">
        <ele>89</ele>
      </trkpt>
      <trkpt lat="54.6526137" lon="25.2021772">
        <ele>89</ele>
      </trkpt>
      <trkpt lat="54.6526117" lon="25.2022099">
        <ele>89</ele>
      </trkpt>
      <trkpt lat="54.6526096" lon="25.2022504">
        <ele>90</ele>
      </trkpt>
      <trkpt lat="54.6526076" lon="25.202291">
        <ele>90</ele>
      </trkpt>
      <trkpt lat="54.6526058" lon="25.2023364">
        <ele>90</ele>
      </trkpt>
      <trkpt lat="54.652604" lon="25.2023818">
        <ele>90</ele>
      </trkpt>
      <trkpt lat="54.6526028" lon="25.2024289">
        <ele>90</ele>
      </trkpt>
      <trkpt lat="54.6526016" lon="25.2024761">
        <ele>90</ele>
      </trkpt>
      <trkpt lat="54.6526028" lon="25.2025206">
        <ele>90</ele>
      </trkpt>
      <trkpt lat="54.652604" lon="25.2025651">
        <ele>90</ele>
      </trkpt>
      <trkpt lat="54.6526046" lon="25.2026059">
        <ele>90</ele>
      </trkpt>
      <trkpt lat="54.6526053" lon="25.2026468">
        <ele>90</ele>
      </trkpt>
      <trkpt lat="54.6526053" lon="25.2026862">
        <ele>91</ele>
      </trkpt>
      <trkpt lat="54.6526054" lon="25.2027257">
        <ele>91</ele>
      </trkpt>
      <trkpt lat="54.652605" lon="25.2027609">
        <ele>91</ele>
      </trkpt>
      <trkpt lat="54.6526047" lon="25.2027962">
        <ele>91</ele>
      </trkpt>
      <trkpt lat="54.6526027" lon="25.2028297">
        <ele>91</ele>
      </trkpt>
      <trkpt lat="54.6526007" lon="25.2028633">
        <ele>91</ele>
      </trkpt>
      <trkpt lat="54.652596" lon="25.202896">
        <ele>91</ele>
      </trkpt>
      <trkpt lat="54.6525914" lon="25.2029288">
        <ele>91</ele>
      </trkpt>
      <trkpt lat="54.6525838" lon="25.2029601">
        <ele>91</ele>
      </trkpt>
      <trkpt lat="54.6525763" lon="25.2029914">
        <ele>91</ele>
      </trkpt>
      <trkpt lat="54.6525668" lon="25.2030222">
        <ele>91</ele>
      </trkpt>
      <trkpt lat="54.6525573" lon="25.203053">
        <ele>91</ele>
      </trkpt>
      <trkpt lat="54.6525484" lon="25.2030857">
        <ele>91</ele>
      </trkpt>
      <trkpt lat="54.6525395" lon="25.2031184">
        <ele>91</ele>
      </trkpt>
      <trkpt lat="54.6525316" lon="25.2031548">
        <ele>91</ele>
      </trkpt>
      <trkpt lat="54.6525238" lon="25.2031913">
        <ele>92</ele>
      </trkpt>
      <trkpt lat="54.6525128" lon="25.203228">
        <ele>92</ele>
      </trkpt>
      <trkpt lat="54.6525018" lon="25.2032648">
        <ele>92</ele>
      </trkpt>
      <trkpt lat="54.6524871" lon="25.2032947">
        <ele>92</ele>
      </trkpt>
      <trkpt lat="54.6524725" lon="25.2033247">
        <ele>92</ele>
      </trkpt>
      <trkpt lat="54.6524557" lon="25.2033543">
        <ele>92</ele>
      </trkpt>
      <trkpt lat="54.6524389" lon="25.2033839">
        <ele>92</ele>
      </trkpt>
      <trkpt lat="54.6524243" lon="25.2034195">
        <ele>92</ele>
      </trkpt>
      <trkpt lat="54.6524097" lon="25.2034552">
        <ele>92</ele>
      </trkpt>
      <trkpt lat="54.6524001" lon="25.2034946">
        <ele>92</ele>
      </trkpt>
      <trkpt lat="54.6523905" lon="25.203534">
        <ele>93</ele>
      </trkpt>
      <trkpt lat="54.652389" lon="25.2035764">
        <ele>93</ele>
      </trkpt>
      <trkpt lat="54.6523876" lon="25.2036189">
        <ele>93</ele>
      </trkpt>
      <trkpt lat="54.6523934" lon="25.20366">
        <ele>93</ele>
      </trkpt>
      <trkpt lat="54.6523992" lon="25.2037011">
        <ele>93</ele>
      </trkpt>
      <trkpt lat="54.6524085" lon="25.2037394">
        <ele>93</ele>
      </trkpt>
      <trkpt lat="54.6524179" lon="25.2037778">
        <ele>93</ele>
      </trkpt>
      <trkpt lat="54.6524302" lon="25.2038167">
        <ele>93</ele>
      </trkpt>
      <trkpt lat="54.6524425" lon="25.2038557">
        <ele>93</ele>
      </trkpt>
      <trkpt lat="54.6524562" lon="25.2038919">
        <ele>93</ele>
      </trkpt>
      <trkpt lat="54.6524699" lon="25.2039281">
        <ele>93</ele>
      </trkpt>
      <trkpt lat="54.6524847" lon="25.2039641">
        <ele>93</ele>
      </trkpt>
      <trkpt lat="54.6524995" lon="25.2040002">
        <ele>93</ele>
      </trkpt>
      <trkpt lat="54.6525146" lon="25.2040384">
        <ele>93</ele>
      </trkpt>
      <trkpt lat="54.6525298" lon="25.2040767">
        <ele>93</ele>
      </trkpt>
      <trkpt lat="54.6525443" lon="25.2041113">
        <ele>93</ele>
      </trkpt>
      <trkpt lat="54.6525588" lon="25.2041459">
        <ele>93</ele>
      </trkpt>
      <trkpt lat="54.652573" lon="25.2041763">
        <ele>93</ele>
      </trkpt>
      <trkpt lat="54.6525873" lon="25.2042068">
        <ele>93</ele>
      </trkpt>
      <trkpt lat="54.6526017" lon="25.2042344">
        <ele>93</ele>
      </trkpt>
      <trkpt lat="54.6526161" lon="25.2042621">
        <ele>93</ele>
      </trkpt>
      <trkpt lat="54.6526324" lon="25.2042904">
        <ele>93</ele>
      </trkpt>
      <trkpt lat="54.6526488" lon="25.2043188">
        <ele>93</ele>
      </trkpt>
      <trkpt lat="54.6526651" lon="25.2043444">
        <ele>93</ele>
      </trkpt>
      <trkpt lat="54.6526815" lon="25.2043701">
        <ele>93</ele>
      </trkpt>
      <trkpt lat="54.6526948" lon="25.2043955">
        <ele>93</ele>
      </trkpt>
      <trkpt lat="54.6527081" lon="25.204421">
        <ele>93</ele>
      </trkpt>
      <trkpt lat="54.6527171" lon="25.2044469">
        <ele>93</ele>
      </trkpt>
      <trkpt lat="54.6527262" lon="25.2044728">
        <ele>93</ele>
      </trkpt>
      <trkpt lat="54.6527361" lon="25.2045012">
        <ele>93</ele>
      </trkpt>
      <trkpt lat="54.652746" lon="25.2045296">
        <ele>94</ele>
      </trkpt>
      <trkpt lat="54.6527592" lon="25.204558">
        <ele>94</ele>
      </trkpt>
      <trkpt lat="54.6527725" lon="25.2045864">
        <ele>94</ele>
      </trkpt>
      <trkpt lat="54.652787" lon="25.2046149">
        <ele>94</ele>
      </trkpt>
      <trkpt lat="54.6528016" lon="25.2046435">
        <ele>94</ele>
      </trkpt>
      <trkpt lat="54.6528163" lon="25.2046755">
        <ele>95</ele>
      </trkpt>
      <trkpt lat="54.6528311" lon="25.2047075">
        <ele>95</ele>
      </trkpt>
      <trkpt lat="54.6528436" lon="25.2047434">
        <ele>95</ele>
      </trkpt>
      <trkpt lat="54.6528561" lon="25.2047794">
        <ele>95</ele>
      </trkpt>
      <trkpt lat="54.6528654" lon="25.204816">
        <ele>95</ele>
      </trkpt>
      <trkpt lat="54.6528747" lon="25.2048527">
        <ele>95</ele>
      </trkpt>
      <trkpt lat="54.6528826" lon="25.2048896">
        <ele>95</ele>
      </trkpt>
      <trkpt lat="54.6528906" lon="25.2049265">
        <ele>95</ele>
      </trkpt>
      <trkpt lat="54.6528968" lon="25.2049627">
        <ele>95</ele>
      </trkpt>
      <trkpt lat="54.6529031" lon="25.204999">
        <ele>95</ele>
      </trkpt>
      <trkpt lat="54.6529071" lon="25.2050359">
        <ele>95</ele>
      </trkpt>
      <trkpt lat="54.6529111" lon="25.2050729">
        <ele>95</ele>
      </trkpt>
      <trkpt lat="54.6529154" lon="25.2051099">
        <ele>95</ele>
      </trkpt>
      <trkpt lat="54.6529197" lon="25.205147">
        <ele>95</ele>
      </trkpt>
      <trkpt lat="54.6529268" lon="25.2051847">
        <ele>95</ele>
      </trkpt>
      <trkpt lat="54.652934" lon="25.2052224">
        <ele>95</ele>
      </trkpt>
      <trkpt lat="54.652944" lon="25.2052591">
        <ele>95</ele>
      </trkpt>
      <trkpt lat="54.652954" lon="25.2052958">
        <ele>95</ele>
      </trkpt>
      <trkpt lat="54.6529647" lon="25.2053305">
        <ele>95</ele>
      </trkpt>
      <trkpt lat="54.6529754" lon="25.2053653">
        <ele>95</ele>
      </trkpt>
      <trkpt lat="54.6529859" lon="25.205397">
        <ele>95</ele>
      </trkpt>
      <trkpt lat="54.6529965" lon="25.2054287">
        <ele>95</ele>
      </trkpt>
      <trkpt lat="54.6530071" lon="25.2054563">
        <ele>95</ele>
      </trkpt>
      <trkpt lat="54.6530178" lon="25.2054839">
        <ele>95</ele>
      </trkpt>
      <trkpt lat="54.6530279" lon="25.205512">
        <ele>95</ele>
      </trkpt>
      <trkpt lat="54.653038" lon="25.2055402">
        <ele>95</ele>
      </trkpt>
      <trkpt lat="54.6530494" lon="25.2055701">
        <ele>95</ele>
      </trkpt>
      <trkpt lat="54.6530608" lon="25.2056">
        <ele>95</ele>
      </trkpt>
      <trkpt lat="54.6530733" lon="25.2056306">
        <ele>95</ele>
      </trkpt>
      <trkpt lat="54.6530859" lon="25.2056613">
        <ele>95</ele>
      </trkpt>
      <trkpt lat="54.6530977" lon="25.2056928">
        <ele>96</ele>
      </trkpt>
      <trkpt lat="54.6531095" lon="25.2057244">
        <ele>96</ele>
      </trkpt>
      <trkpt lat="54.653121" lon="25.2057572">
        <ele>96</ele>
      </trkpt>
      <trkpt lat="54.6531326" lon="25.2057901">
        <ele>96</ele>
      </trkpt>
      <trkpt lat="54.6531443" lon="25.205824">
        <ele>96</ele>
      </trkpt>
      <trkpt lat="54.6531561" lon="25.2058579">
        <ele>96</ele>
      </trkpt>
      <trkpt lat="54.6531676" lon="25.2058895">
        <ele>96</ele>
      </trkpt>
      <trkpt lat="54.6531792" lon="25.2059212">
        <ele>96</ele>
      </trkpt>
      <trkpt lat="54.6531914" lon="25.205951">
        <ele>96</ele>
      </trkpt>
      <trkpt lat="54.6532037" lon="25.2059808">
        <ele>96</ele>
      </trkpt>
      <trkpt lat="54.6532142" lon="25.2060115">
        <ele>96</ele>
      </trkpt>
      <trkpt lat="54.6532248" lon="25.2060423">
        <ele>96</ele>
      </trkpt>
      <trkpt lat="54.6532331" lon="25.2060747">
        <ele>96</ele>
      </trkpt>
      <trkpt lat="54.6532415" lon="25.2061071">
        <ele>96</ele>
      </trkpt>
      <trkpt lat="54.6532486" lon="25.2061426">
        <ele>96</ele>
      </trkpt>
      <trkpt lat="54.6532557" lon="25.2061782">
        <ele>97</ele>
      </trkpt>
      <trkpt lat="54.6532648" lon="25.2062224">
        <ele>96</ele>
      </trkpt>
      <trkpt lat="54.653274" lon="25.2062666">
        <ele>96</ele>
      </trkpt>
      <trkpt lat="54.6532874" lon="25.2063129">
        <ele>96</ele>
      </trkpt>
      <trkpt lat="54.6533009" lon="25.2063593">
        <ele>96</ele>
      </trkpt>
      <trkpt lat="54.6533195" lon="25.206402">
        <ele>96</ele>
      </trkpt>
      <trkpt lat="54.6533381" lon="25.2064448">
        <ele>96</ele>
      </trkpt>
      <trkpt lat="54.6533581" lon="25.2064883">
        <ele>96</ele>
      </trkpt>
      <trkpt lat="54.6533782" lon="25.2065318">
        <ele>96</ele>
      </trkpt>
      <trkpt lat="54.6533959" lon="25.2065757">
        <ele>96</ele>
      </trkpt>
      <trkpt lat="54.6534137" lon="25.2066196">
        <ele>96</ele>
      </trkpt>
      <trkpt lat="54.6534299" lon="25.2066594">
        <ele>96</ele>
      </trkpt>
      <trkpt lat="54.6534462" lon="25.2066993">
        <ele>96</ele>
      </trkpt>
      <trkpt lat="54.653459" lon="25.2067344">
        <ele>96</ele>
      </trkpt>
      <trkpt lat="54.6534719" lon="25.2067696">
        <ele>96</ele>
      </trkpt>
      <trkpt lat="54.6534804" lon="25.2068018">
        <ele>96</ele>
      </trkpt>
      <trkpt lat="54.653489" lon="25.206834">
        <ele>96</ele>
      </trkpt>
      <trkpt lat="54.6534957" lon="25.2068656">
        <ele>96</ele>
      </trkpt>
      <trkpt lat="54.6535024" lon="25.2068972">
        <ele>96</ele>
      </trkpt>
      <trkpt lat="54.6535107" lon="25.2069292">
        <ele>96</ele>
      </trkpt>
      <trkpt lat="54.6535191" lon="25.2069612">
        <ele>97</ele>
      </trkpt>
      <trkpt lat="54.6535298" lon="25.2069923">
        <ele>97</ele>
      </trkpt>
      <trkpt lat="54.6535405" lon="25.2070235">
        <ele>97</ele>
      </trkpt>
      <trkpt lat="54.6535526" lon="25.2070545">
        <ele>97</ele>
      </trkpt>
      <trkpt lat="54.6535647" lon="25.2070856">
        <ele>97</ele>
      </trkpt>
      <trkpt lat="54.6535783" lon="25.20712">
        <ele>97</ele>
      </trkpt>
      <trkpt lat="54.6535919" lon="25.2071545">
        <ele>97</ele>
      </trkpt>
      <trkpt lat="54.653608" lon="25.2071932">
        <ele>97</ele>
      </trkpt>
      <trkpt lat="54.6536242" lon="25.207232">
        <ele>97</ele>
      </trkpt>
      <trkpt lat="54.6536403" lon="25.2072692">
        <ele>97</ele>
      </trkpt>
      <trkpt lat="54.6536565" lon="25.2073064">
        <ele>97</ele>
      </trkpt>
      <trkpt lat="54.6536717" lon="25.207342">
        <ele>97</ele>
      </trkpt>
      <trkpt lat="54.653687" lon="25.2073777">
        <ele>97</ele>
      </trkpt>
      <trkpt lat="54.6537006" lon="25.207409">
        <ele>97</ele>
      </trkpt>
      <trkpt lat="54.6537143" lon="25.2074403">
        <ele>97</ele>
      </trkpt>
      <trkpt lat="54.6537284" lon="25.2074698">
        <ele>98</ele>
      </trkpt>
      <trkpt lat="54.6537425" lon="25.2074994">
        <ele>98</ele>
      </trkpt>
      <trkpt lat="54.653756" lon="25.2075266">
        <ele>98</ele>
      </trkpt>
      <trkpt lat="54.6537696" lon="25.2075539">
        <ele>98</ele>
      </trkpt>
      <trkpt lat="54.6537843" lon="25.2075782">
        <ele>98</ele>
      </trkpt>
      <trkpt lat="54.6537991" lon="25.2076025">
        <ele>98</ele>
      </trkpt>
      <trkpt lat="54.6538159" lon="25.2076245">
        <ele>98</ele>
      </trkpt>
      <trkpt lat="54.6538327" lon="25.2076466">
        <ele>98</ele>
      </trkpt>
      <trkpt lat="54.6538492" lon="25.2076705">
        <ele>98</ele>
      </trkpt>
      <trkpt lat="54.6538658" lon="25.2076944">
        <ele>98</ele>
      </trkpt>
      <trkpt lat="54.6538792" lon="25.2077241">
        <ele>98</ele>
      </trkpt>
      <trkpt lat="54.6538926" lon="25.2077538">
        <ele>97</ele>
      </trkpt>
      <trkpt lat="54.6539028" lon="25.2077865">
        <ele>97</ele>
      </trkpt>
      <trkpt lat="54.6539131" lon="25.2078192">
        <ele>97</ele>
      </trkpt>
      <trkpt lat="54.6539201" lon="25.2078551">
        <ele>97</ele>
      </trkpt>
      <trkpt lat="54.6539272" lon="25.2078911">
        <ele>97</ele>
      </trkpt>
      <trkpt lat="54.6539311" lon="25.2079279">
        <ele>97</ele>
      </trkpt>
      <trkpt lat="54.6539351" lon="25.2079648">
        <ele>97</ele>
      </trkpt>
      <trkpt lat="54.6539358" lon="25.2079902">
        <ele>97</ele>
      </trkpt>
      <trkpt lat="54.6539365" lon="25.2080156">
        <ele>97</ele>
      </trkpt>
      <trkpt lat="54.6539345" lon="25.2080299">
        <ele>97</ele>
      </trkpt>
      <trkpt lat="54.6539326" lon="25.2080443">
        <ele>97</ele>
      </trkpt>
      <trkpt lat="54.6539358" lon="25.2080611">
        <ele>97</ele>
      </trkpt>
      <trkpt lat="54.653939" lon="25.208078">
        <ele>97</ele>
      </trkpt>
      <trkpt lat="54.6539488" lon="25.2081076">
        <ele>97</ele>
      </trkpt>
      <trkpt lat="54.6539587" lon="25.2081373">
        <ele>97</ele>
      </trkpt>
      <trkpt lat="54.6539717" lon="25.2081727">
        <ele>97</ele>
      </trkpt>
      <trkpt lat="54.6539847" lon="25.2082081">
        <ele>97</ele>
      </trkpt>
      <trkpt lat="54.6540015" lon="25.2082439">
        <ele>97</ele>
      </trkpt>
      <trkpt lat="54.6540184" lon="25.2082798">
        <ele>97</ele>
      </trkpt>
      <trkpt lat="54.6540385" lon="25.2083129">
        <ele>97</ele>
      </trkpt>
      <trkpt lat="54.6540587" lon="25.2083461">
        <ele>97</ele>
      </trkpt>
      <trkpt lat="54.6540808" lon="25.2083762">
        <ele>97</ele>
      </trkpt>
      <trkpt lat="54.6541029" lon="25.2084063">
        <ele>97</ele>
      </trkpt>
      <trkpt lat="54.654124" lon="25.2084363">
        <ele>97</ele>
      </trkpt>
      <trkpt lat="54.6541452" lon="25.2084664">
        <ele>97</ele>
      </trkpt>
      <trkpt lat="54.654164" lon="25.2084968">
        <ele>97</ele>
      </trkpt>
      <trkpt lat="54.6541828" lon="25.2085272">
        <ele>97</ele>
      </trkpt>
      <trkpt lat="54.6542" lon="25.2085591">
        <ele>97</ele>
      </trkpt>
      <trkpt lat="54.6542172" lon="25.2085911">
        <ele>97</ele>
      </trkpt>
      <trkpt lat="54.6542341" lon="25.2086231">
        <ele>97</ele>
      </trkpt>
      <trkpt lat="54.654251" lon="25.2086552">
        <ele>97</ele>
      </trkpt>
      <trkpt lat="54.6542686" lon="25.2086851">
        <ele>97</ele>
      </trkpt>
      <trkpt lat="54.6542862" lon="25.2087151">
        <ele>97</ele>
      </trkpt>
      <trkpt lat="54.6543046" lon="25.208745">
        <ele>97</ele>
      </trkpt>
      <trkpt lat="54.654323" lon="25.2087749">
        <ele>97</ele>
      </trkpt>
      <trkpt lat="54.6543411" lon="25.2088046">
        <ele>97</ele>
      </trkpt>
      <trkpt lat="54.6543593" lon="25.2088344">
        <ele>97</ele>
      </trkpt>
      <trkpt lat="54.6543765" lon="25.2088627">
        <ele>97</ele>
      </trkpt>
      <trkpt lat="54.6543937" lon="25.208891">
        <ele>97</ele>
      </trkpt>
      <trkpt lat="54.6544115" lon="25.2089166">
        <ele>97</ele>
      </trkpt>
      <trkpt lat="54.6544293" lon="25.2089422">
        <ele>97</ele>
      </trkpt>
      <trkpt lat="54.6544459" lon="25.2089657">
        <ele>97</ele>
      </trkpt>
      <trkpt lat="54.6544625" lon="25.2089892">
        <ele>97</ele>
      </trkpt>
      <trkpt lat="54.6544794" lon="25.2090116">
        <ele>97</ele>
      </trkpt>
      <trkpt lat="54.6544963" lon="25.209034">
        <ele>97</ele>
      </trkpt>
      <trkpt lat="54.6545144" lon="25.2090587">
        <ele>97</ele>
      </trkpt>
      <trkpt lat="54.6545326" lon="25.2090835">
        <ele>97</ele>
      </trkpt>
      <trkpt lat="54.6545521" lon="25.2091101">
        <ele>97</ele>
      </trkpt>
      <trkpt lat="54.6545717" lon="25.2091368">
        <ele>97</ele>
      </trkpt>
      <trkpt lat="54.654589" lon="25.2091617">
        <ele>97</ele>
      </trkpt>
      <trkpt lat="54.6546064" lon="25.2091866">
        <ele>97</ele>
      </trkpt>
      <trkpt lat="54.6546223" lon="25.2092087">
        <ele>97</ele>
      </trkpt>
      <trkpt lat="54.6546383" lon="25.2092309">
        <ele>97</ele>
      </trkpt>
      <trkpt lat="54.6546544" lon="25.2092516">
        <ele>97</ele>
      </trkpt>
      <trkpt lat="54.6546706" lon="25.2092723">
        <ele>97</ele>
      </trkpt>
      <trkpt lat="54.6546875" lon="25.2092914">
        <ele>97</ele>
      </trkpt>
      <trkpt lat="54.6547045" lon="25.2093105">
        <ele>97</ele>
      </trkpt>
      <trkpt lat="54.6547211" lon="25.2093288">
        <ele>97</ele>
      </trkpt>
      <trkpt lat="54.6547377" lon="25.2093472">
        <ele>97</ele>
      </trkpt>
      <trkpt lat="54.6547549" lon="25.2093663">
        <ele>97</ele>
      </trkpt>
      <trkpt lat="54.6547721" lon="25.2093854">
        <ele>97</ele>
      </trkpt>
      <trkpt lat="54.6547905" lon="25.209405">
        <ele>97</ele>
      </trkpt>
      <trkpt lat="54.6548089" lon="25.2094247">
        <ele>97</ele>
      </trkpt>
      <trkpt lat="54.6548273" lon="25.2094468">
        <ele>97</ele>
      </trkpt>
      <trkpt lat="54.6548458" lon="25.209469">
        <ele>97</ele>
      </trkpt>
      <trkpt lat="54.6548629" lon="25.2094967">
        <ele>97</ele>
      </trkpt>
      <trkpt lat="54.65488" lon="25.2095244">
        <ele>97</ele>
      </trkpt>
      <trkpt lat="54.6548963" lon="25.2095549">
        <ele>97</ele>
      </trkpt>
      <trkpt lat="54.6549127" lon="25.2095855">
        <ele>97</ele>
      </trkpt>
      <trkpt lat="54.6549294" lon="25.2096193">
        <ele>97</ele>
      </trkpt>
      <trkpt lat="54.6549462" lon="25.2096531">
        <ele>97</ele>
      </trkpt>
      <trkpt lat="54.6549654" lon="25.2096953">
        <ele>97</ele>
      </trkpt>
      <trkpt lat="54.6549847" lon="25.2097375">
        <ele>97</ele>
      </trkpt>
      <trkpt lat="54.6550032" lon="25.2097803">
        <ele>97</ele>
      </trkpt>
      <trkpt lat="54.6550218" lon="25.2098231">
        <ele>97</ele>
      </trkpt>
      <trkpt lat="54.655041" lon="25.2098635">
        <ele>97</ele>
      </trkpt>
      <trkpt lat="54.6550602" lon="25.209904">
        <ele>97</ele>
      </trkpt>
      <trkpt lat="54.6550805" lon="25.2099416">
        <ele>97</ele>
      </trkpt>
      <trkpt lat="54.6551008" lon="25.2099792">
        <ele>97</ele>
      </trkpt>
      <trkpt lat="54.6551225" lon="25.2100157">
        <ele>97</ele>
      </trkpt>
      <trkpt lat="54.6551442" lon="25.2100522">
        <ele>97</ele>
      </trkpt>
      <trkpt lat="54.6551649" lon="25.210086">
        <ele>97</ele>
      </trkpt>
      <trkpt lat="54.6551857" lon="25.2101198">
        <ele>97</ele>
      </trkpt>
      <trkpt lat="54.6552014" lon="25.2101536">
        <ele>97</ele>
      </trkpt>
      <trkpt lat="54.6552171" lon="25.2101875">
        <ele>97</ele>
      </trkpt>
      <trkpt lat="54.6552279" lon="25.2102277">
        <ele>97</ele>
      </trkpt>
      <trkpt lat="54.6552388" lon="25.2102679">
        <ele>97</ele>
      </trkpt>
      <trkpt lat="54.6552461" lon="25.2103108">
        <ele>97</ele>
      </trkpt>
      <trkpt lat="54.6552535" lon="25.2103538">
        <ele>97</ele>
      </trkpt>
      <trkpt lat="54.6552594" lon="25.210393">
        <ele>97</ele>
      </trkpt>
      <trkpt lat="54.6552654" lon="25.2104322">
        <ele>97</ele>
      </trkpt>
      <trkpt lat="54.6552729" lon="25.2104662">
        <ele>97</ele>
      </trkpt>
      <trkpt lat="54.6552805" lon="25.2105002">
        <ele>97</ele>
      </trkpt>
      <trkpt lat="54.6552918" lon="25.2105304">
        <ele>97</ele>
      </trkpt>
      <trkpt lat="54.6553032" lon="25.2105606">
        <ele>97</ele>
      </trkpt>
      <trkpt lat="54.6553169" lon="25.2105887">
        <ele>97</ele>
      </trkpt>
      <trkpt lat="54.6553306" lon="25.2106168">
        <ele>97</ele>
      </trkpt>
      <trkpt lat="54.6553446" lon="25.2106443">
        <ele>97</ele>
      </trkpt>
      <trkpt lat="54.6553586" lon="25.2106719">
        <ele>97</ele>
      </trkpt>
      <trkpt lat="54.6553749" lon="25.2106974">
        <ele>97</ele>
      </trkpt>
      <trkpt lat="54.6553913" lon="25.210723">
        <ele>97</ele>
      </trkpt>
      <trkpt lat="54.6554105" lon="25.2107445">
        <ele>97</ele>
      </trkpt>
      <trkpt lat="54.6554298" lon="25.210766">
        <ele>97</ele>
      </trkpt>
      <trkpt lat="54.6554509" lon="25.2107877">
        <ele>97</ele>
      </trkpt>
      <trkpt lat="54.655472" lon="25.2108094">
        <ele>97</ele>
      </trkpt>
      <trkpt lat="54.655494" lon="25.2108331">
        <ele>97</ele>
      </trkpt>
      <trkpt lat="54.655516" lon="25.2108569">
        <ele>97</ele>
      </trkpt>
      <trkpt lat="54.655538" lon="25.2108831">
        <ele>97</ele>
      </trkpt>
      <trkpt lat="54.65556" lon="25.2109093">
        <ele>97</ele>
      </trkpt>
      <trkpt lat="54.655578" lon="25.2109426">
        <ele>98</ele>
      </trkpt>
      <trkpt lat="54.6555961" lon="25.210976">
        <ele>98</ele>
      </trkpt>
      <trkpt lat="54.6556021" lon="25.2110139">
        <ele>98</ele>
      </trkpt>
      <trkpt lat="54.6556082" lon="25.2110518">
        <ele>98</ele>
      </trkpt>
      <trkpt lat="54.6556006" lon="25.2110841">
        <ele>98</ele>
      </trkpt>
      <trkpt lat="54.6555931" lon="25.2111165">
        <ele>98</ele>
      </trkpt>
      <trkpt lat="54.655578" lon="25.211142">
        <ele>98</ele>
      </trkpt>
      <trkpt lat="54.655563" lon="25.2111676">
        <ele>98</ele>
      </trkpt>
      <trkpt lat="54.655547" lon="25.2111908">
        <ele>98</ele>
      </trkpt>
      <trkpt lat="54.6555311" lon="25.211214">
        <ele>98</ele>
      </trkpt>
      <trkpt lat="54.6555178" lon="25.2112357">
        <ele>99</ele>
      </trkpt>
      <trkpt lat="54.6555046" lon="25.2112575">
        <ele>99</ele>
      </trkpt>
      <trkpt lat="54.6554924" lon="25.2112797">
        <ele>99</ele>
      </trkpt>
      <trkpt lat="54.6554803" lon="25.211302">
        <ele>99</ele>
      </trkpt>
      <trkpt lat="54.6554668" lon="25.2113251">
        <ele>99</ele>
      </trkpt>
      <trkpt lat="54.6554533" lon="25.2113482">
        <ele>99</ele>
      </trkpt>
      <trkpt lat="54.6554376" lon="25.211374">
        <ele>99</ele>
      </trkpt>
      <trkpt lat="54.6554219" lon="25.2113999">
        <ele>99</ele>
      </trkpt>
      <trkpt lat="54.6554054" lon="25.2114325">
        <ele>99</ele>
      </trkpt>
      <trkpt lat="54.655389" lon="25.2114651">
        <ele>99</ele>
      </trkpt>
      <trkpt lat="54.6553712" lon="25.2115023">
        <ele>99</ele>
      </trkpt>
      <trkpt lat="54.6553534" lon="25.2115395">
        <ele>99</ele>
      </trkpt>
      <trkpt lat="54.6553351" lon="25.2115765">
        <ele>99</ele>
      </trkpt>
      <trkpt lat="54.6553169" lon="25.2116136">
        <ele>99</ele>
      </trkpt>
      <trkpt lat="54.6552978" lon="25.2116485">
        <ele>99</ele>
      </trkpt>
      <trkpt lat="54.6552788" lon="25.2116835">
        <ele>100</ele>
      </trkpt>
      <trkpt lat="54.655259" lon="25.2117142">
        <ele>100</ele>
      </trkpt>
      <trkpt lat="54.6552392" lon="25.211745">
        <ele>100</ele>
      </trkpt>
      <trkpt lat="54.655219" lon="25.2117705">
        <ele>100</ele>
      </trkpt>
      <trkpt lat="54.6551989" lon="25.2117961">
        <ele>100</ele>
      </trkpt>
      <trkpt lat="54.6551794" lon="25.2118172">
        <ele>100</ele>
      </trkpt>
      <trkpt lat="54.6551599" lon="25.2118384">
        <ele>100</ele>
      </trkpt>
      <trkpt lat="54.655139" lon="25.2118571">
        <ele>100</ele>
      </trkpt>
      <trkpt lat="54.6551181" lon="25.2118758">
        <ele>100</ele>
      </trkpt>
      <trkpt lat="54.6550992" lon="25.2118913">
        <ele>100</ele>
      </trkpt>
      <trkpt lat="54.6550803" lon="25.2119069">
        <ele>100</ele>
      </trkpt>
      <trkpt lat="54.655064" lon="25.2119236">
        <ele>100</ele>
      </trkpt>
      <trkpt lat="54.6550478" lon="25.2119404">
        <ele>100</ele>
      </trkpt>
      <trkpt lat="54.6550339" lon="25.211963">
        <ele>100</ele>
      </trkpt>
      <trkpt lat="54.6550201" lon="25.2119856">
        <ele>100</ele>
      </trkpt>
      <trkpt lat="54.6550106" lon="25.2120155">
        <ele>100</ele>
      </trkpt>
      <trkpt lat="54.6550011" lon="25.2120454">
        <ele>99</ele>
      </trkpt>
      <trkpt lat="54.6549984" lon="25.2120832">
        <ele>99</ele>
      </trkpt>
      <trkpt lat="54.6549957" lon="25.2121211">
        <ele>99</ele>
      </trkpt>
      <trkpt lat="54.6550014" lon="25.2121609">
        <ele>99</ele>
      </trkpt>
      <trkpt lat="54.6550072" lon="25.2122008">
        <ele>99</ele>
      </trkpt>
      <trkpt lat="54.6550169" lon="25.2122419">
        <ele>99</ele>
      </trkpt>
      <trkpt lat="54.6550267" lon="25.212283">
        <ele>99</ele>
      </trkpt>
      <trkpt lat="54.655039" lon="25.2123237">
        <ele>99</ele>
      </trkpt>
      <trkpt lat="54.6550514" lon="25.2123645">
        <ele>99</ele>
      </trkpt>
      <trkpt lat="54.6550673" lon="25.2124036">
        <ele>99</ele>
      </trkpt>
      <trkpt lat="54.6550832" lon="25.2124428">
        <ele>99</ele>
      </trkpt>
      <trkpt lat="54.6551012" lon="25.2124803">
        <ele>99</ele>
      </trkpt>
      <trkpt lat="54.6551193" lon="25.2125179">
        <ele>99</ele>
      </trkpt>
      <trkpt lat="54.6551354" lon="25.2125519">
        <ele>99</ele>
      </trkpt>
      <trkpt lat="54.6551516" lon="25.2125859">
        <ele>99</ele>
      </trkpt>
      <trkpt lat="54.6551632" lon="25.2126191">
        <ele>99</ele>
      </trkpt>
      <trkpt lat="54.6551749" lon="25.2126523">
        <ele>99</ele>
      </trkpt>
      <trkpt lat="54.6551841" lon="25.2126882">
        <ele>99</ele>
      </trkpt>
      <trkpt lat="54.6551933" lon="25.2127242">
        <ele>99</ele>
      </trkpt>
      <trkpt lat="54.6552024" lon="25.212762">
        <ele>100</ele>
      </trkpt>
      <trkpt lat="54.6552116" lon="25.2127998">
        <ele>100</ele>
      </trkpt>
      <trkpt lat="54.6552222" lon="25.212836">
        <ele>100</ele>
      </trkpt>
      <trkpt lat="54.6552329" lon="25.2128723">
        <ele>100</ele>
      </trkpt>
      <trkpt lat="54.6552461" lon="25.2129101">
        <ele>100</ele>
      </trkpt>
      <trkpt lat="54.6552593" lon="25.2129479">
        <ele>100</ele>
      </trkpt>
      <trkpt lat="54.6552721" lon="25.2129841">
        <ele>100</ele>
      </trkpt>
      <trkpt lat="54.6552849" lon="25.2130204">
        <ele>100</ele>
      </trkpt>
      <trkpt lat="54.6552962" lon="25.2130531">
        <ele>100</ele>
      </trkpt>
      <trkpt lat="54.6553076" lon="25.2130858">
        <ele>100</ele>
      </trkpt>
      <trkpt lat="54.6553193" lon="25.2131162">
        <ele>100</ele>
      </trkpt>
      <trkpt lat="54.655331" lon="25.2131466">
        <ele>100</ele>
      </trkpt>
      <trkpt lat="54.6553423" lon="25.213178">
        <ele>100</ele>
      </trkpt>
      <trkpt lat="54.6553537" lon="25.2132095">
        <ele>100</ele>
      </trkpt>
      <trkpt lat="54.6553669" lon="25.2132438">
        <ele>100</ele>
      </trkpt>
      <trkpt lat="54.6553801" lon="25.2132781">
        <ele>101</ele>
      </trkpt>
      <trkpt lat="54.6553948" lon="25.2133112">
        <ele>100</ele>
      </trkpt>
      <trkpt lat="54.6554095" lon="25.2133444">
        <ele>100</ele>
      </trkpt>
      <trkpt lat="54.6554229" lon="25.2133785">
        <ele>100</ele>
      </trkpt>
      <trkpt lat="54.6554364" lon="25.2134126">
        <ele>100</ele>
      </trkpt>
      <trkpt lat="54.6554479" lon="25.2134487">
        <ele>100</ele>
      </trkpt>
      <trkpt lat="54.6554594" lon="25.2134848">
        <ele>100</ele>
      </trkpt>
      <trkpt lat="54.6554713" lon="25.2135206">
        <ele>100</ele>
      </trkpt>
      <trkpt lat="54.6554833" lon="25.2135565">
        <ele>100</ele>
      </trkpt>
      <trkpt lat="54.6554961" lon="25.2135939">
        <ele>100</ele>
      </trkpt>
      <trkpt lat="54.6555089" lon="25.2136313">
        <ele>101</ele>
      </trkpt>
      <trkpt lat="54.6555229" lon="25.2136729">
        <ele>100</ele>
      </trkpt>
      <trkpt lat="54.655537" lon="25.2137146">
        <ele>100</ele>
      </trkpt>
      <trkpt lat="54.6555523" lon="25.2137617">
        <ele>100</ele>
      </trkpt>
      <trkpt lat="54.6555676" lon="25.2138089">
        <ele>100</ele>
      </trkpt>
      <trkpt lat="54.655584" lon="25.213851">
        <ele>100</ele>
      </trkpt>
      <trkpt lat="54.6556004" lon="25.2138932">
        <ele>100</ele>
      </trkpt>
      <trkpt lat="54.655616" lon="25.213932">
        <ele>100</ele>
      </trkpt>
      <trkpt lat="54.6556317" lon="25.2139708">
        <ele>100</ele>
      </trkpt>
      <trkpt lat="54.6556448" lon="25.2140129">
        <ele>100</ele>
      </trkpt>
      <trkpt lat="54.6556579" lon="25.214055">
        <ele>100</ele>
      </trkpt>
      <trkpt lat="54.6556711" lon="25.2140962">
        <ele>100</ele>
      </trkpt>
      <trkpt lat="54.6556844" lon="25.2141374">
        <ele>100</ele>
      </trkpt>
      <trkpt lat="54.6556998" lon="25.2141753">
        <ele>100</ele>
      </trkpt>
      <trkpt lat="54.6557152" lon="25.2142133">
        <ele>100</ele>
      </trkpt>
      <trkpt lat="54.6557328" lon="25.2142512">
        <ele>100</ele>
      </trkpt>
      <trkpt lat="54.6557505" lon="25.2142892">
        <ele>100</ele>
      </trkpt>
      <trkpt lat="54.6557663" lon="25.2143272">
        <ele>100</ele>
      </trkpt>
      <trkpt lat="54.6557822" lon="25.2143652">
        <ele>100</ele>
      </trkpt>
      <trkpt lat="54.6557921" lon="25.214403">
        <ele>100</ele>
      </trkpt>
      <trkpt lat="54.6558021" lon="25.2144408">
        <ele>100</ele>
      </trkpt>
      <trkpt lat="54.655809" lon="25.2144795">
        <ele>100</ele>
      </trkpt>
      <trkpt lat="54.6558159" lon="25.2145182">
        <ele>100</ele>
      </trkpt>
      <trkpt lat="54.6558272" lon="25.2145604">
        <ele>100</ele>
      </trkpt>
      <trkpt lat="54.6558386" lon="25.2146027">
        <ele>100</ele>
      </trkpt>
      <trkpt lat="54.6558511" lon="25.2146477">
        <ele>100</ele>
      </trkpt>
      <trkpt lat="54.6558636" lon="25.2146927">
        <ele>100</ele>
      </trkpt>
      <trkpt lat="54.655875" lon="25.2147401">
        <ele>100</ele>
      </trkpt>
      <trkpt lat="54.6558865" lon="25.2147875">
        <ele>100</ele>
      </trkpt>
      <trkpt lat="54.6558965" lon="25.2148346">
        <ele>100</ele>
      </trkpt>
      <trkpt lat="54.6559065" lon="25.2148817">
        <ele>100</ele>
      </trkpt>
      <trkpt lat="54.6559159" lon="25.2149258">
        <ele>99</ele>
      </trkpt>
      <trkpt lat="54.6559254" lon="25.21497">
        <ele>99</ele>
      </trkpt>
      <trkpt lat="54.6559331" lon="25.2150074">
        <ele>99</ele>
      </trkpt>
      <trkpt lat="54.6559408" lon="25.2150448">
        <ele>99</ele>
      </trkpt>
      <trkpt lat="54.6559467" lon="25.2150744">
        <ele>99</ele>
      </trkpt>
      <trkpt lat="54.6559526" lon="25.215104">
        <ele>99</ele>
      </trkpt>
      <trkpt lat="54.6559565" lon="25.2151266">
        <ele>99</ele>
      </trkpt>
      <trkpt lat="54.6559605" lon="25.2151492">
        <ele>99</ele>
      </trkpt>
      <trkpt lat="54.6559641" lon="25.2151714">
        <ele>99</ele>
      </trkpt>
      <trkpt lat="54.6559677" lon="25.2151937">
        <ele>100</ele>
      </trkpt>
      <trkpt lat="54.6559707" lon="25.2152216">
        <ele>99</ele>
      </trkpt>
      <trkpt lat="54.6559737" lon="25.2152496">
        <ele>99</ele>
      </trkpt>
      <trkpt lat="54.6559779" lon="25.215284">
        <ele>99</ele>
      </trkpt>
      <trkpt lat="54.6559822" lon="25.2153185">
        <ele>99</ele>
      </trkpt>
      <trkpt lat="54.6559911" lon="25.2153584">
        <ele>99</ele>
      </trkpt>
      <trkpt lat="54.656" lon="25.2153983">
        <ele>99</ele>
      </trkpt>
      <trkpt lat="54.6560168" lon="25.2154393">
        <ele>99</ele>
      </trkpt>
      <trkpt lat="54.6560336" lon="25.2154804">
        <ele>99</ele>
      </trkpt>
      <trkpt lat="54.6560569" lon="25.2155197">
        <ele>99</ele>
      </trkpt>
      <trkpt lat="54.6560802" lon="25.2155591">
        <ele>99</ele>
      </trkpt>
      <trkpt lat="54.6561048" lon="25.2155948">
        <ele>99</ele>
      </trkpt>
      <trkpt lat="54.6561295" lon="25.2156306">
        <ele>99</ele>
      </trkpt>
      <trkpt lat="54.6561495" lon="25.2156628">
        <ele>99</ele>
      </trkpt>
      <trkpt lat="54.6561696" lon="25.215695">
        <ele>99</ele>
      </trkpt>
      <trkpt lat="54.6561886" lon="25.2157304">
        <ele>99</ele>
      </trkpt>
      <trkpt lat="54.6562077" lon="25.2157659">
        <ele>99</ele>
      </trkpt>
      <trkpt lat="54.6562255" lon="25.2157998">
        <ele>99</ele>
      </trkpt>
      <trkpt lat="54.6562433" lon="25.2158338">
        <ele>99</ele>
      </trkpt>
      <trkpt lat="54.6562592" lon="25.2158618">
        <ele>99</ele>
      </trkpt>
      <trkpt lat="54.6562751" lon="25.2158898">
        <ele>99</ele>
      </trkpt>
      <trkpt lat="54.6562914" lon="25.2159132">
        <ele>99</ele>
      </trkpt>
      <trkpt lat="54.6563078" lon="25.2159366">
        <ele>99</ele>
      </trkpt>
      <trkpt lat="54.6563262" lon="25.2159596">
        <ele>99</ele>
      </trkpt>
      <trkpt lat="54.6563446" lon="25.2159827">
        <ele>99</ele>
      </trkpt>
      <trkpt lat="54.6563648" lon="25.2160077">
        <ele>100</ele>
      </trkpt>
      <trkpt lat="54.656385" lon="25.2160327">
        <ele>100</ele>
      </trkpt>
      <trkpt lat="54.6564039" lon="25.216062">
        <ele>100</ele>
      </trkpt>
      <trkpt lat="54.6564229" lon="25.2160913">
        <ele>100</ele>
      </trkpt>
      <trkpt lat="54.6564414" lon="25.2161266">
        <ele>100</ele>
      </trkpt>
      <trkpt lat="54.6564599" lon="25.216162">
        <ele>100</ele>
      </trkpt>
      <trkpt lat="54.6564775" lon="25.2161976">
        <ele>100</ele>
      </trkpt>
      <trkpt lat="54.6564952" lon="25.2162332">
        <ele>100</ele>
      </trkpt>
      <trkpt lat="54.6565102" lon="25.216267">
        <ele>100</ele>
      </trkpt>
      <trkpt lat="54.6565253" lon="25.2163009">
        <ele>100</ele>
      </trkpt>
      <trkpt lat="54.6565376" lon="25.2163356">
        <ele>100</ele>
      </trkpt>
      <trkpt lat="54.65655" lon="25.2163704">
        <ele>100</ele>
      </trkpt>
      <trkpt lat="54.6565603" lon="25.2164052">
        <ele>100</ele>
      </trkpt>
      <trkpt lat="54.6565707" lon="25.2164401">
        <ele>100</ele>
      </trkpt>
      <trkpt lat="54.6565821" lon="25.2164723">
        <ele>100</ele>
      </trkpt>
      <trkpt lat="54.6565935" lon="25.2165045">
        <ele>100</ele>
      </trkpt>
      <trkpt lat="54.6566058" lon="25.2165352">
        <ele>100</ele>
      </trkpt>
      <trkpt lat="54.6566182" lon="25.2165659">
        <ele>100</ele>
      </trkpt>
      <trkpt lat="54.6566332" lon="25.2166004">
        <ele>100</ele>
      </trkpt>
      <trkpt lat="54.6566483" lon="25.2166349">
        <ele>100</ele>
      </trkpt>
      <trkpt lat="54.6566667" lon="25.216676">
        <ele>100</ele>
      </trkpt>
      <trkpt lat="54.6566851" lon="25.2167171">
        <ele>100</ele>
      </trkpt>
      <trkpt lat="54.6567043" lon="25.2167608">
        <ele>100</ele>
      </trkpt>
      <trkpt lat="54.6567235" lon="25.2168045">
        <ele>100</ele>
      </trkpt>
      <trkpt lat="54.6567411" lon="25.2168446">
        <ele>100</ele>
      </trkpt>
      <trkpt lat="54.6567588" lon="25.2168847">
        <ele>100</ele>
      </trkpt>
      <trkpt lat="54.6567743" lon="25.216924">
        <ele>100</ele>
      </trkpt>
      <trkpt lat="54.6567899" lon="25.2169633">
        <ele>100</ele>
      </trkpt>
      <trkpt lat="54.656805" lon="25.2170059">
        <ele>100</ele>
      </trkpt>
      <trkpt lat="54.6568201" lon="25.2170485">
        <ele>100</ele>
      </trkpt>
      <trkpt lat="54.6568338" lon="25.2170922">
        <ele>100</ele>
      </trkpt>
      <trkpt lat="54.6568475" lon="25.217136">
        <ele>100</ele>
      </trkpt>
      <trkpt lat="54.6568606" lon="25.2171815">
        <ele>100</ele>
      </trkpt>
      <trkpt lat="54.6568738" lon="25.2172271">
        <ele>100</ele>
      </trkpt>
      <trkpt lat="54.6568842" lon="25.2172703">
        <ele>100</ele>
      </trkpt>
      <trkpt lat="54.6568947" lon="25.2173135">
        <ele>100</ele>
      </trkpt>
      <trkpt lat="54.6569041" lon="25.2173545">
        <ele>100</ele>
      </trkpt>
      <trkpt lat="54.6569135" lon="25.2173956">
        <ele>100</ele>
      </trkpt>
      <trkpt lat="54.6569244" lon="25.2174344">
        <ele>100</ele>
      </trkpt>
      <trkpt lat="54.6569353" lon="25.2174732">
        <ele>100</ele>
      </trkpt>
      <trkpt lat="54.6569466" lon="25.2175098">
        <ele>100</ele>
      </trkpt>
      <trkpt lat="54.6569579" lon="25.2175464">
        <ele>100</ele>
      </trkpt>
      <trkpt lat="54.6569687" lon="25.2175822">
        <ele>100</ele>
      </trkpt>
      <trkpt lat="54.6569795" lon="25.217618">
        <ele>100</ele>
      </trkpt>
      <trkpt lat="54.6569914" lon="25.2176535">
        <ele>100</ele>
      </trkpt>
      <trkpt lat="54.6570034" lon="25.2176891">
        <ele>100</ele>
      </trkpt>
      <trkpt lat="54.6570166" lon="25.2177262">
        <ele>100</ele>
      </trkpt>
      <trkpt lat="54.6570299" lon="25.2177633">
        <ele>100</ele>
      </trkpt>
      <trkpt lat="54.657044" lon="25.2177993">
        <ele>100</ele>
      </trkpt>
      <trkpt lat="54.6570581" lon="25.2178353">
        <ele>100</ele>
      </trkpt>
      <trkpt lat="54.6570756" lon="25.2178692">
        <ele>100</ele>
      </trkpt>
      <trkpt lat="54.6570931" lon="25.2179031">
        <ele>99</ele>
      </trkpt>
      <trkpt lat="54.6571119" lon="25.2179363">
        <ele>99</ele>
      </trkpt>
      <trkpt lat="54.6571307" lon="25.2179695">
        <ele>99</ele>
      </trkpt>
      <trkpt lat="54.6571469" lon="25.2180097">
        <ele>99</ele>
      </trkpt>
      <trkpt lat="54.6571631" lon="25.2180499">
        <ele>99</ele>
      </trkpt>
      <trkpt lat="54.65718" lon="25.2180991">
        <ele>99</ele>
      </trkpt>
      <trkpt lat="54.6571969" lon="25.2181484">
        <ele>99</ele>
      </trkpt>
      <trkpt lat="54.6572161" lon="25.2181893">
        <ele>99</ele>
      </trkpt>
      <trkpt lat="54.6572353" lon="25.2182302">
        <ele>99</ele>
      </trkpt>
      <trkpt lat="54.6572549" lon="25.2182583">
        <ele>99</ele>
      </trkpt>
      <trkpt lat="54.6572746" lon="25.2182864">
        <ele>99</ele>
      </trkpt>
      <trkpt lat="54.6572944" lon="25.2183027">
        <ele>99</ele>
      </trkpt>
      <trkpt lat="54.6573142" lon="25.2183191">
        <ele>99</ele>
      </trkpt>
      <trkpt lat="54.6573344" lon="25.2183258">
        <ele>99</ele>
      </trkpt>
      <trkpt lat="54.6573547" lon="25.2183326">
        <ele>100</ele>
      </trkpt>
      <trkpt lat="54.6573759" lon="25.2183335">
        <ele>100</ele>
      </trkpt>
      <trkpt lat="54.6573971" lon="25.2183344">
        <ele>100</ele>
      </trkpt>
      <trkpt lat="54.6574187" lon="25.2183325">
        <ele>100</ele>
      </trkpt>
      <trkpt lat="54.6574404" lon="25.2183307">
        <ele>100</ele>
      </trkpt>
      <trkpt lat="54.6574648" lon="25.2183276">
        <ele>100</ele>
      </trkpt>
      <trkpt lat="54.6574893" lon="25.2183245">
        <ele>100</ele>
      </trkpt>
      <trkpt lat="54.6575139" lon="25.21832">
        <ele>100</ele>
      </trkpt>
      <trkpt lat="54.6575385" lon="25.2183155">
        <ele>100</ele>
      </trkpt>
      <trkpt lat="54.6575656" lon="25.2183087">
        <ele>100</ele>
      </trkpt>
      <trkpt lat="54.6575927" lon="25.218302">
        <ele>101</ele>
      </trkpt>
      <trkpt lat="54.6576203" lon="25.218293">
        <ele>101</ele>
      </trkpt>
      <trkpt lat="54.657648" lon="25.2182841">
        <ele>101</ele>
      </trkpt>
      <trkpt lat="54.6576732" lon="25.2182758">
        <ele>101</ele>
      </trkpt>
      <trkpt lat="54.6576985" lon="25.2182676">
        <ele>101</ele>
      </trkpt>
      <trkpt lat="54.6577177" lon="25.2182641">
        <ele>101</ele>
      </trkpt>
      <trkpt lat="54.657737" lon="25.2182607">
        <ele>101</ele>
      </trkpt>
      <trkpt lat="54.6577526" lon="25.2182597">
        <ele>101</ele>
      </trkpt>
      <trkpt lat="54.6577683" lon="25.2182588">
        <ele>101</ele>
      </trkpt>
      <trkpt lat="54.6577862" lon="25.2182563">
        <ele>101</ele>
      </trkpt>
      <trkpt lat="54.6578042" lon="25.2182539">
        <ele>101</ele>
      </trkpt>
      <trkpt lat="54.657829" lon="25.2182513">
        <ele>101</ele>
      </trkpt>
      <trkpt lat="54.6578538" lon="25.2182488">
        <ele>101</ele>
      </trkpt>
      <trkpt lat="54.6578831" lon="25.2182464">
        <ele>101</ele>
      </trkpt>
      <trkpt lat="54.6579124" lon="25.2182441">
        <ele>101</ele>
      </trkpt>
      <trkpt lat="54.6579409" lon="25.2182353">
        <ele>102</ele>
      </trkpt>
      <trkpt lat="54.6579695" lon="25.2182266">
        <ele>102</ele>
      </trkpt>
      <trkpt lat="54.6579954" lon="25.2182132">
        <ele>102</ele>
      </trkpt>
      <trkpt lat="54.6580213" lon="25.2181998">
        <ele>102</ele>
      </trkpt>
      <trkpt lat="54.6580467" lon="25.218189">
        <ele>102</ele>
      </trkpt>
      <trkpt lat="54.6580721" lon="25.2181782">
        <ele>102</ele>
      </trkpt>
      <trkpt lat="54.6580983" lon="25.2181737">
        <ele>102</ele>
      </trkpt>
      <trkpt lat="54.6581246" lon="25.2181693">
        <ele>102</ele>
      </trkpt>
      <trkpt lat="54.6581519" lon="25.2181675">
        <ele>102</ele>
      </trkpt>
      <trkpt lat="54.6581792" lon="25.2181658">
        <ele>102</ele>
      </trkpt>
      <trkpt lat="54.6582067" lon="25.2181621">
        <ele>102</ele>
      </trkpt>
      <trkpt lat="54.6582343" lon="25.2181585">
        <ele>101</ele>
      </trkpt>
      <trkpt lat="54.658262" lon="25.2181519">
        <ele>101</ele>
      </trkpt>
      <trkpt lat="54.6582897" lon="25.2181454">
        <ele>101</ele>
      </trkpt>
      <trkpt lat="54.6583174" lon="25.2181367">
        <ele>101</ele>
      </trkpt>
      <trkpt lat="54.6583452" lon="25.218128">
        <ele>101</ele>
      </trkpt>
      <trkpt lat="54.6583715" lon="25.2181197">
        <ele>101</ele>
      </trkpt>
      <trkpt lat="54.6583979" lon="25.2181114">
        <ele>101</ele>
      </trkpt>
      <trkpt lat="54.6584245" lon="25.2181056">
        <ele>101</ele>
      </trkpt>
      <trkpt lat="54.6584512" lon="25.2180998">
        <ele>101</ele>
      </trkpt>
      <trkpt lat="54.65848" lon="25.218095">
        <ele>101</ele>
      </trkpt>
      <trkpt lat="54.6585088" lon="25.2180902">
        <ele>100</ele>
      </trkpt>
      <trkpt lat="54.6585391" lon="25.218087">
        <ele>100</ele>
      </trkpt>
      <trkpt lat="54.6585695" lon="25.2180838">
        <ele>100</ele>
      </trkpt>
      <trkpt lat="54.6585969" lon="25.2180825">
        <ele>100</ele>
      </trkpt>
      <trkpt lat="54.6586244" lon="25.2180812">
        <ele>100</ele>
      </trkpt>
      <trkpt lat="54.6586501" lon="25.2180798">
        <ele>99</ele>
      </trkpt>
      <trkpt lat="54.6586759" lon="25.2180784">
        <ele>99</ele>
      </trkpt>
      <trkpt lat="54.6587008" lon="25.2180771">
        <ele>99</ele>
      </trkpt>
      <trkpt lat="54.6587257" lon="25.2180759">
        <ele>99</ele>
      </trkpt>
      <trkpt lat="54.6587476" lon="25.2180758">
        <ele>99</ele>
      </trkpt>
      <trkpt lat="54.6587696" lon="25.2180758">
        <ele>99</ele>
      </trkpt>
      <trkpt lat="54.65879" lon="25.2180741">
        <ele>99</ele>
      </trkpt>
      <trkpt lat="54.6588105" lon="25.2180725">
        <ele>99</ele>
      </trkpt>
      <trkpt lat="54.6588308" lon="25.218072">
        <ele>99</ele>
      </trkpt>
      <trkpt lat="54.6588512" lon="25.2180716">
        <ele>99</ele>
      </trkpt>
      <trkpt lat="54.6588762" lon="25.2180696">
        <ele>99</ele>
      </trkpt>
      <trkpt lat="54.6589012" lon="25.2180676">
        <ele>99</ele>
      </trkpt>
      <trkpt lat="54.6589316" lon="25.2180638">
        <ele>99</ele>
      </trkpt>
      <trkpt lat="54.6589621" lon="25.21806">
        <ele>99</ele>
      </trkpt>
      <trkpt lat="54.6589949" lon="25.2180573">
        <ele>99</ele>
      </trkpt>
      <trkpt lat="54.6590278" lon="25.2180546">
        <ele>98</ele>
      </trkpt>
      <trkpt lat="54.6590591" lon="25.2180505">
        <ele>98</ele>
      </trkpt>
      <trkpt lat="54.6590904" lon="25.2180464">
        <ele>98</ele>
      </trkpt>
      <trkpt lat="54.6591183" lon="25.2180422">
        <ele>98</ele>
      </trkpt>
      <trkpt lat="54.6591463" lon="25.218038">
        <ele>98</ele>
      </trkpt>
      <trkpt lat="54.6591746" lon="25.2180391">
        <ele>97</ele>
      </trkpt>
      <trkpt lat="54.659203" lon="25.2180402">
        <ele>97</ele>
      </trkpt>
      <trkpt lat="54.6592333" lon="25.2180437">
        <ele>97</ele>
      </trkpt>
      <trkpt lat="54.6592636" lon="25.2180473">
        <ele>97</ele>
      </trkpt>
      <trkpt lat="54.6592951" lon="25.218053">
        <ele>97</ele>
      </trkpt>
      <trkpt lat="54.6593267" lon="25.2180588">
        <ele>97</ele>
      </trkpt>
      <trkpt lat="54.6593566" lon="25.2180665">
        <ele>97</ele>
      </trkpt>
      <trkpt lat="54.6593866" lon="25.2180742">
        <ele>97</ele>
      </trkpt>
      <trkpt lat="54.6594158" lon="25.2180815">
        <ele>97</ele>
      </trkpt>
      <trkpt lat="54.6594451" lon="25.2180889">
        <ele>97</ele>
      </trkpt>
      <trkpt lat="54.6594743" lon="25.2180933">
        <ele>97</ele>
      </trkpt>
      <trkpt lat="54.6595036" lon="25.2180977">
        <ele>97</ele>
      </trkpt>
      <trkpt lat="54.6595294" lon="25.2181035">
        <ele>97</ele>
      </trkpt>
      <trkpt lat="54.6595552" lon="25.2181093">
        <ele>97</ele>
      </trkpt>
      <trkpt lat="54.6595798" lon="25.2181193">
        <ele>97</ele>
      </trkpt>
      <trkpt lat="54.6596045" lon="25.2181294">
        <ele>97</ele>
      </trkpt>
      <trkpt lat="54.6596306" lon="25.2181404">
        <ele>97</ele>
      </trkpt>
      <trkpt lat="54.6596567" lon="25.2181515">
        <ele>97</ele>
      </trkpt>
      <trkpt lat="54.6596858" lon="25.2181659">
        <ele>97</ele>
      </trkpt>
      <trkpt lat="54.659715" lon="25.2181804">
        <ele>97</ele>
      </trkpt>
      <trkpt lat="54.6597448" lon="25.2181988">
        <ele>97</ele>
      </trkpt>
      <trkpt lat="54.6597747" lon="25.2182173">
        <ele>97</ele>
      </trkpt>
      <trkpt lat="54.659803" lon="25.2182403">
        <ele>97</ele>
      </trkpt>
      <trkpt lat="54.6598314" lon="25.2182634">
        <ele>97</ele>
      </trkpt>
      <trkpt lat="54.6598585" lon="25.2182876">
        <ele>97</ele>
      </trkpt>
      <trkpt lat="54.6598856" lon="25.2183119">
        <ele>97</ele>
      </trkpt>
      <trkpt lat="54.6599113" lon="25.2183347">
        <ele>97</ele>
      </trkpt>
      <trkpt lat="54.6599371" lon="25.2183576">
        <ele>97</ele>
      </trkpt>
      <trkpt lat="54.6599576" lon="25.2183781">
        <ele>97</ele>
      </trkpt>
      <trkpt lat="54.6599781" lon="25.2183987">
        <ele>98</ele>
      </trkpt>
      <trkpt lat="54.6599938" lon="25.218417">
        <ele>98</ele>
      </trkpt>
      <trkpt lat="54.6600095" lon="25.2184353">
        <ele>98</ele>
      </trkpt>
      <trkpt lat="54.6600249" lon="25.2184571">
        <ele>98</ele>
      </trkpt>
      <trkpt lat="54.6600403" lon="25.2184789">
        <ele>98</ele>
      </trkpt>
      <trkpt lat="54.6600581" lon="25.2185032">
        <ele>98</ele>
      </trkpt>
      <trkpt lat="54.6600759" lon="25.2185275">
        <ele>98</ele>
      </trkpt>
      <trkpt lat="54.6600956" lon="25.2185522">
        <ele>98</ele>
      </trkpt>
      <trkpt lat="54.6601154" lon="25.2185769">
        <ele>98</ele>
      </trkpt>
      <trkpt lat="54.6601348" lon="25.2186033">
        <ele>98</ele>
      </trkpt>
      <trkpt lat="54.6601543" lon="25.2186298">
        <ele>98</ele>
      </trkpt>
      <trkpt lat="54.6601717" lon="25.2186593">
        <ele>98</ele>
      </trkpt>
      <trkpt lat="54.6601892" lon="25.2186888">
        <ele>98</ele>
      </trkpt>
      <trkpt lat="54.6602087" lon="25.2187262">
        <ele>98</ele>
      </trkpt>
      <trkpt lat="54.6602282" lon="25.2187636">
        <ele>98</ele>
      </trkpt>
      <trkpt lat="54.66025" lon="25.2188048">
        <ele>98</ele>
      </trkpt>
      <trkpt lat="54.6602719" lon="25.2188461">
        <ele>98</ele>
      </trkpt>
      <trkpt lat="54.6602921" lon="25.2188912">
        <ele>98</ele>
      </trkpt>
      <trkpt lat="54.6603123" lon="25.2189364">
        <ele>98</ele>
      </trkpt>
      <trkpt lat="54.660329" lon="25.2189831">
        <ele>98</ele>
      </trkpt>
      <trkpt lat="54.6603458" lon="25.2190299">
        <ele>98</ele>
      </trkpt>
      <trkpt lat="54.6603663" lon="25.2190723">
        <ele>98</ele>
      </trkpt>
      <trkpt lat="54.6603868" lon="25.2191147">
        <ele>98</ele>
      </trkpt>
      <trkpt lat="54.6604105" lon="25.2191514">
        <ele>98</ele>
      </trkpt>
      <trkpt lat="54.6604342" lon="25.2191882">
        <ele>98</ele>
      </trkpt>
      <trkpt lat="54.6604558" lon="25.2192226">
        <ele>98</ele>
      </trkpt>
      <trkpt lat="54.6604775" lon="25.219257">
        <ele>98</ele>
      </trkpt>
      <trkpt lat="54.6604964" lon="25.2192932">
        <ele>98</ele>
      </trkpt>
      <trkpt lat="54.6605154" lon="25.2193294">
        <ele>98</ele>
      </trkpt>
      <trkpt lat="54.6605306" lon="25.2193655">
        <ele>98</ele>
      </trkpt>
      <trkpt lat="54.6605458" lon="25.2194016">
        <ele>98</ele>
      </trkpt>
      <trkpt lat="54.6605583" lon="25.2194361">
        <ele>98</ele>
      </trkpt>
      <trkpt lat="54.6605709" lon="25.2194706">
        <ele>98</ele>
      </trkpt>
      <trkpt lat="54.6605832" lon="25.2195047">
        <ele>98</ele>
      </trkpt>
      <trkpt lat="54.6605955" lon="25.2195388">
        <ele>98</ele>
      </trkpt>
      <trkpt lat="54.6606085" lon="25.2195749">
        <ele>98</ele>
      </trkpt>
      <trkpt lat="54.6606216" lon="25.219611">
        <ele>98</ele>
      </trkpt>
      <trkpt lat="54.6606397" lon="25.2196465">
        <ele>98</ele>
      </trkpt>
      <trkpt lat="54.6606579" lon="25.219682">
        <ele>98</ele>
      </trkpt>
      <trkpt lat="54.6606779" lon="25.2197149">
        <ele>98</ele>
      </trkpt>
      <trkpt lat="54.6606979" lon="25.2197479">
        <ele>98</ele>
      </trkpt>
      <trkpt lat="54.6607167" lon="25.219775">
        <ele>98</ele>
      </trkpt>
      <trkpt lat="54.6607355" lon="25.2198021">
        <ele>98</ele>
      </trkpt>
      <trkpt lat="54.6607536" lon="25.2198243">
        <ele>98</ele>
      </trkpt>
      <trkpt lat="54.6607718" lon="25.2198465">
        <ele>98</ele>
      </trkpt>
      <trkpt lat="54.6607913" lon="25.2198697">
        <ele>98</ele>
      </trkpt>
      <trkpt lat="54.6608108" lon="25.219893">
        <ele>98</ele>
      </trkpt>
      <trkpt lat="54.6608305" lon="25.2199177">
        <ele>98</ele>
      </trkpt>
      <trkpt lat="54.6608502" lon="25.2199424">
        <ele>98</ele>
      </trkpt>
      <trkpt lat="54.6608702" lon="25.2199712">
        <ele>98</ele>
      </trkpt>
      <trkpt lat="54.6608902" lon="25.22">
        <ele>98</ele>
      </trkpt>
      <trkpt lat="54.6609095" lon="25.2200349">
        <ele>98</ele>
      </trkpt>
      <trkpt lat="54.6609288" lon="25.2200698">
        <ele>98</ele>
      </trkpt>
      <trkpt lat="54.6609478" lon="25.2201092">
        <ele>98</ele>
      </trkpt>
      <trkpt lat="54.6609669" lon="25.2201487">
        <ele>98</ele>
      </trkpt>
      <trkpt lat="54.6609874" lon="25.2201884">
        <ele>98</ele>
      </trkpt>
      <trkpt lat="54.661008" lon="25.2202282">
        <ele>98</ele>
      </trkpt>
      <trkpt lat="54.6610302" lon="25.2202652">
        <ele>98</ele>
      </trkpt>
      <trkpt lat="54.6610524" lon="25.2203022">
        <ele>98</ele>
      </trkpt>
      <trkpt lat="54.6610768" lon="25.2203403">
        <ele>98</ele>
      </trkpt>
      <trkpt lat="54.6611013" lon="25.2203785">
        <ele>98</ele>
      </trkpt>
      <trkpt lat="54.661124" lon="25.2204184">
        <ele>98</ele>
      </trkpt>
      <trkpt lat="54.6611468" lon="25.2204584">
        <ele>98</ele>
      </trkpt>
      <trkpt lat="54.6611653" lon="25.2204956">
        <ele>98</ele>
      </trkpt>
      <trkpt lat="54.6611838" lon="25.2205329">
        <ele>98</ele>
      </trkpt>
      <trkpt lat="54.6612003" lon="25.2205686">
        <ele>98</ele>
      </trkpt>
      <trkpt lat="54.6612168" lon="25.2206043">
        <ele>98</ele>
      </trkpt>
      <trkpt lat="54.6612326" lon="25.220636">
        <ele>98</ele>
      </trkpt>
      <trkpt lat="54.6612484" lon="25.2206678">
        <ele>98</ele>
      </trkpt>
      <trkpt lat="54.6612658" lon="25.2206976">
        <ele>98</ele>
      </trkpt>
      <trkpt lat="54.6612833" lon="25.2207275">
        <ele>98</ele>
      </trkpt>
      <trkpt lat="54.6613006" lon="25.2207555">
        <ele>98</ele>
      </trkpt>
      <trkpt lat="54.6613179" lon="25.2207836">
        <ele>98</ele>
      </trkpt>
      <trkpt lat="54.6613365" lon="25.2208109">
        <ele>98</ele>
      </trkpt>
      <trkpt lat="54.6613551" lon="25.2208382">
        <ele>98</ele>
      </trkpt>
      <trkpt lat="54.6613771" lon="25.2208643">
        <ele>98</ele>
      </trkpt>
      <trkpt lat="54.6613992" lon="25.2208905">
        <ele>98</ele>
      </trkpt>
      <trkpt lat="54.6614213" lon="25.2209132">
        <ele>98</ele>
      </trkpt>
      <trkpt lat="54.6614434" lon="25.220936">
        <ele>98</ele>
      </trkpt>
      <trkpt lat="54.6614637" lon="25.2209596">
        <ele>98</ele>
      </trkpt>
      <trkpt lat="54.661484" lon="25.2209833">
        <ele>98</ele>
      </trkpt>
      <trkpt lat="54.6615021" lon="25.2210094">
        <ele>98</ele>
      </trkpt>
      <trkpt lat="54.6615202" lon="25.2210356">
        <ele>98</ele>
      </trkpt>
      <trkpt lat="54.6615359" lon="25.2210637">
        <ele>98</ele>
      </trkpt>
      <trkpt lat="54.6615517" lon="25.2210918">
        <ele>98</ele>
      </trkpt>
      <trkpt lat="54.6615658" lon="25.2211184">
        <ele>98</ele>
      </trkpt>
      <trkpt lat="54.6615799" lon="25.221145">
        <ele>98</ele>
      </trkpt>
      <trkpt lat="54.6615953" lon="25.2211704">
        <ele>98</ele>
      </trkpt>
      <trkpt lat="54.6616108" lon="25.2211958">
        <ele>98</ele>
      </trkpt>
      <trkpt lat="54.6616274" lon="25.2212205">
        <ele>98</ele>
      </trkpt>
      <trkpt lat="54.661644" lon="25.2212453">
        <ele>98</ele>
      </trkpt>
      <trkpt lat="54.6616604" lon="25.2212712">
        <ele>98</ele>
      </trkpt>
      <trkpt lat="54.6616768" lon="25.2212971">
        <ele>98</ele>
      </trkpt>
      <trkpt lat="54.6616962" lon="25.2213299">
        <ele>98</ele>
      </trkpt>
      <trkpt lat="54.6617156" lon="25.2213627">
        <ele>98</ele>
      </trkpt>
      <trkpt lat="54.6617393" lon="25.2214017">
        <ele>98</ele>
      </trkpt>
      <trkpt lat="54.661763" lon="25.2214407">
        <ele>98</ele>
      </trkpt>
      <trkpt lat="54.6617834" lon="25.2214767">
        <ele>98</ele>
      </trkpt>
      <trkpt lat="54.6618039" lon="25.2215127">
        <ele>98</ele>
      </trkpt>
      <trkpt lat="54.6618223" lon="25.2215453">
        <ele>98</ele>
      </trkpt>
      <trkpt lat="54.6618408" lon="25.221578">
        <ele>98</ele>
      </trkpt>
      <trkpt lat="54.6618591" lon="25.2216082">
        <ele>98</ele>
      </trkpt>
      <trkpt lat="54.6618775" lon="25.2216385">
        <ele>98</ele>
      </trkpt>
      <trkpt lat="54.6618957" lon="25.2216674">
        <ele>98</ele>
      </trkpt>
      <trkpt lat="54.6619139" lon="25.2216963">
        <ele>98</ele>
      </trkpt>
      <trkpt lat="54.6619337" lon="25.2217237">
        <ele>98</ele>
      </trkpt>
      <trkpt lat="54.6619535" lon="25.2217512">
        <ele>98</ele>
      </trkpt>
      <trkpt lat="54.661972" lon="25.221779">
        <ele>98</ele>
      </trkpt>
      <trkpt lat="54.6619905" lon="25.2218068">
        <ele>98</ele>
      </trkpt>
      <trkpt lat="54.6620069" lon="25.2218353">
        <ele>98</ele>
      </trkpt>
      <trkpt lat="54.6620234" lon="25.2218639">
        <ele>98</ele>
      </trkpt>
      <trkpt lat="54.6620385" lon="25.2218929">
        <ele>98</ele>
      </trkpt>
      <trkpt lat="54.6620537" lon="25.2219219">
        <ele>98</ele>
      </trkpt>
      <trkpt lat="54.6620725" lon="25.2219543">
        <ele>98</ele>
      </trkpt>
      <trkpt lat="54.6620913" lon="25.2219868">
        <ele>98</ele>
      </trkpt>
      <trkpt lat="54.6621098" lon="25.2220201">
        <ele>98</ele>
      </trkpt>
      <trkpt lat="54.6621284" lon="25.2220535">
        <ele>98</ele>
      </trkpt>
      <trkpt lat="54.6621483" lon="25.2220803">
        <ele>98</ele>
      </trkpt>
      <trkpt lat="54.6621683" lon="25.2221072">
        <ele>98</ele>
      </trkpt>
      <trkpt lat="54.662189" lon="25.2221342">
        <ele>98</ele>
      </trkpt>
      <trkpt lat="54.6622097" lon="25.2221612">
        <ele>99</ele>
      </trkpt>
      <trkpt lat="54.6622288" lon="25.2221919">
        <ele>99</ele>
      </trkpt>
      <trkpt lat="54.6622479" lon="25.2222227">
        <ele>99</ele>
      </trkpt>
      <trkpt lat="54.6622674" lon="25.222259">
        <ele>99</ele>
      </trkpt>
      <trkpt lat="54.6622869" lon="25.2222954">
        <ele>99</ele>
      </trkpt>
      <trkpt lat="54.6623062" lon="25.2223321">
        <ele>99</ele>
      </trkpt>
      <trkpt lat="54.6623256" lon="25.2223688">
        <ele>99</ele>
      </trkpt>
      <trkpt lat="54.6623411" lon="25.2224022">
        <ele>99</ele>
      </trkpt>
      <trkpt lat="54.6623566" lon="25.2224357">
        <ele>99</ele>
      </trkpt>
      <trkpt lat="54.6623664" lon="25.2224687">
        <ele>99</ele>
      </trkpt>
      <trkpt lat="54.6623762" lon="25.2225017">
        <ele>99</ele>
      </trkpt>
      <trkpt lat="54.6623789" lon="25.2225351">
        <ele>99</ele>
      </trkpt>
      <trkpt lat="54.6623817" lon="25.2225686">
        <ele>99</ele>
      </trkpt>
      <trkpt lat="54.6623806" lon="25.2225976">
        <ele>99</ele>
      </trkpt>
      <trkpt lat="54.6623795" lon="25.2226267">
        <ele>99</ele>
      </trkpt>
      <trkpt lat="54.6623854" lon="25.2226514">
        <ele>99</ele>
      </trkpt>
      <trkpt lat="54.6623913" lon="25.2226762">
        <ele>99</ele>
      </trkpt>
      <trkpt lat="54.6624094" lon="25.22271">
        <ele>99</ele>
      </trkpt>
      <trkpt lat="54.6624275" lon="25.2227438">
        <ele>99</ele>
      </trkpt>
      <trkpt lat="54.6624523" lon="25.2227849">
        <ele>99</ele>
      </trkpt>
      <trkpt lat="54.6624772" lon="25.2228261">
        <ele>99</ele>
      </trkpt>
      <trkpt lat="54.6625032" lon="25.222867">
        <ele>99</ele>
      </trkpt>
      <trkpt lat="54.6625293" lon="25.2229079">
        <ele>99</ele>
      </trkpt>
      <trkpt lat="54.6625546" lon="25.2229483">
        <ele>99</ele>
      </trkpt>
      <trkpt lat="54.6625799" lon="25.2229888">
        <ele>99</ele>
      </trkpt>
      <trkpt lat="54.6626027" lon="25.2230291">
        <ele>99</ele>
      </trkpt>
      <trkpt lat="54.6626255" lon="25.2230694">
        <ele>98</ele>
      </trkpt>
      <trkpt lat="54.6626473" lon="25.223106">
        <ele>98</ele>
      </trkpt>
      <trkpt lat="54.6626692" lon="25.2231426">
        <ele>97</ele>
      </trkpt>
      <trkpt lat="54.6626919" lon="25.2231698">
        <ele>97</ele>
      </trkpt>
      <trkpt lat="54.6627146" lon="25.223197">
        <ele>97</ele>
      </trkpt>
      <trkpt lat="54.6627402" lon="25.2232155">
        <ele>96</ele>
      </trkpt>
      <trkpt lat="54.6627659" lon="25.2232341">
        <ele>95</ele>
      </trkpt>
      <trkpt lat="54.6627934" lon="25.2232452">
        <ele>95</ele>
      </trkpt>
      <trkpt lat="54.6628209" lon="25.2232563">
        <ele>94</ele>
      </trkpt>
      <trkpt lat="54.6628487" lon="25.2232644">
        <ele>94</ele>
      </trkpt>
      <trkpt lat="54.6628766" lon="25.2232725">
        <ele>93</ele>
      </trkpt>
      <trkpt lat="54.6629055" lon="25.223282">
        <ele>92</ele>
      </trkpt>
      <trkpt lat="54.6629344" lon="25.2232915">
        <ele>91</ele>
      </trkpt>
      <trkpt lat="54.6629653" lon="25.2233054">
        <ele>90</ele>
      </trkpt>
      <trkpt lat="54.6629962" lon="25.2233194">
        <ele>89</ele>
      </trkpt>
      <trkpt lat="54.663031" lon="25.2233392">
        <ele>88</ele>
      </trkpt>
      <trkpt lat="54.6630659" lon="25.223359">
        <ele>87</ele>
      </trkpt>
      <trkpt lat="54.6631017" lon="25.2233827">
        <ele>87</ele>
      </trkpt>
      <trkpt lat="54.6631375" lon="25.2234064">
        <ele>86</ele>
      </trkpt>
      <trkpt lat="54.6631732" lon="25.223425">
        <ele>86</ele>
      </trkpt>
      <trkpt lat="54.663209" lon="25.2234437">
        <ele>85</ele>
      </trkpt>
      <trkpt lat="54.6632424" lon="25.2234487">
        <ele>85</ele>
      </trkpt>
      <trkpt lat="54.6632758" lon="25.2234537">
        <ele>84</ele>
      </trkpt>
      <trkpt lat="54.6633062" lon="25.2234495">
        <ele>84</ele>
      </trkpt>
      <trkpt lat="54.6633366" lon="25.2234454">
        <ele>84</ele>
      </trkpt>
      <trkpt lat="54.6633643" lon="25.2234404">
        <ele>83</ele>
      </trkpt>
      <trkpt lat="54.6633921" lon="25.2234354">
        <ele>83</ele>
      </trkpt>
      <trkpt lat="54.6634201" lon="25.2234292">
        <ele>83</ele>
      </trkpt>
      <trkpt lat="54.6634482" lon="25.2234231">
        <ele>83</ele>
      </trkpt>
      <trkpt lat="54.6634768" lon="25.2234111">
        <ele>83</ele>
      </trkpt>
      <trkpt lat="54.6635055" lon="25.2233992">
        <ele>83</ele>
      </trkpt>
      <trkpt lat="54.6635323" lon="25.223385">
        <ele>83</ele>
      </trkpt>
      <trkpt lat="54.6635592" lon="25.2233709">
        <ele>83</ele>
      </trkpt>
      <trkpt lat="54.663585" lon="25.2233539">
        <ele>83</ele>
      </trkpt>
      <trkpt lat="54.6636109" lon="25.223337">
        <ele>83</ele>
      </trkpt>
      <trkpt lat="54.6636339" lon="25.2233173">
        <ele>83</ele>
      </trkpt>
      <trkpt lat="54.6636569" lon="25.2232976">
        <ele>83</ele>
      </trkpt>
      <trkpt lat="54.6636787" lon="25.2232799">
        <ele>83</ele>
      </trkpt>
      <trkpt lat="54.6637005" lon="25.2232623">
        <ele>83</ele>
      </trkpt>
      <trkpt lat="54.6637219" lon="25.2232476">
        <ele>83</ele>
      </trkpt>
      <trkpt lat="54.6637434" lon="25.2232329">
        <ele>83</ele>
      </trkpt>
      <trkpt lat="54.6637662" lon="25.2232179">
        <ele>83</ele>
      </trkpt>
      <trkpt lat="54.663789" lon="25.2232029">
        <ele>83</ele>
      </trkpt>
      <trkpt lat="54.6638151" lon="25.2231852">
        <ele>83</ele>
      </trkpt>
      <trkpt lat="54.6638413" lon="25.2231676">
        <ele>84</ele>
      </trkpt>
      <trkpt lat="54.6638693" lon="25.2231553">
        <ele>83</ele>
      </trkpt>
      <trkpt lat="54.6638974" lon="25.223143">
        <ele>83</ele>
      </trkpt>
      <trkpt lat="54.6639267" lon="25.2231399">
        <ele>83</ele>
      </trkpt>
      <trkpt lat="54.663956" lon="25.2231368">
        <ele>83</ele>
      </trkpt>
      <trkpt lat="54.6639851" lon="25.2231375">
        <ele>83</ele>
      </trkpt>
      <trkpt lat="54.6640143" lon="25.2231382">
        <ele>83</ele>
      </trkpt>
      <trkpt lat="54.6640422" lon="25.2231391">
        <ele>83</ele>
      </trkpt>
      <trkpt lat="54.6640702" lon="25.22314">
        <ele>83</ele>
      </trkpt>
      <trkpt lat="54.6640985" lon="25.223136">
        <ele>83</ele>
      </trkpt>
      <trkpt lat="54.6641268" lon="25.223132">
        <ele>83</ele>
      </trkpt>
      <trkpt lat="54.6641564" lon="25.223123">
        <ele>83</ele>
      </trkpt>
      <trkpt lat="54.664186" lon="25.2231141">
        <ele>83</ele>
      </trkpt>
      <trkpt lat="54.664215" lon="25.2231061">
        <ele>83</ele>
      </trkpt>
      <trkpt lat="54.664244" lon="25.2230981">
        <ele>83</ele>
      </trkpt>
      <trkpt lat="54.664271" lon="25.2230922">
        <ele>83</ele>
      </trkpt>
      <trkpt lat="54.664298" lon="25.2230864">
        <ele>83</ele>
      </trkpt>
      <trkpt lat="54.6643237" lon="25.2230812">
        <ele>83</ele>
      </trkpt>
      <trkpt lat="54.6643495" lon="25.223076">
        <ele>83</ele>
      </trkpt>
      <trkpt lat="54.6643748" lon="25.2230704">
        <ele>83</ele>
      </trkpt>
      <trkpt lat="54.6644002" lon="25.2230649">
        <ele>84</ele>
      </trkpt>
      <trkpt lat="54.6644227" lon="25.2230589">
        <ele>84</ele>
      </trkpt>
      <trkpt lat="54.6644453" lon="25.223053">
        <ele>84</ele>
      </trkpt>
      <trkpt lat="54.6644688" lon="25.2230492">
        <ele>84</ele>
      </trkpt>
      <trkpt lat="54.6644924" lon="25.2230455">
        <ele>84</ele>
      </trkpt>
      <trkpt lat="54.664517" lon="25.2230433">
        <ele>84</ele>
      </trkpt>
      <trkpt lat="54.6645416" lon="25.2230412">
        <ele>83</ele>
      </trkpt>
      <trkpt lat="54.6645677" lon="25.2230407">
        <ele>83</ele>
      </trkpt>
      <trkpt lat="54.6645938" lon="25.2230402">
        <ele>83</ele>
      </trkpt>
      <trkpt lat="54.6646199" lon="25.2230409">
        <ele>83</ele>
      </trkpt>
      <trkpt lat="54.6646461" lon="25.2230417">
        <ele>83</ele>
      </trkpt>
      <trkpt lat="54.6646709" lon="25.2230409">
        <ele>83</ele>
      </trkpt>
      <trkpt lat="54.6646957" lon="25.2230402">
        <ele>83</ele>
      </trkpt>
      <trkpt lat="54.66472" lon="25.2230373">
        <ele>83</ele>
      </trkpt>
      <trkpt lat="54.6647444" lon="25.2230344">
        <ele>83</ele>
      </trkpt>
      <trkpt lat="54.6647685" lon="25.2230318">
        <ele>84</ele>
      </trkpt>
      <trkpt lat="54.6647926" lon="25.2230292">
        <ele>84</ele>
      </trkpt>
      <trkpt lat="54.6648169" lon="25.2230299">
        <ele>84</ele>
      </trkpt>
      <trkpt lat="54.6648413" lon="25.2230306">
        <ele>84</ele>
      </trkpt>
      <trkpt lat="54.664866" lon="25.223035">
        <ele>84</ele>
      </trkpt>
      <trkpt lat="54.6648908" lon="25.2230395">
        <ele>84</ele>
      </trkpt>
      <trkpt lat="54.6649161" lon="25.223044">
        <ele>84</ele>
      </trkpt>
      <trkpt lat="54.6649415" lon="25.2230486">
        <ele>84</ele>
      </trkpt>
      <trkpt lat="54.6649676" lon="25.2230523">
        <ele>84</ele>
      </trkpt>
      <trkpt lat="54.6649937" lon="25.223056">
        <ele>84</ele>
      </trkpt>
      <trkpt lat="54.665019" lon="25.2230618">
        <ele>84</ele>
      </trkpt>
      <trkpt lat="54.6650444" lon="25.2230676">
        <ele>84</ele>
      </trkpt>
      <trkpt lat="54.6650683" lon="25.2230745">
        <ele>84</ele>
      </trkpt>
      <trkpt lat="54.6650922" lon="25.2230814">
        <ele>84</ele>
      </trkpt>
      <trkpt lat="54.6651155" lon="25.2230882">
        <ele>84</ele>
      </trkpt>
      <trkpt lat="54.6651388" lon="25.2230951">
        <ele>84</ele>
      </trkpt>
      <trkpt lat="54.6651634" lon="25.2231038">
        <ele>83</ele>
      </trkpt>
      <trkpt lat="54.6651881" lon="25.2231125">
        <ele>83</ele>
      </trkpt>
      <trkpt lat="54.6652119" lon="25.2231244">
        <ele>83</ele>
      </trkpt>
      <trkpt lat="54.6652358" lon="25.2231363">
        <ele>83</ele>
      </trkpt>
      <trkpt lat="54.6652587" lon="25.2231511">
        <ele>83</ele>
      </trkpt>
      <trkpt lat="54.6652817" lon="25.223166">
        <ele>83</ele>
      </trkpt>
      <trkpt lat="54.6653054" lon="25.2231854">
        <ele>83</ele>
      </trkpt>
      <trkpt lat="54.6653292" lon="25.2232048">
        <ele>83</ele>
      </trkpt>
      <trkpt lat="54.6653549" lon="25.2232212">
        <ele>83</ele>
      </trkpt>
      <trkpt lat="54.6653807" lon="25.2232376">
        <ele>83</ele>
      </trkpt>
      <trkpt lat="54.6654092" lon="25.2232478">
        <ele>83</ele>
      </trkpt>
      <trkpt lat="54.6654377" lon="25.2232581">
        <ele>83</ele>
      </trkpt>
      <trkpt lat="54.6654661" lon="25.223263">
        <ele>83</ele>
      </trkpt>
      <trkpt lat="54.6654945" lon="25.223268">
        <ele>83</ele>
      </trkpt>
      <trkpt lat="54.6655217" lon="25.2232708">
        <ele>83</ele>
      </trkpt>
      <trkpt lat="54.6655489" lon="25.2232737">
        <ele>83</ele>
      </trkpt>
      <trkpt lat="54.6655758" lon="25.2232771">
        <ele>83</ele>
      </trkpt>
      <trkpt lat="54.6656027" lon="25.2232806">
        <ele>83</ele>
      </trkpt>
      <trkpt lat="54.6656281" lon="25.2232846">
        <ele>83</ele>
      </trkpt>
      <trkpt lat="54.6656536" lon="25.2232886">
        <ele>84</ele>
      </trkpt>
      <trkpt lat="54.6656785" lon="25.2232931">
        <ele>84</ele>
      </trkpt>
      <trkpt lat="54.6657035" lon="25.2232977">
        <ele>84</ele>
      </trkpt>
      <trkpt lat="54.6657287" lon="25.2233041">
        <ele>84</ele>
      </trkpt>
      <trkpt lat="54.6657539" lon="25.2233105">
        <ele>84</ele>
      </trkpt>
      <trkpt lat="54.6657784" lon="25.2233178">
        <ele>84</ele>
      </trkpt>
      <trkpt lat="54.6658029" lon="25.2233252">
        <ele>84</ele>
      </trkpt>
      <trkpt lat="54.6658277" lon="25.2233324">
        <ele>84</ele>
      </trkpt>
      <trkpt lat="54.6658525" lon="25.2233396">
        <ele>84</ele>
      </trkpt>
      <trkpt lat="54.665877" lon="25.2233458">
        <ele>84</ele>
      </trkpt>
      <trkpt lat="54.6659016" lon="25.2233521">
        <ele>85</ele>
      </trkpt>
      <trkpt lat="54.665925" lon="25.2233577">
        <ele>85</ele>
      </trkpt>
      <trkpt lat="54.6659485" lon="25.2233634">
        <ele>85</ele>
      </trkpt>
      <trkpt lat="54.6659699" lon="25.2233698">
        <ele>85</ele>
      </trkpt>
      <trkpt lat="54.6659914" lon="25.2233762">
        <ele>85</ele>
      </trkpt>
      <trkpt lat="54.6660121" lon="25.2233841">
        <ele>85</ele>
      </trkpt>
      <trkpt lat="54.6660328" lon="25.223392">
        <ele>85</ele>
      </trkpt>
      <trkpt lat="54.6660539" lon="25.2234006">
        <ele>85</ele>
      </trkpt>
      <trkpt lat="54.6660751" lon="25.2234092">
        <ele>85</ele>
      </trkpt>
      <trkpt lat="54.666097" lon="25.2234164">
        <ele>85</ele>
      </trkpt>
      <trkpt lat="54.666119" lon="25.2234237">
        <ele>85</ele>
      </trkpt>
      <trkpt lat="54.6661416" lon="25.2234315">
        <ele>85</ele>
      </trkpt>
      <trkpt lat="54.6661642" lon="25.2234393">
        <ele>85</ele>
      </trkpt>
      <trkpt lat="54.6661876" lon="25.2234462">
        <ele>85</ele>
      </trkpt>
      <trkpt lat="54.6662111" lon="25.2234532">
        <ele>85</ele>
      </trkpt>
      <trkpt lat="54.6662354" lon="25.2234593">
        <ele>85</ele>
      </trkpt>
      <trkpt lat="54.6662597" lon="25.2234655">
        <ele>85</ele>
      </trkpt>
      <trkpt lat="54.6662839" lon="25.2234714">
        <ele>85</ele>
      </trkpt>
      <trkpt lat="54.6663082" lon="25.2234773">
        <ele>85</ele>
      </trkpt>
      <trkpt lat="54.6663312" lon="25.2234821">
        <ele>85</ele>
      </trkpt>
      <trkpt lat="54.6663543" lon="25.223487">
        <ele>85</ele>
      </trkpt>
      <trkpt lat="54.6663769" lon="25.2234918">
        <ele>85</ele>
      </trkpt>
      <trkpt lat="54.6663995" lon="25.2234967">
        <ele>85</ele>
      </trkpt>
      <trkpt lat="54.6664213" lon="25.2235027">
        <ele>85</ele>
      </trkpt>
      <trkpt lat="54.6664432" lon="25.2235087">
        <ele>85</ele>
      </trkpt>
      <trkpt lat="54.6664657" lon="25.2235162">
        <ele>86</ele>
      </trkpt>
      <trkpt lat="54.6664882" lon="25.2235237">
        <ele>85</ele>
      </trkpt>
      <trkpt lat="54.666511" lon="25.2235318">
        <ele>85</ele>
      </trkpt>
      <trkpt lat="54.6665338" lon="25.22354">
        <ele>85</ele>
      </trkpt>
      <trkpt lat="54.6665566" lon="25.2235507">
        <ele>85</ele>
      </trkpt>
      <trkpt lat="54.6665795" lon="25.2235615">
        <ele>85</ele>
      </trkpt>
      <trkpt lat="54.6666007" lon="25.2235788">
        <ele>85</ele>
      </trkpt>
      <trkpt lat="54.666622" lon="25.2235962">
        <ele>85</ele>
      </trkpt>
      <trkpt lat="54.6666395" lon="25.2236197">
        <ele>85</ele>
      </trkpt>
      <trkpt lat="54.666657" lon="25.2236432">
        <ele>85</ele>
      </trkpt>
      <trkpt lat="54.6666678" lon="25.2236759">
        <ele>85</ele>
      </trkpt>
      <trkpt lat="54.6666786" lon="25.2237086">
        <ele>84</ele>
      </trkpt>
      <trkpt lat="54.6666819" lon="25.2237448">
        <ele>84</ele>
      </trkpt>
      <trkpt lat="54.6666853" lon="25.223781">
        <ele>84</ele>
      </trkpt>
      <trkpt lat="54.6666854" lon="25.2238182">
        <ele>84</ele>
      </trkpt>
      <trkpt lat="54.6666855" lon="25.2238554">
        <ele>84</ele>
      </trkpt>
      <trkpt lat="54.6666844" lon="25.2238982">
        <ele>84</ele>
      </trkpt>
      <trkpt lat="54.6666833" lon="25.223941">
        <ele>84</ele>
      </trkpt>
      <trkpt lat="54.6666822" lon="25.2239839">
        <ele>84</ele>
      </trkpt>
      <trkpt lat="54.6666774" lon="25.2240342">
        <ele>84</ele>
      </trkpt>
      <trkpt lat="54.6666726" lon="25.2240846">
        <ele>84</ele>
      </trkpt>
      <trkpt lat="54.666667" lon="25.2241354">
        <ele>84</ele>
      </trkpt>
      <trkpt lat="54.6666615" lon="25.2241862">
        <ele>84</ele>
      </trkpt>
      <trkpt lat="54.6666573" lon="25.2242371">
        <ele>84</ele>
      </trkpt>
      <trkpt lat="54.6666531" lon="25.224288">
        <ele>84</ele>
      </trkpt>
      <trkpt lat="54.6666495" lon="25.2243368">
        <ele>84</ele>
      </trkpt>
      <trkpt lat="54.6666459" lon="25.2243856">
        <ele>84</ele>
      </trkpt>
      <trkpt lat="54.6666409" lon="25.2244327">
        <ele>84</ele>
      </trkpt>
      <trkpt lat="54.6666359" lon="25.2244798">
        <ele>84</ele>
      </trkpt>
      <trkpt lat="54.6666312" lon="25.2245259">
        <ele>84</ele>
      </trkpt>
      <trkpt lat="54.6666266" lon="25.224572">
        <ele>84</ele>
      </trkpt>
      <trkpt lat="54.666624" lon="25.2246175">
        <ele>84</ele>
      </trkpt>
      <trkpt lat="54.6666214" lon="25.2246631">
        <ele>84</ele>
      </trkpt>
      <trkpt lat="54.6666219" lon="25.2247097">
        <ele>84</ele>
      </trkpt>
      <trkpt lat="54.6666225" lon="25.2247563">
        <ele>84</ele>
      </trkpt>
      <trkpt lat="54.6666273" lon="25.2248005">
        <ele>85</ele>
      </trkpt>
      <trkpt lat="54.6666322" lon="25.2248447">
        <ele>85</ele>
      </trkpt>
      <trkpt lat="54.6666371" lon="25.2248889">
        <ele>85</ele>
      </trkpt>
      <trkpt lat="54.6666446" lon="25.2249316">
        <ele>85</ele>
      </trkpt>
      <trkpt lat="54.6666521" lon="25.2249743">
        <ele>85</ele>
      </trkpt>
      <trkpt lat="54.6666611" lon="25.2250145">
        <ele>85</ele>
      </trkpt>
      <trkpt lat="54.6666701" lon="25.2250547">
        <ele>85</ele>
      </trkpt>
      <trkpt lat="54.6666824" lon="25.2250929">
        <ele>85</ele>
      </trkpt>
      <trkpt lat="54.6666948" lon="25.2251312">
        <ele>85</ele>
      </trkpt>
      <trkpt lat="54.666711" lon="25.2251644">
        <ele>85</ele>
      </trkpt>
      <trkpt lat="54.6667272" lon="25.2251976">
        <ele>85</ele>
      </trkpt>
      <trkpt lat="54.6667463" lon="25.2252275">
        <ele>85</ele>
      </trkpt>
      <trkpt lat="54.6667654" lon="25.2252575">
        <ele>85</ele>
      </trkpt>
      <trkpt lat="54.6667835" lon="25.2252886">
        <ele>85</ele>
      </trkpt>
      <trkpt lat="54.6668016" lon="25.2253197">
        <ele>85</ele>
      </trkpt>
      <trkpt lat="54.6668182" lon="25.2253509">
        <ele>85</ele>
      </trkpt>
      <trkpt lat="54.6668349" lon="25.2253822">
        <ele>85</ele>
      </trkpt>
      <trkpt lat="54.6668508" lon="25.2254123">
        <ele>85</ele>
      </trkpt>
      <trkpt lat="54.6668667" lon="25.2254424">
        <ele>85</ele>
      </trkpt>
      <trkpt lat="54.6668828" lon="25.2254725">
        <ele>85</ele>
      </trkpt>
      <trkpt lat="54.6668989" lon="25.2255027">
        <ele>85</ele>
      </trkpt>
      <trkpt lat="54.6669152" lon="25.2255324">
        <ele>85</ele>
      </trkpt>
      <trkpt lat="54.6669315" lon="25.2255621">
        <ele>85</ele>
      </trkpt>
      <trkpt lat="54.6669471" lon="25.2255921">
        <ele>85</ele>
      </trkpt>
      <trkpt lat="54.6669628" lon="25.2256222">
        <ele>85</ele>
      </trkpt>
      <trkpt lat="54.6669791" lon="25.2256525">
        <ele>85</ele>
      </trkpt>
      <trkpt lat="54.6669955" lon="25.2256828">
        <ele>85</ele>
      </trkpt>
      <trkpt lat="54.6670119" lon="25.2257124">
        <ele>85</ele>
      </trkpt>
      <trkpt lat="54.6670283" lon="25.225742">
        <ele>85</ele>
      </trkpt>
      <trkpt lat="54.6670451" lon="25.2257716">
        <ele>85</ele>
      </trkpt>
      <trkpt lat="54.6670619" lon="25.2258012">
        <ele>85</ele>
      </trkpt>
      <trkpt lat="54.6670797" lon="25.2258298">
        <ele>85</ele>
      </trkpt>
      <trkpt lat="54.6670975" lon="25.2258585">
        <ele>85</ele>
      </trkpt>
      <trkpt lat="54.6671174" lon="25.2258865">
        <ele>85</ele>
      </trkpt>
      <trkpt lat="54.6671373" lon="25.2259146">
        <ele>85</ele>
      </trkpt>
      <trkpt lat="54.6671582" lon="25.2259427">
        <ele>85</ele>
      </trkpt>
      <trkpt lat="54.6671792" lon="25.2259709">
        <ele>85</ele>
      </trkpt>
      <trkpt lat="54.6672012" lon="25.2259981">
        <ele>85</ele>
      </trkpt>
      <trkpt lat="54.6672233" lon="25.2260254">
        <ele>85</ele>
      </trkpt>
      <trkpt lat="54.6672466" lon="25.2260522">
        <ele>85</ele>
      </trkpt>
      <trkpt lat="54.6672699" lon="25.2260791">
        <ele>85</ele>
      </trkpt>
      <trkpt lat="54.6672922" lon="25.2261067">
        <ele>85</ele>
      </trkpt>
      <trkpt lat="54.6673145" lon="25.2261343">
        <ele>85</ele>
      </trkpt>
      <trkpt lat="54.6673362" lon="25.2261611">
        <ele>85</ele>
      </trkpt>
      <trkpt lat="54.6673579" lon="25.226188">
        <ele>85</ele>
      </trkpt>
      <trkpt lat="54.6673801" lon="25.2262108">
        <ele>85</ele>
      </trkpt>
      <trkpt lat="54.6674023" lon="25.2262336">
        <ele>85</ele>
      </trkpt>
      <trkpt lat="54.6674262" lon="25.2262525">
        <ele>85</ele>
      </trkpt>
      <trkpt lat="54.6674501" lon="25.2262715">
        <ele>85</ele>
      </trkpt>
      <trkpt lat="54.6674754" lon="25.2262868">
        <ele>85</ele>
      </trkpt>
      <trkpt lat="54.6675008" lon="25.2263021">
        <ele>85</ele>
      </trkpt>
      <trkpt lat="54.6675247" lon="25.2263164">
        <ele>85</ele>
      </trkpt>
      <trkpt lat="54.6675487" lon="25.2263307">
        <ele>85</ele>
      </trkpt>
      <trkpt lat="54.6675721" lon="25.2263462">
        <ele>85</ele>
      </trkpt>
      <trkpt lat="54.6675956" lon="25.2263618">
        <ele>85</ele>
      </trkpt>
      <trkpt lat="54.6676192" lon="25.2263771">
        <ele>85</ele>
      </trkpt>
      <trkpt lat="54.6676428" lon="25.2263924">
        <ele>85</ele>
      </trkpt>
      <trkpt lat="54.667667" lon="25.2264062">
        <ele>85</ele>
      </trkpt>
      <trkpt lat="54.6676913" lon="25.22642">
        <ele>85</ele>
      </trkpt>
      <trkpt lat="54.6677154" lon="25.226434">
        <ele>85</ele>
      </trkpt>
      <trkpt lat="54.6677395" lon="25.2264481">
        <ele>85</ele>
      </trkpt>
      <trkpt lat="54.6677629" lon="25.2264656">
        <ele>84</ele>
      </trkpt>
      <trkpt lat="54.6677863" lon="25.2264832">
        <ele>84</ele>
      </trkpt>
      <trkpt lat="54.6678072" lon="25.2265061">
        <ele>84</ele>
      </trkpt>
      <trkpt lat="54.6678281" lon="25.2265291">
        <ele>84</ele>
      </trkpt>
      <trkpt lat="54.6678459" lon="25.2265584">
        <ele>84</ele>
      </trkpt>
      <trkpt lat="54.6678637" lon="25.2265877">
        <ele>84</ele>
      </trkpt>
      <trkpt lat="54.6678801" lon="25.2266205">
        <ele>84</ele>
      </trkpt>
      <trkpt lat="54.6678966" lon="25.2266534">
        <ele>84</ele>
      </trkpt>
      <trkpt lat="54.6679146" lon="25.2266857">
        <ele>84</ele>
      </trkpt>
      <trkpt lat="54.6679327" lon="25.2267181">
        <ele>84</ele>
      </trkpt>
      <trkpt lat="54.6679516" lon="25.2267475">
        <ele>84</ele>
      </trkpt>
      <trkpt lat="54.6679705" lon="25.2267769">
        <ele>84</ele>
      </trkpt>
      <trkpt lat="54.6679896" lon="25.2268036">
        <ele>84</ele>
      </trkpt>
      <trkpt lat="54.6680087" lon="25.2268303">
        <ele>84</ele>
      </trkpt>
      <trkpt lat="54.66803" lon="25.2268553">
        <ele>84</ele>
      </trkpt>
      <trkpt lat="54.6680514" lon="25.2268803">
        <ele>84</ele>
      </trkpt>
      <trkpt lat="54.6680748" lon="25.2269038">
        <ele>84</ele>
      </trkpt>
      <trkpt lat="54.6680982" lon="25.2269274">
        <ele>84</ele>
      </trkpt>
      <trkpt lat="54.6681228" lon="25.2269502">
        <ele>84</ele>
      </trkpt>
      <trkpt lat="54.6681474" lon="25.226973">
        <ele>84</ele>
      </trkpt>
      <trkpt lat="54.668172" lon="25.2269961">
        <ele>83</ele>
      </trkpt>
      <trkpt lat="54.6681967" lon="25.2270193">
        <ele>83</ele>
      </trkpt>
      <trkpt lat="54.668221" lon="25.2270433">
        <ele>83</ele>
      </trkpt>
      <trkpt lat="54.6682454" lon="25.2270673">
        <ele>83</ele>
      </trkpt>
      <trkpt lat="54.6682701" lon="25.2270912">
        <ele>83</ele>
      </trkpt>
      <trkpt lat="54.6682948" lon="25.2271151">
        <ele>83</ele>
      </trkpt>
      <trkpt lat="54.66832" lon="25.2271381">
        <ele>83</ele>
      </trkpt>
      <trkpt lat="54.6683452" lon="25.2271612">
        <ele>83</ele>
      </trkpt>
      <trkpt lat="54.6683703" lon="25.2271835">
        <ele>83</ele>
      </trkpt>
      <trkpt lat="54.6683954" lon="25.2272059">
        <ele>84</ele>
      </trkpt>
      <trkpt lat="54.6684202" lon="25.2272277">
        <ele>84</ele>
      </trkpt>
      <trkpt lat="54.668445" lon="25.2272495">
        <ele>84</ele>
      </trkpt>
      <trkpt lat="54.6684686" lon="25.2272699">
        <ele>84</ele>
      </trkpt>
      <trkpt lat="54.6684922" lon="25.2272904">
        <ele>84</ele>
      </trkpt>
      <trkpt lat="54.6685154" lon="25.2273101">
        <ele>84</ele>
      </trkpt>
      <trkpt lat="54.6685386" lon="25.2273298">
        <ele>83</ele>
      </trkpt>
      <trkpt lat="54.6685616" lon="25.2273478">
        <ele>83</ele>
      </trkpt>
      <trkpt lat="54.6685847" lon="25.2273659">
        <ele>83</ele>
      </trkpt>
      <trkpt lat="54.6686088" lon="25.2273832">
        <ele>83</ele>
      </trkpt>
      <trkpt lat="54.6686329" lon="25.2274006">
        <ele>83</ele>
      </trkpt>
      <trkpt lat="54.6686578" lon="25.2274168">
        <ele>83</ele>
      </trkpt>
      <trkpt lat="54.6686827" lon="25.2274331">
        <ele>83</ele>
      </trkpt>
      <trkpt lat="54.6687078" lon="25.2274455">
        <ele>83</ele>
      </trkpt>
      <trkpt lat="54.668733" lon="25.2274579">
        <ele>83</ele>
      </trkpt>
      <trkpt lat="54.6687588" lon="25.2274652">
        <ele>83</ele>
      </trkpt>
      <trkpt lat="54.6687846" lon="25.2274726">
        <ele>83</ele>
      </trkpt>
      <trkpt lat="54.6688114" lon="25.2274753">
        <ele>83</ele>
      </trkpt>
      <trkpt lat="54.6688383" lon="25.227478">
        <ele>83</ele>
      </trkpt>
      <trkpt lat="54.6688651" lon="25.2274784">
        <ele>83</ele>
      </trkpt>
      <trkpt lat="54.668892" lon="25.2274788">
        <ele>84</ele>
      </trkpt>
      <trkpt lat="54.6689192" lon="25.2274768">
        <ele>83</ele>
      </trkpt>
      <trkpt lat="54.6689465" lon="25.2274749">
        <ele>83</ele>
      </trkpt>
      <trkpt lat="54.668974" lon="25.2274702">
        <ele>83</ele>
      </trkpt>
      <trkpt lat="54.6690016" lon="25.2274655">
        <ele>83</ele>
      </trkpt>
      <trkpt lat="54.6690292" lon="25.2274612">
        <ele>83</ele>
      </trkpt>
      <trkpt lat="54.6690568" lon="25.2274569">
        <ele>83</ele>
      </trkpt>
      <trkpt lat="54.6690845" lon="25.2274556">
        <ele>83</ele>
      </trkpt>
      <trkpt lat="54.6691123" lon="25.2274543">
        <ele>83</ele>
      </trkpt>
      <trkpt lat="54.6691394" lon="25.2274586">
        <ele>83</ele>
      </trkpt>
      <trkpt lat="54.6691666" lon="25.2274629">
        <ele>83</ele>
      </trkpt>
      <trkpt lat="54.6691929" lon="25.2274729">
        <ele>83</ele>
      </trkpt>
      <trkpt lat="54.6692192" lon="25.227483">
        <ele>83</ele>
      </trkpt>
      <trkpt lat="54.6692439" lon="25.2274965">
        <ele>83</ele>
      </trkpt>
      <trkpt lat="54.6692686" lon="25.2275101">
        <ele>83</ele>
      </trkpt>
      <trkpt lat="54.669292" lon="25.227525">
        <ele>83</ele>
      </trkpt>
      <trkpt lat="54.6693155" lon="25.22754">
        <ele>83</ele>
      </trkpt>
      <trkpt lat="54.6693395" lon="25.2275539">
        <ele>83</ele>
      </trkpt>
      <trkpt lat="54.6693636" lon="25.2275679">
        <ele>83</ele>
      </trkpt>
      <trkpt lat="54.6693891" lon="25.2275808">
        <ele>83</ele>
      </trkpt>
      <trkpt lat="54.6694146" lon="25.2275938">
        <ele>83</ele>
      </trkpt>
      <trkpt lat="54.6694407" lon="25.2276072">
        <ele>82</ele>
      </trkpt>
      <trkpt lat="54.6694668" lon="25.2276207">
        <ele>82</ele>
      </trkpt>
      <trkpt lat="54.669488" lon="25.227644">
        <ele>82</ele>
      </trkpt>
      <trkpt lat="54.6695093" lon="25.2276674">
        <ele>82</ele>
      </trkpt>
      <trkpt lat="54.6695181" lon="25.2277045">
        <ele>82</ele>
      </trkpt>
      <trkpt lat="54.669527" lon="25.2277416">
        <ele>82</ele>
      </trkpt>
      <trkpt lat="54.6695249" lon="25.2277819">
        <ele>82</ele>
      </trkpt>
      <trkpt lat="54.6695229" lon="25.2278223">
        <ele>82</ele>
      </trkpt>
      <trkpt lat="54.6695156" lon="25.2278633">
        <ele>82</ele>
      </trkpt>
      <trkpt lat="54.6695084" lon="25.2279043">
        <ele>82</ele>
      </trkpt>
      <trkpt lat="54.6694947" lon="25.2279415">
        <ele>81</ele>
      </trkpt>
      <trkpt lat="54.6694811" lon="25.2279787">
        <ele>81</ele>
      </trkpt>
      <trkpt lat="54.6694632" lon="25.2280074">
        <ele>80</ele>
      </trkpt>
      <trkpt lat="54.6694454" lon="25.2280361">
        <ele>80</ele>
      </trkpt>
      <trkpt lat="54.6694271" lon="25.2280643">
        <ele>80</ele>
      </trkpt>
      <trkpt lat="54.6694088" lon="25.2280926">
        <ele>79</ele>
      </trkpt>
      <trkpt lat="54.6693929" lon="25.2281264">
        <ele>78</ele>
      </trkpt>
      <trkpt lat="54.6693771" lon="25.2281603">
        <ele>78</ele>
      </trkpt>
      <trkpt lat="54.669368" lon="25.2281993">
        <ele>77</ele>
      </trkpt>
      <trkpt lat="54.6693589" lon="25.2282384">
        <ele>77</ele>
      </trkpt>
      <trkpt lat="54.6693619" lon="25.2282773">
        <ele>76</ele>
      </trkpt>
      <trkpt lat="54.669365" lon="25.2283162">
        <ele>76</ele>
      </trkpt>
      <trkpt lat="54.6693797" lon="25.2283459">
        <ele>75</ele>
      </trkpt>
      <trkpt lat="54.6693944" lon="25.2283756">
        <ele>75</ele>
      </trkpt>
      <trkpt lat="54.6694173" lon="25.2283956">
        <ele>75</ele>
      </trkpt>
      <trkpt lat="54.6694403" lon="25.2284157">
        <ele>75</ele>
      </trkpt>
      <trkpt lat="54.6694679" lon="25.2284297">
        <ele>75</ele>
      </trkpt>
      <trkpt lat="54.6694955" lon="25.2284437">
        <ele>75</ele>
      </trkpt>
      <trkpt lat="54.6695226" lon="25.2284605">
        <ele>75</ele>
      </trkpt>
      <trkpt lat="54.6695497" lon="25.2284773">
        <ele>75</ele>
      </trkpt>
      <trkpt lat="54.6695729" lon="25.2285033">
        <ele>75</ele>
      </trkpt>
      <trkpt lat="54.6695962" lon="25.2285293">
        <ele>75</ele>
      </trkpt>
      <trkpt lat="54.6696134" lon="25.2285602">
        <ele>75</ele>
      </trkpt>
      <trkpt lat="54.6696306" lon="25.2285912">
        <ele>75</ele>
      </trkpt>
      <trkpt lat="54.6696472" lon="25.2286191">
        <ele>75</ele>
      </trkpt>
      <trkpt lat="54.6696638" lon="25.2286471">
        <ele>74</ele>
      </trkpt>
      <trkpt lat="54.6696822" lon="25.2286711">
        <ele>74</ele>
      </trkpt>
      <trkpt lat="54.6697006" lon="25.2286951">
        <ele>74</ele>
      </trkpt>
      <trkpt lat="54.6697201" lon="25.2287151">
        <ele>74</ele>
      </trkpt>
      <trkpt lat="54.6697396" lon="25.2287351">
        <ele>74</ele>
      </trkpt>
      <trkpt lat="54.6697592" lon="25.2287528">
        <ele>74</ele>
      </trkpt>
      <trkpt lat="54.6697788" lon="25.2287706">
        <ele>74</ele>
      </trkpt>
      <trkpt lat="54.6697988" lon="25.2287843">
        <ele>74</ele>
      </trkpt>
      <trkpt lat="54.6698189" lon="25.228798">
        <ele>74</ele>
      </trkpt>
      <trkpt lat="54.6698392" lon="25.2288076">
        <ele>74</ele>
      </trkpt>
      <trkpt lat="54.6698596" lon="25.2288172">
        <ele>74</ele>
      </trkpt>
      <trkpt lat="54.6698779" lon="25.2288219">
        <ele>74</ele>
      </trkpt>
      <trkpt lat="54.6698963" lon="25.2288266">
        <ele>74</ele>
      </trkpt>
      <trkpt lat="54.6699109" lon="25.2288246">
        <ele>74</ele>
      </trkpt>
      <trkpt lat="54.6699256" lon="25.2288226">
        <ele>75</ele>
      </trkpt>
      <trkpt lat="54.66994" lon="25.2288189">
        <ele>75</ele>
      </trkpt>
      <trkpt lat="54.6699544" lon="25.2288153">
        <ele>75</ele>
      </trkpt>
      <trkpt lat="54.6699726" lon="25.2288165">
        <ele>76</ele>
      </trkpt>
      <trkpt lat="54.6699908" lon="25.2288178">
        <ele>76</ele>
      </trkpt>
      <trkpt lat="54.6700123" lon="25.2288225">
        <ele>77</ele>
      </trkpt>
      <trkpt lat="54.6700339" lon="25.2288273">
        <ele>77</ele>
      </trkpt>
      <trkpt lat="54.6700567" lon="25.2288321">
        <ele>77</ele>
      </trkpt>
      <trkpt lat="54.6700795" lon="25.2288369">
        <ele>77</ele>
      </trkpt>
      <trkpt lat="54.6701019" lon="25.2288424">
        <ele>77</ele>
      </trkpt>
      <trkpt lat="54.6701244" lon="25.228848">
        <ele>78</ele>
      </trkpt>
      <trkpt lat="54.6701477" lon="25.2288567">
        <ele>78</ele>
      </trkpt>
      <trkpt lat="54.670171" lon="25.2288654">
        <ele>78</ele>
      </trkpt>
      <trkpt lat="54.6701939" lon="25.228876">
        <ele>78</ele>
      </trkpt>
      <trkpt lat="54.6702168" lon="25.2288866">
        <ele>78</ele>
      </trkpt>
      <trkpt lat="54.6702378" lon="25.228897">
        <ele>78</ele>
      </trkpt>
      <trkpt lat="54.6702589" lon="25.2289075">
        <ele>78</ele>
      </trkpt>
      <trkpt lat="54.6702791" lon="25.228919">
        <ele>78</ele>
      </trkpt>
      <trkpt lat="54.6702993" lon="25.2289305">
        <ele>78</ele>
      </trkpt>
      <trkpt lat="54.67032" lon="25.2289418">
        <ele>78</ele>
      </trkpt>
      <trkpt lat="54.6703407" lon="25.2289531">
        <ele>79</ele>
      </trkpt>
      <trkpt lat="54.670362" lon="25.2289601">
        <ele>79</ele>
      </trkpt>
      <trkpt lat="54.6703833" lon="25.2289672">
        <ele>79</ele>
      </trkpt>
      <trkpt lat="54.6704051" lon="25.2289737">
        <ele>79</ele>
      </trkpt>
      <trkpt lat="54.6704269" lon="25.2289803">
        <ele>79</ele>
      </trkpt>
      <trkpt lat="54.6704475" lon="25.228988">
        <ele>80</ele>
      </trkpt>
      <trkpt lat="54.6704681" lon="25.2289957">
        <ele>80</ele>
      </trkpt>
      <trkpt lat="54.6704897" lon="25.229005">
        <ele>80</ele>
      </trkpt>
      <trkpt lat="54.6705113" lon="25.2290144">
        <ele>80</ele>
      </trkpt>
      <trkpt lat="54.6705364" lon="25.2290247">
        <ele>80</ele>
      </trkpt>
      <trkpt lat="54.6705616" lon="25.2290351">
        <ele>80</ele>
      </trkpt>
      <trkpt lat="54.6705894" lon="25.2290388">
        <ele>80</ele>
      </trkpt>
      <trkpt lat="54.6706172" lon="25.2290425">
        <ele>80</ele>
      </trkpt>
      <trkpt lat="54.6706439" lon="25.2290378">
        <ele>80</ele>
      </trkpt>
      <trkpt lat="54.6706707" lon="25.2290331">
        <ele>80</ele>
      </trkpt>
      <trkpt lat="54.6706945" lon="25.2290201">
        <ele>80</ele>
      </trkpt>
      <trkpt lat="54.6707183" lon="25.2290071">
        <ele>79</ele>
      </trkpt>
      <trkpt lat="54.6707441" lon="25.2289946">
        <ele>79</ele>
      </trkpt>
      <trkpt lat="54.6707699" lon="25.2289822">
        <ele>79</ele>
      </trkpt>
      <trkpt lat="54.6707962" lon="25.2289809">
        <ele>79</ele>
      </trkpt>
      <trkpt lat="54.6708226" lon="25.2289797">
        <ele>79</ele>
      </trkpt>
      <trkpt lat="54.6708484" lon="25.2289976">
        <ele>78</ele>
      </trkpt>
      <trkpt lat="54.6708743" lon="25.2290155">
        <ele>78</ele>
      </trkpt>
      <trkpt lat="54.670899" lon="25.2290473">
        <ele>78</ele>
      </trkpt>
      <trkpt lat="54.6709238" lon="25.2290792">
        <ele>78</ele>
      </trkpt>
      <trkpt lat="54.6709493" lon="25.2291111">
        <ele>78</ele>
      </trkpt>
      <trkpt lat="54.6709749" lon="25.2291431">
        <ele>78</ele>
      </trkpt>
      <trkpt lat="54.6710018" lon="25.2291692">
        <ele>78</ele>
      </trkpt>
      <trkpt lat="54.6710287" lon="25.2291954">
        <ele>78</ele>
      </trkpt>
      <trkpt lat="54.6710561" lon="25.2292178">
        <ele>78</ele>
      </trkpt>
      <trkpt lat="54.6710836" lon="25.2292402">
        <ele>78</ele>
      </trkpt>
      <trkpt lat="54.6711118" lon="25.2292597">
        <ele>77</ele>
      </trkpt>
      <trkpt lat="54.6711401" lon="25.2292792">
        <ele>77</ele>
      </trkpt>
      <trkpt lat="54.6711676" lon="25.2292979">
        <ele>77</ele>
      </trkpt>
      <trkpt lat="54.6711952" lon="25.2293166">
        <ele>77</ele>
      </trkpt>
      <trkpt lat="54.6712201" lon="25.2293349">
        <ele>77</ele>
      </trkpt>
      <trkpt lat="54.6712451" lon="25.2293533">
        <ele>77</ele>
      </trkpt>
      <trkpt lat="54.6712694" lon="25.2293716">
        <ele>77</ele>
      </trkpt>
      <trkpt lat="54.6712938" lon="25.2293899">
        <ele>77</ele>
      </trkpt>
      <trkpt lat="54.6713192" lon="25.2294096">
        <ele>77</ele>
      </trkpt>
      <trkpt lat="54.6713447" lon="25.2294294">
        <ele>77</ele>
      </trkpt>
      <trkpt lat="54.6713689" lon="25.2294486">
        <ele>77</ele>
      </trkpt>
      <trkpt lat="54.6713932" lon="25.2294679">
        <ele>77</ele>
      </trkpt>
      <trkpt lat="54.6714168" lon="25.2294877">
        <ele>77</ele>
      </trkpt>
      <trkpt lat="54.6714405" lon="25.2295075">
        <ele>77</ele>
      </trkpt>
      <trkpt lat="54.6714648" lon="25.229528">
        <ele>77</ele>
      </trkpt>
      <trkpt lat="54.6714892" lon="25.2295486">
        <ele>77</ele>
      </trkpt>
      <trkpt lat="54.6715147" lon="25.229567">
        <ele>77</ele>
      </trkpt>
      <trkpt lat="54.6715402" lon="25.2295854">
        <ele>77</ele>
      </trkpt>
      <trkpt lat="54.6715676" lon="25.2296025">
        <ele>77</ele>
      </trkpt>
      <trkpt lat="54.6715951" lon="25.2296197">
        <ele>77</ele>
      </trkpt>
      <trkpt lat="54.6716213" lon="25.2296366">
        <ele>77</ele>
      </trkpt>
      <trkpt lat="54.6716475" lon="25.2296536">
        <ele>77</ele>
      </trkpt>
      <trkpt lat="54.6716721" lon="25.2296717">
        <ele>77</ele>
      </trkpt>
      <trkpt lat="54.6716967" lon="25.2296898">
        <ele>77</ele>
      </trkpt>
      <trkpt lat="54.671721" lon="25.2297088">
        <ele>77</ele>
      </trkpt>
      <trkpt lat="54.6717453" lon="25.2297278">
        <ele>77</ele>
      </trkpt>
      <trkpt lat="54.6717701" lon="25.2297465">
        <ele>77</ele>
      </trkpt>
      <trkpt lat="54.6717949" lon="25.2297652">
        <ele>77</ele>
      </trkpt>
      <trkpt lat="54.6718206" lon="25.2297818">
        <ele>77</ele>
      </trkpt>
      <trkpt lat="54.6718464" lon="25.2297984">
        <ele>77</ele>
      </trkpt>
      <trkpt lat="54.6718726" lon="25.2298152">
        <ele>77</ele>
      </trkpt>
      <trkpt lat="54.6718989" lon="25.2298321">
        <ele>77</ele>
      </trkpt>
      <trkpt lat="54.6719255" lon="25.229848">
        <ele>77</ele>
      </trkpt>
      <trkpt lat="54.6719521" lon="25.229864">
        <ele>77</ele>
      </trkpt>
      <trkpt lat="54.6719788" lon="25.2298801">
        <ele>77</ele>
      </trkpt>
      <trkpt lat="54.6720056" lon="25.2298963">
        <ele>77</ele>
      </trkpt>
      <trkpt lat="54.6720319" lon="25.2299125">
        <ele>77</ele>
      </trkpt>
      <trkpt lat="54.6720582" lon="25.2299288">
        <ele>77</ele>
      </trkpt>
      <trkpt lat="54.672084" lon="25.2299454">
        <ele>77</ele>
      </trkpt>
      <trkpt lat="54.6721099" lon="25.2299621">
        <ele>77</ele>
      </trkpt>
      <trkpt lat="54.6721353" lon="25.2299779">
        <ele>77</ele>
      </trkpt>
      <trkpt lat="54.6721607" lon="25.2299937">
        <ele>77</ele>
      </trkpt>
      <trkpt lat="54.6721863" lon="25.2300101">
        <ele>77</ele>
      </trkpt>
      <trkpt lat="54.672212" lon="25.2300265">
        <ele>77</ele>
      </trkpt>
      <trkpt lat="54.672237" lon="25.2300443">
        <ele>77</ele>
      </trkpt>
      <trkpt lat="54.6722621" lon="25.2300621">
        <ele>77</ele>
      </trkpt>
      <trkpt lat="54.672286" lon="25.2300784">
        <ele>77</ele>
      </trkpt>
      <trkpt lat="54.6723099" lon="25.2300948">
        <ele>77</ele>
      </trkpt>
      <trkpt lat="54.6723308" lon="25.2301071">
        <ele>77</ele>
      </trkpt>
      <trkpt lat="54.6723518" lon="25.2301194">
        <ele>77</ele>
      </trkpt>
      <trkpt lat="54.67237" lon="25.2301237">
        <ele>77</ele>
      </trkpt>
      <trkpt lat="54.6723882" lon="25.230128">
        <ele>77</ele>
      </trkpt>
      <trkpt lat="54.6724049" lon="25.2301207">
        <ele>77</ele>
      </trkpt>
      <trkpt lat="54.6724216" lon="25.2301135">
        <ele>77</ele>
      </trkpt>
      <trkpt lat="54.672436" lon="25.2301056">
        <ele>77</ele>
      </trkpt>
      <trkpt lat="54.6724505" lon="25.2300978">
        <ele>77</ele>
      </trkpt>
      <trkpt lat="54.6724614" lon="25.2301047">
        <ele>77</ele>
      </trkpt>
      <trkpt lat="54.6724724" lon="25.2301116">
        <ele>77</ele>
      </trkpt>
      <trkpt lat="54.6724845" lon="25.2301288">
        <ele>77</ele>
      </trkpt>
      <trkpt lat="54.6724966" lon="25.2301461">
        <ele>77</ele>
      </trkpt>
      <trkpt lat="54.6725129" lon="25.2301614">
        <ele>77</ele>
      </trkpt>
      <trkpt lat="54.6725292" lon="25.2301768">
        <ele>77</ele>
      </trkpt>
      <trkpt lat="54.6725508" lon="25.2301883">
        <ele>77</ele>
      </trkpt>
      <trkpt lat="54.6725725" lon="25.2301999">
        <ele>77</ele>
      </trkpt>
      <trkpt lat="54.6725975" lon="25.2302093">
        <ele>77</ele>
      </trkpt>
      <trkpt lat="54.6726225" lon="25.2302188">
        <ele>77</ele>
      </trkpt>
      <trkpt lat="54.6726485" lon="25.2302275">
        <ele>77</ele>
      </trkpt>
      <trkpt lat="54.6726746" lon="25.2302362">
        <ele>77</ele>
      </trkpt>
      <trkpt lat="54.6727016" lon="25.2302451">
        <ele>77</ele>
      </trkpt>
      <trkpt lat="54.6727287" lon="25.230254">
        <ele>77</ele>
      </trkpt>
      <trkpt lat="54.6727548" lon="25.2302629">
        <ele>77</ele>
      </trkpt>
      <trkpt lat="54.6727809" lon="25.2302719">
        <ele>77</ele>
      </trkpt>
      <trkpt lat="54.6728051" lon="25.2302818">
        <ele>77</ele>
      </trkpt>
      <trkpt lat="54.6728293" lon="25.2302917">
        <ele>77</ele>
      </trkpt>
      <trkpt lat="54.6728538" lon="25.2303041">
        <ele>77</ele>
      </trkpt>
      <trkpt lat="54.6728784" lon="25.2303166">
        <ele>77</ele>
      </trkpt>
      <trkpt lat="54.6729034" lon="25.2303292">
        <ele>77</ele>
      </trkpt>
      <trkpt lat="54.6729285" lon="25.2303418">
        <ele>77</ele>
      </trkpt>
      <trkpt lat="54.6729533" lon="25.2303527">
        <ele>77</ele>
      </trkpt>
      <trkpt lat="54.6729781" lon="25.2303637">
        <ele>77</ele>
      </trkpt>
      <trkpt lat="54.6730022" lon="25.2303731">
        <ele>76</ele>
      </trkpt>
      <trkpt lat="54.6730263" lon="25.2303825">
        <ele>76</ele>
      </trkpt>
      <trkpt lat="54.673052" lon="25.2303923">
        <ele>76</ele>
      </trkpt>
      <trkpt lat="54.6730777" lon="25.2304021">
        <ele>76</ele>
      </trkpt>
      <trkpt lat="54.6731043" lon="25.230413">
        <ele>76</ele>
      </trkpt>
      <trkpt lat="54.673131" lon="25.2304239">
        <ele>76</ele>
      </trkpt>
      <trkpt lat="54.6731588" lon="25.2304357">
        <ele>76</ele>
      </trkpt>
      <trkpt lat="54.6731867" lon="25.2304476">
        <ele>76</ele>
      </trkpt>
      <trkpt lat="54.6732143" lon="25.2304596">
        <ele>76</ele>
      </trkpt>
      <trkpt lat="54.6732419" lon="25.2304717">
        <ele>76</ele>
      </trkpt>
      <trkpt lat="54.6732696" lon="25.2304845">
        <ele>76</ele>
      </trkpt>
      <trkpt lat="54.6732974" lon="25.2304973">
        <ele>76</ele>
      </trkpt>
      <trkpt lat="54.6733261" lon="25.2305101">
        <ele>76</ele>
      </trkpt>
      <trkpt lat="54.6733548" lon="25.2305229">
        <ele>76</ele>
      </trkpt>
      <trkpt lat="54.6733842" lon="25.2305344">
        <ele>76</ele>
      </trkpt>
      <trkpt lat="54.6734137" lon="25.230546">
        <ele>76</ele>
      </trkpt>
      <trkpt lat="54.6734428" lon="25.2305564">
        <ele>76</ele>
      </trkpt>
      <trkpt lat="54.673472" lon="25.2305668">
        <ele>76</ele>
      </trkpt>
      <trkpt lat="54.6735001" lon="25.230575">
        <ele>76</ele>
      </trkpt>
      <trkpt lat="54.6735282" lon="25.2305832">
        <ele>76</ele>
      </trkpt>
      <trkpt lat="54.6735562" lon="25.2305901">
        <ele>76</ele>
      </trkpt>
      <trkpt lat="54.6735842" lon="25.230597">
        <ele>76</ele>
      </trkpt>
      <trkpt lat="54.6736114" lon="25.2306026">
        <ele>76</ele>
      </trkpt>
      <trkpt lat="54.6736387" lon="25.2306083">
        <ele>76</ele>
      </trkpt>
      <trkpt lat="54.6736662" lon="25.2306148">
        <ele>76</ele>
      </trkpt>
      <trkpt lat="54.6736938" lon="25.2306213">
        <ele>76</ele>
      </trkpt>
      <trkpt lat="54.6737209" lon="25.230627">
        <ele>76</ele>
      </trkpt>
      <trkpt lat="54.6737481" lon="25.2306327">
        <ele>76</ele>
      </trkpt>
      <trkpt lat="54.6737753" lon="25.2306384">
        <ele>76</ele>
      </trkpt>
      <trkpt lat="54.6738039" lon="25.230642">
        <ele>77</ele>
      </trkpt>
      <trkpt lat="54.6738325" lon="25.2306456">
        <ele>77</ele>
      </trkpt>
      <trkpt lat="54.6738616" lon="25.230648">
        <ele>77</ele>
      </trkpt>
      <trkpt lat="54.6738907" lon="25.2306504">
        <ele>77</ele>
      </trkpt>
      <trkpt lat="54.6739201" lon="25.2306515">
        <ele>77</ele>
      </trkpt>
      <trkpt lat="54.6739496" lon="25.2306527">
        <ele>77</ele>
      </trkpt>
      <trkpt lat="54.6739794" lon="25.2306547">
        <ele>77</ele>
      </trkpt>
      <trkpt lat="54.6740092" lon="25.2306567">
        <ele>77</ele>
      </trkpt>
      <trkpt lat="54.6740381" lon="25.2306595">
        <ele>77</ele>
      </trkpt>
      <trkpt lat="54.6740671" lon="25.2306624">
        <ele>77</ele>
      </trkpt>
      <trkpt lat="54.6740957" lon="25.230662">
        <ele>77</ele>
      </trkpt>
      <trkpt lat="54.6741244" lon="25.2306616">
        <ele>77</ele>
      </trkpt>
      <trkpt lat="54.6741515" lon="25.230656">
        <ele>77</ele>
      </trkpt>
      <trkpt lat="54.6741787" lon="25.2306505">
        <ele>77</ele>
      </trkpt>
      <trkpt lat="54.6742038" lon="25.2306399">
        <ele>77</ele>
      </trkpt>
      <trkpt lat="54.674229" lon="25.2306293">
        <ele>77</ele>
      </trkpt>
      <trkpt lat="54.674253" lon="25.2306173">
        <ele>76</ele>
      </trkpt>
      <trkpt lat="54.674277" lon="25.2306054">
        <ele>76</ele>
      </trkpt>
      <trkpt lat="54.6743005" lon="25.2305951">
        <ele>76</ele>
      </trkpt>
      <trkpt lat="54.6743241" lon="25.2305849">
        <ele>76</ele>
      </trkpt>
      <trkpt lat="54.6743476" lon="25.2305776">
        <ele>76</ele>
      </trkpt>
      <trkpt lat="54.6743711" lon="25.2305704">
        <ele>76</ele>
      </trkpt>
      <trkpt lat="54.6743947" lon="25.2305667">
        <ele>76</ele>
      </trkpt>
      <trkpt lat="54.6744184" lon="25.2305631">
        <ele>76</ele>
      </trkpt>
      <trkpt lat="54.6744437" lon="25.2305608">
        <ele>76</ele>
      </trkpt>
      <trkpt lat="54.6744691" lon="25.2305585">
        <ele>77</ele>
      </trkpt>
      <trkpt lat="54.6744956" lon="25.230557">
        <ele>77</ele>
      </trkpt>
      <trkpt lat="54.6745221" lon="25.2305555">
        <ele>77</ele>
      </trkpt>
      <trkpt lat="54.674548" lon="25.2305558">
        <ele>77</ele>
      </trkpt>
      <trkpt lat="54.674574" lon="25.2305562">
        <ele>77</ele>
      </trkpt>
      <trkpt lat="54.6746003" lon="25.2305571">
        <ele>77</ele>
      </trkpt>
      <trkpt lat="54.6746267" lon="25.2305581">
        <ele>77</ele>
      </trkpt>
      <trkpt lat="54.6746533" lon="25.230558">
        <ele>77</ele>
      </trkpt>
      <trkpt lat="54.67468" lon="25.2305579">
        <ele>77</ele>
      </trkpt>
      <trkpt lat="54.6747068" lon="25.2305555">
        <ele>77</ele>
      </trkpt>
      <trkpt lat="54.6747336" lon="25.2305532">
        <ele>77</ele>
      </trkpt>
      <trkpt lat="54.674761" lon="25.2305501">
        <ele>77</ele>
      </trkpt>
      <trkpt lat="54.6747884" lon="25.230547">
        <ele>77</ele>
      </trkpt>
      <trkpt lat="54.674816" lon="25.2305438">
        <ele>77</ele>
      </trkpt>
      <trkpt lat="54.6748436" lon="25.2305406">
        <ele>77</ele>
      </trkpt>
      <trkpt lat="54.6748711" lon="25.2305373">
        <ele>77</ele>
      </trkpt>
      <trkpt lat="54.6748987" lon="25.230534">
        <ele>77</ele>
      </trkpt>
      <trkpt lat="54.6749265" lon="25.2305314">
        <ele>77</ele>
      </trkpt>
      <trkpt lat="54.6749544" lon="25.2305289">
        <ele>77</ele>
      </trkpt>
      <trkpt lat="54.6749814" lon="25.2305284">
        <ele>77</ele>
      </trkpt>
      <trkpt lat="54.6750084" lon="25.230528">
        <ele>77</ele>
      </trkpt>
      <trkpt lat="54.6750343" lon="25.2305301">
        <ele>77</ele>
      </trkpt>
      <trkpt lat="54.6750602" lon="25.2305323">
        <ele>77</ele>
      </trkpt>
      <trkpt lat="54.6750857" lon="25.2305369">
        <ele>77</ele>
      </trkpt>
      <trkpt lat="54.6751113" lon="25.2305416">
        <ele>77</ele>
      </trkpt>
      <trkpt lat="54.6751367" lon="25.2305479">
        <ele>77</ele>
      </trkpt>
      <trkpt lat="54.6751622" lon="25.2305543">
        <ele>77</ele>
      </trkpt>
      <trkpt lat="54.6751862" lon="25.2305615">
        <ele>77</ele>
      </trkpt>
      <trkpt lat="54.6752102" lon="25.2305687">
        <ele>77</ele>
      </trkpt>
      <trkpt lat="54.6752351" lon="25.2305754">
        <ele>77</ele>
      </trkpt>
      <trkpt lat="54.6752601" lon="25.2305822">
        <ele>77</ele>
      </trkpt>
      <trkpt lat="54.6752863" lon="25.2305882">
        <ele>76</ele>
      </trkpt>
      <trkpt lat="54.6753126" lon="25.2305943">
        <ele>76</ele>
      </trkpt>
      <trkpt lat="54.6753394" lon="25.2306005">
        <ele>76</ele>
      </trkpt>
      <trkpt lat="54.6753663" lon="25.2306067">
        <ele>76</ele>
      </trkpt>
      <trkpt lat="54.6753932" lon="25.2306118">
        <ele>76</ele>
      </trkpt>
      <trkpt lat="54.6754202" lon="25.230617">
        <ele>76</ele>
      </trkpt>
      <trkpt lat="54.675447" lon="25.2306207">
        <ele>76</ele>
      </trkpt>
      <trkpt lat="54.6754738" lon="25.2306245">
        <ele>76</ele>
      </trkpt>
      <trkpt lat="54.6755002" lon="25.2306261">
        <ele>76</ele>
      </trkpt>
      <trkpt lat="54.6755266" lon="25.2306278">
        <ele>76</ele>
      </trkpt>
      <trkpt lat="54.6755517" lon="25.2306264">
        <ele>76</ele>
      </trkpt>
      <trkpt lat="54.6755768" lon="25.2306251">
        <ele>76</ele>
      </trkpt>
      <trkpt lat="54.6756016" lon="25.2306214">
        <ele>76</ele>
      </trkpt>
      <trkpt lat="54.6756264" lon="25.2306177">
        <ele>76</ele>
      </trkpt>
      <trkpt lat="54.6756515" lon="25.2306145">
        <ele>76</ele>
      </trkpt>
      <trkpt lat="54.6756766" lon="25.2306113">
        <ele>76</ele>
      </trkpt>
      <trkpt lat="54.675702" lon="25.2306095">
        <ele>76</ele>
      </trkpt>
      <trkpt lat="54.6757275" lon="25.2306077">
        <ele>76</ele>
      </trkpt>
      <trkpt lat="54.675753" lon="25.2306051">
        <ele>76</ele>
      </trkpt>
      <trkpt lat="54.6757785" lon="25.2306026">
        <ele>76</ele>
      </trkpt>
      <trkpt lat="54.6758049" lon="25.2306009">
        <ele>76</ele>
      </trkpt>
      <trkpt lat="54.6758314" lon="25.2305992">
        <ele>76</ele>
      </trkpt>
      <trkpt lat="54.6758571" lon="25.2305988">
        <ele>76</ele>
      </trkpt>
      <trkpt lat="54.6758829" lon="25.2305985">
        <ele>76</ele>
      </trkpt>
      <trkpt lat="54.6759084" lon="25.2305994">
        <ele>76</ele>
      </trkpt>
      <trkpt lat="54.6759339" lon="25.2306004">
        <ele>76</ele>
      </trkpt>
      <trkpt lat="54.6759594" lon="25.2306031">
        <ele>76</ele>
      </trkpt>
      <trkpt lat="54.6759849" lon="25.2306058">
        <ele>76</ele>
      </trkpt>
      <trkpt lat="54.6760092" lon="25.2306103">
        <ele>76</ele>
      </trkpt>
      <trkpt lat="54.6760335" lon="25.2306148">
        <ele>76</ele>
      </trkpt>
      <trkpt lat="54.6760575" lon="25.2306185">
        <ele>76</ele>
      </trkpt>
      <trkpt lat="54.6760816" lon="25.2306223">
        <ele>76</ele>
      </trkpt>
      <trkpt lat="54.6761062" lon="25.2306224">
        <ele>76</ele>
      </trkpt>
      <trkpt lat="54.6761308" lon="25.2306226">
        <ele>76</ele>
      </trkpt>
      <trkpt lat="54.6761557" lon="25.2306204">
        <ele>76</ele>
      </trkpt>
      <trkpt lat="54.6761807" lon="25.2306183">
        <ele>76</ele>
      </trkpt>
      <trkpt lat="54.676205" lon="25.2306152">
        <ele>76</ele>
      </trkpt>
      <trkpt lat="54.6762293" lon="25.2306121">
        <ele>76</ele>
      </trkpt>
      <trkpt lat="54.6762545" lon="25.2306065">
        <ele>76</ele>
      </trkpt>
      <trkpt lat="54.6762797" lon="25.2306009">
        <ele>77</ele>
      </trkpt>
      <trkpt lat="54.6763045" lon="25.2305932">
        <ele>77</ele>
      </trkpt>
      <trkpt lat="54.6763294" lon="25.2305855">
        <ele>77</ele>
      </trkpt>
      <trkpt lat="54.6763532" lon="25.230577">
        <ele>77</ele>
      </trkpt>
      <trkpt lat="54.6763771" lon="25.2305685">
        <ele>77</ele>
      </trkpt>
      <trkpt lat="54.6764009" lon="25.2305591">
        <ele>77</ele>
      </trkpt>
      <trkpt lat="54.6764248" lon="25.2305498">
        <ele>77</ele>
      </trkpt>
      <trkpt lat="54.6764482" lon="25.2305388">
        <ele>77</ele>
      </trkpt>
      <trkpt lat="54.6764716" lon="25.2305278">
        <ele>77</ele>
      </trkpt>
      <trkpt lat="54.676496" lon="25.2305171">
        <ele>77</ele>
      </trkpt>
      <trkpt lat="54.6765205" lon="25.2305064">
        <ele>77</ele>
      </trkpt>
      <trkpt lat="54.6765467" lon="25.2304973">
        <ele>77</ele>
      </trkpt>
      <trkpt lat="54.676573" lon="25.2304882">
        <ele>77</ele>
      </trkpt>
      <trkpt lat="54.6766003" lon="25.2304793">
        <ele>77</ele>
      </trkpt>
      <trkpt lat="54.6766277" lon="25.2304704">
        <ele>77</ele>
      </trkpt>
      <trkpt lat="54.6766544" lon="25.230462">
        <ele>77</ele>
      </trkpt>
      <trkpt lat="54.6766812" lon="25.2304536">
        <ele>77</ele>
      </trkpt>
      <trkpt lat="54.6767064" lon="25.2304471">
        <ele>77</ele>
      </trkpt>
      <trkpt lat="54.6767317" lon="25.2304406">
        <ele>77</ele>
      </trkpt>
      <trkpt lat="54.6767572" lon="25.2304385">
        <ele>77</ele>
      </trkpt>
      <trkpt lat="54.6767827" lon="25.2304365">
        <ele>77</ele>
      </trkpt>
      <trkpt lat="54.6768095" lon="25.2304389">
        <ele>77</ele>
      </trkpt>
      <trkpt lat="54.6768364" lon="25.2304414">
        <ele>77</ele>
      </trkpt>
      <trkpt lat="54.6768638" lon="25.2304485">
        <ele>77</ele>
      </trkpt>
      <trkpt lat="54.6768913" lon="25.2304557">
        <ele>77</ele>
      </trkpt>
      <trkpt lat="54.6769184" lon="25.2304691">
        <ele>77</ele>
      </trkpt>
      <trkpt lat="54.6769456" lon="25.2304826">
        <ele>76</ele>
      </trkpt>
      <trkpt lat="54.6769718" lon="25.2304995">
        <ele>76</ele>
      </trkpt>
      <trkpt lat="54.676998" lon="25.2305164">
        <ele>76</ele>
      </trkpt>
      <trkpt lat="54.6770243" lon="25.2305334">
        <ele>76</ele>
      </trkpt>
      <trkpt lat="54.6770506" lon="25.2305505">
        <ele>76</ele>
      </trkpt>
      <trkpt lat="54.6770761" lon="25.2305661">
        <ele>76</ele>
      </trkpt>
      <trkpt lat="54.6771016" lon="25.2305817">
        <ele>76</ele>
      </trkpt>
      <trkpt lat="54.6771263" lon="25.230596">
        <ele>76</ele>
      </trkpt>
      <trkpt lat="54.6771511" lon="25.2306104">
        <ele>76</ele>
      </trkpt>
      <trkpt lat="54.6771757" lon="25.2306217">
        <ele>76</ele>
      </trkpt>
      <trkpt lat="54.6772004" lon="25.230633">
        <ele>76</ele>
      </trkpt>
      <trkpt lat="54.6772255" lon="25.2306403">
        <ele>76</ele>
      </trkpt>
      <trkpt lat="54.6772507" lon="25.2306477">
        <ele>76</ele>
      </trkpt>
      <trkpt lat="54.6772755" lon="25.2306522">
        <ele>76</ele>
      </trkpt>
      <trkpt lat="54.6773003" lon="25.2306567">
        <ele>76</ele>
      </trkpt>
      <trkpt lat="54.6773254" lon="25.2306579">
        <ele>76</ele>
      </trkpt>
      <trkpt lat="54.6773505" lon="25.2306591">
        <ele>76</ele>
      </trkpt>
      <trkpt lat="54.6773757" lon="25.2306555">
        <ele>76</ele>
      </trkpt>
      <trkpt lat="54.6774009" lon="25.2306519">
        <ele>76</ele>
      </trkpt>
      <trkpt lat="54.6774255" lon="25.2306439">
        <ele>76</ele>
      </trkpt>
      <trkpt lat="54.6774502" lon="25.2306359">
        <ele>76</ele>
      </trkpt>
      <trkpt lat="54.6774753" lon="25.2306249">
        <ele>76</ele>
      </trkpt>
      <trkpt lat="54.6775005" lon="25.230614">
        <ele>76</ele>
      </trkpt>
      <trkpt lat="54.6775256" lon="25.2305994">
        <ele>76</ele>
      </trkpt>
      <trkpt lat="54.6775507" lon="25.2305849">
        <ele>76</ele>
      </trkpt>
      <trkpt lat="54.6775745" lon="25.2305682">
        <ele>76</ele>
      </trkpt>
      <trkpt lat="54.6775983" lon="25.2305515">
        <ele>76</ele>
      </trkpt>
      <trkpt lat="54.6776221" lon="25.230534">
        <ele>76</ele>
      </trkpt>
      <trkpt lat="54.6776459" lon="25.2305165">
        <ele>76</ele>
      </trkpt>
      <trkpt lat="54.6776698" lon="25.2305017">
        <ele>76</ele>
      </trkpt>
      <trkpt lat="54.6776937" lon="25.2304869">
        <ele>76</ele>
      </trkpt>
      <trkpt lat="54.6777181" lon="25.2304744">
        <ele>76</ele>
      </trkpt>
      <trkpt lat="54.6777425" lon="25.230462">
        <ele>76</ele>
      </trkpt>
      <trkpt lat="54.6777664" lon="25.2304489">
        <ele>76</ele>
      </trkpt>
      <trkpt lat="54.6777903" lon="25.2304358">
        <ele>76</ele>
      </trkpt>
      <trkpt lat="54.6778134" lon="25.2304215">
        <ele>76</ele>
      </trkpt>
      <trkpt lat="54.6778366" lon="25.2304073">
        <ele>76</ele>
      </trkpt>
      <trkpt lat="54.6778586" lon="25.2303946">
        <ele>76</ele>
      </trkpt>
      <trkpt lat="54.6778806" lon="25.2303819">
        <ele>76</ele>
      </trkpt>
      <trkpt lat="54.6779026" lon="25.2303694">
        <ele>76</ele>
      </trkpt>
      <trkpt lat="54.6779247" lon="25.230357">
        <ele>76</ele>
      </trkpt>
      <trkpt lat="54.6779485" lon="25.2303432">
        <ele>76</ele>
      </trkpt>
      <trkpt lat="54.6779723" lon="25.2303295">
        <ele>76</ele>
      </trkpt>
      <trkpt lat="54.6779963" lon="25.2303145">
        <ele>76</ele>
      </trkpt>
      <trkpt lat="54.6780204" lon="25.2302995">
        <ele>77</ele>
      </trkpt>
      <trkpt lat="54.6780447" lon="25.230282">
        <ele>77</ele>
      </trkpt>
      <trkpt lat="54.6780691" lon="25.2302645">
        <ele>77</ele>
      </trkpt>
      <trkpt lat="54.6780922" lon="25.2302433">
        <ele>77</ele>
      </trkpt>
      <trkpt lat="54.6781153" lon="25.2302222">
        <ele>77</ele>
      </trkpt>
      <trkpt lat="54.678138" lon="25.2301978">
        <ele>77</ele>
      </trkpt>
      <trkpt lat="54.6781608" lon="25.2301734">
        <ele>76</ele>
      </trkpt>
      <trkpt lat="54.6781835" lon="25.2301493">
        <ele>76</ele>
      </trkpt>
      <trkpt lat="54.6782063" lon="25.2301253">
        <ele>76</ele>
      </trkpt>
      <trkpt lat="54.6782298" lon="25.2301038">
        <ele>76</ele>
      </trkpt>
      <trkpt lat="54.6782534" lon="25.2300823">
        <ele>76</ele>
      </trkpt>
      <trkpt lat="54.6782794" lon="25.2300629">
        <ele>75</ele>
      </trkpt>
      <trkpt lat="54.6783055" lon="25.2300436">
        <ele>75</ele>
      </trkpt>
      <trkpt lat="54.678333" lon="25.2300305">
        <ele>75</ele>
      </trkpt>
      <trkpt lat="54.6783606" lon="25.2300175">
        <ele>75</ele>
      </trkpt>
      <trkpt lat="54.6783891" lon="25.230012">
        <ele>75</ele>
      </trkpt>
      <trkpt lat="54.6784176" lon="25.2300065">
        <ele>75</ele>
      </trkpt>
      <trkpt lat="54.6784453" lon="25.2300051">
        <ele>75</ele>
      </trkpt>
      <trkpt lat="54.678473" lon="25.2300038">
        <ele>75</ele>
      </trkpt>
      <trkpt lat="54.6785006" lon="25.2300025">
        <ele>75</ele>
      </trkpt>
      <trkpt lat="54.6785282" lon="25.2300013">
        <ele>75</ele>
      </trkpt>
      <trkpt lat="54.6785562" lon="25.2299986">
        <ele>75</ele>
      </trkpt>
      <trkpt lat="54.6785842" lon="25.229996">
        <ele>75</ele>
      </trkpt>
      <trkpt lat="54.6786114" lon="25.229993">
        <ele>75</ele>
      </trkpt>
      <trkpt lat="54.6786387" lon="25.22999">
        <ele>75</ele>
      </trkpt>
      <trkpt lat="54.678666" lon="25.2299852">
        <ele>76</ele>
      </trkpt>
      <trkpt lat="54.6786934" lon="25.2299805">
        <ele>76</ele>
      </trkpt>
      <trkpt lat="54.6787207" lon="25.2299749">
        <ele>76</ele>
      </trkpt>
      <trkpt lat="54.6787481" lon="25.2299693">
        <ele>76</ele>
      </trkpt>
      <trkpt lat="54.6787756" lon="25.2299668">
        <ele>76</ele>
      </trkpt>
      <trkpt lat="54.6788031" lon="25.2299643">
        <ele>76</ele>
      </trkpt>
      <trkpt lat="54.6788296" lon="25.2299666">
        <ele>75</ele>
      </trkpt>
      <trkpt lat="54.6788561" lon="25.229969">
        <ele>75</ele>
      </trkpt>
      <trkpt lat="54.6788831" lon="25.2299722">
        <ele>75</ele>
      </trkpt>
      <trkpt lat="54.6789102" lon="25.2299755">
        <ele>75</ele>
      </trkpt>
      <trkpt lat="54.6789378" lon="25.229977">
        <ele>75</ele>
      </trkpt>
      <trkpt lat="54.6789654" lon="25.2299785">
        <ele>75</ele>
      </trkpt>
      <trkpt lat="54.6789935" lon="25.229978">
        <ele>75</ele>
      </trkpt>
      <trkpt lat="54.6790216" lon="25.2299775">
        <ele>75</ele>
      </trkpt>
      <trkpt lat="54.6790492" lon="25.2299768">
        <ele>75</ele>
      </trkpt>
      <trkpt lat="54.6790768" lon="25.2299762">
        <ele>75</ele>
      </trkpt>
      <trkpt lat="54.6791027" lon="25.2299765">
        <ele>75</ele>
      </trkpt>
      <trkpt lat="54.6791287" lon="25.2299769">
        <ele>75</ele>
      </trkpt>
      <trkpt lat="54.6791556" lon="25.2299788">
        <ele>75</ele>
      </trkpt>
      <trkpt lat="54.6791826" lon="25.2299807">
        <ele>75</ele>
      </trkpt>
      <trkpt lat="54.6792104" lon="25.229984">
        <ele>75</ele>
      </trkpt>
      <trkpt lat="54.6792382" lon="25.2299874">
        <ele>75</ele>
      </trkpt>
      <trkpt lat="54.6792662" lon="25.2299928">
        <ele>75</ele>
      </trkpt>
      <trkpt lat="54.6792943" lon="25.2299983">
        <ele>75</ele>
      </trkpt>
      <trkpt lat="54.6793217" lon="25.2300028">
        <ele>75</ele>
      </trkpt>
      <trkpt lat="54.6793491" lon="25.2300073">
        <ele>75</ele>
      </trkpt>
      <trkpt lat="54.6793763" lon="25.2300088">
        <ele>75</ele>
      </trkpt>
      <trkpt lat="54.6794035" lon="25.2300103">
        <ele>75</ele>
      </trkpt>
      <trkpt lat="54.6794312" lon="25.2300071">
        <ele>75</ele>
      </trkpt>
      <trkpt lat="54.6794589" lon="25.2300039">
        <ele>75</ele>
      </trkpt>
      <trkpt lat="54.6794863" lon="25.2299973">
        <ele>75</ele>
      </trkpt>
      <trkpt lat="54.6795137" lon="25.2299908">
        <ele>75</ele>
      </trkpt>
      <trkpt lat="54.6795405" lon="25.2299824">
        <ele>75</ele>
      </trkpt>
      <trkpt lat="54.6795673" lon="25.2299741">
        <ele>75</ele>
      </trkpt>
      <trkpt lat="54.6795936" lon="25.2299649">
        <ele>75</ele>
      </trkpt>
      <trkpt lat="54.67962" lon="25.2299557">
        <ele>76</ele>
      </trkpt>
      <trkpt lat="54.6796468" lon="25.2299459">
        <ele>76</ele>
      </trkpt>
      <trkpt lat="54.6796737" lon="25.2299362">
        <ele>76</ele>
      </trkpt>
      <trkpt lat="54.6797018" lon="25.2299267">
        <ele>76</ele>
      </trkpt>
      <trkpt lat="54.67973" lon="25.2299173">
        <ele>76</ele>
      </trkpt>
      <trkpt lat="54.6797576" lon="25.2299093">
        <ele>76</ele>
      </trkpt>
      <trkpt lat="54.6797853" lon="25.2299014">
        <ele>76</ele>
      </trkpt>
      <trkpt lat="54.6798121" lon="25.2298939">
        <ele>76</ele>
      </trkpt>
      <trkpt lat="54.6798389" lon="25.2298864">
        <ele>76</ele>
      </trkpt>
      <trkpt lat="54.679865" lon="25.2298791">
        <ele>76</ele>
      </trkpt>
      <trkpt lat="54.6798911" lon="25.2298718">
        <ele>76</ele>
      </trkpt>
      <trkpt lat="54.6799181" lon="25.2298654">
        <ele>75</ele>
      </trkpt>
      <trkpt lat="54.6799452" lon="25.229859">
        <ele>75</ele>
      </trkpt>
      <trkpt lat="54.6799727" lon="25.2298555">
        <ele>75</ele>
      </trkpt>
      <trkpt lat="54.6800002" lon="25.229852">
        <ele>75</ele>
      </trkpt>
      <trkpt lat="54.6800277" lon="25.2298534">
        <ele>75</ele>
      </trkpt>
      <trkpt lat="54.6800553" lon="25.2298549">
        <ele>75</ele>
      </trkpt>
      <trkpt lat="54.680082" lon="25.2298595">
        <ele>75</ele>
      </trkpt>
      <trkpt lat="54.6801088" lon="25.2298642">
        <ele>75</ele>
      </trkpt>
      <trkpt lat="54.6801359" lon="25.2298708">
        <ele>75</ele>
      </trkpt>
      <trkpt lat="54.680163" lon="25.2298775">
        <ele>75</ele>
      </trkpt>
      <trkpt lat="54.6801898" lon="25.2298848">
        <ele>75</ele>
      </trkpt>
      <trkpt lat="54.6802167" lon="25.2298922">
        <ele>75</ele>
      </trkpt>
      <trkpt lat="54.6802433" lon="25.2298977">
        <ele>75</ele>
      </trkpt>
      <trkpt lat="54.6802699" lon="25.2299032">
        <ele>75</ele>
      </trkpt>
      <trkpt lat="54.6802963" lon="25.229907">
        <ele>75</ele>
      </trkpt>
      <trkpt lat="54.6803228" lon="25.2299109">
        <ele>75</ele>
      </trkpt>
      <trkpt lat="54.6803488" lon="25.229914">
        <ele>75</ele>
      </trkpt>
      <trkpt lat="54.6803749" lon="25.2299171">
        <ele>75</ele>
      </trkpt>
      <trkpt lat="54.6804007" lon="25.2299187">
        <ele>75</ele>
      </trkpt>
      <trkpt lat="54.6804265" lon="25.2299204">
        <ele>76</ele>
      </trkpt>
      <trkpt lat="54.6804511" lon="25.2299188">
        <ele>76</ele>
      </trkpt>
      <trkpt lat="54.6804758" lon="25.2299173">
        <ele>76</ele>
      </trkpt>
      <trkpt lat="54.6804992" lon="25.2299114">
        <ele>76</ele>
      </trkpt>
      <trkpt lat="54.6805227" lon="25.2299056">
        <ele>76</ele>
      </trkpt>
      <trkpt lat="54.6805453" lon="25.2298966">
        <ele>76</ele>
      </trkpt>
      <trkpt lat="54.680568" lon="25.2298876">
        <ele>76</ele>
      </trkpt>
      <trkpt lat="54.6805897" lon="25.2298778">
        <ele>76</ele>
      </trkpt>
      <trkpt lat="54.6806115" lon="25.229868">
        <ele>76</ele>
      </trkpt>
      <trkpt lat="54.6806322" lon="25.2298576">
        <ele>76</ele>
      </trkpt>
      <trkpt lat="54.6806529" lon="25.2298472">
        <ele>76</ele>
      </trkpt>
      <trkpt lat="54.6806731" lon="25.2298361">
        <ele>76</ele>
      </trkpt>
      <trkpt lat="54.6806933" lon="25.2298251">
        <ele>76</ele>
      </trkpt>
      <trkpt lat="54.6807143" lon="25.2298113">
        <ele>76</ele>
      </trkpt>
      <trkpt lat="54.6807353" lon="25.2297976">
        <ele>76</ele>
      </trkpt>
      <trkpt lat="54.6807575" lon="25.229781">
        <ele>76</ele>
      </trkpt>
      <trkpt lat="54.6807798" lon="25.2297645">
        <ele>76</ele>
      </trkpt>
      <trkpt lat="54.6808012" lon="25.2297464">
        <ele>76</ele>
      </trkpt>
      <trkpt lat="54.6808227" lon="25.2297283">
        <ele>76</ele>
      </trkpt>
      <trkpt lat="54.6808433" lon="25.2297091">
        <ele>76</ele>
      </trkpt>
      <trkpt lat="54.6808639" lon="25.22969">
        <ele>76</ele>
      </trkpt>
      <trkpt lat="54.6808835" lon="25.2296711">
        <ele>76</ele>
      </trkpt>
      <trkpt lat="54.6809032" lon="25.2296523">
        <ele>76</ele>
      </trkpt>
      <trkpt lat="54.6809231" lon="25.2296331">
        <ele>76</ele>
      </trkpt>
      <trkpt lat="54.680943" lon="25.229614">
        <ele>76</ele>
      </trkpt>
      <trkpt lat="54.6809635" lon="25.2295937">
        <ele>76</ele>
      </trkpt>
      <trkpt lat="54.680984" lon="25.2295735">
        <ele>76</ele>
      </trkpt>
      <trkpt lat="54.6810056" lon="25.2295528">
        <ele>76</ele>
      </trkpt>
      <trkpt lat="54.6810273" lon="25.2295321">
        <ele>76</ele>
      </trkpt>
      <trkpt lat="54.6810501" lon="25.2295122">
        <ele>76</ele>
      </trkpt>
      <trkpt lat="54.681073" lon="25.2294924">
        <ele>77</ele>
      </trkpt>
      <trkpt lat="54.6810974" lon="25.2294759">
        <ele>77</ele>
      </trkpt>
      <trkpt lat="54.6811219" lon="25.2294595">
        <ele>77</ele>
      </trkpt>
      <trkpt lat="54.681148" lon="25.2294485">
        <ele>77</ele>
      </trkpt>
      <trkpt lat="54.6811741" lon="25.2294376">
        <ele>77</ele>
      </trkpt>
      <trkpt lat="54.6812005" lon="25.2294308">
        <ele>78</ele>
      </trkpt>
      <trkpt lat="54.681227" lon="25.229424">
        <ele>78</ele>
      </trkpt>
      <trkpt lat="54.6812533" lon="25.2294199">
        <ele>78</ele>
      </trkpt>
      <trkpt lat="54.6812797" lon="25.2294159">
        <ele>78</ele>
      </trkpt>
      <trkpt lat="54.6813043" lon="25.2294116">
        <ele>78</ele>
      </trkpt>
      <trkpt lat="54.681329" lon="25.2294074">
        <ele>78</ele>
      </trkpt>
      <trkpt lat="54.6813488" lon="25.2293998">
        <ele>78</ele>
      </trkpt>
      <trkpt lat="54.6813686" lon="25.2293922">
        <ele>78</ele>
      </trkpt>
      <trkpt lat="54.6813774" lon="25.2293866">
        <ele>77</ele>
      </trkpt>
      <trkpt lat="54.681381" lon="25.2293827">
        <ele>77</ele>
      </trkpt>
      <trkpt lat="54.6813846" lon="25.2293788">
        <ele>77</ele>
      </trkpt>
      <trkpt lat="54.6813902" lon="25.2293737">
        <ele>77</ele>
      </trkpt>
      <trkpt lat="54.6813958" lon="25.2293687">
        <ele>77</ele>
      </trkpt>
      <trkpt lat="54.681406" lon="25.2293599">
        <ele>77</ele>
      </trkpt>
      <trkpt lat="54.6814163" lon="25.2293512">
        <ele>77</ele>
      </trkpt>
      <trkpt lat="54.6814305" lon="25.2293395">
        <ele>77</ele>
      </trkpt>
      <trkpt lat="54.6814448" lon="25.2293278">
        <ele>77</ele>
      </trkpt>
      <trkpt lat="54.6814632" lon="25.2293151">
        <ele>77</ele>
      </trkpt>
      <trkpt lat="54.6814817" lon="25.2293025">
        <ele>77</ele>
      </trkpt>
      <trkpt lat="54.6815025" lon="25.2292899">
        <ele>78</ele>
      </trkpt>
      <trkpt lat="54.6815234" lon="25.2292773">
        <ele>78</ele>
      </trkpt>
      <trkpt lat="54.6815448" lon="25.2292664">
        <ele>78</ele>
      </trkpt>
      <trkpt lat="54.6815663" lon="25.2292556">
        <ele>78</ele>
      </trkpt>
      <trkpt lat="54.6815884" lon="25.2292439">
        <ele>78</ele>
      </trkpt>
      <trkpt lat="54.6816106" lon="25.2292323">
        <ele>78</ele>
      </trkpt>
      <trkpt lat="54.6816341" lon="25.2292197">
        <ele>78</ele>
      </trkpt>
      <trkpt lat="54.6816577" lon="25.2292072">
        <ele>78</ele>
      </trkpt>
      <trkpt lat="54.6816821" lon="25.2291934">
        <ele>78</ele>
      </trkpt>
      <trkpt lat="54.6817065" lon="25.2291797">
        <ele>78</ele>
      </trkpt>
      <trkpt lat="54.681731" lon="25.2291634">
        <ele>78</ele>
      </trkpt>
      <trkpt lat="54.6817556" lon="25.2291471">
        <ele>78</ele>
      </trkpt>
      <trkpt lat="54.6817802" lon="25.2291287">
        <ele>78</ele>
      </trkpt>
      <trkpt lat="54.6818048" lon="25.2291104">
        <ele>78</ele>
      </trkpt>
      <trkpt lat="54.6818287" lon="25.2290929">
        <ele>78</ele>
      </trkpt>
      <trkpt lat="54.6818527" lon="25.2290754">
        <ele>78</ele>
      </trkpt>
      <trkpt lat="54.6818761" lon="25.2290595">
        <ele>78</ele>
      </trkpt>
      <trkpt lat="54.6818995" lon="25.2290437">
        <ele>78</ele>
      </trkpt>
      <trkpt lat="54.6819217" lon="25.2290284">
        <ele>78</ele>
      </trkpt>
      <trkpt lat="54.6819439" lon="25.2290131">
        <ele>78</ele>
      </trkpt>
      <trkpt lat="54.6819656" lon="25.2289969">
        <ele>78</ele>
      </trkpt>
      <trkpt lat="54.6819874" lon="25.2289808">
        <ele>78</ele>
      </trkpt>
      <trkpt lat="54.682009" lon="25.2289623">
        <ele>78</ele>
      </trkpt>
      <trkpt lat="54.6820306" lon="25.2289438">
        <ele>78</ele>
      </trkpt>
      <trkpt lat="54.682052" lon="25.2289235">
        <ele>78</ele>
      </trkpt>
      <trkpt lat="54.6820735" lon="25.2289033">
        <ele>78</ele>
      </trkpt>
      <trkpt lat="54.6820949" lon="25.2288822">
        <ele>78</ele>
      </trkpt>
      <trkpt lat="54.6821164" lon="25.2288611">
        <ele>78</ele>
      </trkpt>
      <trkpt lat="54.6821366" lon="25.2288385">
        <ele>78</ele>
      </trkpt>
      <trkpt lat="54.6821569" lon="25.2288159">
        <ele>78</ele>
      </trkpt>
      <trkpt lat="54.6821755" lon="25.2287905">
        <ele>78</ele>
      </trkpt>
      <trkpt lat="54.6821942" lon="25.2287651">
        <ele>78</ele>
      </trkpt>
      <trkpt lat="54.6822119" lon="25.2287361">
        <ele>78</ele>
      </trkpt>
      <trkpt lat="54.6822296" lon="25.2287072">
        <ele>78</ele>
      </trkpt>
      <trkpt lat="54.6822472" lon="25.2286759">
        <ele>78</ele>
      </trkpt>
      <trkpt lat="54.6822648" lon="25.2286446">
        <ele>78</ele>
      </trkpt>
      <trkpt lat="54.6822814" lon="25.2286106">
        <ele>78</ele>
      </trkpt>
      <trkpt lat="54.6822981" lon="25.2285766">
        <ele>78</ele>
      </trkpt>
      <trkpt lat="54.6823126" lon="25.2285409">
        <ele>78</ele>
      </trkpt>
      <trkpt lat="54.6823272" lon="25.2285053">
        <ele>78</ele>
      </trkpt>
      <trkpt lat="54.6823416" lon="25.2284705">
        <ele>78</ele>
      </trkpt>
      <trkpt lat="54.682356" lon="25.2284358">
        <ele>78</ele>
      </trkpt>
      <trkpt lat="54.6823732" lon="25.2284023">
        <ele>78</ele>
      </trkpt>
      <trkpt lat="54.6823905" lon="25.2283688">
        <ele>78</ele>
      </trkpt>
      <trkpt lat="54.6824098" lon="25.2283374">
        <ele>78</ele>
      </trkpt>
      <trkpt lat="54.6824292" lon="25.2283061">
        <ele>78</ele>
      </trkpt>
      <trkpt lat="54.6824491" lon="25.2282763">
        <ele>78</ele>
      </trkpt>
      <trkpt lat="54.682469" lon="25.2282466">
        <ele>78</ele>
      </trkpt>
      <trkpt lat="54.6824877" lon="25.2282175">
        <ele>78</ele>
      </trkpt>
      <trkpt lat="54.6825064" lon="25.2281884">
        <ele>78</ele>
      </trkpt>
      <trkpt lat="54.6825246" lon="25.2281587">
        <ele>78</ele>
      </trkpt>
      <trkpt lat="54.6825428" lon="25.2281291">
        <ele>78</ele>
      </trkpt>
      <trkpt lat="54.6825596" lon="25.2280981">
        <ele>78</ele>
      </trkpt>
      <trkpt lat="54.6825764" lon="25.2280672">
        <ele>78</ele>
      </trkpt>
      <trkpt lat="54.6825926" lon="25.228036">
        <ele>78</ele>
      </trkpt>
      <trkpt lat="54.6826088" lon="25.2280049">
        <ele>78</ele>
      </trkpt>
      <trkpt lat="54.6826264" lon="25.22798">
        <ele>77</ele>
      </trkpt>
      <trkpt lat="54.6826441" lon="25.2279552">
        <ele>77</ele>
      </trkpt>
      <trkpt lat="54.6826653" lon="25.2279346">
        <ele>76</ele>
      </trkpt>
      <trkpt lat="54.6826865" lon="25.227914">
        <ele>76</ele>
      </trkpt>
      <trkpt lat="54.6827113" lon="25.2278914">
        <ele>76</ele>
      </trkpt>
      <trkpt lat="54.6827361" lon="25.2278688">
        <ele>75</ele>
      </trkpt>
      <trkpt lat="54.6827608" lon="25.2278399">
        <ele>75</ele>
      </trkpt>
      <trkpt lat="54.6827856" lon="25.2278111">
        <ele>75</ele>
      </trkpt>
      <trkpt lat="54.6828059" lon="25.2277782">
        <ele>75</ele>
      </trkpt>
      <trkpt lat="54.6828263" lon="25.2277453">
        <ele>75</ele>
      </trkpt>
      <trkpt lat="54.682844" lon="25.2277134">
        <ele>75</ele>
      </trkpt>
      <trkpt lat="54.6828617" lon="25.2276815">
        <ele>75</ele>
      </trkpt>
      <trkpt lat="54.6828781" lon="25.2276537">
        <ele>75</ele>
      </trkpt>
      <trkpt lat="54.6828946" lon="25.227626">
        <ele>75</ele>
      </trkpt>
      <trkpt lat="54.6829122" lon="25.227602">
        <ele>75</ele>
      </trkpt>
      <trkpt lat="54.6829298" lon="25.227578">
        <ele>75</ele>
      </trkpt>
      <trkpt lat="54.6829487" lon="25.227556">
        <ele>75</ele>
      </trkpt>
      <trkpt lat="54.6829677" lon="25.2275341">
        <ele>75</ele>
      </trkpt>
      <trkpt lat="54.6829865" lon="25.2275094">
        <ele>75</ele>
      </trkpt>
      <trkpt lat="54.6830053" lon="25.2274848">
        <ele>75</ele>
      </trkpt>
      <trkpt lat="54.6830216" lon="25.2274571">
        <ele>75</ele>
      </trkpt>
      <trkpt lat="54.683038" lon="25.2274294">
        <ele>75</ele>
      </trkpt>
      <trkpt lat="54.6830509" lon="25.2274024">
        <ele>75</ele>
      </trkpt>
      <trkpt lat="54.6830638" lon="25.2273754">
        <ele>75</ele>
      </trkpt>
      <trkpt lat="54.6830769" lon="25.227353">
        <ele>75</ele>
      </trkpt>
      <trkpt lat="54.68309" lon="25.2273306">
        <ele>75</ele>
      </trkpt>
      <trkpt lat="54.6831056" lon="25.2273088">
        <ele>75</ele>
      </trkpt>
      <trkpt lat="54.6831213" lon="25.2272871">
        <ele>75</ele>
      </trkpt>
      <trkpt lat="54.6831361" lon="25.2272629">
        <ele>75</ele>
      </trkpt>
      <trkpt lat="54.683151" lon="25.2272387">
        <ele>75</ele>
      </trkpt>
      <trkpt lat="54.6831631" lon="25.2272068">
        <ele>75</ele>
      </trkpt>
      <trkpt lat="54.6831753" lon="25.2271749">
        <ele>75</ele>
      </trkpt>
      <trkpt lat="54.6831859" lon="25.2271407">
        <ele>75</ele>
      </trkpt>
      <trkpt lat="54.6831966" lon="25.2271065">
        <ele>75</ele>
      </trkpt>
      <trkpt lat="54.6832099" lon="25.2270716">
        <ele>76</ele>
      </trkpt>
      <trkpt lat="54.6832232" lon="25.2270368">
        <ele>76</ele>
      </trkpt>
      <trkpt lat="54.6832385" lon="25.2270017">
        <ele>76</ele>
      </trkpt>
      <trkpt lat="54.6832539" lon="25.2269666">
        <ele>76</ele>
      </trkpt>
      <trkpt lat="54.6832702" lon="25.2269337">
        <ele>76</ele>
      </trkpt>
      <trkpt lat="54.6832865" lon="25.2269008">
        <ele>76</ele>
      </trkpt>
      <trkpt lat="54.6833045" lon="25.2268712">
        <ele>75</ele>
      </trkpt>
      <trkpt lat="54.6833226" lon="25.2268417">
        <ele>75</ele>
      </trkpt>
      <trkpt lat="54.6833429" lon="25.2268155">
        <ele>75</ele>
      </trkpt>
      <trkpt lat="54.6833632" lon="25.2267893">
        <ele>75</ele>
      </trkpt>
      <trkpt lat="54.6833844" lon="25.226764">
        <ele>75</ele>
      </trkpt>
      <trkpt lat="54.6834057" lon="25.2267388">
        <ele>75</ele>
      </trkpt>
      <trkpt lat="54.6834246" lon="25.2267096">
        <ele>75</ele>
      </trkpt>
      <trkpt lat="54.6834435" lon="25.2266804">
        <ele>75</ele>
      </trkpt>
      <trkpt lat="54.6834568" lon="25.226645">
        <ele>75</ele>
      </trkpt>
      <trkpt lat="54.6834701" lon="25.2266096">
        <ele>75</ele>
      </trkpt>
      <trkpt lat="54.6834791" lon="25.2265723">
        <ele>75</ele>
      </trkpt>
      <trkpt lat="54.6834882" lon="25.226535">
        <ele>75</ele>
      </trkpt>
      <trkpt lat="54.6834969" lon="25.2264989">
        <ele>75</ele>
      </trkpt>
      <trkpt lat="54.6835057" lon="25.2264628">
        <ele>75</ele>
      </trkpt>
      <trkpt lat="54.6835203" lon="25.2264301">
        <ele>76</ele>
      </trkpt>
      <trkpt lat="54.683535" lon="25.2263975">
        <ele>76</ele>
      </trkpt>
      <trkpt lat="54.6835556" lon="25.2263652">
        <ele>76</ele>
      </trkpt>
      <trkpt lat="54.6835762" lon="25.2263329">
        <ele>76</ele>
      </trkpt>
      <trkpt lat="54.6835982" lon="25.2263026">
        <ele>76</ele>
      </trkpt>
      <trkpt lat="54.6836203" lon="25.2262724">
        <ele>76</ele>
      </trkpt>
      <trkpt lat="54.6836426" lon="25.2262441">
        <ele>76</ele>
      </trkpt>
      <trkpt lat="54.683665" lon="25.2262158">
        <ele>76</ele>
      </trkpt>
      <trkpt lat="54.6836862" lon="25.2261892">
        <ele>76</ele>
      </trkpt>
      <trkpt lat="54.6837074" lon="25.2261626">
        <ele>76</ele>
      </trkpt>
      <trkpt lat="54.6837267" lon="25.2261367">
        <ele>76</ele>
      </trkpt>
      <trkpt lat="54.6837461" lon="25.2261108">
        <ele>76</ele>
      </trkpt>
      <trkpt lat="54.6837637" lon="25.2260866">
        <ele>76</ele>
      </trkpt>
      <trkpt lat="54.6837813" lon="25.2260624">
        <ele>76</ele>
      </trkpt>
      <trkpt lat="54.6837975" lon="25.2260374">
        <ele>76</ele>
      </trkpt>
      <trkpt lat="54.6838137" lon="25.2260125">
        <ele>76</ele>
      </trkpt>
      <trkpt lat="54.6838297" lon="25.2259886">
        <ele>76</ele>
      </trkpt>
      <trkpt lat="54.6838458" lon="25.2259647">
        <ele>76</ele>
      </trkpt>
      <trkpt lat="54.6838628" lon="25.225942">
        <ele>76</ele>
      </trkpt>
      <trkpt lat="54.6838799" lon="25.2259193">
        <ele>76</ele>
      </trkpt>
      <trkpt lat="54.6838978" lon="25.2258977">
        <ele>76</ele>
      </trkpt>
      <trkpt lat="54.6839157" lon="25.2258762">
        <ele>76</ele>
      </trkpt>
      <trkpt lat="54.6839354" lon="25.2258525">
        <ele>76</ele>
      </trkpt>
      <trkpt lat="54.6839552" lon="25.2258289">
        <ele>76</ele>
      </trkpt>
      <trkpt lat="54.6839758" lon="25.2258055">
        <ele>76</ele>
      </trkpt>
      <trkpt lat="54.6839964" lon="25.2257822">
        <ele>76</ele>
      </trkpt>
      <trkpt lat="54.6840195" lon="25.2257601">
        <ele>75</ele>
      </trkpt>
      <trkpt lat="54.6840426" lon="25.225738">
        <ele>75</ele>
      </trkpt>
      <trkpt lat="54.6840686" lon="25.225718">
        <ele>75</ele>
      </trkpt>
      <trkpt lat="54.6840947" lon="25.225698">
        <ele>75</ele>
      </trkpt>
      <trkpt lat="54.6841193" lon="25.2256791">
        <ele>75</ele>
      </trkpt>
      <trkpt lat="54.684144" lon="25.2256602">
        <ele>75</ele>
      </trkpt>
      <trkpt lat="54.6841661" lon="25.2256379">
        <ele>75</ele>
      </trkpt>
      <trkpt lat="54.6841883" lon="25.2256156">
        <ele>75</ele>
      </trkpt>
      <trkpt lat="54.6842102" lon="25.2255887">
        <ele>75</ele>
      </trkpt>
      <trkpt lat="54.6842322" lon="25.2255619">
        <ele>75</ele>
      </trkpt>
      <trkpt lat="54.6842548" lon="25.2255342">
        <ele>75</ele>
      </trkpt>
      <trkpt lat="54.6842774" lon="25.2255065">
        <ele>75</ele>
      </trkpt>
      <trkpt lat="54.6842987" lon="25.2254856">
        <ele>75</ele>
      </trkpt>
      <trkpt lat="54.68432" lon="25.2254648">
        <ele>75</ele>
      </trkpt>
      <trkpt lat="54.6843394" lon="25.2254523">
        <ele>75</ele>
      </trkpt>
      <trkpt lat="54.6843588" lon="25.2254398">
        <ele>75</ele>
      </trkpt>
      <trkpt lat="54.6843789" lon="25.2254264">
        <ele>75</ele>
      </trkpt>
      <trkpt lat="54.6843991" lon="25.2254131">
        <ele>75</ele>
      </trkpt>
      <trkpt lat="54.6844246" lon="25.2253859">
        <ele>75</ele>
      </trkpt>
      <trkpt lat="54.6844501" lon="25.2253587">
        <ele>75</ele>
      </trkpt>
      <trkpt lat="54.6844758" lon="25.2253321">
        <ele>75</ele>
      </trkpt>
      <trkpt lat="54.6845015" lon="25.2253055">
        <ele>75</ele>
      </trkpt>
      <trkpt lat="54.6845251" lon="25.2252825">
        <ele>75</ele>
      </trkpt>
      <trkpt lat="54.6845487" lon="25.2252596">
        <ele>75</ele>
      </trkpt>
      <trkpt lat="54.6845711" lon="25.2252382">
        <ele>75</ele>
      </trkpt>
      <trkpt lat="54.6845935" lon="25.2252169">
        <ele>75</ele>
      </trkpt>
      <trkpt lat="54.6846152" lon="25.2251932">
        <ele>75</ele>
      </trkpt>
      <trkpt lat="54.6846369" lon="25.2251695">
        <ele>75</ele>
      </trkpt>
      <trkpt lat="54.6846598" lon="25.2251468">
        <ele>75</ele>
      </trkpt>
      <trkpt lat="54.6846827" lon="25.2251242">
        <ele>76</ele>
      </trkpt>
      <trkpt lat="54.6847069" lon="25.2251028">
        <ele>76</ele>
      </trkpt>
      <trkpt lat="54.6847312" lon="25.2250815">
        <ele>76</ele>
      </trkpt>
      <trkpt lat="54.6847556" lon="25.22506">
        <ele>76</ele>
      </trkpt>
      <trkpt lat="54.6847801" lon="25.2250386">
        <ele>76</ele>
      </trkpt>
      <trkpt lat="54.6848055" lon="25.2250182">
        <ele>77</ele>
      </trkpt>
      <trkpt lat="54.684831" lon="25.2249978">
        <ele>76</ele>
      </trkpt>
      <trkpt lat="54.6848594" lon="25.2249791">
        <ele>76</ele>
      </trkpt>
      <trkpt lat="54.6848879" lon="25.2249605">
        <ele>76</ele>
      </trkpt>
      <trkpt lat="54.6849208" lon="25.2249444">
        <ele>76</ele>
      </trkpt>
      <trkpt lat="54.6849537" lon="25.2249284">
        <ele>76</ele>
      </trkpt>
      <trkpt lat="54.6849872" lon="25.2249132">
        <ele>75</ele>
      </trkpt>
      <trkpt lat="54.6850207" lon="25.2248981">
        <ele>75</ele>
      </trkpt>
      <trkpt lat="54.6850506" lon="25.2248836">
        <ele>75</ele>
      </trkpt>
      <trkpt lat="54.6850805" lon="25.2248692">
        <ele>75</ele>
      </trkpt>
      <trkpt lat="54.6851062" lon="25.2248537">
        <ele>75</ele>
      </trkpt>
      <trkpt lat="54.6851319" lon="25.2248382">
        <ele>74</ele>
      </trkpt>
      <trkpt lat="54.6851546" lon="25.2248191">
        <ele>74</ele>
      </trkpt>
      <trkpt lat="54.6851773" lon="25.2248001">
        <ele>74</ele>
      </trkpt>
      <trkpt lat="54.6851991" lon="25.2247778">
        <ele>74</ele>
      </trkpt>
      <trkpt lat="54.685221" lon="25.2247556">
        <ele>74</ele>
      </trkpt>
      <trkpt lat="54.6852446" lon="25.2247309">
        <ele>74</ele>
      </trkpt>
      <trkpt lat="54.6852683" lon="25.2247063">
        <ele>74</ele>
      </trkpt>
      <trkpt lat="54.6852926" lon="25.2246845">
        <ele>74</ele>
      </trkpt>
      <trkpt lat="54.6853169" lon="25.2246627">
        <ele>74</ele>
      </trkpt>
      <trkpt lat="54.6853391" lon="25.2246462">
        <ele>75</ele>
      </trkpt>
      <trkpt lat="54.6853613" lon="25.2246298">
        <ele>75</ele>
      </trkpt>
      <trkpt lat="54.6853824" lon="25.2246182">
        <ele>75</ele>
      </trkpt>
      <trkpt lat="54.6854036" lon="25.2246067">
        <ele>75</ele>
      </trkpt>
      <trkpt lat="54.685425" lon="25.2245972">
        <ele>75</ele>
      </trkpt>
      <trkpt lat="54.6854464" lon="25.2245877">
        <ele>75</ele>
      </trkpt>
      <trkpt lat="54.6854691" lon="25.2245792">
        <ele>75</ele>
      </trkpt>
      <trkpt lat="54.6854918" lon="25.2245707">
        <ele>75</ele>
      </trkpt>
      <trkpt lat="54.6855185" lon="25.2245573">
        <ele>75</ele>
      </trkpt>
      <trkpt lat="54.6855452" lon="25.224544">
        <ele>75</ele>
      </trkpt>
      <trkpt lat="54.6855764" lon="25.2245289">
        <ele>75</ele>
      </trkpt>
      <trkpt lat="54.6856076" lon="25.2245138">
        <ele>75</ele>
      </trkpt>
      <trkpt lat="54.685641" lon="25.2245005">
        <ele>75</ele>
      </trkpt>
      <trkpt lat="54.6856745" lon="25.2244873">
        <ele>75</ele>
      </trkpt>
      <trkpt lat="54.6857088" lon="25.2244755">
        <ele>75</ele>
      </trkpt>
      <trkpt lat="54.6857431" lon="25.2244637">
        <ele>75</ele>
      </trkpt>
      <trkpt lat="54.6857745" lon="25.2244554">
        <ele>75</ele>
      </trkpt>
      <trkpt lat="54.6858059" lon="25.2244471">
        <ele>75</ele>
      </trkpt>
      <trkpt lat="54.685832" lon="25.2244413">
        <ele>75</ele>
      </trkpt>
      <trkpt lat="54.6858581" lon="25.2244356">
        <ele>75</ele>
      </trkpt>
      <trkpt lat="54.6858776" lon="25.2244305">
        <ele>75</ele>
      </trkpt>
      <trkpt lat="54.6858972" lon="25.2244255">
        <ele>75</ele>
      </trkpt>
      <trkpt lat="54.6859058" lon="25.224421">
        <ele>75</ele>
      </trkpt>
      <trkpt lat="54.6859145" lon="25.2244166">
        <ele>75</ele>
      </trkpt>
      <trkpt lat="54.6859132" lon="25.2244187">
        <ele>75</ele>
      </trkpt>
      <trkpt lat="54.685912" lon="25.2244208">
        <ele>76</ele>
      </trkpt>
      <trkpt lat="54.6859031" lon="25.2244275">
        <ele>77</ele>
      </trkpt>
      <trkpt lat="54.6858973" lon="25.2244277">
        <ele>77</ele>
      </trkpt>
      <trkpt lat="54.6858916" lon="25.224428">
        <ele>77</ele>
      </trkpt>
      <trkpt lat="54.6858871" lon="25.2244228">
        <ele>78</ele>
      </trkpt>
      <trkpt lat="54.6858827" lon="25.2244177">
        <ele>78</ele>
      </trkpt>
      <trkpt lat="54.6858767" lon="25.2244126">
        <ele>79</ele>
      </trkpt>
      <trkpt lat="54.6858708" lon="25.2244075">
        <ele>79</ele>
      </trkpt>
      <trkpt lat="54.6858688" lon="25.2244049">
        <ele>79</ele>
      </trkpt>
      <trkpt lat="54.6858668" lon="25.2244024">
        <ele>79</ele>
      </trkpt>
      <trkpt lat="54.6858648" lon="25.2243998">
        <ele>79</ele>
      </trkpt>
      <trkpt lat="54.6858629" lon="25.2243973">
        <ele>80</ele>
      </trkpt>
      <trkpt lat="54.6858572" lon="25.2243912">
        <ele>80</ele>
      </trkpt>
      <trkpt lat="54.6858516" lon="25.2243852">
        <ele>80</ele>
      </trkpt>
      <trkpt lat="54.6858477" lon="25.2243825">
        <ele>81</ele>
      </trkpt>
      <trkpt lat="54.6858438" lon="25.2243798">
        <ele>81</ele>
      </trkpt>
      <trkpt lat="54.68584" lon="25.2243772">
        <ele>82</ele>
      </trkpt>
      <trkpt lat="54.6858354" lon="25.22437">
        <ele>82</ele>
      </trkpt>
      <trkpt lat="54.6858309" lon="25.2243629">
        <ele>82</ele>
      </trkpt>
      <trkpt lat="54.6858265" lon="25.2243556">
        <ele>83</ele>
      </trkpt>
      <trkpt lat="54.6858222" lon="25.2243483">
        <ele>83</ele>
      </trkpt>
      <trkpt lat="54.6858175" lon="25.22434">
        <ele>84</ele>
      </trkpt>
      <trkpt lat="54.6858128" lon="25.2243317">
        <ele>84</ele>
      </trkpt>
      <trkpt lat="54.6858078" lon="25.2243223">
        <ele>84</ele>
      </trkpt>
      <trkpt lat="54.6858028" lon="25.224313">
        <ele>84</ele>
      </trkpt>
      <trkpt lat="54.6857972" lon="25.2243035">
        <ele>84</ele>
      </trkpt>
      <trkpt lat="54.6857916" lon="25.2242941">
        <ele>85</ele>
      </trkpt>
      <trkpt lat="54.6857851" lon="25.2242846">
        <ele>85</ele>
      </trkpt>
      <trkpt lat="54.6857787" lon="25.2242752">
        <ele>85</ele>
      </trkpt>
      <trkpt lat="54.6857717" lon="25.2242679">
        <ele>86</ele>
      </trkpt>
      <trkpt lat="54.6857648" lon="25.2242607">
        <ele>86</ele>
      </trkpt>
      <trkpt lat="54.6857406" lon="25.2242401">
        <ele>90</ele>
      </trkpt>
      <trkpt lat="54.6857296" lon="25.2242332">
        <ele>90</ele>
      </trkpt>
      <trkpt lat="54.6857187" lon="25.2242263">
        <ele>91</ele>
      </trkpt>
      <trkpt lat="54.6857002" lon="25.2242184">
        <ele>93</ele>
      </trkpt>
      <trkpt lat="54.6856928" lon="25.2242109">
        <ele>93</ele>
      </trkpt>
      <trkpt lat="54.6856854" lon="25.2242035">
        <ele>94</ele>
      </trkpt>
      <trkpt lat="54.68568" lon="25.2241974">
        <ele>94</ele>
      </trkpt>
      <trkpt lat="54.6856747" lon="25.2241913">
        <ele>95</ele>
      </trkpt>
      <trkpt lat="54.6856694" lon="25.2241853">
        <ele>95</ele>
      </trkpt>
      <trkpt lat="54.6856657" lon="25.2241801">
        <ele>95</ele>
      </trkpt>
      <trkpt lat="54.685662" lon="25.2241749">
        <ele>95</ele>
      </trkpt>
      <trkpt lat="54.6856554" lon="25.2241611">
        <ele>95</ele>
      </trkpt>
      <trkpt lat="54.6856488" lon="25.2241473">
        <ele>96</ele>
      </trkpt>
      <trkpt lat="54.6856416" lon="25.224127">
        <ele>96</ele>
      </trkpt>
      <trkpt lat="54.6856345" lon="25.2241067">
        <ele>96</ele>
      </trkpt>
      <trkpt lat="54.6856313" lon="25.2240974">
        <ele>97</ele>
      </trkpt>
      <trkpt lat="54.6856281" lon="25.2240882">
        <ele>97</ele>
      </trkpt>
      <trkpt lat="54.6856249" lon="25.2240789">
        <ele>98</ele>
      </trkpt>
      <trkpt lat="54.6856217" lon="25.2240697">
        <ele>98</ele>
      </trkpt>
      <trkpt lat="54.6856185" lon="25.2240605">
        <ele>98</ele>
      </trkpt>
      <trkpt lat="54.68561" lon="25.2240464">
        <ele>98</ele>
      </trkpt>
      <trkpt lat="54.6856016" lon="25.2240324">
        <ele>98</ele>
      </trkpt>
      <trkpt lat="54.685594" lon="25.2240269">
        <ele>99</ele>
      </trkpt>
      <trkpt lat="54.6855865" lon="25.2240215">
        <ele>99</ele>
      </trkpt>
      <trkpt lat="54.6855761" lon="25.2240171">
        <ele>99</ele>
      </trkpt>
      <trkpt lat="54.6855658" lon="25.2240128">
        <ele>99</ele>
      </trkpt>
      <trkpt lat="54.6855543" lon="25.2240111">
        <ele>99</ele>
      </trkpt>
      <trkpt lat="54.6855428" lon="25.2240094">
        <ele>100</ele>
      </trkpt>
      <trkpt lat="54.6855389" lon="25.2240087">
        <ele>100</ele>
      </trkpt>
      <trkpt lat="54.685535" lon="25.224008">
        <ele>100</ele>
      </trkpt>
      <trkpt lat="54.6855312" lon="25.2240073">
        <ele>101</ele>
      </trkpt>
      <trkpt lat="54.6855221" lon="25.2240073">
        <ele>101</ele>
      </trkpt>
      <trkpt lat="54.6855131" lon="25.2240074">
        <ele>102</ele>
      </trkpt>
      <trkpt lat="54.6855046" lon="25.2240045">
        <ele>102</ele>
      </trkpt>
      <trkpt lat="54.6854962" lon="25.2240017">
        <ele>102</ele>
      </trkpt>
      <trkpt lat="54.6854902" lon="25.2239942">
        <ele>103</ele>
      </trkpt>
      <trkpt lat="54.6854843" lon="25.2239867">
        <ele>103</ele>
      </trkpt>
      <trkpt lat="54.6854791" lon="25.2239751">
        <ele>104</ele>
      </trkpt>
      <trkpt lat="54.685474" lon="25.2239635">
        <ele>104</ele>
      </trkpt>
      <trkpt lat="54.6854629" lon="25.2239602">
        <ele>105</ele>
      </trkpt>
      <trkpt lat="54.6854561" lon="25.2239568">
        <ele>106</ele>
      </trkpt>
      <trkpt lat="54.6854493" lon="25.2239534">
        <ele>106</ele>
      </trkpt>
      <trkpt lat="54.68544" lon="25.2239469">
        <ele>108</ele>
      </trkpt>
      <trkpt lat="54.6854349" lon="25.2239486">
        <ele>109</ele>
      </trkpt>
      <trkpt lat="54.6854299" lon="25.2239504">
        <ele>109</ele>
      </trkpt>
      <trkpt lat="54.6854243" lon="25.2239505">
        <ele>110</ele>
      </trkpt>
      <trkpt lat="54.6854188" lon="25.2239506">
        <ele>110</ele>
      </trkpt>
      <trkpt lat="54.6854164" lon="25.2239481">
        <ele>110</ele>
      </trkpt>
      <trkpt lat="54.685414" lon="25.2239457">
        <ele>110</ele>
      </trkpt>
      <trkpt lat="54.6854116" lon="25.2239433">
        <ele>110</ele>
      </trkpt>
      <trkpt lat="54.6854092" lon="25.2239409">
        <ele>111</ele>
      </trkpt>
      <trkpt lat="54.6854068" lon="25.2239385">
        <ele>111</ele>
      </trkpt>
      <trkpt lat="54.6854008" lon="25.2239345">
        <ele>111</ele>
      </trkpt>
      <trkpt lat="54.6853949" lon="25.2239305">
        <ele>112</ele>
      </trkpt>
      <trkpt lat="54.6853894" lon="25.2239321">
        <ele>112</ele>
      </trkpt>
      <trkpt lat="54.685384" lon="25.2239337">
        <ele>113</ele>
      </trkpt>
      <trkpt lat="54.6853768" lon="25.2239412">
        <ele>113</ele>
      </trkpt>
      <trkpt lat="54.6853697" lon="25.2239488">
        <ele>113</ele>
      </trkpt>
      <trkpt lat="54.6853585" lon="25.2239544">
        <ele>113</ele>
      </trkpt>
      <trkpt lat="54.6853473" lon="25.22396">
        <ele>113</ele>
      </trkpt>
      <trkpt lat="54.6853354" lon="25.2239556">
        <ele>114</ele>
      </trkpt>
      <trkpt lat="54.6853235" lon="25.2239513">
        <ele>114</ele>
      </trkpt>
      <trkpt lat="54.6853152" lon="25.2239381">
        <ele>114</ele>
      </trkpt>
      <trkpt lat="54.6853069" lon="25.223925">
        <ele>115</ele>
      </trkpt>
      <trkpt lat="54.6852995" lon="25.2239095">
        <ele>115</ele>
      </trkpt>
      <trkpt lat="54.6852921" lon="25.2238941">
        <ele>116</ele>
      </trkpt>
      <trkpt lat="54.6852838" lon="25.2238833">
        <ele>116</ele>
      </trkpt>
      <trkpt lat="54.6852755" lon="25.2238725">
        <ele>116</ele>
      </trkpt>
      <trkpt lat="54.6852673" lon="25.2238692">
        <ele>116</ele>
      </trkpt>
      <trkpt lat="54.6852591" lon="25.2238659">
        <ele>116</ele>
      </trkpt>
      <trkpt lat="54.6852498" lon="25.2238679">
        <ele>117</ele>
      </trkpt>
      <trkpt lat="54.6852405" lon="25.2238699">
        <ele>117</ele>
      </trkpt>
      <trkpt lat="54.6852302" lon="25.2238718">
        <ele>117</ele>
      </trkpt>
      <trkpt lat="54.68522" lon="25.2238737">
        <ele>117</ele>
      </trkpt>
      <trkpt lat="54.685208" lon="25.2238707">
        <ele>117</ele>
      </trkpt>
      <trkpt lat="54.6851961" lon="25.2238677">
        <ele>118</ele>
      </trkpt>
      <trkpt lat="54.6851847" lon="25.2238605">
        <ele>118</ele>
      </trkpt>
      <trkpt lat="54.6851733" lon="25.2238533">
        <ele>118</ele>
      </trkpt>
      <trkpt lat="54.6851628" lon="25.2238495">
        <ele>118</ele>
      </trkpt>
      <trkpt lat="54.6851524" lon="25.2238458">
        <ele>118</ele>
      </trkpt>
      <trkpt lat="54.6851421" lon="25.2238489">
        <ele>119</ele>
      </trkpt>
      <trkpt lat="54.6851318" lon="25.2238521">
        <ele>119</ele>
      </trkpt>
      <trkpt lat="54.6851208" lon="25.2238566">
        <ele>119</ele>
      </trkpt>
      <trkpt lat="54.6851099" lon="25.2238612">
        <ele>119</ele>
      </trkpt>
      <trkpt lat="54.6850984" lon="25.2238599">
        <ele>119</ele>
      </trkpt>
      <trkpt lat="54.6850869" lon="25.2238587">
        <ele>120</ele>
      </trkpt>
      <trkpt lat="54.6850761" lon="25.2238501">
        <ele>120</ele>
      </trkpt>
      <trkpt lat="54.6850653" lon="25.2238416">
        <ele>120</ele>
      </trkpt>
      <trkpt lat="54.6850558" lon="25.2238303">
        <ele>120</ele>
      </trkpt>
      <trkpt lat="54.6850464" lon="25.223819">
        <ele>120</ele>
      </trkpt>
      <trkpt lat="54.6850374" lon="25.2238107">
        <ele>121</ele>
      </trkpt>
      <trkpt lat="54.6850285" lon="25.2238024">
        <ele>121</ele>
      </trkpt>
      <trkpt lat="54.6850197" lon="25.2237985">
        <ele>121</ele>
      </trkpt>
      <trkpt lat="54.6850109" lon="25.2237947">
        <ele>121</ele>
      </trkpt>
      <trkpt lat="54.685003" lon="25.2237907">
        <ele>121</ele>
      </trkpt>
      <trkpt lat="54.6849951" lon="25.2237868">
        <ele>122</ele>
      </trkpt>
      <trkpt lat="54.6849862" lon="25.2237802">
        <ele>122</ele>
      </trkpt>
      <trkpt lat="54.6849773" lon="25.2237736">
        <ele>122</ele>
      </trkpt>
      <trkpt lat="54.6849663" lon="25.2237682">
        <ele>122</ele>
      </trkpt>
      <trkpt lat="54.6849554" lon="25.2237629">
        <ele>122</ele>
      </trkpt>
      <trkpt lat="54.6849425" lon="25.223758">
        <ele>123</ele>
      </trkpt>
      <trkpt lat="54.6849297" lon="25.2237531">
        <ele>123</ele>
      </trkpt>
      <trkpt lat="54.6849173" lon="25.2237479">
        <ele>123</ele>
      </trkpt>
      <trkpt lat="54.684905" lon="25.2237427">
        <ele>123</ele>
      </trkpt>
      <trkpt lat="54.6848935" lon="25.2237391">
        <ele>123</ele>
      </trkpt>
      <trkpt lat="54.6848821" lon="25.2237355">
        <ele>124</ele>
      </trkpt>
      <trkpt lat="54.684872" lon="25.2237354">
        <ele>124</ele>
      </trkpt>
      <trkpt lat="54.6848619" lon="25.2237353">
        <ele>124</ele>
      </trkpt>
      <trkpt lat="54.684853" lon="25.2237374">
        <ele>125</ele>
      </trkpt>
      <trkpt lat="54.6848441" lon="25.2237396">
        <ele>125</ele>
      </trkpt>
      <trkpt lat="54.6848359" lon="25.2237465">
        <ele>126</ele>
      </trkpt>
      <trkpt lat="54.6848278" lon="25.2237534">
        <ele>126</ele>
      </trkpt>
      <trkpt lat="54.6848211" lon="25.2237627">
        <ele>126</ele>
      </trkpt>
      <trkpt lat="54.6848145" lon="25.2237721">
        <ele>126</ele>
      </trkpt>
      <trkpt lat="54.684809" lon="25.2237791">
        <ele>126</ele>
      </trkpt>
      <trkpt lat="54.6848035" lon="25.2237861">
        <ele>127</ele>
      </trkpt>
      <trkpt lat="54.6847953" lon="25.2237905">
        <ele>127</ele>
      </trkpt>
      <trkpt lat="54.6847872" lon="25.223795">
        <ele>127</ele>
      </trkpt>
      <trkpt lat="54.6847799" lon="25.223795">
        <ele>128</ele>
      </trkpt>
      <trkpt lat="54.6847727" lon="25.223795">
        <ele>128</ele>
      </trkpt>
      <trkpt lat="54.6847655" lon="25.2237951">
        <ele>129</ele>
      </trkpt>
      <trkpt lat="54.6847569" lon="25.22379">
        <ele>129</ele>
      </trkpt>
      <trkpt lat="54.6847484" lon="25.2237849">
        <ele>129</ele>
      </trkpt>
      <trkpt lat="54.6847401" lon="25.2237768">
        <ele>130</ele>
      </trkpt>
      <trkpt lat="54.6847319" lon="25.2237687">
        <ele>130</ele>
      </trkpt>
      <trkpt lat="54.6847245" lon="25.2237592">
        <ele>131</ele>
      </trkpt>
      <trkpt lat="54.6847172" lon="25.2237497">
        <ele>131</ele>
      </trkpt>
      <trkpt lat="54.6847091" lon="25.2237411">
        <ele>131</ele>
      </trkpt>
      <trkpt lat="54.684701" lon="25.2237326">
        <ele>131</ele>
      </trkpt>
      <trkpt lat="54.6846916" lon="25.223725">
        <ele>131</ele>
      </trkpt>
      <trkpt lat="54.6846823" lon="25.2237174">
        <ele>132</ele>
      </trkpt>
      <trkpt lat="54.6846732" lon="25.2237096">
        <ele>132</ele>
      </trkpt>
      <trkpt lat="54.6846641" lon="25.2237019">
        <ele>132</ele>
      </trkpt>
      <trkpt lat="54.6846538" lon="25.2236951">
        <ele>132</ele>
      </trkpt>
      <trkpt lat="54.6846435" lon="25.2236883">
        <ele>132</ele>
      </trkpt>
      <trkpt lat="54.6846324" lon="25.2236798">
        <ele>133</ele>
      </trkpt>
      <trkpt lat="54.6846213" lon="25.2236714">
        <ele>133</ele>
      </trkpt>
      <trkpt lat="54.6846138" lon="25.2236538">
        <ele>133</ele>
      </trkpt>
      <trkpt lat="54.6846063" lon="25.2236363">
        <ele>133</ele>
      </trkpt>
      <trkpt lat="54.6846011" lon="25.2236135">
        <ele>133</ele>
      </trkpt>
      <trkpt lat="54.6845959" lon="25.2235908">
        <ele>134</ele>
      </trkpt>
      <trkpt lat="54.6845895" lon="25.223568">
        <ele>134</ele>
      </trkpt>
      <trkpt lat="54.6845831" lon="25.2235452">
        <ele>134</ele>
      </trkpt>
      <trkpt lat="54.6845737" lon="25.2235213">
        <ele>134</ele>
      </trkpt>
      <trkpt lat="54.6845643" lon="25.2234974">
        <ele>134</ele>
      </trkpt>
      <trkpt lat="54.684557" lon="25.2234703">
        <ele>135</ele>
      </trkpt>
      <trkpt lat="54.6845497" lon="25.2234433">
        <ele>135</ele>
      </trkpt>
      <trkpt lat="54.6845442" lon="25.2234161">
        <ele>135</ele>
      </trkpt>
      <trkpt lat="54.6845388" lon="25.223389">
        <ele>135</ele>
      </trkpt>
      <trkpt lat="54.684535" lon="25.2233643">
        <ele>135</ele>
      </trkpt>
      <trkpt lat="54.6845313" lon="25.2233396">
        <ele>135</ele>
      </trkpt>
      <trkpt lat="54.6845278" lon="25.2233189">
        <ele>135</ele>
      </trkpt>
      <trkpt lat="54.6845243" lon="25.2232983">
        <ele>135</ele>
      </trkpt>
      <trkpt lat="54.6845175" lon="25.2232827">
        <ele>135</ele>
      </trkpt>
      <trkpt lat="54.6845108" lon="25.2232671">
        <ele>135</ele>
      </trkpt>
      <trkpt lat="54.6844989" lon="25.2232534">
        <ele>135</ele>
      </trkpt>
      <trkpt lat="54.684487" lon="25.2232397">
        <ele>134</ele>
      </trkpt>
      <trkpt lat="54.6844712" lon="25.223225">
        <ele>134</ele>
      </trkpt>
      <trkpt lat="54.6844554" lon="25.2232103">
        <ele>134</ele>
      </trkpt>
      <trkpt lat="54.6844412" lon="25.2231914">
        <ele>134</ele>
      </trkpt>
      <trkpt lat="54.6844271" lon="25.2231726">
        <ele>134</ele>
      </trkpt>
      <trkpt lat="54.6844192" lon="25.2231498">
        <ele>134</ele>
      </trkpt>
      <trkpt lat="54.6844113" lon="25.2231271">
        <ele>134</ele>
      </trkpt>
      <trkpt lat="54.6844066" lon="25.2231045">
        <ele>134</ele>
      </trkpt>
      <trkpt lat="54.684402" lon="25.223082">
        <ele>134</ele>
      </trkpt>
      <trkpt lat="54.6843956" lon="25.2230629">
        <ele>134</ele>
      </trkpt>
      <trkpt lat="54.6843892" lon="25.2230439">
        <ele>134</ele>
      </trkpt>
      <trkpt lat="54.6843817" lon="25.2230243">
        <ele>134</ele>
      </trkpt>
      <trkpt lat="54.6843743" lon="25.2230048">
        <ele>134</ele>
      </trkpt>
      <trkpt lat="54.6843685" lon="25.2229843">
        <ele>134</ele>
      </trkpt>
      <trkpt lat="54.6843628" lon="25.2229638">
        <ele>134</ele>
      </trkpt>
      <trkpt lat="54.6843582" lon="25.2229408">
        <ele>134</ele>
      </trkpt>
      <trkpt lat="54.6843536" lon="25.2229178">
        <ele>134</ele>
      </trkpt>
      <trkpt lat="54.6843515" lon="25.2228929">
        <ele>134</ele>
      </trkpt>
      <trkpt lat="54.6843494" lon="25.2228681">
        <ele>134</ele>
      </trkpt>
      <trkpt lat="54.6843493" lon="25.2228422">
        <ele>135</ele>
      </trkpt>
      <trkpt lat="54.6843493" lon="25.2228163">
        <ele>135</ele>
      </trkpt>
      <trkpt lat="54.684349" lon="25.2227906">
        <ele>135</ele>
      </trkpt>
      <trkpt lat="54.6843487" lon="25.222765">
        <ele>135</ele>
      </trkpt>
      <trkpt lat="54.6843466" lon="25.2227378">
        <ele>135</ele>
      </trkpt>
      <trkpt lat="54.6843446" lon="25.2227106">
        <ele>136</ele>
      </trkpt>
      <trkpt lat="54.6843425" lon="25.2226803">
        <ele>136</ele>
      </trkpt>
      <trkpt lat="54.6843404" lon="25.22265">
        <ele>136</ele>
      </trkpt>
      <trkpt lat="54.6843363" lon="25.2226193">
        <ele>136</ele>
      </trkpt>
      <trkpt lat="54.6843322" lon="25.2225887">
        <ele>136</ele>
      </trkpt>
      <trkpt lat="54.6843277" lon="25.2225603">
        <ele>136</ele>
      </trkpt>
      <trkpt lat="54.6843233" lon="25.2225319">
        <ele>136</ele>
      </trkpt>
      <trkpt lat="54.6843198" lon="25.2225034">
        <ele>136</ele>
      </trkpt>
      <trkpt lat="54.6843163" lon="25.222475">
        <ele>137</ele>
      </trkpt>
      <trkpt lat="54.6843117" lon="25.2224477">
        <ele>137</ele>
      </trkpt>
      <trkpt lat="54.6843071" lon="25.2224205">
        <ele>138</ele>
      </trkpt>
      <trkpt lat="54.6843014" lon="25.2223941">
        <ele>138</ele>
      </trkpt>
      <trkpt lat="54.6842958" lon="25.2223677">
        <ele>138</ele>
      </trkpt>
      <trkpt lat="54.6842889" lon="25.2223412">
        <ele>138</ele>
      </trkpt>
      <trkpt lat="54.684282" lon="25.2223148">
        <ele>138</ele>
      </trkpt>
      <trkpt lat="54.6842735" lon="25.2222855">
        <ele>138</ele>
      </trkpt>
      <trkpt lat="54.6842651" lon="25.2222563">
        <ele>138</ele>
      </trkpt>
      <trkpt lat="54.6842576" lon="25.2222233">
        <ele>138</ele>
      </trkpt>
      <trkpt lat="54.6842501" lon="25.2221904">
        <ele>138</ele>
      </trkpt>
      <trkpt lat="54.6842451" lon="25.222154">
        <ele>138</ele>
      </trkpt>
      <trkpt lat="54.6842402" lon="25.2221176">
        <ele>139</ele>
      </trkpt>
      <trkpt lat="54.6842386" lon="25.2220778">
        <ele>139</ele>
      </trkpt>
      <trkpt lat="54.684237" lon="25.222038">
        <ele>139</ele>
      </trkpt>
      <trkpt lat="54.6842378" lon="25.2219979">
        <ele>139</ele>
      </trkpt>
      <trkpt lat="54.6842386" lon="25.2219578">
        <ele>139</ele>
      </trkpt>
      <trkpt lat="54.6842411" lon="25.221918">
        <ele>140</ele>
      </trkpt>
      <trkpt lat="54.6842436" lon="25.2218782">
        <ele>140</ele>
      </trkpt>
      <trkpt lat="54.6842457" lon="25.2218383">
        <ele>140</ele>
      </trkpt>
      <trkpt lat="54.6842479" lon="25.2217985">
        <ele>140</ele>
      </trkpt>
      <trkpt lat="54.6842475" lon="25.2217595">
        <ele>140</ele>
      </trkpt>
      <trkpt lat="54.6842472" lon="25.2217205">
        <ele>141</ele>
      </trkpt>
      <trkpt lat="54.6842461" lon="25.2216806">
        <ele>141</ele>
      </trkpt>
      <trkpt lat="54.6842451" lon="25.2216407">
        <ele>141</ele>
      </trkpt>
      <trkpt lat="54.6842451" lon="25.2216002">
        <ele>141</ele>
      </trkpt>
      <trkpt lat="54.6842452" lon="25.2215598">
        <ele>141</ele>
      </trkpt>
      <trkpt lat="54.6842457" lon="25.221521">
        <ele>142</ele>
      </trkpt>
      <trkpt lat="54.6842463" lon="25.2214823">
        <ele>142</ele>
      </trkpt>
      <trkpt lat="54.684247" lon="25.2214432">
        <ele>142</ele>
      </trkpt>
      <trkpt lat="54.6842477" lon="25.2214042">
        <ele>142</ele>
      </trkpt>
      <trkpt lat="54.6842484" lon="25.2213656">
        <ele>142</ele>
      </trkpt>
      <trkpt lat="54.6842492" lon="25.2213271">
        <ele>142</ele>
      </trkpt>
      <trkpt lat="54.684251" lon="25.2212883">
        <ele>142</ele>
      </trkpt>
      <trkpt lat="54.6842528" lon="25.2212495">
        <ele>142</ele>
      </trkpt>
      <trkpt lat="54.6842536" lon="25.2212093">
        <ele>142</ele>
      </trkpt>
      <trkpt lat="54.6842545" lon="25.2211692">
        <ele>142</ele>
      </trkpt>
      <trkpt lat="54.6842535" lon="25.2211197">
        <ele>143</ele>
      </trkpt>
      <trkpt lat="54.6842526" lon="25.2210702">
        <ele>143</ele>
      </trkpt>
      <trkpt lat="54.684249" lon="25.2210156">
        <ele>143</ele>
      </trkpt>
      <trkpt lat="54.6842455" lon="25.220961">
        <ele>143</ele>
      </trkpt>
      <trkpt lat="54.6842399" lon="25.2209086">
        <ele>143</ele>
      </trkpt>
      <trkpt lat="54.6842344" lon="25.2208563">
        <ele>143</ele>
      </trkpt>
      <trkpt lat="54.6842275" lon="25.220811">
        <ele>143</ele>
      </trkpt>
      <trkpt lat="54.6842207" lon="25.2207658">
        <ele>143</ele>
      </trkpt>
      <trkpt lat="54.6842104" lon="25.2207297">
        <ele>143</ele>
      </trkpt>
      <trkpt lat="54.6842002" lon="25.2206936">
        <ele>143</ele>
      </trkpt>
      <trkpt lat="54.6841837" lon="25.2206631">
        <ele>144</ele>
      </trkpt>
      <trkpt lat="54.6841673" lon="25.2206327">
        <ele>144</ele>
      </trkpt>
      <trkpt lat="54.6841513" lon="25.220605">
        <ele>144</ele>
      </trkpt>
      <trkpt lat="54.6841354" lon="25.2205774">
        <ele>144</ele>
      </trkpt>
      <trkpt lat="54.6841217" lon="25.2205506">
        <ele>144</ele>
      </trkpt>
      <trkpt lat="54.684108" lon="25.2205238">
        <ele>145</ele>
      </trkpt>
      <trkpt lat="54.6840935" lon="25.2204918">
        <ele>145</ele>
      </trkpt>
      <trkpt lat="54.684079" lon="25.2204599">
        <ele>145</ele>
      </trkpt>
      <trkpt lat="54.6840679" lon="25.2204241">
        <ele>145</ele>
      </trkpt>
      <trkpt lat="54.6840568" lon="25.2203883">
        <ele>145</ele>
      </trkpt>
      <trkpt lat="54.6840528" lon="25.2203473">
        <ele>145</ele>
      </trkpt>
      <trkpt lat="54.6840489" lon="25.2203064">
        <ele>145</ele>
      </trkpt>
      <trkpt lat="54.6840524" lon="25.2202629">
        <ele>145</ele>
      </trkpt>
      <trkpt lat="54.684056" lon="25.2202194">
        <ele>145</ele>
      </trkpt>
      <trkpt lat="54.6840632" lon="25.2201746">
        <ele>145</ele>
      </trkpt>
      <trkpt lat="54.6840704" lon="25.2201298">
        <ele>146</ele>
      </trkpt>
      <trkpt lat="54.6840779" lon="25.2200831">
        <ele>146</ele>
      </trkpt>
      <trkpt lat="54.6840855" lon="25.2200364">
        <ele>146</ele>
      </trkpt>
      <trkpt lat="54.6840941" lon="25.2199958">
        <ele>146</ele>
      </trkpt>
      <trkpt lat="54.6841027" lon="25.2199552">
        <ele>146</ele>
      </trkpt>
      <trkpt lat="54.6841122" lon="25.2199202">
        <ele>147</ele>
      </trkpt>
      <trkpt lat="54.6841217" lon="25.2198852">
        <ele>147</ele>
      </trkpt>
      <trkpt lat="54.6841305" lon="25.2198533">
        <ele>147</ele>
      </trkpt>
      <trkpt lat="54.6841393" lon="25.2198214">
        <ele>147</ele>
      </trkpt>
      <trkpt lat="54.6841459" lon="25.2197871">
        <ele>147</ele>
      </trkpt>
      <trkpt lat="54.6841525" lon="25.2197529">
        <ele>147</ele>
      </trkpt>
      <trkpt lat="54.6841561" lon="25.2197145">
        <ele>147</ele>
      </trkpt>
      <trkpt lat="54.6841597" lon="25.2196762">
        <ele>147</ele>
      </trkpt>
      <trkpt lat="54.6841602" lon="25.2196356">
        <ele>147</ele>
      </trkpt>
      <trkpt lat="54.6841608" lon="25.219595">
        <ele>147</ele>
      </trkpt>
      <trkpt lat="54.6841587" lon="25.2195525">
        <ele>147</ele>
      </trkpt>
      <trkpt lat="54.6841566" lon="25.21951">
        <ele>147</ele>
      </trkpt>
      <trkpt lat="54.6841523" lon="25.2194655">
        <ele>147</ele>
      </trkpt>
      <trkpt lat="54.684148" lon="25.219421">
        <ele>147</ele>
      </trkpt>
      <trkpt lat="54.6841408" lon="25.219376">
        <ele>147</ele>
      </trkpt>
      <trkpt lat="54.6841336" lon="25.2193311">
        <ele>148</ele>
      </trkpt>
      <trkpt lat="54.6841248" lon="25.2192856">
        <ele>147</ele>
      </trkpt>
      <trkpt lat="54.6841161" lon="25.2192402">
        <ele>147</ele>
      </trkpt>
      <trkpt lat="54.6841092" lon="25.2191912">
        <ele>147</ele>
      </trkpt>
      <trkpt lat="54.6841024" lon="25.2191423">
        <ele>147</ele>
      </trkpt>
      <trkpt lat="54.6841" lon="25.2190843">
        <ele>147</ele>
      </trkpt>
      <trkpt lat="54.6840976" lon="25.2190263">
        <ele>147</ele>
      </trkpt>
      <trkpt lat="54.6841015" lon="25.218973">
        <ele>147</ele>
      </trkpt>
      <trkpt lat="54.6841054" lon="25.2189198">
        <ele>147</ele>
      </trkpt>
      <trkpt lat="54.6841157" lon="25.2188736">
        <ele>147</ele>
      </trkpt>
      <trkpt lat="54.684126" lon="25.2188275">
        <ele>147</ele>
      </trkpt>
      <trkpt lat="54.6841382" lon="25.2187823">
        <ele>147</ele>
      </trkpt>
      <trkpt lat="54.6841505" lon="25.2187371">
        <ele>147</ele>
      </trkpt>
      <trkpt lat="54.6841603" lon="25.2186878">
        <ele>147</ele>
      </trkpt>
      <trkpt lat="54.6841702" lon="25.2186386">
        <ele>147</ele>
      </trkpt>
      <trkpt lat="54.6841775" lon="25.2185903">
        <ele>147</ele>
      </trkpt>
      <trkpt lat="54.6841848" lon="25.2185421">
        <ele>146</ele>
      </trkpt>
      <trkpt lat="54.6841924" lon="25.2184922">
        <ele>146</ele>
      </trkpt>
      <trkpt lat="54.6842" lon="25.2184424">
        <ele>146</ele>
      </trkpt>
      <trkpt lat="54.6842104" lon="25.2183948">
        <ele>146</ele>
      </trkpt>
      <trkpt lat="54.6842208" lon="25.2183473">
        <ele>146</ele>
      </trkpt>
      <trkpt lat="54.6842345" lon="25.2183064">
        <ele>146</ele>
      </trkpt>
      <trkpt lat="54.6842482" lon="25.2182656">
        <ele>146</ele>
      </trkpt>
      <trkpt lat="54.684265" lon="25.2182342">
        <ele>146</ele>
      </trkpt>
      <trkpt lat="54.6842819" lon="25.2182029">
        <ele>146</ele>
      </trkpt>
      <trkpt lat="54.6842996" lon="25.2181765">
        <ele>146</ele>
      </trkpt>
      <trkpt lat="54.6843173" lon="25.2181501">
        <ele>146</ele>
      </trkpt>
      <trkpt lat="54.6843342" lon="25.2181212">
        <ele>146</ele>
      </trkpt>
      <trkpt lat="54.6843511" lon="25.2180923">
        <ele>146</ele>
      </trkpt>
      <trkpt lat="54.6843669" lon="25.2180605">
        <ele>146</ele>
      </trkpt>
      <trkpt lat="54.6843828" lon="25.2180287">
        <ele>146</ele>
      </trkpt>
      <trkpt lat="54.6843998" lon="25.2179965">
        <ele>146</ele>
      </trkpt>
      <trkpt lat="54.6844169" lon="25.2179644">
        <ele>146</ele>
      </trkpt>
      <trkpt lat="54.6844363" lon="25.2179377">
        <ele>146</ele>
      </trkpt>
      <trkpt lat="54.6844557" lon="25.2179111">
        <ele>146</ele>
      </trkpt>
      <trkpt lat="54.6844779" lon="25.2178916">
        <ele>147</ele>
      </trkpt>
      <trkpt lat="54.6845002" lon="25.2178722">
        <ele>147</ele>
      </trkpt>
      <trkpt lat="54.6845246" lon="25.2178595">
        <ele>147</ele>
      </trkpt>
      <trkpt lat="54.684549" lon="25.2178469">
        <ele>147</ele>
      </trkpt>
      <trkpt lat="54.6845734" lon="25.2178382">
        <ele>147</ele>
      </trkpt>
      <trkpt lat="54.6845978" lon="25.2178295">
        <ele>147</ele>
      </trkpt>
      <trkpt lat="54.6846199" lon="25.2178236">
        <ele>147</ele>
      </trkpt>
      <trkpt lat="54.6846421" lon="25.2178178">
        <ele>147</ele>
      </trkpt>
      <trkpt lat="54.6846643" lon="25.2178138">
        <ele>147</ele>
      </trkpt>
      <trkpt lat="54.6846866" lon="25.2178098">
        <ele>147</ele>
      </trkpt>
      <trkpt lat="54.6847111" lon="25.2178038">
        <ele>147</ele>
      </trkpt>
      <trkpt lat="54.6847357" lon="25.2177979">
        <ele>147</ele>
      </trkpt>
      <trkpt lat="54.6847595" lon="25.2177875">
        <ele>147</ele>
      </trkpt>
      <trkpt lat="54.6847833" lon="25.2177772">
        <ele>147</ele>
      </trkpt>
      <trkpt lat="54.6848063" lon="25.217763">
        <ele>147</ele>
      </trkpt>
      <trkpt lat="54.6848293" lon="25.2177489">
        <ele>148</ele>
      </trkpt>
      <trkpt lat="54.6848531" lon="25.217731">
        <ele>148</ele>
      </trkpt>
      <trkpt lat="54.684877" lon="25.2177131">
        <ele>148</ele>
      </trkpt>
      <trkpt lat="54.6849002" lon="25.2176912">
        <ele>148</ele>
      </trkpt>
      <trkpt lat="54.6849234" lon="25.2176694">
        <ele>148</ele>
      </trkpt>
      <trkpt lat="54.6849453" lon="25.2176458">
        <ele>148</ele>
      </trkpt>
      <trkpt lat="54.6849672" lon="25.2176222">
        <ele>148</ele>
      </trkpt>
      <trkpt lat="54.6849885" lon="25.2175996">
        <ele>148</ele>
      </trkpt>
      <trkpt lat="54.6850098" lon="25.217577">
        <ele>148</ele>
      </trkpt>
      <trkpt lat="54.6850315" lon="25.2175573">
        <ele>148</ele>
      </trkpt>
      <trkpt lat="54.6850533" lon="25.2175376">
        <ele>148</ele>
      </trkpt>
      <trkpt lat="54.6850745" lon="25.2175205">
        <ele>148</ele>
      </trkpt>
      <trkpt lat="54.6850958" lon="25.2175034">
        <ele>148</ele>
      </trkpt>
      <trkpt lat="54.6851172" lon="25.2174889">
        <ele>148</ele>
      </trkpt>
      <trkpt lat="54.6851387" lon="25.2174744">
        <ele>148</ele>
      </trkpt>
      <trkpt lat="54.6851592" lon="25.217462">
        <ele>148</ele>
      </trkpt>
      <trkpt lat="54.6851798" lon="25.2174496">
        <ele>148</ele>
      </trkpt>
      <trkpt lat="54.6852001" lon="25.2174371">
        <ele>148</ele>
      </trkpt>
      <trkpt lat="54.6852204" lon="25.2174246">
        <ele>148</ele>
      </trkpt>
      <trkpt lat="54.6852408" lon="25.2174108">
        <ele>148</ele>
      </trkpt>
      <trkpt lat="54.6852613" lon="25.2173971">
        <ele>149</ele>
      </trkpt>
      <trkpt lat="54.6852814" lon="25.2173816">
        <ele>149</ele>
      </trkpt>
      <trkpt lat="54.6853016" lon="25.2173661">
        <ele>149</ele>
      </trkpt>
      <trkpt lat="54.6853196" lon="25.2173492">
        <ele>149</ele>
      </trkpt>
      <trkpt lat="54.6853377" lon="25.2173324">
        <ele>149</ele>
      </trkpt>
      <trkpt lat="54.6853533" lon="25.2173148">
        <ele>150</ele>
      </trkpt>
      <trkpt lat="54.6853689" lon="25.2172973">
        <ele>150</ele>
      </trkpt>
      <trkpt lat="54.6853835" lon="25.2172799">
        <ele>150</ele>
      </trkpt>
      <trkpt lat="54.6853982" lon="25.2172625">
        <ele>151</ele>
      </trkpt>
      <trkpt lat="54.6854113" lon="25.2172434">
        <ele>151</ele>
      </trkpt>
      <trkpt lat="54.6854244" lon="25.2172243">
        <ele>152</ele>
      </trkpt>
      <trkpt lat="54.6854371" lon="25.2172034">
        <ele>152</ele>
      </trkpt>
      <trkpt lat="54.6854499" lon="25.2171825">
        <ele>152</ele>
      </trkpt>
      <trkpt lat="54.6854622" lon="25.2171618">
        <ele>153</ele>
      </trkpt>
      <trkpt lat="54.6854746" lon="25.2171411">
        <ele>153</ele>
      </trkpt>
      <trkpt lat="54.6854877" lon="25.2171212">
        <ele>154</ele>
      </trkpt>
      <trkpt lat="54.6855008" lon="25.2171013">
        <ele>154</ele>
      </trkpt>
      <trkpt lat="54.6855147" lon="25.2170808">
        <ele>154</ele>
      </trkpt>
      <trkpt lat="54.6855286" lon="25.2170604">
        <ele>155</ele>
      </trkpt>
      <trkpt lat="54.6855422" lon="25.2170425">
        <ele>155</ele>
      </trkpt>
      <trkpt lat="54.6855559" lon="25.2170246">
        <ele>156</ele>
      </trkpt>
      <trkpt lat="54.6855686" lon="25.2170122">
        <ele>156</ele>
      </trkpt>
      <trkpt lat="54.6855814" lon="25.2169998">
        <ele>156</ele>
      </trkpt>
      <trkpt lat="54.6855966" lon="25.2169899">
        <ele>157</ele>
      </trkpt>
      <trkpt lat="54.6856119" lon="25.2169801">
        <ele>157</ele>
      </trkpt>
      <trkpt lat="54.6856283" lon="25.216971">
        <ele>158</ele>
      </trkpt>
      <trkpt lat="54.6856448" lon="25.2169619">
        <ele>158</ele>
      </trkpt>
      <trkpt lat="54.6856624" lon="25.2169487">
        <ele>159</ele>
      </trkpt>
      <trkpt lat="54.68568" lon="25.2169355">
        <ele>159</ele>
      </trkpt>
      <trkpt lat="54.6856949" lon="25.2169237">
        <ele>160</ele>
      </trkpt>
      <trkpt lat="54.6857098" lon="25.216912">
        <ele>161</ele>
      </trkpt>
      <trkpt lat="54.6857212" lon="25.2168993">
        <ele>161</ele>
      </trkpt>
      <trkpt lat="54.6857327" lon="25.2168866">
        <ele>161</ele>
      </trkpt>
      <trkpt lat="54.6857422" lon="25.2168707">
        <ele>162</ele>
      </trkpt>
      <trkpt lat="54.6857517" lon="25.2168548">
        <ele>162</ele>
      </trkpt>
      <trkpt lat="54.6857611" lon="25.2168377">
        <ele>163</ele>
      </trkpt>
      <trkpt lat="54.6857705" lon="25.2168206">
        <ele>163</ele>
      </trkpt>
      <trkpt lat="54.6857814" lon="25.2168055">
        <ele>163</ele>
      </trkpt>
      <trkpt lat="54.6857924" lon="25.2167905">
        <ele>163</ele>
      </trkpt>
      <trkpt lat="54.6858038" lon="25.2167752">
        <ele>163</ele>
      </trkpt>
      <trkpt lat="54.6858152" lon="25.2167599">
        <ele>164</ele>
      </trkpt>
      <trkpt lat="54.6858271" lon="25.2167431">
        <ele>164</ele>
      </trkpt>
      <trkpt lat="54.6858391" lon="25.2167263">
        <ele>164</ele>
      </trkpt>
      <trkpt lat="54.6858523" lon="25.2167074">
        <ele>164</ele>
      </trkpt>
      <trkpt lat="54.6858655" lon="25.2166885">
        <ele>164</ele>
      </trkpt>
      <trkpt lat="54.6858802" lon="25.2166659">
        <ele>165</ele>
      </trkpt>
      <trkpt lat="54.6858949" lon="25.2166434">
        <ele>165</ele>
      </trkpt>
      <trkpt lat="54.6859106" lon="25.2166149">
        <ele>165</ele>
      </trkpt>
      <trkpt lat="54.6859264" lon="25.2165865">
        <ele>165</ele>
      </trkpt>
      <trkpt lat="54.6859424" lon="25.2165465">
        <ele>165</ele>
      </trkpt>
      <trkpt lat="54.6859584" lon="25.2165065">
        <ele>165</ele>
      </trkpt>
      <trkpt lat="54.6859727" lon="25.2164609">
        <ele>165</ele>
      </trkpt>
      <trkpt lat="54.685987" lon="25.2164153">
        <ele>165</ele>
      </trkpt>
      <trkpt lat="54.6859984" lon="25.2163725">
        <ele>165</ele>
      </trkpt>
      <trkpt lat="54.6860098" lon="25.2163297">
        <ele>165</ele>
      </trkpt>
      <trkpt lat="54.6860163" lon="25.2162925">
        <ele>165</ele>
      </trkpt>
      <trkpt lat="54.6860229" lon="25.2162553">
        <ele>165</ele>
      </trkpt>
      <trkpt lat="54.6860216" lon="25.216222">
        <ele>165</ele>
      </trkpt>
      <trkpt lat="54.6860204" lon="25.2161888">
        <ele>165</ele>
      </trkpt>
      <trkpt lat="54.6860106" lon="25.2161586">
        <ele>165</ele>
      </trkpt>
      <trkpt lat="54.6860009" lon="25.2161285">
        <ele>165</ele>
      </trkpt>
      <trkpt lat="54.6859815" lon="25.2161002">
        <ele>165</ele>
      </trkpt>
      <trkpt lat="54.6859622" lon="25.2160719">
        <ele>165</ele>
      </trkpt>
      <trkpt lat="54.685939" lon="25.2160465">
        <ele>165</ele>
      </trkpt>
      <trkpt lat="54.6859159" lon="25.2160212">
        <ele>165</ele>
      </trkpt>
      <trkpt lat="54.6858967" lon="25.2159923">
        <ele>165</ele>
      </trkpt>
      <trkpt lat="54.6858776" lon="25.2159635">
        <ele>164</ele>
      </trkpt>
      <trkpt lat="54.6858627" lon="25.2159303">
        <ele>164</ele>
      </trkpt>
      <trkpt lat="54.6858479" lon="25.2158971">
        <ele>164</ele>
      </trkpt>
      <trkpt lat="54.685837" lon="25.215859">
        <ele>164</ele>
      </trkpt>
      <trkpt lat="54.6858261" lon="25.215821">
        <ele>164</ele>
      </trkpt>
      <trkpt lat="54.6858191" lon="25.2157778">
        <ele>164</ele>
      </trkpt>
      <trkpt lat="54.6858121" lon="25.2157346">
        <ele>164</ele>
      </trkpt>
      <trkpt lat="54.6858069" lon="25.2156914">
        <ele>164</ele>
      </trkpt>
      <trkpt lat="54.6858018" lon="25.2156482">
        <ele>164</ele>
      </trkpt>
      <trkpt lat="54.6857959" lon="25.2156059">
        <ele>164</ele>
      </trkpt>
      <trkpt lat="54.68579" lon="25.2155637">
        <ele>164</ele>
      </trkpt>
      <trkpt lat="54.6857837" lon="25.2155211">
        <ele>164</ele>
      </trkpt>
      <trkpt lat="54.6857775" lon="25.2154786">
        <ele>164</ele>
      </trkpt>
      <trkpt lat="54.6857781" lon="25.2154346">
        <ele>164</ele>
      </trkpt>
      <trkpt lat="54.6857788" lon="25.2153907">
        <ele>165</ele>
      </trkpt>
      <trkpt lat="54.6857907" lon="25.2153533">
        <ele>165</ele>
      </trkpt>
      <trkpt lat="54.6858027" lon="25.2153159">
        <ele>165</ele>
      </trkpt>
      <trkpt lat="54.6858267" lon="25.2152894">
        <ele>165</ele>
      </trkpt>
      <trkpt lat="54.6858507" lon="25.2152629">
        <ele>165</ele>
      </trkpt>
      <trkpt lat="54.6858784" lon="25.2152473">
        <ele>165</ele>
      </trkpt>
      <trkpt lat="54.6859062" lon="25.2152317">
        <ele>165</ele>
      </trkpt>
      <trkpt lat="54.6859322" lon="25.2152257">
        <ele>165</ele>
      </trkpt>
      <trkpt lat="54.6859582" lon="25.2152197">
        <ele>165</ele>
      </trkpt>
      <trkpt lat="54.6859833" lon="25.2152195">
        <ele>165</ele>
      </trkpt>
      <trkpt lat="54.6860085" lon="25.2152193">
        <ele>165</ele>
      </trkpt>
      <trkpt lat="54.6860337" lon="25.2152239">
        <ele>165</ele>
      </trkpt>
      <trkpt lat="54.6860589" lon="25.2152285">
        <ele>165</ele>
      </trkpt>
      <trkpt lat="54.6860839" lon="25.2152455">
        <ele>165</ele>
      </trkpt>
      <trkpt lat="54.6861089" lon="25.2152625">
        <ele>165</ele>
      </trkpt>
      <trkpt lat="54.6861329" lon="25.2152882">
        <ele>165</ele>
      </trkpt>
      <trkpt lat="54.686157" lon="25.2153139">
        <ele>165</ele>
      </trkpt>
      <trkpt lat="54.6861807" lon="25.2153418">
        <ele>165</ele>
      </trkpt>
      <trkpt lat="54.6862045" lon="25.2153698">
        <ele>165</ele>
      </trkpt>
      <trkpt lat="54.6862276" lon="25.2153976">
        <ele>165</ele>
      </trkpt>
      <trkpt lat="54.6862507" lon="25.2154255">
        <ele>165</ele>
      </trkpt>
      <trkpt lat="54.6862734" lon="25.2154528">
        <ele>165</ele>
      </trkpt>
      <trkpt lat="54.6862961" lon="25.2154801">
        <ele>165</ele>
      </trkpt>
      <trkpt lat="54.6863198" lon="25.2155076">
        <ele>165</ele>
      </trkpt>
      <trkpt lat="54.6863435" lon="25.2155351">
        <ele>165</ele>
      </trkpt>
      <trkpt lat="54.6863672" lon="25.2155639">
        <ele>165</ele>
      </trkpt>
      <trkpt lat="54.686391" lon="25.2155928">
        <ele>165</ele>
      </trkpt>
      <trkpt lat="54.6864131" lon="25.2156199">
        <ele>165</ele>
      </trkpt>
      <trkpt lat="54.6864353" lon="25.2156471">
        <ele>165</ele>
      </trkpt>
      <trkpt lat="54.6864555" lon="25.2156745">
        <ele>165</ele>
      </trkpt>
      <trkpt lat="54.6864758" lon="25.2157019">
        <ele>165</ele>
      </trkpt>
      <trkpt lat="54.6864954" lon="25.2157301">
        <ele>165</ele>
      </trkpt>
      <trkpt lat="54.6865151" lon="25.2157583">
        <ele>165</ele>
      </trkpt>
      <trkpt lat="54.6865342" lon="25.2157885">
        <ele>165</ele>
      </trkpt>
      <trkpt lat="54.6865534" lon="25.2158187">
        <ele>165</ele>
      </trkpt>
      <trkpt lat="54.6865713" lon="25.2158501">
        <ele>165</ele>
      </trkpt>
      <trkpt lat="54.6865893" lon="25.2158815">
        <ele>165</ele>
      </trkpt>
      <trkpt lat="54.6866077" lon="25.2159125">
        <ele>165</ele>
      </trkpt>
      <trkpt lat="54.6866262" lon="25.2159435">
        <ele>165</ele>
      </trkpt>
      <trkpt lat="54.6866465" lon="25.2159736">
        <ele>165</ele>
      </trkpt>
      <trkpt lat="54.6866669" lon="25.2160038">
        <ele>165</ele>
      </trkpt>
      <trkpt lat="54.6866861" lon="25.2160363">
        <ele>165</ele>
      </trkpt>
      <trkpt lat="54.6867054" lon="25.2160688">
        <ele>165</ele>
      </trkpt>
      <trkpt lat="54.6867226" lon="25.2161033">
        <ele>165</ele>
      </trkpt>
      <trkpt lat="54.6867399" lon="25.2161378">
        <ele>165</ele>
      </trkpt>
      <trkpt lat="54.6867564" lon="25.2161738">
        <ele>165</ele>
      </trkpt>
      <trkpt lat="54.6867729" lon="25.2162099">
        <ele>165</ele>
      </trkpt>
      <trkpt lat="54.6867889" lon="25.216247">
        <ele>165</ele>
      </trkpt>
      <trkpt lat="54.686805" lon="25.2162842">
        <ele>165</ele>
      </trkpt>
      <trkpt lat="54.6868206" lon="25.2163174">
        <ele>165</ele>
      </trkpt>
      <trkpt lat="54.6868362" lon="25.2163507">
        <ele>165</ele>
      </trkpt>
      <trkpt lat="54.6868525" lon="25.2163795">
        <ele>165</ele>
      </trkpt>
      <trkpt lat="54.6868689" lon="25.2164084">
        <ele>165</ele>
      </trkpt>
      <trkpt lat="54.6868866" lon="25.2164352">
        <ele>165</ele>
      </trkpt>
      <trkpt lat="54.6869043" lon="25.216462">
        <ele>165</ele>
      </trkpt>
      <trkpt lat="54.6869227" lon="25.2164914">
        <ele>165</ele>
      </trkpt>
      <trkpt lat="54.6869412" lon="25.2165208">
        <ele>165</ele>
      </trkpt>
      <trkpt lat="54.6869599" lon="25.2165525">
        <ele>165</ele>
      </trkpt>
      <trkpt lat="54.6869787" lon="25.2165843">
        <ele>165</ele>
      </trkpt>
      <trkpt lat="54.6869963" lon="25.2166182">
        <ele>165</ele>
      </trkpt>
      <trkpt lat="54.687014" lon="25.2166522">
        <ele>165</ele>
      </trkpt>
      <trkpt lat="54.6870294" lon="25.2166878">
        <ele>165</ele>
      </trkpt>
      <trkpt lat="54.6870449" lon="25.2167234">
        <ele>165</ele>
      </trkpt>
      <trkpt lat="54.687058" lon="25.2167603">
        <ele>165</ele>
      </trkpt>
      <trkpt lat="54.6870711" lon="25.2167972">
        <ele>165</ele>
      </trkpt>
      <trkpt lat="54.6870832" lon="25.2168351">
        <ele>165</ele>
      </trkpt>
      <trkpt lat="54.6870953" lon="25.216873">
        <ele>165</ele>
      </trkpt>
      <trkpt lat="54.6871081" lon="25.2169079">
        <ele>165</ele>
      </trkpt>
      <trkpt lat="54.6871209" lon="25.2169428">
        <ele>165</ele>
      </trkpt>
      <trkpt lat="54.6871355" lon="25.2169783">
        <ele>165</ele>
      </trkpt>
      <trkpt lat="54.6871501" lon="25.2170139">
        <ele>165</ele>
      </trkpt>
      <trkpt lat="54.6871665" lon="25.2170504">
        <ele>164</ele>
      </trkpt>
      <trkpt lat="54.687183" lon="25.217087">
        <ele>164</ele>
      </trkpt>
      <trkpt lat="54.6872009" lon="25.217122">
        <ele>164</ele>
      </trkpt>
      <trkpt lat="54.6872188" lon="25.217157">
        <ele>164</ele>
      </trkpt>
      <trkpt lat="54.6872381" lon="25.2171909">
        <ele>164</ele>
      </trkpt>
      <trkpt lat="54.6872575" lon="25.2172248">
        <ele>164</ele>
      </trkpt>
      <trkpt lat="54.6872765" lon="25.2172592">
        <ele>164</ele>
      </trkpt>
      <trkpt lat="54.6872955" lon="25.2172936">
        <ele>164</ele>
      </trkpt>
      <trkpt lat="54.6873132" lon="25.2173273">
        <ele>164</ele>
      </trkpt>
      <trkpt lat="54.687331" lon="25.217361">
        <ele>164</ele>
      </trkpt>
      <trkpt lat="54.6873488" lon="25.2173942">
        <ele>164</ele>
      </trkpt>
      <trkpt lat="54.6873666" lon="25.2174275">
        <ele>164</ele>
      </trkpt>
      <trkpt lat="54.6873821" lon="25.2174636">
        <ele>164</ele>
      </trkpt>
      <trkpt lat="54.6873977" lon="25.2174998">
        <ele>164</ele>
      </trkpt>
      <trkpt lat="54.6874126" lon="25.2175388">
        <ele>164</ele>
      </trkpt>
      <trkpt lat="54.6874275" lon="25.2175779">
        <ele>164</ele>
      </trkpt>
      <trkpt lat="54.6874429" lon="25.2176174">
        <ele>164</ele>
      </trkpt>
      <trkpt lat="54.6874584" lon="25.217657">
        <ele>164</ele>
      </trkpt>
      <trkpt lat="54.6874752" lon="25.2176952">
        <ele>164</ele>
      </trkpt>
      <trkpt lat="54.687492" lon="25.2177335">
        <ele>164</ele>
      </trkpt>
      <trkpt lat="54.6875093" lon="25.2177691">
        <ele>164</ele>
      </trkpt>
      <trkpt lat="54.6875267" lon="25.2178048">
        <ele>164</ele>
      </trkpt>
      <trkpt lat="54.6875461" lon="25.2178403">
        <ele>164</ele>
      </trkpt>
      <trkpt lat="54.6875655" lon="25.2178758">
        <ele>164</ele>
      </trkpt>
      <trkpt lat="54.6875844" lon="25.2179109">
        <ele>164</ele>
      </trkpt>
      <trkpt lat="54.6876034" lon="25.217946">
        <ele>163</ele>
      </trkpt>
      <trkpt lat="54.6876218" lon="25.2179798">
        <ele>163</ele>
      </trkpt>
      <trkpt lat="54.6876403" lon="25.2180137">
        <ele>163</ele>
      </trkpt>
      <trkpt lat="54.6876576" lon="25.2180479">
        <ele>163</ele>
      </trkpt>
      <trkpt lat="54.6876749" lon="25.2180821">
        <ele>163</ele>
      </trkpt>
      <trkpt lat="54.6876934" lon="25.218114">
        <ele>163</ele>
      </trkpt>
      <trkpt lat="54.687712" lon="25.2181459">
        <ele>163</ele>
      </trkpt>
      <trkpt lat="54.6877338" lon="25.2181762">
        <ele>163</ele>
      </trkpt>
      <trkpt lat="54.6877557" lon="25.2182065">
        <ele>163</ele>
      </trkpt>
      <trkpt lat="54.6877789" lon="25.2182367">
        <ele>163</ele>
      </trkpt>
      <trkpt lat="54.6878021" lon="25.2182669">
        <ele>163</ele>
      </trkpt>
      <trkpt lat="54.6878243" lon="25.2182979">
        <ele>163</ele>
      </trkpt>
      <trkpt lat="54.6878466" lon="25.2183289">
        <ele>163</ele>
      </trkpt>
      <trkpt lat="54.6878675" lon="25.2183619">
        <ele>163</ele>
      </trkpt>
      <trkpt lat="54.6878884" lon="25.218395">
        <ele>164</ele>
      </trkpt>
      <trkpt lat="54.6879048" lon="25.218433">
        <ele>164</ele>
      </trkpt>
      <trkpt lat="54.6879213" lon="25.218471">
        <ele>164</ele>
      </trkpt>
      <trkpt lat="54.6879307" lon="25.2185153">
        <ele>164</ele>
      </trkpt>
      <trkpt lat="54.6879402" lon="25.2185596">
        <ele>164</ele>
      </trkpt>
      <trkpt lat="54.6879387" lon="25.218607">
        <ele>164</ele>
      </trkpt>
      <trkpt lat="54.6879372" lon="25.2186545">
        <ele>164</ele>
      </trkpt>
      <trkpt lat="54.6879275" lon="25.2187028">
        <ele>164</ele>
      </trkpt>
      <trkpt lat="54.6879178" lon="25.2187511">
        <ele>164</ele>
      </trkpt>
      <trkpt lat="54.6879059" lon="25.2188025">
        <ele>164</ele>
      </trkpt>
      <trkpt lat="54.687894" lon="25.2188539">
        <ele>164</ele>
      </trkpt>
      <trkpt lat="54.6878846" lon="25.2189048">
        <ele>164</ele>
      </trkpt>
      <trkpt lat="54.6878752" lon="25.2189558">
        <ele>164</ele>
      </trkpt>
      <trkpt lat="54.687872" lon="25.2190048">
        <ele>164</ele>
      </trkpt>
      <trkpt lat="54.6878688" lon="25.2190538">
        <ele>164</ele>
      </trkpt>
      <trkpt lat="54.6878719" lon="25.2191022">
        <ele>164</ele>
      </trkpt>
      <trkpt lat="54.6878751" lon="25.2191506">
        <ele>164</ele>
      </trkpt>
      <trkpt lat="54.6878833" lon="25.2191971">
        <ele>164</ele>
      </trkpt>
      <trkpt lat="54.6878916" lon="25.2192437">
        <ele>164</ele>
      </trkpt>
      <trkpt lat="54.6879027" lon="25.2192891">
        <ele>164</ele>
      </trkpt>
      <trkpt lat="54.6879138" lon="25.2193345">
        <ele>164</ele>
      </trkpt>
      <trkpt lat="54.6879226" lon="25.2193787">
        <ele>164</ele>
      </trkpt>
      <trkpt lat="54.6879314" lon="25.2194229">
        <ele>164</ele>
      </trkpt>
      <trkpt lat="54.6879357" lon="25.219467">
        <ele>164</ele>
      </trkpt>
      <trkpt lat="54.6879401" lon="25.2195112">
        <ele>164</ele>
      </trkpt>
      <trkpt lat="54.6879387" lon="25.2195539">
        <ele>164</ele>
      </trkpt>
      <trkpt lat="54.6879374" lon="25.2195967">
        <ele>164</ele>
      </trkpt>
      <trkpt lat="54.6879309" lon="25.2196378">
        <ele>164</ele>
      </trkpt>
      <trkpt lat="54.6879244" lon="25.2196789">
        <ele>164</ele>
      </trkpt>
      <trkpt lat="54.6879131" lon="25.2197168">
        <ele>164</ele>
      </trkpt>
      <trkpt lat="54.6879019" lon="25.2197547">
        <ele>164</ele>
      </trkpt>
      <trkpt lat="54.6878844" lon="25.2197845">
        <ele>163</ele>
      </trkpt>
      <trkpt lat="54.687867" lon="25.2198144">
        <ele>163</ele>
      </trkpt>
      <trkpt lat="54.6878431" lon="25.2198312">
        <ele>163</ele>
      </trkpt>
      <trkpt lat="54.6878192" lon="25.2198481">
        <ele>163</ele>
      </trkpt>
      <trkpt lat="54.6877925" lon="25.2198526">
        <ele>163</ele>
      </trkpt>
      <trkpt lat="54.6877658" lon="25.2198571">
        <ele>162</ele>
      </trkpt>
      <trkpt lat="54.6877386" lon="25.2198527">
        <ele>162</ele>
      </trkpt>
      <trkpt lat="54.6877115" lon="25.2198484">
        <ele>161</ele>
      </trkpt>
      <trkpt lat="54.6876821" lon="25.2198451">
        <ele>161</ele>
      </trkpt>
      <trkpt lat="54.6876527" lon="25.2198419">
        <ele>161</ele>
      </trkpt>
      <trkpt lat="54.6876204" lon="25.2198384">
        <ele>160</ele>
      </trkpt>
      <trkpt lat="54.6875882" lon="25.2198349">
        <ele>160</ele>
      </trkpt>
      <trkpt lat="54.6875553" lon="25.2198305">
        <ele>159</ele>
      </trkpt>
      <trkpt lat="54.6875225" lon="25.2198262">
        <ele>159</ele>
      </trkpt>
      <trkpt lat="54.6874934" lon="25.2198253">
        <ele>159</ele>
      </trkpt>
      <trkpt lat="54.6874643" lon="25.2198245">
        <ele>158</ele>
      </trkpt>
      <trkpt lat="54.687439" lon="25.2198298">
        <ele>158</ele>
      </trkpt>
      <trkpt lat="54.6874137" lon="25.2198351">
        <ele>158</ele>
      </trkpt>
      <trkpt lat="54.6873922" lon="25.2198462">
        <ele>158</ele>
      </trkpt>
      <trkpt lat="54.6873707" lon="25.2198573">
        <ele>158</ele>
      </trkpt>
      <trkpt lat="54.6873514" lon="25.2198729">
        <ele>157</ele>
      </trkpt>
      <trkpt lat="54.6873321" lon="25.2198885">
        <ele>157</ele>
      </trkpt>
      <trkpt lat="54.6873132" lon="25.2199117">
        <ele>156</ele>
      </trkpt>
      <trkpt lat="54.6872943" lon="25.219935">
        <ele>156</ele>
      </trkpt>
      <trkpt lat="54.6872765" lon="25.2199656">
        <ele>156</ele>
      </trkpt>
      <trkpt lat="54.6872588" lon="25.2199963">
        <ele>155</ele>
      </trkpt>
      <trkpt lat="54.6872419" lon="25.220034">
        <ele>155</ele>
      </trkpt>
      <trkpt lat="54.687225" lon="25.2200717">
        <ele>155</ele>
      </trkpt>
      <trkpt lat="54.6872085" lon="25.2201127">
        <ele>155</ele>
      </trkpt>
      <trkpt lat="54.687192" lon="25.2201537">
        <ele>155</ele>
      </trkpt>
      <trkpt lat="54.6871768" lon="25.2201946">
        <ele>154</ele>
      </trkpt>
      <trkpt lat="54.6871617" lon="25.2202355">
        <ele>154</ele>
      </trkpt>
      <trkpt lat="54.6871472" lon="25.2202736">
        <ele>153</ele>
      </trkpt>
      <trkpt lat="54.6871327" lon="25.2203118">
        <ele>153</ele>
      </trkpt>
      <trkpt lat="54.6871167" lon="25.2203457">
        <ele>153</ele>
      </trkpt>
      <trkpt lat="54.6871008" lon="25.2203796">
        <ele>152</ele>
      </trkpt>
      <trkpt lat="54.6870809" lon="25.2204132">
        <ele>151</ele>
      </trkpt>
      <trkpt lat="54.687061" lon="25.2204468">
        <ele>151</ele>
      </trkpt>
      <trkpt lat="54.6870372" lon="25.2204842">
        <ele>150</ele>
      </trkpt>
      <trkpt lat="54.6870134" lon="25.2205216">
        <ele>150</ele>
      </trkpt>
      <trkpt lat="54.686992" lon="25.2205564">
        <ele>149</ele>
      </trkpt>
      <trkpt lat="54.6869706" lon="25.2205913">
        <ele>149</ele>
      </trkpt>
      <trkpt lat="54.6869618" lon="25.2206056">
        <ele>148</ele>
      </trkpt>
      <trkpt lat="54.6869531" lon="25.2206199">
        <ele>148</ele>
      </trkpt>
      <trkpt lat="54.6869413" lon="25.2206357">
        <ele>148</ele>
      </trkpt>
      <trkpt lat="54.6869296" lon="25.2206516">
        <ele>147</ele>
      </trkpt>
      <trkpt lat="54.6869175" lon="25.2206642">
        <ele>147</ele>
      </trkpt>
      <trkpt lat="54.6869054" lon="25.2206768">
        <ele>146</ele>
      </trkpt>
      <trkpt lat="54.6868755" lon="25.2206999">
        <ele>145</ele>
      </trkpt>
      <trkpt lat="54.6868652" lon="25.2207083">
        <ele>145</ele>
      </trkpt>
      <trkpt lat="54.686855" lon="25.2207168">
        <ele>144</ele>
      </trkpt>
      <trkpt lat="54.6868438" lon="25.2207257">
        <ele>144</ele>
      </trkpt>
      <trkpt lat="54.6868326" lon="25.2207347">
        <ele>144</ele>
      </trkpt>
      <trkpt lat="54.6868166" lon="25.2207455">
        <ele>144</ele>
      </trkpt>
      <trkpt lat="54.6868006" lon="25.2207564">
        <ele>144</ele>
      </trkpt>
      <trkpt lat="54.6867777" lon="25.22077">
        <ele>143</ele>
      </trkpt>
      <trkpt lat="54.6867548" lon="25.2207836">
        <ele>143</ele>
      </trkpt>
      <trkpt lat="54.6867286" lon="25.2207995">
        <ele>143</ele>
      </trkpt>
      <trkpt lat="54.6867025" lon="25.2208154">
        <ele>143</ele>
      </trkpt>
      <trkpt lat="54.6866754" lon="25.2208357">
        <ele>143</ele>
      </trkpt>
      <trkpt lat="54.6866483" lon="25.2208561">
        <ele>142</ele>
      </trkpt>
      <trkpt lat="54.6866205" lon="25.2208814">
        <ele>142</ele>
      </trkpt>
      <trkpt lat="54.6865928" lon="25.2209067">
        <ele>141</ele>
      </trkpt>
      <trkpt lat="54.6865625" lon="25.220937">
        <ele>141</ele>
      </trkpt>
      <trkpt lat="54.6865322" lon="25.2209673">
        <ele>141</ele>
      </trkpt>
      <trkpt lat="54.6864985" lon="25.2209955">
        <ele>140</ele>
      </trkpt>
      <trkpt lat="54.6864648" lon="25.2210238">
        <ele>140</ele>
      </trkpt>
      <trkpt lat="54.6864315" lon="25.2210392">
        <ele>140</ele>
      </trkpt>
      <trkpt lat="54.6863983" lon="25.2210547">
        <ele>140</ele>
      </trkpt>
      <trkpt lat="54.6863674" lon="25.2210586">
        <ele>140</ele>
      </trkpt>
      <trkpt lat="54.6863365" lon="25.2210626">
        <ele>139</ele>
      </trkpt>
      <trkpt lat="54.6863089" lon="25.2210673">
        <ele>139</ele>
      </trkpt>
      <trkpt lat="54.6862813" lon="25.2210721">
        <ele>139</ele>
      </trkpt>
      <trkpt lat="54.6862549" lon="25.221089">
        <ele>139</ele>
      </trkpt>
      <trkpt lat="54.6862285" lon="25.2211059">
        <ele>139</ele>
      </trkpt>
      <trkpt lat="54.686201" lon="25.2211314">
        <ele>138</ele>
      </trkpt>
      <trkpt lat="54.6861735" lon="25.221157">
        <ele>138</ele>
      </trkpt>
      <trkpt lat="54.6861518" lon="25.2211854">
        <ele>138</ele>
      </trkpt>
      <trkpt lat="54.6861301" lon="25.2212139">
        <ele>138</ele>
      </trkpt>
      <trkpt lat="54.6861148" lon="25.221249">
        <ele>138</ele>
      </trkpt>
      <trkpt lat="54.6860995" lon="25.2212841">
        <ele>138</ele>
      </trkpt>
      <trkpt lat="54.6860885" lon="25.2213238">
        <ele>138</ele>
      </trkpt>
      <trkpt lat="54.6860776" lon="25.2213635">
        <ele>138</ele>
      </trkpt>
      <trkpt lat="54.6860716" lon="25.2214027">
        <ele>138</ele>
      </trkpt>
      <trkpt lat="54.6860656" lon="25.221442">
        <ele>139</ele>
      </trkpt>
      <trkpt lat="54.6860652" lon="25.2214744">
        <ele>138</ele>
      </trkpt>
      <trkpt lat="54.6860648" lon="25.2215068">
        <ele>138</ele>
      </trkpt>
      <trkpt lat="54.6860663" lon="25.2215302">
        <ele>138</ele>
      </trkpt>
      <trkpt lat="54.6860679" lon="25.2215536">
        <ele>138</ele>
      </trkpt>
      <trkpt lat="54.6860702" lon="25.2215736">
        <ele>138</ele>
      </trkpt>
      <trkpt lat="54.6860726" lon="25.2215936">
        <ele>137</ele>
      </trkpt>
      <trkpt lat="54.6860777" lon="25.221614">
        <ele>136</ele>
      </trkpt>
      <trkpt lat="54.6860829" lon="25.2216345">
        <ele>136</ele>
      </trkpt>
      <trkpt lat="54.6860911" lon="25.2216581">
        <ele>135</ele>
      </trkpt>
      <trkpt lat="54.6860994" lon="25.2216817">
        <ele>135</ele>
      </trkpt>
      <trkpt lat="54.6861125" lon="25.2217094">
        <ele>134</ele>
      </trkpt>
      <trkpt lat="54.6861257" lon="25.2217372">
        <ele>134</ele>
      </trkpt>
      <trkpt lat="54.6861441" lon="25.2217721">
        <ele>134</ele>
      </trkpt>
      <trkpt lat="54.6861626" lon="25.2218071">
        <ele>134</ele>
      </trkpt>
      <trkpt lat="54.6861801" lon="25.2218473">
        <ele>134</ele>
      </trkpt>
      <trkpt lat="54.6861976" lon="25.2218876">
        <ele>134</ele>
      </trkpt>
      <trkpt lat="54.6862098" lon="25.2219305">
        <ele>134</ele>
      </trkpt>
      <trkpt lat="54.686222" lon="25.2219734">
        <ele>134</ele>
      </trkpt>
      <trkpt lat="54.6862295" lon="25.2220132">
        <ele>134</ele>
      </trkpt>
      <trkpt lat="54.686237" lon="25.2220531">
        <ele>135</ele>
      </trkpt>
      <trkpt lat="54.6862423" lon="25.22209">
        <ele>135</ele>
      </trkpt>
      <trkpt lat="54.6862477" lon="25.222127">
        <ele>135</ele>
      </trkpt>
      <trkpt lat="54.6862555" lon="25.2221557">
        <ele>136</ele>
      </trkpt>
      <trkpt lat="54.6862633" lon="25.2221845">
        <ele>136</ele>
      </trkpt>
      <trkpt lat="54.6862737" lon="25.2222032">
        <ele>137</ele>
      </trkpt>
      <trkpt lat="54.6862841" lon="25.222222">
        <ele>137</ele>
      </trkpt>
      <trkpt lat="54.6862931" lon="25.2222392">
        <ele>137</ele>
      </trkpt>
      <trkpt lat="54.6863022" lon="25.2222564">
        <ele>138</ele>
      </trkpt>
      <trkpt lat="54.6863114" lon="25.2222824">
        <ele>138</ele>
      </trkpt>
      <trkpt lat="54.6863206" lon="25.2223084">
        <ele>139</ele>
      </trkpt>
      <trkpt lat="54.6863276" lon="25.2223447">
        <ele>138</ele>
      </trkpt>
      <trkpt lat="54.6863346" lon="25.222381">
        <ele>138</ele>
      </trkpt>
      <trkpt lat="54.6863383" lon="25.2224177">
        <ele>138</ele>
      </trkpt>
      <trkpt lat="54.686342" lon="25.2224544">
        <ele>138</ele>
      </trkpt>
      <trkpt lat="54.6863447" lon="25.2224969">
        <ele>138</ele>
      </trkpt>
      <trkpt lat="54.6863474" lon="25.2225394">
        <ele>137</ele>
      </trkpt>
      <trkpt lat="54.6863497" lon="25.2225872">
        <ele>137</ele>
      </trkpt>
      <trkpt lat="54.686352" lon="25.222635">
        <ele>137</ele>
      </trkpt>
      <trkpt lat="54.6863542" lon="25.2226825">
        <ele>137</ele>
      </trkpt>
      <trkpt lat="54.6863565" lon="25.2227301">
        <ele>137</ele>
      </trkpt>
      <trkpt lat="54.6863591" lon="25.2227752">
        <ele>136</ele>
      </trkpt>
      <trkpt lat="54.6863618" lon="25.2228203">
        <ele>136</ele>
      </trkpt>
      <trkpt lat="54.6863634" lon="25.2228606">
        <ele>136</ele>
      </trkpt>
      <trkpt lat="54.6863651" lon="25.2229009">
        <ele>136</ele>
      </trkpt>
      <trkpt lat="54.6863651" lon="25.2229357">
        <ele>136</ele>
      </trkpt>
      <trkpt lat="54.6863651" lon="25.2229705">
        <ele>135</ele>
      </trkpt>
      <trkpt lat="54.6863659" lon="25.2230055">
        <ele>135</ele>
      </trkpt>
      <trkpt lat="54.6863667" lon="25.2230405">
        <ele>134</ele>
      </trkpt>
      <trkpt lat="54.6863708" lon="25.2230821">
        <ele>134</ele>
      </trkpt>
      <trkpt lat="54.6863749" lon="25.2231237">
        <ele>134</ele>
      </trkpt>
      <trkpt lat="54.6863806" lon="25.223167">
        <ele>133</ele>
      </trkpt>
      <trkpt lat="54.6863864" lon="25.2232103">
        <ele>132</ele>
      </trkpt>
      <trkpt lat="54.686393" lon="25.2232533">
        <ele>131</ele>
      </trkpt>
      <trkpt lat="54.6863997" lon="25.2232964">
        <ele>130</ele>
      </trkpt>
      <trkpt lat="54.6864074" lon="25.2233383">
        <ele>130</ele>
      </trkpt>
      <trkpt lat="54.6864152" lon="25.2233803">
        <ele>129</ele>
      </trkpt>
      <trkpt lat="54.6864264" lon="25.2234197">
        <ele>129</ele>
      </trkpt>
      <trkpt lat="54.6864376" lon="25.2234592">
        <ele>128</ele>
      </trkpt>
      <trkpt lat="54.686455" lon="25.2234934">
        <ele>128</ele>
      </trkpt>
      <trkpt lat="54.6864724" lon="25.2235277">
        <ele>128</ele>
      </trkpt>
      <trkpt lat="54.6864947" lon="25.2235518">
        <ele>127</ele>
      </trkpt>
      <trkpt lat="54.686517" lon="25.2235759">
        <ele>126</ele>
      </trkpt>
      <trkpt lat="54.686537" lon="25.2235873">
        <ele>126</ele>
      </trkpt>
      <trkpt lat="54.6865571" lon="25.2235987">
        <ele>125</ele>
      </trkpt>
      <trkpt lat="54.6865732" lon="25.2236079">
        <ele>125</ele>
      </trkpt>
      <trkpt lat="54.6865893" lon="25.2236172">
        <ele>124</ele>
      </trkpt>
      <trkpt lat="54.6866002" lon="25.2236245">
        <ele>123</ele>
      </trkpt>
      <trkpt lat="54.6866111" lon="25.2236319">
        <ele>123</ele>
      </trkpt>
      <trkpt lat="54.6866217" lon="25.2236376">
        <ele>122</ele>
      </trkpt>
      <trkpt lat="54.6866324" lon="25.2236434">
        <ele>122</ele>
      </trkpt>
      <trkpt lat="54.6866438" lon="25.2236541">
        <ele>121</ele>
      </trkpt>
      <trkpt lat="54.6866553" lon="25.2236649">
        <ele>120</ele>
      </trkpt>
      <trkpt lat="54.6866692" lon="25.223678">
        <ele>119</ele>
      </trkpt>
      <trkpt lat="54.6866832" lon="25.2236911">
        <ele>118</ele>
      </trkpt>
      <trkpt lat="54.6866975" lon="25.2237011">
        <ele>118</ele>
      </trkpt>
      <trkpt lat="54.6867118" lon="25.2237111">
        <ele>117</ele>
      </trkpt>
      <trkpt lat="54.6867222" lon="25.2237117">
        <ele>117</ele>
      </trkpt>
      <trkpt lat="54.6867327" lon="25.2237123">
        <ele>116</ele>
      </trkpt>
      <trkpt lat="54.68674" lon="25.2237034">
        <ele>116</ele>
      </trkpt>
      <trkpt lat="54.6867474" lon="25.2236946">
        <ele>116</ele>
      </trkpt>
      <trkpt lat="54.6867548" lon="25.2236821">
        <ele>115</ele>
      </trkpt>
      <trkpt lat="54.6867623" lon="25.2236697">
        <ele>114</ele>
      </trkpt>
      <trkpt lat="54.6867722" lon="25.2236595">
        <ele>114</ele>
      </trkpt>
      <trkpt lat="54.6867822" lon="25.2236494">
        <ele>113</ele>
      </trkpt>
      <trkpt lat="54.6867944" lon="25.2236412">
        <ele>113</ele>
      </trkpt>
      <trkpt lat="54.6868067" lon="25.2236331">
        <ele>112</ele>
      </trkpt>
      <trkpt lat="54.6868204" lon="25.223631">
        <ele>111</ele>
      </trkpt>
      <trkpt lat="54.6868341" lon="25.2236289">
        <ele>110</ele>
      </trkpt>
      <trkpt lat="54.6868476" lon="25.2236349">
        <ele>109</ele>
      </trkpt>
      <trkpt lat="54.6868611" lon="25.223641">
        <ele>109</ele>
      </trkpt>
      <trkpt lat="54.686868" lon="25.2236457">
        <ele>109</ele>
      </trkpt>
      <trkpt lat="54.686875" lon="25.2236504">
        <ele>109</ele>
      </trkpt>
      <trkpt lat="54.686885" lon="25.2236586">
        <ele>109</ele>
      </trkpt>
      <trkpt lat="54.6868951" lon="25.2236668">
        <ele>109</ele>
      </trkpt>
      <trkpt lat="54.6869023" lon="25.2236693">
        <ele>109</ele>
      </trkpt>
      <trkpt lat="54.6869095" lon="25.2236719">
        <ele>109</ele>
      </trkpt>
      <trkpt lat="54.6869167" lon="25.2236745">
        <ele>109</ele>
      </trkpt>
      <trkpt lat="54.686926" lon="25.223676">
        <ele>109</ele>
      </trkpt>
      <trkpt lat="54.6869353" lon="25.2236776">
        <ele>109</ele>
      </trkpt>
      <trkpt lat="54.6869442" lon="25.2236806">
        <ele>110</ele>
      </trkpt>
      <trkpt lat="54.6869531" lon="25.2236837">
        <ele>110</ele>
      </trkpt>
      <trkpt lat="54.6869637" lon="25.2236892">
        <ele>110</ele>
      </trkpt>
      <trkpt lat="54.6869743" lon="25.2236947">
        <ele>111</ele>
      </trkpt>
      <trkpt lat="54.6869862" lon="25.2237009">
        <ele>111</ele>
      </trkpt>
      <trkpt lat="54.6869982" lon="25.2237072">
        <ele>112</ele>
      </trkpt>
      <trkpt lat="54.687012" lon="25.2237091">
        <ele>112</ele>
      </trkpt>
      <trkpt lat="54.6870259" lon="25.2237111">
        <ele>112</ele>
      </trkpt>
      <trkpt lat="54.6870349" lon="25.2237129">
        <ele>112</ele>
      </trkpt>
      <trkpt lat="54.6870439" lon="25.2237147">
        <ele>112</ele>
      </trkpt>
      <trkpt lat="54.6870529" lon="25.2237165">
        <ele>113</ele>
      </trkpt>
      <trkpt lat="54.6870623" lon="25.2237223">
        <ele>113</ele>
      </trkpt>
      <trkpt lat="54.6870718" lon="25.2237281">
        <ele>113</ele>
      </trkpt>
      <trkpt lat="54.6870831" lon="25.2237333">
        <ele>114</ele>
      </trkpt>
      <trkpt lat="54.6870944" lon="25.2237386">
        <ele>114</ele>
      </trkpt>
      <trkpt lat="54.6871049" lon="25.2237429">
        <ele>115</ele>
      </trkpt>
      <trkpt lat="54.6871155" lon="25.2237472">
        <ele>115</ele>
      </trkpt>
      <trkpt lat="54.6871225" lon="25.2237541">
        <ele>115</ele>
      </trkpt>
      <trkpt lat="54.6871295" lon="25.223761">
        <ele>116</ele>
      </trkpt>
      <trkpt lat="54.6871349" lon="25.2237681">
        <ele>116</ele>
      </trkpt>
      <trkpt lat="54.6871404" lon="25.2237752">
        <ele>117</ele>
      </trkpt>
      <trkpt lat="54.6871502" lon="25.2237818">
        <ele>117</ele>
      </trkpt>
      <trkpt lat="54.68716" lon="25.2237884">
        <ele>117</ele>
      </trkpt>
      <trkpt lat="54.687173" lon="25.2238012">
        <ele>117</ele>
      </trkpt>
      <trkpt lat="54.687186" lon="25.2238141">
        <ele>117</ele>
      </trkpt>
      <trkpt lat="54.6871987" lon="25.2238332">
        <ele>118</ele>
      </trkpt>
      <trkpt lat="54.6872114" lon="25.2238523">
        <ele>118</ele>
      </trkpt>
      <trkpt lat="54.687224" lon="25.2238752">
        <ele>118</ele>
      </trkpt>
      <trkpt lat="54.6872367" lon="25.2238981">
        <ele>118</ele>
      </trkpt>
      <trkpt lat="54.6872471" lon="25.2239272">
        <ele>118</ele>
      </trkpt>
      <trkpt lat="54.6872576" lon="25.2239563">
        <ele>119</ele>
      </trkpt>
      <trkpt lat="54.6872642" lon="25.223992">
        <ele>118</ele>
      </trkpt>
      <trkpt lat="54.6872708" lon="25.2240277">
        <ele>118</ele>
      </trkpt>
      <trkpt lat="54.6872756" lon="25.2240644">
        <ele>117</ele>
      </trkpt>
      <trkpt lat="54.6872804" lon="25.2241011">
        <ele>117</ele>
      </trkpt>
      <trkpt lat="54.6872897" lon="25.2241297">
        <ele>117</ele>
      </trkpt>
      <trkpt lat="54.687299" lon="25.2241583">
        <ele>116</ele>
      </trkpt>
      <trkpt lat="54.6873158" lon="25.2241744">
        <ele>115</ele>
      </trkpt>
      <trkpt lat="54.6873326" lon="25.2241905">
        <ele>115</ele>
      </trkpt>
      <trkpt lat="54.6873517" lon="25.2241942">
        <ele>114</ele>
      </trkpt>
      <trkpt lat="54.6873709" lon="25.2241979">
        <ele>114</ele>
      </trkpt>
      <trkpt lat="54.6873897" lon="25.2241975">
        <ele>113</ele>
      </trkpt>
      <trkpt lat="54.6874085" lon="25.2241972">
        <ele>113</ele>
      </trkpt>
      <trkpt lat="54.6874304" lon="25.2241964">
        <ele>112</ele>
      </trkpt>
      <trkpt lat="54.6874524" lon="25.2241957">
        <ele>112</ele>
      </trkpt>
      <trkpt lat="54.687474" lon="25.2241922">
        <ele>112</ele>
      </trkpt>
      <trkpt lat="54.6874956" lon="25.2241887">
        <ele>111</ele>
      </trkpt>
      <trkpt lat="54.6875147" lon="25.2241776">
        <ele>111</ele>
      </trkpt>
      <trkpt lat="54.6875338" lon="25.2241665">
        <ele>110</ele>
      </trkpt>
      <trkpt lat="54.6875483" lon="25.2241474">
        <ele>110</ele>
      </trkpt>
      <trkpt lat="54.6875628" lon="25.2241283">
        <ele>110</ele>
      </trkpt>
      <trkpt lat="54.687575" lon="25.2241024">
        <ele>110</ele>
      </trkpt>
      <trkpt lat="54.6875873" lon="25.2240765">
        <ele>110</ele>
      </trkpt>
      <trkpt lat="54.6876023" lon="25.2240501">
        <ele>110</ele>
      </trkpt>
      <trkpt lat="54.6876174" lon="25.2240238">
        <ele>110</ele>
      </trkpt>
      <trkpt lat="54.6876343" lon="25.2240094">
        <ele>110</ele>
      </trkpt>
      <trkpt lat="54.6876513" lon="25.2239951">
        <ele>110</ele>
      </trkpt>
      <trkpt lat="54.6876653" lon="25.2239921">
        <ele>110</ele>
      </trkpt>
      <trkpt lat="54.6876794" lon="25.2239891">
        <ele>110</ele>
      </trkpt>
      <trkpt lat="54.6876899" lon="25.2239899">
        <ele>110</ele>
      </trkpt>
      <trkpt lat="54.6877004" lon="25.2239908">
        <ele>110</ele>
      </trkpt>
      <trkpt lat="54.6877083" lon="25.2239879">
        <ele>110</ele>
      </trkpt>
      <trkpt lat="54.6877163" lon="25.2239851">
        <ele>110</ele>
      </trkpt>
      <trkpt lat="54.6877215" lon="25.2239816">
        <ele>111</ele>
      </trkpt>
      <trkpt lat="54.6877268" lon="25.2239781">
        <ele>111</ele>
      </trkpt>
      <trkpt lat="54.6877321" lon="25.2239747">
        <ele>112</ele>
      </trkpt>
      <trkpt lat="54.68774" lon="25.2239721">
        <ele>112</ele>
      </trkpt>
      <trkpt lat="54.6877479" lon="25.2239695">
        <ele>112</ele>
      </trkpt>
      <trkpt lat="54.6877556" lon="25.2239649">
        <ele>113</ele>
      </trkpt>
      <trkpt lat="54.6877634" lon="25.2239603">
        <ele>113</ele>
      </trkpt>
      <trkpt lat="54.6877693" lon="25.2239534">
        <ele>114</ele>
      </trkpt>
      <trkpt lat="54.6877752" lon="25.2239465">
        <ele>114</ele>
      </trkpt>
      <trkpt lat="54.6877785" lon="25.2239362">
        <ele>114</ele>
      </trkpt>
      <trkpt lat="54.6877818" lon="25.223926">
        <ele>114</ele>
      </trkpt>
      <trkpt lat="54.6877845" lon="25.223911">
        <ele>114</ele>
      </trkpt>
      <trkpt lat="54.6877873" lon="25.223896">
        <ele>115</ele>
      </trkpt>
      <trkpt lat="54.6877919" lon="25.2238773">
        <ele>115</ele>
      </trkpt>
      <trkpt lat="54.6877966" lon="25.2238587">
        <ele>115</ele>
      </trkpt>
      <trkpt lat="54.6878049" lon="25.2238402">
        <ele>115</ele>
      </trkpt>
      <trkpt lat="54.6878132" lon="25.2238218">
        <ele>115</ele>
      </trkpt>
      <trkpt lat="54.6878252" lon="25.2238013">
        <ele>116</ele>
      </trkpt>
      <trkpt lat="54.6878372" lon="25.2237808">
        <ele>116</ele>
      </trkpt>
      <trkpt lat="54.687847" lon="25.223764">
        <ele>116</ele>
      </trkpt>
      <trkpt lat="54.6878569" lon="25.2237472">
        <ele>117</ele>
      </trkpt>
      <trkpt lat="54.6878665" lon="25.2237325">
        <ele>117</ele>
      </trkpt>
      <trkpt lat="54.6878762" lon="25.2237178">
        <ele>118</ele>
      </trkpt>
      <trkpt lat="54.6878863" lon="25.2237038">
        <ele>118</ele>
      </trkpt>
      <trkpt lat="54.6878965" lon="25.2236898">
        <ele>118</ele>
      </trkpt>
      <trkpt lat="54.6879068" lon="25.2236822">
        <ele>118</ele>
      </trkpt>
      <trkpt lat="54.6879171" lon="25.2236747">
        <ele>118</ele>
      </trkpt>
      <trkpt lat="54.6879309" lon="25.2236789">
        <ele>119</ele>
      </trkpt>
      <trkpt lat="54.6879448" lon="25.2236831">
        <ele>118</ele>
      </trkpt>
      <trkpt lat="54.6879629" lon="25.223694">
        <ele>118</ele>
      </trkpt>
      <trkpt lat="54.6879811" lon="25.223705">
        <ele>118</ele>
      </trkpt>
      <trkpt lat="54.6879994" lon="25.2237105">
        <ele>118</ele>
      </trkpt>
      <trkpt lat="54.6880177" lon="25.2237161">
        <ele>118</ele>
      </trkpt>
      <trkpt lat="54.6880335" lon="25.2237114">
        <ele>117</ele>
      </trkpt>
      <trkpt lat="54.6880494" lon="25.2237068">
        <ele>117</ele>
      </trkpt>
      <trkpt lat="54.6880653" lon="25.223691">
        <ele>116</ele>
      </trkpt>
      <trkpt lat="54.6880813" lon="25.2236752">
        <ele>116</ele>
      </trkpt>
      <trkpt lat="54.6880948" lon="25.2236516">
        <ele>116</ele>
      </trkpt>
      <trkpt lat="54.6881084" lon="25.223628">
        <ele>115</ele>
      </trkpt>
      <trkpt lat="54.6881206" lon="25.2236025">
        <ele>115</ele>
      </trkpt>
      <trkpt lat="54.6881328" lon="25.223577">
        <ele>115</ele>
      </trkpt>
      <trkpt lat="54.6881474" lon="25.2235466">
        <ele>115</ele>
      </trkpt>
      <trkpt lat="54.688162" lon="25.2235162">
        <ele>115</ele>
      </trkpt>
      <trkpt lat="54.6881799" lon="25.2234875">
        <ele>114</ele>
      </trkpt>
      <trkpt lat="54.6881979" lon="25.2234589">
        <ele>114</ele>
      </trkpt>
      <trkpt lat="54.688219" lon="25.2234357">
        <ele>113</ele>
      </trkpt>
      <trkpt lat="54.6882402" lon="25.2234126">
        <ele>113</ele>
      </trkpt>
      <trkpt lat="54.6882624" lon="25.2233931">
        <ele>113</ele>
      </trkpt>
      <trkpt lat="54.6882847" lon="25.2233737">
        <ele>112</ele>
      </trkpt>
      <trkpt lat="54.6883092" lon="25.2233573">
        <ele>112</ele>
      </trkpt>
      <trkpt lat="54.6883338" lon="25.223341">
        <ele>112</ele>
      </trkpt>
      <trkpt lat="54.6883591" lon="25.2233245">
        <ele>112</ele>
      </trkpt>
      <trkpt lat="54.6883845" lon="25.2233081">
        <ele>112</ele>
      </trkpt>
      <trkpt lat="54.688406" lon="25.2232922">
        <ele>111</ele>
      </trkpt>
      <trkpt lat="54.6884275" lon="25.2232763">
        <ele>111</ele>
      </trkpt>
      <trkpt lat="54.6884411" lon="25.2232684">
        <ele>111</ele>
      </trkpt>
      <trkpt lat="54.6884548" lon="25.2232606">
        <ele>111</ele>
      </trkpt>
      <trkpt lat="54.6884674" lon="25.2232562">
        <ele>111</ele>
      </trkpt>
      <trkpt lat="54.6884801" lon="25.2232519">
        <ele>110</ele>
      </trkpt>
      <trkpt lat="54.6884965" lon="25.2232451">
        <ele>110</ele>
      </trkpt>
      <trkpt lat="54.688513" lon="25.2232384">
        <ele>110</ele>
      </trkpt>
      <trkpt lat="54.6885318" lon="25.2232308">
        <ele>110</ele>
      </trkpt>
      <trkpt lat="54.6885506" lon="25.2232232">
        <ele>110</ele>
      </trkpt>
      <trkpt lat="54.6885705" lon="25.2232157">
        <ele>110</ele>
      </trkpt>
      <trkpt lat="54.6885905" lon="25.2232082">
        <ele>110</ele>
      </trkpt>
      <trkpt lat="54.6886134" lon="25.2231977">
        <ele>110</ele>
      </trkpt>
      <trkpt lat="54.6886364" lon="25.2231872">
        <ele>110</ele>
      </trkpt>
      <trkpt lat="54.6886597" lon="25.2231741">
        <ele>111</ele>
      </trkpt>
      <trkpt lat="54.688683" lon="25.223161">
        <ele>111</ele>
      </trkpt>
      <trkpt lat="54.688705" lon="25.2231526">
        <ele>111</ele>
      </trkpt>
      <trkpt lat="54.6887271" lon="25.2231442">
        <ele>111</ele>
      </trkpt>
      <trkpt lat="54.6887458" lon="25.2231338">
        <ele>111</ele>
      </trkpt>
      <trkpt lat="54.6887645" lon="25.2231235">
        <ele>111</ele>
      </trkpt>
      <trkpt lat="54.6887812" lon="25.2231076">
        <ele>111</ele>
      </trkpt>
      <trkpt lat="54.6887979" lon="25.2230917">
        <ele>111</ele>
      </trkpt>
      <trkpt lat="54.6888165" lon="25.2230711">
        <ele>111</ele>
      </trkpt>
      <trkpt lat="54.6888351" lon="25.2230505">
        <ele>111</ele>
      </trkpt>
      <trkpt lat="54.6888564" lon="25.2230211">
        <ele>112</ele>
      </trkpt>
      <trkpt lat="54.6888778" lon="25.2229917">
        <ele>112</ele>
      </trkpt>
      <trkpt lat="54.6889006" lon="25.2229607">
        <ele>112</ele>
      </trkpt>
      <trkpt lat="54.6889235" lon="25.2229297">
        <ele>112</ele>
      </trkpt>
      <trkpt lat="54.6889484" lon="25.2229068">
        <ele>112</ele>
      </trkpt>
      <trkpt lat="54.6889733" lon="25.222884">
        <ele>113</ele>
      </trkpt>
      <trkpt lat="54.689001" lon="25.2228718">
        <ele>113</ele>
      </trkpt>
      <trkpt lat="54.6890287" lon="25.2228596">
        <ele>113</ele>
      </trkpt>
      <trkpt lat="54.6890562" lon="25.2228537">
        <ele>113</ele>
      </trkpt>
      <trkpt lat="54.6890837" lon="25.2228479">
        <ele>113</ele>
      </trkpt>
      <trkpt lat="54.6891075" lon="25.2228439">
        <ele>114</ele>
      </trkpt>
      <trkpt lat="54.6891314" lon="25.22284">
        <ele>114</ele>
      </trkpt>
      <trkpt lat="54.6891528" lon="25.2228356">
        <ele>114</ele>
      </trkpt>
      <trkpt lat="54.6891743" lon="25.2228312">
        <ele>114</ele>
      </trkpt>
      <trkpt lat="54.6891957" lon="25.2228241">
        <ele>114</ele>
      </trkpt>
      <trkpt lat="54.6892171" lon="25.222817">
        <ele>114</ele>
      </trkpt>
      <trkpt lat="54.6892385" lon="25.2228087">
        <ele>114</ele>
      </trkpt>
      <trkpt lat="54.6892599" lon="25.2228005">
        <ele>114</ele>
      </trkpt>
      <trkpt lat="54.6892781" lon="25.2227884">
        <ele>114</ele>
      </trkpt>
      <trkpt lat="54.6892964" lon="25.2227764">
        <ele>114</ele>
      </trkpt>
      <trkpt lat="54.6893102" lon="25.2227619">
        <ele>115</ele>
      </trkpt>
      <trkpt lat="54.6893241" lon="25.2227475">
        <ele>115</ele>
      </trkpt>
      <trkpt lat="54.6893372" lon="25.2227321">
        <ele>115</ele>
      </trkpt>
      <trkpt lat="54.6893503" lon="25.2227168">
        <ele>115</ele>
      </trkpt>
      <trkpt lat="54.6893655" lon="25.2227058">
        <ele>115</ele>
      </trkpt>
      <trkpt lat="54.6893808" lon="25.2226948">
        <ele>116</ele>
      </trkpt>
      <trkpt lat="54.6893993" lon="25.2226963">
        <ele>116</ele>
      </trkpt>
      <trkpt lat="54.6894179" lon="25.2226978">
        <ele>116</ele>
      </trkpt>
      <trkpt lat="54.6894403" lon="25.2227048">
        <ele>116</ele>
      </trkpt>
      <trkpt lat="54.6894628" lon="25.2227118">
        <ele>116</ele>
      </trkpt>
      <trkpt lat="54.6894856" lon="25.2227062">
        <ele>116</ele>
      </trkpt>
      <trkpt lat="54.6895085" lon="25.2227007">
        <ele>116</ele>
      </trkpt>
      <trkpt lat="54.6895298" lon="25.2226809">
        <ele>116</ele>
      </trkpt>
      <trkpt lat="54.6895512" lon="25.2226611">
        <ele>116</ele>
      </trkpt>
      <trkpt lat="54.6895704" lon="25.2226344">
        <ele>116</ele>
      </trkpt>
      <trkpt lat="54.6895896" lon="25.2226077">
        <ele>117</ele>
      </trkpt>
      <trkpt lat="54.6896072" lon="25.2225792">
        <ele>117</ele>
      </trkpt>
      <trkpt lat="54.6896249" lon="25.2225507">
        <ele>117</ele>
      </trkpt>
      <trkpt lat="54.6896407" lon="25.2225242">
        <ele>117</ele>
      </trkpt>
      <trkpt lat="54.6896565" lon="25.2224977">
        <ele>117</ele>
      </trkpt>
      <trkpt lat="54.6896712" lon="25.2224769">
        <ele>118</ele>
      </trkpt>
      <trkpt lat="54.6896859" lon="25.2224562">
        <ele>118</ele>
      </trkpt>
      <trkpt lat="54.6897" lon="25.2224445">
        <ele>118</ele>
      </trkpt>
      <trkpt lat="54.6897142" lon="25.2224328">
        <ele>118</ele>
      </trkpt>
      <trkpt lat="54.6897262" lon="25.2224207">
        <ele>118</ele>
      </trkpt>
      <trkpt lat="54.6897382" lon="25.2224086">
        <ele>118</ele>
      </trkpt>
      <trkpt lat="54.6897474" lon="25.2223877">
        <ele>118</ele>
      </trkpt>
      <trkpt lat="54.6897567" lon="25.2223669">
        <ele>118</ele>
      </trkpt>
      <trkpt lat="54.6897678" lon="25.2223377">
        <ele>118</ele>
      </trkpt>
      <trkpt lat="54.6897789" lon="25.2223085">
        <ele>118</ele>
      </trkpt>
      <trkpt lat="54.6897913" lon="25.2222782">
        <ele>118</ele>
      </trkpt>
      <trkpt lat="54.6898038" lon="25.2222479">
        <ele>118</ele>
      </trkpt>
      <trkpt lat="54.6898177" lon="25.2222195">
        <ele>118</ele>
      </trkpt>
      <trkpt lat="54.6898316" lon="25.2221912">
        <ele>118</ele>
      </trkpt>
      <trkpt lat="54.6898456" lon="25.2221629">
        <ele>118</ele>
      </trkpt>
      <trkpt lat="54.6898596" lon="25.2221347">
        <ele>118</ele>
      </trkpt>
      <trkpt lat="54.6898722" lon="25.222103">
        <ele>118</ele>
      </trkpt>
      <trkpt lat="54.6898849" lon="25.2220714">
        <ele>118</ele>
      </trkpt>
      <trkpt lat="54.6898957" lon="25.2220359">
        <ele>118</ele>
      </trkpt>
      <trkpt lat="54.6899066" lon="25.2220004">
        <ele>118</ele>
      </trkpt>
      <trkpt lat="54.6899178" lon="25.2219615">
        <ele>119</ele>
      </trkpt>
      <trkpt lat="54.689929" lon="25.2219226">
        <ele>119</ele>
      </trkpt>
      <trkpt lat="54.6899408" lon="25.2218845">
        <ele>119</ele>
      </trkpt>
      <trkpt lat="54.6899527" lon="25.2218465">
        <ele>119</ele>
      </trkpt>
      <trkpt lat="54.6899622" lon="25.2218101">
        <ele>119</ele>
      </trkpt>
      <trkpt lat="54.6899717" lon="25.2217737">
        <ele>120</ele>
      </trkpt>
      <trkpt lat="54.6899771" lon="25.2217361">
        <ele>120</ele>
      </trkpt>
      <trkpt lat="54.6899825" lon="25.2216986">
        <ele>120</ele>
      </trkpt>
      <trkpt lat="54.6899881" lon="25.2216604">
        <ele>120</ele>
      </trkpt>
      <trkpt lat="54.6899938" lon="25.2216222">
        <ele>120</ele>
      </trkpt>
      <trkpt lat="54.6900017" lon="25.2215883">
        <ele>121</ele>
      </trkpt>
      <trkpt lat="54.6900097" lon="25.2215545">
        <ele>121</ele>
      </trkpt>
      <trkpt lat="54.6900177" lon="25.221514">
        <ele>121</ele>
      </trkpt>
      <trkpt lat="54.6900258" lon="25.2214735">
        <ele>121</ele>
      </trkpt>
      <trkpt lat="54.6900347" lon="25.2214301">
        <ele>121</ele>
      </trkpt>
      <trkpt lat="54.6900436" lon="25.2213868">
        <ele>121</ele>
      </trkpt>
      <trkpt lat="54.6900525" lon="25.2213475">
        <ele>121</ele>
      </trkpt>
      <trkpt lat="54.6900614" lon="25.2213082">
        <ele>121</ele>
      </trkpt>
      <trkpt lat="54.6900691" lon="25.221274">
        <ele>121</ele>
      </trkpt>
      <trkpt lat="54.6900769" lon="25.2212399">
        <ele>121</ele>
      </trkpt>
      <trkpt lat="54.6900843" lon="25.2212066">
        <ele>122</ele>
      </trkpt>
      <trkpt lat="54.6900917" lon="25.2211733">
        <ele>122</ele>
      </trkpt>
      <trkpt lat="54.6901021" lon="25.2211398">
        <ele>122</ele>
      </trkpt>
      <trkpt lat="54.6901126" lon="25.2211064">
        <ele>122</ele>
      </trkpt>
      <trkpt lat="54.6901252" lon="25.221074">
        <ele>122</ele>
      </trkpt>
      <trkpt lat="54.6901378" lon="25.2210417">
        <ele>123</ele>
      </trkpt>
      <trkpt lat="54.690149" lon="25.2210083">
        <ele>123</ele>
      </trkpt>
      <trkpt lat="54.6901602" lon="25.220975">
        <ele>123</ele>
      </trkpt>
      <trkpt lat="54.6901683" lon="25.2209426">
        <ele>123</ele>
      </trkpt>
      <trkpt lat="54.6901765" lon="25.2209102">
        <ele>123</ele>
      </trkpt>
      <trkpt lat="54.6901845" lon="25.2208791">
        <ele>123</ele>
      </trkpt>
      <trkpt lat="54.6901926" lon="25.2208481">
        <ele>123</ele>
      </trkpt>
      <trkpt lat="54.6902024" lon="25.2208163">
        <ele>123</ele>
      </trkpt>
      <trkpt lat="54.6902123" lon="25.2207845">
        <ele>124</ele>
      </trkpt>
      <trkpt lat="54.6902222" lon="25.2207527">
        <ele>124</ele>
      </trkpt>
      <trkpt lat="54.6902322" lon="25.220721">
        <ele>125</ele>
      </trkpt>
      <trkpt lat="54.6902439" lon="25.2206851">
        <ele>125</ele>
      </trkpt>
      <trkpt lat="54.6902557" lon="25.2206493">
        <ele>125</ele>
      </trkpt>
      <trkpt lat="54.6902689" lon="25.2206128">
        <ele>125</ele>
      </trkpt>
      <trkpt lat="54.6902821" lon="25.2205763">
        <ele>125</ele>
      </trkpt>
      <trkpt lat="54.6902902" lon="25.2205435">
        <ele>126</ele>
      </trkpt>
      <trkpt lat="54.6902983" lon="25.2205108">
        <ele>126</ele>
      </trkpt>
      <trkpt lat="54.6902999" lon="25.2204852">
        <ele>126</ele>
      </trkpt>
      <trkpt lat="54.6903016" lon="25.2204597">
        <ele>126</ele>
      </trkpt>
      <trkpt lat="54.6903095" lon="25.2204322">
        <ele>126</ele>
      </trkpt>
      <trkpt lat="54.6903174" lon="25.2204048">
        <ele>126</ele>
      </trkpt>
      <trkpt lat="54.6903336" lon="25.220376">
        <ele>126</ele>
      </trkpt>
      <trkpt lat="54.6903498" lon="25.2203472">
        <ele>126</ele>
      </trkpt>
      <trkpt lat="54.6903696" lon="25.2203213">
        <ele>126</ele>
      </trkpt>
      <trkpt lat="54.6903895" lon="25.2202954">
        <ele>126</ele>
      </trkpt>
      <trkpt lat="54.6904082" lon="25.2202739">
        <ele>127</ele>
      </trkpt>
      <trkpt lat="54.6904269" lon="25.2202525">
        <ele>127</ele>
      </trkpt>
      <trkpt lat="54.6904425" lon="25.2202358">
        <ele>127</ele>
      </trkpt>
      <trkpt lat="54.6904581" lon="25.2202191">
        <ele>127</ele>
      </trkpt>
      <trkpt lat="54.6904717" lon="25.2202059">
        <ele>127</ele>
      </trkpt>
      <trkpt lat="54.6904854" lon="25.2201928">
        <ele>127</ele>
      </trkpt>
      <trkpt lat="54.6905007" lon="25.2201843">
        <ele>127</ele>
      </trkpt>
      <trkpt lat="54.690516" lon="25.2201759">
        <ele>127</ele>
      </trkpt>
      <trkpt lat="54.690532" lon="25.2201672">
        <ele>127</ele>
      </trkpt>
      <trkpt lat="54.6905481" lon="25.2201586">
        <ele>127</ele>
      </trkpt>
      <trkpt lat="54.6905597" lon="25.2201486">
        <ele>128</ele>
      </trkpt>
      <trkpt lat="54.6905713" lon="25.2201386">
        <ele>128</ele>
      </trkpt>
      <trkpt lat="54.6905775" lon="25.2201297">
        <ele>128</ele>
      </trkpt>
      <trkpt lat="54.6905837" lon="25.2201209">
        <ele>128</ele>
      </trkpt>
      <trkpt lat="54.6905866" lon="25.2201121">
        <ele>128</ele>
      </trkpt>
      <trkpt lat="54.6905896" lon="25.2201033">
        <ele>128</ele>
      </trkpt>
      <trkpt lat="54.6906009" lon="25.2200953">
        <ele>128</ele>
      </trkpt>
      <trkpt lat="54.6906123" lon="25.2200874">
        <ele>128</ele>
      </trkpt>
      <trkpt lat="54.6906341" lon="25.2200835">
        <ele>128</ele>
      </trkpt>
      <trkpt lat="54.6906559" lon="25.2200797">
        <ele>128</ele>
      </trkpt>
      <trkpt lat="54.6906828" lon="25.2200808">
        <ele>129</ele>
      </trkpt>
      <trkpt lat="54.6907097" lon="25.2200819">
        <ele>129</ele>
      </trkpt>
      <trkpt lat="54.690734" lon="25.2200876">
        <ele>129</ele>
      </trkpt>
      <trkpt lat="54.6907584" lon="25.2200933">
        <ele>129</ele>
      </trkpt>
      <trkpt lat="54.6907805" lon="25.2200992">
        <ele>129</ele>
      </trkpt>
      <trkpt lat="54.6908027" lon="25.2201052">
        <ele>130</ele>
      </trkpt>
      <trkpt lat="54.6908241" lon="25.2201091">
        <ele>130</ele>
      </trkpt>
      <trkpt lat="54.6908455" lon="25.2201131">
        <ele>130</ele>
      </trkpt>
      <trkpt lat="54.6908668" lon="25.2201182">
        <ele>130</ele>
      </trkpt>
      <trkpt lat="54.6908881" lon="25.2201234">
        <ele>130</ele>
      </trkpt>
      <trkpt lat="54.6909101" lon="25.2201304">
        <ele>131</ele>
      </trkpt>
      <trkpt lat="54.6909322" lon="25.2201375">
        <ele>131</ele>
      </trkpt>
      <trkpt lat="54.6909547" lon="25.2201415">
        <ele>131</ele>
      </trkpt>
      <trkpt lat="54.6909772" lon="25.2201455">
        <ele>131</ele>
      </trkpt>
      <trkpt lat="54.6909993" lon="25.2201487">
        <ele>131</ele>
      </trkpt>
      <trkpt lat="54.6910215" lon="25.2201519">
        <ele>132</ele>
      </trkpt>
      <trkpt lat="54.6910428" lon="25.2201588">
        <ele>132</ele>
      </trkpt>
      <trkpt lat="54.6910641" lon="25.2201657">
        <ele>132</ele>
      </trkpt>
      <trkpt lat="54.6910842" lon="25.2201767">
        <ele>132</ele>
      </trkpt>
      <trkpt lat="54.6911044" lon="25.2201877">
        <ele>132</ele>
      </trkpt>
      <trkpt lat="54.6911212" lon="25.2202107">
        <ele>133</ele>
      </trkpt>
      <trkpt lat="54.691138" lon="25.2202337">
        <ele>133</ele>
      </trkpt>
      <trkpt lat="54.6911498" lon="25.2202698">
        <ele>133</ele>
      </trkpt>
      <trkpt lat="54.6911617" lon="25.2203059">
        <ele>134</ele>
      </trkpt>
      <trkpt lat="54.6911708" lon="25.2203455">
        <ele>134</ele>
      </trkpt>
      <trkpt lat="54.69118" lon="25.2203852">
        <ele>135</ele>
      </trkpt>
      <trkpt lat="54.6911879" lon="25.2204257">
        <ele>135</ele>
      </trkpt>
      <trkpt lat="54.6911959" lon="25.2204663">
        <ele>135</ele>
      </trkpt>
      <trkpt lat="54.6912034" lon="25.2205095">
        <ele>135</ele>
      </trkpt>
      <trkpt lat="54.6912109" lon="25.2205527">
        <ele>135</ele>
      </trkpt>
      <trkpt lat="54.6912141" lon="25.2205944">
        <ele>136</ele>
      </trkpt>
      <trkpt lat="54.6912173" lon="25.2206361">
        <ele>136</ele>
      </trkpt>
      <trkpt lat="54.691219" lon="25.2206729">
        <ele>136</ele>
      </trkpt>
      <trkpt lat="54.6912207" lon="25.2207097">
        <ele>136</ele>
      </trkpt>
      <trkpt lat="54.691222" lon="25.2207441">
        <ele>136</ele>
      </trkpt>
      <trkpt lat="54.6912234" lon="25.2207785">
        <ele>137</ele>
      </trkpt>
      <trkpt lat="54.6912245" lon="25.2208132">
        <ele>137</ele>
      </trkpt>
      <trkpt lat="54.6912256" lon="25.2208479">
        <ele>137</ele>
      </trkpt>
      <trkpt lat="54.6912258" lon="25.2208793">
        <ele>137</ele>
      </trkpt>
      <trkpt lat="54.691226" lon="25.2209107">
        <ele>137</ele>
      </trkpt>
      <trkpt lat="54.6912266" lon="25.2209425">
        <ele>138</ele>
      </trkpt>
      <trkpt lat="54.6912272" lon="25.2209744">
        <ele>138</ele>
      </trkpt>
      <trkpt lat="54.691233" lon="25.2210029">
        <ele>138</ele>
      </trkpt>
      <trkpt lat="54.6912389" lon="25.2210315">
        <ele>138</ele>
      </trkpt>
      <trkpt lat="54.6912513" lon="25.2210558">
        <ele>138</ele>
      </trkpt>
      <trkpt lat="54.6912638" lon="25.2210801">
        <ele>139</ele>
      </trkpt>
      <trkpt lat="54.6912777" lon="25.2211017">
        <ele>139</ele>
      </trkpt>
      <trkpt lat="54.6912917" lon="25.2211233">
        <ele>139</ele>
      </trkpt>
      <trkpt lat="54.6913008" lon="25.2211458">
        <ele>139</ele>
      </trkpt>
      <trkpt lat="54.69131" lon="25.2211684">
        <ele>139</ele>
      </trkpt>
      <trkpt lat="54.6913218" lon="25.2211917">
        <ele>140</ele>
      </trkpt>
      <trkpt lat="54.6913337" lon="25.221215">
        <ele>140</ele>
      </trkpt>
      <trkpt lat="54.6913485" lon="25.2212378">
        <ele>140</ele>
      </trkpt>
      <trkpt lat="54.6913633" lon="25.2212607">
        <ele>140</ele>
      </trkpt>
      <trkpt lat="54.6913801" lon="25.2212815">
        <ele>140</ele>
      </trkpt>
      <trkpt lat="54.6913969" lon="25.2213023">
        <ele>141</ele>
      </trkpt>
      <trkpt lat="54.6914115" lon="25.2213246">
        <ele>141</ele>
      </trkpt>
      <trkpt lat="54.6914261" lon="25.221347">
        <ele>141</ele>
      </trkpt>
      <trkpt lat="54.6914414" lon="25.2213702">
        <ele>142</ele>
      </trkpt>
      <trkpt lat="54.6914568" lon="25.2213935">
        <ele>142</ele>
      </trkpt>
      <trkpt lat="54.691476" lon="25.2214206">
        <ele>143</ele>
      </trkpt>
      <trkpt lat="54.6914953" lon="25.2214478">
        <ele>143</ele>
      </trkpt>
      <trkpt lat="54.6915116" lon="25.2214679">
        <ele>143</ele>
      </trkpt>
      <trkpt lat="54.6915279" lon="25.221488">
        <ele>143</ele>
      </trkpt>
      <trkpt lat="54.6915405" lon="25.2215014">
        <ele>143</ele>
      </trkpt>
      <trkpt lat="54.6915531" lon="25.2215149">
        <ele>144</ele>
      </trkpt>
      <trkpt lat="54.6915639" lon="25.2215235">
        <ele>144</ele>
      </trkpt>
      <trkpt lat="54.6915748" lon="25.2215321">
        <ele>144</ele>
      </trkpt>
      <trkpt lat="54.6915868" lon="25.2215424">
        <ele>145</ele>
      </trkpt>
      <trkpt lat="54.6915988" lon="25.2215527">
        <ele>145</ele>
      </trkpt>
      <trkpt lat="54.6916126" lon="25.2215657">
        <ele>146</ele>
      </trkpt>
      <trkpt lat="54.6916264" lon="25.2215788">
        <ele>146</ele>
      </trkpt>
      <trkpt lat="54.6916423" lon="25.2215886">
        <ele>146</ele>
      </trkpt>
      <trkpt lat="54.6916583" lon="25.2215985">
        <ele>147</ele>
      </trkpt>
      <trkpt lat="54.6916755" lon="25.2216051">
        <ele>147</ele>
      </trkpt>
      <trkpt lat="54.6916928" lon="25.2216118">
        <ele>148</ele>
      </trkpt>
      <trkpt lat="54.6917093" lon="25.2216173">
        <ele>148</ele>
      </trkpt>
      <trkpt lat="54.6917258" lon="25.2216228">
        <ele>148</ele>
      </trkpt>
      <trkpt lat="54.6917333" lon="25.2216269">
        <ele>149</ele>
      </trkpt>
      <trkpt lat="54.6917408" lon="25.221631">
        <ele>149</ele>
      </trkpt>
      <trkpt lat="54.6917514" lon="25.2216444">
        <ele>150</ele>
      </trkpt>
      <trkpt lat="54.6917621" lon="25.2216578">
        <ele>150</ele>
      </trkpt>
      <trkpt lat="54.6917729" lon="25.2216823">
        <ele>150</ele>
      </trkpt>
      <trkpt lat="54.6917837" lon="25.2217069">
        <ele>151</ele>
      </trkpt>
      <trkpt lat="54.6917941" lon="25.2217427">
        <ele>151</ele>
      </trkpt>
      <trkpt lat="54.6918046" lon="25.2217786">
        <ele>152</ele>
      </trkpt>
      <trkpt lat="54.6918155" lon="25.2218197">
        <ele>152</ele>
      </trkpt>
      <trkpt lat="54.6918265" lon="25.2218609">
        <ele>152</ele>
      </trkpt>
      <trkpt lat="54.6918366" lon="25.2219025">
        <ele>152</ele>
      </trkpt>
      <trkpt lat="54.6918468" lon="25.2219442">
        <ele>152</ele>
      </trkpt>
      <trkpt lat="54.6918532" lon="25.2219847">
        <ele>153</ele>
      </trkpt>
      <trkpt lat="54.6918596" lon="25.2220253">
        <ele>153</ele>
      </trkpt>
      <trkpt lat="54.6918618" lon="25.2220655">
        <ele>153</ele>
      </trkpt>
      <trkpt lat="54.6918641" lon="25.2221058">
        <ele>153</ele>
      </trkpt>
      <trkpt lat="54.6918642" lon="25.2221471">
        <ele>153</ele>
      </trkpt>
      <trkpt lat="54.6918643" lon="25.2221885">
        <ele>153</ele>
      </trkpt>
      <trkpt lat="54.6918644" lon="25.2222308">
        <ele>153</ele>
      </trkpt>
      <trkpt lat="54.6918646" lon="25.2222731">
        <ele>153</ele>
      </trkpt>
      <trkpt lat="54.6918655" lon="25.2223149">
        <ele>153</ele>
      </trkpt>
      <trkpt lat="54.6918665" lon="25.2223568">
        <ele>153</ele>
      </trkpt>
      <trkpt lat="54.6918662" lon="25.2223972">
        <ele>153</ele>
      </trkpt>
      <trkpt lat="54.6918659" lon="25.2224376">
        <ele>153</ele>
      </trkpt>
      <trkpt lat="54.6918641" lon="25.2224751">
        <ele>153</ele>
      </trkpt>
      <trkpt lat="54.6918624" lon="25.2225127">
        <ele>153</ele>
      </trkpt>
      <trkpt lat="54.6918645" lon="25.2225452">
        <ele>153</ele>
      </trkpt>
      <trkpt lat="54.6918666" lon="25.2225778">
        <ele>153</ele>
      </trkpt>
      <trkpt lat="54.6918771" lon="25.2226021">
        <ele>153</ele>
      </trkpt>
      <trkpt lat="54.6918876" lon="25.2226265">
        <ele>153</ele>
      </trkpt>
      <trkpt lat="54.6919062" lon="25.2226423">
        <ele>153</ele>
      </trkpt>
      <trkpt lat="54.6919249" lon="25.2226581">
        <ele>153</ele>
      </trkpt>
      <trkpt lat="54.6919479" lon="25.2226691">
        <ele>153</ele>
      </trkpt>
      <trkpt lat="54.691971" lon="25.2226801">
        <ele>152</ele>
      </trkpt>
      <trkpt lat="54.6919953" lon="25.2226884">
        <ele>152</ele>
      </trkpt>
      <trkpt lat="54.6920197" lon="25.2226967">
        <ele>152</ele>
      </trkpt>
      <trkpt lat="54.6920443" lon="25.2227051">
        <ele>152</ele>
      </trkpt>
      <trkpt lat="54.6920689" lon="25.2227136">
        <ele>152</ele>
      </trkpt>
      <trkpt lat="54.6920946" lon="25.2227225">
        <ele>152</ele>
      </trkpt>
      <trkpt lat="54.6921203" lon="25.2227314">
        <ele>152</ele>
      </trkpt>
      <trkpt lat="54.6921462" lon="25.22274">
        <ele>152</ele>
      </trkpt>
      <trkpt lat="54.6921721" lon="25.2227486">
        <ele>152</ele>
      </trkpt>
      <trkpt lat="54.6921975" lon="25.2227541">
        <ele>153</ele>
      </trkpt>
      <trkpt lat="54.6922229" lon="25.2227597">
        <ele>153</ele>
      </trkpt>
      <trkpt lat="54.692248" lon="25.2227617">
        <ele>153</ele>
      </trkpt>
      <trkpt lat="54.6922732" lon="25.2227638">
        <ele>153</ele>
      </trkpt>
      <trkpt lat="54.6922987" lon="25.2227633">
        <ele>153</ele>
      </trkpt>
      <trkpt lat="54.6923242" lon="25.2227629">
        <ele>153</ele>
      </trkpt>
      <trkpt lat="54.6923503" lon="25.2227609">
        <ele>153</ele>
      </trkpt>
      <trkpt lat="54.6923765" lon="25.222759">
        <ele>153</ele>
      </trkpt>
      <trkpt lat="54.6924024" lon="25.2227568">
        <ele>153</ele>
      </trkpt>
      <trkpt lat="54.6924283" lon="25.2227546">
        <ele>153</ele>
      </trkpt>
      <trkpt lat="54.6924545" lon="25.2227495">
        <ele>153</ele>
      </trkpt>
      <trkpt lat="54.6924807" lon="25.2227444">
        <ele>153</ele>
      </trkpt>
      <trkpt lat="54.6925058" lon="25.2227386">
        <ele>153</ele>
      </trkpt>
      <trkpt lat="54.692531" lon="25.2227329">
        <ele>153</ele>
      </trkpt>
      <trkpt lat="54.6925546" lon="25.222728">
        <ele>153</ele>
      </trkpt>
      <trkpt lat="54.6925782" lon="25.2227232">
        <ele>153</ele>
      </trkpt>
      <trkpt lat="54.692601" lon="25.222722">
        <ele>153</ele>
      </trkpt>
      <trkpt lat="54.6926239" lon="25.2227208">
        <ele>153</ele>
      </trkpt>
      <trkpt lat="54.6926469" lon="25.2227253">
        <ele>153</ele>
      </trkpt>
      <trkpt lat="54.69267" lon="25.2227298">
        <ele>153</ele>
      </trkpt>
      <trkpt lat="54.6926931" lon="25.2227385">
        <ele>153</ele>
      </trkpt>
      <trkpt lat="54.6927163" lon="25.2227473">
        <ele>153</ele>
      </trkpt>
      <trkpt lat="54.6927375" lon="25.2227588">
        <ele>153</ele>
      </trkpt>
      <trkpt lat="54.6927587" lon="25.2227703">
        <ele>153</ele>
      </trkpt>
      <trkpt lat="54.6927778" lon="25.2227833">
        <ele>153</ele>
      </trkpt>
      <trkpt lat="54.6927969" lon="25.2227963">
        <ele>153</ele>
      </trkpt>
      <trkpt lat="54.6928177" lon="25.2228099">
        <ele>153</ele>
      </trkpt>
      <trkpt lat="54.6928386" lon="25.2228235">
        <ele>153</ele>
      </trkpt>
      <trkpt lat="54.6928605" lon="25.2228362">
        <ele>153</ele>
      </trkpt>
      <trkpt lat="54.6928825" lon="25.2228489">
        <ele>153</ele>
      </trkpt>
      <trkpt lat="54.6929039" lon="25.2228623">
        <ele>154</ele>
      </trkpt>
      <trkpt lat="54.6929254" lon="25.2228757">
        <ele>153</ele>
      </trkpt>
      <trkpt lat="54.6929478" lon="25.2228905">
        <ele>153</ele>
      </trkpt>
      <trkpt lat="54.6929702" lon="25.2229053">
        <ele>153</ele>
      </trkpt>
      <trkpt lat="54.692993" lon="25.2229221">
        <ele>153</ele>
      </trkpt>
      <trkpt lat="54.6930158" lon="25.2229389">
        <ele>153</ele>
      </trkpt>
      <trkpt lat="54.6930329" lon="25.2229662">
        <ele>153</ele>
      </trkpt>
      <trkpt lat="54.69305" lon="25.2229935">
        <ele>153</ele>
      </trkpt>
      <trkpt lat="54.6930613" lon="25.2230319">
        <ele>153</ele>
      </trkpt>
      <trkpt lat="54.6930726" lon="25.2230704">
        <ele>153</ele>
      </trkpt>
      <trkpt lat="54.6930789" lon="25.2231159">
        <ele>153</ele>
      </trkpt>
      <trkpt lat="54.6930853" lon="25.2231614">
        <ele>153</ele>
      </trkpt>
      <trkpt lat="54.6930937" lon="25.223209">
        <ele>153</ele>
      </trkpt>
      <trkpt lat="54.6931021" lon="25.2232566">
        <ele>153</ele>
      </trkpt>
      <trkpt lat="54.6931118" lon="25.2233063">
        <ele>153</ele>
      </trkpt>
      <trkpt lat="54.6931216" lon="25.223356">
        <ele>153</ele>
      </trkpt>
      <trkpt lat="54.693136" lon="25.223406">
        <ele>153</ele>
      </trkpt>
      <trkpt lat="54.6931505" lon="25.2234561">
        <ele>153</ele>
      </trkpt>
      <trkpt lat="54.6931641" lon="25.2235043">
        <ele>153</ele>
      </trkpt>
      <trkpt lat="54.6931778" lon="25.2235526">
        <ele>153</ele>
      </trkpt>
      <trkpt lat="54.693191" lon="25.2235982">
        <ele>153</ele>
      </trkpt>
      <trkpt lat="54.6932043" lon="25.2236438">
        <ele>153</ele>
      </trkpt>
      <trkpt lat="54.6932171" lon="25.2236825">
        <ele>153</ele>
      </trkpt>
      <trkpt lat="54.69323" lon="25.2237213">
        <ele>153</ele>
      </trkpt>
      <trkpt lat="54.6932446" lon="25.2237552">
        <ele>153</ele>
      </trkpt>
      <trkpt lat="54.6932593" lon="25.2237892">
        <ele>153</ele>
      </trkpt>
      <trkpt lat="54.693274" lon="25.223818">
        <ele>153</ele>
      </trkpt>
      <trkpt lat="54.6932887" lon="25.2238468">
        <ele>153</ele>
      </trkpt>
      <trkpt lat="54.6933019" lon="25.2238752">
        <ele>153</ele>
      </trkpt>
      <trkpt lat="54.6933151" lon="25.2239037">
        <ele>153</ele>
      </trkpt>
      <trkpt lat="54.6933262" lon="25.2239323">
        <ele>153</ele>
      </trkpt>
      <trkpt lat="54.6933374" lon="25.2239609">
        <ele>153</ele>
      </trkpt>
      <trkpt lat="54.6933486" lon="25.2239897">
        <ele>153</ele>
      </trkpt>
      <trkpt lat="54.6933599" lon="25.2240185">
        <ele>153</ele>
      </trkpt>
      <trkpt lat="54.6933733" lon="25.2240516">
        <ele>153</ele>
      </trkpt>
      <trkpt lat="54.6933867" lon="25.2240847">
        <ele>153</ele>
      </trkpt>
      <trkpt lat="54.6934018" lon="25.2241309">
        <ele>152</ele>
      </trkpt>
      <trkpt lat="54.693417" lon="25.2241772">
        <ele>152</ele>
      </trkpt>
      <trkpt lat="54.6934315" lon="25.224231">
        <ele>152</ele>
      </trkpt>
      <trkpt lat="54.693446" lon="25.2242848">
        <ele>152</ele>
      </trkpt>
      <trkpt lat="54.6934547" lon="25.224338">
        <ele>152</ele>
      </trkpt>
      <trkpt lat="54.6934635" lon="25.2243913">
        <ele>152</ele>
      </trkpt>
      <trkpt lat="54.6934666" lon="25.2244409">
        <ele>152</ele>
      </trkpt>
      <trkpt lat="54.6934698" lon="25.2244905">
        <ele>152</ele>
      </trkpt>
      <trkpt lat="54.6934696" lon="25.2245406">
        <ele>152</ele>
      </trkpt>
      <trkpt lat="54.6934694" lon="25.2245908">
        <ele>152</ele>
      </trkpt>
      <trkpt lat="54.6934714" lon="25.2246394">
        <ele>152</ele>
      </trkpt>
      <trkpt lat="54.6934734" lon="25.224688">
        <ele>152</ele>
      </trkpt>
      <trkpt lat="54.6934781" lon="25.2247337">
        <ele>152</ele>
      </trkpt>
      <trkpt lat="54.6934829" lon="25.2247795">
        <ele>152</ele>
      </trkpt>
      <trkpt lat="54.6934891" lon="25.2248231">
        <ele>152</ele>
      </trkpt>
      <trkpt lat="54.6934954" lon="25.2248668">
        <ele>152</ele>
      </trkpt>
      <trkpt lat="54.6935048" lon="25.2249123">
        <ele>152</ele>
      </trkpt>
      <trkpt lat="54.6935143" lon="25.2249578">
        <ele>152</ele>
      </trkpt>
      <trkpt lat="54.6935251" lon="25.2250017">
        <ele>152</ele>
      </trkpt>
      <trkpt lat="54.693536" lon="25.2250457">
        <ele>152</ele>
      </trkpt>
      <trkpt lat="54.6935468" lon="25.2250857">
        <ele>152</ele>
      </trkpt>
      <trkpt lat="54.6935576" lon="25.2251258">
        <ele>152</ele>
      </trkpt>
      <trkpt lat="54.6935661" lon="25.2251621">
        <ele>152</ele>
      </trkpt>
      <trkpt lat="54.6935747" lon="25.2251985">
        <ele>152</ele>
      </trkpt>
      <trkpt lat="54.6935826" lon="25.2252354">
        <ele>152</ele>
      </trkpt>
      <trkpt lat="54.6935905" lon="25.2252723">
        <ele>152</ele>
      </trkpt>
      <trkpt lat="54.6936003" lon="25.2253113">
        <ele>152</ele>
      </trkpt>
      <trkpt lat="54.6936102" lon="25.2253503">
        <ele>152</ele>
      </trkpt>
      <trkpt lat="54.693622" lon="25.2253912">
        <ele>152</ele>
      </trkpt>
      <trkpt lat="54.6936339" lon="25.2254321">
        <ele>153</ele>
      </trkpt>
      <trkpt lat="54.6936435" lon="25.2254757">
        <ele>152</ele>
      </trkpt>
      <trkpt lat="54.6936531" lon="25.2255193">
        <ele>152</ele>
      </trkpt>
      <trkpt lat="54.6936584" lon="25.2255649">
        <ele>152</ele>
      </trkpt>
      <trkpt lat="54.6936638" lon="25.2256105">
        <ele>152</ele>
      </trkpt>
      <trkpt lat="54.693662" lon="25.2256583">
        <ele>152</ele>
      </trkpt>
      <trkpt lat="54.6936603" lon="25.2257062">
        <ele>152</ele>
      </trkpt>
      <trkpt lat="54.6936491" lon="25.2257544">
        <ele>152</ele>
      </trkpt>
      <trkpt lat="54.693638" lon="25.2258027">
        <ele>152</ele>
      </trkpt>
      <trkpt lat="54.6936149" lon="25.2258466">
        <ele>152</ele>
      </trkpt>
      <trkpt lat="54.6935918" lon="25.2258905">
        <ele>152</ele>
      </trkpt>
      <trkpt lat="54.6935623" lon="25.2259234">
        <ele>152</ele>
      </trkpt>
      <trkpt lat="54.6935329" lon="25.2259563">
        <ele>152</ele>
      </trkpt>
      <trkpt lat="54.693506" lon="25.225979">
        <ele>152</ele>
      </trkpt>
      <trkpt lat="54.6934791" lon="25.2260017">
        <ele>152</ele>
      </trkpt>
      <trkpt lat="54.6934549" lon="25.2260228">
        <ele>153</ele>
      </trkpt>
      <trkpt lat="54.6934308" lon="25.226044">
        <ele>153</ele>
      </trkpt>
      <trkpt lat="54.6934112" lon="25.2260689">
        <ele>153</ele>
      </trkpt>
      <trkpt lat="54.6933916" lon="25.2260939">
        <ele>153</ele>
      </trkpt>
      <trkpt lat="54.6933801" lon="25.2261244">
        <ele>153</ele>
      </trkpt>
      <trkpt lat="54.6933687" lon="25.226155">
        <ele>153</ele>
      </trkpt>
      <trkpt lat="54.6933615" lon="25.226189">
        <ele>153</ele>
      </trkpt>
      <trkpt lat="54.6933543" lon="25.226223">
        <ele>153</ele>
      </trkpt>
      <trkpt lat="54.6933482" lon="25.2262595">
        <ele>153</ele>
      </trkpt>
      <trkpt lat="54.6933421" lon="25.226296">
        <ele>153</ele>
      </trkpt>
      <trkpt lat="54.6933358" lon="25.2263354">
        <ele>154</ele>
      </trkpt>
      <trkpt lat="54.6933295" lon="25.2263748">
        <ele>154</ele>
      </trkpt>
      <trkpt lat="54.6933232" lon="25.2264169">
        <ele>154</ele>
      </trkpt>
      <trkpt lat="54.693317" lon="25.226459">
        <ele>154</ele>
      </trkpt>
      <trkpt lat="54.6933141" lon="25.2264999">
        <ele>154</ele>
      </trkpt>
      <trkpt lat="54.6933113" lon="25.2265409">
        <ele>154</ele>
      </trkpt>
      <trkpt lat="54.6933129" lon="25.2265778">
        <ele>154</ele>
      </trkpt>
      <trkpt lat="54.6933146" lon="25.2266147">
        <ele>154</ele>
      </trkpt>
      <trkpt lat="54.693316" lon="25.2266542">
        <ele>154</ele>
      </trkpt>
      <trkpt lat="54.6933174" lon="25.2266938">
        <ele>154</ele>
      </trkpt>
      <trkpt lat="54.6933185" lon="25.2267379">
        <ele>154</ele>
      </trkpt>
      <trkpt lat="54.6933196" lon="25.2267821">
        <ele>154</ele>
      </trkpt>
      <trkpt lat="54.693321" lon="25.2268273">
        <ele>154</ele>
      </trkpt>
      <trkpt lat="54.6933225" lon="25.2268726">
        <ele>154</ele>
      </trkpt>
      <trkpt lat="54.6933238" lon="25.2269185">
        <ele>154</ele>
      </trkpt>
      <trkpt lat="54.6933251" lon="25.2269645">
        <ele>154</ele>
      </trkpt>
      <trkpt lat="54.6933267" lon="25.2270096">
        <ele>154</ele>
      </trkpt>
      <trkpt lat="54.6933284" lon="25.2270547">
        <ele>154</ele>
      </trkpt>
      <trkpt lat="54.6933279" lon="25.2270996">
        <ele>154</ele>
      </trkpt>
      <trkpt lat="54.6933274" lon="25.2271446">
        <ele>154</ele>
      </trkpt>
      <trkpt lat="54.6933243" lon="25.2271897">
        <ele>154</ele>
      </trkpt>
      <trkpt lat="54.6933212" lon="25.2272348">
        <ele>154</ele>
      </trkpt>
      <trkpt lat="54.6933182" lon="25.2272797">
        <ele>154</ele>
      </trkpt>
      <trkpt lat="54.6933153" lon="25.2273246">
        <ele>154</ele>
      </trkpt>
      <trkpt lat="54.6933118" lon="25.2273665">
        <ele>154</ele>
      </trkpt>
      <trkpt lat="54.6933084" lon="25.2274085">
        <ele>155</ele>
      </trkpt>
      <trkpt lat="54.6933093" lon="25.2274449">
        <ele>155</ele>
      </trkpt>
      <trkpt lat="54.6933103" lon="25.2274814">
        <ele>155</ele>
      </trkpt>
      <trkpt lat="54.6933198" lon="25.2275144">
        <ele>155</ele>
      </trkpt>
      <trkpt lat="54.6933294" lon="25.2275474">
        <ele>155</ele>
      </trkpt>
      <trkpt lat="54.6933404" lon="25.2275849">
        <ele>156</ele>
      </trkpt>
      <trkpt lat="54.6933515" lon="25.2276224">
        <ele>156</ele>
      </trkpt>
      <trkpt lat="54.6933646" lon="25.2276623">
        <ele>156</ele>
      </trkpt>
      <trkpt lat="54.6933777" lon="25.2277023">
        <ele>156</ele>
      </trkpt>
      <trkpt lat="54.6933934" lon="25.2277412">
        <ele>156</ele>
      </trkpt>
      <trkpt lat="54.6934091" lon="25.2277801">
        <ele>156</ele>
      </trkpt>
      <trkpt lat="54.6934255" lon="25.2278176">
        <ele>156</ele>
      </trkpt>
      <trkpt lat="54.693442" lon="25.2278552">
        <ele>156</ele>
      </trkpt>
      <trkpt lat="54.6934601" lon="25.2278914">
        <ele>156</ele>
      </trkpt>
      <trkpt lat="54.6934783" lon="25.2279277">
        <ele>156</ele>
      </trkpt>
      <trkpt lat="54.6934969" lon="25.2279614">
        <ele>156</ele>
      </trkpt>
      <trkpt lat="54.6935156" lon="25.2279952">
        <ele>156</ele>
      </trkpt>
      <trkpt lat="54.6935353" lon="25.2280284">
        <ele>156</ele>
      </trkpt>
      <trkpt lat="54.693555" lon="25.2280617">
        <ele>156</ele>
      </trkpt>
      <trkpt lat="54.6935722" lon="25.2280957">
        <ele>156</ele>
      </trkpt>
      <trkpt lat="54.6935895" lon="25.2281297">
        <ele>156</ele>
      </trkpt>
      <trkpt lat="54.6936047" lon="25.228165">
        <ele>156</ele>
      </trkpt>
      <trkpt lat="54.69362" lon="25.2282003">
        <ele>156</ele>
      </trkpt>
      <trkpt lat="54.6936355" lon="25.2282337">
        <ele>156</ele>
      </trkpt>
      <trkpt lat="54.693651" lon="25.2282671">
        <ele>156</ele>
      </trkpt>
      <trkpt lat="54.6936664" lon="25.2282997">
        <ele>156</ele>
      </trkpt>
      <trkpt lat="54.6936818" lon="25.2283324">
        <ele>156</ele>
      </trkpt>
      <trkpt lat="54.6936961" lon="25.228365">
        <ele>156</ele>
      </trkpt>
      <trkpt lat="54.6937104" lon="25.2283976">
        <ele>156</ele>
      </trkpt>
      <trkpt lat="54.6937214" lon="25.2284313">
        <ele>156</ele>
      </trkpt>
      <trkpt lat="54.6937325" lon="25.2284651">
        <ele>156</ele>
      </trkpt>
      <trkpt lat="54.6937392" lon="25.2285031">
        <ele>156</ele>
      </trkpt>
      <trkpt lat="54.6937459" lon="25.2285411">
        <ele>156</ele>
      </trkpt>
      <trkpt lat="54.6937508" lon="25.2285841">
        <ele>156</ele>
      </trkpt>
      <trkpt lat="54.6937557" lon="25.2286271">
        <ele>156</ele>
      </trkpt>
      <trkpt lat="54.6937597" lon="25.2286744">
        <ele>156</ele>
      </trkpt>
      <trkpt lat="54.6937638" lon="25.2287217">
        <ele>156</ele>
      </trkpt>
      <trkpt lat="54.693769" lon="25.2287706">
        <ele>156</ele>
      </trkpt>
      <trkpt lat="54.6937742" lon="25.2288196">
        <ele>156</ele>
      </trkpt>
      <trkpt lat="54.6937793" lon="25.2288683">
        <ele>156</ele>
      </trkpt>
      <trkpt lat="54.6937845" lon="25.2289171">
        <ele>156</ele>
      </trkpt>
      <trkpt lat="54.6937881" lon="25.2289655">
        <ele>156</ele>
      </trkpt>
      <trkpt lat="54.6937918" lon="25.2290139">
        <ele>156</ele>
      </trkpt>
      <trkpt lat="54.6937953" lon="25.2290633">
        <ele>156</ele>
      </trkpt>
      <trkpt lat="54.6937989" lon="25.2291127">
        <ele>156</ele>
      </trkpt>
      <trkpt lat="54.693802" lon="25.2291616">
        <ele>156</ele>
      </trkpt>
      <trkpt lat="54.6938052" lon="25.2292106">
        <ele>156</ele>
      </trkpt>
      <trkpt lat="54.693812" lon="25.2292581">
        <ele>156</ele>
      </trkpt>
      <trkpt lat="54.6938189" lon="25.2293056">
        <ele>156</ele>
      </trkpt>
      <trkpt lat="54.6938299" lon="25.2293465">
        <ele>156</ele>
      </trkpt>
      <trkpt lat="54.693841" lon="25.2293875">
        <ele>156</ele>
      </trkpt>
      <trkpt lat="54.6938566" lon="25.2294208">
        <ele>156</ele>
      </trkpt>
      <trkpt lat="54.6938723" lon="25.2294541">
        <ele>156</ele>
      </trkpt>
      <trkpt lat="54.6938943" lon="25.22948">
        <ele>156</ele>
      </trkpt>
      <trkpt lat="54.6939164" lon="25.2295059">
        <ele>156</ele>
      </trkpt>
      <trkpt lat="54.6939409" lon="25.2295202">
        <ele>156</ele>
      </trkpt>
      <trkpt lat="54.6939654" lon="25.2295345">
        <ele>156</ele>
      </trkpt>
      <trkpt lat="54.6939868" lon="25.2295422">
        <ele>156</ele>
      </trkpt>
      <trkpt lat="54.6940083" lon="25.2295499">
        <ele>156</ele>
      </trkpt>
      <trkpt lat="54.6940282" lon="25.2295451">
        <ele>156</ele>
      </trkpt>
      <trkpt lat="54.6940481" lon="25.2295403">
        <ele>156</ele>
      </trkpt>
      <trkpt lat="54.6940688" lon="25.229519">
        <ele>156</ele>
      </trkpt>
      <trkpt lat="54.6940895" lon="25.2294977">
        <ele>156</ele>
      </trkpt>
      <trkpt lat="54.6941101" lon="25.2294654">
        <ele>156</ele>
      </trkpt>
      <trkpt lat="54.6941307" lon="25.2294332">
        <ele>156</ele>
      </trkpt>
      <trkpt lat="54.6941514" lon="25.229398">
        <ele>156</ele>
      </trkpt>
      <trkpt lat="54.6941721" lon="25.2293628">
        <ele>156</ele>
      </trkpt>
      <trkpt lat="54.6941942" lon="25.2293337">
        <ele>156</ele>
      </trkpt>
      <trkpt lat="54.6942163" lon="25.2293046">
        <ele>156</ele>
      </trkpt>
      <trkpt lat="54.6942397" lon="25.2292839">
        <ele>156</ele>
      </trkpt>
      <trkpt lat="54.6942631" lon="25.2292633">
        <ele>156</ele>
      </trkpt>
      <trkpt lat="54.6942873" lon="25.2292494">
        <ele>156</ele>
      </trkpt>
      <trkpt lat="54.6943116" lon="25.2292356">
        <ele>156</ele>
      </trkpt>
      <trkpt lat="54.6943367" lon="25.2292276">
        <ele>156</ele>
      </trkpt>
      <trkpt lat="54.6943619" lon="25.2292196">
        <ele>156</ele>
      </trkpt>
      <trkpt lat="54.6943894" lon="25.2292179">
        <ele>156</ele>
      </trkpt>
      <trkpt lat="54.694417" lon="25.2292162">
        <ele>155</ele>
      </trkpt>
      <trkpt lat="54.6944456" lon="25.2292208">
        <ele>155</ele>
      </trkpt>
      <trkpt lat="54.6944742" lon="25.2292254">
        <ele>155</ele>
      </trkpt>
      <trkpt lat="54.694503" lon="25.2292352">
        <ele>155</ele>
      </trkpt>
      <trkpt lat="54.6945319" lon="25.229245">
        <ele>155</ele>
      </trkpt>
      <trkpt lat="54.6945602" lon="25.2292557">
        <ele>155</ele>
      </trkpt>
      <trkpt lat="54.6945886" lon="25.2292665">
        <ele>155</ele>
      </trkpt>
      <trkpt lat="54.6946175" lon="25.2292761">
        <ele>155</ele>
      </trkpt>
      <trkpt lat="54.6946464" lon="25.2292858">
        <ele>155</ele>
      </trkpt>
      <trkpt lat="54.6946749" lon="25.2292934">
        <ele>156</ele>
      </trkpt>
      <trkpt lat="54.6947034" lon="25.229301">
        <ele>156</ele>
      </trkpt>
      <trkpt lat="54.6947311" lon="25.2293032">
        <ele>156</ele>
      </trkpt>
      <trkpt lat="54.6947589" lon="25.2293054">
        <ele>156</ele>
      </trkpt>
      <trkpt lat="54.6947853" lon="25.2293017">
        <ele>156</ele>
      </trkpt>
      <trkpt lat="54.6948118" lon="25.2292981">
        <ele>156</ele>
      </trkpt>
      <trkpt lat="54.6948357" lon="25.2292868">
        <ele>155</ele>
      </trkpt>
      <trkpt lat="54.6948597" lon="25.2292755">
        <ele>155</ele>
      </trkpt>
      <trkpt lat="54.6948817" lon="25.2292568">
        <ele>155</ele>
      </trkpt>
      <trkpt lat="54.6949038" lon="25.2292382">
        <ele>155</ele>
      </trkpt>
      <trkpt lat="54.6949243" lon="25.2292125">
        <ele>155</ele>
      </trkpt>
      <trkpt lat="54.6949449" lon="25.2291868">
        <ele>155</ele>
      </trkpt>
      <trkpt lat="54.6949637" lon="25.2291546">
        <ele>155</ele>
      </trkpt>
      <trkpt lat="54.6949825" lon="25.2291225">
        <ele>155</ele>
      </trkpt>
      <trkpt lat="54.6949986" lon="25.2290853">
        <ele>155</ele>
      </trkpt>
      <trkpt lat="54.6950147" lon="25.2290481">
        <ele>156</ele>
      </trkpt>
      <trkpt lat="54.6950273" lon="25.2290072">
        <ele>156</ele>
      </trkpt>
      <trkpt lat="54.6950399" lon="25.2289664">
        <ele>156</ele>
      </trkpt>
      <trkpt lat="54.6950475" lon="25.2289246">
        <ele>156</ele>
      </trkpt>
      <trkpt lat="54.6950552" lon="25.2288828">
        <ele>156</ele>
      </trkpt>
      <trkpt lat="54.6950587" lon="25.2288416">
        <ele>157</ele>
      </trkpt>
      <trkpt lat="54.6950622" lon="25.2288005">
        <ele>157</ele>
      </trkpt>
      <trkpt lat="54.6950635" lon="25.2287602">
        <ele>157</ele>
      </trkpt>
      <trkpt lat="54.6950649" lon="25.2287199">
        <ele>157</ele>
      </trkpt>
      <trkpt lat="54.6950651" lon="25.2286787">
        <ele>157</ele>
      </trkpt>
      <trkpt lat="54.6950653" lon="25.2286375">
        <ele>157</ele>
      </trkpt>
      <trkpt lat="54.6950639" lon="25.2285945">
        <ele>157</ele>
      </trkpt>
      <trkpt lat="54.6950625" lon="25.2285516">
        <ele>157</ele>
      </trkpt>
      <trkpt lat="54.6950617" lon="25.2285091">
        <ele>157</ele>
      </trkpt>
      <trkpt lat="54.695061" lon="25.2284666">
        <ele>157</ele>
      </trkpt>
      <trkpt lat="54.6950639" lon="25.2284243">
        <ele>157</ele>
      </trkpt>
      <trkpt lat="54.6950668" lon="25.228382">
        <ele>157</ele>
      </trkpt>
      <trkpt lat="54.6950739" lon="25.2283411">
        <ele>157</ele>
      </trkpt>
      <trkpt lat="54.695081" lon="25.2283003">
        <ele>157</ele>
      </trkpt>
      <trkpt lat="54.6950925" lon="25.2282636">
        <ele>157</ele>
      </trkpt>
      <trkpt lat="54.695104" lon="25.2282269">
        <ele>157</ele>
      </trkpt>
      <trkpt lat="54.6951195" lon="25.2281956">
        <ele>156</ele>
      </trkpt>
      <trkpt lat="54.6951351" lon="25.2281643">
        <ele>156</ele>
      </trkpt>
      <trkpt lat="54.695153" lon="25.2281358">
        <ele>156</ele>
      </trkpt>
      <trkpt lat="54.6951709" lon="25.2281073">
        <ele>156</ele>
      </trkpt>
      <trkpt lat="54.6951887" lon="25.228077">
        <ele>156</ele>
      </trkpt>
      <trkpt lat="54.6952066" lon="25.2280467">
        <ele>156</ele>
      </trkpt>
      <trkpt lat="54.6952239" lon="25.2280136">
        <ele>156</ele>
      </trkpt>
      <trkpt lat="54.6952412" lon="25.2279805">
        <ele>156</ele>
      </trkpt>
      <trkpt lat="54.6952602" lon="25.2279523">
        <ele>156</ele>
      </trkpt>
      <trkpt lat="54.6952792" lon="25.2279241">
        <ele>156</ele>
      </trkpt>
      <trkpt lat="54.6952977" lon="25.227919">
        <ele>156</ele>
      </trkpt>
      <trkpt lat="54.6953162" lon="25.2279139">
        <ele>156</ele>
      </trkpt>
      <trkpt lat="54.695328" lon="25.2279391">
        <ele>156</ele>
      </trkpt>
      <trkpt lat="54.6953398" lon="25.2279644">
        <ele>156</ele>
      </trkpt>
      <trkpt lat="54.6953435" lon="25.22801">
        <ele>156</ele>
      </trkpt>
      <trkpt lat="54.6953473" lon="25.2280556">
        <ele>155</ele>
      </trkpt>
      <trkpt lat="54.6953464" lon="25.2281093">
        <ele>155</ele>
      </trkpt>
      <trkpt lat="54.6953456" lon="25.228163">
        <ele>155</ele>
      </trkpt>
      <trkpt lat="54.6953425" lon="25.2282194">
        <ele>155</ele>
      </trkpt>
      <trkpt lat="54.6953394" lon="25.2282759">
        <ele>155</ele>
      </trkpt>
      <trkpt lat="54.6953355" lon="25.2283323">
        <ele>154</ele>
      </trkpt>
      <trkpt lat="54.6953317" lon="25.2283888">
        <ele>154</ele>
      </trkpt>
      <trkpt lat="54.6953271" lon="25.2284439">
        <ele>153</ele>
      </trkpt>
      <trkpt lat="54.6953226" lon="25.2284991">
        <ele>153</ele>
      </trkpt>
      <trkpt lat="54.6953173" lon="25.2285578">
        <ele>153</ele>
      </trkpt>
      <trkpt lat="54.6953121" lon="25.2286165">
        <ele>152</ele>
      </trkpt>
      <trkpt lat="54.6953051" lon="25.2286739">
        <ele>151</ele>
      </trkpt>
      <trkpt lat="54.6952981" lon="25.2287313">
        <ele>151</ele>
      </trkpt>
      <trkpt lat="54.6952863" lon="25.2287841">
        <ele>150</ele>
      </trkpt>
      <trkpt lat="54.6952745" lon="25.2288369">
        <ele>150</ele>
      </trkpt>
      <trkpt lat="54.695259" lon="25.228887">
        <ele>149</ele>
      </trkpt>
      <trkpt lat="54.6952436" lon="25.2289372">
        <ele>149</ele>
      </trkpt>
      <trkpt lat="54.6952298" lon="25.2289909">
        <ele>149</ele>
      </trkpt>
      <trkpt lat="54.6952161" lon="25.2290446">
        <ele>149</ele>
      </trkpt>
      <trkpt lat="54.6952057" lon="25.2291033">
        <ele>149</ele>
      </trkpt>
      <trkpt lat="54.6951953" lon="25.2291621">
        <ele>148</ele>
      </trkpt>
      <trkpt lat="54.6951862" lon="25.2292202">
        <ele>147</ele>
      </trkpt>
      <trkpt lat="54.6951772" lon="25.2292784">
        <ele>146</ele>
      </trkpt>
      <trkpt lat="54.6951673" lon="25.2293385">
        <ele>145</ele>
      </trkpt>
      <trkpt lat="54.6951575" lon="25.2293987">
        <ele>145</ele>
      </trkpt>
      <trkpt lat="54.6951475" lon="25.2294625">
        <ele>144</ele>
      </trkpt>
      <trkpt lat="54.6951375" lon="25.2295264">
        <ele>143</ele>
      </trkpt>
      <trkpt lat="54.6951256" lon="25.2295948">
        <ele>143</ele>
      </trkpt>
      <trkpt lat="54.6951138" lon="25.2296632">
        <ele>142</ele>
      </trkpt>
      <trkpt lat="54.6951029" lon="25.2297327">
        <ele>142</ele>
      </trkpt>
      <trkpt lat="54.6950921" lon="25.2298022">
        <ele>141</ele>
      </trkpt>
      <trkpt lat="54.6950819" lon="25.2298703">
        <ele>140</ele>
      </trkpt>
      <trkpt lat="54.6950717" lon="25.2299385">
        <ele>140</ele>
      </trkpt>
      <trkpt lat="54.6950627" lon="25.2300045">
        <ele>139</ele>
      </trkpt>
      <trkpt lat="54.6950538" lon="25.2300706">
        <ele>139</ele>
      </trkpt>
      <trkpt lat="54.6950469" lon="25.2301346">
        <ele>138</ele>
      </trkpt>
      <trkpt lat="54.69504" lon="25.2301987">
        <ele>137</ele>
      </trkpt>
      <trkpt lat="54.6950337" lon="25.2302631">
        <ele>137</ele>
      </trkpt>
      <trkpt lat="54.6950274" lon="25.2303275">
        <ele>136</ele>
      </trkpt>
      <trkpt lat="54.6950195" lon="25.2303926">
        <ele>136</ele>
      </trkpt>
      <trkpt lat="54.6950117" lon="25.2304578">
        <ele>135</ele>
      </trkpt>
      <trkpt lat="54.695003" lon="25.2305224">
        <ele>134</ele>
      </trkpt>
      <trkpt lat="54.6949944" lon="25.2305871">
        <ele>134</ele>
      </trkpt>
      <trkpt lat="54.6949872" lon="25.2306537">
        <ele>133</ele>
      </trkpt>
      <trkpt lat="54.6949801" lon="25.2307203">
        <ele>133</ele>
      </trkpt>
      <trkpt lat="54.6949727" lon="25.2307892">
        <ele>132</ele>
      </trkpt>
      <trkpt lat="54.6949653" lon="25.2308581">
        <ele>131</ele>
      </trkpt>
      <trkpt lat="54.6949516" lon="25.2309274">
        <ele>131</ele>
      </trkpt>
      <trkpt lat="54.694938" lon="25.2309967">
        <ele>130</ele>
      </trkpt>
      <trkpt lat="54.6949208" lon="25.2310675">
        <ele>130</ele>
      </trkpt>
      <trkpt lat="54.6949036" lon="25.2311384">
        <ele>129</ele>
      </trkpt>
      <trkpt lat="54.6948885" lon="25.2312077">
        <ele>128</ele>
      </trkpt>
      <trkpt lat="54.6948734" lon="25.2312771">
        <ele>128</ele>
      </trkpt>
      <trkpt lat="54.6948611" lon="25.2313457">
        <ele>127</ele>
      </trkpt>
      <trkpt lat="54.6948488" lon="25.2314143">
        <ele>127</ele>
      </trkpt>
      <trkpt lat="54.6948363" lon="25.2314829">
        <ele>126</ele>
      </trkpt>
      <trkpt lat="54.6948238" lon="25.2315516">
        <ele>126</ele>
      </trkpt>
      <trkpt lat="54.6948118" lon="25.2316212">
        <ele>125</ele>
      </trkpt>
      <trkpt lat="54.6947998" lon="25.2316909">
        <ele>125</ele>
      </trkpt>
      <trkpt lat="54.6947928" lon="25.2317623">
        <ele>125</ele>
      </trkpt>
      <trkpt lat="54.6947859" lon="25.2318338">
        <ele>124</ele>
      </trkpt>
      <trkpt lat="54.6947819" lon="25.2319069">
        <ele>123</ele>
      </trkpt>
      <trkpt lat="54.6947779" lon="25.2319801">
        <ele>123</ele>
      </trkpt>
      <trkpt lat="54.6947758" lon="25.2320535">
        <ele>122</ele>
      </trkpt>
      <trkpt lat="54.6947738" lon="25.2321269">
        <ele>122</ele>
      </trkpt>
      <trkpt lat="54.6947729" lon="25.2321978">
        <ele>121</ele>
      </trkpt>
      <trkpt lat="54.6947721" lon="25.2322688">
        <ele>121</ele>
      </trkpt>
      <trkpt lat="54.6947759" lon="25.2323407">
        <ele>120</ele>
      </trkpt>
      <trkpt lat="54.6947797" lon="25.2324126">
        <ele>120</ele>
      </trkpt>
      <trkpt lat="54.694785" lon="25.2324845">
        <ele>120</ele>
      </trkpt>
      <trkpt lat="54.6947903" lon="25.2325565">
        <ele>119</ele>
      </trkpt>
      <trkpt lat="54.6947976" lon="25.2326253">
        <ele>119</ele>
      </trkpt>
      <trkpt lat="54.6948049" lon="25.2326941">
        <ele>118</ele>
      </trkpt>
      <trkpt lat="54.6948079" lon="25.2327604">
        <ele>118</ele>
      </trkpt>
      <trkpt lat="54.694811" lon="25.2328267">
        <ele>118</ele>
      </trkpt>
      <trkpt lat="54.6948014" lon="25.2328911">
        <ele>117</ele>
      </trkpt>
      <trkpt lat="54.6947919" lon="25.2329556">
        <ele>117</ele>
      </trkpt>
      <trkpt lat="54.6947723" lon="25.2330159">
        <ele>116</ele>
      </trkpt>
      <trkpt lat="54.6947527" lon="25.2330763">
        <ele>116</ele>
      </trkpt>
      <trkpt lat="54.6947285" lon="25.2331339">
        <ele>116</ele>
      </trkpt>
      <trkpt lat="54.6947044" lon="25.2331915">
        <ele>115</ele>
      </trkpt>
      <trkpt lat="54.6946844" lon="25.2332478">
        <ele>115</ele>
      </trkpt>
      <trkpt lat="54.6946644" lon="25.2333041">
        <ele>114</ele>
      </trkpt>
      <trkpt lat="54.6946532" lon="25.2333545">
        <ele>114</ele>
      </trkpt>
      <trkpt lat="54.694642" lon="25.2334049">
        <ele>114</ele>
      </trkpt>
      <trkpt lat="54.6946402" lon="25.2334523">
        <ele>113</ele>
      </trkpt>
      <trkpt lat="54.6946385" lon="25.2334998">
        <ele>113</ele>
      </trkpt>
      <trkpt lat="54.694634" lon="25.2335448">
        <ele>113</ele>
      </trkpt>
      <trkpt lat="54.6946295" lon="25.2335898">
        <ele>113</ele>
      </trkpt>
      <trkpt lat="54.6946168" lon="25.2336292">
        <ele>113</ele>
      </trkpt>
      <trkpt lat="54.6946042" lon="25.2336686">
        <ele>112</ele>
      </trkpt>
      <trkpt lat="54.6945844" lon="25.2337061">
        <ele>112</ele>
      </trkpt>
      <trkpt lat="54.6945647" lon="25.2337437">
        <ele>112</ele>
      </trkpt>
      <trkpt lat="54.6945418" lon="25.2337835">
        <ele>112</ele>
      </trkpt>
      <trkpt lat="54.6945189" lon="25.2338234">
        <ele>112</ele>
      </trkpt>
      <trkpt lat="54.6944995" lon="25.2338663">
        <ele>111</ele>
      </trkpt>
      <trkpt lat="54.6944802" lon="25.2339093">
        <ele>111</ele>
      </trkpt>
      <trkpt lat="54.6944607" lon="25.2339526">
        <ele>111</ele>
      </trkpt>
      <trkpt lat="54.6944412" lon="25.2339959">
        <ele>111</ele>
      </trkpt>
      <trkpt lat="54.6944191" lon="25.2340455">
        <ele>111</ele>
      </trkpt>
      <trkpt lat="54.694397" lon="25.2340951">
        <ele>110</ele>
      </trkpt>
      <trkpt lat="54.6943711" lon="25.234146">
        <ele>110</ele>
      </trkpt>
      <trkpt lat="54.6943453" lon="25.234197">
        <ele>110</ele>
      </trkpt>
      <trkpt lat="54.694319" lon="25.2342323">
        <ele>110</ele>
      </trkpt>
      <trkpt lat="54.6942928" lon="25.2342676">
        <ele>110</ele>
      </trkpt>
      <trkpt lat="54.6942678" lon="25.2342836">
        <ele>110</ele>
      </trkpt>
      <trkpt lat="54.6942429" lon="25.2342996">
        <ele>110</ele>
      </trkpt>
      <trkpt lat="54.6942221" lon="25.2343057">
        <ele>110</ele>
      </trkpt>
      <trkpt lat="54.6942013" lon="25.2343119">
        <ele>110</ele>
      </trkpt>
      <trkpt lat="54.6941858" lon="25.2343224">
        <ele>110</ele>
      </trkpt>
      <trkpt lat="54.6941704" lon="25.2343329">
        <ele>110</ele>
      </trkpt>
      <trkpt lat="54.6941587" lon="25.2343509">
        <ele>110</ele>
      </trkpt>
      <trkpt lat="54.694147" lon="25.2343689">
        <ele>110</ele>
      </trkpt>
      <trkpt lat="54.6941369" lon="25.2343941">
        <ele>110</ele>
      </trkpt>
      <trkpt lat="54.6941269" lon="25.2344193">
        <ele>110</ele>
      </trkpt>
      <trkpt lat="54.6941148" lon="25.2344474">
        <ele>110</ele>
      </trkpt>
      <trkpt lat="54.6941028" lon="25.2344755">
        <ele>110</ele>
      </trkpt>
      <trkpt lat="54.6940862" lon="25.2345036">
        <ele>110</ele>
      </trkpt>
      <trkpt lat="54.6940696" lon="25.2345318">
        <ele>110</ele>
      </trkpt>
      <trkpt lat="54.6940478" lon="25.2345567">
        <ele>110</ele>
      </trkpt>
      <trkpt lat="54.6940261" lon="25.2345816">
        <ele>109</ele>
      </trkpt>
      <trkpt lat="54.6940009" lon="25.2345956">
        <ele>109</ele>
      </trkpt>
      <trkpt lat="54.6939758" lon="25.2346097">
        <ele>109</ele>
      </trkpt>
      <trkpt lat="54.6939554" lon="25.2346217">
        <ele>109</ele>
      </trkpt>
      <trkpt lat="54.6939351" lon="25.2346337">
        <ele>109</ele>
      </trkpt>
      <trkpt lat="54.6939171" lon="25.2346548">
        <ele>108</ele>
      </trkpt>
      <trkpt lat="54.6938992" lon="25.234676">
        <ele>108</ele>
      </trkpt>
      <trkpt lat="54.6938807" lon="25.2347036">
        <ele>108</ele>
      </trkpt>
      <trkpt lat="54.6938623" lon="25.2347312">
        <ele>108</ele>
      </trkpt>
      <trkpt lat="54.6938425" lon="25.2347572">
        <ele>108</ele>
      </trkpt>
      <trkpt lat="54.6938227" lon="25.2347832">
        <ele>108</ele>
      </trkpt>
      <trkpt lat="54.6938007" lon="25.2348023">
        <ele>108</ele>
      </trkpt>
      <trkpt lat="54.6937787" lon="25.2348215">
        <ele>108</ele>
      </trkpt>
      <trkpt lat="54.693755" lon="25.2348317">
        <ele>108</ele>
      </trkpt>
      <trkpt lat="54.6937314" lon="25.2348419">
        <ele>108</ele>
      </trkpt>
      <trkpt lat="54.6937055" lon="25.2348446">
        <ele>108</ele>
      </trkpt>
      <trkpt lat="54.6936797" lon="25.2348473">
        <ele>108</ele>
      </trkpt>
      <trkpt lat="54.6936548" lon="25.2348463">
        <ele>108</ele>
      </trkpt>
      <trkpt lat="54.6936299" lon="25.2348453">
        <ele>108</ele>
      </trkpt>
      <trkpt lat="54.6936059" lon="25.2348439">
        <ele>108</ele>
      </trkpt>
      <trkpt lat="54.693582" lon="25.2348426">
        <ele>108</ele>
      </trkpt>
      <trkpt lat="54.6935563" lon="25.2348421">
        <ele>108</ele>
      </trkpt>
      <trkpt lat="54.6935307" lon="25.2348416">
        <ele>108</ele>
      </trkpt>
      <trkpt lat="54.6935031" lon="25.2348414">
        <ele>108</ele>
      </trkpt>
      <trkpt lat="54.6934755" lon="25.2348412">
        <ele>109</ele>
      </trkpt>
      <trkpt lat="54.6934485" lon="25.2348408">
        <ele>108</ele>
      </trkpt>
      <trkpt lat="54.6934216" lon="25.2348405">
        <ele>108</ele>
      </trkpt>
      <trkpt lat="54.6933954" lon="25.2348376">
        <ele>108</ele>
      </trkpt>
      <trkpt lat="54.6933693" lon="25.2348347">
        <ele>108</ele>
      </trkpt>
      <trkpt lat="54.6933431" lon="25.2348254">
        <ele>108</ele>
      </trkpt>
      <trkpt lat="54.6933169" lon="25.2348161">
        <ele>107</ele>
      </trkpt>
      <trkpt lat="54.6932913" lon="25.2348017">
        <ele>107</ele>
      </trkpt>
      <trkpt lat="54.6932657" lon="25.2347873">
        <ele>107</ele>
      </trkpt>
      <trkpt lat="54.693241" lon="25.234763">
        <ele>107</ele>
      </trkpt>
      <trkpt lat="54.6932163" lon="25.2347388">
        <ele>107</ele>
      </trkpt>
      <trkpt lat="54.6931926" lon="25.2347098">
        <ele>107</ele>
      </trkpt>
      <trkpt lat="54.6931689" lon="25.2346808">
        <ele>107</ele>
      </trkpt>
      <trkpt lat="54.6931445" lon="25.2346598">
        <ele>107</ele>
      </trkpt>
      <trkpt lat="54.6931202" lon="25.2346388">
        <ele>107</ele>
      </trkpt>
      <trkpt lat="54.6930932" lon="25.2346278">
        <ele>108</ele>
      </trkpt>
      <trkpt lat="54.6930662" lon="25.2346168">
        <ele>108</ele>
      </trkpt>
      <trkpt lat="54.6930429" lon="25.2346049">
        <ele>108</ele>
      </trkpt>
      <trkpt lat="54.6930196" lon="25.234593">
        <ele>108</ele>
      </trkpt>
      <trkpt lat="54.6930003" lon="25.2345783">
        <ele>108</ele>
      </trkpt>
      <trkpt lat="54.692981" lon="25.2345637">
        <ele>108</ele>
      </trkpt>
      <trkpt lat="54.6929616" lon="25.2345518">
        <ele>108</ele>
      </trkpt>
      <trkpt lat="54.6929422" lon="25.23454">
        <ele>108</ele>
      </trkpt>
      <trkpt lat="54.6929205" lon="25.2345301">
        <ele>108</ele>
      </trkpt>
      <trkpt lat="54.6928988" lon="25.2345202">
        <ele>108</ele>
      </trkpt>
      <trkpt lat="54.6928742" lon="25.2345084">
        <ele>109</ele>
      </trkpt>
      <trkpt lat="54.6928496" lon="25.2344967">
        <ele>109</ele>
      </trkpt>
      <trkpt lat="54.6928257" lon="25.2344842">
        <ele>109</ele>
      </trkpt>
      <trkpt lat="54.6928018" lon="25.2344717">
        <ele>109</ele>
      </trkpt>
      <trkpt lat="54.69278" lon="25.2344618">
        <ele>109</ele>
      </trkpt>
      <trkpt lat="54.6927583" lon="25.234452">
        <ele>109</ele>
      </trkpt>
      <trkpt lat="54.6927408" lon="25.2344527">
        <ele>108</ele>
      </trkpt>
      <trkpt lat="54.6927234" lon="25.2344535">
        <ele>108</ele>
      </trkpt>
      <trkpt lat="54.6927132" lon="25.2344703">
        <ele>108</ele>
      </trkpt>
      <trkpt lat="54.692703" lon="25.2344872">
        <ele>108</ele>
      </trkpt>
      <trkpt lat="54.6926966" lon="25.2345163">
        <ele>108</ele>
      </trkpt>
      <trkpt lat="54.6926902" lon="25.2345454">
        <ele>107</ele>
      </trkpt>
      <trkpt lat="54.6926865" lon="25.2345833">
        <ele>107</ele>
      </trkpt>
      <trkpt lat="54.6926829" lon="25.2346213">
        <ele>107</ele>
      </trkpt>
      <trkpt lat="54.6926824" lon="25.2346638">
        <ele>107</ele>
      </trkpt>
      <trkpt lat="54.6926819" lon="25.2347064">
        <ele>107</ele>
      </trkpt>
      <trkpt lat="54.6926844" lon="25.2347511">
        <ele>106</ele>
      </trkpt>
      <trkpt lat="54.6926869" lon="25.2347958">
        <ele>106</ele>
      </trkpt>
      <trkpt lat="54.6926919" lon="25.2348422">
        <ele>106</ele>
      </trkpt>
      <trkpt lat="54.6926969" lon="25.2348887">
        <ele>106</ele>
      </trkpt>
      <trkpt lat="54.6927067" lon="25.2349332">
        <ele>106</ele>
      </trkpt>
      <trkpt lat="54.6927166" lon="25.2349778">
        <ele>105</ele>
      </trkpt>
      <trkpt lat="54.6927288" lon="25.2350196">
        <ele>105</ele>
      </trkpt>
      <trkpt lat="54.6927411" lon="25.2350614">
        <ele>104</ele>
      </trkpt>
      <trkpt lat="54.6927554" lon="25.2351014">
        <ele>104</ele>
      </trkpt>
      <trkpt lat="54.6927698" lon="25.2351414">
        <ele>104</ele>
      </trkpt>
      <trkpt lat="54.6927836" lon="25.2351851">
        <ele>103</ele>
      </trkpt>
      <trkpt lat="54.6927975" lon="25.2352288">
        <ele>103</ele>
      </trkpt>
      <trkpt lat="54.6928108" lon="25.2352766">
        <ele>103</ele>
      </trkpt>
      <trkpt lat="54.6928242" lon="25.2353244">
        <ele>103</ele>
      </trkpt>
      <trkpt lat="54.6928347" lon="25.2353718">
        <ele>103</ele>
      </trkpt>
      <trkpt lat="54.6928453" lon="25.2354192">
        <ele>103</ele>
      </trkpt>
      <trkpt lat="54.6928536" lon="25.2354644">
        <ele>103</ele>
      </trkpt>
      <trkpt lat="54.6928619" lon="25.2355096">
        <ele>103</ele>
      </trkpt>
      <trkpt lat="54.69287" lon="25.2355521">
        <ele>103</ele>
      </trkpt>
      <trkpt lat="54.6928781" lon="25.2355946">
        <ele>103</ele>
      </trkpt>
      <trkpt lat="54.6928856" lon="25.2356395">
        <ele>102</ele>
      </trkpt>
      <trkpt lat="54.6928932" lon="25.2356845">
        <ele>102</ele>
      </trkpt>
      <trkpt lat="54.6928997" lon="25.2357333">
        <ele>102</ele>
      </trkpt>
      <trkpt lat="54.6929062" lon="25.2357821">
        <ele>102</ele>
      </trkpt>
      <trkpt lat="54.6929138" lon="25.2358301">
        <ele>102</ele>
      </trkpt>
      <trkpt lat="54.6929215" lon="25.2358782">
        <ele>101</ele>
      </trkpt>
      <trkpt lat="54.6929311" lon="25.2359121">
        <ele>101</ele>
      </trkpt>
      <trkpt lat="54.6929407" lon="25.2359461">
        <ele>101</ele>
      </trkpt>
      <trkpt lat="54.6929492" lon="25.2359674">
        <ele>101</ele>
      </trkpt>
      <trkpt lat="54.6929577" lon="25.2359887">
        <ele>101</ele>
      </trkpt>
      <trkpt lat="54.692964" lon="25.2360071">
        <ele>100</ele>
      </trkpt>
      <trkpt lat="54.6929703" lon="25.2360256">
        <ele>100</ele>
      </trkpt>
      <trkpt lat="54.6929767" lon="25.2360451">
        <ele>100</ele>
      </trkpt>
      <trkpt lat="54.6929832" lon="25.2360646">
        <ele>100</ele>
      </trkpt>
      <trkpt lat="54.6929909" lon="25.2360861">
        <ele>100</ele>
      </trkpt>
      <trkpt lat="54.6929986" lon="25.2361076">
        <ele>99</ele>
      </trkpt>
      <trkpt lat="54.6930061" lon="25.2361311">
        <ele>98</ele>
      </trkpt>
      <trkpt lat="54.6930137" lon="25.2361546">
        <ele>98</ele>
      </trkpt>
      <trkpt lat="54.6930228" lon="25.2361914">
        <ele>97</ele>
      </trkpt>
      <trkpt lat="54.693032" lon="25.2362282">
        <ele>97</ele>
      </trkpt>
      <trkpt lat="54.6930397" lon="25.2362756">
        <ele>96</ele>
      </trkpt>
      <trkpt lat="54.6930475" lon="25.236323">
        <ele>95</ele>
      </trkpt>
      <trkpt lat="54.6930494" lon="25.2363811">
        <ele>94</ele>
      </trkpt>
      <trkpt lat="54.6930513" lon="25.2364393">
        <ele>93</ele>
      </trkpt>
      <trkpt lat="54.6930493" lon="25.2365064">
        <ele>92</ele>
      </trkpt>
      <trkpt lat="54.6930473" lon="25.2365735">
        <ele>91</ele>
      </trkpt>
      <trkpt lat="54.6930454" lon="25.2366364">
        <ele>91</ele>
      </trkpt>
      <trkpt lat="54.6930436" lon="25.2366993">
        <ele>90</ele>
      </trkpt>
      <trkpt lat="54.6930428" lon="25.2367549">
        <ele>90</ele>
      </trkpt>
      <trkpt lat="54.6930421" lon="25.2368105">
        <ele>90</ele>
      </trkpt>
      <trkpt lat="54.6930461" lon="25.2368592">
        <ele>90</ele>
      </trkpt>
      <trkpt lat="54.6930501" lon="25.236908">
        <ele>90</ele>
      </trkpt>
      <trkpt lat="54.6930616" lon="25.2369511">
        <ele>90</ele>
      </trkpt>
      <trkpt lat="54.6930731" lon="25.2369943">
        <ele>90</ele>
      </trkpt>
      <trkpt lat="54.6930897" lon="25.237031">
        <ele>91</ele>
      </trkpt>
      <trkpt lat="54.6931063" lon="25.2370677">
        <ele>91</ele>
      </trkpt>
      <trkpt lat="54.6931234" lon="25.237106">
        <ele>91</ele>
      </trkpt>
      <trkpt lat="54.6931406" lon="25.2371443">
        <ele>91</ele>
      </trkpt>
      <trkpt lat="54.6931585" lon="25.2371808">
        <ele>91</ele>
      </trkpt>
      <trkpt lat="54.6931764" lon="25.2372173">
        <ele>92</ele>
      </trkpt>
      <trkpt lat="54.693195" lon="25.2372512">
        <ele>92</ele>
      </trkpt>
      <trkpt lat="54.6932137" lon="25.2372851">
        <ele>92</ele>
      </trkpt>
      <trkpt lat="54.6932296" lon="25.2373206">
        <ele>92</ele>
      </trkpt>
      <trkpt lat="54.6932456" lon="25.2373561">
        <ele>92</ele>
      </trkpt>
      <trkpt lat="54.6932549" lon="25.2373928">
        <ele>92</ele>
      </trkpt>
      <trkpt lat="54.6932642" lon="25.2374295">
        <ele>92</ele>
      </trkpt>
      <trkpt lat="54.6932647" lon="25.2374624">
        <ele>92</ele>
      </trkpt>
      <trkpt lat="54.6932653" lon="25.2374954">
        <ele>92</ele>
      </trkpt>
      <trkpt lat="54.6932589" lon="25.2375217">
        <ele>92</ele>
      </trkpt>
      <trkpt lat="54.6932525" lon="25.2375481">
        <ele>93</ele>
      </trkpt>
      <trkpt lat="54.6932427" lon="25.2375716">
        <ele>92</ele>
      </trkpt>
      <trkpt lat="54.693233" lon="25.2375952">
        <ele>91</ele>
      </trkpt>
      <trkpt lat="54.6932208" lon="25.2376241">
        <ele>91</ele>
      </trkpt>
      <trkpt lat="54.6932087" lon="25.2376531">
        <ele>90</ele>
      </trkpt>
      <trkpt lat="54.6931963" lon="25.2376866">
        <ele>90</ele>
      </trkpt>
      <trkpt lat="54.693184" lon="25.2377201">
        <ele>89</ele>
      </trkpt>
      <trkpt lat="54.6931715" lon="25.2377613">
        <ele>88</ele>
      </trkpt>
      <trkpt lat="54.693159" lon="25.2378025">
        <ele>88</ele>
      </trkpt>
      <trkpt lat="54.6931453" lon="25.2378516">
        <ele>87</ele>
      </trkpt>
      <trkpt lat="54.6931317" lon="25.2379008">
        <ele>87</ele>
      </trkpt>
      <trkpt lat="54.6931186" lon="25.2379533">
        <ele>86</ele>
      </trkpt>
      <trkpt lat="54.6931056" lon="25.2380059">
        <ele>85</ele>
      </trkpt>
      <trkpt lat="54.6930952" lon="25.2380547">
        <ele>84</ele>
      </trkpt>
      <trkpt lat="54.6930849" lon="25.2381036">
        <ele>83</ele>
      </trkpt>
      <trkpt lat="54.6930775" lon="25.2381419">
        <ele>83</ele>
      </trkpt>
      <trkpt lat="54.6930701" lon="25.2381802">
        <ele>82</ele>
      </trkpt>
      <trkpt lat="54.6930677" lon="25.2382064">
        <ele>82</ele>
      </trkpt>
      <trkpt lat="54.6930653" lon="25.2382326">
        <ele>81</ele>
      </trkpt>
      <trkpt lat="54.6930671" lon="25.2382535">
        <ele>81</ele>
      </trkpt>
      <trkpt lat="54.6930689" lon="25.2382744">
        <ele>81</ele>
      </trkpt>
      <trkpt lat="54.6930742" lon="25.238303">
        <ele>80</ele>
      </trkpt>
      <trkpt lat="54.6930795" lon="25.2383317">
        <ele>80</ele>
      </trkpt>
      <trkpt lat="54.6930854" lon="25.2383775">
        <ele>79</ele>
      </trkpt>
      <trkpt lat="54.6930913" lon="25.2384233">
        <ele>79</ele>
      </trkpt>
      <trkpt lat="54.6930952" lon="25.2384821">
        <ele>79</ele>
      </trkpt>
      <trkpt lat="54.6930991" lon="25.2385409">
        <ele>78</ele>
      </trkpt>
      <trkpt lat="54.6931033" lon="25.2385995">
        <ele>78</ele>
      </trkpt>
      <trkpt lat="54.6931075" lon="25.2386581">
        <ele>77</ele>
      </trkpt>
      <trkpt lat="54.6931147" lon="25.2387138">
        <ele>77</ele>
      </trkpt>
      <trkpt lat="54.6931219" lon="25.2387695">
        <ele>77</ele>
      </trkpt>
      <trkpt lat="54.6931288" lon="25.2388218">
        <ele>76</ele>
      </trkpt>
      <trkpt lat="54.6931357" lon="25.2388741">
        <ele>76</ele>
      </trkpt>
      <trkpt lat="54.6931402" lon="25.2389232">
        <ele>76</ele>
      </trkpt>
      <trkpt lat="54.6931447" lon="25.2389723">
        <ele>76</ele>
      </trkpt>
      <trkpt lat="54.6931506" lon="25.2390205">
        <ele>76</ele>
      </trkpt>
      <trkpt lat="54.6931565" lon="25.2390688">
        <ele>76</ele>
      </trkpt>
      <trkpt lat="54.6931623" lon="25.2391164">
        <ele>76</ele>
      </trkpt>
      <trkpt lat="54.6931682" lon="25.239164">
        <ele>76</ele>
      </trkpt>
      <trkpt lat="54.6931738" lon="25.2392101">
        <ele>76</ele>
      </trkpt>
      <trkpt lat="54.6931794" lon="25.2392563">
        <ele>76</ele>
      </trkpt>
      <trkpt lat="54.6931862" lon="25.2393003">
        <ele>76</ele>
      </trkpt>
      <trkpt lat="54.6931931" lon="25.2393443">
        <ele>76</ele>
      </trkpt>
      <trkpt lat="54.6932028" lon="25.2393843">
        <ele>76</ele>
      </trkpt>
      <trkpt lat="54.6932126" lon="25.2394244">
        <ele>76</ele>
      </trkpt>
      <trkpt lat="54.6932241" lon="25.2394609">
        <ele>76</ele>
      </trkpt>
      <trkpt lat="54.6932357" lon="25.2394975">
        <ele>76</ele>
      </trkpt>
      <trkpt lat="54.6932466" lon="25.2395353">
        <ele>76</ele>
      </trkpt>
      <trkpt lat="54.6932575" lon="25.2395732">
        <ele>76</ele>
      </trkpt>
      <trkpt lat="54.6932673" lon="25.2396145">
        <ele>76</ele>
      </trkpt>
      <trkpt lat="54.6932771" lon="25.2396558">
        <ele>76</ele>
      </trkpt>
      <trkpt lat="54.693286" lon="25.2396975">
        <ele>76</ele>
      </trkpt>
      <trkpt lat="54.6932949" lon="25.2397393">
        <ele>76</ele>
      </trkpt>
      <trkpt lat="54.6933015" lon="25.2397822">
        <ele>76</ele>
      </trkpt>
      <trkpt lat="54.6933082" lon="25.2398251">
        <ele>76</ele>
      </trkpt>
      <trkpt lat="54.6933111" lon="25.2398709">
        <ele>77</ele>
      </trkpt>
      <trkpt lat="54.6933141" lon="25.2399168">
        <ele>77</ele>
      </trkpt>
      <trkpt lat="54.6933117" lon="25.239967">
        <ele>77</ele>
      </trkpt>
      <trkpt lat="54.6933093" lon="25.2400172">
        <ele>77</ele>
      </trkpt>
      <trkpt lat="54.6933049" lon="25.2400674">
        <ele>77</ele>
      </trkpt>
      <trkpt lat="54.6933006" lon="25.2401176">
        <ele>77</ele>
      </trkpt>
      <trkpt lat="54.6932961" lon="25.2401652">
        <ele>77</ele>
      </trkpt>
      <trkpt lat="54.6932917" lon="25.2402128">
        <ele>77</ele>
      </trkpt>
      <trkpt lat="54.6932877" lon="25.2402593">
        <ele>77</ele>
      </trkpt>
      <trkpt lat="54.6932838" lon="25.2403058">
        <ele>77</ele>
      </trkpt>
      <trkpt lat="54.6932816" lon="25.2403509">
        <ele>78</ele>
      </trkpt>
      <trkpt lat="54.6932794" lon="25.240396">
        <ele>78</ele>
      </trkpt>
      <trkpt lat="54.6932779" lon="25.240439">
        <ele>78</ele>
      </trkpt>
      <trkpt lat="54.6932765" lon="25.240482">
        <ele>78</ele>
      </trkpt>
      <trkpt lat="54.6932738" lon="25.240524">
        <ele>78</ele>
      </trkpt>
      <trkpt lat="54.6932711" lon="25.2405661">
        <ele>78</ele>
      </trkpt>
      <trkpt lat="54.6932681" lon="25.2406127">
        <ele>78</ele>
      </trkpt>
      <trkpt lat="54.6932652" lon="25.2406593">
        <ele>78</ele>
      </trkpt>
      <trkpt lat="54.6932626" lon="25.2407073">
        <ele>78</ele>
      </trkpt>
      <trkpt lat="54.69326" lon="25.2407553">
        <ele>78</ele>
      </trkpt>
      <trkpt lat="54.6932559" lon="25.2408045">
        <ele>78</ele>
      </trkpt>
      <trkpt lat="54.6932518" lon="25.2408538">
        <ele>78</ele>
      </trkpt>
      <trkpt lat="54.6932444" lon="25.2409">
        <ele>78</ele>
      </trkpt>
      <trkpt lat="54.693237" lon="25.2409462">
        <ele>78</ele>
      </trkpt>
      <trkpt lat="54.6932265" lon="25.2409871">
        <ele>78</ele>
      </trkpt>
      <trkpt lat="54.693216" lon="25.241028">
        <ele>78</ele>
      </trkpt>
      <trkpt lat="54.6932034" lon="25.2410646">
        <ele>78</ele>
      </trkpt>
      <trkpt lat="54.6931908" lon="25.2411012">
        <ele>78</ele>
      </trkpt>
      <trkpt lat="54.6931784" lon="25.2411369">
        <ele>78</ele>
      </trkpt>
      <trkpt lat="54.693166" lon="25.2411727">
        <ele>78</ele>
      </trkpt>
      <trkpt lat="54.6931543" lon="25.2412096">
        <ele>78</ele>
      </trkpt>
      <trkpt lat="54.6931426" lon="25.2412466">
        <ele>78</ele>
      </trkpt>
      <trkpt lat="54.6931295" lon="25.2412845">
        <ele>78</ele>
      </trkpt>
      <trkpt lat="54.6931164" lon="25.2413224">
        <ele>78</ele>
      </trkpt>
      <trkpt lat="54.6931017" lon="25.2413593">
        <ele>78</ele>
      </trkpt>
      <trkpt lat="54.6930871" lon="25.2413962">
        <ele>78</ele>
      </trkpt>
      <trkpt lat="54.6930713" lon="25.2414339">
        <ele>78</ele>
      </trkpt>
      <trkpt lat="54.6930556" lon="25.2414717">
        <ele>78</ele>
      </trkpt>
      <trkpt lat="54.6930388" lon="25.2415133">
        <ele>78</ele>
      </trkpt>
      <trkpt lat="54.693022" lon="25.241555">
        <ele>78</ele>
      </trkpt>
      <trkpt lat="54.6930045" lon="25.241598">
        <ele>78</ele>
      </trkpt>
      <trkpt lat="54.6929871" lon="25.241641">
        <ele>77</ele>
      </trkpt>
      <trkpt lat="54.6929709" lon="25.2416838">
        <ele>77</ele>
      </trkpt>
      <trkpt lat="54.6929548" lon="25.2417267">
        <ele>77</ele>
      </trkpt>
      <trkpt lat="54.6929391" lon="25.2417689">
        <ele>77</ele>
      </trkpt>
      <trkpt lat="54.6929234" lon="25.2418112">
        <ele>77</ele>
      </trkpt>
      <trkpt lat="54.6929068" lon="25.241851">
        <ele>77</ele>
      </trkpt>
      <trkpt lat="54.6928903" lon="25.2418908">
        <ele>77</ele>
      </trkpt>
      <trkpt lat="54.6928728" lon="25.241927">
        <ele>77</ele>
      </trkpt>
      <trkpt lat="54.6928554" lon="25.2419632">
        <ele>77</ele>
      </trkpt>
      <trkpt lat="54.6928367" lon="25.2420016">
        <ele>77</ele>
      </trkpt>
      <trkpt lat="54.692818" lon="25.2420401">
        <ele>77</ele>
      </trkpt>
      <trkpt lat="54.6928" lon="25.242079">
        <ele>77</ele>
      </trkpt>
      <trkpt lat="54.692782" lon="25.242118">
        <ele>77</ele>
      </trkpt>
      <trkpt lat="54.6927635" lon="25.2421602">
        <ele>77</ele>
      </trkpt>
      <trkpt lat="54.6927451" lon="25.2422024">
        <ele>77</ele>
      </trkpt>
      <trkpt lat="54.6927247" lon="25.2422413">
        <ele>77</ele>
      </trkpt>
      <trkpt lat="54.6927044" lon="25.2422802">
        <ele>77</ele>
      </trkpt>
      <trkpt lat="54.6926845" lon="25.2423141">
        <ele>77</ele>
      </trkpt>
      <trkpt lat="54.6926647" lon="25.2423481">
        <ele>77</ele>
      </trkpt>
      <trkpt lat="54.6926451" lon="25.2423789">
        <ele>78</ele>
      </trkpt>
      <trkpt lat="54.6926255" lon="25.2424097">
        <ele>78</ele>
      </trkpt>
      <trkpt lat="54.6926056" lon="25.2424389">
        <ele>78</ele>
      </trkpt>
      <trkpt lat="54.6925857" lon="25.2424682">
        <ele>78</ele>
      </trkpt>
      <trkpt lat="54.6925637" lon="25.2424961">
        <ele>78</ele>
      </trkpt>
      <trkpt lat="54.6925418" lon="25.2425241">
        <ele>78</ele>
      </trkpt>
      <trkpt lat="54.6925181" lon="25.2425518">
        <ele>78</ele>
      </trkpt>
      <trkpt lat="54.6924945" lon="25.2425796">
        <ele>78</ele>
      </trkpt>
      <trkpt lat="54.6924698" lon="25.2426069">
        <ele>78</ele>
      </trkpt>
      <trkpt lat="54.6924452" lon="25.2426343">
        <ele>78</ele>
      </trkpt>
      <trkpt lat="54.6924216" lon="25.2426623">
        <ele>78</ele>
      </trkpt>
      <trkpt lat="54.6923981" lon="25.2426904">
        <ele>78</ele>
      </trkpt>
      <trkpt lat="54.6923751" lon="25.2427223">
        <ele>78</ele>
      </trkpt>
      <trkpt lat="54.6923522" lon="25.2427543">
        <ele>78</ele>
      </trkpt>
      <trkpt lat="54.69233" lon="25.2427859">
        <ele>78</ele>
      </trkpt>
      <trkpt lat="54.6923079" lon="25.2428176">
        <ele>78</ele>
      </trkpt>
      <trkpt lat="54.6922869" lon="25.2428475">
        <ele>78</ele>
      </trkpt>
      <trkpt lat="54.692266" lon="25.2428775">
        <ele>78</ele>
      </trkpt>
      <trkpt lat="54.692245" lon="25.2429068">
        <ele>78</ele>
      </trkpt>
      <trkpt lat="54.692224" lon="25.2429362">
        <ele>78</ele>
      </trkpt>
      <trkpt lat="54.6922019" lon="25.242964">
        <ele>78</ele>
      </trkpt>
      <trkpt lat="54.6921799" lon="25.2429919">
        <ele>77</ele>
      </trkpt>
      <trkpt lat="54.6921577" lon="25.2430191">
        <ele>77</ele>
      </trkpt>
      <trkpt lat="54.6921356" lon="25.2430464">
        <ele>77</ele>
      </trkpt>
      <trkpt lat="54.6921145" lon="25.2430736">
        <ele>77</ele>
      </trkpt>
      <trkpt lat="54.6920935" lon="25.2431008">
        <ele>77</ele>
      </trkpt>
      <trkpt lat="54.6920731" lon="25.2431292">
        <ele>77</ele>
      </trkpt>
      <trkpt lat="54.6920527" lon="25.2431576">
        <ele>77</ele>
      </trkpt>
      <trkpt lat="54.6920328" lon="25.2431852">
        <ele>77</ele>
      </trkpt>
      <trkpt lat="54.6920129" lon="25.2432128">
        <ele>77</ele>
      </trkpt>
      <trkpt lat="54.6919927" lon="25.2432398">
        <ele>77</ele>
      </trkpt>
      <trkpt lat="54.6919726" lon="25.2432668">
        <ele>77</ele>
      </trkpt>
      <trkpt lat="54.6919496" lon="25.2432873">
        <ele>77</ele>
      </trkpt>
      <trkpt lat="54.6919267" lon="25.2433078">
        <ele>77</ele>
      </trkpt>
      <trkpt lat="54.6919017" lon="25.2433162">
        <ele>77</ele>
      </trkpt>
      <trkpt lat="54.6918768" lon="25.2433247">
        <ele>77</ele>
      </trkpt>
      <trkpt lat="54.6918487" lon="25.2433256">
        <ele>77</ele>
      </trkpt>
      <trkpt lat="54.6918207" lon="25.2433265">
        <ele>77</ele>
      </trkpt>
      <trkpt lat="54.6917907" lon="25.2433267">
        <ele>77</ele>
      </trkpt>
      <trkpt lat="54.6917608" lon="25.243327">
        <ele>77</ele>
      </trkpt>
      <trkpt lat="54.69173" lon="25.2433327">
        <ele>77</ele>
      </trkpt>
      <trkpt lat="54.6916993" lon="25.2433385">
        <ele>76</ele>
      </trkpt>
      <trkpt lat="54.6916689" lon="25.2433506">
        <ele>76</ele>
      </trkpt>
      <trkpt lat="54.6916385" lon="25.2433627">
        <ele>76</ele>
      </trkpt>
      <trkpt lat="54.6916103" lon="25.2433789">
        <ele>76</ele>
      </trkpt>
      <trkpt lat="54.6915822" lon="25.2433952">
        <ele>76</ele>
      </trkpt>
      <trkpt lat="54.6915554" lon="25.243414">
        <ele>76</ele>
      </trkpt>
      <trkpt lat="54.6915287" lon="25.2434328">
        <ele>76</ele>
      </trkpt>
      <trkpt lat="54.6915003" lon="25.2434519">
        <ele>76</ele>
      </trkpt>
      <trkpt lat="54.691472" lon="25.2434711">
        <ele>76</ele>
      </trkpt>
      <trkpt lat="54.6914442" lon="25.2434859">
        <ele>76</ele>
      </trkpt>
      <trkpt lat="54.6914164" lon="25.2435008">
        <ele>75</ele>
      </trkpt>
      <trkpt lat="54.6913893" lon="25.2435062">
        <ele>75</ele>
      </trkpt>
      <trkpt lat="54.6913623" lon="25.2435116">
        <ele>75</ele>
      </trkpt>
      <trkpt lat="54.6913364" lon="25.243512">
        <ele>75</ele>
      </trkpt>
      <trkpt lat="54.6913105" lon="25.2435124">
        <ele>75</ele>
      </trkpt>
      <trkpt lat="54.6912844" lon="25.2435168">
        <ele>74</ele>
      </trkpt>
      <trkpt lat="54.6912583" lon="25.2435213">
        <ele>74</ele>
      </trkpt>
      <trkpt lat="54.6912369" lon="25.2435401">
        <ele>74</ele>
      </trkpt>
      <trkpt lat="54.6912155" lon="25.243559">
        <ele>74</ele>
      </trkpt>
      <trkpt lat="54.6911966" lon="25.2435968">
        <ele>74</ele>
      </trkpt>
      <trkpt lat="54.6911777" lon="25.2436346">
        <ele>74</ele>
      </trkpt>
      <trkpt lat="54.6911534" lon="25.2436813">
        <ele>74</ele>
      </trkpt>
      <trkpt lat="54.6911292" lon="25.2437281">
        <ele>74</ele>
      </trkpt>
      <trkpt lat="54.6911012" lon="25.2437686">
        <ele>74</ele>
      </trkpt>
      <trkpt lat="54.6910733" lon="25.2438092">
        <ele>74</ele>
      </trkpt>
      <trkpt lat="54.6910457" lon="25.2438385">
        <ele>74</ele>
      </trkpt>
      <trkpt lat="54.6910182" lon="25.2438679">
        <ele>74</ele>
      </trkpt>
      <trkpt lat="54.6909911" lon="25.2438898">
        <ele>74</ele>
      </trkpt>
      <trkpt lat="54.6909641" lon="25.2439118">
        <ele>74</ele>
      </trkpt>
      <trkpt lat="54.6909385" lon="25.2439279">
        <ele>74</ele>
      </trkpt>
      <trkpt lat="54.690913" lon="25.2439441">
        <ele>74</ele>
      </trkpt>
      <trkpt lat="54.6908886" lon="25.243956">
        <ele>74</ele>
      </trkpt>
      <trkpt lat="54.6908643" lon="25.243968">
        <ele>74</ele>
      </trkpt>
      <trkpt lat="54.6908409" lon="25.2439824">
        <ele>74</ele>
      </trkpt>
      <trkpt lat="54.6908176" lon="25.2439968">
        <ele>74</ele>
      </trkpt>
      <trkpt lat="54.6907944" lon="25.2440174">
        <ele>74</ele>
      </trkpt>
      <trkpt lat="54.6907713" lon="25.244038">
        <ele>74</ele>
      </trkpt>
      <trkpt lat="54.6907495" lon="25.244063">
        <ele>74</ele>
      </trkpt>
      <trkpt lat="54.6907278" lon="25.244088">
        <ele>74</ele>
      </trkpt>
      <trkpt lat="54.6907095" lon="25.2441157">
        <ele>74</ele>
      </trkpt>
      <trkpt lat="54.6906912" lon="25.2441434">
        <ele>74</ele>
      </trkpt>
      <trkpt lat="54.690671" lon="25.2441766">
        <ele>74</ele>
      </trkpt>
      <trkpt lat="54.6906509" lon="25.2442099">
        <ele>74</ele>
      </trkpt>
      <trkpt lat="54.6906278" lon="25.2442453">
        <ele>74</ele>
      </trkpt>
      <trkpt lat="54.6906048" lon="25.2442807">
        <ele>74</ele>
      </trkpt>
      <trkpt lat="54.6905786" lon="25.2443108">
        <ele>74</ele>
      </trkpt>
      <trkpt lat="54.6905525" lon="25.244341">
        <ele>74</ele>
      </trkpt>
      <trkpt lat="54.690521" lon="25.2443639">
        <ele>74</ele>
      </trkpt>
      <trkpt lat="54.6904896" lon="25.2443869">
        <ele>74</ele>
      </trkpt>
      <trkpt lat="54.690457" lon="25.2443979">
        <ele>74</ele>
      </trkpt>
      <trkpt lat="54.6904244" lon="25.2444089">
        <ele>74</ele>
      </trkpt>
      <trkpt lat="54.6903937" lon="25.2444121">
        <ele>74</ele>
      </trkpt>
      <trkpt lat="54.6903631" lon="25.2444154">
        <ele>74</ele>
      </trkpt>
      <trkpt lat="54.6903346" lon="25.2444144">
        <ele>74</ele>
      </trkpt>
      <trkpt lat="54.6903062" lon="25.2444134">
        <ele>74</ele>
      </trkpt>
      <trkpt lat="54.6902798" lon="25.244411">
        <ele>74</ele>
      </trkpt>
      <trkpt lat="54.6902534" lon="25.2444087">
        <ele>74</ele>
      </trkpt>
      <trkpt lat="54.6902259" lon="25.2444101">
        <ele>74</ele>
      </trkpt>
      <trkpt lat="54.6901984" lon="25.2444115">
        <ele>74</ele>
      </trkpt>
      <trkpt lat="54.6901689" lon="25.2444207">
        <ele>74</ele>
      </trkpt>
      <trkpt lat="54.6901395" lon="25.2444299">
        <ele>74</ele>
      </trkpt>
      <trkpt lat="54.690109" lon="25.2444432">
        <ele>74</ele>
      </trkpt>
      <trkpt lat="54.6900786" lon="25.2444565">
        <ele>74</ele>
      </trkpt>
      <trkpt lat="54.6900502" lon="25.244467">
        <ele>74</ele>
      </trkpt>
      <trkpt lat="54.6900218" lon="25.2444776">
        <ele>74</ele>
      </trkpt>
      <trkpt lat="54.689995" lon="25.2444827">
        <ele>74</ele>
      </trkpt>
      <trkpt lat="54.6899682" lon="25.2444878">
        <ele>74</ele>
      </trkpt>
      <trkpt lat="54.6899427" lon="25.2444915">
        <ele>74</ele>
      </trkpt>
      <trkpt lat="54.6899173" lon="25.2444952">
        <ele>74</ele>
      </trkpt>
      <trkpt lat="54.6898943" lon="25.2445001">
        <ele>74</ele>
      </trkpt>
      <trkpt lat="54.6898713" lon="25.2445051">
        <ele>74</ele>
      </trkpt>
      <trkpt lat="54.6898469" lon="25.244513">
        <ele>74</ele>
      </trkpt>
      <trkpt lat="54.6898225" lon="25.2445209">
        <ele>74</ele>
      </trkpt>
      <trkpt lat="54.6897955" lon="25.2445339">
        <ele>74</ele>
      </trkpt>
      <trkpt lat="54.6897685" lon="25.2445469">
        <ele>74</ele>
      </trkpt>
      <trkpt lat="54.6897415" lon="25.2445634">
        <ele>74</ele>
      </trkpt>
      <trkpt lat="54.6897145" lon="25.2445799">
        <ele>74</ele>
      </trkpt>
      <trkpt lat="54.6896903" lon="25.2446006">
        <ele>74</ele>
      </trkpt>
      <trkpt lat="54.6896661" lon="25.2446213">
        <ele>74</ele>
      </trkpt>
      <trkpt lat="54.6896459" lon="25.2446455">
        <ele>74</ele>
      </trkpt>
      <trkpt lat="54.6896258" lon="25.2446697">
        <ele>73</ele>
      </trkpt>
      <trkpt lat="54.6896067" lon="25.2446952">
        <ele>73</ele>
      </trkpt>
      <trkpt lat="54.6895877" lon="25.2447208">
        <ele>73</ele>
      </trkpt>
      <trkpt lat="54.6895683" lon="25.2447476">
        <ele>73</ele>
      </trkpt>
      <trkpt lat="54.6895489" lon="25.2447745">
        <ele>73</ele>
      </trkpt>
      <trkpt lat="54.6895294" lon="25.2448038">
        <ele>73</ele>
      </trkpt>
      <trkpt lat="54.6895099" lon="25.2448332">
        <ele>73</ele>
      </trkpt>
      <trkpt lat="54.6894931" lon="25.2448687">
        <ele>73</ele>
      </trkpt>
      <trkpt lat="54.6894763" lon="25.2449042">
        <ele>73</ele>
      </trkpt>
      <trkpt lat="54.689464" lon="25.2449454">
        <ele>74</ele>
      </trkpt>
      <trkpt lat="54.6894518" lon="25.2449866">
        <ele>74</ele>
      </trkpt>
      <trkpt lat="54.6894422" lon="25.2450303">
        <ele>74</ele>
      </trkpt>
      <trkpt lat="54.6894327" lon="25.245074">
        <ele>74</ele>
      </trkpt>
      <trkpt lat="54.6894243" lon="25.2451129">
        <ele>74</ele>
      </trkpt>
      <trkpt lat="54.6894159" lon="25.2451518">
        <ele>75</ele>
      </trkpt>
      <trkpt lat="54.6894046" lon="25.2451853">
        <ele>75</ele>
      </trkpt>
      <trkpt lat="54.6893934" lon="25.2452188">
        <ele>75</ele>
      </trkpt>
      <trkpt lat="54.6893782" lon="25.2452455">
        <ele>75</ele>
      </trkpt>
      <trkpt lat="54.6893631" lon="25.2452722">
        <ele>75</ele>
      </trkpt>
      <trkpt lat="54.6893432" lon="25.2452947">
        <ele>75</ele>
      </trkpt>
      <trkpt lat="54.6893233" lon="25.2453172">
        <ele>75</ele>
      </trkpt>
      <trkpt lat="54.6892992" lon="25.2453378">
        <ele>75</ele>
      </trkpt>
      <trkpt lat="54.6892751" lon="25.2453585">
        <ele>75</ele>
      </trkpt>
      <trkpt lat="54.6892495" lon="25.2453788">
        <ele>75</ele>
      </trkpt>
      <trkpt lat="54.6892239" lon="25.2453992">
        <ele>76</ele>
      </trkpt>
      <trkpt lat="54.6891977" lon="25.24542">
        <ele>76</ele>
      </trkpt>
      <trkpt lat="54.6891716" lon="25.2454409">
        <ele>76</ele>
      </trkpt>
      <trkpt lat="54.6891446" lon="25.2454615">
        <ele>76</ele>
      </trkpt>
      <trkpt lat="54.6891177" lon="25.2454821">
        <ele>76</ele>
      </trkpt>
      <trkpt lat="54.6890906" lon="25.2455041">
        <ele>76</ele>
      </trkpt>
      <trkpt lat="54.6890635" lon="25.2455262">
        <ele>76</ele>
      </trkpt>
      <trkpt lat="54.6890377" lon="25.2455469">
        <ele>76</ele>
      </trkpt>
      <trkpt lat="54.689012" lon="25.2455676">
        <ele>76</ele>
      </trkpt>
      <trkpt lat="54.6889871" lon="25.2455868">
        <ele>76</ele>
      </trkpt>
      <trkpt lat="54.6889622" lon="25.2456061">
        <ele>76</ele>
      </trkpt>
      <trkpt lat="54.6889384" lon="25.2456257">
        <ele>76</ele>
      </trkpt>
      <trkpt lat="54.6889146" lon="25.2456454">
        <ele>76</ele>
      </trkpt>
      <trkpt lat="54.6888905" lon="25.2456651">
        <ele>76</ele>
      </trkpt>
      <trkpt lat="54.6888664" lon="25.2456849">
        <ele>76</ele>
      </trkpt>
      <trkpt lat="54.6888429" lon="25.2457047">
        <ele>76</ele>
      </trkpt>
      <trkpt lat="54.6888195" lon="25.2457246">
        <ele>76</ele>
      </trkpt>
      <trkpt lat="54.6887968" lon="25.2457456">
        <ele>76</ele>
      </trkpt>
      <trkpt lat="54.6887741" lon="25.2457667">
        <ele>76</ele>
      </trkpt>
      <trkpt lat="54.6887487" lon="25.245793">
        <ele>76</ele>
      </trkpt>
      <trkpt lat="54.6887234" lon="25.2458193">
        <ele>76</ele>
      </trkpt>
      <trkpt lat="54.6886956" lon="25.2458503">
        <ele>76</ele>
      </trkpt>
      <trkpt lat="54.6886678" lon="25.2458813">
        <ele>76</ele>
      </trkpt>
      <trkpt lat="54.6886406" lon="25.2459115">
        <ele>76</ele>
      </trkpt>
      <trkpt lat="54.6886134" lon="25.2459417">
        <ele>76</ele>
      </trkpt>
      <trkpt lat="54.6885862" lon="25.24597">
        <ele>76</ele>
      </trkpt>
      <trkpt lat="54.688559" lon="25.2459983">
        <ele>76</ele>
      </trkpt>
      <trkpt lat="54.6885329" lon="25.2460263">
        <ele>76</ele>
      </trkpt>
      <trkpt lat="54.6885069" lon="25.2460543">
        <ele>76</ele>
      </trkpt>
      <trkpt lat="54.6884811" lon="25.2460816">
        <ele>76</ele>
      </trkpt>
      <trkpt lat="54.6884554" lon="25.246109">
        <ele>76</ele>
      </trkpt>
      <trkpt lat="54.6884299" lon="25.2461338">
        <ele>76</ele>
      </trkpt>
      <trkpt lat="54.6884045" lon="25.2461586">
        <ele>76</ele>
      </trkpt>
      <trkpt lat="54.6883777" lon="25.2461829">
        <ele>76</ele>
      </trkpt>
      <trkpt lat="54.6883509" lon="25.2462072">
        <ele>76</ele>
      </trkpt>
      <trkpt lat="54.6883233" lon="25.2462355">
        <ele>76</ele>
      </trkpt>
      <trkpt lat="54.6882957" lon="25.2462638">
        <ele>76</ele>
      </trkpt>
      <trkpt lat="54.6882678" lon="25.2462951">
        <ele>76</ele>
      </trkpt>
      <trkpt lat="54.6882399" lon="25.2463264">
        <ele>76</ele>
      </trkpt>
      <trkpt lat="54.688213" lon="25.2463538">
        <ele>76</ele>
      </trkpt>
      <trkpt lat="54.6881862" lon="25.2463813">
        <ele>76</ele>
      </trkpt>
      <trkpt lat="54.6881602" lon="25.2464084">
        <ele>76</ele>
      </trkpt>
      <trkpt lat="54.6881343" lon="25.2464356">
        <ele>76</ele>
      </trkpt>
      <trkpt lat="54.6881097" lon="25.2464613">
        <ele>76</ele>
      </trkpt>
      <trkpt lat="54.6880852" lon="25.246487">
        <ele>76</ele>
      </trkpt>
      <trkpt lat="54.688061" lon="25.2465081">
        <ele>76</ele>
      </trkpt>
      <trkpt lat="54.6880369" lon="25.2465292">
        <ele>76</ele>
      </trkpt>
      <trkpt lat="54.6880125" lon="25.2465476">
        <ele>76</ele>
      </trkpt>
      <trkpt lat="54.6879882" lon="25.246566">
        <ele>76</ele>
      </trkpt>
      <trkpt lat="54.6879636" lon="25.2465839">
        <ele>76</ele>
      </trkpt>
      <trkpt lat="54.6879391" lon="25.2466018">
        <ele>76</ele>
      </trkpt>
      <trkpt lat="54.687914" lon="25.2466221">
        <ele>76</ele>
      </trkpt>
      <trkpt lat="54.687889" lon="25.2466425">
        <ele>76</ele>
      </trkpt>
      <trkpt lat="54.6878631" lon="25.246667">
        <ele>76</ele>
      </trkpt>
      <trkpt lat="54.6878372" lon="25.2466915">
        <ele>76</ele>
      </trkpt>
      <trkpt lat="54.687808" lon="25.2467212">
        <ele>77</ele>
      </trkpt>
      <trkpt lat="54.6877789" lon="25.246751">
        <ele>76</ele>
      </trkpt>
      <trkpt lat="54.6877491" lon="25.2467792">
        <ele>76</ele>
      </trkpt>
      <trkpt lat="54.6877193" lon="25.2468074">
        <ele>76</ele>
      </trkpt>
      <trkpt lat="54.6876921" lon="25.2468281">
        <ele>76</ele>
      </trkpt>
      <trkpt lat="54.6876649" lon="25.2468489">
        <ele>76</ele>
      </trkpt>
      <trkpt lat="54.6876414" lon="25.2468664">
        <ele>76</ele>
      </trkpt>
      <trkpt lat="54.687618" lon="25.2468839">
        <ele>76</ele>
      </trkpt>
      <trkpt lat="54.6875962" lon="25.2468994">
        <ele>76</ele>
      </trkpt>
      <trkpt lat="54.6875745" lon="25.246915">
        <ele>76</ele>
      </trkpt>
      <trkpt lat="54.687553" lon="25.2469333">
        <ele>76</ele>
      </trkpt>
      <trkpt lat="54.6875316" lon="25.2469516">
        <ele>76</ele>
      </trkpt>
      <trkpt lat="54.6875095" lon="25.246975">
        <ele>76</ele>
      </trkpt>
      <trkpt lat="54.6874874" lon="25.2469985">
        <ele>76</ele>
      </trkpt>
      <trkpt lat="54.6874638" lon="25.2470229">
        <ele>76</ele>
      </trkpt>
      <trkpt lat="54.6874402" lon="25.2470473">
        <ele>76</ele>
      </trkpt>
      <trkpt lat="54.6874153" lon="25.2470722">
        <ele>76</ele>
      </trkpt>
      <trkpt lat="54.6873904" lon="25.2470971">
        <ele>76</ele>
      </trkpt>
      <trkpt lat="54.6873651" lon="25.2471243">
        <ele>76</ele>
      </trkpt>
      <trkpt lat="54.6873398" lon="25.2471515">
        <ele>76</ele>
      </trkpt>
      <trkpt lat="54.687315" lon="25.2471822">
        <ele>76</ele>
      </trkpt>
      <trkpt lat="54.6872903" lon="25.247213">
        <ele>76</ele>
      </trkpt>
      <trkpt lat="54.6872669" lon="25.2472446">
        <ele>76</ele>
      </trkpt>
      <trkpt lat="54.6872436" lon="25.2472763">
        <ele>76</ele>
      </trkpt>
      <trkpt lat="54.6872221" lon="25.2473049">
        <ele>76</ele>
      </trkpt>
      <trkpt lat="54.6872006" lon="25.2473336">
        <ele>76</ele>
      </trkpt>
      <trkpt lat="54.6871785" lon="25.2473594">
        <ele>76</ele>
      </trkpt>
      <trkpt lat="54.6871565" lon="25.2473853">
        <ele>76</ele>
      </trkpt>
      <trkpt lat="54.6871342" lon="25.2474111">
        <ele>76</ele>
      </trkpt>
      <trkpt lat="54.687112" lon="25.2474369">
        <ele>76</ele>
      </trkpt>
      <trkpt lat="54.6870901" lon="25.2474632">
        <ele>76</ele>
      </trkpt>
      <trkpt lat="54.6870682" lon="25.2474896">
        <ele>76</ele>
      </trkpt>
      <trkpt lat="54.687046" lon="25.2475171">
        <ele>76</ele>
      </trkpt>
      <trkpt lat="54.6870239" lon="25.2475446">
        <ele>76</ele>
      </trkpt>
      <trkpt lat="54.6870013" lon="25.2475738">
        <ele>76</ele>
      </trkpt>
      <trkpt lat="54.6869787" lon="25.2476031">
        <ele>76</ele>
      </trkpt>
      <trkpt lat="54.6869564" lon="25.2476344">
        <ele>76</ele>
      </trkpt>
      <trkpt lat="54.6869342" lon="25.2476658">
        <ele>76</ele>
      </trkpt>
      <trkpt lat="54.6869122" lon="25.2476979">
        <ele>76</ele>
      </trkpt>
      <trkpt lat="54.6868903" lon="25.24773">
        <ele>76</ele>
      </trkpt>
      <trkpt lat="54.6868677" lon="25.2477623">
        <ele>76</ele>
      </trkpt>
      <trkpt lat="54.6868452" lon="25.2477946">
        <ele>76</ele>
      </trkpt>
      <trkpt lat="54.6868225" lon="25.2478274">
        <ele>76</ele>
      </trkpt>
      <trkpt lat="54.6867999" lon="25.2478602">
        <ele>76</ele>
      </trkpt>
      <trkpt lat="54.6867772" lon="25.2478934">
        <ele>76</ele>
      </trkpt>
      <trkpt lat="54.6867545" lon="25.2479267">
        <ele>76</ele>
      </trkpt>
      <trkpt lat="54.6867324" lon="25.2479588">
        <ele>76</ele>
      </trkpt>
      <trkpt lat="54.6867103" lon="25.2479909">
        <ele>76</ele>
      </trkpt>
      <trkpt lat="54.6866892" lon="25.2480224">
        <ele>76</ele>
      </trkpt>
      <trkpt lat="54.6866681" lon="25.248054">
        <ele>76</ele>
      </trkpt>
      <trkpt lat="54.6866484" lon="25.2480849">
        <ele>76</ele>
      </trkpt>
      <trkpt lat="54.6866287" lon="25.2481159">
        <ele>76</ele>
      </trkpt>
      <trkpt lat="54.686609" lon="25.2481466">
        <ele>76</ele>
      </trkpt>
      <trkpt lat="54.6865894" lon="25.2481774">
        <ele>76</ele>
      </trkpt>
      <trkpt lat="54.6865697" lon="25.248208">
        <ele>76</ele>
      </trkpt>
      <trkpt lat="54.68655" lon="25.2482386">
        <ele>76</ele>
      </trkpt>
      <trkpt lat="54.6865303" lon="25.2482698">
        <ele>76</ele>
      </trkpt>
      <trkpt lat="54.6865107" lon="25.248301">
        <ele>76</ele>
      </trkpt>
      <trkpt lat="54.6864914" lon="25.2483331">
        <ele>76</ele>
      </trkpt>
      <trkpt lat="54.6864721" lon="25.2483652">
        <ele>76</ele>
      </trkpt>
      <trkpt lat="54.6864527" lon="25.2483987">
        <ele>76</ele>
      </trkpt>
      <trkpt lat="54.6864334" lon="25.2484323">
        <ele>76</ele>
      </trkpt>
      <trkpt lat="54.6864142" lon="25.2484672">
        <ele>76</ele>
      </trkpt>
      <trkpt lat="54.686395" lon="25.2485022">
        <ele>76</ele>
      </trkpt>
      <trkpt lat="54.6863771" lon="25.2485372">
        <ele>76</ele>
      </trkpt>
      <trkpt lat="54.6863592" lon="25.2485722">
        <ele>76</ele>
      </trkpt>
      <trkpt lat="54.6863417" lon="25.2486057">
        <ele>76</ele>
      </trkpt>
      <trkpt lat="54.6863243" lon="25.2486393">
        <ele>76</ele>
      </trkpt>
      <trkpt lat="54.6863064" lon="25.2486711">
        <ele>76</ele>
      </trkpt>
      <trkpt lat="54.6862886" lon="25.248703">
        <ele>76</ele>
      </trkpt>
      <trkpt lat="54.6862714" lon="25.2487351">
        <ele>76</ele>
      </trkpt>
      <trkpt lat="54.6862542" lon="25.2487673">
        <ele>76</ele>
      </trkpt>
      <trkpt lat="54.6862379" lon="25.2487998">
        <ele>76</ele>
      </trkpt>
      <trkpt lat="54.6862217" lon="25.2488324">
        <ele>76</ele>
      </trkpt>
      <trkpt lat="54.6862052" lon="25.248866">
        <ele>76</ele>
      </trkpt>
      <trkpt lat="54.6861887" lon="25.2488997">
        <ele>76</ele>
      </trkpt>
      <trkpt lat="54.6861717" lon="25.2489344">
        <ele>76</ele>
      </trkpt>
      <trkpt lat="54.6861547" lon="25.2489692">
        <ele>76</ele>
      </trkpt>
      <trkpt lat="54.6861373" lon="25.2490061">
        <ele>76</ele>
      </trkpt>
      <trkpt lat="54.6861199" lon="25.249043">
        <ele>76</ele>
      </trkpt>
      <trkpt lat="54.6861023" lon="25.2490799">
        <ele>76</ele>
      </trkpt>
      <trkpt lat="54.6860848" lon="25.2491169">
        <ele>76</ele>
      </trkpt>
      <trkpt lat="54.6860679" lon="25.2491507">
        <ele>76</ele>
      </trkpt>
      <trkpt lat="54.6860511" lon="25.2491845">
        <ele>76</ele>
      </trkpt>
      <trkpt lat="54.6860336" lon="25.2492159">
        <ele>76</ele>
      </trkpt>
      <trkpt lat="54.6860162" lon="25.2492474">
        <ele>76</ele>
      </trkpt>
      <trkpt lat="54.6859973" lon="25.2492772">
        <ele>76</ele>
      </trkpt>
      <trkpt lat="54.6859785" lon="25.2493071">
        <ele>76</ele>
      </trkpt>
      <trkpt lat="54.68596" lon="25.2493343">
        <ele>76</ele>
      </trkpt>
      <trkpt lat="54.6859415" lon="25.2493615">
        <ele>76</ele>
      </trkpt>
      <trkpt lat="54.6859231" lon="25.2493882">
        <ele>76</ele>
      </trkpt>
      <trkpt lat="54.6859047" lon="25.2494149">
        <ele>76</ele>
      </trkpt>
      <trkpt lat="54.6858858" lon="25.2494459">
        <ele>76</ele>
      </trkpt>
      <trkpt lat="54.685867" lon="25.2494769">
        <ele>76</ele>
      </trkpt>
      <trkpt lat="54.6858469" lon="25.2495126">
        <ele>76</ele>
      </trkpt>
      <trkpt lat="54.6858268" lon="25.2495483">
        <ele>76</ele>
      </trkpt>
      <trkpt lat="54.6858049" lon="25.2495916">
        <ele>76</ele>
      </trkpt>
      <trkpt lat="54.6857831" lon="25.249635">
        <ele>76</ele>
      </trkpt>
      <trkpt lat="54.6857615" lon="25.2496846">
        <ele>76</ele>
      </trkpt>
      <trkpt lat="54.68574" lon="25.2497342">
        <ele>76</ele>
      </trkpt>
      <trkpt lat="54.6857219" lon="25.2497846">
        <ele>76</ele>
      </trkpt>
      <trkpt lat="54.6857038" lon="25.249835">
        <ele>76</ele>
      </trkpt>
      <trkpt lat="54.6856899" lon="25.2498835">
        <ele>76</ele>
      </trkpt>
      <trkpt lat="54.685676" lon="25.2499321">
        <ele>76</ele>
      </trkpt>
      <trkpt lat="54.6856658" lon="25.2499777">
        <ele>76</ele>
      </trkpt>
      <trkpt lat="54.6856556" lon="25.2500233">
        <ele>76</ele>
      </trkpt>
      <trkpt lat="54.685648" lon="25.2500661">
        <ele>76</ele>
      </trkpt>
      <trkpt lat="54.6856405" lon="25.250109">
        <ele>76</ele>
      </trkpt>
      <trkpt lat="54.6856348" lon="25.2501528">
        <ele>76</ele>
      </trkpt>
      <trkpt lat="54.6856292" lon="25.2501966">
        <ele>76</ele>
      </trkpt>
      <trkpt lat="54.6856223" lon="25.2502409">
        <ele>76</ele>
      </trkpt>
      <trkpt lat="54.6856154" lon="25.2502852">
        <ele>76</ele>
      </trkpt>
      <trkpt lat="54.6856066" lon="25.2503309">
        <ele>76</ele>
      </trkpt>
      <trkpt lat="54.6855979" lon="25.2503767">
        <ele>76</ele>
      </trkpt>
      <trkpt lat="54.6855899" lon="25.2504258">
        <ele>76</ele>
      </trkpt>
      <trkpt lat="54.6855819" lon="25.2504749">
        <ele>76</ele>
      </trkpt>
      <trkpt lat="54.6855743" lon="25.2505254">
        <ele>76</ele>
      </trkpt>
      <trkpt lat="54.6855667" lon="25.2505759">
        <ele>76</ele>
      </trkpt>
      <trkpt lat="54.6855593" lon="25.2506257">
        <ele>76</ele>
      </trkpt>
      <trkpt lat="54.6855519" lon="25.2506756">
        <ele>76</ele>
      </trkpt>
      <trkpt lat="54.6855442" lon="25.2507241">
        <ele>76</ele>
      </trkpt>
      <trkpt lat="54.6855366" lon="25.2507727">
        <ele>76</ele>
      </trkpt>
      <trkpt lat="54.6855297" lon="25.2508196">
        <ele>76</ele>
      </trkpt>
      <trkpt lat="54.6855228" lon="25.2508665">
        <ele>76</ele>
      </trkpt>
      <trkpt lat="54.6855165" lon="25.2509128">
        <ele>76</ele>
      </trkpt>
      <trkpt lat="54.6855102" lon="25.2509591">
        <ele>76</ele>
      </trkpt>
      <trkpt lat="54.685504" lon="25.2510062">
        <ele>76</ele>
      </trkpt>
      <trkpt lat="54.6854978" lon="25.2510533">
        <ele>76</ele>
      </trkpt>
      <trkpt lat="54.6854924" lon="25.2510989">
        <ele>76</ele>
      </trkpt>
      <trkpt lat="54.6854871" lon="25.2511445">
        <ele>76</ele>
      </trkpt>
      <trkpt lat="54.6854817" lon="25.2511902">
        <ele>76</ele>
      </trkpt>
      <trkpt lat="54.6854763" lon="25.251236">
        <ele>76</ele>
      </trkpt>
      <trkpt lat="54.6854721" lon="25.2512817">
        <ele>76</ele>
      </trkpt>
      <trkpt lat="54.685468" lon="25.2513275">
        <ele>76</ele>
      </trkpt>
      <trkpt lat="54.6854662" lon="25.2513732">
        <ele>76</ele>
      </trkpt>
      <trkpt lat="54.6854644" lon="25.251419">
        <ele>76</ele>
      </trkpt>
      <trkpt lat="54.6854633" lon="25.2514646">
        <ele>76</ele>
      </trkpt>
      <trkpt lat="54.6854622" lon="25.2515102">
        <ele>76</ele>
      </trkpt>
      <trkpt lat="54.6854622" lon="25.2515585">
        <ele>76</ele>
      </trkpt>
      <trkpt lat="54.6854623" lon="25.2516068">
        <ele>76</ele>
      </trkpt>
      <trkpt lat="54.6854629" lon="25.2516548">
        <ele>77</ele>
      </trkpt>
      <trkpt lat="54.6854636" lon="25.2517028">
        <ele>77</ele>
      </trkpt>
      <trkpt lat="54.6854644" lon="25.2517518">
        <ele>77</ele>
      </trkpt>
      <trkpt lat="54.6854652" lon="25.2518008">
        <ele>77</ele>
      </trkpt>
      <trkpt lat="54.6854666" lon="25.2518495">
        <ele>77</ele>
      </trkpt>
      <trkpt lat="54.685468" lon="25.2518983">
        <ele>77</ele>
      </trkpt>
      <trkpt lat="54.6854692" lon="25.2519461">
        <ele>77</ele>
      </trkpt>
      <trkpt lat="54.6854705" lon="25.251994">
        <ele>77</ele>
      </trkpt>
      <trkpt lat="54.6854703" lon="25.2520412">
        <ele>77</ele>
      </trkpt>
      <trkpt lat="54.6854701" lon="25.2520885">
        <ele>77</ele>
      </trkpt>
      <trkpt lat="54.6854676" lon="25.2521344">
        <ele>77</ele>
      </trkpt>
      <trkpt lat="54.6854652" lon="25.2521804">
        <ele>77</ele>
      </trkpt>
      <trkpt lat="54.6854618" lon="25.2522273">
        <ele>77</ele>
      </trkpt>
      <trkpt lat="54.6854585" lon="25.2522742">
        <ele>77</ele>
      </trkpt>
      <trkpt lat="54.6854553" lon="25.2523197">
        <ele>77</ele>
      </trkpt>
      <trkpt lat="54.6854521" lon="25.2523653">
        <ele>78</ele>
      </trkpt>
      <trkpt lat="54.685449" lon="25.2524104">
        <ele>78</ele>
      </trkpt>
      <trkpt lat="54.685446" lon="25.2524556">
        <ele>78</ele>
      </trkpt>
      <trkpt lat="54.6854408" lon="25.252502">
        <ele>78</ele>
      </trkpt>
      <trkpt lat="54.6854357" lon="25.2525484">
        <ele>78</ele>
      </trkpt>
      <trkpt lat="54.6854289" lon="25.252594">
        <ele>78</ele>
      </trkpt>
      <trkpt lat="54.6854222" lon="25.2526397">
        <ele>78</ele>
      </trkpt>
      <trkpt lat="54.6854139" lon="25.2526862">
        <ele>78</ele>
      </trkpt>
      <trkpt lat="54.6854056" lon="25.2527327">
        <ele>78</ele>
      </trkpt>
      <trkpt lat="54.6853969" lon="25.2527792">
        <ele>78</ele>
      </trkpt>
      <trkpt lat="54.6853883" lon="25.2528258">
        <ele>78</ele>
      </trkpt>
      <trkpt lat="54.6853792" lon="25.252871">
        <ele>78</ele>
      </trkpt>
      <trkpt lat="54.6853701" lon="25.2529162">
        <ele>78</ele>
      </trkpt>
      <trkpt lat="54.6853595" lon="25.2529653">
        <ele>78</ele>
      </trkpt>
      <trkpt lat="54.6853489" lon="25.2530145">
        <ele>78</ele>
      </trkpt>
      <trkpt lat="54.685341" lon="25.2530677">
        <ele>78</ele>
      </trkpt>
      <trkpt lat="54.6853331" lon="25.2531209">
        <ele>77</ele>
      </trkpt>
      <trkpt lat="54.6853344" lon="25.2531738">
        <ele>77</ele>
      </trkpt>
      <trkpt lat="54.6853358" lon="25.2532267">
        <ele>77</ele>
      </trkpt>
      <trkpt lat="54.6853494" lon="25.2532597">
        <ele>77</ele>
      </trkpt>
      <trkpt lat="54.685363" lon="25.2532927">
        <ele>77</ele>
      </trkpt>
      <trkpt lat="54.685386" lon="25.2532972">
        <ele>77</ele>
      </trkpt>
      <trkpt lat="54.6854091" lon="25.2533017">
        <ele>77</ele>
      </trkpt>
      <trkpt lat="54.6854356" lon="25.2532875">
        <ele>77</ele>
      </trkpt>
      <trkpt lat="54.6854621" lon="25.2532733">
        <ele>77</ele>
      </trkpt>
      <trkpt lat="54.685488" lon="25.253251">
        <ele>78</ele>
      </trkpt>
      <trkpt lat="54.6855139" lon="25.2532288">
        <ele>78</ele>
      </trkpt>
      <trkpt lat="54.6855406" lon="25.2532054">
        <ele>78</ele>
      </trkpt>
      <trkpt lat="54.6855674" lon="25.2531821">
        <ele>78</ele>
      </trkpt>
      <trkpt lat="54.6855918" lon="25.2531617">
        <ele>78</ele>
      </trkpt>
      <trkpt lat="54.6856162" lon="25.2531413">
        <ele>78</ele>
      </trkpt>
      <trkpt lat="54.6856396" lon="25.2531254">
        <ele>78</ele>
      </trkpt>
      <trkpt lat="54.6856631" lon="25.2531095">
        <ele>78</ele>
      </trkpt>
      <trkpt lat="54.6856867" lon="25.2530975">
        <ele>78</ele>
      </trkpt>
      <trkpt lat="54.6857104" lon="25.2530855">
        <ele>78</ele>
      </trkpt>
      <trkpt lat="54.6857367" lon="25.2530754">
        <ele>79</ele>
      </trkpt>
      <trkpt lat="54.6857631" lon="25.2530654">
        <ele>79</ele>
      </trkpt>
      <trkpt lat="54.6857897" lon="25.2530564">
        <ele>79</ele>
      </trkpt>
      <trkpt lat="54.6858163" lon="25.2530474">
        <ele>79</ele>
      </trkpt>
      <trkpt lat="54.6858415" lon="25.2530404">
        <ele>79</ele>
      </trkpt>
      <trkpt lat="54.6858667" lon="25.2530334">
        <ele>79</ele>
      </trkpt>
      <trkpt lat="54.6858919" lon="25.2530284">
        <ele>79</ele>
      </trkpt>
      <trkpt lat="54.6859171" lon="25.2530234">
        <ele>79</ele>
      </trkpt>
      <trkpt lat="54.6859408" lon="25.253019">
        <ele>80</ele>
      </trkpt>
      <trkpt lat="54.6859646" lon="25.2530147">
        <ele>80</ele>
      </trkpt>
      <trkpt lat="54.68599" lon="25.253009">
        <ele>81</ele>
      </trkpt>
      <trkpt lat="54.6860155" lon="25.2530033">
        <ele>81</ele>
      </trkpt>
      <trkpt lat="54.6860408" lon="25.2529978">
        <ele>81</ele>
      </trkpt>
      <trkpt lat="54.6860661" lon="25.2529923">
        <ele>81</ele>
      </trkpt>
      <trkpt lat="54.6860925" lon="25.2529864">
        <ele>81</ele>
      </trkpt>
      <trkpt lat="54.6861189" lon="25.2529806">
        <ele>81</ele>
      </trkpt>
      <trkpt lat="54.6861467" lon="25.2529716">
        <ele>81</ele>
      </trkpt>
      <trkpt lat="54.6861745" lon="25.2529626">
        <ele>81</ele>
      </trkpt>
      <trkpt lat="54.686201" lon="25.2529516">
        <ele>81</ele>
      </trkpt>
      <trkpt lat="54.6862276" lon="25.2529406">
        <ele>81</ele>
      </trkpt>
      <trkpt lat="54.6862534" lon="25.2529318">
        <ele>81</ele>
      </trkpt>
      <trkpt lat="54.6862793" lon="25.252923">
        <ele>81</ele>
      </trkpt>
      <trkpt lat="54.6863038" lon="25.2529226">
        <ele>81</ele>
      </trkpt>
      <trkpt lat="54.6863284" lon="25.2529222">
        <ele>81</ele>
      </trkpt>
      <trkpt lat="54.6863511" lon="25.2529335">
        <ele>81</ele>
      </trkpt>
      <trkpt lat="54.6863738" lon="25.2529448">
        <ele>82</ele>
      </trkpt>
      <trkpt lat="54.686382" lon="25.2529523">
        <ele>82</ele>
      </trkpt>
      <trkpt lat="54.6863903" lon="25.2529599">
        <ele>82</ele>
      </trkpt>
      <trkpt lat="54.6863985" lon="25.2529675">
        <ele>82</ele>
      </trkpt>
      <trkpt lat="54.6864068" lon="25.2529751">
        <ele>82</ele>
      </trkpt>
      <trkpt lat="54.6864132" lon="25.252979">
        <ele>82</ele>
      </trkpt>
      <trkpt lat="54.6864197" lon="25.252983">
        <ele>82</ele>
      </trkpt>
      <trkpt lat="54.686423" lon="25.2529783">
        <ele>82</ele>
      </trkpt>
      <trkpt lat="54.6864263" lon="25.2529736">
        <ele>82</ele>
      </trkpt>
      <trkpt lat="54.6864303" lon="25.2529557">
        <ele>82</ele>
      </trkpt>
      <trkpt lat="54.6864343" lon="25.2529378">
        <ele>82</ele>
      </trkpt>
      <trkpt lat="54.6864383" lon="25.25292">
        <ele>82</ele>
      </trkpt>
    </trkseg>
  </trk>
</gpx>
