<?xml version="1.0" encoding="UTF-8"?>
<gpx creator="Garmin Connect" version="1.1"
  xsi:schemaLocation="http://www.topografix.com/GPX/1/1 http://www.topografix.com/GPX/11.xsd"
  xmlns:ns3="http://www.garmin.com/xmlschemas/TrackPointExtension/v1"
  xmlns="http://www.topografix.com/GPX/1/1"
  xmlns:xsi="http://www.w3.org/2001/XMLSchema-instance" xmlns:ns2="http://www.garmin.com/xmlschemas/GpxExtensions/v3">
  <metadata>
    <name>MTB / Sauletekis</name>
    <link href="connect.garmin.com">
      <text>Garmin Connect</text>
    </link>
    <time>2021-10-08T19:32:40.000Z</time>
  </metadata>
  <trk>
    <name>MTB / Sauletekis</name>
    <trkseg>
      <trkpt lat="54.72561134956777" lon="25.34249841235578">
        <ele>134.0</ele>
        <time>2021-10-08T19:32:40.000Z</time>
      </trkpt>
      <trkpt lat="54.725608164444566" lon="25.342461029067636">
        <ele>134.0</ele>
        <time>2021-10-08T19:32:40.001Z</time>
      </trkpt>
      <trkpt lat="54.72562098875642" lon="25.342284003272653">
        <ele>134.0</ele>
        <time>2021-10-08T19:32:40.006Z</time>
      </trkpt>
      <trkpt lat="54.72575685940683" lon="25.342132542282343">
        <ele>134.0</ele>
        <time>2021-10-08T19:32:40.017Z</time>
      </trkpt>
      <trkpt lat="54.72579306922853" lon="25.3421279322356">
        <ele>134.0</ele>
        <time>2021-10-08T19:32:40.030Z</time>
      </trkpt>
      <trkpt lat="54.725836319848895" lon="25.342131536453962">
        <ele>134.0</ele>
        <time>2021-10-08T19:32:40.044Z</time>
      </trkpt>
      <trkpt lat="54.7258688416332" lon="25.342141846194863">
        <ele>134.0</ele>
        <time>2021-10-08T19:32:40.060Z</time>
      </trkpt>
      <trkpt lat="54.72590069286525" lon="25.34214947372675">
        <ele>134.0</ele>
        <time>2021-10-08T19:32:40.077Z</time>
      </trkpt>
      <trkpt lat="54.72595425322652" lon="25.342189287766814">
        <ele>134.0</ele>
        <time>2021-10-08T19:32:40.096Z</time>
      </trkpt>
      <trkpt lat="54.726014602929354" lon="25.34224779345095">
        <ele>134.0</ele>
        <time>2021-10-08T19:32:40.118Z</time>
      </trkpt>
      <trkpt lat="54.72607512027025" lon="25.342330522835255">
        <ele>133.0</ele>
        <time>2021-10-08T19:32:40.143Z</time>
      </trkpt>
      <trkpt lat="54.726101187989116" lon="25.342385172843933">
        <ele>133.0</ele>
        <time>2021-10-08T19:32:40.170Z</time>
      </trkpt>
      <trkpt lat="54.72611401230097" lon="25.34240897744894">
        <ele>133.0</ele>
        <time>2021-10-08T19:32:40.197Z</time>
      </trkpt>
      <trkpt lat="54.726176876574755" lon="25.342463962733746">
        <ele>133.0</ele>
        <time>2021-10-08T19:32:40.227Z</time>
      </trkpt>
      <trkpt lat="54.7262002620846" lon="25.34249489195645">
        <ele>133.0</ele>
        <time>2021-10-08T19:32:40.258Z</time>
      </trkpt>
      <trkpt lat="54.72621710970998" lon="25.342509392648935">
        <ele>133.0</ele>
        <time>2021-10-08T19:32:40.290Z</time>
      </trkpt>
      <trkpt lat="54.72623337060213" lon="25.34252766519785">
        <ele>133.0</ele>
        <time>2021-10-08T19:32:40.323Z</time>
      </trkpt>
      <trkpt lat="54.72627578303218" lon="25.342573765665293">
        <ele>133.0</ele>
        <time>2021-10-08T19:32:40.358Z</time>
      </trkpt>
      <trkpt lat="54.72629682160914" lon="25.342606203630567">
        <ele>133.0</ele>
        <time>2021-10-08T19:32:40.394Z</time>
      </trkpt>
      <trkpt lat="54.72631593234837" lon="25.342639815062284">
        <ele>133.0</ele>
        <time>2021-10-08T19:32:40.431Z</time>
      </trkpt>
      <trkpt lat="54.726339150220156" lon="25.342668648809195">
        <ele>133.0</ele>
        <time>2021-10-08T19:32:40.469Z</time>
      </trkpt>
      <trkpt lat="54.726364463567734" lon="25.342702260240912">
        <ele>133.0</ele>
        <time>2021-10-08T19:32:40.508Z</time>
      </trkpt>
      <trkpt lat="54.726387010887265" lon="25.342730674892664">
        <ele>133.0</ele>
        <time>2021-10-08T19:32:40.548Z</time>
      </trkpt>
      <trkpt lat="54.726404612883925" lon="25.342757999897003">
        <ele>133.0</ele>
        <time>2021-10-08T19:32:40.589Z</time>
      </trkpt>
      <trkpt lat="54.72644065506756" lon="25.34281156025827">
        <ele>133.0</ele>
        <time>2021-10-08T19:32:40.632Z</time>
      </trkpt>
      <trkpt lat="54.726477367803454" lon="25.34286193549633">
        <ele>133.0</ele>
        <time>2021-10-08T19:32:40.677Z</time>
      </trkpt>
      <trkpt lat="54.72653813660145" lon="25.342938881367445">
        <ele>133.0</ele>
        <time>2021-10-08T19:32:40.725Z</time>
      </trkpt>
      <trkpt lat="54.726564874872565" lon="25.343000488355756">
        <ele>133.0</ele>
        <time>2021-10-08T19:32:40.775Z</time>
      </trkpt>
      <trkpt lat="54.72667300142348" lon="25.343237025663257">
        <ele>133.0</ele>
        <time>2021-10-08T19:32:40.831Z</time>
      </trkpt>
      <trkpt lat="54.72673628479242" lon="25.34340910613537">
        <ele>133.0</ele>
        <time>2021-10-08T19:32:40.892Z</time>
      </trkpt>
      <trkpt lat="54.726794455200434" lon="25.343502312898636">
        <ele>133.0</ele>
        <time>2021-10-08T19:32:40.956Z</time>
      </trkpt>
      <trkpt lat="54.72682463005185" lon="25.343567188829184">
        <ele>133.0</ele>
        <time>2021-10-08T19:32:41.022Z</time>
      </trkpt>
      <trkpt lat="54.72686067223549" lon="25.343687385320663">
        <ele>133.0</ele>
        <time>2021-10-08T19:32:41.091Z</time>
      </trkpt>
      <trkpt lat="54.72690417431295" lon="25.34391051158309">
        <ele>133.0</ele>
        <time>2021-10-08T19:32:41.165Z</time>
      </trkpt>
      <trkpt lat="54.72690802998841" lon="25.34394764341414">
        <ele>133.0</ele>
        <time>2021-10-08T19:32:41.240Z</time>
      </trkpt>
      <trkpt lat="54.72693401388824" lon="25.344106731936336">
        <ele>133.0</ele>
        <time>2021-10-08T19:32:41.319Z</time>
      </trkpt>
      <trkpt lat="54.72694432362914" lon="25.3441827557981">
        <ele>132.0</ele>
        <time>2021-10-08T19:32:41.400Z</time>
      </trkpt>
      <trkpt lat="54.72698271274567" lon="25.34436975605786">
        <ele>132.0</ele>
        <time>2021-10-08T19:32:41.485Z</time>
      </trkpt>
      <trkpt lat="54.72698732279241" lon="25.34441719762981">
        <ele>132.0</ele>
        <time>2021-10-08T19:32:41.571Z</time>
      </trkpt>
      <trkpt lat="54.72699704580009" lon="25.344505878165364">
        <ele>132.0</ele>
        <time>2021-10-08T19:32:41.659Z</time>
      </trkpt>
      <trkpt lat="54.7270171623677" lon="25.344591289758682">
        <ele>132.0</ele>
        <time>2021-10-08T19:32:41.750Z</time>
      </trkpt>
      <trkpt lat="54.72701665945351" lon="25.344755575060844">
        <ele>132.0</ele>
        <time>2021-10-08T19:32:41.844Z</time>
      </trkpt>
      <trkpt lat="54.727016827091575" lon="25.344780888408422">
        <ele>132.0</ele>
        <time>2021-10-08T19:32:41.939Z</time>
      </trkpt>
      <trkpt lat="54.727024622261524" lon="25.344826485961676">
        <ele>132.0</ele>
        <time>2021-10-08T19:32:42.035Z</time>
      </trkpt>
      <trkpt lat="54.72706359811127" lon="25.344937294721603">
        <ele>132.0</ele>
        <time>2021-10-08T19:32:42.134Z</time>
      </trkpt>
      <trkpt lat="54.7271675337106" lon="25.345163689926267">
        <ele>132.0</ele>
        <time>2021-10-08T19:32:42.239Z</time>
      </trkpt>
      <trkpt lat="54.727217238396406" lon="25.34526058472693">
        <ele>132.0</ele>
        <time>2021-10-08T19:32:42.347Z</time>
      </trkpt>
      <trkpt lat="54.72725311294198" lon="25.34538321197033">
        <ele>132.0</ele>
        <time>2021-10-08T19:32:42.459Z</time>
      </trkpt>
      <trkpt lat="54.72728110849857" lon="25.345539702102542">
        <ele>132.0</ele>
        <time>2021-10-08T19:32:42.574Z</time>
      </trkpt>
      <trkpt lat="54.72729074768722" lon="25.345569709315896">
        <ele>132.0</ele>
        <time>2021-10-08T19:32:42.690Z</time>
      </trkpt>
      <trkpt lat="54.7273401170969" lon="25.345693677663803">
        <ele>132.0</ele>
        <time>2021-10-08T19:32:42.809Z</time>
      </trkpt>
      <trkpt lat="54.72735419869423" lon="25.345718236640096">
        <ele>132.0</ele>
        <time>2021-10-08T19:32:42.929Z</time>
      </trkpt>
      <trkpt lat="54.72743986174464" lon="25.345940105617046">
        <ele>131.0</ele>
        <time>2021-10-08T19:32:43.055Z</time>
      </trkpt>
      <trkpt lat="54.727474730461836" lon="25.345996599644423">
        <ele>131.0</ele>
        <time>2021-10-08T19:32:43.183Z</time>
      </trkpt>
      <trkpt lat="54.72752334550023" lon="25.346052926033735">
        <ele>131.0</ele>
        <time>2021-10-08T19:32:43.313Z</time>
      </trkpt>
      <trkpt lat="54.72760456614196" lon="25.346119729802012">
        <ele>131.0</ele>
        <time>2021-10-08T19:32:43.447Z</time>
      </trkpt>
      <trkpt lat="54.72767530940473" lon="25.34614210948348">
        <ele>131.0</ele>
        <time>2021-10-08T19:32:43.584Z</time>
      </trkpt>
      <trkpt lat="54.72773347981274" lon="25.346160801127553">
        <ele>131.0</ele>
        <time>2021-10-08T19:32:43.723Z</time>
      </trkpt>
      <trkpt lat="54.72780070267618" lon="25.346143199130893">
        <ele>131.0</ele>
        <time>2021-10-08T19:32:43.865Z</time>
      </trkpt>
      <trkpt lat="54.72787178121507" lon="25.34615384414792">
        <ele>131.0</ele>
        <time>2021-10-08T19:32:44.010Z</time>
      </trkpt>
      <trkpt lat="54.72793565131724" lon="25.346185443922877">
        <ele>131.0</ele>
        <time>2021-10-08T19:32:44.157Z</time>
      </trkpt>
      <trkpt lat="54.72799206152558" lon="25.34619734622538">
        <ele>131.0</ele>
        <time>2021-10-08T19:32:44.306Z</time>
      </trkpt>
      <trkpt lat="54.72810530103743" lon="25.34619281999767">
        <ele>131.0</ele>
        <time>2021-10-08T19:32:44.460Z</time>
      </trkpt>
      <trkpt lat="54.72812684252858" lon="25.346189802512527">
        <ele>131.0</ele>
        <time>2021-10-08T19:32:44.615Z</time>
      </trkpt>
      <trkpt lat="54.72817470319569" lon="25.346185192465782">
        <ele>131.0</ele>
        <time>2021-10-08T19:32:44.772Z</time>
      </trkpt>
      <trkpt lat="54.728255504742265" lon="25.346172703430057">
        <ele>131.0</ele>
        <time>2021-10-08T19:32:44.932Z</time>
      </trkpt>
      <trkpt lat="54.72828006371856" lon="25.346165159717202">
        <ele>131.0</ele>
        <time>2021-10-08T19:32:45.093Z</time>
      </trkpt>
      <trkpt lat="54.72830671817064" lon="25.34615376032889">
        <ele>131.0</ele>
        <time>2021-10-08T19:32:45.255Z</time>
      </trkpt>
      <trkpt lat="54.72842146642506" lon="25.34611369483173">
        <ele>130.0</ele>
        <time>2021-10-08T19:32:45.421Z</time>
      </trkpt>
      <trkpt lat="54.72845423966646" lon="25.346112605184317">
        <ele>130.0</ele>
        <time>2021-10-08T19:32:45.589Z</time>
      </trkpt>
      <trkpt lat="54.728506207466125" lon="25.346096511930227">
        <ele>130.0</ele>
        <time>2021-10-08T19:32:45.759Z</time>
      </trkpt>
      <trkpt lat="54.72856513224542" lon="25.34607656300068">
        <ele>130.0</ele>
        <time>2021-10-08T19:32:45.931Z</time>
      </trkpt>
      <trkpt lat="54.728589188307524" lon="25.34606642089784">
        <ele>130.0</ele>
        <time>2021-10-08T19:32:46.104Z</time>
      </trkpt>
      <trkpt lat="54.72864015027881" lon="25.346052087843418">
        <ele>130.0</ele>
        <time>2021-10-08T19:32:46.279Z</time>
      </trkpt>
      <trkpt lat="54.72869362682104" lon="25.346102379262447">
        <ele>130.0</ele>
        <time>2021-10-08T19:32:46.456Z</time>
      </trkpt>
      <trkpt lat="54.72870485857129" lon="25.346152503043413">
        <ele>130.0</ele>
        <time>2021-10-08T19:32:46.635Z</time>
      </trkpt>
      <trkpt lat="54.72871424630284" lon="25.34621343947947">
        <ele>130.0</ele>
        <time>2021-10-08T19:32:46.815Z</time>
      </trkpt>
      <trkpt lat="54.72872547805309" lon="25.346323158591986">
        <ele>130.0</ele>
        <time>2021-10-08T19:32:46.998Z</time>
      </trkpt>
      <trkpt lat="54.728751461952925" lon="25.346501944586635">
        <ele>130.0</ele>
        <time>2021-10-08T19:32:47.185Z</time>
      </trkpt>
      <trkpt lat="54.72876839339733" lon="25.3465710952878">
        <ele>130.0</ele>
        <time>2021-10-08T19:32:47.373Z</time>
      </trkpt>
      <trkpt lat="54.7287907730788" lon="25.346636725589633">
        <ele>130.0</ele>
        <time>2021-10-08T19:32:47.563Z</time>
      </trkpt>
      <trkpt lat="54.72881583496928" lon="25.346696572378278">
        <ele>130.0</ele>
        <time>2021-10-08T19:32:47.755Z</time>
      </trkpt>
      <trkpt lat="54.728839388117194" lon="25.346768740564585">
        <ele>130.0</ele>
        <time>2021-10-08T19:32:47.949Z</time>
      </trkpt>
      <trkpt lat="54.72885053604841" lon="25.346809308975935">
        <ele>129.0</ele>
        <time>2021-10-08T19:32:48.144Z</time>
      </trkpt>
      <trkpt lat="54.72890384495258" lon="25.346959847956896">
        <ele>129.0</ele>
        <time>2021-10-08T19:32:48.343Z</time>
      </trkpt>
      <trkpt lat="54.72892111167312" lon="25.34714181907475">
        <ele>129.0</ele>
        <time>2021-10-08T19:32:48.546Z</time>
      </trkpt>
      <trkpt lat="54.7289477661252" lon="25.347255058586597">
        <ele>129.0</ele>
        <time>2021-10-08T19:32:48.752Z</time>
      </trkpt>
      <trkpt lat="54.72895069979131" lon="25.347276935353875">
        <ele>129.0</ele>
        <time>2021-10-08T19:32:48.958Z</time>
      </trkpt>
      <trkpt lat="54.72895547747612" lon="25.34729713574052">
        <ele>129.0</ele>
        <time>2021-10-08T19:32:49.165Z</time>
      </trkpt>
      <trkpt lat="54.728957656770945" lon="25.347325718030334">
        <ele>129.0</ele>
        <time>2021-10-08T19:32:49.372Z</time>
      </trkpt>
      <trkpt lat="54.728966457769275" lon="25.347353294491768">
        <ele>129.0</ele>
        <time>2021-10-08T19:32:49.580Z</time>
      </trkpt>
      <trkpt lat="54.729029070585966" lon="25.347468126565218">
        <ele>129.0</ele>
        <time>2021-10-08T19:32:49.792Z</time>
      </trkpt>
      <trkpt lat="54.72903426736593" lon="25.347515987232327">
        <ele>129.0</ele>
        <time>2021-10-08T19:32:50.005Z</time>
      </trkpt>
      <trkpt lat="54.72906704060733" lon="25.3477091062814">
        <ele>129.0</ele>
        <time>2021-10-08T19:32:50.222Z</time>
      </trkpt>
      <trkpt lat="54.72907651215792" lon="25.347769036889076">
        <ele>129.0</ele>
        <time>2021-10-08T19:32:50.441Z</time>
      </trkpt>
      <trkpt lat="54.72908631898463" lon="25.3477955237031">
        <ele>129.0</ele>
        <time>2021-10-08T19:32:50.660Z</time>
      </trkpt>
      <trkpt lat="54.72910610027611" lon="25.3478748165071">
        <ele>129.0</ele>
        <time>2021-10-08T19:32:50.881Z</time>
      </trkpt>
      <trkpt lat="54.729115488007665" lon="25.347912032157183">
        <ele>129.0</ele>
        <time>2021-10-08T19:32:51.103Z</time>
      </trkpt>
      <trkpt lat="54.72916225902736" lon="25.348080759868026">
        <ele>129.0</ele>
        <time>2021-10-08T19:32:51.330Z</time>
      </trkpt>
      <trkpt lat="54.72917282022536" lon="25.348121831193566">
        <ele>129.0</ele>
        <time>2021-10-08T19:32:51.558Z</time>
      </trkpt>
      <trkpt lat="54.729212215170264" lon="25.348289972171187">
        <ele>129.0</ele>
        <time>2021-10-08T19:32:51.790Z</time>
      </trkpt>
      <trkpt lat="54.72922378219664" lon="25.348408408463">
        <ele>129.0</ele>
        <time>2021-10-08T19:32:52.024Z</time>
      </trkpt>
      <trkpt lat="54.72924046218395" lon="25.348465656861663">
        <ele>129.0</ele>
        <time>2021-10-08T19:32:52.260Z</time>
      </trkpt>
      <trkpt lat="54.72929016686976" lon="25.34862482920289">
        <ele>129.0</ele>
        <time>2021-10-08T19:32:52.500Z</time>
      </trkpt>
      <trkpt lat="54.7293227724731" lon="25.3488212171942">
        <ele>129.0</ele>
        <time>2021-10-08T19:32:52.745Z</time>
      </trkpt>
      <trkpt lat="54.72931623458862" lon="25.34897804260254">
        <ele>129.0</ele>
        <time>2021-10-08T19:32:52.993Z</time>
      </trkpt>
      <trkpt lat="54.729308942332864" lon="25.34903923049569">
        <ele>129.0</ele>
        <time>2021-10-08T19:32:53.243Z</time>
      </trkpt>
      <trkpt lat="54.72929494455457" lon="25.349118942394853">
        <ele>129.0</ele>
        <time>2021-10-08T19:32:53.495Z</time>
      </trkpt>
      <trkpt lat="54.72928840667009" lon="25.34915397875011">
        <ele>129.0</ele>
        <time>2021-10-08T19:32:53.747Z</time>
      </trkpt>
      <trkpt lat="54.72926292568445" lon="25.349240647628903">
        <ele>129.0</ele>
        <time>2021-10-08T19:32:54.002Z</time>
      </trkpt>
      <trkpt lat="54.729243563488126" lon="25.349311558529735">
        <ele>129.0</ele>
        <time>2021-10-08T19:32:54.258Z</time>
      </trkpt>
      <trkpt lat="54.729233253747225" lon="25.349371321499348">
        <ele>129.0</ele>
        <time>2021-10-08T19:32:54.516Z</time>
      </trkpt>
      <trkpt lat="54.729252783581614" lon="25.34943929873407">
        <ele>129.0</ele>
        <time>2021-10-08T19:32:54.775Z</time>
      </trkpt>
      <trkpt lat="54.72926133312285" lon="25.34946913830936">
        <ele>129.0</ele>
        <time>2021-10-08T19:32:55.035Z</time>
      </trkpt>
      <trkpt lat="54.72929553128779" lon="25.34953812137246">
        <ele>129.0</ele>
        <time>2021-10-08T19:32:55.297Z</time>
      </trkpt>
      <trkpt lat="54.72932520322502" lon="25.349593861028552">
        <ele>129.0</ele>
        <time>2021-10-08T19:32:55.561Z</time>
      </trkpt>
      <trkpt lat="54.729334423318505" lon="25.349623700603843">
        <ele>129.0</ele>
        <time>2021-10-08T19:32:55.826Z</time>
      </trkpt>
      <trkpt lat="54.7293777577579" lon="25.349713806062937">
        <ele>129.0</ele>
        <time>2021-10-08T19:32:56.093Z</time>
      </trkpt>
      <trkpt lat="54.72943006083369" lon="25.349837271496654">
        <ele>129.0</ele>
        <time>2021-10-08T19:32:56.364Z</time>
      </trkpt>
      <trkpt lat="54.72946124151349" lon="25.349921509623528">
        <ele>129.0</ele>
        <time>2021-10-08T19:32:56.637Z</time>
      </trkpt>
      <trkpt lat="54.72955738194287" lon="25.350145222619176">
        <ele>129.0</ele>
        <time>2021-10-08T19:32:56.916Z</time>
      </trkpt>
      <trkpt lat="54.72962913103402" lon="25.350302970036864">
        <ele>129.0</ele>
        <time>2021-10-08T19:32:57.200Z</time>
      </trkpt>
      <trkpt lat="54.72963902167976" lon="25.350338593125343">
        <ele>129.0</ele>
        <time>2021-10-08T19:32:57.485Z</time>
      </trkpt>
      <trkpt lat="54.729659808799624" lon="25.35038444213569">
        <ele>129.0</ele>
        <time>2021-10-08T19:32:57.771Z</time>
      </trkpt>
      <trkpt lat="54.729684283956885" lon="25.350488293915987">
        <ele>128.0</ele>
        <time>2021-10-08T19:32:58.060Z</time>
      </trkpt>
      <trkpt lat="54.729731725528836" lon="25.350702116265893">
        <ele>129.0</ele>
        <time>2021-10-08T19:32:58.354Z</time>
      </trkpt>
      <trkpt lat="54.7297681029886" lon="25.35087889060378">
        <ele>129.0</ele>
        <time>2021-10-08T19:32:58.652Z</time>
      </trkpt>
      <trkpt lat="54.72977505996823" lon="25.350937815383077">
        <ele>129.0</ele>
        <time>2021-10-08T19:32:58.952Z</time>
      </trkpt>
      <trkpt lat="54.72979165613651" lon="25.351018281653523">
        <ele>129.0</ele>
        <time>2021-10-08T19:32:59.254Z</time>
      </trkpt>
      <trkpt lat="54.72980380989611" lon="25.35106689669192">
        <ele>129.0</ele>
        <time>2021-10-08T19:32:59.557Z</time>
      </trkpt>
      <trkpt lat="54.729879666119814" lon="25.351264625787735">
        <ele>128.0</ele>
        <time>2021-10-08T19:32:59.865Z</time>
      </trkpt>
      <trkpt lat="54.72989022731781" lon="25.351287173107266">
        <ele>128.0</ele>
        <time>2021-10-08T19:33:00.174Z</time>
      </trkpt>
      <trkpt lat="54.72992300055921" lon="25.35135665908456">
        <ele>128.0</ele>
        <time>2021-10-08T19:33:00.485Z</time>
      </trkpt>
      <trkpt lat="54.72998159006238" lon="25.351533349603415">
        <ele>128.0</ele>
        <time>2021-10-08T19:33:00.800Z</time>
      </trkpt>
      <trkpt lat="54.730030791834" lon="25.35164742730558">
        <ele>128.0</ele>
        <time>2021-10-08T19:33:01.119Z</time>
      </trkpt>
      <trkpt lat="54.73004939965904" lon="25.35168305039406">
        <ele>128.0</ele>
        <time>2021-10-08T19:33:01.439Z</time>
      </trkpt>
      <trkpt lat="54.730071695521474" lon="25.35175303928554">
        <ele>128.0</ele>
        <time>2021-10-08T19:33:01.761Z</time>
      </trkpt>
      <trkpt lat="54.730081586167216" lon="25.351788830012083">
        <ele>128.0</ele>
        <time>2021-10-08T19:33:02.083Z</time>
      </trkpt>
      <trkpt lat="54.73009206354618" lon="25.351832835003734">
        <ele>128.0</ele>
        <time>2021-10-08T19:33:02.407Z</time>
      </trkpt>
      <trkpt lat="54.730120645835996" lon="25.351936602964997">
        <ele>128.0</ele>
        <time>2021-10-08T19:33:02.733Z</time>
      </trkpt>
      <trkpt lat="54.73014025948942" lon="25.352018661797047">
        <ele>128.0</ele>
        <time>2021-10-08T19:33:03.061Z</time>
      </trkpt>
      <trkpt lat="54.73015752620995" lon="25.35212921909988">
        <ele>128.0</ele>
        <time>2021-10-08T19:33:03.392Z</time>
      </trkpt>
      <trkpt lat="54.7302049677819" lon="25.352370534092188">
        <ele>128.0</ele>
        <time>2021-10-08T19:33:03.729Z</time>
      </trkpt>
      <trkpt lat="54.73021603189409" lon="25.35245326347649">
        <ele>128.0</ele>
        <time>2021-10-08T19:33:04.067Z</time>
      </trkpt>
      <trkpt lat="54.730234891176224" lon="25.35256356932223">
        <ele>128.0</ele>
        <time>2021-10-08T19:33:04.408Z</time>
      </trkpt>
      <trkpt lat="54.7302602045238" lon="25.35275610163808">
        <ele>128.0</ele>
        <time>2021-10-08T19:33:04.754Z</time>
      </trkpt>
      <trkpt lat="54.73028660751879" lon="25.35285584628582">
        <ele>128.0</ele>
        <time>2021-10-08T19:33:05.102Z</time>
      </trkpt>
      <trkpt lat="54.73035383038223" lon="25.353084420785308">
        <ele>128.0</ele>
        <time>2021-10-08T19:33:05.456Z</time>
      </trkpt>
      <trkpt lat="54.73035969771445" lon="25.35310009494424">
        <ele>128.0</ele>
        <time>2021-10-08T19:33:05.810Z</time>
      </trkpt>
      <trkpt lat="54.730434380471706" lon="25.353175280615687">
        <ele>129.0</ele>
        <time>2021-10-08T19:33:06.168Z</time>
      </trkpt>
      <trkpt lat="54.7305556666106" lon="25.353345852345228">
        <ele>128.0</ele>
        <time>2021-10-08T19:33:06.532Z</time>
      </trkpt>
      <trkpt lat="54.73058894276619" lon="25.35338558256626">
        <ele>128.0</ele>
        <time>2021-10-08T19:33:06.897Z</time>
      </trkpt>
      <trkpt lat="54.73063504323363" lon="25.353439059108496">
        <ele>128.0</ele>
        <time>2021-10-08T19:33:07.265Z</time>
      </trkpt>
      <trkpt lat="54.73076177760959" lon="25.353501671925187">
        <ele>128.0</ele>
        <time>2021-10-08T19:33:07.638Z</time>
      </trkpt>
      <trkpt lat="54.73084174096584" lon="25.353511394932866">
        <ele>128.0</ele>
        <time>2021-10-08T19:33:08.014Z</time>
      </trkpt>
      <trkpt lat="54.73092815838754" lon="25.353519609197974">
        <ele>129.0</ele>
        <time>2021-10-08T19:33:08.393Z</time>
      </trkpt>
      <trkpt lat="54.731018682941794" lon="25.353545006364584">
        <ele>129.0</ele>
        <time>2021-10-08T19:33:08.776Z</time>
      </trkpt>
      <trkpt lat="54.73106696270406" lon="25.353566547855735">
        <ele>129.0</ele>
        <time>2021-10-08T19:33:09.161Z</time>
      </trkpt>
      <trkpt lat="54.731103675439954" lon="25.35357761196792">
        <ele>129.0</ele>
        <time>2021-10-08T19:33:09.547Z</time>
      </trkpt>
      <trkpt lat="54.7311201877892" lon="25.35358197055757">
        <ele>129.0</ele>
        <time>2021-10-08T19:33:09.934Z</time>
      </trkpt>
      <trkpt lat="54.73117743618786" lon="25.35365480929613">
        <ele>129.0</ele>
        <time>2021-10-08T19:33:10.324Z</time>
      </trkpt>
      <trkpt lat="54.731194619089365" lon="25.353691773489118">
        <ele>130.0</ele>
        <time>2021-10-08T19:33:10.715Z</time>
      </trkpt>
      <trkpt lat="54.73123476840556" lon="25.353766540065408">
        <ele>130.0</ele>
        <time>2021-10-08T19:33:11.108Z</time>
      </trkpt>
      <trkpt lat="54.731265529990196" lon="25.353851448744535">
        <ele>131.0</ele>
        <time>2021-10-08T19:33:11.503Z</time>
      </trkpt>
      <trkpt lat="54.731275588274" lon="25.35388388670981">
        <ele>131.0</ele>
        <time>2021-10-08T19:33:11.899Z</time>
      </trkpt>
      <trkpt lat="54.731284473091364" lon="25.353909451514482">
        <ele>131.0</ele>
        <time>2021-10-08T19:33:12.296Z</time>
      </trkpt>
      <trkpt lat="54.73131607286632" lon="25.353944236412644">
        <ele>131.0</ele>
        <time>2021-10-08T19:33:12.694Z</time>
      </trkpt>
      <trkpt lat="54.73134499043226" lon="25.353978434577584">
        <ele>132.0</ele>
        <time>2021-10-08T19:33:13.094Z</time>
      </trkpt>
      <trkpt lat="54.73138145171106" lon="25.354014560580254">
        <ele>132.0</ele>
        <time>2021-10-08T19:33:13.495Z</time>
      </trkpt>
      <trkpt lat="54.731394443660975" lon="25.3540276363492">
        <ele>132.0</ele>
        <time>2021-10-08T19:33:13.897Z</time>
      </trkpt>
      <trkpt lat="54.731441885232925" lon="25.354062421247363">
        <ele>133.0</ele>
        <time>2021-10-08T19:33:14.301Z</time>
      </trkpt>
      <trkpt lat="54.73146007396281" lon="25.354083376005292">
        <ele>133.0</ele>
        <time>2021-10-08T19:33:14.706Z</time>
      </trkpt>
      <trkpt lat="54.73152813501656" lon="25.354185635223985">
        <ele>134.0</ele>
        <time>2021-10-08T19:33:15.114Z</time>
      </trkpt>
      <trkpt lat="54.7315382771194" lon="25.35419904626906">
        <ele>134.0</ele>
        <time>2021-10-08T19:33:15.523Z</time>
      </trkpt>
      <trkpt lat="54.731551269069314" lon="25.35422008484602">
        <ele>134.0</ele>
        <time>2021-10-08T19:33:15.933Z</time>
      </trkpt>
      <trkpt lat="54.73159309476614" lon="25.354307843372226">
        <ele>135.0</ele>
        <time>2021-10-08T19:33:16.345Z</time>
      </trkpt>
      <trkpt lat="54.73160575143993" lon="25.354330809786916">
        <ele>136.0</ele>
        <time>2021-10-08T19:33:16.758Z</time>
      </trkpt>
      <trkpt lat="54.7316796798259" lon="25.35443264991045">
        <ele>136.0</ele>
        <time>2021-10-08T19:33:17.175Z</time>
      </trkpt>
      <trkpt lat="54.731712117791176" lon="25.354446731507778">
        <ele>136.0</ele>
        <time>2021-10-08T19:33:17.593Z</time>
      </trkpt>
      <trkpt lat="54.731761487200856" lon="25.354473972693086">
        <ele>137.0</ele>
        <time>2021-10-08T19:33:18.013Z</time>
      </trkpt>
      <trkpt lat="54.73183700814843" lon="25.354513116180897">
        <ele>137.0</ele>
        <time>2021-10-08T19:33:18.436Z</time>
      </trkpt>
      <trkpt lat="54.731854777783155" lon="25.354532143101096">
        <ele>138.0</ele>
        <time>2021-10-08T19:33:18.860Z</time>
      </trkpt>
      <trkpt lat="54.73191034980118" lon="25.35458260215819">
        <ele>138.0</ele>
        <time>2021-10-08T19:33:19.286Z</time>
      </trkpt>
      <trkpt lat="54.73193231038749" lon="25.354602551087737">
        <ele>138.0</ele>
        <time>2021-10-08T19:33:19.713Z</time>
      </trkpt>
      <trkpt lat="54.731967095285654" lon="25.354630798101425">
        <ele>138.0</ele>
        <time>2021-10-08T19:33:20.142Z</time>
      </trkpt>
      <trkpt lat="54.73200934007764" lon="25.354664074257016">
        <ele>139.0</ele>
        <time>2021-10-08T19:33:20.573Z</time>
      </trkpt>
      <trkpt lat="54.73202794790268" lon="25.354684693738818">
        <ele>139.0</ele>
        <time>2021-10-08T19:33:21.004Z</time>
      </trkpt>
      <trkpt lat="54.732047729194164" lon="25.354707157239318">
        <ele>139.0</ele>
        <time>2021-10-08T19:33:21.436Z</time>
      </trkpt>
      <trkpt lat="54.732082514092326" lon="25.354758789762855">
        <ele>140.0</ele>
        <time>2021-10-08T19:33:21.870Z</time>
      </trkpt>
      <trkpt lat="54.73211201839149" lon="25.354796424508095">
        <ele>141.0</ele>
        <time>2021-10-08T19:33:22.306Z</time>
      </trkpt>
      <trkpt lat="54.73216909915209" lon="25.354884350672364">
        <ele>141.0</ele>
        <time>2021-10-08T19:33:22.745Z</time>
      </trkpt>
      <trkpt lat="54.732183599844575" lon="25.35491159185767">
        <ele>141.0</ele>
        <time>2021-10-08T19:33:23.184Z</time>
      </trkpt>
      <trkpt lat="54.732202123850584" lon="25.354954674839973">
        <ele>141.0</ele>
        <time>2021-10-08T19:33:23.625Z</time>
      </trkpt>
      <trkpt lat="54.732278399169445" lon="25.355165312066674">
        <ele>142.0</ele>
        <time>2021-10-08T19:33:24.071Z</time>
      </trkpt>
      <trkpt lat="54.73230505362153" lon="25.35523639060557">
        <ele>142.0</ele>
        <time>2021-10-08T19:33:24.519Z</time>
      </trkpt>
      <trkpt lat="54.732342939823866" lon="25.35533705726266">
        <ele>142.0</ele>
        <time>2021-10-08T19:33:24.970Z</time>
      </trkpt>
      <trkpt lat="54.73237990401685" lon="25.355497989803553">
        <ele>142.0</ele>
        <time>2021-10-08T19:33:25.425Z</time>
      </trkpt>
      <trkpt lat="54.73238711245358" lon="25.355536630377173">
        <ele>142.0</ele>
        <time>2021-10-08T19:33:25.881Z</time>
      </trkpt>
      <trkpt lat="54.732394739985466" lon="25.35566101782024">
        <ele>142.0</ele>
        <time>2021-10-08T19:33:26.340Z</time>
      </trkpt>
      <trkpt lat="54.73239683546126" lon="25.35575246438384">
        <ele>142.0</ele>
        <time>2021-10-08T19:33:26.801Z</time>
      </trkpt>
      <trkpt lat="54.73240236751735" lon="25.355913983657956">
        <ele>142.0</ele>
        <time>2021-10-08T19:33:27.265Z</time>
      </trkpt>
      <trkpt lat="54.73240605555475" lon="25.356005430221558">
        <ele>143.0</ele>
        <time>2021-10-08T19:33:27.731Z</time>
      </trkpt>
      <trkpt lat="54.732401110231876" lon="25.35616921260953">
        <ele>143.0</ele>
        <time>2021-10-08T19:33:28.201Z</time>
      </trkpt>
      <trkpt lat="54.732406390830874" lon="25.356306759640574">
        <ele>143.0</ele>
        <time>2021-10-08T19:33:28.674Z</time>
      </trkpt>
      <trkpt lat="54.73241192288697" lon="25.356413209810853">
        <ele>143.0</ele>
        <time>2021-10-08T19:33:29.150Z</time>
      </trkpt>
      <trkpt lat="54.73241971805692" lon="25.3565264493227">
        <ele>142.0</ele>
        <time>2021-10-08T19:33:29.628Z</time>
      </trkpt>
      <trkpt lat="54.73243405111134" lon="25.356621919199824">
        <ele>142.0</ele>
        <time>2021-10-08T19:33:30.109Z</time>
      </trkpt>
      <trkpt lat="54.73244855180383" lon="25.356665924191475">
        <ele>142.0</ele>
        <time>2021-10-08T19:33:30.591Z</time>
      </trkpt>
      <trkpt lat="54.73253270611167" lon="25.356744630262256">
        <ele>143.0</ele>
        <time>2021-10-08T19:33:31.076Z</time>
      </trkpt>
      <trkpt lat="54.73255081102252" lon="25.356777738779783">
        <ele>143.0</ele>
        <time>2021-10-08T19:33:31.562Z</time>
      </trkpt>
      <trkpt lat="54.73258350044489" lon="25.356838926672935">
        <ele>143.0</ele>
        <time>2021-10-08T19:33:32.050Z</time>
      </trkpt>
      <trkpt lat="54.732621470466256" lon="25.356914531439543">
        <ele>143.0</ele>
        <time>2021-10-08T19:33:32.541Z</time>
      </trkpt>
      <trkpt lat="54.732661452144384" lon="25.35698041319847">
        <ele>143.0</ele>
        <time>2021-10-08T19:33:33.034Z</time>
      </trkpt>
      <trkpt lat="54.732698164880276" lon="25.35706934519112">
        <ele>144.0</ele>
        <time>2021-10-08T19:33:33.529Z</time>
      </trkpt>
      <trkpt lat="54.732731357216835" lon="25.357275120913982">
        <ele>144.0</ele>
        <time>2021-10-08T19:33:34.029Z</time>
      </trkpt>
      <trkpt lat="54.73277846351266" lon="25.357402861118317">
        <ele>144.0</ele>
        <time>2021-10-08T19:33:34.533Z</time>
      </trkpt>
      <trkpt lat="54.732799334451556" lon="25.357451643794775">
        <ele>144.0</ele>
        <time>2021-10-08T19:33:35.038Z</time>
      </trkpt>
      <trkpt lat="54.73281433805823" lon="25.357498498633504">
        <ele>144.0</ele>
        <time>2021-10-08T19:33:35.544Z</time>
      </trkpt>
      <trkpt lat="54.732836885377765" lon="25.35758089274168">
        <ele>144.0</ele>
        <time>2021-10-08T19:33:36.052Z</time>
      </trkpt>
      <trkpt lat="54.73290980793536" lon="25.357731180265546">
        <ele>144.0</ele>
        <time>2021-10-08T19:33:36.565Z</time>
      </trkpt>
      <trkpt lat="54.732930762693286" lon="25.357763869687915">
        <ele>144.0</ele>
        <time>2021-10-08T19:33:37.079Z</time>
      </trkpt>
      <trkpt lat="54.732981473207474" lon="25.357894459739327">
        <ele>145.0</ele>
        <time>2021-10-08T19:33:37.596Z</time>
      </trkpt>
      <trkpt lat="54.73301164805889" lon="25.35797961987555">
        <ele>145.0</ele>
        <time>2021-10-08T19:33:38.116Z</time>
      </trkpt>
      <trkpt lat="54.73305799998343" lon="25.35811842419207">
        <ele>145.0</ele>
        <time>2021-10-08T19:33:38.639Z</time>
      </trkpt>
      <trkpt lat="54.73311717621982" lon="25.358262173831463">
        <ele>145.0</ele>
        <time>2021-10-08T19:33:39.166Z</time>
      </trkpt>
      <trkpt lat="54.73312941379845" lon="25.358300982043147">
        <ele>145.0</ele>
        <time>2021-10-08T19:33:39.694Z</time>
      </trkpt>
      <trkpt lat="54.73317241296172" lon="25.358449509367347">
        <ele>146.0</ele>
        <time>2021-10-08T19:33:40.226Z</time>
      </trkpt>
      <trkpt lat="54.733186326920986" lon="25.358508098870516">
        <ele>146.0</ele>
        <time>2021-10-08T19:33:40.759Z</time>
      </trkpt>
      <trkpt lat="54.73318934440613" lon="25.35854397341609">
        <ele>146.0</ele>
        <time>2021-10-08T19:33:41.293Z</time>
      </trkpt>
      <trkpt lat="54.7331924457103" lon="25.358682526275516">
        <ele>146.0</ele>
        <time>2021-10-08T19:33:41.830Z</time>
      </trkpt>
      <trkpt lat="54.73320158198476" lon="25.35877028480172">
        <ele>147.0</ele>
        <time>2021-10-08T19:33:42.369Z</time>
      </trkpt>
      <trkpt lat="54.733208706602454" lon="25.35885184071958">
        <ele>147.0</ele>
        <time>2021-10-08T19:33:42.910Z</time>
      </trkpt>
      <trkpt lat="54.733240474015474" lon="25.35905216820538">
        <ele>147.0</ele>
        <time>2021-10-08T19:33:43.456Z</time>
      </trkpt>
      <trkpt lat="54.733254639431834" lon="25.359137998893857">
        <ele>147.0</ele>
        <time>2021-10-08T19:33:44.004Z</time>
      </trkpt>
      <trkpt lat="54.73326025530696" lon="25.359224919229746">
        <ele>147.0</ele>
        <time>2021-10-08T19:33:44.554Z</time>
      </trkpt>
      <trkpt lat="54.733275258913636" lon="25.35938057117164">
        <ele>147.0</ele>
        <time>2021-10-08T19:33:45.108Z</time>
      </trkpt>
      <trkpt lat="54.73328707739711" lon="25.35944502800703">
        <ele>147.0</ele>
        <time>2021-10-08T19:33:45.663Z</time>
      </trkpt>
      <trkpt lat="54.73331314511597" lon="25.35958081483841">
        <ele>147.0</ele>
        <time>2021-10-08T19:33:46.221Z</time>
      </trkpt>
      <trkpt lat="54.73331943154335" lon="25.359612330794334">
        <ele>147.0</ele>
        <time>2021-10-08T19:33:46.780Z</time>
      </trkpt>
      <trkpt lat="54.73334248177707" lon="25.359683744609356">
        <ele>147.0</ele>
        <time>2021-10-08T19:33:47.341Z</time>
      </trkpt>
      <trkpt lat="54.73336276598275" lon="25.35973378457129">
        <ele>147.0</ele>
        <time>2021-10-08T19:33:47.903Z</time>
      </trkpt>
      <trkpt lat="54.73337282426655" lon="25.359780807048082">
        <ele>148.0</ele>
        <time>2021-10-08T19:33:48.466Z</time>
      </trkpt>
      <trkpt lat="54.73339947871864" lon="25.359869487583637">
        <ele>148.0</ele>
        <time>2021-10-08T19:33:49.032Z</time>
      </trkpt>
      <trkpt lat="54.73340693861246" lon="25.359907541424036">
        <ele>149.0</ele>
        <time>2021-10-08T19:33:49.599Z</time>
      </trkpt>
      <trkpt lat="54.733439879491925" lon="25.36016478203237">
        <ele>150.0</ele>
        <time>2021-10-08T19:33:50.172Z</time>
      </trkpt>
      <trkpt lat="54.733463851734996" lon="25.36027517169714">
        <ele>150.0</ele>
        <time>2021-10-08T19:33:50.747Z</time>
      </trkpt>
      <trkpt lat="54.73347784951329" lon="25.36036661826074">
        <ele>150.0</ele>
        <time>2021-10-08T19:33:51.324Z</time>
      </trkpt>
      <trkpt lat="54.73350567743182" lon="25.360541800037026">
        <ele>149.0</ele>
        <time>2021-10-08T19:33:51.906Z</time>
      </trkpt>
      <trkpt lat="54.73351296968758" lon="25.3605863917619">
        <ele>149.0</ele>
        <time>2021-10-08T19:33:52.489Z</time>
      </trkpt>
      <trkpt lat="54.73352135159075" lon="25.36066853441298">
        <ele>149.0</ele>
        <time>2021-10-08T19:33:53.073Z</time>
      </trkpt>
      <trkpt lat="54.73352453671396" lon="25.36069007590413">
        <ele>149.0</ele>
        <time>2021-10-08T19:33:53.658Z</time>
      </trkpt>
      <trkpt lat="54.733529314398766" lon="25.36071740090847">
        <ele>149.0</ele>
        <time>2021-10-08T19:33:54.244Z</time>
      </trkpt>
      <trkpt lat="54.733564518392086" lon="25.36075604148209">
        <ele>149.0</ele>
        <time>2021-10-08T19:33:54.831Z</time>
      </trkpt>
      <trkpt lat="54.73357264883816" lon="25.36075604148209">
        <ele>149.0</ele>
        <time>2021-10-08T19:33:55.419Z</time>
      </trkpt>
      <trkpt lat="54.73359804600477" lon="25.360754197463393">
        <ele>150.0</ele>
        <time>2021-10-08T19:33:56.008Z</time>
      </trkpt>
      <trkpt lat="54.733622185885906" lon="25.360750509425998">
        <ele>150.0</ele>
        <time>2021-10-08T19:33:56.598Z</time>
      </trkpt>
      <trkpt lat="54.733652947470546" lon="25.360752856358886">
        <ele>151.0</ele>
        <time>2021-10-08T19:33:57.189Z</time>
      </trkpt>
      <trkpt lat="54.73366744816303" lon="25.360752269625664">
        <ele>151.0</ele>
        <time>2021-10-08T19:33:57.780Z</time>
      </trkpt>
      <trkpt lat="54.73372511565685" lon="25.360755873844028">
        <ele>152.0</ele>
        <time>2021-10-08T19:33:58.374Z</time>
      </trkpt>
      <trkpt lat="54.73376031965017" lon="25.360755119472742">
        <ele>152.0</ele>
        <time>2021-10-08T19:33:58.969Z</time>
      </trkpt>
      <trkpt lat="54.73381396383047" lon="25.360751934349537">
        <ele>152.0</ele>
        <time>2021-10-08T19:33:59.566Z</time>
      </trkpt>
      <trkpt lat="54.733873810619116" lon="25.36076576448977">
        <ele>153.0</ele>
        <time>2021-10-08T19:34:00.165Z</time>
      </trkpt>
      <trkpt lat="54.733929047361016" lon="25.360796945169568">
        <ele>154.0</ele>
        <time>2021-10-08T19:34:00.767Z</time>
      </trkpt>
      <trkpt lat="54.73394891247153" lon="25.36081178113818">
        <ele>154.0</ele>
        <time>2021-10-08T19:34:01.370Z</time>
      </trkpt>
      <trkpt lat="54.73398897796869" lon="25.360840363427997">
        <ele>155.0</ele>
        <time>2021-10-08T19:34:01.974Z</time>
      </trkpt>
      <trkpt lat="54.73402644507587" lon="25.360868023708463">
        <ele>155.0</ele>
        <time>2021-10-08T19:34:02.580Z</time>
      </trkpt>
      <trkpt lat="54.734051674604416" lon="25.360881434753537">
        <ele>155.0</ele>
        <time>2021-10-08T19:34:03.187Z</time>
      </trkpt>
      <trkpt lat="54.734154772013426" lon="25.360967433080077">
        <ele>157.0</ele>
        <time>2021-10-08T19:34:03.798Z</time>
      </trkpt>
      <trkpt lat="54.734255438670516" lon="25.361093329265714">
        <ele>157.0</ele>
        <time>2021-10-08T19:34:04.414Z</time>
      </trkpt>
      <trkpt lat="54.73426876589656" lon="25.361122833564878">
        <ele>157.0</ele>
        <time>2021-10-08T19:34:05.031Z</time>
      </trkpt>
      <trkpt lat="54.73428435623646" lon="25.36114881746471">
        <ele>158.0</ele>
        <time>2021-10-08T19:34:05.649Z</time>
      </trkpt>
      <trkpt lat="54.73430011421442" lon="25.361183350905776">
        <ele>158.0</ele>
        <time>2021-10-08T19:34:06.268Z</time>
      </trkpt>
      <trkpt lat="54.734330121427774" lon="25.361259039491415">
        <ele>158.0</ele>
        <time>2021-10-08T19:34:06.889Z</time>
      </trkpt>
      <trkpt lat="54.73434453830123" lon="25.361292818561196">
        <ele>158.0</ele>
        <time>2021-10-08T19:34:07.511Z</time>
      </trkpt>
      <trkpt lat="54.73441058769822" lon="25.361403627321124">
        <ele>158.0</ele>
        <time>2021-10-08T19:34:08.137Z</time>
      </trkpt>
      <trkpt lat="54.73449013195932" lon="25.361550310626626">
        <ele>159.0</ele>
        <time>2021-10-08T19:34:08.767Z</time>
      </trkpt>
      <trkpt lat="54.73450547084212" lon="25.36158467642963">
        <ele>159.0</ele>
        <time>2021-10-08T19:34:09.398Z</time>
      </trkpt>
      <trkpt lat="54.73451812751591" lon="25.361609235405922">
        <ele>159.0</ele>
        <time>2021-10-08T19:34:10.030Z</time>
      </trkpt>
      <trkpt lat="54.734555426985025" lon="25.36168785765767">
        <ele>159.0</ele>
        <time>2021-10-08T19:34:10.664Z</time>
      </trkpt>
      <trkpt lat="54.734575878828764" lon="25.361711662262678">
        <ele>159.0</ele>
        <time>2021-10-08T19:34:11.299Z</time>
      </trkpt>
      <trkpt lat="54.734624745324254" lon="25.361746195703745">
        <ele>158.0</ele>
        <time>2021-10-08T19:34:11.936Z</time>
      </trkpt>
      <trkpt lat="54.734666319563985" lon="25.36176899448037">
        <ele>158.0</ele>
        <time>2021-10-08T19:34:12.575Z</time>
      </trkpt>
      <trkpt lat="54.73470646888018" lon="25.36178936250508">
        <ele>158.0</ele>
        <time>2021-10-08T19:34:13.216Z</time>
      </trkpt>
      <trkpt lat="54.73473287187517" lon="25.361807215958834">
        <ele>158.0</ele>
        <time>2021-10-08T19:34:13.858Z</time>
      </trkpt>
      <trkpt lat="54.73478148691356" lon="25.361826410517097">
        <ele>158.0</ele>
        <time>2021-10-08T19:34:14.502Z</time>
      </trkpt>
      <trkpt lat="54.73492942750454" lon="25.361862368881702">
        <ele>157.0</ele>
        <time>2021-10-08T19:34:15.151Z</time>
      </trkpt>
      <trkpt lat="54.73499329760671" lon="25.36187343299389">
        <ele>158.0</ele>
        <time>2021-10-08T19:34:15.803Z</time>
      </trkpt>
      <trkpt lat="54.73503654822707" lon="25.361885335296392">
        <ele>158.0</ele>
        <time>2021-10-08T19:34:16.457Z</time>
      </trkpt>
      <trkpt lat="54.735115924850106" lon="25.361923053860664">
        <ele>158.0</ele>
        <time>2021-10-08T19:34:17.114Z</time>
      </trkpt>
      <trkpt lat="54.735160851851106" lon="25.361950881779194">
        <ele>158.0</ele>
        <time>2021-10-08T19:34:17.773Z</time>
      </trkpt>
      <trkpt lat="54.73520896397531" lon="25.361954318359494">
        <ele>159.0</ele>
        <time>2021-10-08T19:34:18.434Z</time>
      </trkpt>
      <trkpt lat="54.735227739438415" lon="25.361956749111414">
        <ele>159.0</ele>
        <time>2021-10-08T19:34:19.095Z</time>
      </trkpt>
      <trkpt lat="54.735321030020714" lon="25.361952474340796">
        <ele>160.0</ele>
        <time>2021-10-08T19:34:19.760Z</time>
      </trkpt>
      <trkpt lat="54.735364615917206" lon="25.361970327794552">
        <ele>160.0</ele>
        <time>2021-10-08T19:34:20.427Z</time>
      </trkpt>
      <trkpt lat="54.73545136861503" lon="25.362012153491378">
        <ele>161.0</ele>
        <time>2021-10-08T19:34:21.097Z</time>
      </trkpt>
      <trkpt lat="54.73547668196261" lon="25.36202548071742">
        <ele>161.0</ele>
        <time>2021-10-08T19:34:21.768Z</time>
      </trkpt>
      <trkpt lat="54.735494032502174" lon="25.362034030258656">
        <ele>161.0</ele>
        <time>2021-10-08T19:34:22.440Z</time>
      </trkpt>
      <trkpt lat="54.73559738136828" lon="25.36207820288837">
        <ele>161.0</ele>
        <time>2021-10-08T19:34:23.116Z</time>
      </trkpt>
      <trkpt lat="54.73573266528547" lon="25.362158585339785">
        <ele>161.0</ele>
        <time>2021-10-08T19:34:23.798Z</time>
      </trkpt>
      <trkpt lat="54.73575437441468" lon="25.36218515597284">
        <ele>161.0</ele>
        <time>2021-10-08T19:34:24.481Z</time>
      </trkpt>
      <trkpt lat="54.73582964390516" lon="25.36223653703928">
        <ele>161.0</ele>
        <time>2021-10-08T19:34:25.167Z</time>
      </trkpt>
      <trkpt lat="54.73586602136493" lon="25.362243661656976">
        <ele>161.0</ele>
        <time>2021-10-08T19:34:25.855Z</time>
      </trkpt>
      <trkpt lat="54.73588622175157" lon="25.362241650000215">
        <ele>161.0</ele>
        <time>2021-10-08T19:34:26.543Z</time>
      </trkpt>
      <trkpt lat="54.73592821508646" lon="25.36223662085831">
        <ele>161.0</ele>
        <time>2021-10-08T19:34:27.233Z</time>
      </trkpt>
      <trkpt lat="54.73594933748245" lon="25.362237878143787">
        <ele>162.0</ele>
        <time>2021-10-08T19:34:27.924Z</time>
      </trkpt>
      <trkpt lat="54.73607908934355" lon="25.362250618636608">
        <ele>162.0</ele>
        <time>2021-10-08T19:34:28.620Z</time>
      </trkpt>
      <trkpt lat="54.73609811626375" lon="25.362269142642617">
        <ele>162.0</ele>
        <time>2021-10-08T19:34:29.317Z</time>
      </trkpt>
      <trkpt lat="54.73614941351116" lon="25.362319853156805">
        <ele>162.0</ele>
        <time>2021-10-08T19:34:30.016Z</time>
      </trkpt>
      <trkpt lat="54.73616944625974" lon="25.362342400476336">
        <ele>162.0</ele>
        <time>2021-10-08T19:34:30.716Z</time>
      </trkpt>
      <trkpt lat="54.73621177487075" lon="25.362409120425582">
        <ele>162.0</ele>
        <time>2021-10-08T19:34:31.418Z</time>
      </trkpt>
      <trkpt lat="54.73625108599663" lon="25.362485060468316">
        <ele>162.0</ele>
        <time>2021-10-08T19:34:32.123Z</time>
      </trkpt>
      <trkpt lat="54.736291989684105" lon="25.36255219951272">
        <ele>162.0</ele>
        <time>2021-10-08T19:34:32.830Z</time>
      </trkpt>
      <trkpt lat="54.736328199505806" lon="25.362673988565803">
        <ele>163.0</ele>
        <time>2021-10-08T19:34:33.540Z</time>
      </trkpt>
      <trkpt lat="54.736335491761565" lon="25.362717239186168">
        <ele>163.0</ele>
        <time>2021-10-08T19:34:34.251Z</time>
      </trkpt>
      <trkpt lat="54.736342784017324" lon="25.362763926386833">
        <ele>163.0</ele>
        <time>2021-10-08T19:34:34.963Z</time>
      </trkpt>
      <trkpt lat="54.73635829053819" lon="25.362884793430567">
        <ele>163.0</ele>
        <time>2021-10-08T19:34:35.678Z</time>
      </trkpt>
      <trkpt lat="54.73636901937425" lon="25.36313164047897">
        <ele>163.0</ele>
        <time>2021-10-08T19:34:36.398Z</time>
      </trkpt>
      <trkpt lat="54.736347729340196" lon="25.36333196796477">
        <ele>163.0</ele>
        <time>2021-10-08T19:34:37.123Z</time>
      </trkpt>
      <trkpt lat="54.736323757097125" lon="25.363557189702988">
        <ele>163.0</ele>
        <time>2021-10-08T19:34:37.853Z</time>
      </trkpt>
      <trkpt lat="54.73631797358394" lon="25.3637551702559">
        <ele>162.0</ele>
        <time>2021-10-08T19:34:38.588Z</time>
      </trkpt>
      <trkpt lat="54.73634412512183" lon="25.363906295970082">
        <ele>163.0</ele>
        <time>2021-10-08T19:34:39.326Z</time>
      </trkpt>
      <trkpt lat="54.73636566661298" lon="25.36399371922016">
        <ele>163.0</ele>
        <time>2021-10-08T19:34:40.066Z</time>
      </trkpt>
      <trkpt lat="54.736376982182264" lon="25.364023307338357">
        <ele>163.0</ele>
        <time>2021-10-08T19:34:40.807Z</time>
      </trkpt>
      <trkpt lat="54.73639089614153" lon="25.36404795013368">
        <ele>163.0</ele>
        <time>2021-10-08T19:34:41.549Z</time>
      </trkpt>
      <trkpt lat="54.73642811179161" lon="25.36409094929695">
        <ele>164.0</ele>
        <time>2021-10-08T19:34:42.293Z</time>
      </trkpt>
      <trkpt lat="54.73649634048343" lon="25.364174265414476">
        <ele>164.0</ele>
        <time>2021-10-08T19:34:43.040Z</time>
      </trkpt>
      <trkpt lat="54.73654629662633" lon="25.364235201850533">
        <ele>164.0</ele>
        <time>2021-10-08T19:34:43.789Z</time>
      </trkpt>
      <trkpt lat="54.73656699992716" lon="25.364264454692602">
        <ele>164.0</ele>
        <time>2021-10-08T19:34:44.539Z</time>
      </trkpt>
      <trkpt lat="54.736582254990935" lon="25.36428725346923">
        <ele>164.0</ele>
        <time>2021-10-08T19:34:45.290Z</time>
      </trkpt>
      <trkpt lat="54.736673617735505" lon="25.36443787626922">
        <ele>165.0</ele>
        <time>2021-10-08T19:34:46.046Z</time>
      </trkpt>
      <trkpt lat="54.736707312986255" lon="25.364473583176732">
        <ele>165.0</ele>
        <time>2021-10-08T19:34:46.804Z</time>
      </trkpt>
      <trkpt lat="54.73677076399326" lon="25.364515827968717">
        <ele>165.0</ele>
        <time>2021-10-08T19:34:47.564Z</time>
      </trkpt>
      <trkpt lat="54.73679104819894" lon="25.364536279812455">
        <ele>165.0</ele>
        <time>2021-10-08T19:34:48.325Z</time>
      </trkpt>
      <trkpt lat="54.736871933564544" lon="25.364576345309615">
        <ele>166.0</ele>
        <time>2021-10-08T19:34:49.090Z</time>
      </trkpt>
      <trkpt lat="54.73692398518324" lon="25.36457751877606">
        <ele>166.0</ele>
        <time>2021-10-08T19:34:49.857Z</time>
      </trkpt>
      <trkpt lat="54.73695835098624" lon="25.364582547917962">
        <ele>166.0</ele>
        <time>2021-10-08T19:34:50.625Z</time>
      </trkpt>
      <trkpt lat="54.73697586916387" lon="25.364583302289248">
        <ele>166.0</ele>
        <time>2021-10-08T19:34:51.394Z</time>
      </trkpt>
      <trkpt lat="54.73699355497956" lon="25.36458095535636">
        <ele>166.0</ele>
        <time>2021-10-08T19:34:52.163Z</time>
      </trkpt>
      <trkpt lat="54.7370330337435" lon="25.364584978669882">
        <ele>167.0</ele>
        <time>2021-10-08T19:34:52.934Z</time>
      </trkpt>
      <trkpt lat="54.737153900787234" lon="25.364642897620797">
        <ele>167.0</ele>
        <time>2021-10-08T19:34:53.710Z</time>
      </trkpt>
      <trkpt lat="54.737217519432306" lon="25.36467240191996">
        <ele>167.0</ele>
        <time>2021-10-08T19:34:54.488Z</time>
      </trkpt>
      <trkpt lat="54.73725481890142" lon="25.36471137776971">
        <ele>167.0</ele>
        <time>2021-10-08T19:34:55.268Z</time>
      </trkpt>
      <trkpt lat="54.73727149888873" lon="25.364731578156352">
        <ele>167.0</ele>
        <time>2021-10-08T19:34:56.049Z</time>
      </trkpt>
      <trkpt lat="54.737341068685055" lon="25.364777678623796">
        <ele>168.0</ele>
        <time>2021-10-08T19:34:56.833Z</time>
      </trkpt>
      <trkpt lat="54.737364705652" lon="25.364789916202426">
        <ele>168.0</ele>
        <time>2021-10-08T19:34:57.618Z</time>
      </trkpt>
      <trkpt lat="54.73747082054615" lon="25.36484330892563">
        <ele>168.0</ele>
        <time>2021-10-08T19:34:58.407Z</time>
      </trkpt>
      <trkpt lat="54.737494541332126" lon="25.364859653636813">
        <ele>168.0</ele>
        <time>2021-10-08T19:34:59.197Z</time>
      </trkpt>
      <trkpt lat="54.73761415109038" lon="25.36495478823781">
        <ele>169.0</ele>
        <time>2021-10-08T19:34:59.992Z</time>
      </trkpt>
      <trkpt lat="54.73772789351642" lon="25.36502419039607">
        <ele>169.0</ele>
        <time>2021-10-08T19:35:00.792Z</time>
      </trkpt>
      <trkpt lat="54.737747171893716" lon="25.36503450013697">
        <ele>169.0</ele>
        <time>2021-10-08T19:35:01.593Z</time>
      </trkpt>
      <trkpt lat="54.73784524016082" lon="25.365082444623113">
        <ele>170.0</ele>
        <time>2021-10-08T19:35:02.398Z</time>
      </trkpt>
      <trkpt lat="54.73788354545832" lon="25.365083618089557">
        <ele>170.0</ele>
        <time>2021-10-08T19:35:03.204Z</time>
      </trkpt>
      <trkpt lat="54.737965101376176" lon="25.365099040791392">
        <ele>170.0</ele>
        <time>2021-10-08T19:35:04.014Z</time>
      </trkpt>
      <trkpt lat="54.73798186518252" lon="25.36509887315333">
        <ele>170.0</ele>
        <time>2021-10-08T19:35:04.824Z</time>
      </trkpt>
      <trkpt lat="54.738049088045955" lon="25.365081522613764">
        <ele>171.0</ele>
        <time>2021-10-08T19:35:05.637Z</time>
      </trkpt>
      <trkpt lat="54.738187892362475" lon="25.36508923396468">
        <ele>171.0</ele>
        <time>2021-10-08T19:35:06.455Z</time>
      </trkpt>
      <trkpt lat="54.73822921514511" lon="25.365092335268855">
        <ele>172.0</ele>
        <time>2021-10-08T19:35:07.275Z</time>
      </trkpt>
      <trkpt lat="54.738298282027245" lon="25.36510331556201">
        <ele>172.0</ele>
        <time>2021-10-08T19:35:08.098Z</time>
      </trkpt>
      <trkpt lat="54.738417053595185" lon="25.365140698850155">
        <ele>172.0</ele>
        <time>2021-10-08T19:35:08.925Z</time>
      </trkpt>
      <trkpt lat="54.73845477215946" lon="25.365157714113593">
        <ele>172.0</ele>
        <time>2021-10-08T19:35:09.754Z</time>
      </trkpt>
      <trkpt lat="54.738472206518054" lon="25.365174980834126">
        <ele>172.0</ele>
        <time>2021-10-08T19:35:10.584Z</time>
      </trkpt>
      <trkpt lat="54.73848628811538" lon="25.36519618704915">
        <ele>172.0</ele>
        <time>2021-10-08T19:35:11.414Z</time>
      </trkpt>
      <trkpt lat="54.73850070498884" lon="25.36521915346384">
        <ele>172.0</ele>
        <time>2021-10-08T19:35:12.245Z</time>
      </trkpt>
      <trkpt lat="54.738510847091675" lon="25.36525972187519">
        <ele>172.0</ele>
        <time>2021-10-08T19:35:13.077Z</time>
      </trkpt>
      <trkpt lat="54.73853616043925" lon="25.365316215902567">
        <ele>172.0</ele>
        <time>2021-10-08T19:35:13.911Z</time>
      </trkpt>
      <trkpt lat="54.73858083598316" lon="25.36540137603879">
        <ele>172.0</ele>
        <time>2021-10-08T19:35:14.747Z</time>
      </trkpt>
      <trkpt lat="54.73864311352372" lon="25.36554998718202">
        <ele>173.0</ele>
        <time>2021-10-08T19:35:15.588Z</time>
      </trkpt>
      <trkpt lat="54.738661302253604" lon="25.36559399217367">
        <ele>173.0</ele>
        <time>2021-10-08T19:35:16.430Z</time>
      </trkpt>
      <trkpt lat="54.73874998278916" lon="25.365794990211725">
        <ele>174.0</ele>
        <time>2021-10-08T19:35:17.278Z</time>
      </trkpt>
      <trkpt lat="54.73877772688866" lon="25.365880569443107">
        <ele>175.0</ele>
        <time>2021-10-08T19:35:18.128Z</time>
      </trkpt>
      <trkpt lat="54.738812847062945" lon="25.365958102047443">
        <ele>175.0</ele>
        <time>2021-10-08T19:35:18.980Z</time>
      </trkpt>
      <trkpt lat="54.73884914070368" lon="25.366049464792013">
        <ele>176.0</ele>
        <time>2021-10-08T19:35:19.835Z</time>
      </trkpt>
      <trkpt lat="54.73886406049132" lon="25.366088273003697">
        <ele>176.0</ele>
        <time>2021-10-08T19:35:20.691Z</time>
      </trkpt>
      <trkpt lat="54.73889574408531" lon="25.366149796172976">
        <ele>176.0</ele>
        <time>2021-10-08T19:35:21.548Z</time>
      </trkpt>
      <trkpt lat="54.7389464545995" lon="25.36625456996262">
        <ele>176.0</ele>
        <time>2021-10-08T19:35:22.409Z</time>
      </trkpt>
      <trkpt lat="54.739000936970115" lon="25.366388512775302">
        <ele>177.0</ele>
        <time>2021-10-08T19:35:23.273Z</time>
      </trkpt>
      <trkpt lat="54.73903329111636" lon="25.366443246603012">
        <ele>177.0</ele>
        <time>2021-10-08T19:35:24.139Z</time>
      </trkpt>
      <trkpt lat="54.73909221589565" lon="25.366687746718526">
        <ele>177.0</ele>
        <time>2021-10-08T19:35:25.011Z</time>
      </trkpt>
      <trkpt lat="54.73913940601051" lon="25.36688237451017">
        <ele>177.0</ele>
        <time>2021-10-08T19:35:25.888Z</time>
      </trkpt>
      <trkpt lat="54.73917419090867" lon="25.367061076685786">
        <ele>177.0</ele>
        <time>2021-10-08T19:35:26.769Z</time>
      </trkpt>
      <trkpt lat="54.7392141725868" lon="25.367199629545212">
        <ele>177.0</ele>
        <time>2021-10-08T19:35:27.654Z</time>
      </trkpt>
      <trkpt lat="54.739226158708334" lon="25.36722645163536">
        <ele>177.0</ele>
        <time>2021-10-08T19:35:28.539Z</time>
      </trkpt>
      <trkpt lat="54.73929229192436" lon="25.367384618148208">
        <ele>178.0</ele>
        <time>2021-10-08T19:35:29.429Z</time>
      </trkpt>
      <trkpt lat="54.73934283480048" lon="25.367568684741855">
        <ele>178.0</ele>
        <time>2021-10-08T19:35:30.323Z</time>
      </trkpt>
      <trkpt lat="54.73937451839447" lon="25.367656610906124">
        <ele>178.0</ele>
        <time>2021-10-08T19:35:31.220Z</time>
      </trkpt>
      <trkpt lat="54.73938575014472" lon="25.367687037214637">
        <ele>178.0</ele>
        <time>2021-10-08T19:35:32.118Z</time>
      </trkpt>
      <trkpt lat="54.73940771073103" lon="25.36776239052415">
        <ele>178.0</ele>
        <time>2021-10-08T19:35:33.018Z</time>
      </trkpt>
      <trkpt lat="54.739441238343716" lon="25.367887280881405">
        <ele>177.0</ele>
        <time>2021-10-08T19:35:33.921Z</time>
      </trkpt>
      <trkpt lat="54.739455822855234" lon="25.367970764636993">
        <ele>177.0</ele>
        <time>2021-10-08T19:35:34.826Z</time>
      </trkpt>
      <trkpt lat="54.7394834831357" lon="25.368118789047003">
        <ele>177.0</ele>
        <time>2021-10-08T19:35:35.734Z</time>
      </trkpt>
      <trkpt lat="54.7395458444953" lon="25.368346609175205">
        <ele>176.0</ele>
        <time>2021-10-08T19:35:36.648Z</time>
      </trkpt>
      <trkpt lat="54.739570152014494" lon="25.368467140942812">
        <ele>176.0</ele>
        <time>2021-10-08T19:35:37.565Z</time>
      </trkpt>
      <trkpt lat="54.73961440846324" lon="25.368585074320436">
        <ele>175.0</ele>
        <time>2021-10-08T19:35:38.485Z</time>
      </trkpt>
      <trkpt lat="54.73965413868427" lon="25.36870996467769">
        <ele>175.0</ele>
        <time>2021-10-08T19:35:39.408Z</time>
      </trkpt>
      <trkpt lat="54.739665454253554" lon="25.368782468140125">
        <ele>175.0</ele>
        <time>2021-10-08T19:35:40.333Z</time>
      </trkpt>
      <trkpt lat="54.739711889997125" lon="25.368990674614906">
        <ele>175.0</ele>
        <time>2021-10-08T19:35:41.263Z</time>
      </trkpt>
      <trkpt lat="54.739721696823835" lon="25.3690392896533">
        <ele>175.0</ele>
        <time>2021-10-08T19:35:42.194Z</time>
      </trkpt>
      <trkpt lat="54.739730414003134" lon="25.369151355698705">
        <ele>175.0</ele>
        <time>2021-10-08T19:35:43.128Z</time>
      </trkpt>
      <trkpt lat="54.739739215001464" lon="25.369259398430586">
        <ele>175.0</ele>
        <time>2021-10-08T19:35:44.064Z</time>
      </trkpt>
      <trkpt lat="54.73975086584687" lon="25.36929820664227">
        <ele>175.0</ele>
        <time>2021-10-08T19:35:45.001Z</time>
      </trkpt>
      <trkpt lat="54.73978162743151" lon="25.369375236332417">
        <ele>175.0</ele>
        <time>2021-10-08T19:35:45.940Z</time>
      </trkpt>
      <trkpt lat="54.739796882495284" lon="25.36940616555512">
        <ele>175.0</ele>
        <time>2021-10-08T19:35:46.880Z</time>
      </trkpt>
      <trkpt lat="54.73983627744019" lon="25.36963591352105">
        <ele>175.0</ele>
        <time>2021-10-08T19:35:47.826Z</time>
      </trkpt>
      <trkpt lat="54.73984063602984" lon="25.369783183559775">
        <ele>174.0</ele>
        <time>2021-10-08T19:35:48.775Z</time>
      </trkpt>
      <trkpt lat="54.7398460842669" lon="25.369890220463276">
        <ele>174.0</ele>
        <time>2021-10-08T19:35:49.726Z</time>
      </trkpt>
      <trkpt lat="54.739873157814145" lon="25.37006137892604">
        <ele>174.0</ele>
        <time>2021-10-08T19:35:50.681Z</time>
      </trkpt>
      <trkpt lat="54.73987977951765" lon="25.370089123025537">
        <ele>174.0</ele>
        <time>2021-10-08T19:35:51.637Z</time>
      </trkpt>
      <trkpt lat="54.739885982126" lon="25.370194064453244">
        <ele>175.0</ele>
        <time>2021-10-08T19:35:52.595Z</time>
      </trkpt>
      <trkpt lat="54.73989151418209" lon="25.3702378179878">
        <ele>175.0</ele>
        <time>2021-10-08T19:35:53.554Z</time>
      </trkpt>
      <trkpt lat="54.739900985732675" lon="25.370268914848566">
        <ele>174.0</ele>
        <time>2021-10-08T19:35:54.514Z</time>
      </trkpt>
      <trkpt lat="54.739929903298616" lon="25.370364049449563">
        <ele>174.0</ele>
        <time>2021-10-08T19:35:55.477Z</time>
      </trkpt>
      <trkpt lat="54.73995412699878" lon="25.370440995320678">
        <ele>173.0</ele>
        <time>2021-10-08T19:35:56.442Z</time>
      </trkpt>
      <trkpt lat="54.73997365683317" lon="25.370525736361742">
        <ele>173.0</ele>
        <time>2021-10-08T19:35:57.409Z</time>
      </trkpt>
      <trkpt lat="54.73997910507023" lon="25.37056664004922">
        <ele>173.0</ele>
        <time>2021-10-08T19:35:58.377Z</time>
      </trkpt>
      <trkpt lat="54.739995282143354" lon="25.370650123804808">
        <ele>172.0</ele>
        <time>2021-10-08T19:35:59.347Z</time>
      </trkpt>
      <trkpt lat="54.740027552470565" lon="25.370849445462227">
        <ele>172.0</ele>
        <time>2021-10-08T19:36:00.321Z</time>
      </trkpt>
      <trkpt lat="54.740046076476574" lon="25.370936365798116">
        <ele>172.0</ele>
        <time>2021-10-08T19:36:01.298Z</time>
      </trkpt>
      <trkpt lat="54.74007097072899" lon="25.371080031618476">
        <ele>172.0</ele>
        <time>2021-10-08T19:36:02.278Z</time>
      </trkpt>
      <trkpt lat="54.74007281474769" lon="25.3711702208966">
        <ele>172.0</ele>
        <time>2021-10-08T19:36:03.260Z</time>
      </trkpt>
      <trkpt lat="54.740078430622816" lon="25.371204167604446">
        <ele>171.0</ele>
        <time>2021-10-08T19:36:04.243Z</time>
      </trkpt>
      <trkpt lat="54.740107180550694" lon="25.371300308033824">
        <ele>171.0</ele>
        <time>2021-10-08T19:36:05.228Z</time>
      </trkpt>
      <trkpt lat="54.74012830294669" lon="25.371378175914288">
        <ele>171.0</ele>
        <time>2021-10-08T19:36:06.215Z</time>
      </trkpt>
      <trkpt lat="54.74015738815069" lon="25.37145252339542">
        <ele>171.0</ele>
        <time>2021-10-08T19:36:07.204Z</time>
      </trkpt>
      <trkpt lat="54.74017205648124" lon="25.371479764580727">
        <ele>170.0</ele>
        <time>2021-10-08T19:36:08.194Z</time>
      </trkpt>
      <trkpt lat="54.74021044559777" lon="25.37153374403715">
        <ele>170.0</ele>
        <time>2021-10-08T19:36:09.186Z</time>
      </trkpt>
      <trkpt lat="54.74022125825286" lon="25.37157137878239">
        <ele>170.0</ele>
        <time>2021-10-08T19:36:10.179Z</time>
      </trkpt>
      <trkpt lat="54.74026082083583" lon="25.371716720983386">
        <ele>171.0</ele>
        <time>2021-10-08T19:36:11.176Z</time>
      </trkpt>
      <trkpt lat="54.74028957076371" lon="25.37178830243647">
        <ele>171.0</ele>
        <time>2021-10-08T19:36:12.175Z</time>
      </trkpt>
      <trkpt lat="54.74034732207656" lon="25.37192995660007">
        <ele>171.0</ele>
        <time>2021-10-08T19:36:13.177Z</time>
      </trkpt>
      <trkpt lat="54.7403743956238" lon="25.37201402708888">
        <ele>171.0</ele>
        <time>2021-10-08T19:36:14.182Z</time>
      </trkpt>
      <trkpt lat="54.740405324846506" lon="25.37215953692794">
        <ele>171.0</ele>
        <time>2021-10-08T19:36:15.190Z</time>
      </trkpt>
      <trkpt lat="54.74043885245919" lon="25.372414095327258">
        <ele>171.0</ele>
        <time>2021-10-08T19:36:16.204Z</time>
      </trkpt>
      <trkpt lat="54.74044689908624" lon="25.3724810667336">
        <ele>170.0</ele>
        <time>2021-10-08T19:36:17.220Z</time>
      </trkpt>
      <trkpt lat="54.740462908521295" lon="25.37263353355229">
        <ele>169.0</ele>
        <time>2021-10-08T19:36:18.239Z</time>
      </trkpt>
      <trkpt lat="54.74046332761645" lon="25.372713413089514">
        <ele>168.0</ele>
        <time>2021-10-08T19:36:19.260Z</time>
      </trkpt>
      <trkpt lat="54.74045720882714" lon="25.372770242393017">
        <ele>168.0</ele>
        <time>2021-10-08T19:36:20.282Z</time>
      </trkpt>
      <trkpt lat="54.74045092239976" lon="25.372840147465467">
        <ele>167.0</ele>
        <time>2021-10-08T19:36:21.306Z</time>
      </trkpt>
      <trkpt lat="54.74043482914567" lon="25.37294969893992">
        <ele>166.0</ele>
        <time>2021-10-08T19:36:22.332Z</time>
      </trkpt>
      <trkpt lat="54.74042946472764" lon="25.37303418852389">
        <ele>165.0</ele>
        <time>2021-10-08T19:36:23.360Z</time>
      </trkpt>
      <trkpt lat="54.74042611196637" lon="25.373065369203687">
        <ele>164.0</ele>
        <time>2021-10-08T19:36:24.389Z</time>
      </trkpt>
      <trkpt lat="54.74043248221278" lon="25.373161341995">
        <ele>164.0</ele>
        <time>2021-10-08T19:36:25.420Z</time>
      </trkpt>
      <trkpt lat="54.7404351644218" lon="25.37322680465877">
        <ele>163.0</ele>
        <time>2021-10-08T19:36:26.453Z</time>
      </trkpt>
      <trkpt lat="54.740437511354685" lon="25.373290926218033">
        <ele>163.0</ele>
        <time>2021-10-08T19:36:27.487Z</time>
      </trkpt>
      <trkpt lat="54.740436002612114" lon="25.37341590039432">
        <ele>162.0</ele>
        <time>2021-10-08T19:36:28.524Z</time>
      </trkpt>
      <trkpt lat="54.74042954854667" lon="25.373488906770945">
        <ele>162.0</ele>
        <time>2021-10-08T19:36:29.563Z</time>
      </trkpt>
      <trkpt lat="54.74042150191963" lon="25.37360491231084">
        <ele>161.0</ele>
        <time>2021-10-08T19:36:30.604Z</time>
      </trkpt>
      <trkpt lat="54.74042862653732" lon="25.37370557896793">
        <ele>160.0</ele>
        <time>2021-10-08T19:36:31.648Z</time>
      </trkpt>
      <trkpt lat="54.74043575115502" lon="25.37374966777861">
        <ele>160.0</ele>
        <time>2021-10-08T19:36:32.693Z</time>
      </trkpt>
      <trkpt lat="54.740445306524634" lon="25.373800294473767">
        <ele>160.0</ele>
        <time>2021-10-08T19:36:33.739Z</time>
      </trkpt>
      <trkpt lat="54.74046274088323" lon="25.374001376330853">
        <ele>159.0</ele>
        <time>2021-10-08T19:36:34.790Z</time>
      </trkpt>
      <trkpt lat="54.740476151928306" lon="25.37413213402033">
        <ele>159.0</ele>
        <time>2021-10-08T19:36:35.844Z</time>
      </trkpt>
      <trkpt lat="54.74047866649926" lon="25.374173121526837">
        <ele>158.0</ele>
        <time>2021-10-08T19:36:36.898Z</time>
      </trkpt>
      <trkpt lat="54.74052459932864" lon="25.37444586865604">
        <ele>158.0</ele>
        <time>2021-10-08T19:36:37.959Z</time>
      </trkpt>
      <trkpt lat="54.74052610807121" lon="25.374488029628992">
        <ele>158.0</ele>
        <time>2021-10-08T19:36:39.021Z</time>
      </trkpt>
      <trkpt lat="54.74053155630827" lon="25.37458911538124">
        <ele>157.0</ele>
        <time>2021-10-08T19:36:40.085Z</time>
      </trkpt>
      <trkpt lat="54.74055016413331" lon="25.37468533962965">
        <ele>157.0</ele>
        <time>2021-10-08T19:36:41.151Z</time>
      </trkpt>
      <trkpt lat="54.740570867434144" lon="25.374825317412615">
        <ele>157.0</ele>
        <time>2021-10-08T19:36:42.221Z</time>
      </trkpt>
      <trkpt lat="54.74060112610459" lon="25.374915255233645">
        <ele>156.0</ele>
        <time>2021-10-08T19:36:43.293Z</time>
      </trkpt>
      <trkpt lat="54.74061814136803" lon="25.374985244125128">
        <ele>156.0</ele>
        <time>2021-10-08T19:36:44.367Z</time>
      </trkpt>
      <trkpt lat="54.740636833012104" lon="25.37505372427404">
        <ele>156.0</ele>
        <time>2021-10-08T19:36:45.443Z</time>
      </trkpt>
      <trkpt lat="54.740699864923954" lon="25.37521834485233">
        <ele>156.0</ele>
        <time>2021-10-08T19:36:46.523Z</time>
      </trkpt>
      <trkpt lat="54.74072593264282" lon="25.375313898548484">
        <ele>155.0</ele>
        <time>2021-10-08T19:36:47.605Z</time>
      </trkpt>
      <trkpt lat="54.74076868034899" lon="25.37545245140791">
        <ele>154.0</ele>
        <time>2021-10-08T19:36:48.691Z</time>
      </trkpt>
      <trkpt lat="54.74077538587153" lon="25.375477010384202">
        <ele>154.0</ele>
        <time>2021-10-08T19:36:49.778Z</time>
      </trkpt>
      <trkpt lat="54.740786952897906" lon="25.37552679888904">
        <ele>154.0</ele>
        <time>2021-10-08T19:36:50.866Z</time>
      </trkpt>
      <trkpt lat="54.740796675905585" lon="25.37561028264463">
        <ele>153.0</ele>
        <time>2021-10-08T19:36:51.956Z</time>
      </trkpt>
      <trkpt lat="54.74080530926585" lon="25.375642972067">
        <ele>153.0</ele>
        <time>2021-10-08T19:36:53.047Z</time>
      </trkpt>
      <trkpt lat="54.74081243388355" lon="25.3758258651942">
        <ele>152.0</ele>
        <time>2021-10-08T19:36:54.142Z</time>
      </trkpt>
      <trkpt lat="54.74080824293196" lon="25.37590448744595">
        <ele>152.0</ele>
        <time>2021-10-08T19:36:55.238Z</time>
      </trkpt>
      <trkpt lat="54.740798184648156" lon="25.3760055731982">
        <ele>151.0</ele>
        <time>2021-10-08T19:36:56.337Z</time>
      </trkpt>
      <trkpt lat="54.74079684354365" lon="25.376047398895025">
        <ele>151.0</ele>
        <time>2021-10-08T19:36:57.437Z</time>
      </trkpt>
      <trkpt lat="54.74079868756235" lon="25.37608972750604">
        <ele>151.0</ele>
        <time>2021-10-08T19:36:58.538Z</time>
      </trkpt>
      <trkpt lat="54.74080338142812" lon="25.376339508220553">
        <ele>151.0</ele>
        <time>2021-10-08T19:36:59.644Z</time>
      </trkpt>
      <trkpt lat="54.74080455489457" lon="25.37655182182789">
        <ele>150.0</ele>
        <time>2021-10-08T19:37:00.755Z</time>
      </trkpt>
      <trkpt lat="54.74078762345016" lon="25.376790622249246">
        <ele>149.0</ele>
        <time>2021-10-08T19:37:01.872Z</time>
      </trkpt>
      <trkpt lat="54.74074319936335" lon="25.376973850652575">
        <ele>148.0</ele>
        <time>2021-10-08T19:37:02.993Z</time>
      </trkpt>
      <trkpt lat="54.74073481746018" lon="25.37701467052102">
        <ele>148.0</ele>
        <time>2021-10-08T19:37:04.115Z</time>
      </trkpt>
      <trkpt lat="54.74070992320776" lon="25.377078875899315">
        <ele>147.0</ele>
        <time>2021-10-08T19:37:05.239Z</time>
      </trkpt>
      <trkpt lat="54.740676982328296" lon="25.37712841294706">
        <ele>147.0</ele>
        <time>2021-10-08T19:37:06.365Z</time>
      </trkpt>
      <trkpt lat="54.74061185494065" lon="25.377216339111328">
        <ele>147.0</ele>
        <time>2021-10-08T19:37:07.494Z</time>
      </trkpt>
      <trkpt lat="54.74058922380209" lon="25.37725891917944">
        <ele>147.0</ele>
        <time>2021-10-08T19:37:08.624Z</time>
      </trkpt>
      <trkpt lat="54.74051680415869" lon="25.37733083590865">
        <ele>147.0</ele>
        <time>2021-10-08T19:37:09.757Z</time>
      </trkpt>
      <trkpt lat="54.74038059823215" lon="25.37748950533569">
        <ele>147.0</ele>
        <time>2021-10-08T19:37:10.897Z</time>
      </trkpt>
      <trkpt lat="54.74036349914968" lon="25.377509454265237">
        <ele>147.0</ele>
        <time>2021-10-08T19:37:12.038Z</time>
      </trkpt>
      <trkpt lat="54.740274818614125" lon="25.377600733190775">
        <ele>147.0</ele>
        <time>2021-10-08T19:37:13.183Z</time>
      </trkpt>
      <trkpt lat="54.740227460861206" lon="25.37764054723084">
        <ele>147.0</ele>
        <time>2021-10-08T19:37:14.330Z</time>
      </trkpt>
      <trkpt lat="54.740124782547355" lon="25.377727802842855">
        <ele>147.0</ele>
        <time>2021-10-08T19:37:15.481Z</time>
      </trkpt>
      <trkpt lat="54.74000383168459" lon="25.377816734835505">
        <ele>147.0</ele>
        <time>2021-10-08T19:37:16.637Z</time>
      </trkpt>
      <trkpt lat="54.73991096019745" lon="25.37792486138642">
        <ele>147.0</ele>
        <time>2021-10-08T19:37:17.798Z</time>
      </trkpt>
      <trkpt lat="54.73977567628026" lon="25.378121584653854">
        <ele>147.0</ele>
        <time>2021-10-08T19:37:18.966Z</time>
      </trkpt>
      <trkpt lat="54.73971893079579" lon="25.37820590659976">
        <ele>147.0</ele>
        <time>2021-10-08T19:37:20.137Z</time>
      </trkpt>
      <trkpt lat="54.739659167826176" lon="25.378285199403763">
        <ele>147.0</ele>
        <time>2021-10-08T19:37:21.311Z</time>
      </trkpt>
      <trkpt lat="54.73957048729062" lon="25.378433810546994">
        <ele>147.0</ele>
        <time>2021-10-08T19:37:22.489Z</time>
      </trkpt>
      <trkpt lat="54.7395524661988" lon="25.378461135551333">
        <ele>146.0</ele>
        <time>2021-10-08T19:37:23.668Z</time>
      </trkpt>
      <trkpt lat="54.73949764855206" lon="25.37852793931961">
        <ele>146.0</ele>
        <time>2021-10-08T19:37:24.850Z</time>
      </trkpt>
      <trkpt lat="54.73941416479647" lon="25.378597425296903">
        <ele>144.0</ele>
        <time>2021-10-08T19:37:26.036Z</time>
      </trkpt>
      <trkpt lat="54.73938616923988" lon="25.378613099455833">
        <ele>144.0</ele>
        <time>2021-10-08T19:37:27.223Z</time>
      </trkpt>
      <trkpt lat="54.739307295531034" lon="25.378677137196064">
        <ele>143.0</ele>
        <time>2021-10-08T19:37:28.413Z</time>
      </trkpt>
      <trkpt lat="54.739252142608166" lon="25.378750143572688">
        <ele>142.0</ele>
        <time>2021-10-08T19:37:29.606Z</time>
      </trkpt>
      <trkpt lat="54.73922582343221" lon="25.378801692277193">
        <ele>142.0</ele>
        <time>2021-10-08T19:37:30.801Z</time>
      </trkpt>
      <trkpt lat="54.739211574196815" lon="25.37884703837335">
        <ele>142.0</ele>
        <time>2021-10-08T19:37:31.997Z</time>
      </trkpt>
      <trkpt lat="54.73918089643121" lon="25.378906801342964">
        <ele>141.0</ele>
        <time>2021-10-08T19:37:33.194Z</time>
      </trkpt>
      <trkpt lat="54.739164216443896" lon="25.378931863233447">
        <ele>141.0</ele>
        <time>2021-10-08T19:37:34.392Z</time>
      </trkpt>
      <trkpt lat="54.739125994965434" lon="25.37897494621575">
        <ele>141.0</ele>
        <time>2021-10-08T19:37:35.592Z</time>
      </trkpt>
      <trkpt lat="54.739091796800494" lon="25.379030602052808">
        <ele>140.0</ele>
        <time>2021-10-08T19:37:36.794Z</time>
      </trkpt>
      <trkpt lat="54.73907461389899" lon="25.379068069159985">
        <ele>140.0</ele>
        <time>2021-10-08T19:37:37.997Z</time>
      </trkpt>
      <trkpt lat="54.73905944265425" lon="25.37909757345915">
        <ele>140.0</ele>
        <time>2021-10-08T19:37:39.201Z</time>
      </trkpt>
      <trkpt lat="54.73898358643055" lon="25.37919580936432">
        <ele>138.0</ele>
        <time>2021-10-08T19:37:40.409Z</time>
      </trkpt>
      <trkpt lat="54.7389602009207" lon="25.379211651161313">
        <ele>138.0</ele>
        <time>2021-10-08T19:37:41.618Z</time>
      </trkpt>
      <trkpt lat="54.73888342268765" lon="25.379296224564314">
        <ele>137.0</ele>
        <time>2021-10-08T19:37:42.830Z</time>
      </trkpt>
      <trkpt lat="54.73884109407663" lon="25.37933411076665">
        <ele>137.0</ele>
        <time>2021-10-08T19:37:44.044Z</time>
      </trkpt>
      <trkpt lat="54.738741936162114" lon="25.37944064475596">
        <ele>136.0</ele>
        <time>2021-10-08T19:37:45.263Z</time>
      </trkpt>
      <trkpt lat="54.738694159314036" lon="25.379553213715553">
        <ele>136.0</ele>
        <time>2021-10-08T19:37:46.485Z</time>
      </trkpt>
      <trkpt lat="54.73869382403791" lon="25.37977441214025">
        <ele>135.0</ele>
        <time>2021-10-08T19:37:47.712Z</time>
      </trkpt>
      <trkpt lat="54.73870706744492" lon="25.379855381324887">
        <ele>135.0</ele>
        <time>2021-10-08T19:37:48.941Z</time>
      </trkpt>
      <trkpt lat="54.73872818984091" lon="25.38007104769349">
        <ele>135.0</ele>
        <time>2021-10-08T19:37:50.175Z</time>
      </trkpt>
      <trkpt lat="54.73878703080118" lon="25.380236925557256">
        <ele>134.0</ele>
        <time>2021-10-08T19:37:51.413Z</time>
      </trkpt>
      <trkpt lat="54.73879884928465" lon="25.38028352893889">
        <ele>134.0</ele>
        <time>2021-10-08T19:37:52.652Z</time>
      </trkpt>
      <trkpt lat="54.73886196501553" lon="25.3803779091686">
        <ele>133.0</ele>
        <time>2021-10-08T19:37:53.895Z</time>
      </trkpt>
      <trkpt lat="54.73888082429767" lon="25.38040464743972">
        <ele>133.0</ele>
        <time>2021-10-08T19:37:55.139Z</time>
      </trkpt>
      <trkpt lat="54.73889599554241" lon="25.38043205626309">
        <ele>133.0</ele>
        <time>2021-10-08T19:37:56.383Z</time>
      </trkpt>
      <trkpt lat="54.73897134885192" lon="25.38058837875724">
        <ele>133.0</ele>
        <time>2021-10-08T19:37:57.632Z</time>
      </trkpt>
      <trkpt lat="54.73898501135409" lon="25.380620565265417">
        <ele>133.0</ele>
        <time>2021-10-08T19:37:58.882Z</time>
      </trkpt>
      <trkpt lat="54.73902557976544" lon="25.380711760371923">
        <ele>133.0</ele>
        <time>2021-10-08T19:38:00.134Z</time>
      </trkpt>
      <trkpt lat="54.739059526473284" lon="25.380750400945544">
        <ele>132.0</ele>
        <time>2021-10-08T19:38:01.388Z</time>
      </trkpt>
      <trkpt lat="54.73911652341485" lon="25.380808655172586">
        <ele>132.0</ele>
        <time>2021-10-08T19:38:02.645Z</time>
      </trkpt>
      <trkpt lat="54.73915055394173" lon="25.38084151223302">
        <ele>132.0</ele>
        <time>2021-10-08T19:38:03.903Z</time>
      </trkpt>
      <trkpt lat="54.73916832357645" lon="25.380860287696123">
        <ele>132.0</ele>
        <time>2021-10-08T19:38:05.162Z</time>
      </trkpt>
      <trkpt lat="54.73926111124456" lon="25.380961960181594">
        <ele>131.0</ele>
        <time>2021-10-08T19:38:06.425Z</time>
      </trkpt>
      <trkpt lat="54.73933001048863" lon="25.38103798404336">
        <ele>131.0</ele>
        <time>2021-10-08T19:38:07.692Z</time>
      </trkpt>
      <trkpt lat="54.73940779455006" lon="25.381087688729167">
        <ele>131.0</ele>
        <time>2021-10-08T19:38:08.962Z</time>
      </trkpt>
      <trkpt lat="54.73952857777476" lon="25.381136052310467">
        <ele>130.0</ele>
        <time>2021-10-08T19:38:10.237Z</time>
      </trkpt>
      <trkpt lat="54.739658581092954" lon="25.381181063130498">
        <ele>131.0</ele>
        <time>2021-10-08T19:38:11.517Z</time>
      </trkpt>
      <trkpt lat="54.739689426496625" lon="25.38120411336422">
        <ele>131.0</ele>
        <time>2021-10-08T19:38:12.798Z</time>
      </trkpt>
      <trkpt lat="54.739818004891276" lon="25.381293715909123">
        <ele>131.0</ele>
        <time>2021-10-08T19:38:14.085Z</time>
      </trkpt>
      <trkpt lat="54.739862345159054" lon="25.381329925730824">
        <ele>132.0</ele>
        <time>2021-10-08T19:38:15.373Z</time>
      </trkpt>
      <trkpt lat="54.73991255275905" lon="25.381383737549186">
        <ele>132.0</ele>
        <time>2021-10-08T19:38:16.664Z</time>
      </trkpt>
      <trkpt lat="54.739928813651204" lon="25.38139320909977">
        <ele>132.0</ele>
        <time>2021-10-08T19:38:17.955Z</time>
      </trkpt>
      <trkpt lat="54.739953707903624" lon="25.38143972866237">
        <ele>133.0</ele>
        <time>2021-10-08T19:38:19.248Z</time>
      </trkpt>
      <trkpt lat="54.74000249058008" lon="25.38152715191245">
        <ele>134.0</ele>
        <time>2021-10-08T19:38:20.544Z</time>
      </trkpt>
      <trkpt lat="54.74002227187157" lon="25.381553135812283">
        <ele>134.0</ele>
        <time>2021-10-08T19:38:21.841Z</time>
      </trkpt>
      <trkpt lat="54.74005077034235" lon="25.38158817216754">
        <ele>134.0</ele>
        <time>2021-10-08T19:38:23.139Z</time>
      </trkpt>
      <trkpt lat="54.74010391160846" lon="25.38163955323398">
        <ele>134.0</ele>
        <time>2021-10-08T19:38:24.439Z</time>
      </trkpt>
      <trkpt lat="54.740118412300944" lon="25.38165212608874">
        <ele>135.0</ele>
        <time>2021-10-08T19:38:25.740Z</time>
      </trkpt>
      <trkpt lat="54.740134421736" lon="25.381670985370874">
        <ele>135.0</ele>
        <time>2021-10-08T19:38:27.042Z</time>
      </trkpt>
      <trkpt lat="54.740185383707285" lon="25.381746338680387">
        <ele>136.0</ele>
        <time>2021-10-08T19:38:28.346Z</time>
      </trkpt>
      <trkpt lat="54.74022561684251" lon="25.38180962204933">
        <ele>136.0</ele>
        <time>2021-10-08T19:38:29.653Z</time>
      </trkpt>
      <trkpt lat="54.740258641541004" lon="25.381874749436975">
        <ele>136.0</ele>
        <time>2021-10-08T19:38:30.962Z</time>
      </trkpt>
      <trkpt lat="54.74035117775202" lon="25.3820167388767">
        <ele>136.0</ele>
        <time>2021-10-08T19:38:32.275Z</time>
      </trkpt>
      <trkpt lat="54.7404264472425" lon="25.382176665589213">
        <ele>136.0</ele>
        <time>2021-10-08T19:38:33.593Z</time>
      </trkpt>
      <trkpt lat="54.74043809808791" lon="25.382211450487375">
        <ele>136.0</ele>
        <time>2021-10-08T19:38:34.912Z</time>
      </trkpt>
      <trkpt lat="54.74052091129124" lon="25.382344722747803">
        <ele>136.0</ele>
        <time>2021-10-08T19:38:36.235Z</time>
      </trkpt>
      <trkpt lat="54.74057413637638" lon="25.382454860955477">
        <ele>136.0</ele>
        <time>2021-10-08T19:38:37.562Z</time>
      </trkpt>
      <trkpt lat="54.74058486521244" lon="25.382479084655643">
        <ele>136.0</ele>
        <time>2021-10-08T19:38:38.889Z</time>
      </trkpt>
      <trkpt lat="54.74062593653798" lon="25.382571201771498">
        <ele>136.0</ele>
        <time>2021-10-08T19:38:40.219Z</time>
      </trkpt>
      <trkpt lat="54.740648148581386" lon="25.382628031075">
        <ele>136.0</ele>
        <time>2021-10-08T19:38:41.551Z</time>
      </trkpt>
      <trkpt lat="54.740659296512604" lon="25.382648902013898">
        <ele>136.0</ele>
        <time>2021-10-08T19:38:42.883Z</time>
      </trkpt>
      <trkpt lat="54.740716461092234" lon="25.382743952795863">
        <ele>136.0</ele>
        <time>2021-10-08T19:38:44.218Z</time>
      </trkpt>
      <trkpt lat="54.74081167951226" lon="25.382954003289342">
        <ele>136.0</ele>
        <time>2021-10-08T19:38:45.559Z</time>
      </trkpt>
      <trkpt lat="54.740883177146316" lon="25.383075205609202">
        <ele>136.0</ele>
        <time>2021-10-08T19:38:46.904Z</time>
      </trkpt>
      <trkpt lat="54.74098560400307" lon="25.383221302181482">
        <ele>136.0</ele>
        <time>2021-10-08T19:38:48.254Z</time>
      </trkpt>
      <trkpt lat="54.74100027233362" lon="25.383258936926723">
        <ele>136.0</ele>
        <time>2021-10-08T19:38:49.605Z</time>
      </trkpt>
      <trkpt lat="54.741035141050816" lon="25.383335715159774">
        <ele>135.0</ele>
        <time>2021-10-08T19:38:50.959Z</time>
      </trkpt>
      <trkpt lat="54.741048803552985" lon="25.383361279964447">
        <ele>135.0</ele>
        <time>2021-10-08T19:38:52.313Z</time>
      </trkpt>
      <trkpt lat="54.741136226803064" lon="25.383521374315023">
        <ele>135.0</ele>
        <time>2021-10-08T19:38:53.672Z</time>
      </trkpt>
      <trkpt lat="54.74124267697334" lon="25.38366822525859">
        <ele>136.0</ele>
        <time>2021-10-08T19:38:55.037Z</time>
      </trkpt>
      <trkpt lat="54.74126748740673" lon="25.383697813376784">
        <ele>136.0</ele>
        <time>2021-10-08T19:38:56.403Z</time>
      </trkpt>
      <trkpt lat="54.74136320874095" lon="25.383840892463923">
        <ele>136.0</ele>
        <time>2021-10-08T19:38:57.774Z</time>
      </trkpt>
      <trkpt lat="54.74139782600105" lon="25.383920269086957">
        <ele>135.0</ele>
        <time>2021-10-08T19:38:59.147Z</time>
      </trkpt>
      <trkpt lat="54.74146094173193" lon="25.384047757834196">
        <ele>135.0</ele>
        <time>2021-10-08T19:39:00.524Z</time>
      </trkpt>
      <trkpt lat="54.74147854372859" lon="25.384088745340705">
        <ele>135.0</ele>
        <time>2021-10-08T19:39:01.902Z</time>
      </trkpt>
      <trkpt lat="54.74154115654528" lon="25.38424531929195">
        <ele>134.0</ele>
        <time>2021-10-08T19:39:03.284Z</time>
      </trkpt>
      <trkpt lat="54.741583317518234" lon="25.38436207920313">
        <ele>134.0</ele>
        <time>2021-10-08T19:39:04.670Z</time>
      </trkpt>
      <trkpt lat="54.741611732169986" lon="25.384440449997783">
        <ele>134.0</ele>
        <time>2021-10-08T19:39:06.058Z</time>
      </trkpt>
      <trkpt lat="54.74164081737399" lon="25.384522508829832">
        <ele>133.0</ele>
        <time>2021-10-08T19:39:07.448Z</time>
      </trkpt>
      <trkpt lat="54.741679122671485" lon="25.384605322033167">
        <ele>133.0</ele>
        <time>2021-10-08T19:39:08.840Z</time>
      </trkpt>
      <trkpt lat="54.741702089086175" lon="25.384661061689258">
        <ele>133.0</ele>
        <time>2021-10-08T19:39:10.234Z</time>
      </trkpt>
      <trkpt lat="54.74171156063676" lon="25.38471889682114">
        <ele>133.0</ele>
        <time>2021-10-08T19:39:11.629Z</time>
      </trkpt>
      <trkpt lat="54.741723630577326" lon="25.384762482717633">
        <ele>133.0</ele>
        <time>2021-10-08T19:39:13.025Z</time>
      </trkpt>
      <trkpt lat="54.74176201969385" lon="25.38493473082781">
        <ele>132.0</ele>
        <time>2021-10-08T19:39:14.425Z</time>
      </trkpt>
      <trkpt lat="54.74176939576864" lon="25.384966749697924">
        <ele>132.0</ele>
        <time>2021-10-08T19:39:15.826Z</time>
      </trkpt>
      <trkpt lat="54.74180267192423" lon="25.385093903169036">
        <ele>132.0</ele>
        <time>2021-10-08T19:39:17.230Z</time>
      </trkpt>
      <trkpt lat="54.741835445165634" lon="25.38516439497471">
        <ele>132.0</ele>
        <time>2021-10-08T19:39:18.636Z</time>
      </trkpt>
      <trkpt lat="54.74190250039101" lon="25.38530965335667">
        <ele>132.0</ele>
        <time>2021-10-08T19:39:20.047Z</time>
      </trkpt>
      <trkpt lat="54.741950863972306" lon="25.385408056899905">
        <ele>132.0</ele>
        <time>2021-10-08T19:39:21.461Z</time>
      </trkpt>
      <trkpt lat="54.74203837104142" lon="25.38559698499739">
        <ele>132.0</ele>
        <time>2021-10-08T19:39:22.880Z</time>
      </trkpt>
      <trkpt lat="54.7420858964324" lon="25.385790774598718">
        <ele>132.0</ele>
        <time>2021-10-08T19:39:24.304Z</time>
      </trkpt>
      <trkpt lat="54.7421292308718" lon="25.385898062959313">
        <ele>131.0</ele>
        <time>2021-10-08T19:39:25.731Z</time>
      </trkpt>
      <trkpt lat="54.7421567235142" lon="25.385968890041113">
        <ele>131.0</ele>
        <time>2021-10-08T19:39:27.160Z</time>
      </trkpt>
      <trkpt lat="54.742212211713195" lon="25.386119931936264">
        <ele>131.0</ele>
        <time>2021-10-08T19:39:28.593Z</time>
      </trkpt>
      <trkpt lat="54.742223443463445" lon="25.386154213920236">
        <ele>131.0</ele>
        <time>2021-10-08T19:39:30.027Z</time>
      </trkpt>
      <trkpt lat="54.74230030551553" lon="25.38635713979602">
        <ele>131.0</ele>
        <time>2021-10-08T19:39:31.466Z</time>
      </trkpt>
      <trkpt lat="54.74240927025676" lon="25.38660004734993">
        <ele>131.0</ele>
        <time>2021-10-08T19:39:32.912Z</time>
      </trkpt>
      <trkpt lat="54.74250457249582" lon="25.38679115474224">
        <ele>130.0</ele>
        <time>2021-10-08T19:39:34.364Z</time>
      </trkpt>
      <trkpt lat="54.74254505708814" lon="25.38697823882103">
        <ele>130.0</ele>
        <time>2021-10-08T19:39:35.820Z</time>
      </trkpt>
      <trkpt lat="54.742558635771275" lon="25.38703833706677">
        <ele>130.0</ele>
        <time>2021-10-08T19:39:37.278Z</time>
      </trkpt>
      <trkpt lat="54.742621164768934" lon="25.387276047840714">
        <ele>128.0</ele>
        <time>2021-10-08T19:39:38.742Z</time>
      </trkpt>
      <trkpt lat="54.74269509315491" lon="25.38752851076424">
        <ele>128.0</ele>
        <time>2021-10-08T19:39:40.212Z</time>
      </trkpt>
      <trkpt lat="54.74272166378796" lon="25.38761836476624">
        <ele>127.0</ele>
        <time>2021-10-08T19:39:41.685Z</time>
      </trkpt>
      <trkpt lat="54.74275452084839" lon="25.38776437751949">
        <ele>126.0</ele>
        <time>2021-10-08T19:39:43.161Z</time>
      </trkpt>
      <trkpt lat="54.74277153611183" lon="25.387855069711804">
        <ele>126.0</ele>
        <time>2021-10-08T19:39:44.639Z</time>
      </trkpt>
      <trkpt lat="54.7428042255342" lon="25.387991359457374">
        <ele>126.0</ele>
        <time>2021-10-08T19:39:46.121Z</time>
      </trkpt>
      <trkpt lat="54.742827946320176" lon="25.388127900660038">
        <ele>125.0</ele>
        <time>2021-10-08T19:39:47.606Z</time>
      </trkpt>
      <trkpt lat="54.7428525891155" lon="25.388244995847344">
        <ele>125.0</ele>
        <time>2021-10-08T19:39:49.094Z</time>
      </trkpt>
      <trkpt lat="54.742878237739205" lon="25.388405425474048">
        <ele>124.0</ele>
        <time>2021-10-08T19:39:50.585Z</time>
      </trkpt>
      <trkpt lat="54.74289667792618" lon="25.388525370508432">
        <ele>124.0</ele>
        <time>2021-10-08T19:39:52.079Z</time>
      </trkpt>
      <trkpt lat="54.74290774203837" lon="25.38861899636686">
        <ele>124.0</ele>
        <time>2021-10-08T19:39:53.575Z</time>
      </trkpt>
      <trkpt lat="54.742959626019" lon="25.388891072943807">
        <ele>124.0</ele>
        <time>2021-10-08T19:39:55.078Z</time>
      </trkpt>
      <trkpt lat="54.74300589412451" lon="25.389110343530774">
        <ele>124.0</ele>
        <time>2021-10-08T19:39:56.586Z</time>
      </trkpt>
      <trkpt lat="54.74301528185606" lon="25.389148984104395">
        <ele>124.0</ele>
        <time>2021-10-08T19:39:58.095Z</time>
      </trkpt>
      <trkpt lat="54.743051156401634" lon="25.389332212507725">
        <ele>125.0</ele>
        <time>2021-10-08T19:39:59.609Z</time>
      </trkpt>
      <trkpt lat="54.74305786192417" lon="25.38936909288168">
        <ele>125.0</ele>
        <time>2021-10-08T19:40:01.123Z</time>
      </trkpt>
      <trkpt lat="54.74306557327509" lon="25.389407062903047">
        <ele>125.0</ele>
        <time>2021-10-08T19:40:02.638Z</time>
      </trkpt>
      <trkpt lat="54.74307403899729" lon="25.389479817822576">
        <ele>126.0</ele>
        <time>2021-10-08T19:40:04.155Z</time>
      </trkpt>
      <trkpt lat="54.74308619275689" lon="25.389561541378498">
        <ele>126.0</ele>
        <time>2021-10-08T19:40:05.674Z</time>
      </trkpt>
      <trkpt lat="54.74309289827943" lon="25.38960420526564">
        <ele>126.0</ele>
        <time>2021-10-08T19:40:07.194Z</time>
      </trkpt>
      <trkpt lat="54.74312466569245" lon="25.38979514501989">
        <ele>127.0</ele>
        <time>2021-10-08T19:40:08.718Z</time>
      </trkpt>
      <trkpt lat="54.74318090826273" lon="25.390082895755768">
        <ele>126.0</ele>
        <time>2021-10-08T19:40:10.249Z</time>
      </trkpt>
      <trkpt lat="54.743237318471074" lon="25.39030769839883">
        <ele>125.0</ele>
        <time>2021-10-08T19:40:11.786Z</time>
      </trkpt>
      <trkpt lat="54.74326238036156" lon="25.390387577936053">
        <ele>125.0</ele>
        <time>2021-10-08T19:40:13.325Z</time>
      </trkpt>
      <trkpt lat="54.74331334233284" lon="25.39057105779648">
        <ele>125.0</ele>
        <time>2021-10-08T19:40:14.869Z</time>
      </trkpt>
      <trkpt lat="54.74336229264736" lon="25.39075738750398">
        <ele>125.0</ele>
        <time>2021-10-08T19:40:16.417Z</time>
      </trkpt>
      <trkpt lat="54.74336866289377" lon="25.39079493843019">
        <ele>125.0</ele>
        <time>2021-10-08T19:40:17.966Z</time>
      </trkpt>
      <trkpt lat="54.743380062282085" lon="25.39102661423385">
        <ele>125.0</ele>
        <time>2021-10-08T19:40:19.520Z</time>
      </trkpt>
      <trkpt lat="54.74338190630078" lon="25.391061566770077">
        <ele>125.0</ele>
        <time>2021-10-08T19:40:21.075Z</time>
      </trkpt>
      <trkpt lat="54.743392802774906" lon="25.391311598941684">
        <ele>126.0</ele>
        <time>2021-10-08T19:40:22.636Z</time>
      </trkpt>
      <trkpt lat="54.743398167192936" lon="25.3913919813931">
        <ele>126.0</ele>
        <time>2021-10-08T19:40:24.199Z</time>
      </trkpt>
      <trkpt lat="54.74340822547674" lon="25.391486948356032">
        <ele>127.0</ele>
        <time>2021-10-08T19:40:25.764Z</time>
      </trkpt>
      <trkpt lat="54.74344535730779" lon="25.391626004129648">
        <ele>127.0</ele>
        <time>2021-10-08T19:40:27.332Z</time>
      </trkpt>
      <trkpt lat="54.74345893599093" lon="25.39169783703983">
        <ele>127.0</ele>
        <time>2021-10-08T19:40:28.902Z</time>
      </trkpt>
      <trkpt lat="54.74346329458058" lon="25.391731280833483">
        <ele>128.0</ele>
        <time>2021-10-08T19:40:30.473Z</time>
      </trkpt>
      <trkpt lat="54.743466563522816" lon="25.391761204227805">
        <ele>128.0</ele>
        <time>2021-10-08T19:40:32.044Z</time>
      </trkpt>
      <trkpt lat="54.74347276613116" lon="25.391786014661193">
        <ele>128.0</ele>
        <time>2021-10-08T19:40:33.616Z</time>
      </trkpt>
      <trkpt lat="54.743492379784584" lon="25.391866816207767">
        <ele>129.0</ele>
        <time>2021-10-08T19:40:35.190Z</time>
      </trkpt>
      <trkpt lat="54.7435088083148" lon="25.391865726560354">
        <ele>129.0</ele>
        <time>2021-10-08T19:40:36.765Z</time>
      </trkpt>
      <trkpt lat="54.74353898316622" lon="25.39183186367154">
        <ele>129.0</ele>
        <time>2021-10-08T19:40:38.341Z</time>
      </trkpt>
      <trkpt lat="54.743572007864714" lon="25.39179179817438">
        <ele>129.0</ele>
        <time>2021-10-08T19:40:39.919Z</time>
      </trkpt>
      <trkpt lat="54.74360947497189" lon="25.391787188127637">
        <ele>129.0</ele>
        <time>2021-10-08T19:40:41.498Z</time>
      </trkpt>
      <trkpt lat="54.74362850189209" lon="25.391799174249172">
        <ele>129.0</ele>
        <time>2021-10-08T19:40:43.078Z</time>
      </trkpt>
      <trkpt lat="54.743658592924476" lon="25.391834378242493">
        <ele>129.0</ele>
        <time>2021-10-08T19:40:44.659Z</time>
      </trkpt>
      <trkpt lat="54.74371466785669" lon="25.391936218366027">
        <ele>130.0</ele>
        <time>2021-10-08T19:40:46.244Z</time>
      </trkpt>
      <trkpt lat="54.743730928748846" lon="25.391983073204756">
        <ele>130.0</ele>
        <time>2021-10-08T19:40:47.830Z</time>
      </trkpt>
      <trkpt lat="54.7437627799809" lon="25.392061360180378">
        <ele>130.0</ele>
        <time>2021-10-08T19:40:49.418Z</time>
      </trkpt>
      <trkpt lat="54.74379404447973" lon="25.392173510044813">
        <ele>130.0</ele>
        <time>2021-10-08T19:40:51.009Z</time>
      </trkpt>
      <trkpt lat="54.743820279836655" lon="25.392348188906908">
        <ele>130.0</ele>
        <time>2021-10-08T19:40:52.604Z</time>
      </trkpt>
      <trkpt lat="54.743853975087404" lon="25.39245430380106">
        <ele>130.0</ele>
        <time>2021-10-08T19:40:54.202Z</time>
      </trkpt>
      <trkpt lat="54.74388079717755" lon="25.39247442036867">
        <ele>130.0</ele>
        <time>2021-10-08T19:40:55.801Z</time>
      </trkpt>
      <trkpt lat="54.74389529787004" lon="25.392478443682194">
        <ele>130.0</ele>
        <time>2021-10-08T19:40:57.400Z</time>
      </trkpt>
      <trkpt lat="54.74396176636219" lon="25.392462853342295">
        <ele>130.0</ele>
        <time>2021-10-08T19:40:59.002Z</time>
      </trkpt>
      <trkpt lat="54.74408933892846" lon="25.392493112012744">
        <ele>129.0</ele>
        <time>2021-10-08T19:41:00.609Z</time>
      </trkpt>
      <trkpt lat="54.744108114391565" lon="25.39250660687685">
        <ele>129.0</ele>
        <time>2021-10-08T19:41:02.217Z</time>
      </trkpt>
      <trkpt lat="54.744227807968855" lon="25.39256771095097">
        <ele>130.0</ele>
        <time>2021-10-08T19:41:03.830Z</time>
      </trkpt>
      <trkpt lat="54.74425504915416" lon="25.39256528019905">
        <ele>130.0</ele>
        <time>2021-10-08T19:41:05.444Z</time>
      </trkpt>
      <trkpt lat="54.744326462969184" lon="25.39258078671992">
        <ele>130.0</ele>
        <time>2021-10-08T19:41:07.061Z</time>
      </trkpt>
      <trkpt lat="54.74435026757419" lon="25.3925921022892">
        <ele>130.0</ele>
        <time>2021-10-08T19:41:08.679Z</time>
      </trkpt>
      <trkpt lat="54.744423273950815" lon="25.392658906057477">
        <ele>130.0</ele>
        <time>2021-10-08T19:41:10.300Z</time>
      </trkpt>
      <trkpt lat="54.744444899261" lon="25.392685728147626">
        <ele>130.0</ele>
        <time>2021-10-08T19:41:11.922Z</time>
      </trkpt>
      <trkpt lat="54.744464261457324" lon="25.392721267417073">
        <ele>130.0</ele>
        <time>2021-10-08T19:41:13.545Z</time>
      </trkpt>
      <trkpt lat="54.74454179406166" lon="25.39287163875997">
        <ele>130.0</ele>
        <time>2021-10-08T19:41:15.173Z</time>
      </trkpt>
      <trkpt lat="54.74455528892577" lon="25.392908602952957">
        <ele>130.0</ele>
        <time>2021-10-08T19:41:16.802Z</time>
      </trkpt>
      <trkpt lat="54.744620248675346" lon="25.393032655119896">
        <ele>130.0</ele>
        <time>2021-10-08T19:41:18.434Z</time>
      </trkpt>
      <trkpt lat="54.74470063112676" lon="25.39321018382907">
        <ele>131.0</ele>
        <time>2021-10-08T19:41:20.071Z</time>
      </trkpt>
      <trkpt lat="54.74476056173444" lon="25.393413193523884">
        <ele>131.0</ele>
        <time>2021-10-08T19:41:21.714Z</time>
      </trkpt>
      <trkpt lat="54.74480113014579" lon="25.393511429429054">
        <ele>131.0</ele>
        <time>2021-10-08T19:41:23.359Z</time>
      </trkpt>
      <trkpt lat="54.744853684678674" lon="25.393619388341904">
        <ele>132.0</ele>
        <time>2021-10-08T19:41:25.008Z</time>
      </trkpt>
      <trkpt lat="54.744938760995865" lon="25.39386103861034">
        <ele>132.0</ele>
        <time>2021-10-08T19:41:26.663Z</time>
      </trkpt>
      <trkpt lat="54.74503967911005" lon="25.39405449293554">
        <ele>132.0</ele>
        <time>2021-10-08T19:41:28.324Z</time>
      </trkpt>
      <trkpt lat="54.74505635909736" lon="25.394084583967924">
        <ele>133.0</ele>
        <time>2021-10-08T19:41:29.986Z</time>
      </trkpt>
      <trkpt lat="54.745101034641266" lon="25.394179886206985">
        <ele>133.0</ele>
        <time>2021-10-08T19:41:31.651Z</time>
      </trkpt>
      <trkpt lat="54.745112266391516" lon="25.394228333607316">
        <ele>133.0</ele>
        <time>2021-10-08T19:41:33.317Z</time>
      </trkpt>
      <trkpt lat="54.745161132887006" lon="25.394351966679096">
        <ele>133.0</ele>
        <time>2021-10-08T19:41:34.986Z</time>
      </trkpt>
      <trkpt lat="54.7451891284436" lon="25.39441759698093">
        <ele>133.0</ele>
        <time>2021-10-08T19:41:36.657Z</time>
      </trkpt>
      <trkpt lat="54.74525853060186" lon="25.394568890333176">
        <ele>133.0</ele>
        <time>2021-10-08T19:41:38.332Z</time>
      </trkpt>
      <trkpt lat="54.745304295793176" lon="25.39469176903367">
        <ele>133.0</ele>
        <time>2021-10-08T19:41:40.011Z</time>
      </trkpt>
      <trkpt lat="54.745318880304694" lon="25.39472697302699">
        <ele>133.0</ele>
        <time>2021-10-08T19:41:41.691Z</time>
      </trkpt>
      <trkpt lat="54.745391719043255" lon="25.394935430958867">
        <ele>133.0</ele>
        <time>2021-10-08T19:41:43.376Z</time>
      </trkpt>
      <trkpt lat="54.74548350088298" lon="25.39509829133749">
        <ele>133.0</ele>
        <time>2021-10-08T19:41:45.066Z</time>
      </trkpt>
      <trkpt lat="54.74555969238281" lon="25.395250339061022">
        <ele>133.0</ele>
        <time>2021-10-08T19:41:46.761Z</time>
      </trkpt>
      <trkpt lat="54.74563253112137" lon="25.395443877205253">
        <ele>132.0</ele>
        <time>2021-10-08T19:41:48.461Z</time>
      </trkpt>
      <trkpt lat="54.74564803764224" lon="25.39546667598188">
        <ele>132.0</ele>
        <time>2021-10-08T19:41:50.162Z</time>
      </trkpt>
      <trkpt lat="54.74568039178848" lon="25.39551361463964">
        <ele>132.0</ele>
        <time>2021-10-08T19:41:51.865Z</time>
      </trkpt>
      <trkpt lat="54.745738646015525" lon="25.395616544410586">
        <ele>132.0</ele>
        <time>2021-10-08T19:41:53.571Z</time>
      </trkpt>
      <trkpt lat="54.74577016197145" lon="25.395660968497396">
        <ele>132.0</ele>
        <time>2021-10-08T19:41:55.278Z</time>
      </trkpt>
      <trkpt lat="54.745823219418526" lon="25.395748894661665">
        <ele>132.0</ele>
        <time>2021-10-08T19:41:56.988Z</time>
      </trkpt>
      <trkpt lat="54.74588097073138" lon="25.3958282712847">
        <ele>132.0</ele>
        <time>2021-10-08T19:41:58.701Z</time>
      </trkpt>
      <trkpt lat="54.74592857994139" lon="25.395893901586533">
        <ele>132.0</ele>
        <time>2021-10-08T19:42:00.417Z</time>
      </trkpt>
      <trkpt lat="54.74597526714206" lon="25.39593237452209">
        <ele>132.0</ele>
        <time>2021-10-08T19:42:02.135Z</time>
      </trkpt>
      <trkpt lat="54.74601709283888" lon="25.395964309573174">
        <ele>132.0</ele>
        <time>2021-10-08T19:42:03.854Z</time>
      </trkpt>
      <trkpt lat="54.74607199430466" lon="25.395969338715076">
        <ele>132.0</ele>
        <time>2021-10-08T19:42:05.576Z</time>
      </trkpt>
      <trkpt lat="54.74610568955541" lon="25.395974703133106">
        <ele>132.0</ele>
        <time>2021-10-08T19:42:07.299Z</time>
      </trkpt>
      <trkpt lat="54.74612304009497" lon="25.39597394876182">
        <ele>132.0</ele>
        <time>2021-10-08T19:42:09.023Z</time>
      </trkpt>
      <trkpt lat="54.74613846279681" lon="25.39597537368536">
        <ele>132.0</ele>
        <time>2021-10-08T19:42:10.747Z</time>
      </trkpt>
      <trkpt lat="54.74621976725757" lon="25.39594662375748">
        <ele>132.0</ele>
        <time>2021-10-08T19:42:12.474Z</time>
      </trkpt>
      <trkpt lat="54.74632135592401" lon="25.395923322066665">
        <ele>132.0</ele>
        <time>2021-10-08T19:42:14.205Z</time>
      </trkpt>
      <trkpt lat="54.7464685421437" lon="25.39587177336216">
        <ele>132.0</ele>
        <time>2021-10-08T19:42:15.942Z</time>
      </trkpt>
      <trkpt lat="54.7465877328068" lon="25.395818799734116">
        <ele>132.0</ele>
        <time>2021-10-08T19:42:17.684Z</time>
      </trkpt>
      <trkpt lat="54.74664531648159" lon="25.39579843170941">
        <ele>132.0</ele>
        <time>2021-10-08T19:42:19.428Z</time>
      </trkpt>
      <trkpt lat="54.74670541472733" lon="25.395772950723767">
        <ele>131.0</ele>
        <time>2021-10-08T19:42:21.175Z</time>
      </trkpt>
      <trkpt lat="54.746743217110634" lon="25.395750822499394">
        <ele>131.0</ele>
        <time>2021-10-08T19:42:22.923Z</time>
      </trkpt>
      <trkpt lat="54.74678713828325" lon="25.39571695961058">
        <ele>131.0</ele>
        <time>2021-10-08T19:42:24.673Z</time>
      </trkpt>
      <trkpt lat="54.746810272336006" lon="25.395702542737126">
        <ele>131.0</ele>
        <time>2021-10-08T19:42:26.424Z</time>
      </trkpt>
      <trkpt lat="54.746836675331" lon="25.395682593807578">
        <ele>130.0</ele>
        <time>2021-10-08T19:42:28.176Z</time>
      </trkpt>
      <trkpt lat="54.74695863202214" lon="25.395624171942472">
        <ele>130.0</ele>
        <time>2021-10-08T19:42:29.933Z</time>
      </trkpt>
      <trkpt lat="54.74698101170361" lon="25.39561629295349">
        <ele>130.0</ele>
        <time>2021-10-08T19:42:31.691Z</time>
      </trkpt>
      <trkpt lat="54.74702334031463" lon="25.39561470039189">
        <ele>130.0</ele>
        <time>2021-10-08T19:42:33.451Z</time>
      </trkpt>
      <trkpt lat="54.74704588763416" lon="25.395615035668015">
        <ele>129.0</ele>
        <time>2021-10-08T19:42:35.212Z</time>
      </trkpt>
      <trkpt lat="54.747070195153356" lon="25.395616460591555">
        <ele>129.0</ele>
        <time>2021-10-08T19:42:36.974Z</time>
      </trkpt>
      <trkpt lat="54.74721210077405" lon="25.395615538582206">
        <ele>129.0</ele>
        <time>2021-10-08T19:42:38.741Z</time>
      </trkpt>
      <trkpt lat="54.74724520929158" lon="25.395625848323107">
        <ele>128.0</ele>
        <time>2021-10-08T19:42:40.510Z</time>
      </trkpt>
      <trkpt lat="54.74727613851428" lon="25.395631045103073">
        <ele>128.0</ele>
        <time>2021-10-08T19:42:42.280Z</time>
      </trkpt>
      <trkpt lat="54.74737202748656" lon="25.395670356228948">
        <ele>128.0</ele>
        <time>2021-10-08T19:42:44.054Z</time>
      </trkpt>
      <trkpt lat="54.74742282181978" lon="25.395694663748145">
        <ele>128.0</ele>
        <time>2021-10-08T19:42:45.830Z</time>
      </trkpt>
      <trkpt lat="54.74747302941978" lon="25.395718971267343">
        <ele>127.0</ele>
        <time>2021-10-08T19:42:47.608Z</time>
      </trkpt>
      <trkpt lat="54.747499180957675" lon="25.395726934075356">
        <ele>127.0</ele>
        <time>2021-10-08T19:42:49.387Z</time>
      </trkpt>
      <trkpt lat="54.747656006366014" lon="25.39569441229105">
        <ele>127.0</ele>
        <time>2021-10-08T19:42:51.172Z</time>
      </trkpt>
      <trkpt lat="54.747731275856495" lon="25.395587207749486">
        <ele>126.0</ele>
        <time>2021-10-08T19:42:52.961Z</time>
      </trkpt>
      <trkpt lat="54.747772347182035" lon="25.39551311172545">
        <ele>126.0</ele>
        <time>2021-10-08T19:42:54.752Z</time>
      </trkpt>
      <trkpt lat="54.74787904880941" lon="25.395315969362855">
        <ele>126.0</ele>
        <time>2021-10-08T19:42:56.549Z</time>
      </trkpt>
      <trkpt lat="54.74789522588253" lon="25.395290069282055">
        <ele>126.0</ele>
        <time>2021-10-08T19:42:58.347Z</time>
      </trkpt>
      <trkpt lat="54.74796052090824" lon="25.395169537514448">
        <ele>125.0</ele>
        <time>2021-10-08T19:43:00.149Z</time>
      </trkpt>
      <trkpt lat="54.74799388088286" lon="25.39510021917522">
        <ele>125.0</ele>
        <time>2021-10-08T19:43:01.953Z</time>
      </trkpt>
      <trkpt lat="54.74803168326616" lon="25.395013634115458">
        <ele>125.0</ele>
        <time>2021-10-08T19:43:03.759Z</time>
      </trkpt>
      <trkpt lat="54.748053308576345" lon="25.394932497292757">
        <ele>125.0</ele>
        <time>2021-10-08T19:43:05.567Z</time>
      </trkpt>
      <trkpt lat="54.74808130413294" lon="25.394854210317135">
        <ele>125.0</ele>
        <time>2021-10-08T19:43:07.378Z</time>
      </trkpt>
      <trkpt lat="54.74812195636332" lon="25.394699731841683">
        <ele>125.0</ele>
        <time>2021-10-08T19:43:09.192Z</time>
      </trkpt>
      <trkpt lat="54.748185239732265" lon="25.39446445181966">
        <ele>125.0</ele>
        <time>2021-10-08T19:43:11.012Z</time>
      </trkpt>
      <trkpt lat="54.74824500270188" lon="25.394190698862076">
        <ele>124.0</ele>
        <time>2021-10-08T19:43:12.839Z</time>
      </trkpt>
      <trkpt lat="54.74825715646148" lon="25.394121380522847">
        <ele>124.0</ele>
        <time>2021-10-08T19:43:14.668Z</time>
      </trkpt>
      <trkpt lat="54.748272746801376" lon="25.394042506814003">
        <ele>124.0</ele>
        <time>2021-10-08T19:43:16.498Z</time>
      </trkpt>
      <trkpt lat="54.748284397646785" lon="25.39400621317327">
        <ele>124.0</ele>
        <time>2021-10-08T19:43:18.329Z</time>
      </trkpt>
      <trkpt lat="54.74833996966481" lon="25.393826672807336">
        <ele>124.0</ele>
        <time>2021-10-08T19:43:20.165Z</time>
      </trkpt>
      <trkpt lat="54.74840551614761" lon="25.393592482432723">
        <ele>123.0</ele>
        <time>2021-10-08T19:43:22.007Z</time>
      </trkpt>
      <trkpt lat="54.748461842536926" lon="25.39337731897831">
        <ele>123.0</ele>
        <time>2021-10-08T19:43:23.854Z</time>
      </trkpt>
      <trkpt lat="54.74851624108851" lon="25.39318327791989">
        <ele>124.0</ele>
        <time>2021-10-08T19:43:25.706Z</time>
      </trkpt>
      <trkpt lat="54.7485460806638" lon="25.392952524125576">
        <ele>124.0</ele>
        <time>2021-10-08T19:43:27.563Z</time>
      </trkpt>
      <trkpt lat="54.74859184585512" lon="25.392736857756972">
        <ele>125.0</ele>
        <time>2021-10-08T19:43:29.426Z</time>
      </trkpt>
      <trkpt lat="54.74860718473792" lon="25.39265555329621">
        <ele>125.0</ele>
        <time>2021-10-08T19:43:31.291Z</time>
      </trkpt>
      <trkpt lat="54.74862855859101" lon="25.392598137259483">
        <ele>125.0</ele>
        <time>2021-10-08T19:43:33.157Z</time>
      </trkpt>
      <trkpt lat="54.748685136437416" lon="25.392354978248477">
        <ele>125.0</ele>
        <time>2021-10-08T19:43:35.029Z</time>
      </trkpt>
      <trkpt lat="54.74871313199401" lon="25.3921293374151">
        <ele>125.0</ele>
        <time>2021-10-08T19:43:36.906Z</time>
      </trkpt>
      <trkpt lat="54.74872360937297" lon="25.39209907874465">
        <ele>125.0</ele>
        <time>2021-10-08T19:43:38.784Z</time>
      </trkpt>
      <trkpt lat="54.7487929277122" lon="25.391922555863857">
        <ele>125.0</ele>
        <time>2021-10-08T19:43:40.667Z</time>
      </trkpt>
      <trkpt lat="54.748805835843086" lon="25.39188316091895">
        <ele>124.0</ele>
        <time>2021-10-08T19:43:42.551Z</time>
      </trkpt>
      <trkpt lat="54.74885746836662" lon="25.391646707430482">
        <ele>124.0</ele>
        <time>2021-10-08T19:43:44.441Z</time>
      </trkpt>
      <trkpt lat="54.74888655357063" lon="25.391497677192092">
        <ele>124.0</ele>
        <time>2021-10-08T19:43:46.334Z</time>
      </trkpt>
      <trkpt lat="54.74890993908048" lon="25.391426850110292">
        <ele>124.0</ele>
        <time>2021-10-08T19:43:48.229Z</time>
      </trkpt>
      <trkpt lat="54.748923014849424" lon="25.391389466822147">
        <ele>124.0</ele>
        <time>2021-10-08T19:43:50.125Z</time>
      </trkpt>
      <trkpt lat="54.74896492436528" lon="25.39123415015638">
        <ele>124.0</ele>
        <time>2021-10-08T19:43:52.025Z</time>
      </trkpt>
      <trkpt lat="54.74899426102638" lon="25.39113155566156">
        <ele>124.0</ele>
        <time>2021-10-08T19:43:53.928Z</time>
      </trkpt>
      <trkpt lat="54.74901119247079" lon="25.391058884561062">
        <ele>123.0</ele>
        <time>2021-10-08T19:43:55.832Z</time>
      </trkpt>
      <trkpt lat="54.749021250754595" lon="25.39099233224988">
        <ele>123.0</ele>
        <time>2021-10-08T19:43:57.738Z</time>
      </trkpt>
      <trkpt lat="54.749034410342574" lon="25.390920750796795">
        <ele>123.0</ele>
        <time>2021-10-08T19:43:59.646Z</time>
      </trkpt>
      <trkpt lat="54.749046228826046" lon="25.390805331990123">
        <ele>123.0</ele>
        <time>2021-10-08T19:44:01.556Z</time>
      </trkpt>
      <trkpt lat="54.74905293434858" lon="25.39076568558812">
        <ele>123.0</ele>
        <time>2021-10-08T19:44:03.467Z</time>
      </trkpt>
      <trkpt lat="54.749083360657096" lon="25.39069921709597">
        <ele>123.0</ele>
        <time>2021-10-08T19:44:05.380Z</time>
      </trkpt>
      <trkpt lat="54.74909953773022" lon="25.390590419992805">
        <ele>123.0</ele>
        <time>2021-10-08T19:44:07.296Z</time>
      </trkpt>
      <trkpt lat="54.74912694655359" lon="25.39053208194673">
        <ele>122.0</ele>
        <time>2021-10-08T19:44:09.213Z</time>
      </trkpt>
      <trkpt lat="54.74914136342704" lon="25.390431750565767">
        <ele>122.0</ele>
        <time>2021-10-08T19:44:11.133Z</time>
      </trkpt>
      <trkpt lat="54.74916701205075" lon="25.390344662591815">
        <ele>122.0</ele>
        <time>2021-10-08T19:44:13.055Z</time>
      </trkpt>
      <trkpt lat="54.74917405284941" lon="25.390299567952752">
        <ele>122.0</ele>
        <time>2021-10-08T19:44:14.978Z</time>
      </trkpt>
      <trkpt lat="54.749196181073785" lon="25.39008792489767">
        <ele>122.0</ele>
        <time>2021-10-08T19:44:16.906Z</time>
      </trkpt>
      <trkpt lat="54.74919752217829" lon="25.3900552354753">
        <ele>122.0</ele>
        <time>2021-10-08T19:44:18.835Z</time>
      </trkpt>
      <trkpt lat="54.749198192730546" lon="25.390020702034235">
        <ele>122.0</ele>
        <time>2021-10-08T19:44:20.764Z</time>
      </trkpt>
      <trkpt lat="54.74919794127345" lon="25.38997795432806">
        <ele>121.0</ele>
        <time>2021-10-08T19:44:22.694Z</time>
      </trkpt>
      <trkpt lat="54.74918260239065" lon="25.38983043283224">
        <ele>121.0</ele>
        <time>2021-10-08T19:44:24.628Z</time>
      </trkpt>
      <trkpt lat="54.74918335676193" lon="25.389740830287337">
        <ele>121.0</ele>
        <time>2021-10-08T19:44:26.564Z</time>
      </trkpt>
      <trkpt lat="54.74918813444674" lon="25.38969942368567">
        <ele>121.0</ele>
        <time>2021-10-08T19:44:28.501Z</time>
      </trkpt>
      <trkpt lat="54.749217722564936" lon="25.389547124505043">
        <ele>121.0</ele>
        <time>2021-10-08T19:44:30.441Z</time>
      </trkpt>
      <trkpt lat="54.749248484149575" lon="25.38937646895647">
        <ele>120.0</ele>
        <time>2021-10-08T19:44:32.385Z</time>
      </trkpt>
      <trkpt lat="54.749258793890476" lon="25.389339420944452">
        <ele>120.0</ele>
        <time>2021-10-08T19:44:34.330Z</time>
      </trkpt>
      <trkpt lat="54.74932593293488" lon="25.389150911942124">
        <ele>120.0</ele>
        <time>2021-10-08T19:44:36.280Z</time>
      </trkpt>
      <trkpt lat="54.74936784245074" lon="25.388995092362165">
        <ele>120.0</ele>
        <time>2021-10-08T19:44:38.234Z</time>
      </trkpt>
      <trkpt lat="54.74942022934556" lon="25.388724021613598">
        <ele>119.0</ele>
        <time>2021-10-08T19:44:40.195Z</time>
      </trkpt>
      <trkpt lat="54.74942559376359" lon="25.388684375211596">
        <ele>119.0</ele>
        <time>2021-10-08T19:44:42.157Z</time>
      </trkpt>
      <trkpt lat="54.74943238310516" lon="25.388649757951498">
        <ele>119.0</ele>
        <time>2021-10-08T19:44:44.120Z</time>
      </trkpt>
      <trkpt lat="54.749439088627696" lon="25.388591419905424">
        <ele>120.0</ele>
        <time>2021-10-08T19:44:46.084Z</time>
      </trkpt>
      <trkpt lat="54.7494457103312" lon="25.388503158465028">
        <ele>120.0</ele>
        <time>2021-10-08T19:44:48.050Z</time>
      </trkpt>
      <trkpt lat="54.749442022293806" lon="25.388438617810607">
        <ele>121.0</ele>
        <time>2021-10-08T19:44:50.017Z</time>
      </trkpt>
      <trkpt lat="54.74943825043738" lon="25.3883786033839">
        <ele>122.0</ele>
        <time>2021-10-08T19:44:51.986Z</time>
      </trkpt>
      <trkpt lat="54.74944084882736" lon="25.388321690261364">
        <ele>122.0</ele>
        <time>2021-10-08T19:44:53.956Z</time>
      </trkpt>
      <trkpt lat="54.74943816661835" lon="25.38829411379993">
        <ele>122.0</ele>
        <time>2021-10-08T19:44:55.927Z</time>
      </trkpt>
      <trkpt lat="54.749426348134875" lon="25.38822378963232">
        <ele>123.0</ele>
        <time>2021-10-08T19:44:57.899Z</time>
      </trkpt>
      <trkpt lat="54.74941008724272" lon="25.38808749988675">
        <ele>123.0</ele>
        <time>2021-10-08T19:44:59.875Z</time>
      </trkpt>
      <trkpt lat="54.74939441308379" lon="25.388024803251028">
        <ele>123.0</ele>
        <time>2021-10-08T19:45:01.852Z</time>
      </trkpt>
      <trkpt lat="54.749380834400654" lon="25.387970404699445">
        <ele>124.0</ele>
        <time>2021-10-08T19:45:03.830Z</time>
      </trkpt>
      <trkpt lat="54.7493767272681" lon="25.38793201558292">
        <ele>124.0</ele>
        <time>2021-10-08T19:45:05.809Z</time>
      </trkpt>
      <trkpt lat="54.74936884827912" lon="25.387842832133174">
        <ele>124.0</ele>
        <time>2021-10-08T19:45:07.790Z</time>
      </trkpt>
      <trkpt lat="54.749386282637715" lon="25.387796983122826">
        <ele>124.0</ele>
        <time>2021-10-08T19:45:09.773Z</time>
      </trkpt>
      <trkpt lat="54.7494044713676" lon="25.387767143547535">
        <ele>124.0</ele>
        <time>2021-10-08T19:45:11.757Z</time>
      </trkpt>
      <trkpt lat="54.749445375055075" lon="25.387717187404633">
        <ele>124.0</ele>
        <time>2021-10-08T19:45:13.743Z</time>
      </trkpt>
      <trkpt lat="54.749529948458076" lon="25.38762230426073">
        <ele>124.0</ele>
        <time>2021-10-08T19:45:15.732Z</time>
      </trkpt>
      <trkpt lat="54.74960211664438" lon="25.387546196579933">
        <ele>123.0</ele>
        <time>2021-10-08T19:45:17.725Z</time>
      </trkpt>
      <trkpt lat="54.74963665008545" lon="25.38750596344471">
        <ele>123.0</ele>
        <time>2021-10-08T19:45:19.719Z</time>
      </trkpt>
      <trkpt lat="54.74967495538294" lon="25.387465814128518">
        <ele>122.0</ele>
        <time>2021-10-08T19:45:21.715Z</time>
      </trkpt>
      <trkpt lat="54.749690629541874" lon="25.387441758066416">
        <ele>122.0</ele>
        <time>2021-10-08T19:45:23.712Z</time>
      </trkpt>
      <trkpt lat="54.74976413883269" lon="25.387343019247055">
        <ele>122.0</ele>
        <time>2021-10-08T19:45:25.713Z</time>
      </trkpt>
      <trkpt lat="54.74980680271983" lon="25.387295661494136">
        <ele>121.0</ele>
        <time>2021-10-08T19:45:27.716Z</time>
      </trkpt>
      <trkpt lat="54.749889532104135" lon="25.387195330113173">
        <ele>120.0</ele>
        <time>2021-10-08T19:45:29.723Z</time>
      </trkpt>
      <trkpt lat="54.7499084752053" lon="25.387175800278783">
        <ele>120.0</ele>
        <time>2021-10-08T19:45:31.730Z</time>
      </trkpt>
      <trkpt lat="54.74998600780964" lon="25.387077564373612">
        <ele>120.0</ele>
        <time>2021-10-08T19:45:33.741Z</time>
      </trkpt>
      <trkpt lat="54.750059600919485" lon="25.386983854696155">
        <ele>120.0</ele>
        <time>2021-10-08T19:45:35.756Z</time>
      </trkpt>
      <trkpt lat="54.75010125897825" lon="25.386933479458094">
        <ele>120.0</ele>
        <time>2021-10-08T19:45:37.773Z</time>
      </trkpt>
      <trkpt lat="54.75011668168008" lon="25.386912943795323">
        <ele>120.0</ele>
        <time>2021-10-08T19:45:39.791Z</time>
      </trkpt>
      <trkpt lat="54.75019262172282" lon="25.38682686164975">
        <ele>120.0</ele>
        <time>2021-10-08T19:45:41.812Z</time>
      </trkpt>
      <trkpt lat="54.750322960317135" lon="25.38668805733323">
        <ele>120.0</ele>
        <time>2021-10-08T19:45:43.839Z</time>
      </trkpt>
      <trkpt lat="54.75035313516855" lon="25.38666643202305">
        <ele>120.0</ele>
        <time>2021-10-08T19:45:45.867Z</time>
      </trkpt>
      <trkpt lat="54.75037559866905" lon="25.38666601292789">
        <ele>120.0</ele>
        <time>2021-10-08T19:45:47.896Z</time>
      </trkpt>
      <trkpt lat="54.7504198551178" lon="25.3866602294147">
        <ele>120.0</ele>
        <time>2021-10-08T19:45:49.927Z</time>
      </trkpt>
      <trkpt lat="54.75047031417489" lon="25.386638939380646">
        <ele>120.0</ele>
        <time>2021-10-08T19:45:51.960Z</time>
      </trkpt>
      <trkpt lat="54.75055530667305" lon="25.386614464223385">
        <ele>121.0</ele>
        <time>2021-10-08T19:45:53.996Z</time>
      </trkpt>
      <trkpt lat="54.75057324394584" lon="25.386612955480814">
        <ele>121.0</ele>
        <time>2021-10-08T19:45:56.033Z</time>
      </trkpt>
      <trkpt lat="54.75065446458757" lon="25.38661815226078">
        <ele>122.0</ele>
        <time>2021-10-08T19:45:58.073Z</time>
      </trkpt>
      <trkpt lat="54.7506910096854" lon="25.386623265221715">
        <ele>123.0</ele>
        <time>2021-10-08T19:46:00.115Z</time>
      </trkpt>
      <trkpt lat="54.75075563415885" lon="25.38662603124976">
        <ele>123.0</ele>
        <time>2021-10-08T19:46:02.159Z</time>
      </trkpt>
      <trkpt lat="54.75080584175885" lon="25.38663625717163">
        <ele>124.0</ele>
        <time>2021-10-08T19:46:04.205Z</time>
      </trkpt>
      <trkpt lat="54.750859988853335" lon="25.3866327367723">
        <ele>124.0</ele>
        <time>2021-10-08T19:46:06.253Z</time>
      </trkpt>
      <trkpt lat="54.750956883654" lon="25.38659619167447">
        <ele>125.0</ele>
        <time>2021-10-08T19:46:08.305Z</time>
      </trkpt>
      <trkpt lat="54.75100725889206" lon="25.386582612991333">
        <ele>126.0</ele>
        <time>2021-10-08T19:46:10.359Z</time>
      </trkpt>
      <trkpt lat="54.75108738988638" lon="25.386561071500182">
        <ele>126.0</ele>
        <time>2021-10-08T19:46:12.416Z</time>
      </trkpt>
      <trkpt lat="54.75118797272444" lon="25.386518659070134">
        <ele>126.0</ele>
        <time>2021-10-08T19:46:14.478Z</time>
      </trkpt>
      <trkpt lat="54.75123457610607" lon="25.3865135461092">
        <ele>126.0</ele>
        <time>2021-10-08T19:46:16.541Z</time>
      </trkpt>
      <trkpt lat="54.75132141262293" lon="25.3865291364491">
        <ele>125.0</ele>
        <time>2021-10-08T19:46:18.608Z</time>
      </trkpt>
      <trkpt lat="54.751385785639286" lon="25.38656727410853">
        <ele>125.0</ele>
        <time>2021-10-08T19:46:20.677Z</time>
      </trkpt>
      <trkpt lat="54.7514558583498" lon="25.386591162532568">
        <ele>126.0</ele>
        <time>2021-10-08T19:46:22.749Z</time>
      </trkpt>
      <trkpt lat="54.751499528065324" lon="25.38661764934659">
        <ele>127.0</ele>
        <time>2021-10-08T19:46:24.823Z</time>
      </trkpt>
      <trkpt lat="54.751583179458976" lon="25.386670622974634">
        <ele>127.0</ele>
        <time>2021-10-08T19:46:26.901Z</time>
      </trkpt>
      <trkpt lat="54.75168485194445" lon="25.386719992384315">
        <ele>127.0</ele>
        <time>2021-10-08T19:46:28.983Z</time>
      </trkpt>
      <trkpt lat="54.75170765072107" lon="25.38673533126712">
        <ele>127.0</ele>
        <time>2021-10-08T19:46:31.066Z</time>
      </trkpt>
      <trkpt lat="54.75180488079786" lon="25.38678570650518">
        <ele>127.0</ele>
        <time>2021-10-08T19:46:33.153Z</time>
      </trkpt>
      <trkpt lat="54.751948630437255" lon="25.38682585582137">
        <ele>127.0</ele>
        <time>2021-10-08T19:46:35.245Z</time>
      </trkpt>
      <trkpt lat="54.75199615582824" lon="25.38681303150952">
        <ele>128.0</ele>
        <time>2021-10-08T19:46:37.339Z</time>
      </trkpt>
      <trkpt lat="54.75202850997448" lon="25.38679894991219">
        <ele>128.0</ele>
        <time>2021-10-08T19:46:39.434Z</time>
      </trkpt>
      <trkpt lat="54.7520584333688" lon="25.386787299066782">
        <ele>129.0</ele>
        <time>2021-10-08T19:46:41.531Z</time>
      </trkpt>
      <trkpt lat="54.75209246389568" lon="25.38677891716361">
        <ele>129.0</ele>
        <time>2021-10-08T19:46:43.629Z</time>
      </trkpt>
      <trkpt lat="54.75211014971137" lon="25.386777743697166">
        <ele>129.0</ele>
        <time>2021-10-08T19:46:45.728Z</time>
      </trkpt>
      <trkpt lat="54.7521398216486" lon="25.386781599372625">
        <ele>130.0</ele>
        <time>2021-10-08T19:46:47.828Z</time>
      </trkpt>
      <trkpt lat="54.752156250178814" lon="25.386783946305513">
        <ele>130.0</ele>
        <time>2021-10-08T19:46:49.929Z</time>
      </trkpt>
      <trkpt lat="54.75217251107097" lon="25.386786125600338">
        <ele>130.0</ele>
        <time>2021-10-08T19:46:52.030Z</time>
      </trkpt>
      <trkpt lat="54.75224400870502" lon="25.386792663484812">
        <ele>132.0</ele>
        <time>2021-10-08T19:46:54.134Z</time>
      </trkpt>
      <trkpt lat="54.75232380442321" lon="25.386789897456765">
        <ele>133.0</ele>
        <time>2021-10-08T19:46:56.241Z</time>
      </trkpt>
      <trkpt lat="54.752343501895666" lon="25.38677112199366">
        <ele>133.0</ele>
        <time>2021-10-08T19:46:58.349Z</time>
      </trkpt>
      <trkpt lat="54.752365881577134" lon="25.38673642091453">
        <ele>134.0</ele>
        <time>2021-10-08T19:47:00.458Z</time>
      </trkpt>
      <trkpt lat="54.75241851992905" lon="25.386707754805684">
        <ele>134.0</ele>
        <time>2021-10-08T19:47:02.569Z</time>
      </trkpt>
      <trkpt lat="54.752489011734724" lon="25.386675484478474">
        <ele>135.0</ele>
        <time>2021-10-08T19:47:04.683Z</time>
      </trkpt>
      <trkpt lat="54.7525317594409" lon="25.38665972650051">
        <ele>135.0</ele>
        <time>2021-10-08T19:47:06.799Z</time>
      </trkpt>
      <trkpt lat="54.75266729481518" lon="25.38660985417664">
        <ele>135.0</ele>
        <time>2021-10-08T19:47:08.920Z</time>
      </trkpt>
      <trkpt lat="54.7527492698282" lon="25.386540619656444">
        <ele>135.0</ele>
        <time>2021-10-08T19:47:11.045Z</time>
      </trkpt>
      <trkpt lat="54.75282487459481" lon="25.386451687663794">
        <ele>135.0</ele>
        <time>2021-10-08T19:47:13.173Z</time>
      </trkpt>
      <trkpt lat="54.75289209745824" lon="25.38634691387415">
        <ele>135.0</ele>
        <time>2021-10-08T19:47:15.305Z</time>
      </trkpt>
      <trkpt lat="54.752912214025855" lon="25.386319672688842">
        <ele>135.0</ele>
        <time>2021-10-08T19:47:17.438Z</time>
      </trkpt>
      <trkpt lat="54.75293409079313" lon="25.386289581656456">
        <ele>135.0</ele>
        <time>2021-10-08T19:47:19.572Z</time>
      </trkpt>
      <trkpt lat="54.75299024954438" lon="25.386191429570317">
        <ele>135.0</ele>
        <time>2021-10-08T19:47:21.709Z</time>
      </trkpt>
      <trkpt lat="54.75306300446391" lon="25.38605958223343">
        <ele>135.0</ele>
        <time>2021-10-08T19:47:23.850Z</time>
      </trkpt>
      <trkpt lat="54.75311421789229" lon="25.385955311357975">
        <ele>135.0</ele>
        <time>2021-10-08T19:47:25.994Z</time>
      </trkpt>
      <trkpt lat="54.75318890064955" lon="25.38578507490456">
        <ele>135.0</ele>
        <time>2021-10-08T19:47:28.143Z</time>
      </trkpt>
      <trkpt lat="54.75326291285455" lon="25.385652305558324">
        <ele>134.0</ele>
        <time>2021-10-08T19:47:30.297Z</time>
      </trkpt>
      <trkpt lat="54.753287974745035" lon="25.38559941574931">
        <ele>134.0</ele>
        <time>2021-10-08T19:47:32.452Z</time>
      </trkpt>
      <trkpt lat="54.75330633111298" lon="25.385568235069513">
        <ele>134.0</ele>
        <time>2021-10-08T19:47:34.608Z</time>
      </trkpt>
      <trkpt lat="54.753387635573745" lon="25.385519871488214">
        <ele>133.0</ele>
        <time>2021-10-08T19:47:36.767Z</time>
      </trkpt>
      <trkpt lat="54.75347924977541" lon="25.38556320592761">
        <ele>133.0</ele>
        <time>2021-10-08T19:47:38.930Z</time>
      </trkpt>
      <trkpt lat="54.753518141806126" lon="25.385578963905573">
        <ele>133.0</ele>
        <time>2021-10-08T19:47:41.095Z</time>
      </trkpt>
      <trkpt lat="54.75358486175537" lon="25.385620621964335">
        <ele>133.0</ele>
        <time>2021-10-08T19:47:43.263Z</time>
      </trkpt>
      <trkpt lat="54.75366340018809" lon="25.385688012465835">
        <ele>134.0</ele>
        <time>2021-10-08T19:47:45.434Z</time>
      </trkpt>
      <trkpt lat="54.75367815233767" lon="25.385709134861827">
        <ele>134.0</ele>
        <time>2021-10-08T19:47:47.606Z</time>
      </trkpt>
      <trkpt lat="54.75372668355703" lon="25.385760348290205">
        <ele>134.0</ele>
        <time>2021-10-08T19:47:49.780Z</time>
      </trkpt>
      <trkpt lat="54.75374495610595" lon="25.385773926973343">
        <ele>133.0</ele>
        <time>2021-10-08T19:47:51.955Z</time>
      </trkpt>
      <trkpt lat="54.75387068465352" lon="25.385885490104556">
        <ele>134.0</ele>
        <time>2021-10-08T19:47:54.135Z</time>
      </trkpt>
      <trkpt lat="54.75400689058006" lon="25.386005686596036">
        <ele>133.0</ele>
        <time>2021-10-08T19:47:56.321Z</time>
      </trkpt>
      <trkpt lat="54.75413077510893" lon="25.386087326332927">
        <ele>134.0</ele>
        <time>2021-10-08T19:47:58.512Z</time>
      </trkpt>
      <trkpt lat="54.754244601354" lon="25.386194363236427">
        <ele>134.0</ele>
        <time>2021-10-08T19:48:00.709Z</time>
      </trkpt>
      <trkpt lat="54.754411317408085" lon="25.386280445382">
        <ele>134.0</ele>
        <time>2021-10-08T19:48:02.912Z</time>
      </trkpt>
      <trkpt lat="54.75451701320708" lon="25.38642520084977">
        <ele>135.0</ele>
        <time>2021-10-08T19:48:05.121Z</time>
      </trkpt>
      <trkpt lat="54.75453905761242" lon="25.386449843645096">
        <ele>135.0</ele>
        <time>2021-10-08T19:48:07.331Z</time>
      </trkpt>
      <trkpt lat="54.7546196077019" lon="25.386522095650434">
        <ele>135.0</ele>
        <time>2021-10-08T19:48:09.544Z</time>
      </trkpt>
      <trkpt lat="54.75473150610924" lon="25.386616894975305">
        <ele>135.0</ele>
        <time>2021-10-08T19:48:11.762Z</time>
      </trkpt>
      <trkpt lat="54.754850110039115" lon="25.386747401207685">
        <ele>134.0</ele>
        <time>2021-10-08T19:48:13.986Z</time>
      </trkpt>
      <trkpt lat="54.754901910200715" lon="25.386793334037066">
        <ele>134.0</ele>
        <time>2021-10-08T19:48:16.212Z</time>
      </trkpt>
      <trkpt lat="54.75498505868018" lon="25.38687807507813">
        <ele>134.0</ele>
        <time>2021-10-08T19:48:18.442Z</time>
      </trkpt>
      <trkpt lat="54.75500961765647" lon="25.38690833374858">
        <ele>134.0</ele>
        <time>2021-10-08T19:48:20.673Z</time>
      </trkpt>
      <trkpt lat="54.75510542280972" lon="25.38701000623405">
        <ele>133.0</ele>
        <time>2021-10-08T19:48:22.908Z</time>
      </trkpt>
      <trkpt lat="54.755135430023074" lon="25.38704621605575">
        <ele>133.0</ele>
        <time>2021-10-08T19:48:25.145Z</time>
      </trkpt>
      <trkpt lat="54.75518362596631" lon="25.387105140835047">
        <ele>132.0</ele>
        <time>2021-10-08T19:48:27.384Z</time>
      </trkpt>
      <trkpt lat="54.75521732121706" lon="25.38716590963304">
        <ele>132.0</ele>
        <time>2021-10-08T19:48:29.625Z</time>
      </trkpt>
      <trkpt lat="54.75524892099202" lon="25.387232042849064">
        <ele>132.0</ele>
        <time>2021-10-08T19:48:31.868Z</time>
      </trkpt>
      <trkpt lat="54.75530046969652" lon="25.38737596012652">
        <ele>132.0</ele>
        <time>2021-10-08T19:48:34.115Z</time>
      </trkpt>
      <trkpt lat="54.75530784577131" lon="25.387405212968588">
        <ele>132.0</ele>
        <time>2021-10-08T19:48:36.362Z</time>
      </trkpt>
      <trkpt lat="54.7553117852658" lon="25.38743161596358">
        <ele>132.0</ele>
        <time>2021-10-08T19:48:38.610Z</time>
      </trkpt>
      <trkpt lat="54.75531220436096" lon="25.38745558820665">
        <ele>132.0</ele>
        <time>2021-10-08T19:48:40.859Z</time>
      </trkpt>
      <trkpt lat="54.75531564094126" lon="25.387611407786608">
        <ele>132.0</ele>
        <time>2021-10-08T19:48:43.111Z</time>
      </trkpt>
      <trkpt lat="54.75529250688851" lon="25.38771123625338">
        <ele>132.0</ele>
        <time>2021-10-08T19:48:45.366Z</time>
      </trkpt>
      <trkpt lat="54.75525487214327" lon="25.38782849907875">
        <ele>132.0</ele>
        <time>2021-10-08T19:48:47.624Z</time>
      </trkpt>
      <trkpt lat="54.75518446415663" lon="25.388072077184916">
        <ele>131.0</ele>
        <time>2021-10-08T19:48:49.888Z</time>
      </trkpt>
      <trkpt lat="54.755097795277834" lon="25.388258323073387">
        <ele>131.0</ele>
        <time>2021-10-08T19:48:52.157Z</time>
      </trkpt>
      <trkpt lat="54.75507130846381" lon="25.388316325843334">
        <ele>131.0</ele>
        <time>2021-10-08T19:48:54.428Z</time>
      </trkpt>
      <trkpt lat="54.755036775022745" lon="25.38840500637889">
        <ele>131.0</ele>
        <time>2021-10-08T19:48:56.701Z</time>
      </trkpt>
      <trkpt lat="54.7550236992538" lon="25.388432666659355">
        <ele>131.0</ele>
        <time>2021-10-08T19:48:58.975Z</time>
      </trkpt>
      <trkpt lat="54.754959996789694" lon="25.388550935313106">
        <ele>131.0</ele>
        <time>2021-10-08T19:49:01.253Z</time>
      </trkpt>
      <trkpt lat="54.7549267206341" lon="25.388624696061015">
        <ele>131.0</ele>
        <time>2021-10-08T19:49:03.533Z</time>
      </trkpt>
      <trkpt lat="54.75487056188285" lon="25.38875394500792">
        <ele>130.0</ele>
        <time>2021-10-08T19:49:05.817Z</time>
      </trkpt>
      <trkpt lat="54.75480652414262" lon="25.38884723559022">
        <ele>130.0</ele>
        <time>2021-10-08T19:49:08.104Z</time>
      </trkpt>
      <trkpt lat="54.754785066470504" lon="25.38886684924364">
        <ele>130.0</ele>
        <time>2021-10-08T19:49:10.392Z</time>
      </trkpt>
      <trkpt lat="54.75470476783812" lon="25.38893030025065">
        <ele>130.0</ele>
        <time>2021-10-08T19:49:12.683Z</time>
      </trkpt>
      <trkpt lat="54.754506535828114" lon="25.388995008543134">
        <ele>130.0</ele>
        <time>2021-10-08T19:49:14.982Z</time>
      </trkpt>
      <trkpt lat="54.75443403236568" lon="25.38904655724764">
        <ele>131.0</ele>
        <time>2021-10-08T19:49:17.284Z</time>
      </trkpt>
      <trkpt lat="54.754378125071526" lon="25.389082515612245">
        <ele>131.0</ele>
        <time>2021-10-08T19:49:19.589Z</time>
      </trkpt>
      <trkpt lat="54.754330767318606" lon="25.389120653271675">
        <ele>131.0</ele>
        <time>2021-10-08T19:49:21.896Z</time>
      </trkpt>
      <trkpt lat="54.75426295772195" lon="25.389172956347466">
        <ele>131.0</ele>
        <time>2021-10-08T19:49:24.205Z</time>
      </trkpt>
      <trkpt lat="54.75412163883448" lon="25.389253506436944">
        <ele>131.0</ele>
        <time>2021-10-08T19:49:26.520Z</time>
      </trkpt>
      <trkpt lat="54.75399021059275" lon="25.38934964686632">
        <ele>131.0</ele>
        <time>2021-10-08T19:49:28.841Z</time>
      </trkpt>
      <trkpt lat="54.753969591110945" lon="25.38936858996749">
        <ele>131.0</ele>
        <time>2021-10-08T19:49:31.163Z</time>
      </trkpt>
      <trkpt lat="54.75388820283115" lon="25.389472525566816">
        <ele>131.0</ele>
        <time>2021-10-08T19:49:33.489Z</time>
      </trkpt>
      <trkpt lat="54.7538698464632" lon="25.389496833086014">
        <ele>131.0</ele>
        <time>2021-10-08T19:49:35.816Z</time>
      </trkpt>
      <trkpt lat="54.753824919462204" lon="25.38954896852374">
        <ele>132.0</ele>
        <time>2021-10-08T19:49:38.145Z</time>
      </trkpt>
      <trkpt lat="54.75376607850194" lon="25.389617616310716">
        <ele>132.0</ele>
        <time>2021-10-08T19:49:40.477Z</time>
      </trkpt>
      <trkpt lat="54.75365568883717" lon="25.38970830850303">
        <ele>132.0</ele>
        <time>2021-10-08T19:49:42.813Z</time>
      </trkpt>
      <trkpt lat="54.753554770722985" lon="25.38985189050436">
        <ele>132.0</ele>
        <time>2021-10-08T19:49:45.154Z</time>
      </trkpt>
      <trkpt lat="54.75347044877708" lon="25.389939062297344">
        <ele>132.0</ele>
        <time>2021-10-08T19:49:47.499Z</time>
      </trkpt>
      <trkpt lat="54.75344991311431" lon="25.389957586303353">
        <ele>132.0</ele>
        <time>2021-10-08T19:49:49.845Z</time>
      </trkpt>
      <trkpt lat="54.753424767404795" lon="25.389968315139413">
        <ele>133.0</ele>
        <time>2021-10-08T19:49:52.192Z</time>
      </trkpt>
      <trkpt lat="54.753295267000794" lon="25.390068227425218">
        <ele>133.0</ele>
        <time>2021-10-08T19:49:54.545Z</time>
      </trkpt>
      <trkpt lat="54.75328688509762" lon="25.390083733946085">
        <ele>133.0</ele>
        <time>2021-10-08T19:49:56.898Z</time>
      </trkpt>
      <trkpt lat="54.75327540189028" lon="25.3901797067374">
        <ele>134.0</ele>
        <time>2021-10-08T19:49:59.254Z</time>
      </trkpt>
      <trkpt lat="54.75327741354704" lon="25.390217090025544">
        <ele>134.0</ele>
        <time>2021-10-08T19:50:01.610Z</time>
      </trkpt>
      <trkpt lat="54.75329057313502" lon="25.390276266261935">
        <ele>134.0</ele>
        <time>2021-10-08T19:50:03.968Z</time>
      </trkpt>
      <trkpt lat="54.75329568609595" lon="25.390297221019864">
        <ele>135.0</ele>
        <time>2021-10-08T19:50:06.326Z</time>
      </trkpt>
      <trkpt lat="54.753320245072246" lon="25.3903575707227">
        <ele>135.0</ele>
        <time>2021-10-08T19:50:08.686Z</time>
      </trkpt>
      <trkpt lat="54.75338947959244" lon="25.39054322987795">
        <ele>135.0</ele>
        <time>2021-10-08T19:50:11.051Z</time>
      </trkpt>
      <trkpt lat="54.75342418067157" lon="25.39058924652636">
        <ele>136.0</ele>
        <time>2021-10-08T19:50:13.418Z</time>
      </trkpt>
      <trkpt lat="54.75348838604987" lon="25.39067725650966">
        <ele>135.0</ele>
        <time>2021-10-08T19:50:15.788Z</time>
      </trkpt>
      <trkpt lat="54.75351923145354" lon="25.390704413875937">
        <ele>136.0</ele>
        <time>2021-10-08T19:50:18.159Z</time>
      </trkpt>
      <trkpt lat="54.75356734357774" lon="25.390753531828523">
        <ele>137.0</ele>
        <time>2021-10-08T19:50:20.532Z</time>
      </trkpt>
      <trkpt lat="54.75358343683183" lon="25.390766859054565">
        <ele>137.0</ele>
        <time>2021-10-08T19:50:22.906Z</time>
      </trkpt>
      <trkpt lat="54.75359106436372" lon="25.39079686626792">
        <ele>137.0</ele>
        <time>2021-10-08T19:50:25.281Z</time>
      </trkpt>
      <trkpt lat="54.75361989811063" lon="25.390864172950387">
        <ele>138.0</ele>
        <time>2021-10-08T19:50:27.658Z</time>
      </trkpt>
      <trkpt lat="54.75363020785153" lon="25.390878589823842">
        <ele>138.0</ele>
        <time>2021-10-08T19:50:30.035Z</time>
      </trkpt>
      <trkpt lat="54.75364504382014" lon="25.390918320044875">
        <ele>139.0</ele>
        <time>2021-10-08T19:50:32.413Z</time>
      </trkpt>
      <trkpt lat="54.75366457365453" lon="25.39094405248761">
        <ele>139.0</ele>
        <time>2021-10-08T19:50:34.792Z</time>
      </trkpt>
      <trkpt lat="54.75367915816605" lon="25.390960481017828">
        <ele>139.0</ele>
        <time>2021-10-08T19:50:37.172Z</time>
      </trkpt>
      <trkpt lat="54.75375828333199" lon="25.391079001128674">
        <ele>140.0</ele>
        <time>2021-10-08T19:50:39.556Z</time>
      </trkpt>
      <trkpt lat="54.753767251968384" lon="25.391101213172078">
        <ele>140.0</ele>
        <time>2021-10-08T19:50:41.941Z</time>
      </trkpt>
      <trkpt lat="54.753825925290585" lon="25.39115938358009">
        <ele>140.0</ele>
        <time>2021-10-08T19:50:44.328Z</time>
      </trkpt>
      <trkpt lat="54.75385894998908" lon="25.391203053295612">
        <ele>140.0</ele>
        <time>2021-10-08T19:50:46.717Z</time>
      </trkpt>
      <trkpt lat="54.753948552533984" lon="25.391323920339346">
        <ele>140.0</ele>
        <time>2021-10-08T19:50:49.110Z</time>
      </trkpt>
      <trkpt lat="54.7539649810642" lon="25.391343533992767">
        <ele>140.0</ele>
        <time>2021-10-08T19:50:51.504Z</time>
      </trkpt>
      <trkpt lat="54.75411208346486" lon="25.391508489847183">
        <ele>139.0</ele>
        <time>2021-10-08T19:50:53.905Z</time>
      </trkpt>
      <trkpt lat="54.75419933907688" lon="25.391565319150686">
        <ele>139.0</ele>
        <time>2021-10-08T19:50:56.310Z</time>
      </trkpt>
      <trkpt lat="54.75423127412796" lon="25.391591303050518">
        <ele>139.0</ele>
        <time>2021-10-08T19:50:58.716Z</time>
      </trkpt>
      <trkpt lat="54.75430159829557" lon="25.391660872846842">
        <ele>139.0</ele>
        <time>2021-10-08T19:51:01.125Z</time>
      </trkpt>
      <trkpt lat="54.754320960491896" lon="25.39169054478407">
        <ele>139.0</ele>
        <time>2021-10-08T19:51:03.535Z</time>
      </trkpt>
      <trkpt lat="54.75434962660074" lon="25.391719546169043">
        <ele>139.0</ele>
        <time>2021-10-08T19:51:05.947Z</time>
      </trkpt>
      <trkpt lat="54.75441416725516" lon="25.39177562110126">
        <ele>139.0</ele>
        <time>2021-10-08T19:51:08.362Z</time>
      </trkpt>
      <trkpt lat="54.75447275675833" lon="25.391825828701258">
        <ele>139.0</ele>
        <time>2021-10-08T19:51:10.779Z</time>
      </trkpt>
      <trkpt lat="54.7544898558408" lon="25.391853572800756">
        <ele>139.0</ele>
        <time>2021-10-08T19:51:13.197Z</time>
      </trkpt>
      <trkpt lat="54.75450871512294" lon="25.391883496195078">
        <ele>139.0</ele>
        <time>2021-10-08T19:51:15.616Z</time>
      </trkpt>
      <trkpt lat="54.75455573759973" lon="25.39192314259708">
        <ele>139.0</ele>
        <time>2021-10-08T19:51:18.037Z</time>
      </trkpt>
      <trkpt lat="54.754577446728945" lon="25.391953233629465">
        <ele>139.0</ele>
        <time>2021-10-08T19:51:20.459Z</time>
      </trkpt>
      <trkpt lat="54.754599407315254" lon="25.391971673816442">
        <ele>139.0</ele>
        <time>2021-10-08T19:51:22.882Z</time>
      </trkpt>
      <trkpt lat="54.75465632043779" lon="25.392021713778377">
        <ele>139.0</ele>
        <time>2021-10-08T19:51:25.308Z</time>
      </trkpt>
      <trkpt lat="54.75469068624079" lon="25.392059851437807">
        <ele>139.0</ele>
        <time>2021-10-08T19:51:27.735Z</time>
      </trkpt>
      <trkpt lat="54.754730416461825" lon="25.392129085958004">
        <ele>139.0</ele>
        <time>2021-10-08T19:51:30.164Z</time>
      </trkpt>
      <trkpt lat="54.75476763211191" lon="25.392207205295563">
        <ele>139.0</ele>
        <time>2021-10-08T19:51:32.596Z</time>
      </trkpt>
      <trkpt lat="54.75484256632626" lon="25.392364533618093">
        <ele>138.0</ele>
        <time>2021-10-08T19:51:35.032Z</time>
      </trkpt>
      <trkpt lat="54.75487232208252" lon="25.39246553555131">
        <ele>138.0</ele>
        <time>2021-10-08T19:51:37.471Z</time>
      </trkpt>
      <trkpt lat="54.754883889108896" lon="25.39256125688553">
        <ele>138.0</ele>
        <time>2021-10-08T19:51:39.912Z</time>
      </trkpt>
      <trkpt lat="54.754879865795374" lon="25.392672484740615">
        <ele>138.0</ele>
        <time>2021-10-08T19:51:42.356Z</time>
      </trkpt>
      <trkpt lat="54.754879865795374" lon="25.393011784181">
        <ele>137.0</ele>
        <time>2021-10-08T19:51:44.807Z</time>
      </trkpt>
      <trkpt lat="54.75487592630088" lon="25.393051598221064">
        <ele>137.0</ele>
        <time>2021-10-08T19:51:47.259Z</time>
      </trkpt>
      <trkpt lat="54.754818342626095" lon="25.393293667584658">
        <ele>137.0</ele>
        <time>2021-10-08T19:51:49.717Z</time>
      </trkpt>
      <trkpt lat="54.754780288785696" lon="25.393538419157267">
        <ele>136.0</ele>
        <time>2021-10-08T19:51:52.181Z</time>
      </trkpt>
      <trkpt lat="54.75477207452059" lon="25.393588207662106">
        <ele>136.0</ele>
        <time>2021-10-08T19:51:54.646Z</time>
      </trkpt>
      <trkpt lat="54.75477215833962" lon="25.393588123843074">
        <ele>136.0</ele>
        <time>2021-10-08T19:51:57.111Z</time>
      </trkpt>
      <trkpt lat="54.754746509715915" lon="25.393823152408004">
        <ele>135.0</ele>
        <time>2021-10-08T19:51:59.581Z</time>
      </trkpt>
      <trkpt lat="54.754733266308904" lon="25.393900014460087">
        <ele>136.0</ele>
        <time>2021-10-08T19:52:02.053Z</time>
      </trkpt>
      <trkpt lat="54.75471390411258" lon="25.394007554277778">
        <ele>136.0</ele>
        <time>2021-10-08T19:52:04.528Z</time>
      </trkpt>
      <trkpt lat="54.75467585027218" lon="25.394148789346218">
        <ele>137.0</ele>
        <time>2021-10-08T19:52:07.006Z</time>
      </trkpt>
      <trkpt lat="54.75465246476233" lon="25.394250210374594">
        <ele>137.0</ele>
        <time>2021-10-08T19:52:09.487Z</time>
      </trkpt>
      <trkpt lat="54.75461910478771" lon="25.394357247278094">
        <ele>137.0</ele>
        <time>2021-10-08T19:52:11.971Z</time>
      </trkpt>
      <trkpt lat="54.75459563545883" lon="25.39449001662433">
        <ele>136.0</ele>
        <time>2021-10-08T19:52:14.458Z</time>
      </trkpt>
      <trkpt lat="54.75459203124046" lon="25.394531423226">
        <ele>136.0</ele>
        <time>2021-10-08T19:52:16.946Z</time>
      </trkpt>
      <trkpt lat="54.754536375403404" lon="25.394613817334175">
        <ele>136.0</ele>
        <time>2021-10-08T19:52:19.437Z</time>
      </trkpt>
      <trkpt lat="54.75451114587486" lon="25.394638376310468">
        <ele>136.0</ele>
        <time>2021-10-08T19:52:21.929Z</time>
      </trkpt>
      <trkpt lat="54.754322888329625" lon="25.394789166748524">
        <ele>136.0</ele>
        <time>2021-10-08T19:52:24.429Z</time>
      </trkpt>
      <trkpt lat="54.75427972152829" lon="25.394805511459708">
        <ele>136.0</ele>
        <time>2021-10-08T19:52:26.931Z</time>
      </trkpt>
      <trkpt lat="54.754253067076206" lon="25.394814983010292">
        <ele>136.0</ele>
        <time>2021-10-08T19:52:29.434Z</time>
      </trkpt>
      <trkpt lat="54.75413882173598" lon="25.394850941374898">
        <ele>136.0</ele>
        <time>2021-10-08T19:52:31.941Z</time>
      </trkpt>
      <trkpt lat="54.754095738753676" lon="25.394854713231325">
        <ele>137.0</ele>
        <time>2021-10-08T19:52:34.450Z</time>
      </trkpt>
      <trkpt lat="54.754060953855515" lon="25.39486519061029">
        <ele>137.0</ele>
        <time>2021-10-08T19:52:36.960Z</time>
      </trkpt>
      <trkpt lat="54.75402994081378" lon="25.39491020143032">
        <ele>137.0</ele>
        <time>2021-10-08T19:52:39.472Z</time>
      </trkpt>
      <trkpt lat="54.75399322807789" lon="25.395007096230984">
        <ele>137.0</ele>
        <time>2021-10-08T19:52:41.986Z</time>
      </trkpt>
      <trkpt lat="54.75397604517639" lon="25.39505034685135">
        <ele>137.0</ele>
        <time>2021-10-08T19:52:44.502Z</time>
      </trkpt>
      <trkpt lat="54.75396799854934" lon="25.395074067637324">
        <ele>137.0</ele>
        <time>2021-10-08T19:52:47.018Z</time>
      </trkpt>
      <trkpt lat="54.75395852699876" lon="25.395101476460695">
        <ele>137.0</ele>
        <time>2021-10-08T19:52:49.535Z</time>
      </trkpt>
      <trkpt lat="54.75393279455602" lon="25.395169286057353">
        <ele>137.0</ele>
        <time>2021-10-08T19:52:52.054Z</time>
      </trkpt>
      <trkpt lat="54.75390429608524" lon="25.395231982693076">
        <ele>136.0</ele>
        <time>2021-10-08T19:52:54.575Z</time>
      </trkpt>
      <trkpt lat="54.75388493388891" lon="25.3952653426677">
        <ele>136.0</ele>
        <time>2021-10-08T19:52:57.097Z</time>
      </trkpt>
      <trkpt lat="54.753867499530315" lon="25.3953102696687">
        <ele>135.0</ele>
        <time>2021-10-08T19:52:59.620Z</time>
      </trkpt>
      <trkpt lat="54.75382944568992" lon="25.39538076147437">
        <ele>135.0</ele>
        <time>2021-10-08T19:53:02.145Z</time>
      </trkpt>
      <trkpt lat="54.75378309376538" lon="25.395452342927456">
        <ele>134.0</ele>
        <time>2021-10-08T19:53:04.673Z</time>
      </trkpt>
      <trkpt lat="54.753768844529986" lon="25.39547849446535">
        <ele>134.0</ele>
        <time>2021-10-08T19:53:07.201Z</time>
      </trkpt>
      <trkpt lat="54.75366214290261" lon="25.3957056440413">
        <ele>134.0</ele>
        <time>2021-10-08T19:53:09.736Z</time>
      </trkpt>
      <trkpt lat="54.753643702715635" lon="25.39573598653078">
        <ele>134.0</ele>
        <time>2021-10-08T19:53:12.272Z</time>
      </trkpt>
      <trkpt lat="54.75358637049794" lon="25.395815698429942">
        <ele>134.0</ele>
        <time>2021-10-08T19:53:14.811Z</time>
      </trkpt>
      <trkpt lat="54.75349542684853" lon="25.39594989269972">
        <ele>136.0</ele>
        <time>2021-10-08T19:53:17.355Z</time>
      </trkpt>
      <trkpt lat="54.75348746404052" lon="25.39598518051207">
        <ele>136.0</ele>
        <time>2021-10-08T19:53:19.899Z</time>
      </trkpt>
      <trkpt lat="54.75347422063351" lon="25.39602566510439">
        <ele>136.0</ele>
        <time>2021-10-08T19:53:22.445Z</time>
      </trkpt>
      <trkpt lat="54.75345963612199" lon="25.39615960791707">
        <ele>137.0</ele>
        <time>2021-10-08T19:53:24.994Z</time>
      </trkpt>
      <trkpt lat="54.75340951234102" lon="25.396465295925736">
        <ele>137.0</ele>
        <time>2021-10-08T19:53:27.550Z</time>
      </trkpt>
      <trkpt lat="54.75336735136807" lon="25.396700743585825">
        <ele>135.0</ele>
        <time>2021-10-08T19:53:30.111Z</time>
      </trkpt>
      <trkpt lat="54.753358298912644" lon="25.39673376828432">
        <ele>134.0</ele>
        <time>2021-10-08T19:53:32.673Z</time>
      </trkpt>
      <trkpt lat="54.75330440327525" lon="25.396876512095332">
        <ele>133.0</ele>
        <time>2021-10-08T19:53:35.239Z</time>
      </trkpt>
      <trkpt lat="54.75329074077308" lon="25.39688615128398">
        <ele>133.0</ele>
        <time>2021-10-08T19:53:37.806Z</time>
      </trkpt>
      <trkpt lat="54.753229301422834" lon="25.396918673068285">
        <ele>133.0</ele>
        <time>2021-10-08T19:53:40.375Z</time>
      </trkpt>
      <trkpt lat="54.753091586753726" lon="25.397010203450918">
        <ele>133.0</ele>
        <time>2021-10-08T19:53:42.950Z</time>
      </trkpt>
      <trkpt lat="54.752947418019176" lon="25.397101985290647">
        <ele>133.0</ele>
        <time>2021-10-08T19:53:45.531Z</time>
      </trkpt>
      <trkpt lat="54.75290768779814" lon="25.39715881459415">
        <ele>134.0</ele>
        <time>2021-10-08T19:53:48.114Z</time>
      </trkpt>
      <trkpt lat="54.75288572721183" lon="25.397231988608837">
        <ele>134.0</ele>
        <time>2021-10-08T19:53:50.699Z</time>
      </trkpt>
      <trkpt lat="54.75283283740282" lon="25.39735176600516">
        <ele>134.0</ele>
        <time>2021-10-08T19:53:53.287Z</time>
      </trkpt>
      <trkpt lat="54.752804674208164" lon="25.397406332194805">
        <ele>134.0</ele>
        <time>2021-10-08T19:53:55.877Z</time>
      </trkpt>
      <trkpt lat="54.75268271751702" lon="25.39755226112902">
        <ele>133.0</ele>
        <time>2021-10-08T19:53:58.473Z</time>
      </trkpt>
      <trkpt lat="54.752547265961766" lon="25.397688718512654">
        <ele>133.0</ele>
        <time>2021-10-08T19:54:01.075Z</time>
      </trkpt>
      <trkpt lat="54.752399157732725" lon="25.397830791771412">
        <ele>133.0</ele>
        <time>2021-10-08T19:54:03.684Z</time>
      </trkpt>
      <trkpt lat="54.752326318994164" lon="25.397981498390436">
        <ele>132.0</ele>
        <time>2021-10-08T19:54:06.297Z</time>
      </trkpt>
      <trkpt lat="54.752228083088994" lon="25.39819909259677">
        <ele>133.0</ele>
        <time>2021-10-08T19:54:08.916Z</time>
      </trkpt>
      <trkpt lat="54.752129847183824" lon="25.398347787559032">
        <ele>134.0</ele>
        <time>2021-10-08T19:54:11.540Z</time>
      </trkpt>
      <trkpt lat="54.75211266428232" lon="25.398377375677228">
        <ele>134.0</ele>
        <time>2021-10-08T19:54:14.165Z</time>
      </trkpt>
      <trkpt lat="54.752024821937084" lon="25.398516096174717">
        <ele>135.0</ele>
        <time>2021-10-08T19:54:16.795Z</time>
      </trkpt>
      <trkpt lat="54.752001855522394" lon="25.398586001247168">
        <ele>136.0</ele>
        <time>2021-10-08T19:54:19.427Z</time>
      </trkpt>
      <trkpt lat="54.75198551081121" lon="25.398667138069868">
        <ele>136.0</ele>
        <time>2021-10-08T19:54:22.061Z</time>
      </trkpt>
      <trkpt lat="54.75197277031839" lon="25.39873226545751">
        <ele>136.0</ele>
        <time>2021-10-08T19:54:24.696Z</time>
      </trkpt>
      <trkpt lat="54.751956509426236" lon="25.39878993295133">
        <ele>136.0</ele>
        <time>2021-10-08T19:54:27.333Z</time>
      </trkpt>
      <trkpt lat="54.75192750804126" lon="25.398903507739305">
        <ele>136.0</ele>
        <time>2021-10-08T19:54:29.973Z</time>
      </trkpt>
      <trkpt lat="54.75191870704293" lon="25.398993026465178">
        <ele>137.0</ele>
        <time>2021-10-08T19:54:32.615Z</time>
      </trkpt>
      <trkpt lat="54.75189255550504" lon="25.399236269295216">
        <ele>137.0</ele>
        <time>2021-10-08T19:54:35.262Z</time>
      </trkpt>
      <trkpt lat="54.75184268318117" lon="25.399449169635773">
        <ele>136.0</ele>
        <time>2021-10-08T19:54:37.914Z</time>
      </trkpt>
      <trkpt lat="54.75178627297282" lon="25.399696603417397">
        <ele>137.0</ele>
        <time>2021-10-08T19:54:40.572Z</time>
      </trkpt>
      <trkpt lat="54.75178082473576" lon="25.399737423285842">
        <ele>137.0</ele>
        <time>2021-10-08T19:54:43.231Z</time>
      </trkpt>
      <trkpt lat="54.75173774175346" lon="25.399973206222057">
        <ele>137.0</ele>
        <time>2021-10-08T19:54:45.896Z</time>
      </trkpt>
      <trkpt lat="54.751686779782176" lon="25.400088373571634">
        <ele>136.0</ele>
        <time>2021-10-08T19:54:48.564Z</time>
      </trkpt>
      <trkpt lat="54.751672530546784" lon="25.40010957978666">
        <ele>136.0</ele>
        <time>2021-10-08T19:54:51.233Z</time>
      </trkpt>
      <trkpt lat="54.75159156136215" lon="25.40022198110819">
        <ele>136.0</ele>
        <time>2021-10-08T19:54:53.906Z</time>
      </trkpt>
      <trkpt lat="54.751557195559144" lon="25.400287359952927">
        <ele>136.0</ele>
        <time>2021-10-08T19:54:56.581Z</time>
      </trkpt>
      <trkpt lat="54.751519560813904" lon="25.400375705212355">
        <ele>137.0</ele>
        <time>2021-10-08T19:54:59.259Z</time>
      </trkpt>
      <trkpt lat="54.75149634294212" lon="25.400428846478462">
        <ele>137.0</ele>
        <time>2021-10-08T19:55:01.938Z</time>
      </trkpt>
      <trkpt lat="54.751463402062654" lon="25.400536470115185">
        <ele>137.0</ele>
        <time>2021-10-08T19:55:04.620Z</time>
      </trkpt>
      <trkpt lat="54.75144839845598" lon="25.400576451793313">
        <ele>137.0</ele>
        <time>2021-10-08T19:55:07.303Z</time>
      </trkpt>
      <trkpt lat="54.751403387635946" lon="25.400661192834377">
        <ele>138.0</ele>
        <time>2021-10-08T19:55:09.989Z</time>
      </trkpt>
      <trkpt lat="54.751361729577184" lon="25.400744089856744">
        <ele>138.0</ele>
        <time>2021-10-08T19:55:12.677Z</time>
      </trkpt>
      <trkpt lat="54.75132191553712" lon="25.400806702673435">
        <ele>138.0</ele>
        <time>2021-10-08T19:55:15.367Z</time>
      </trkpt>
      <trkpt lat="54.751240191981196" lon="25.400928324088454">
        <ele>138.0</ele>
        <time>2021-10-08T19:55:18.061Z</time>
      </trkpt>
      <trkpt lat="54.751140950247645" lon="25.401006191968918">
        <ele>139.0</ele>
        <time>2021-10-08T19:55:20.760Z</time>
      </trkpt>
      <trkpt lat="54.751084204763174" lon="25.401047514751554">
        <ele>139.0</ele>
        <time>2021-10-08T19:55:23.461Z</time>
      </trkpt>
      <trkpt lat="54.75105528719723" lon="25.40106453001499">
        <ele>139.0</ele>
        <time>2021-10-08T19:55:26.163Z</time>
      </trkpt>
      <trkpt lat="54.75103014148772" lon="25.401072157546878">
        <ele>139.0</ele>
        <time>2021-10-08T19:55:28.866Z</time>
      </trkpt>
      <trkpt lat="54.75092922337353" lon="25.401106607168913">
        <ele>139.0</ele>
        <time>2021-10-08T19:55:31.573Z</time>
      </trkpt>
      <trkpt lat="54.75091053172946" lon="25.40111524052918">
        <ele>139.0</ele>
        <time>2021-10-08T19:55:34.281Z</time>
      </trkpt>
      <trkpt lat="54.750891253352165" lon="25.40112462826073">
        <ele>140.0</ele>
        <time>2021-10-08T19:55:36.990Z</time>
      </trkpt>
      <trkpt lat="54.75079016759992" lon="25.40117835626006">
        <ele>139.0</ele>
        <time>2021-10-08T19:55:39.703Z</time>
      </trkpt>
      <trkpt lat="54.7506735753268" lon="25.401297882199287">
        <ele>139.0</ele>
        <time>2021-10-08T19:55:42.421Z</time>
      </trkpt>
      <trkpt lat="54.75057190284133" lon="25.40142210200429">
        <ele>140.0</ele>
        <time>2021-10-08T19:55:45.144Z</time>
      </trkpt>
      <trkpt lat="54.750490598380566" lon="25.40162335149944">
        <ele>140.0</ele>
        <time>2021-10-08T19:55:47.873Z</time>
      </trkpt>
      <trkpt lat="54.75048121064901" lon="25.401667607948184">
        <ele>140.0</ele>
        <time>2021-10-08T19:55:50.603Z</time>
      </trkpt>
      <trkpt lat="54.75040342658758" lon="25.401820074766874">
        <ele>140.0</ele>
        <time>2021-10-08T19:55:53.337Z</time>
      </trkpt>
      <trkpt lat="54.75036629475653" lon="25.401874976232648">
        <ele>140.0</ele>
        <time>2021-10-08T19:55:56.073Z</time>
      </trkpt>
      <trkpt lat="54.750266801565886" lon="25.40208770893514">
        <ele>139.0</ele>
        <time>2021-10-08T19:55:58.816Z</time>
      </trkpt>
      <trkpt lat="54.75020167417824" lon="25.402306225150824">
        <ele>139.0</ele>
        <time>2021-10-08T19:56:01.564Z</time>
      </trkpt>
      <trkpt lat="54.75014987401664" lon="25.402451902627945">
        <ele>139.0</ele>
        <time>2021-10-08T19:56:04.316Z</time>
      </trkpt>
      <trkpt lat="54.75010779686272" lon="25.402545779943466">
        <ele>139.0</ele>
        <time>2021-10-08T19:56:07.071Z</time>
      </trkpt>
      <trkpt lat="54.75007544271648" lon="25.402598418295383">
        <ele>139.0</ele>
        <time>2021-10-08T19:56:09.827Z</time>
      </trkpt>
      <trkpt lat="54.75003554485738" lon="25.402677040547132">
        <ele>139.0</ele>
        <time>2021-10-08T19:56:12.586Z</time>
      </trkpt>
      <trkpt lat="54.7500242292881" lon="25.402717189863324">
        <ele>139.0</ele>
        <time>2021-10-08T19:56:15.346Z</time>
      </trkpt>
      <trkpt lat="54.74996848963201" lon="25.402886336669326">
        <ele>139.0</ele>
        <time>2021-10-08T19:56:18.110Z</time>
      </trkpt>
      <trkpt lat="54.74996362812817" lon="25.40292656980455">
        <ele>139.0</ele>
        <time>2021-10-08T19:56:20.875Z</time>
      </trkpt>
      <trkpt lat="54.749931106343865" lon="25.40302187204361">
        <ele>138.0</ele>
        <time>2021-10-08T19:56:23.643Z</time>
      </trkpt>
      <trkpt lat="54.749910989776254" lon="25.40305405855179">
        <ele>138.0</ele>
        <time>2021-10-08T19:56:26.412Z</time>
      </trkpt>
      <trkpt lat="54.74989045411348" lon="25.40309169329703">
        <ele>138.0</ele>
        <time>2021-10-08T19:56:29.182Z</time>
      </trkpt>
      <trkpt lat="54.74984619766474" lon="25.403213230893016">
        <ele>138.0</ele>
        <time>2021-10-08T19:56:31.955Z</time>
      </trkpt>
      <trkpt lat="54.74983178079128" lon="25.403294786810875">
        <ele>138.0</ele>
        <time>2021-10-08T19:56:34.730Z</time>
      </trkpt>
      <trkpt lat="54.74984083324671" lon="25.403527803719044">
        <ele>137.0</ele>
        <time>2021-10-08T19:56:37.510Z</time>
      </trkpt>
      <trkpt lat="54.749853825196624" lon="25.40361598134041">
        <ele>137.0</ele>
        <time>2021-10-08T19:56:40.292Z</time>
      </trkpt>
      <trkpt lat="54.74985742941499" lon="25.403687981888652">
        <ele>136.0</ele>
        <time>2021-10-08T19:56:43.076Z</time>
      </trkpt>
      <trkpt lat="54.74985809996724" lon="25.403734920546412">
        <ele>136.0</ele>
        <time>2021-10-08T19:56:45.861Z</time>
      </trkpt>
      <trkpt lat="54.74986497312784" lon="25.40380801074207">
        <ele>135.0</ele>
        <time>2021-10-08T19:56:48.648Z</time>
      </trkpt>
      <trkpt lat="54.74986991845071" lon="25.403842628002167">
        <ele>135.0</ele>
        <time>2021-10-08T19:56:51.436Z</time>
      </trkpt>
      <trkpt lat="54.749890957027674" lon="25.40394782088697">
        <ele>134.0</ele>
        <time>2021-10-08T19:56:54.226Z</time>
      </trkpt>
      <trkpt lat="54.74989715963602" lon="25.40397078730166">
        <ele>134.0</ele>
        <time>2021-10-08T19:56:57.017Z</time>
      </trkpt>
      <trkpt lat="54.74990654736757" lon="25.40398688055575">
        <ele>134.0</ele>
        <time>2021-10-08T19:56:59.808Z</time>
      </trkpt>
      <trkpt lat="54.74995147436857" lon="25.404054690152407">
        <ele>133.0</ele>
        <time>2021-10-08T19:57:02.602Z</time>
      </trkpt>
      <trkpt lat="54.749964382499456" lon="25.404071286320686">
        <ele>133.0</ele>
        <time>2021-10-08T19:57:05.396Z</time>
      </trkpt>
      <trkpt lat="54.74997787736356" lon="25.404091654345393">
        <ele>133.0</ele>
        <time>2021-10-08T19:57:08.191Z</time>
      </trkpt>
      <trkpt lat="54.75008776411414" lon="25.404170025140047">
        <ele>132.0</ele>
        <time>2021-10-08T19:57:10.991Z</time>
      </trkpt>
      <trkpt lat="54.75011366419494" lon="25.404170276597142">
        <ele>132.0</ele>
        <time>2021-10-08T19:57:13.792Z</time>
      </trkpt>
      <trkpt lat="54.75019605830312" lon="25.404144963249564">
        <ele>131.0</ele>
        <time>2021-10-08T19:57:16.596Z</time>
      </trkpt>
      <trkpt lat="54.75026059895754" lon="25.40412367321551">
        <ele>131.0</ele>
        <time>2021-10-08T19:57:19.402Z</time>
      </trkpt>
      <trkpt lat="54.75034324452281" lon="25.404099449515343">
        <ele>130.0</ele>
        <time>2021-10-08T19:57:22.212Z</time>
      </trkpt>
      <trkpt lat="54.7504317574203" lon="25.40408067405224">
        <ele>130.0</ele>
        <time>2021-10-08T19:57:25.025Z</time>
      </trkpt>
      <trkpt lat="54.75056083872914" lon="25.4040533490479">
        <ele>128.0</ele>
        <time>2021-10-08T19:57:27.843Z</time>
      </trkpt>
      <trkpt lat="54.750692350789905" lon="25.404033148661256">
        <ele>127.0</ele>
        <time>2021-10-08T19:57:30.666Z</time>
      </trkpt>
      <trkpt lat="54.75071405991912" lon="25.404028706252575">
        <ele>127.0</ele>
        <time>2021-10-08T19:57:33.490Z</time>
      </trkpt>
      <trkpt lat="54.750836519524455" lon="25.40401177480817">
        <ele>127.0</ele>
        <time>2021-10-08T19:57:36.319Z</time>
      </trkpt>
      <trkpt lat="54.75085881538689" lon="25.404007667675614">
        <ele>126.0</ele>
        <time>2021-10-08T19:57:39.149Z</time>
      </trkpt>
      <trkpt lat="54.75092193111777" lon="25.403988221660256">
        <ele>126.0</ele>
        <time>2021-10-08T19:57:41.982Z</time>
      </trkpt>
      <trkpt lat="54.75102729164064" lon="25.403902558609843">
        <ele>125.0</ele>
        <time>2021-10-08T19:57:44.819Z</time>
      </trkpt>
      <trkpt lat="54.75105470046401" lon="25.403868444263935">
        <ele>125.0</ele>
        <time>2021-10-08T19:57:47.657Z</time>
      </trkpt>
      <trkpt lat="54.75116550922394" lon="25.403730310499668">
        <ele>124.0</ele>
        <time>2021-10-08T19:57:50.501Z</time>
      </trkpt>
      <trkpt lat="54.75118428468704" lon="25.403708769008517">
        <ele>124.0</ele>
        <time>2021-10-08T19:57:53.346Z</time>
      </trkpt>
      <trkpt lat="54.75125452503562" lon="25.403614724054933">
        <ele>123.0</ele>
        <time>2021-10-08T19:57:56.194Z</time>
      </trkpt>
      <trkpt lat="54.75128587335348" lon="25.403583711013198">
        <ele>123.0</ele>
        <time>2021-10-08T19:57:59.044Z</time>
      </trkpt>
      <trkpt lat="54.751299200579524" lon="25.40357985533774">
        <ele>123.0</ele>
        <time>2021-10-08T19:58:01.894Z</time>
      </trkpt>
      <trkpt lat="54.75133172236383" lon="25.403571305796504">
        <ele>122.0</ele>
        <time>2021-10-08T19:58:04.745Z</time>
      </trkpt>
      <trkpt lat="54.751385282725096" lon="25.403577089309692">
        <ele>122.0</ele>
        <time>2021-10-08T19:58:07.598Z</time>
      </trkpt>
      <trkpt lat="54.75140707567334" lon="25.403584968298674">
        <ele>121.0</ele>
        <time>2021-10-08T19:58:10.452Z</time>
      </trkpt>
      <trkpt lat="54.75142761133611" lon="25.403592763468623">
        <ele>121.0</ele>
        <time>2021-10-08T19:58:13.307Z</time>
      </trkpt>
      <trkpt lat="54.751470694318414" lon="25.40359645150602">
        <ele>121.0</ele>
        <time>2021-10-08T19:58:16.164Z</time>
      </trkpt>
      <trkpt lat="54.75150799378753" lon="25.403577173128724">
        <ele>121.0</ele>
        <time>2021-10-08T19:58:19.022Z</time>
      </trkpt>
      <trkpt lat="54.75153389386833" lon="25.403561918064952">
        <ele>122.0</ele>
        <time>2021-10-08T19:58:21.881Z</time>
      </trkpt>
      <trkpt lat="54.75159013643861" lon="25.40355018340051">
        <ele>122.0</ele>
        <time>2021-10-08T19:58:24.743Z</time>
      </trkpt>
      <trkpt lat="54.75161964073777" lon="25.403555296361446">
        <ele>123.0</ele>
        <time>2021-10-08T19:58:27.606Z</time>
      </trkpt>
      <trkpt lat="54.751684265211225" lon="25.403595445677638">
        <ele>123.0</ele>
        <time>2021-10-08T19:58:30.472Z</time>
      </trkpt>
      <trkpt lat="54.75182675756514" lon="25.403743721544743">
        <ele>123.0</ele>
        <time>2021-10-08T19:58:33.344Z</time>
      </trkpt>
      <trkpt lat="54.75184829905629" lon="25.403759563341737">
        <ele>124.0</ele>
        <time>2021-10-08T19:58:36.217Z</time>
      </trkpt>
      <trkpt lat="54.751868080347776" lon="25.40377238765359">
        <ele>124.0</ele>
        <time>2021-10-08T19:58:39.091Z</time>
      </trkpt>
      <trkpt lat="54.75194100290537" lon="25.403847405686975">
        <ele>124.0</ele>
        <time>2021-10-08T19:58:41.968Z</time>
      </trkpt>
      <trkpt lat="54.751958437263966" lon="25.403878837823868">
        <ele>124.0</ele>
        <time>2021-10-08T19:58:44.846Z</time>
      </trkpt>
      <trkpt lat="54.752070335671306" lon="25.403966680169106">
        <ele>125.0</ele>
        <time>2021-10-08T19:58:47.729Z</time>
      </trkpt>
      <trkpt lat="54.75209011696279" lon="25.403975900262594">
        <ele>125.0</ele>
        <time>2021-10-08T19:58:50.613Z</time>
      </trkpt>
      <trkpt lat="54.75220939144492" lon="25.404001297429204">
        <ele>126.0</ele>
        <time>2021-10-08T19:58:53.501Z</time>
      </trkpt>
      <trkpt lat="54.752262365072966" lon="25.404020827263594">
        <ele>126.0</ele>
        <time>2021-10-08T19:58:56.392Z</time>
      </trkpt>
      <trkpt lat="54.75237560458481" lon="25.404049158096313">
        <ele>127.0</ele>
        <time>2021-10-08T19:58:59.287Z</time>
      </trkpt>
      <trkpt lat="54.75250820629299" lon="25.40405636653304">
        <ele>127.0</ele>
        <time>2021-10-08T19:59:02.187Z</time>
      </trkpt>
      <trkpt lat="54.75252932868898" lon="25.404069861397147">
        <ele>127.0</ele>
        <time>2021-10-08T19:59:05.088Z</time>
      </trkpt>
      <trkpt lat="54.75263988599181" lon="25.404207659885287">
        <ele>128.0</ele>
        <time>2021-10-08T19:59:07.994Z</time>
      </trkpt>
      <trkpt lat="54.75268045440316" lon="25.40427966043353">
        <ele>129.0</ele>
        <time>2021-10-08T19:59:10.903Z</time>
      </trkpt>
      <trkpt lat="54.752713311463594" lon="25.404384518042207">
        <ele>129.0</ele>
        <time>2021-10-08T19:59:13.814Z</time>
      </trkpt>
      <trkpt lat="54.75272320210934" lon="25.404411256313324">
        <ele>129.0</ele>
        <time>2021-10-08T19:59:16.726Z</time>
      </trkpt>
      <trkpt lat="54.75273409858346" lon="25.40443556383252">
        <ele>129.0</ele>
        <time>2021-10-08T19:59:19.639Z</time>
      </trkpt>
      <trkpt lat="54.75277273915708" lon="25.404520304873586">
        <ele>130.0</ele>
        <time>2021-10-08T19:59:22.554Z</time>
      </trkpt>
      <trkpt lat="54.75282981991768" lon="25.4046231508255">
        <ele>130.0</ele>
        <time>2021-10-08T19:59:25.473Z</time>
      </trkpt>
      <trkpt lat="54.752840884029865" lon="25.404678219929338">
        <ele>130.0</ele>
        <time>2021-10-08T19:59:28.393Z</time>
      </trkpt>
      <trkpt lat="54.75292235612869" lon="25.40488013997674">
        <ele>131.0</ele>
        <time>2021-10-08T19:59:31.318Z</time>
      </trkpt>
      <trkpt lat="54.75300391204655" lon="25.405000671744347">
        <ele>131.0</ele>
        <time>2021-10-08T19:59:34.248Z</time>
      </trkpt>
      <trkpt lat="54.75307767279446" lon="25.405128076672554">
        <ele>132.0</ele>
        <time>2021-10-08T19:59:37.182Z</time>
      </trkpt>
      <trkpt lat="54.75308991037309" lon="25.405145762488246">
        <ele>132.0</ele>
        <time>2021-10-08T19:59:40.116Z</time>
      </trkpt>
      <trkpt lat="54.75315319374204" lon="25.4052724968642">
        <ele>133.0</ele>
        <time>2021-10-08T19:59:43.054Z</time>
      </trkpt>
      <trkpt lat="54.753186386078596" lon="25.405393866822124">
        <ele>133.0</ele>
        <time>2021-10-08T19:59:45.995Z</time>
      </trkpt>
      <trkpt lat="54.7532207518816" lon="25.40548413991928">
        <ele>133.0</ele>
        <time>2021-10-08T19:59:48.939Z</time>
      </trkpt>
      <trkpt lat="54.75323156453669" lon="25.405529234558344">
        <ele>134.0</ele>
        <time>2021-10-08T19:59:51.884Z</time>
      </trkpt>
      <trkpt lat="54.75328168831766" lon="25.405694777145982">
        <ele>134.0</ele>
        <time>2021-10-08T19:59:54.833Z</time>
      </trkpt>
      <trkpt lat="54.75333843380213" lon="25.405782368034124">
        <ele>135.0</ele>
        <time>2021-10-08T19:59:57.785Z</time>
      </trkpt>
      <trkpt lat="54.753375481814146" lon="25.40582813322544">
        <ele>135.0</ele>
        <time>2021-10-08T20:00:00.739Z</time>
      </trkpt>
      <trkpt lat="54.75347346626222" lon="25.405909102410078">
        <ele>136.0</ele>
        <time>2021-10-08T20:00:03.697Z</time>
      </trkpt>
      <trkpt lat="54.75350816734135" lon="25.405949419364333">
        <ele>136.0</ele>
        <time>2021-10-08T20:00:06.657Z</time>
      </trkpt>
      <trkpt lat="54.75356231443584" lon="25.406037010252476">
        <ele>137.0</ele>
        <time>2021-10-08T20:00:09.620Z</time>
      </trkpt>
      <trkpt lat="54.75359014235437" lon="25.406071627512574">
        <ele>137.0</ele>
        <time>2021-10-08T20:00:12.584Z</time>
      </trkpt>
      <trkpt lat="54.75368049927056" lon="25.406218226999044">
        <ele>138.0</ele>
        <time>2021-10-08T20:00:15.553Z</time>
      </trkpt>
      <trkpt lat="54.753695419058204" lon="25.40624739602208">
        <ele>138.0</ele>
        <time>2021-10-08T20:00:18.523Z</time>
      </trkpt>
      <trkpt lat="54.7537231631577" lon="25.406306823715568">
        <ele>138.0</ele>
        <time>2021-10-08T20:00:21.494Z</time>
      </trkpt>
      <trkpt lat="54.753755517303944" lon="25.406408915296197">
        <ele>139.0</ele>
        <time>2021-10-08T20:00:24.468Z</time>
      </trkpt>
      <trkpt lat="54.7537786513567" lon="25.406466582790017">
        <ele>139.0</ele>
        <time>2021-10-08T20:00:27.444Z</time>
      </trkpt>
      <trkpt lat="54.753813184797764" lon="25.406588790938258">
        <ele>139.0</ele>
        <time>2021-10-08T20:00:30.423Z</time>
      </trkpt>
      <trkpt lat="54.75383883342147" lon="25.40670278482139">
        <ele>139.0</ele>
        <time>2021-10-08T20:00:33.404Z</time>
      </trkpt>
      <trkpt lat="54.75385257974267" lon="25.406776377931237">
        <ele>139.0</ele>
        <time>2021-10-08T20:00:36.387Z</time>
      </trkpt>
      <trkpt lat="54.75390840321779" lon="25.40698274038732">
        <ele>138.0</ele>
        <time>2021-10-08T20:00:39.375Z</time>
      </trkpt>
      <trkpt lat="54.753950564190745" lon="25.407135542482138">
        <ele>138.0</ele>
        <time>2021-10-08T20:00:42.367Z</time>
      </trkpt>
      <trkpt lat="54.75400655530393" lon="25.40726856328547">
        <ele>138.0</ele>
        <time>2021-10-08T20:00:45.363Z</time>
      </trkpt>
      <trkpt lat="54.75407260470092" lon="25.407447097823024">
        <ele>138.0</ele>
        <time>2021-10-08T20:00:48.364Z</time>
      </trkpt>
      <trkpt lat="54.75417947396636" lon="25.407600151374936">
        <ele>139.0</ele>
        <time>2021-10-08T20:00:51.370Z</time>
      </trkpt>
      <trkpt lat="54.75426899269223" lon="25.407747589051723">
        <ele>139.0</ele>
        <time>2021-10-08T20:00:54.381Z</time>
      </trkpt>
      <trkpt lat="54.75430587306619" lon="25.40780743584037">
        <ele>140.0</ele>
        <time>2021-10-08T20:00:57.394Z</time>
      </trkpt>
      <trkpt lat="54.75438516587019" lon="25.407954705879092">
        <ele>140.0</ele>
        <time>2021-10-08T20:01:00.412Z</time>
      </trkpt>
      <trkpt lat="54.7544832341373" lon="25.4080665204674">
        <ele>140.0</ele>
        <time>2021-10-08T20:01:03.434Z</time>
      </trkpt>
      <trkpt lat="54.75459379144013" lon="25.40818579494953">
        <ele>140.0</ele>
        <time>2021-10-08T20:01:06.461Z</time>
      </trkpt>
      <trkpt lat="54.75471247918904" lon="25.40832300670445">
        <ele>140.0</ele>
        <time>2021-10-08T20:01:09.494Z</time>
      </trkpt>
      <trkpt lat="54.75479520857334" lon="25.408435072749853">
        <ele>140.0</ele>
        <time>2021-10-08T20:01:12.531Z</time>
      </trkpt>
      <trkpt lat="54.75486704148352" lon="25.408600950613618">
        <ele>140.0</ele>
        <time>2021-10-08T20:01:15.573Z</time>
      </trkpt>
      <trkpt lat="54.75495438091457" lon="25.408752830699086">
        <ele>140.0</ele>
        <time>2021-10-08T20:01:18.619Z</time>
      </trkpt>
      <trkpt lat="54.75498572923243" lon="25.40879457257688">
        <ele>141.0</ele>
        <time>2021-10-08T20:01:21.667Z</time>
      </trkpt>
      <trkpt lat="54.75503258407116" lon="25.40891468524933">
        <ele>141.0</ele>
        <time>2021-10-08T20:01:24.718Z</time>
      </trkpt>
      <trkpt lat="54.75511556491256" lon="25.409061200916767">
        <ele>141.0</ele>
        <time>2021-10-08T20:01:27.774Z</time>
      </trkpt>
      <trkpt lat="54.7551254555583" lon="25.409075114876032">
        <ele>142.0</ele>
        <time>2021-10-08T20:01:30.830Z</time>
      </trkpt>
      <trkpt lat="54.755139369517565" lon="25.40909841656685">
        <ele>142.0</ele>
        <time>2021-10-08T20:01:33.887Z</time>
      </trkpt>
      <trkpt lat="54.755181446671486" lon="25.409151474013925">
        <ele>142.0</ele>
        <time>2021-10-08T20:01:36.946Z</time>
      </trkpt>
      <trkpt lat="54.755298625677824" lon="25.409313160926104">
        <ele>142.0</ele>
        <time>2021-10-08T20:01:40.011Z</time>
      </trkpt>
      <trkpt lat="54.75535838864744" lon="25.409454312175512">
        <ele>143.0</ele>
        <time>2021-10-08T20:01:43.080Z</time>
      </trkpt>
      <trkpt lat="54.75545721128583" lon="25.409617591649294">
        <ele>143.0</ele>
        <time>2021-10-08T20:01:46.154Z</time>
      </trkpt>
      <trkpt lat="54.75556508637965" lon="25.40975178591907">
        <ele>143.0</ele>
        <time>2021-10-08T20:01:49.234Z</time>
      </trkpt>
      <trkpt lat="54.75566390901804" lon="25.409894278272986">
        <ele>144.0</ele>
        <time>2021-10-08T20:01:52.319Z</time>
      </trkpt>
      <trkpt lat="54.75568888708949" lon="25.409928560256958">
        <ele>144.0</ele>
        <time>2021-10-08T20:01:55.405Z</time>
      </trkpt>
      <trkpt lat="54.75573766976595" lon="25.41000592522323">
        <ele>144.0</ele>
        <time>2021-10-08T20:01:58.494Z</time>
      </trkpt>
      <trkpt lat="54.755859123542905" lon="25.41019937954843">
        <ele>143.0</ele>
        <time>2021-10-08T20:02:01.589Z</time>
      </trkpt>
      <trkpt lat="54.75597219541669" lon="25.41034053079784">
        <ele>144.0</ele>
        <time>2021-10-08T20:02:04.689Z</time>
      </trkpt>
      <trkpt lat="54.75605274550617" lon="25.41041823104024">
        <ele>144.0</ele>
        <time>2021-10-08T20:02:07.793Z</time>
      </trkpt>
      <trkpt lat="54.75609532557428" lon="25.41047832928598">
        <ele>144.0</ele>
        <time>2021-10-08T20:02:10.899Z</time>
      </trkpt>
      <trkpt lat="54.75619984790683" lon="25.410609925165772">
        <ele>144.0</ele>
        <time>2021-10-08T20:02:14.010Z</time>
      </trkpt>
      <trkpt lat="54.756307723000646" lon="25.41072710417211">
        <ele>144.0</ele>
        <time>2021-10-08T20:02:17.126Z</time>
      </trkpt>
      <trkpt lat="54.75632356479764" lon="25.41075157932937">
        <ele>144.0</ele>
        <time>2021-10-08T20:02:20.243Z</time>
      </trkpt>
      <trkpt lat="54.756417609751225" lon="25.410909242928028">
        <ele>144.0</ele>
        <time>2021-10-08T20:02:23.365Z</time>
      </trkpt>
      <trkpt lat="54.75648726336658" lon="25.411018626764417">
        <ele>144.0</ele>
        <time>2021-10-08T20:02:26.491Z</time>
      </trkpt>
      <trkpt lat="54.75655616261065" lon="25.4110798984766">
        <ele>144.0</ele>
        <time>2021-10-08T20:02:29.620Z</time>
      </trkpt>
      <trkpt lat="54.75672262720764" lon="25.411214428022504">
        <ele>144.0</ele>
        <time>2021-10-08T20:02:32.756Z</time>
      </trkpt>
      <trkpt lat="54.756826646625996" lon="25.41135348379612">
        <ele>144.0</ele>
        <time>2021-10-08T20:02:35.897Z</time>
      </trkpt>
      <trkpt lat="54.75691331550479" lon="25.41143319569528">
        <ele>144.0</ele>
        <time>2021-10-08T20:02:39.042Z</time>
      </trkpt>
      <trkpt lat="54.75692890584469" lon="25.41144685819745">
        <ele>144.0</ele>
        <time>2021-10-08T20:02:42.188Z</time>
      </trkpt>
      <trkpt lat="54.757001576945186" lon="25.411586668342352">
        <ele>145.0</ele>
        <time>2021-10-08T20:02:45.338Z</time>
      </trkpt>
      <trkpt lat="54.757076762616634" lon="25.41174978017807">
        <ele>145.0</ele>
        <time>2021-10-08T20:02:48.493Z</time>
      </trkpt>
      <trkpt lat="54.75710241124034" lon="25.411805352196097">
        <ele>146.0</ele>
        <time>2021-10-08T20:02:51.649Z</time>
      </trkpt>
      <trkpt lat="54.757159911096096" lon="25.411955136805773">
        <ele>146.0</ele>
        <time>2021-10-08T20:02:54.810Z</time>
      </trkpt>
      <trkpt lat="54.75719075649977" lon="25.41201406158507">
        <ele>146.0</ele>
        <time>2021-10-08T20:02:57.972Z</time>
      </trkpt>
      <trkpt lat="54.75720902904868" lon="25.41204440407455">
        <ele>146.0</ele>
        <time>2021-10-08T20:03:01.135Z</time>
      </trkpt>
      <trkpt lat="54.75722914561629" lon="25.412087738513947">
        <ele>146.0</ele>
        <time>2021-10-08T20:03:04.300Z</time>
      </trkpt>
      <trkpt lat="54.757276084274054" lon="25.412156973034143">
        <ele>146.0</ele>
        <time>2021-10-08T20:03:07.467Z</time>
      </trkpt>
      <trkpt lat="54.75735411979258" lon="25.412336932495236">
        <ele>145.0</ele>
        <time>2021-10-08T20:03:10.639Z</time>
      </trkpt>
      <trkpt lat="54.75740089081228" lon="25.412437431514263">
        <ele>145.0</ele>
        <time>2021-10-08T20:03:13.814Z</time>
      </trkpt>
      <trkpt lat="54.7574189119041" lon="25.41248613037169">
        <ele>145.0</ele>
        <time>2021-10-08T20:03:16.990Z</time>
      </trkpt>
      <trkpt lat="54.757443303242326" lon="25.41253449395299">
        <ele>145.0</ele>
        <time>2021-10-08T20:03:20.168Z</time>
      </trkpt>
      <trkpt lat="54.757482865825295" lon="25.412640692666173">
        <ele>146.0</ele>
        <time>2021-10-08T20:03:23.349Z</time>
      </trkpt>
      <trkpt lat="54.75756861269474" lon="25.412812437862158">
        <ele>146.0</ele>
        <time>2021-10-08T20:03:26.535Z</time>
      </trkpt>
      <trkpt lat="54.75761840119958" lon="25.41301678866148">
        <ele>146.0</ele>
        <time>2021-10-08T20:03:29.726Z</time>
      </trkpt>
      <trkpt lat="54.75769065320492" lon="25.413226168602705">
        <ele>146.0</ele>
        <time>2021-10-08T20:03:32.922Z</time>
      </trkpt>
      <trkpt lat="54.75773926824331" lon="25.413366397842765">
        <ele>146.0</ele>
        <time>2021-10-08T20:03:36.122Z</time>
      </trkpt>
      <trkpt lat="54.75776458159089" lon="25.413424652069807">
        <ele>146.0</ele>
        <time>2021-10-08T20:03:39.324Z</time>
      </trkpt>
      <trkpt lat="54.75778796710074" lon="25.413525737822056">
        <ele>146.0</ele>
        <time>2021-10-08T20:03:42.528Z</time>
      </trkpt>
      <trkpt lat="54.75780079141259" lon="25.41358457878232">
        <ele>146.0</ele>
        <time>2021-10-08T20:03:45.734Z</time>
      </trkpt>
      <trkpt lat="54.75786809809506" lon="25.413754479959607">
        <ele>146.0</ele>
        <time>2021-10-08T20:03:48.944Z</time>
      </trkpt>
      <trkpt lat="54.75794177502394" lon="25.413924884051085">
        <ele>146.0</ele>
        <time>2021-10-08T20:03:52.159Z</time>
      </trkpt>
      <trkpt lat="54.75795376114547" lon="25.41395254433155">
        <ele>146.0</ele>
        <time>2021-10-08T20:03:55.375Z</time>
      </trkpt>
      <trkpt lat="54.75802240893245" lon="25.41411431506276">
        <ele>147.0</ele>
        <time>2021-10-08T20:03:58.595Z</time>
      </trkpt>
      <trkpt lat="54.75809910334647" lon="25.414277343079448">
        <ele>147.0</ele>
        <time>2021-10-08T20:04:01.820Z</time>
      </trkpt>
      <trkpt lat="54.75818124599755" lon="25.41446702554822">
        <ele>147.0</ele>
        <time>2021-10-08T20:04:05.051Z</time>
      </trkpt>
      <trkpt lat="54.758197758346796" lon="25.414505247026682">
        <ele>147.0</ele>
        <time>2021-10-08T20:04:08.283Z</time>
      </trkpt>
      <trkpt lat="54.75829674862325" lon="25.41473533026874">
        <ele>148.0</ele>
        <time>2021-10-08T20:04:11.521Z</time>
      </trkpt>
      <trkpt lat="54.75837939418852" lon="25.41494588367641">
        <ele>147.0</ele>
        <time>2021-10-08T20:04:14.765Z</time>
      </trkpt>
      <trkpt lat="54.75843136198819" lon="25.415196334943175">
        <ele>148.0</ele>
        <time>2021-10-08T20:04:18.015Z</time>
      </trkpt>
      <trkpt lat="54.75843488238752" lon="25.41523950174451">
        <ele>148.0</ele>
        <time>2021-10-08T20:04:21.266Z</time>
      </trkpt>
      <trkpt lat="54.75843739695847" lon="25.415428010746837">
        <ele>147.0</ele>
        <time>2021-10-08T20:04:24.521Z</time>
      </trkpt>
      <trkpt lat="54.75843831896782" lon="25.415665470063686">
        <ele>147.0</ele>
        <time>2021-10-08T20:04:27.782Z</time>
      </trkpt>
      <trkpt lat="54.75848089903593" lon="25.41585029102862">
        <ele>147.0</ele>
        <time>2021-10-08T20:04:31.047Z</time>
      </trkpt>
      <trkpt lat="54.758562706410885" lon="25.416042990982533">
        <ele>148.0</ele>
        <time>2021-10-08T20:04:34.318Z</time>
      </trkpt>
      <trkpt lat="54.75864786654711" lon="25.416290257126093">
        <ele>148.0</ele>
        <time>2021-10-08T20:04:37.595Z</time>
      </trkpt>
      <trkpt lat="54.75870746187866" lon="25.416458062827587">
        <ele>148.0</ele>
        <time>2021-10-08T20:04:40.877Z</time>
      </trkpt>
      <trkpt lat="54.75871995091438" lon="25.416481783613563">
        <ele>148.0</ele>
        <time>2021-10-08T20:04:44.159Z</time>
      </trkpt>
      <trkpt lat="54.75879513658583" lon="25.41669527068734">
        <ele>149.0</ele>
        <time>2021-10-08T20:04:47.447Z</time>
      </trkpt>
      <trkpt lat="54.75888012908399" lon="25.416936250403523">
        <ele>149.0</ele>
        <time>2021-10-08T20:04:50.741Z</time>
      </trkpt>
      <trkpt lat="54.758930671960115" lon="25.41710908524692">
        <ele>149.0</ele>
        <time>2021-10-08T20:04:54.040Z</time>
      </trkpt>
      <trkpt lat="54.75895472802222" lon="25.417180750519037">
        <ele>149.0</ele>
        <time>2021-10-08T20:04:57.341Z</time>
      </trkpt>
      <trkpt lat="54.75902521982789" lon="25.41748777963221">
        <ele>149.0</ele>
        <time>2021-10-08T20:05:00.649Z</time>
      </trkpt>
      <trkpt lat="54.75909864529967" lon="25.417710822075605">
        <ele>149.0</ele>
        <time>2021-10-08T20:05:03.963Z</time>
      </trkpt>
      <trkpt lat="54.759123288095" lon="25.417756838724017">
        <ele>149.0</ele>
        <time>2021-10-08T20:05:07.278Z</time>
      </trkpt>
      <trkpt lat="54.759222781285644" lon="25.41800234466791">
        <ele>149.0</ele>
        <time>2021-10-08T20:05:10.600Z</time>
      </trkpt>
      <trkpt lat="54.759307438507676" lon="25.41829152032733">
        <ele>149.0</ele>
        <time>2021-10-08T20:05:13.929Z</time>
      </trkpt>
      <trkpt lat="54.759312216192484" lon="25.418351534754038">
        <ele>149.0</ele>
        <time>2021-10-08T20:05:17.260Z</time>
      </trkpt>
      <trkpt lat="54.759368039667606" lon="25.418543312698603">
        <ele>149.0</ele>
        <time>2021-10-08T20:05:20.596Z</time>
      </trkpt>
      <trkpt lat="54.759404668584466" lon="25.418648337945342">
        <ele>149.0</ele>
        <time>2021-10-08T20:05:23.934Z</time>
      </trkpt>
      <trkpt lat="54.75949527695775" lon="25.418906584382057">
        <ele>149.0</ele>
        <time>2021-10-08T20:05:27.279Z</time>
      </trkpt>
      <trkpt lat="54.759618574753404" lon="25.41907774284482">
        <ele>149.0</ele>
        <time>2021-10-08T20:05:30.630Z</time>
      </trkpt>
      <trkpt lat="54.75966987200081" lon="25.419196179136634">
        <ele>149.0</ele>
        <time>2021-10-08T20:05:33.985Z</time>
      </trkpt>
      <trkpt lat="54.759714882820845" lon="25.41933473199606">
        <ele>149.0</ele>
        <time>2021-10-08T20:05:37.343Z</time>
      </trkpt>
      <trkpt lat="54.75980130024254" lon="25.41958107613027">
        <ele>149.0</ele>
        <time>2021-10-08T20:05:40.708Z</time>
      </trkpt>
      <trkpt lat="54.75985670462251" lon="25.41972901672125">
        <ele>149.0</ele>
        <time>2021-10-08T20:05:44.077Z</time>
      </trkpt>
      <trkpt lat="54.75990959443152" lon="25.41989430785179">
        <ele>150.0</ele>
        <time>2021-10-08T20:05:47.450Z</time>
      </trkpt>
      <trkpt lat="54.75998033769429" lon="25.420135371387005">
        <ele>150.0</ele>
        <time>2021-10-08T20:05:50.829Z</time>
      </trkpt>
      <trkpt lat="54.76006901822984" lon="25.420287838205695">
        <ele>150.0</ele>
        <time>2021-10-08T20:05:54.213Z</time>
      </trkpt>
      <trkpt lat="54.76011495105922" lon="25.42040786705911">
        <ele>150.0</ele>
        <time>2021-10-08T20:05:57.601Z</time>
      </trkpt>
      <trkpt lat="54.76018192246556" lon="25.420563016086817">
        <ele>151.0</ele>
        <time>2021-10-08T20:06:00.993Z</time>
      </trkpt>
      <trkpt lat="54.760288791731" lon="25.420752614736557">
        <ele>150.0</ele>
        <time>2021-10-08T20:06:04.391Z</time>
      </trkpt>
      <trkpt lat="54.760406306013465" lon="25.42101471684873">
        <ele>150.0</ele>
        <time>2021-10-08T20:06:07.796Z</time>
      </trkpt>
      <trkpt lat="54.76042415946722" lon="25.421057045459747">
        <ele>149.0</ele>
        <time>2021-10-08T20:06:11.203Z</time>
      </trkpt>
      <trkpt lat="54.76050035096705" lon="25.42124278843403">
        <ele>150.0</ele>
        <time>2021-10-08T20:06:14.615Z</time>
      </trkpt>
      <trkpt lat="54.76058836095035" lon="25.421396931633353">
        <ele>150.0</ele>
        <time>2021-10-08T20:06:18.032Z</time>
      </trkpt>
      <trkpt lat="54.7606807295233" lon="25.42162500321865">
        <ele>150.0</ele>
        <time>2021-10-08T20:06:21.455Z</time>
      </trkpt>
      <trkpt lat="54.760827496647835" lon="25.421929182484746">
        <ele>150.0</ele>
        <time>2021-10-08T20:06:24.887Z</time>
      </trkpt>
      <trkpt lat="54.760935455560684" lon="25.422247275710106">
        <ele>150.0</ele>
        <time>2021-10-08T20:06:28.327Z</time>
      </trkpt>
      <trkpt lat="54.760972587391734" lon="25.422365544363856">
        <ele>150.0</ele>
        <time>2021-10-08T20:06:31.770Z</time>
      </trkpt>
      <trkpt lat="54.76106118410826" lon="25.42262119241059">
        <ele>150.0</ele>
        <time>2021-10-08T20:06:35.220Z</time>
      </trkpt>
      <trkpt lat="54.76108180359006" lon="25.42267500422895">
        <ele>150.0</ele>
        <time>2021-10-08T20:06:38.672Z</time>
      </trkpt>
      <trkpt lat="54.76113326847553" lon="25.422814898192883">
        <ele>150.0</ele>
        <time>2021-10-08T20:06:42.127Z</time>
      </trkpt>
      <trkpt lat="54.761184649541974" lon="25.423028888180852">
        <ele>150.0</ele>
        <time>2021-10-08T20:06:45.588Z</time>
      </trkpt>
      <trkpt lat="54.761240389198065" lon="25.423227874562144">
        <ele>150.0</ele>
        <time>2021-10-08T20:06:49.054Z</time>
      </trkpt>
      <trkpt lat="54.76131574250758" lon="25.423455610871315">
        <ele>150.0</ele>
        <time>2021-10-08T20:06:52.526Z</time>
      </trkpt>
      <trkpt lat="54.76140107028186" lon="25.423607239499688">
        <ele>150.0</ele>
        <time>2021-10-08T20:06:56.002Z</time>
      </trkpt>
      <trkpt lat="54.76143174804747" lon="25.42368401773274">
        <ele>150.0</ele>
        <time>2021-10-08T20:06:59.480Z</time>
      </trkpt>
      <trkpt lat="54.76152998395264" lon="25.423978809267282">
        <ele>151.0</ele>
        <time>2021-10-08T20:07:02.966Z</time>
      </trkpt>
      <trkpt lat="54.76163593120873" lon="25.42426505126059">
        <ele>150.0</ele>
        <time>2021-10-08T20:07:06.460Z</time>
      </trkpt>
      <trkpt lat="54.76170868612826" lon="25.424521788954735">
        <ele>150.0</ele>
        <time>2021-10-08T20:07:09.960Z</time>
      </trkpt>
      <trkpt lat="54.7617254499346" lon="25.424571661278605">
        <ele>150.0</ele>
        <time>2021-10-08T20:07:13.462Z</time>
      </trkpt>
      <trkpt lat="54.761774484068155" lon="25.42470426298678">
        <ele>150.0</ele>
        <time>2021-10-08T20:07:16.967Z</time>
      </trkpt>
      <trkpt lat="54.761840952560306" lon="25.424823369830847">
        <ele>150.0</ele>
        <time>2021-10-08T20:07:20.476Z</time>
      </trkpt>
      <trkpt lat="54.76193047128618" lon="25.425047418102622">
        <ele>150.0</ele>
        <time>2021-10-08T20:07:23.991Z</time>
      </trkpt>
      <trkpt lat="54.76200062781572" lon="25.425290493294597">
        <ele>150.0</ele>
        <time>2021-10-08T20:07:27.512Z</time>
      </trkpt>
      <trkpt lat="54.76205217652023" lon="25.425516217947006">
        <ele>149.0</ele>
        <time>2021-10-08T20:07:31.039Z</time>
      </trkpt>
      <trkpt lat="54.76207388564944" lon="25.4256097599864">
        <ele>149.0</ele>
        <time>2021-10-08T20:07:34.568Z</time>
      </trkpt>
      <trkpt lat="54.76210095919669" lon="25.425665751099586">
        <ele>149.0</ele>
        <time>2021-10-08T20:07:38.099Z</time>
      </trkpt>
      <trkpt lat="54.762207409366965" lon="25.425936905667186">
        <ele>150.0</ele>
        <time>2021-10-08T20:07:41.637Z</time>
      </trkpt>
      <trkpt lat="54.762291396036744" lon="25.426189955323935">
        <ele>150.0</ele>
        <time>2021-10-08T20:07:45.182Z</time>
      </trkpt>
      <trkpt lat="54.76235509850085" lon="25.42636119760573">
        <ele>150.0</ele>
        <time>2021-10-08T20:07:48.731Z</time>
      </trkpt>
      <trkpt lat="54.76238359697163" lon="25.426424900069833">
        <ele>150.0</ele>
        <time>2021-10-08T20:07:52.282Z</time>
      </trkpt>
      <trkpt lat="54.76249289698899" lon="25.426694378256798">
        <ele>151.0</ele>
        <time>2021-10-08T20:07:55.841Z</time>
      </trkpt>
      <trkpt lat="54.76261083036661" lon="25.426889257505536">
        <ele>151.0</ele>
        <time>2021-10-08T20:07:59.406Z</time>
      </trkpt>
      <trkpt lat="54.7626581043005" lon="25.42702336795628">
        <ele>150.0</ele>
        <time>2021-10-08T20:08:02.975Z</time>
      </trkpt>
      <trkpt lat="54.76269230246544" lon="25.42708489112556">
        <ele>150.0</ele>
        <time>2021-10-08T20:08:06.546Z</time>
      </trkpt>
      <trkpt lat="54.762733625248075" lon="25.427153119817376">
        <ele>150.0</ele>
        <time>2021-10-08T20:08:10.119Z</time>
      </trkpt>
      <trkpt lat="54.76276941597462" lon="25.42723098769784">
        <ele>150.0</ele>
        <time>2021-10-08T20:08:13.694Z</time>
      </trkpt>
      <trkpt lat="54.7628584317863" lon="25.42739510536194">
        <ele>150.0</ele>
        <time>2021-10-08T20:08:17.274Z</time>
      </trkpt>
      <trkpt lat="54.7629155125469" lon="25.427533239126205">
        <ele>150.0</ele>
        <time>2021-10-08T20:08:20.858Z</time>
      </trkpt>
      <trkpt lat="54.762935461476445" lon="25.42757556773722">
        <ele>150.0</ele>
        <time>2021-10-08T20:08:24.443Z</time>
      </trkpt>
      <trkpt lat="54.76304870098829" lon="25.42782861739397">
        <ele>151.0</ele>
        <time>2021-10-08T20:08:28.035Z</time>
      </trkpt>
      <trkpt lat="54.76321114227176" lon="25.428082337602973">
        <ele>151.0</ele>
        <time>2021-10-08T20:08:31.636Z</time>
      </trkpt>
      <trkpt lat="54.763350365683436" lon="25.428330190479755">
        <ele>151.0</ele>
        <time>2021-10-08T20:08:35.245Z</time>
      </trkpt>
      <trkpt lat="54.763489589095116" lon="25.42852238751948">
        <ele>151.0</ele>
        <time>2021-10-08T20:08:38.861Z</time>
      </trkpt>
      <trkpt lat="54.763606851920485" lon="25.428593466058373">
        <ele>150.0</ele>
        <time>2021-10-08T20:08:42.482Z</time>
      </trkpt>
      <trkpt lat="54.76373325102031" lon="25.428604781627655">
        <ele>149.0</ele>
        <time>2021-10-08T20:08:46.108Z</time>
      </trkpt>
      <trkpt lat="54.7637683711946" lon="25.42860017158091">
        <ele>149.0</ele>
        <time>2021-10-08T20:08:49.735Z</time>
      </trkpt>
      <trkpt lat="54.76391488686204" lon="25.428574942052364">
        <ele>149.0</ele>
        <time>2021-10-08T20:08:53.368Z</time>
      </trkpt>
      <trkpt lat="54.76403717882931" lon="25.42855901643634">
        <ele>149.0</ele>
        <time>2021-10-08T20:08:57.006Z</time>
      </trkpt>
      <trkpt lat="54.76409283466637" lon="25.428531607612967">
        <ele>149.0</ele>
        <time>2021-10-08T20:09:00.646Z</time>
      </trkpt>
      <trkpt lat="54.76415201090276" lon="25.428497660905123">
        <ele>149.0</ele>
        <time>2021-10-08T20:09:04.288Z</time>
      </trkpt>
      <trkpt lat="54.764302130788565" lon="25.428428258746862">
        <ele>149.0</ele>
        <time>2021-10-08T20:09:07.936Z</time>
      </trkpt>
      <trkpt lat="54.76448209024966" lon="25.42833681218326">
        <ele>148.0</ele>
        <time>2021-10-08T20:09:11.592Z</time>
      </trkpt>
      <trkpt lat="54.76452726870775" lon="25.428298003971577">
        <ele>148.0</ele>
        <time>2021-10-08T20:09:15.250Z</time>
      </trkpt>
      <trkpt lat="54.76462625898421" lon="25.428184596821666">
        <ele>148.0</ele>
        <time>2021-10-08T20:09:18.912Z</time>
      </trkpt>
      <trkpt lat="54.76476799696684" lon="25.42803623713553">
        <ele>149.0</ele>
        <time>2021-10-08T20:09:22.581Z</time>
      </trkpt>
      <trkpt lat="54.764795657247305" lon="25.42800547555089">
        <ele>148.0</ele>
        <time>2021-10-08T20:09:26.251Z</time>
      </trkpt>
      <trkpt lat="54.76496463641524" lon="25.42781252413988">
        <ele>148.0</ele>
        <time>2021-10-08T20:09:29.929Z</time>
      </trkpt>
      <trkpt lat="54.76507938466966" lon="25.427681682631373">
        <ele>148.0</ele>
        <time>2021-10-08T20:09:33.613Z</time>
      </trkpt>
      <trkpt lat="54.76520251482725" lon="25.427437936887145">
        <ele>148.0</ele>
        <time>2021-10-08T20:09:37.304Z</time>
      </trkpt>
      <trkpt lat="54.76529806852341" lon="25.427170637995005">
        <ele>148.0</ele>
        <time>2021-10-08T20:09:41.002Z</time>
      </trkpt>
      <trkpt lat="54.765297984704375" lon="25.427171140909195">
        <ele>148.0</ele>
        <time>2021-10-08T20:09:44.700Z</time>
      </trkpt>
      <trkpt lat="54.765337044373155" lon="25.426892274990678">
        <ele>148.0</ele>
        <time>2021-10-08T20:09:48.404Z</time>
      </trkpt>
      <trkpt lat="54.76533494889736" lon="25.42672673240304">
        <ele>148.0</ele>
        <time>2021-10-08T20:09:52.112Z</time>
      </trkpt>
      <trkpt lat="54.765339558944106" lon="25.426621455699205">
        <ele>148.0</ele>
        <time>2021-10-08T20:09:55.823Z</time>
      </trkpt>
      <trkpt lat="54.765344420447946" lon="25.426350384950638">
        <ele>148.0</ele>
        <time>2021-10-08T20:09:59.540Z</time>
      </trkpt>
      <trkpt lat="54.7653104737401" lon="25.42605291120708">
        <ele>148.0</ele>
        <time>2021-10-08T20:10:03.264Z</time>
      </trkpt>
      <trkpt lat="54.7653051931411" lon="25.426003709435463">
        <ele>148.0</ele>
        <time>2021-10-08T20:10:06.989Z</time>
      </trkpt>
      <trkpt lat="54.76526747457683" lon="25.425742026418447">
        <ele>148.0</ele>
        <time>2021-10-08T20:10:10.720Z</time>
      </trkpt>
      <trkpt lat="54.765234868973494" lon="25.42555117048323">
        <ele>147.0</ele>
        <time>2021-10-08T20:10:14.455Z</time>
      </trkpt>
      <trkpt lat="54.7652068734169" lon="25.425314381718636">
        <ele>147.0</ele>
        <time>2021-10-08T20:10:18.196Z</time>
      </trkpt>
      <trkpt lat="54.765234030783176" lon="25.425027636811137">
        <ele>147.0</ele>
        <time>2021-10-08T20:10:21.943Z</time>
      </trkpt>
      <trkpt lat="54.76525037549436" lon="25.42475908063352">
        <ele>147.0</ele>
        <time>2021-10-08T20:10:25.697Z</time>
      </trkpt>
      <trkpt lat="54.76523704826832" lon="25.424456829205155">
        <ele>147.0</ele>
        <time>2021-10-08T20:10:29.457Z</time>
      </trkpt>
      <trkpt lat="54.765201173722744" lon="25.424151057377458">
        <ele>147.0</ele>
        <time>2021-10-08T20:10:33.225Z</time>
      </trkpt>
      <trkpt lat="54.76516915485263" lon="25.42399917729199">
        <ele>147.0</ele>
        <time>2021-10-08T20:10:36.996Z</time>
      </trkpt>
      <trkpt lat="54.76515121757984" lon="25.423945197835565">
        <ele>147.0</ele>
        <time>2021-10-08T20:10:40.769Z</time>
      </trkpt>
      <trkpt lat="54.76505591534078" lon="25.42369776405394">
        <ele>147.0</ele>
        <time>2021-10-08T20:10:44.548Z</time>
      </trkpt>
      <trkpt lat="54.764993134886026" lon="25.423446726053953">
        <ele>147.0</ele>
        <time>2021-10-08T20:10:48.334Z</time>
      </trkpt>
      <trkpt lat="54.76495231501758" lon="25.423147240653634">
        <ele>147.0</ele>
        <time>2021-10-08T20:10:52.126Z</time>
      </trkpt>
      <trkpt lat="54.76495030336082" lon="25.42289393953979">
        <ele>147.0</ele>
        <time>2021-10-08T20:10:55.924Z</time>
      </trkpt>
      <trkpt lat="54.764945693314075" lon="25.422693444415927">
        <ele>146.0</ele>
        <time>2021-10-08T20:10:59.727Z</time>
      </trkpt>
      <trkpt lat="54.764946112409234" lon="25.422636112198234">
        <ele>146.0</ele>
        <time>2021-10-08T20:11:03.531Z</time>
      </trkpt>
      <trkpt lat="54.76496111601591" lon="25.422316510230303">
        <ele>146.0</ele>
        <time>2021-10-08T20:11:07.342Z</time>
      </trkpt>
      <trkpt lat="54.76495851762593" lon="25.42224853299558">
        <ele>146.0</ele>
        <time>2021-10-08T20:11:11.155Z</time>
      </trkpt>
      <trkpt lat="54.76494384929538" lon="25.421956507489085">
        <ele>147.0</ele>
        <time>2021-10-08T20:11:14.975Z</time>
      </trkpt>
      <trkpt lat="54.76494091562927" lon="25.421841759234667">
        <ele>147.0</ele>
        <time>2021-10-08T20:11:18.797Z</time>
      </trkpt>
      <trkpt lat="54.76493613794446" lon="25.42174754664302">
        <ele>147.0</ele>
        <time>2021-10-08T20:11:22.621Z</time>
      </trkpt>
      <trkpt lat="54.76493127644062" lon="25.421698428690434">
        <ele>147.0</ele>
        <time>2021-10-08T20:11:26.446Z</time>
      </trkpt>
      <trkpt lat="54.76492431946099" lon="25.421650232747197">
        <ele>147.0</ele>
        <time>2021-10-08T20:11:30.273Z</time>
      </trkpt>
      <trkpt lat="54.764918368309736" lon="25.421605557203293">
        <ele>147.0</ele>
        <time>2021-10-08T20:11:34.101Z</time>
      </trkpt>
      <trkpt lat="54.764926582574844" lon="25.42144755832851">
        <ele>147.0</ele>
        <time>2021-10-08T20:11:37.932Z</time>
      </trkpt>
      <trkpt lat="54.76494158618152" lon="25.421393578872085">
        <ele>147.0</ele>
        <time>2021-10-08T20:11:41.765Z</time>
      </trkpt>
      <trkpt lat="54.76497000083327" lon="25.4212995339185">
        <ele>147.0</ele>
        <time>2021-10-08T20:11:45.600Z</time>
      </trkpt>
      <trkpt lat="54.76498114876449" lon="25.42125368490815">
        <ele>147.0</ele>
        <time>2021-10-08T20:11:49.436Z</time>
      </trkpt>
      <trkpt lat="54.76503043435514" lon="25.421180427074432">
        <ele>147.0</ele>
        <time>2021-10-08T20:11:53.275Z</time>
      </trkpt>
      <trkpt lat="54.76505876518786" lon="25.420869793742895">
        <ele>146.0</ele>
        <time>2021-10-08T20:11:57.121Z</time>
      </trkpt>
      <trkpt lat="54.76508231833577" lon="25.420511048287153">
        <ele>147.0</ele>
        <time>2021-10-08T20:12:00.975Z</time>
      </trkpt>
      <trkpt lat="54.764973018318415" lon="25.42016588151455">
        <ele>147.0</ele>
        <time>2021-10-08T20:12:04.838Z</time>
      </trkpt>
      <trkpt lat="54.764971928671" lon="25.419876035302877">
        <ele>146.0</ele>
        <time>2021-10-08T20:12:08.707Z</time>
      </trkpt>
      <trkpt lat="54.765004366636276" lon="25.419568000361323">
        <ele>146.0</ele>
        <time>2021-10-08T20:12:12.583Z</time>
      </trkpt>
      <trkpt lat="54.76502196863294" lon="25.41936599649489">
        <ele>146.0</ele>
        <time>2021-10-08T20:12:16.464Z</time>
      </trkpt>
      <trkpt lat="54.765044432133436" lon="25.419140188023448">
        <ele>146.0</ele>
        <time>2021-10-08T20:12:20.350Z</time>
      </trkpt>
      <trkpt lat="54.76506941020489" lon="25.418887389823794">
        <ele>146.0</ele>
        <time>2021-10-08T20:12:24.242Z</time>
      </trkpt>
      <trkpt lat="54.76508759893477" lon="25.41864288970828">
        <ele>146.0</ele>
        <time>2021-10-08T20:12:28.140Z</time>
      </trkpt>
      <trkpt lat="54.76513663306832" lon="25.41831255890429">
        <ele>146.0</ele>
        <time>2021-10-08T20:12:32.045Z</time>
      </trkpt>
      <trkpt lat="54.76522263139486" lon="25.418071411550045">
        <ele>145.0</ele>
        <time>2021-10-08T20:12:35.957Z</time>
      </trkpt>
      <trkpt lat="54.765362525358796" lon="25.41792757809162">
        <ele>146.0</ele>
        <time>2021-10-08T20:12:39.875Z</time>
      </trkpt>
      <trkpt lat="54.765446512028575" lon="25.417766980826855">
        <ele>146.0</ele>
        <time>2021-10-08T20:12:43.798Z</time>
      </trkpt>
      <trkpt lat="54.76547668687999" lon="25.41766606271267">
        <ele>146.0</ele>
        <time>2021-10-08T20:12:47.724Z</time>
      </trkpt>
      <trkpt lat="54.765523709356785" lon="25.417410163208842">
        <ele>146.0</ele>
        <time>2021-10-08T20:12:51.656Z</time>
      </trkpt>
      <trkpt lat="54.76555924862623" lon="25.41717111133039">
        <ele>146.0</ele>
        <time>2021-10-08T20:12:55.593Z</time>
      </trkpt>
      <trkpt lat="54.765577437356114" lon="25.417099865153432">
        <ele>146.0</ele>
        <time>2021-10-08T20:12:59.532Z</time>
      </trkpt>
      <trkpt lat="54.76561138406396" lon="25.416988553479314">
        <ele>147.0</ele>
        <time>2021-10-08T20:13:03.474Z</time>
      </trkpt>
      <trkpt lat="54.76576385088265" lon="25.416732570156455">
        <ele>147.0</ele>
        <time>2021-10-08T20:13:07.424Z</time>
      </trkpt>
      <trkpt lat="54.76580450311303" lon="25.41665176860988">
        <ele>147.0</ele>
        <time>2021-10-08T20:13:11.377Z</time>
      </trkpt>
      <trkpt lat="54.76586049422622" lon="25.41647038422525">
        <ele>148.0</ele>
        <time>2021-10-08T20:13:15.334Z</time>
      </trkpt>
      <trkpt lat="54.76593500934541" lon="25.416182968765497">
        <ele>147.0</ele>
        <time>2021-10-08T20:13:19.299Z</time>
      </trkpt>
      <trkpt lat="54.7659355122596" lon="25.416010972112417">
        <ele>146.0</ele>
        <time>2021-10-08T20:13:23.267Z</time>
      </trkpt>
      <trkpt lat="54.76592252030969" lon="25.41593729518354">
        <ele>146.0</ele>
        <time>2021-10-08T20:13:27.237Z</time>
      </trkpt>
      <trkpt lat="54.76584884338081" lon="25.41559237986803">
        <ele>145.0</ele>
        <time>2021-10-08T20:13:31.215Z</time>
      </trkpt>
      <trkpt lat="54.76584515534341" lon="25.41552683338523">
        <ele>145.0</ele>
        <time>2021-10-08T20:13:35.195Z</time>
      </trkpt>
      <trkpt lat="54.7658752463758" lon="25.41526355780661">
        <ele>144.0</ele>
        <time>2021-10-08T20:13:39.181Z</time>
      </trkpt>
      <trkpt lat="54.76590936072171" lon="25.41513405740261">
        <ele>144.0</ele>
        <time>2021-10-08T20:13:43.170Z</time>
      </trkpt>
      <trkpt lat="54.76596216671169" lon="25.414931969717145">
        <ele>144.0</ele>
        <time>2021-10-08T20:13:47.164Z</time>
      </trkpt>
      <trkpt lat="54.7660013101995" lon="25.414761900901794">
        <ele>143.0</ele>
        <time>2021-10-08T20:13:51.162Z</time>
      </trkpt>
      <trkpt lat="54.766014721244574" lon="25.414655366912484">
        <ele>143.0</ele>
        <time>2021-10-08T20:13:55.163Z</time>
      </trkpt>
      <trkpt lat="54.76602972485125" lon="25.4144318215549">
        <ele>143.0</ele>
        <time>2021-10-08T20:13:59.169Z</time>
      </trkpt>
      <trkpt lat="54.766013380140066" lon="25.41417684406042">
        <ele>142.0</ele>
        <time>2021-10-08T20:14:03.181Z</time>
      </trkpt>
      <trkpt lat="54.76599292829633" lon="25.414071064442396">
        <ele>142.0</ele>
        <time>2021-10-08T20:14:07.195Z</time>
      </trkpt>
      <trkpt lat="54.76596233434975" lon="25.41391692124307">
        <ele>142.0</ele>
        <time>2021-10-08T20:14:11.213Z</time>
      </trkpt>
      <trkpt lat="54.765940541401505" lon="25.413743080571294">
        <ele>141.0</ele>
        <time>2021-10-08T20:14:15.235Z</time>
      </trkpt>
      <trkpt lat="54.76593484170735" lon="25.413614585995674">
        <ele>141.0</ele>
        <time>2021-10-08T20:14:19.260Z</time>
      </trkpt>
      <trkpt lat="54.76594372652471" lon="25.41343403980136">
        <ele>141.0</ele>
        <time>2021-10-08T20:14:23.289Z</time>
      </trkpt>
      <trkpt lat="54.76594188250601" lon="25.413152910768986">
        <ele>142.0</ele>
        <time>2021-10-08T20:14:27.324Z</time>
      </trkpt>
      <trkpt lat="54.765933249145746" lon="25.412908662110567">
        <ele>142.0</ele>
        <time>2021-10-08T20:14:31.365Z</time>
      </trkpt>
      <trkpt lat="54.76591598242521" lon="25.41264840401709">
        <ele>143.0</ele>
        <time>2021-10-08T20:14:35.412Z</time>
      </trkpt>
      <trkpt lat="54.76591480895877" lon="25.412606159225106">
        <ele>143.0</ele>
        <time>2021-10-08T20:14:39.460Z</time>
      </trkpt>
      <trkpt lat="54.76590709760785" lon="25.4123957734555">
        <ele>143.0</ele>
        <time>2021-10-08T20:14:43.513Z</time>
      </trkpt>
      <trkpt lat="54.76584599353373" lon="25.412104837596416">
        <ele>143.0</ele>
        <time>2021-10-08T20:14:47.573Z</time>
      </trkpt>
      <trkpt lat="54.765814477577806" lon="25.41175816208124">
        <ele>143.0</ele>
        <time>2021-10-08T20:14:51.641Z</time>
      </trkpt>
      <trkpt lat="54.765811963006854" lon="25.411706110462546">
        <ele>143.0</ele>
        <time>2021-10-08T20:14:55.710Z</time>
      </trkpt>
      <trkpt lat="54.765805676579475" lon="25.411487007513642">
        <ele>142.0</ele>
        <time>2021-10-08T20:14:59.784Z</time>
      </trkpt>
      <trkpt lat="54.765810538083315" lon="25.41139849461615">
        <ele>142.0</ele>
        <time>2021-10-08T20:15:03.860Z</time>
      </trkpt>
      <trkpt lat="54.765759240835905" lon="25.411072354763746">
        <ele>141.0</ele>
        <time>2021-10-08T20:15:07.943Z</time>
      </trkpt>
      <trkpt lat="54.765748428180814" lon="25.411023488268256">
        <ele>142.0</ele>
        <time>2021-10-08T20:15:12.028Z</time>
      </trkpt>
      <trkpt lat="54.76572982035577" lon="25.410859202966094">
        <ele>142.0</ele>
        <time>2021-10-08T20:15:16.116Z</time>
      </trkpt>
      <trkpt lat="54.76573158055544" lon="25.410733642056584">
        <ele>142.0</ele>
        <time>2021-10-08T20:15:20.207Z</time>
      </trkpt>
      <trkpt lat="54.76572529412806" lon="25.410677483305335">
        <ele>142.0</ele>
        <time>2021-10-08T20:15:24.300Z</time>
      </trkpt>
      <trkpt lat="54.76568916812539" lon="25.41052484884858">
        <ele>143.0</ele>
        <time>2021-10-08T20:15:28.396Z</time>
      </trkpt>
      <trkpt lat="54.76564985699952" lon="25.410213209688663">
        <ele>143.0</ele>
        <time>2021-10-08T20:15:32.500Z</time>
      </trkpt>
      <trkpt lat="54.76571263745427" lon="25.409967955201864">
        <ele>143.0</ele>
        <time>2021-10-08T20:15:36.610Z</time>
      </trkpt>
      <trkpt lat="54.76571875624359" lon="25.409836526960135">
        <ele>142.0</ele>
        <time>2021-10-08T20:15:40.723Z</time>
      </trkpt>
      <trkpt lat="54.76564415730536" lon="25.409591104835272">
        <ele>142.0</ele>
        <time>2021-10-08T20:15:44.842Z</time>
      </trkpt>
      <trkpt lat="54.76551549509168" lon="25.409415420144796">
        <ele>142.0</ele>
        <time>2021-10-08T20:15:48.967Z</time>
      </trkpt>
      <trkpt lat="54.765390856191516" lon="25.40926756337285">
        <ele>143.0</ele>
        <time>2021-10-08T20:15:53.098Z</time>
      </trkpt>
      <trkpt lat="54.76536520756781" lon="25.40923579595983">
        <ele>143.0</ele>
        <time>2021-10-08T20:15:57.231Z</time>
      </trkpt>
      <trkpt lat="54.76525733247399" lon="25.409052232280374">
        <ele>144.0</ele>
        <time>2021-10-08T20:16:01.369Z</time>
      </trkpt>
      <trkpt lat="54.76524014957249" lon="25.40901199914515">
        <ele>145.0</ele>
        <time>2021-10-08T20:16:05.509Z</time>
      </trkpt>
      <trkpt lat="54.76519505493343" lon="25.4087539203465">
        <ele>145.0</ele>
        <time>2021-10-08T20:16:09.655Z</time>
      </trkpt>
      <trkpt lat="54.765251548960805" lon="25.40866306051612">
        <ele>145.0</ele>
        <time>2021-10-08T20:16:13.804Z</time>
      </trkpt>
      <trkpt lat="54.76528163999319" lon="25.408650571480393">
        <ele>145.0</ele>
        <time>2021-10-08T20:16:17.954Z</time>
      </trkpt>
      <trkpt lat="54.765445003286004" lon="25.408611679449677">
        <ele>145.0</ele>
        <time>2021-10-08T20:16:22.110Z</time>
      </trkpt>
      <trkpt lat="54.76554105989635" lon="25.4086035490036">
        <ele>144.0</ele>
        <time>2021-10-08T20:16:26.270Z</time>
      </trkpt>
      <trkpt lat="54.7656334284693" lon="25.408603632822633">
        <ele>144.0</ele>
        <time>2021-10-08T20:16:30.434Z</time>
      </trkpt>
      <trkpt lat="54.76574180647731" lon="25.408578487113118">
        <ele>143.0</ele>
        <time>2021-10-08T20:16:34.602Z</time>
      </trkpt>
      <trkpt lat="54.76576829329133" lon="25.408578906208277">
        <ele>143.0</ele>
        <time>2021-10-08T20:16:38.771Z</time>
      </trkpt>
      <trkpt lat="54.76582403294742" lon="25.40858544409275">
        <ele>143.0</ele>
        <time>2021-10-08T20:16:42.942Z</time>
      </trkpt>
      <trkpt lat="54.76586694829166" lon="25.40860405191779">
        <ele>142.0</ele>
        <time>2021-10-08T20:16:47.115Z</time>
      </trkpt>
      <trkpt lat="54.7658839635551" lon="25.40861662477255">
        <ele>142.0</ele>
        <time>2021-10-08T20:16:51.289Z</time>
      </trkpt>
      <trkpt lat="54.766018241643906" lon="25.408707903698087">
        <ele>141.0</ele>
        <time>2021-10-08T20:16:55.468Z</time>
      </trkpt>
      <trkpt lat="54.766136007383466" lon="25.408761715516448">
        <ele>142.0</ele>
        <time>2021-10-08T20:16:59.652Z</time>
      </trkpt>
      <trkpt lat="54.766169199720025" lon="25.408771103248">
        <ele>142.0</ele>
        <time>2021-10-08T20:17:03.837Z</time>
      </trkpt>
      <trkpt lat="54.76622854359448" lon="25.40879993699491">
        <ele>142.0</ele>
        <time>2021-10-08T20:17:08.025Z</time>
      </trkpt>
      <trkpt lat="54.76631890051067" lon="25.408864729106426">
        <ele>143.0</ele>
        <time>2021-10-08T20:17:12.217Z</time>
      </trkpt>
      <trkpt lat="54.766340190544724" lon="25.408871434628963">
        <ele>143.0</ele>
        <time>2021-10-08T20:17:16.410Z</time>
      </trkpt>
      <trkpt lat="54.766438426449895" lon="25.408922731876373">
        <ele>144.0</ele>
        <time>2021-10-08T20:17:20.607Z</time>
      </trkpt>
      <trkpt lat="54.76646809838712" lon="25.408933628350496">
        <ele>145.0</ele>
        <time>2021-10-08T20:17:24.805Z</time>
      </trkpt>
      <trkpt lat="54.766603130847216" lon="25.408940250054002">
        <ele>145.0</ele>
        <time>2021-10-08T20:17:29.008Z</time>
      </trkpt>
      <trkpt lat="54.76677345111966" lon="25.408959947526455">
        <ele>146.0</ele>
        <time>2021-10-08T20:17:33.218Z</time>
      </trkpt>
      <trkpt lat="54.766930444166064" lon="25.408973777666688">
        <ele>145.0</ele>
        <time>2021-10-08T20:17:37.434Z</time>
      </trkpt>
      <trkpt lat="54.76695626042783" lon="25.408980064094067">
        <ele>145.0</ele>
        <time>2021-10-08T20:17:41.651Z</time>
      </trkpt>
      <trkpt lat="54.76710554212332" lon="25.40901057422161">
        <ele>145.0</ele>
        <time>2021-10-08T20:17:45.874Z</time>
      </trkpt>
      <trkpt lat="54.7672601044178" lon="25.409035217016935">
        <ele>145.0</ele>
        <time>2021-10-08T20:17:50.103Z</time>
      </trkpt>
      <trkpt lat="54.767303355038166" lon="25.40901828557253">
        <ele>145.0</ele>
        <time>2021-10-08T20:17:54.334Z</time>
      </trkpt>
      <trkpt lat="54.76739044301212" lon="25.408992301672697">
        <ele>145.0</ele>
        <time>2021-10-08T20:17:58.568Z</time>
      </trkpt>
      <trkpt lat="54.76744660176337" lon="25.408994145691395">
        <ele>146.0</ele>
        <time>2021-10-08T20:18:02.804Z</time>
      </trkpt>
      <trkpt lat="54.76762882433832" lon="25.408960785716772">
        <ele>146.0</ele>
        <time>2021-10-08T20:18:07.047Z</time>
      </trkpt>
      <trkpt lat="54.76772714406252" lon="25.408947290852666">
        <ele>146.0</ele>
        <time>2021-10-08T20:18:11.294Z</time>
      </trkpt>
      <trkpt lat="54.76783275604248" lon="25.40893924422562">
        <ele>146.0</ele>
        <time>2021-10-08T20:18:15.546Z</time>
      </trkpt>
      <trkpt lat="54.76796083152294" lon="25.40891124866903">
        <ele>146.0</ele>
        <time>2021-10-08T20:18:19.803Z</time>
      </trkpt>
      <trkpt lat="54.76815520785749" lon="25.408894484862685">
        <ele>146.0</ele>
        <time>2021-10-08T20:18:24.067Z</time>
      </trkpt>
      <trkpt lat="54.768215054646134" lon="25.408878391608596">
        <ele>146.0</ele>
        <time>2021-10-08T20:18:28.334Z</time>
      </trkpt>
      <trkpt lat="54.768387554213405" lon="25.4088297765702">
        <ele>146.0</ele>
        <time>2021-10-08T20:18:32.607Z</time>
      </trkpt>
      <trkpt lat="54.7685260232538" lon="25.408808402717113">
        <ele>146.0</ele>
        <time>2021-10-08T20:18:36.886Z</time>
      </trkpt>
      <trkpt lat="54.768679244443774" lon="25.408784430474043">
        <ele>146.0</ele>
        <time>2021-10-08T20:18:41.171Z</time>
      </trkpt>
      <trkpt lat="54.768824921920896" lon="25.40875987149775">
        <ele>145.0</ele>
        <time>2021-10-08T20:18:45.462Z</time>
      </trkpt>
      <trkpt lat="54.76885342039168" lon="25.40875257924199">
        <ele>146.0</ele>
        <time>2021-10-08T20:18:49.754Z</time>
      </trkpt>
      <trkpt lat="54.768905555829406" lon="25.408749897032976">
        <ele>146.0</ele>
        <time>2021-10-08T20:18:54.048Z</time>
      </trkpt>
      <trkpt lat="54.76893405430019" lon="25.408751321956515">
        <ele>146.0</ele>
        <time>2021-10-08T20:18:58.343Z</time>
      </trkpt>
      <trkpt lat="54.76896431297064" lon="25.40875014849007">
        <ele>146.0</ele>
        <time>2021-10-08T20:19:02.639Z</time>
      </trkpt>
      <trkpt lat="54.76899323053658" lon="25.408746963366866">
        <ele>146.0</ele>
        <time>2021-10-08T20:19:06.936Z</time>
      </trkpt>
      <trkpt lat="54.76911493577063" lon="25.40873497724533">
        <ele>146.0</ele>
        <time>2021-10-08T20:19:11.238Z</time>
      </trkpt>
      <trkpt lat="54.769143937155604" lon="25.408730786293745">
        <ele>146.0</ele>
        <time>2021-10-08T20:19:15.541Z</time>
      </trkpt>
      <trkpt lat="54.769174195826054" lon="25.408726511523128">
        <ele>145.0</ele>
        <time>2021-10-08T20:19:19.845Z</time>
      </trkpt>
      <trkpt lat="54.769197246059775" lon="25.408722572028637">
        <ele>145.0</ele>
        <time>2021-10-08T20:19:24.150Z</time>
      </trkpt>
      <trkpt lat="54.769278299063444" lon="25.408694073557854">
        <ele>145.0</ele>
        <time>2021-10-08T20:19:28.458Z</time>
      </trkpt>
      <trkpt lat="54.76932976394892" lon="25.40867001749575">
        <ele>145.0</ele>
        <time>2021-10-08T20:19:32.769Z</time>
      </trkpt>
      <trkpt lat="54.7693598549813" lon="25.408656103536487">
        <ele>145.0</ele>
        <time>2021-10-08T20:19:37.081Z</time>
      </trkpt>
      <trkpt lat="54.769436214119196" lon="25.40856147184968">
        <ele>145.0</ele>
        <time>2021-10-08T20:19:41.396Z</time>
      </trkpt>
      <trkpt lat="54.769456749781966" lon="25.408512521535158">
        <ele>145.0</ele>
        <time>2021-10-08T20:19:45.713Z</time>
      </trkpt>
      <trkpt lat="54.76947368122637" lon="25.408283276483417">
        <ele>145.0</ele>
        <time>2021-10-08T20:19:50.035Z</time>
      </trkpt>
      <trkpt lat="54.76944702677429" lon="25.408014887943864">
        <ele>145.0</ele>
        <time>2021-10-08T20:19:54.363Z</time>
      </trkpt>
      <trkpt lat="54.76943529210985" lon="25.407911790534854">
        <ele>145.0</ele>
        <time>2021-10-08T20:19:58.694Z</time>
      </trkpt>
      <trkpt lat="54.769408302381635" lon="25.40773032233119">
        <ele>145.0</ele>
        <time>2021-10-08T20:20:03.029Z</time>
      </trkpt>
      <trkpt lat="54.769361950457096" lon="25.407419186085463">
        <ele>145.0</ele>
        <time>2021-10-08T20:20:07.371Z</time>
      </trkpt>
      <trkpt lat="54.76935122162104" lon="25.40737166069448">
        <ele>145.0</ele>
        <time>2021-10-08T20:20:11.714Z</time>
      </trkpt>
      <trkpt lat="54.76926287636161" lon="25.407123137265444">
        <ele>145.0</ele>
        <time>2021-10-08T20:20:16.064Z</time>
      </trkpt>
      <trkpt lat="54.76922960020602" lon="25.407012663781643">
        <ele>144.0</ele>
        <time>2021-10-08T20:20:20.417Z</time>
      </trkpt>
      <trkpt lat="54.76919062435627" lon="25.406771348789334">
        <ele>144.0</ele>
        <time>2021-10-08T20:20:24.775Z</time>
      </trkpt>
      <trkpt lat="54.769179141148925" lon="25.406495667994022">
        <ele>144.0</ele>
        <time>2021-10-08T20:20:29.140Z</time>
      </trkpt>
      <trkpt lat="54.76913237012923" lon="25.40624437853694">
        <ele>145.0</ele>
        <time>2021-10-08T20:20:33.511Z</time>
      </trkpt>
      <trkpt lat="54.76906372234225" lon="25.40587155148387">
        <ele>144.0</ele>
        <time>2021-10-08T20:20:37.891Z</time>
      </trkpt>
      <trkpt lat="54.76902759633958" lon="25.40557843632996">
        <ele>144.0</ele>
        <time>2021-10-08T20:20:42.277Z</time>
      </trkpt>
      <trkpt lat="54.76899473927915" lon="25.405288506299257">
        <ele>143.0</ele>
        <time>2021-10-08T20:20:46.670Z</time>
      </trkpt>
      <trkpt lat="54.76888669654727" lon="25.40509128011763">
        <ele>143.0</ele>
        <time>2021-10-08T20:20:51.069Z</time>
      </trkpt>
      <trkpt lat="54.76870992220938" lon="25.404974771663547">
        <ele>143.0</ele>
        <time>2021-10-08T20:20:55.476Z</time>
      </trkpt>
      <trkpt lat="54.76865275762975" lon="25.404947195202112">
        <ele>143.0</ele>
        <time>2021-10-08T20:20:59.885Z</time>
      </trkpt>
      <trkpt lat="54.76850221864879" lon="25.40483965538442">
        <ele>143.0</ele>
        <time>2021-10-08T20:21:04.300Z</time>
      </trkpt>
      <trkpt lat="54.76839710958302" lon="25.404622815549374">
        <ele>143.0</ele>
        <time>2021-10-08T20:21:08.722Z</time>
      </trkpt>
      <trkpt lat="54.76833810098469" lon="25.404357444494963">
        <ele>144.0</ele>
        <time>2021-10-08T20:21:13.150Z</time>
      </trkpt>
      <trkpt lat="54.76834346540272" lon="25.404291730374098">
        <ele>144.0</ele>
        <time>2021-10-08T20:21:17.580Z</time>
      </trkpt>
      <trkpt lat="54.76840632967651" lon="25.403996435925364">
        <ele>144.0</ele>
        <time>2021-10-08T20:21:22.017Z</time>
      </trkpt>
      <trkpt lat="54.76845268160105" lon="25.403734501451254">
        <ele>143.0</ele>
        <time>2021-10-08T20:21:26.460Z</time>
      </trkpt>
      <trkpt lat="54.76843021810055" lon="25.403466783463955">
        <ele>143.0</ele>
        <time>2021-10-08T20:21:30.909Z</time>
      </trkpt>
      <trkpt lat="54.768413538113236" lon="25.40318355895579">
        <ele>143.0</ele>
        <time>2021-10-08T20:21:35.365Z</time>
      </trkpt>
      <trkpt lat="54.76841169409454" lon="25.402959007769823">
        <ele>143.0</ele>
        <time>2021-10-08T20:21:39.826Z</time>
      </trkpt>
      <trkpt lat="54.76840046234429" lon="25.402729427441955">
        <ele>143.0</ele>
        <time>2021-10-08T20:21:44.292Z</time>
      </trkpt>
      <trkpt lat="54.768381686881185" lon="25.402372190728784">
        <ele>143.0</ele>
        <time>2021-10-08T20:21:48.766Z</time>
      </trkpt>
      <trkpt lat="54.76833106018603" lon="25.402103047817945">
        <ele>143.0</ele>
        <time>2021-10-08T20:21:53.246Z</time>
      </trkpt>
      <trkpt lat="54.76829443126917" lon="25.401855194941163">
        <ele>143.0</ele>
        <time>2021-10-08T20:21:57.732Z</time>
      </trkpt>
      <trkpt lat="54.76828630082309" lon="25.40154288522899">
        <ele>143.0</ele>
        <time>2021-10-08T20:22:02.225Z</time>
      </trkpt>
      <trkpt lat="54.76824698969722" lon="25.401272987946868">
        <ele>143.0</ele>
        <time>2021-10-08T20:22:06.725Z</time>
      </trkpt>
      <trkpt lat="54.76824673824012" lon="25.400942489504814">
        <ele>143.0</ele>
        <time>2021-10-08T20:22:11.232Z</time>
      </trkpt>
      <trkpt lat="54.76826895028353" lon="25.40066328831017">
        <ele>143.0</ele>
        <time>2021-10-08T20:22:15.745Z</time>
      </trkpt>
      <trkpt lat="54.768296694383025" lon="25.400384506210685">
        <ele>143.0</ele>
        <time>2021-10-08T20:22:20.265Z</time>
      </trkpt>
      <trkpt lat="54.76830490864813" lon="25.40024746209383">
        <ele>142.0</ele>
        <time>2021-10-08T20:22:24.788Z</time>
      </trkpt>
      <trkpt lat="54.76832812651992" lon="25.40008476935327">
        <ele>142.0</ele>
        <time>2021-10-08T20:22:29.315Z</time>
      </trkpt>
      <trkpt lat="54.76834774017334" lon="25.399732561782002">
        <ele>143.0</ele>
        <time>2021-10-08T20:22:33.850Z</time>
      </trkpt>
      <trkpt lat="54.768295185640454" lon="25.399433495476842">
        <ele>143.0</ele>
        <time>2021-10-08T20:22:38.392Z</time>
      </trkpt>
      <trkpt lat="54.768246319144964" lon="25.39918270893395">
        <ele>143.0</ele>
        <time>2021-10-08T20:22:42.940Z</time>
      </trkpt>
      <trkpt lat="54.76818270049989" lon="25.398881463333964">
        <ele>142.0</ele>
        <time>2021-10-08T20:22:47.495Z</time>
      </trkpt>
      <trkpt lat="54.76817389950156" lon="25.398829830810428">
        <ele>142.0</ele>
        <time>2021-10-08T20:22:52.051Z</time>
      </trkpt>
      <trkpt lat="54.7681821975857" lon="25.398453399538994">
        <ele>142.0</ele>
        <time>2021-10-08T20:22:56.616Z</time>
      </trkpt>
      <trkpt lat="54.76820717565715" lon="25.398166989907622">
        <ele>142.0</ele>
        <time>2021-10-08T20:23:01.187Z</time>
      </trkpt>
      <trkpt lat="54.76821086369455" lon="25.397961800917983">
        <ele>142.0</ele>
        <time>2021-10-08T20:23:05.763Z</time>
      </trkpt>
      <trkpt lat="54.768236596137285" lon="25.39769542403519">
        <ele>141.0</ele>
        <time>2021-10-08T20:23:10.345Z</time>
      </trkpt>
      <trkpt lat="54.76823148317635" lon="25.397652927786112">
        <ele>141.0</ele>
        <time>2021-10-08T20:23:14.928Z</time>
      </trkpt>
      <trkpt lat="54.76821077987552" lon="25.397341791540384">
        <ele>142.0</ele>
        <time>2021-10-08T20:23:19.518Z</time>
      </trkpt>
      <trkpt lat="54.7682099416852" lon="25.39728253148496">
        <ele>142.0</ele>
        <time>2021-10-08T20:23:24.110Z</time>
      </trkpt>
      <trkpt lat="54.768200470134616" lon="25.396916745230556">
        <ele>142.0</ele>
        <time>2021-10-08T20:23:28.710Z</time>
      </trkpt>
      <trkpt lat="54.768226789310575" lon="25.396550875157118">
        <ele>142.0</ele>
        <time>2021-10-08T20:23:33.318Z</time>
      </trkpt>
      <trkpt lat="54.76826165802777" lon="25.3962461091578">
        <ele>142.0</ele>
        <time>2021-10-08T20:23:37.933Z</time>
      </trkpt>
      <trkpt lat="54.76827238686383" lon="25.396075705066323">
        <ele>142.0</ele>
        <time>2021-10-08T20:23:42.552Z</time>
      </trkpt>
      <trkpt lat="54.768280014395714" lon="25.3960182890296">
        <ele>142.0</ele>
        <time>2021-10-08T20:23:47.173Z</time>
      </trkpt>
      <trkpt lat="54.7683222591877" lon="25.395744955167174">
        <ele>141.0</ele>
        <time>2021-10-08T20:23:51.800Z</time>
      </trkpt>
      <trkpt lat="54.768329970538616" lon="25.395687958225608">
        <ele>141.0</ele>
        <time>2021-10-08T20:23:56.428Z</time>
      </trkpt>
      <trkpt lat="54.76833684369922" lon="25.395480589941144">
        <ele>141.0</ele>
        <time>2021-10-08T20:24:01.061Z</time>
      </trkpt>
      <trkpt lat="54.76829074323177" lon="25.395116982981563">
        <ele>140.0</ele>
        <time>2021-10-08T20:24:05.702Z</time>
      </trkpt>
      <trkpt lat="54.76827599108219" lon="25.395003827288747">
        <ele>140.0</ele>
        <time>2021-10-08T20:24:10.346Z</time>
      </trkpt>
      <trkpt lat="54.76827456615865" lon="25.394743904471397">
        <ele>140.0</ele>
        <time>2021-10-08T20:24:14.996Z</time>
      </trkpt>
      <trkpt lat="54.7682461515069" lon="25.394587414339185">
        <ele>140.0</ele>
        <time>2021-10-08T20:24:19.650Z</time>
      </trkpt>
      <trkpt lat="54.768227795138955" lon="25.394482389092445">
        <ele>139.0</ele>
        <time>2021-10-08T20:24:24.306Z</time>
      </trkpt>
      <trkpt lat="54.76822075434029" lon="25.39443712681532">
        <ele>139.0</ele>
        <time>2021-10-08T20:24:28.963Z</time>
      </trkpt>
      <trkpt lat="54.76818638853729" lon="25.394167648628354">
        <ele>139.0</ele>
        <time>2021-10-08T20:24:33.626Z</time>
      </trkpt>
      <trkpt lat="54.768161829560995" lon="25.393993640318513">
        <ele>138.0</ele>
        <time>2021-10-08T20:24:38.294Z</time>
      </trkpt>
      <trkpt lat="54.76815436966717" lon="25.39393245242536">
        <ele>138.0</ele>
        <time>2021-10-08T20:24:42.963Z</time>
      </trkpt>
      <trkpt lat="54.76814632304013" lon="25.393873192369938">
        <ele>138.0</ele>
        <time>2021-10-08T20:24:47.633Z</time>
      </trkpt>
      <trkpt lat="54.7681216802448" lon="25.39369247853756">
        <ele>137.0</ele>
        <time>2021-10-08T20:24:52.308Z</time>
      </trkpt>
      <trkpt lat="54.768110532313585" lon="25.39358946494758">
        <ele>137.0</ele>
        <time>2021-10-08T20:24:56.985Z</time>
      </trkpt>
      <trkpt lat="54.76810147985816" lon="25.39331629872322">
        <ele>137.0</ele>
        <time>2021-10-08T20:25:01.668Z</time>
      </trkpt>
      <trkpt lat="54.7681216802448" lon="25.392933413386345">
        <ele>137.0</ele>
        <time>2021-10-08T20:25:06.360Z</time>
      </trkpt>
      <trkpt lat="54.768102653324604" lon="25.392769128084183">
        <ele>136.0</ele>
        <time>2021-10-08T20:25:11.056Z</time>
      </trkpt>
      <trkpt lat="54.76808982901275" lon="25.392711041495204">
        <ele>136.0</ele>
        <time>2021-10-08T20:25:15.753Z</time>
      </trkpt>
      <trkpt lat="54.76805102080107" lon="25.392532842233777">
        <ele>136.0</ele>
        <time>2021-10-08T20:25:20.454Z</time>
      </trkpt>
      <trkpt lat="54.76799980737269" lon="25.39231558330357">
        <ele>134.0</ele>
        <time>2021-10-08T20:25:25.161Z</time>
      </trkpt>
      <trkpt lat="54.76796896196902" lon="25.392175102606416">
        <ele>133.0</ele>
        <time>2021-10-08T20:25:29.871Z</time>
      </trkpt>
      <trkpt lat="54.767945911735296" lon="25.392057169228792">
        <ele>132.0</ele>
        <time>2021-10-08T20:25:34.584Z</time>
      </trkpt>
      <trkpt lat="54.76792898029089" lon="25.392000591382384">
        <ele>132.0</ele>
        <time>2021-10-08T20:25:39.298Z</time>
      </trkpt>
      <trkpt lat="54.76784884929657" lon="25.39179758168757">
        <ele>130.0</ele>
        <time>2021-10-08T20:25:44.018Z</time>
      </trkpt>
      <trkpt lat="54.767759246751666" lon="25.391601948067546">
        <ele>129.0</ele>
        <time>2021-10-08T20:25:48.744Z</time>
      </trkpt>
      <trkpt lat="54.76770920678973" lon="25.391507064923644">
        <ele>129.0</ele>
        <time>2021-10-08T20:25:53.472Z</time>
      </trkpt>
      <trkpt lat="54.76765690371394" lon="25.39141494780779">
        <ele>128.0</ele>
        <time>2021-10-08T20:25:58.203Z</time>
      </trkpt>
      <trkpt lat="54.76755288429558" lon="25.391250662505627">
        <ele>127.0</ele>
        <time>2021-10-08T20:26:02.940Z</time>
      </trkpt>
      <trkpt lat="54.76750787347555" lon="25.39115351624787">
        <ele>127.0</ele>
        <time>2021-10-08T20:26:07.680Z</time>
      </trkpt>
      <trkpt lat="54.76740209385753" lon="25.39098068140447">
        <ele>126.0</ele>
        <time>2021-10-08T20:26:12.425Z</time>
      </trkpt>
      <trkpt lat="54.767326824367046" lon="25.390817737206817">
        <ele>126.0</ele>
        <time>2021-10-08T20:26:17.175Z</time>
      </trkpt>
      <trkpt lat="54.76723319850862" lon="25.39058245718479">
        <ele>125.0</ele>
        <time>2021-10-08T20:26:21.932Z</time>
      </trkpt>
      <trkpt lat="54.76719589903951" lon="25.39049101062119">
        <ele>124.0</ele>
        <time>2021-10-08T20:26:26.691Z</time>
      </trkpt>
      <trkpt lat="54.76712062954903" lon="25.390191609039903">
        <ele>124.0</ele>
        <time>2021-10-08T20:26:31.458Z</time>
      </trkpt>
      <trkpt lat="54.76709975861013" lon="25.389912743121386">
        <ele>124.0</ele>
        <time>2021-10-08T20:26:36.231Z</time>
      </trkpt>
      <trkpt lat="54.76709229871631" lon="25.389858847483993">
        <ele>124.0</ele>
        <time>2021-10-08T20:26:41.005Z</time>
      </trkpt>
      <trkpt lat="54.76704812608659" lon="25.389595152810216">
        <ele>124.0</ele>
        <time>2021-10-08T20:26:45.785Z</time>
      </trkpt>
      <trkpt lat="54.76702985353768" lon="25.389538826420903">
        <ele>124.0</ele>
        <time>2021-10-08T20:26:50.567Z</time>
      </trkpt>
      <trkpt lat="54.76695944555104" lon="25.38927387446165">
        <ele>123.0</ele>
        <time>2021-10-08T20:26:55.355Z</time>
      </trkpt>
      <trkpt lat="54.766949974000454" lon="25.389217296615243">
        <ele>123.0</ele>
        <time>2021-10-08T20:27:00.145Z</time>
      </trkpt>
      <trkpt lat="54.76691753603518" lon="25.388947650790215">
        <ele>122.0</ele>
        <time>2021-10-08T20:27:04.941Z</time>
      </trkpt>
      <trkpt lat="54.76684193126857" lon="25.38865042850375">
        <ele>122.0</ele>
        <time>2021-10-08T20:27:09.744Z</time>
      </trkpt>
      <trkpt lat="54.76678853854537" lon="25.388396624475718">
        <ele>122.0</ele>
        <time>2021-10-08T20:27:14.553Z</time>
      </trkpt>
      <trkpt lat="54.766764398664236" lon="25.38827307522297">
        <ele>122.0</ele>
        <time>2021-10-08T20:27:19.365Z</time>
      </trkpt>
      <trkpt lat="54.766735481098294" lon="25.38809630088508">
        <ele>121.0</ele>
        <time>2021-10-08T20:27:24.182Z</time>
      </trkpt>
      <trkpt lat="54.766693990677595" lon="25.38778994232416">
        <ele>121.0</ele>
        <time>2021-10-08T20:27:29.006Z</time>
      </trkpt>
      <trkpt lat="54.766673455014825" lon="25.387517614290118">
        <ele>121.0</ele>
        <time>2021-10-08T20:27:33.836Z</time>
      </trkpt>
      <trkpt lat="54.76665233261883" lon="25.387146966531873">
        <ele>121.0</ele>
        <time>2021-10-08T20:27:38.674Z</time>
      </trkpt>
      <trkpt lat="54.76662735454738" lon="25.38691570982337">
        <ele>121.0</ele>
        <time>2021-10-08T20:27:43.518Z</time>
      </trkpt>
      <trkpt lat="54.76659994572401" lon="25.386686297133565">
        <ele>120.0</ele>
        <time>2021-10-08T20:27:48.367Z</time>
      </trkpt>
      <trkpt lat="54.766586702317" lon="25.386632066220045">
        <ele>120.0</ele>
        <time>2021-10-08T20:27:53.217Z</time>
      </trkpt>
      <trkpt lat="54.76654387079179" lon="25.38647834211588">
        <ele>120.0</ele>
        <time>2021-10-08T20:27:58.071Z</time>
      </trkpt>
      <trkpt lat="54.76651579141617" lon="25.38636694662273">
        <ele>120.0</ele>
        <time>2021-10-08T20:28:02.928Z</time>
      </trkpt>
      <trkpt lat="54.76646843366325" lon="25.386081794276834">
        <ele>120.0</ele>
        <time>2021-10-08T20:28:07.792Z</time>
      </trkpt>
      <trkpt lat="54.7664553578943" lon="25.385910887271166">
        <ele>120.0</ele>
        <time>2021-10-08T20:28:12.660Z</time>
      </trkpt>
      <trkpt lat="54.76644194684923" lon="25.385814663022757">
        <ele>120.0</ele>
        <time>2021-10-08T20:28:17.530Z</time>
      </trkpt>
      <trkpt lat="54.766417890787125" lon="25.385720366612077">
        <ele>120.0</ele>
        <time>2021-10-08T20:28:22.402Z</time>
      </trkpt>
      <trkpt lat="54.766367347911" lon="25.38552548736334">
        <ele>120.0</ele>
        <time>2021-10-08T20:28:27.279Z</time>
      </trkpt>
      <trkpt lat="54.76630959659815" lon="25.385351981967688">
        <ele>120.0</ele>
        <time>2021-10-08T20:28:32.161Z</time>
      </trkpt>
      <trkpt lat="54.766275649890304" lon="25.385255087167025">
        <ele>120.0</ele>
        <time>2021-10-08T20:28:37.045Z</time>
      </trkpt>
      <trkpt lat="54.76621085777879" lon="25.385068086907268">
        <ele>119.0</ele>
        <time>2021-10-08T20:28:41.934Z</time>
      </trkpt>
      <trkpt lat="54.76617246866226" lon="25.38496415130794">
        <ele>119.0</ele>
        <time>2021-10-08T20:28:46.826Z</time>
      </trkpt>
      <trkpt lat="54.76607037708163" lon="25.384741025045514">
        <ele>119.0</ele>
        <time>2021-10-08T20:28:51.724Z</time>
      </trkpt>
      <trkpt lat="54.765983959659934" lon="25.38453759625554">
        <ele>119.0</ele>
        <time>2021-10-08T20:28:56.628Z</time>
      </trkpt>
      <trkpt lat="54.76593961939216" lon="25.38432452827692">
        <ele>118.0</ele>
        <time>2021-10-08T20:29:01.537Z</time>
      </trkpt>
      <trkpt lat="54.76591690443456" lon="25.384224532172084">
        <ele>118.0</ele>
        <time>2021-10-08T20:29:06.449Z</time>
      </trkpt>
      <trkpt lat="54.76586694829166" lon="25.38405429571867">
        <ele>118.0</ele>
        <time>2021-10-08T20:29:11.365Z</time>
      </trkpt>
      <trkpt lat="54.76579452864826" lon="25.38377626799047">
        <ele>119.0</ele>
        <time>2021-10-08T20:29:16.288Z</time>
      </trkpt>
      <trkpt lat="54.765705429017544" lon="25.383446775376797">
        <ele>118.0</ele>
        <time>2021-10-08T20:29:21.219Z</time>
      </trkpt>
      <trkpt lat="54.76570568047464" lon="25.38344744592905">
        <ele>118.0</ele>
        <time>2021-10-08T20:29:26.150Z</time>
      </trkpt>
      <trkpt lat="54.765640972182155" lon="25.383200515061617">
        <ele>118.0</ele>
        <time>2021-10-08T20:29:31.087Z</time>
      </trkpt>
      <trkpt lat="54.765562266111374" lon="25.38288602605462">
        <ele>118.0</ele>
        <time>2021-10-08T20:29:36.032Z</time>
      </trkpt>
      <trkpt lat="54.76555170491338" lon="25.382837913930416">
        <ele>118.0</ele>
        <time>2021-10-08T20:29:40.978Z</time>
      </trkpt>
      <trkpt lat="54.7655092086643" lon="25.382568268105388">
        <ele>118.0</ele>
        <time>2021-10-08T20:29:45.930Z</time>
      </trkpt>
      <trkpt lat="54.76544039323926" lon="25.382253443822265">
        <ele>118.0</ele>
        <time>2021-10-08T20:29:50.890Z</time>
      </trkpt>
      <trkpt lat="54.76539806462824" lon="25.382011542096734">
        <ele>118.0</ele>
        <time>2021-10-08T20:29:55.856Z</time>
      </trkpt>
      <trkpt lat="54.765333607792854" lon="25.38166729733348">
        <ele>119.0</ele>
        <time>2021-10-08T20:30:00.830Z</time>
      </trkpt>
      <trkpt lat="54.7652845736593" lon="25.381460012868047">
        <ele>119.0</ele>
        <time>2021-10-08T20:30:05.809Z</time>
      </trkpt>
      <trkpt lat="54.76526110433042" lon="25.381360854953527">
        <ele>119.0</ele>
        <time>2021-10-08T20:30:10.791Z</time>
      </trkpt>
      <trkpt lat="54.76520201191306" lon="25.381155582144856">
        <ele>119.0</ele>
        <time>2021-10-08T20:30:15.778Z</time>
      </trkpt>
      <trkpt lat="54.765096232295036" lon="25.380905969068408">
        <ele>119.0</ele>
        <time>2021-10-08T20:30:20.772Z</time>
      </trkpt>
      <trkpt lat="54.76506530307233" lon="25.380824580788612">
        <ele>119.0</ele>
        <time>2021-10-08T20:30:25.768Z</time>
      </trkpt>
      <trkpt lat="54.76496547460556" lon="25.380578069016337">
        <ele>119.0</ele>
        <time>2021-10-08T20:30:30.771Z</time>
      </trkpt>
      <trkpt lat="54.76494292728603" lon="25.380522161722183">
        <ele>119.0</ele>
        <time>2021-10-08T20:30:35.775Z</time>
      </trkpt>
      <trkpt lat="54.764879643917084" lon="25.380360893905163">
        <ele>119.0</ele>
        <time>2021-10-08T20:30:40.784Z</time>
      </trkpt>
      <trkpt lat="54.76481300778687" lon="25.380123099312186">
        <ele>118.0</ele>
        <time>2021-10-08T20:30:45.799Z</time>
      </trkpt>
      <trkpt lat="54.76478425785899" lon="25.37998052313924">
        <ele>118.0</ele>
        <time>2021-10-08T20:30:50.817Z</time>
      </trkpt>
      <trkpt lat="54.76475617848337" lon="25.37985705770552">
        <ele>118.0</ele>
        <time>2021-10-08T20:30:55.838Z</time>
      </trkpt>
      <trkpt lat="54.76469683460891" lon="25.379591351374984">
        <ele>119.0</ele>
        <time>2021-10-08T20:31:00.866Z</time>
      </trkpt>
      <trkpt lat="54.76466246880591" lon="25.37932581268251">
        <ele>119.0</ele>
        <time>2021-10-08T20:31:05.900Z</time>
      </trkpt>
      <trkpt lat="54.764643274247646" lon="25.37900528870523">
        <ele>118.0</ele>
        <time>2021-10-08T20:31:10.941Z</time>
      </trkpt>
      <trkpt lat="54.764606561511755" lon="25.37868769839406">
        <ele>118.0</ele>
        <time>2021-10-08T20:31:15.989Z</time>
      </trkpt>
      <trkpt lat="54.76458242163062" lon="25.378422494977713">
        <ele>118.0</ele>
        <time>2021-10-08T20:31:21.043Z</time>
      </trkpt>
      <trkpt lat="54.76455518044531" lon="25.37819903343916">
        <ele>118.0</ele>
        <time>2021-10-08T20:31:26.103Z</time>
      </trkpt>
      <trkpt lat="54.76452165283263" lon="25.377885466441512">
        <ele>117.0</ele>
        <time>2021-10-08T20:31:31.170Z</time>
      </trkpt>
      <trkpt lat="54.76446918211877" lon="25.377643732354045">
        <ele>117.0</ele>
        <time>2021-10-08T20:31:36.243Z</time>
      </trkpt>
      <trkpt lat="54.76443439722061" lon="25.377535354346037">
        <ele>117.0</ele>
        <time>2021-10-08T20:31:41.319Z</time>
      </trkpt>
      <trkpt lat="54.764375975355506" lon="25.37739328108728">
        <ele>117.0</ele>
        <time>2021-10-08T20:31:46.398Z</time>
      </trkpt>
      <trkpt lat="54.76426851935685" lon="25.377183817327023">
        <ele>117.0</ele>
        <time>2021-10-08T20:31:51.484Z</time>
      </trkpt>
      <trkpt lat="54.764142371714115" lon="25.37702296860516">
        <ele>117.0</ele>
        <time>2021-10-08T20:31:56.576Z</time>
      </trkpt>
      <trkpt lat="54.76401689462364" lon="25.376886511221528">
        <ele>117.0</ele>
        <time>2021-10-08T20:32:01.674Z</time>
      </trkpt>
      <trkpt lat="54.76388261653483" lon="25.37671258673072">
        <ele>117.0</ele>
        <time>2021-10-08T20:32:06.778Z</time>
      </trkpt>
      <trkpt lat="54.76372738368809" lon="25.37645467557013">
        <ele>117.0</ele>
        <time>2021-10-08T20:32:11.891Z</time>
      </trkpt>
      <trkpt lat="54.763645492494106" lon="25.37624311633408">
        <ele>117.0</ele>
        <time>2021-10-08T20:32:17.010Z</time>
      </trkpt>
      <trkpt lat="54.76354323327541" lon="25.37597229704261">
        <ele>116.0</ele>
        <time>2021-10-08T20:32:22.136Z</time>
      </trkpt>
      <trkpt lat="54.76351900957525" lon="25.375913372263312">
        <ele>116.0</ele>
        <time>2021-10-08T20:32:27.264Z</time>
      </trkpt>
      <trkpt lat="54.76342395879328" lon="25.37565822713077">
        <ele>116.0</ele>
        <time>2021-10-08T20:32:32.398Z</time>
      </trkpt>
      <trkpt lat="54.763340558856726" lon="25.375449350103736">
        <ele>116.0</ele>
        <time>2021-10-08T20:32:37.538Z</time>
      </trkpt>
      <trkpt lat="54.76327518001199" lon="25.37519688718021">
        <ele>116.0</ele>
        <time>2021-10-08T20:32:42.684Z</time>
      </trkpt>
      <trkpt lat="54.76319530047476" lon="25.375029668211937">
        <ele>116.0</ele>
        <time>2021-10-08T20:32:47.835Z</time>
      </trkpt>
      <trkpt lat="54.76304082199931" lon="25.374813750386238">
        <ele>116.0</ele>
        <time>2021-10-08T20:32:52.994Z</time>
      </trkpt>
      <trkpt lat="54.76297913119197" lon="25.37474879063666">
        <ele>116.0</ele>
        <time>2021-10-08T20:32:58.156Z</time>
      </trkpt>
      <trkpt lat="54.762873435392976" lon="25.374658182263374">
        <ele>115.0</ele>
        <time>2021-10-08T20:33:03.323Z</time>
      </trkpt>
      <trkpt lat="54.76272406987846" lon="25.37456505931914">
        <ele>116.0</ele>
        <time>2021-10-08T20:33:08.496Z</time>
      </trkpt>
      <trkpt lat="54.762600772082806" lon="25.37455097772181">
        <ele>115.0</ele>
        <time>2021-10-08T20:33:13.674Z</time>
      </trkpt>
      <trkpt lat="54.76245584897697" lon="25.37444980815053">
        <ele>115.0</ele>
        <time>2021-10-08T20:33:18.858Z</time>
      </trkpt>
      <trkpt lat="54.76226516067982" lon="25.374275213107467">
        <ele>115.0</ele>
        <time>2021-10-08T20:33:24.050Z</time>
      </trkpt>
      <trkpt lat="54.762131134048104" lon="25.374153004959226">
        <ele>116.0</ele>
        <time>2021-10-08T20:33:29.248Z</time>
      </trkpt>
      <trkpt lat="54.76202728226781" lon="25.374038089066744">
        <ele>116.0</ele>
        <time>2021-10-08T20:33:34.451Z</time>
      </trkpt>
      <trkpt lat="54.7619759850204" lon="25.373984444886446">
        <ele>116.0</ele>
        <time>2021-10-08T20:33:39.656Z</time>
      </trkpt>
      <trkpt lat="54.761827709153295" lon="25.373814208433032">
        <ele>116.0</ele>
        <time>2021-10-08T20:33:44.868Z</time>
      </trkpt>
      <trkpt lat="54.76168974302709" lon="25.373788308352232">
        <ele>116.0</ele>
        <time>2021-10-08T20:33:50.086Z</time>
      </trkpt>
      <trkpt lat="54.761617574840784" lon="25.37375394254923">
        <ele>116.0</ele>
        <time>2021-10-08T20:33:55.307Z</time>
      </trkpt>
      <trkpt lat="54.761593183502555" lon="25.37372913211584">
        <ele>116.0</ele>
        <time>2021-10-08T20:34:00.529Z</time>
      </trkpt>
      <trkpt lat="54.761465694755316" lon="25.373687809333205">
        <ele>117.0</ele>
        <time>2021-10-08T20:34:05.756Z</time>
      </trkpt>
      <trkpt lat="54.7614474222064" lon="25.373700466006994">
        <ele>117.0</ele>
        <time>2021-10-08T20:34:10.984Z</time>
      </trkpt>
      <trkpt lat="54.76138581521809" lon="25.37379107438028">
        <ele>116.0</ele>
        <time>2021-10-08T20:34:16.215Z</time>
      </trkpt>
      <trkpt lat="54.761292189359665" lon="25.373943708837032">
        <ele>116.0</ele>
        <time>2021-10-08T20:34:21.451Z</time>
      </trkpt>
      <trkpt lat="54.76117869839072" lon="25.374170942232013">
        <ele>117.0</ele>
        <time>2021-10-08T20:34:26.694Z</time>
      </trkpt>
      <trkpt lat="54.76110342890024" lon="25.374369844794273">
        <ele>117.0</ele>
        <time>2021-10-08T20:34:31.942Z</time>
      </trkpt>
      <trkpt lat="54.761067889630795" lon="25.37444201298058">
        <ele>117.0</ele>
        <time>2021-10-08T20:34:37.192Z</time>
      </trkpt>
      <trkpt lat="54.760974096134305" lon="25.37466488778591">
        <ele>117.0</ele>
        <time>2021-10-08T20:34:42.448Z</time>
      </trkpt>
      <trkpt lat="54.76088088937104" lon="25.374854234978557">
        <ele>117.0</ele>
        <time>2021-10-08T20:34:47.710Z</time>
      </trkpt>
      <trkpt lat="54.76080486550927" lon="25.375036373734474">
        <ele>117.0</ele>
        <time>2021-10-08T20:34:52.977Z</time>
      </trkpt>
      <trkpt lat="54.76072850637138" lon="25.375207951292396">
        <ele>118.0</ele>
        <time>2021-10-08T20:34:58.249Z</time>
      </trkpt>
      <trkpt lat="54.76071425713599" lon="25.375232342630625">
        <ele>118.0</ele>
        <time>2021-10-08T20:35:03.522Z</time>
      </trkpt>
      <trkpt lat="54.76069732569158" lon="25.37525799125433">
        <ele>118.0</ele>
        <time>2021-10-08T20:35:08.796Z</time>
      </trkpt>
      <trkpt lat="54.76061845198274" lon="25.375404255464673">
        <ele>118.0</ele>
        <time>2021-10-08T20:35:14.074Z</time>
      </trkpt>
      <trkpt lat="54.76054351776838" lon="25.375561667606235">
        <ele>118.0</ele>
        <time>2021-10-08T20:35:19.357Z</time>
      </trkpt>
      <trkpt lat="54.76040353998542" lon="25.375795103609562">
        <ele>118.0</ele>
        <time>2021-10-08T20:35:24.648Z</time>
      </trkpt>
      <trkpt lat="54.760327683761716" lon="25.37599333561957">
        <ele>118.0</ele>
        <time>2021-10-08T20:35:29.944Z</time>
      </trkpt>
      <trkpt lat="54.76025886833668" lon="25.376118728891015">
        <ele>118.0</ele>
        <time>2021-10-08T20:35:35.244Z</time>
      </trkpt>
      <trkpt lat="54.760245122015476" lon="25.376144209876657">
        <ele>118.0</ele>
        <time>2021-10-08T20:35:40.545Z</time>
      </trkpt>
      <trkpt lat="54.76014303043485" lon="25.37632810883224">
        <ele>118.0</ele>
        <time>2021-10-08T20:35:45.851Z</time>
      </trkpt>
      <trkpt lat="54.76005166769028" lon="25.376462219282985">
        <ele>118.0</ele>
        <time>2021-10-08T20:35:51.162Z</time>
      </trkpt>
      <trkpt lat="54.760020235553384" lon="25.376545786857605">
        <ele>118.0</ele>
        <time>2021-10-08T20:35:56.475Z</time>
      </trkpt>
      <trkpt lat="54.75989601574838" lon="25.3767307754606">
        <ele>119.0</ele>
        <time>2021-10-08T20:36:01.795Z</time>
      </trkpt>
      <trkpt lat="54.759769113734365" lon="25.376850217580795">
        <ele>119.0</ele>
        <time>2021-10-08T20:36:07.120Z</time>
      </trkpt>
      <trkpt lat="54.7597414534539" lon="25.3768655564636">
        <ele>119.0</ele>
        <time>2021-10-08T20:36:12.447Z</time>
      </trkpt>
      <trkpt lat="54.759616646915674" lon="25.376953650265932">
        <ele>120.0</ele>
        <time>2021-10-08T20:36:17.779Z</time>
      </trkpt>
      <trkpt lat="54.759534168988466" lon="25.3770175203681">
        <ele>120.0</ele>
        <time>2021-10-08T20:36:23.114Z</time>
      </trkpt>
      <trkpt lat="54.759436855092645" lon="25.377093879505992">
        <ele>120.0</ele>
        <time>2021-10-08T20:36:28.454Z</time>
      </trkpt>
      <trkpt lat="54.75928648374975" lon="25.377249866724014">
        <ele>120.0</ele>
        <time>2021-10-08T20:36:33.800Z</time>
      </trkpt>
      <trkpt lat="54.759166203439236" lon="25.377428317442536">
        <ele>121.0</ele>
        <time>2021-10-08T20:36:39.153Z</time>
      </trkpt>
      <trkpt lat="54.75913041271269" lon="25.377463521435857">
        <ele>121.0</ele>
        <time>2021-10-08T20:36:44.507Z</time>
      </trkpt>
      <trkpt lat="54.75905514322221" lon="25.377569887787104">
        <ele>121.0</ele>
        <time>2021-10-08T20:36:49.865Z</time>
      </trkpt>
      <trkpt lat="54.7590196877718" lon="25.37763618864119">
        <ele>122.0</ele>
        <time>2021-10-08T20:36:55.225Z</time>
      </trkpt>
      <trkpt lat="54.75889580324292" lon="25.377789912745357">
        <ele>122.0</ele>
        <time>2021-10-08T20:37:00.591Z</time>
      </trkpt>
      <trkpt lat="54.75873436778784" lon="25.378010775893927">
        <ele>122.0</ele>
        <time>2021-10-08T20:37:05.965Z</time>
      </trkpt>
      <trkpt lat="54.75868868641555" lon="25.378059893846512">
        <ele>122.0</ele>
        <time>2021-10-08T20:37:11.341Z</time>
      </trkpt>
      <trkpt lat="54.75858500227332" lon="25.378198781982064">
        <ele>122.0</ele>
        <time>2021-10-08T20:37:16.722Z</time>
      </trkpt>
      <trkpt lat="54.7584617882967" lon="25.378375723958015">
        <ele>122.0</ele>
        <time>2021-10-08T20:37:22.110Z</time>
      </trkpt>
      <trkpt lat="54.75830898620188" lon="25.378501871600747">
        <ele>122.0</ele>
        <time>2021-10-08T20:37:27.504Z</time>
      </trkpt>
      <trkpt lat="54.75815928541124" lon="25.378580996766686">
        <ele>123.0</ele>
        <time>2021-10-08T20:37:32.904Z</time>
      </trkpt>
      <trkpt lat="54.75806691683829" lon="25.378634221851826">
        <ele>123.0</ele>
        <time>2021-10-08T20:37:38.308Z</time>
      </trkpt>
      <trkpt lat="54.75796231068671" lon="25.37873069755733">
        <ele>123.0</ele>
        <time>2021-10-08T20:37:43.717Z</time>
      </trkpt>
      <trkpt lat="54.75779861211777" lon="25.378812002018094">
        <ele>123.0</ele>
        <time>2021-10-08T20:37:49.133Z</time>
      </trkpt>
      <trkpt lat="54.7576501686126" lon="25.37891987711191">
        <ele>123.0</ele>
        <time>2021-10-08T20:37:54.555Z</time>
      </trkpt>
      <trkpt lat="54.75762150250375" lon="25.378939574584365">
        <ele>123.0</ele>
        <time>2021-10-08T20:37:59.978Z</time>
      </trkpt>
      <trkpt lat="54.75756852887571" lon="25.378986513242126">
        <ele>123.0</ele>
        <time>2021-10-08T20:38:05.403Z</time>
      </trkpt>
      <trkpt lat="54.75750155746937" lon="25.379018280655146">
        <ele>123.0</ele>
        <time>2021-10-08T20:38:10.831Z</time>
      </trkpt>
      <trkpt lat="54.75746895186603" lon="25.37903068587184">
        <ele>123.0</ele>
        <time>2021-10-08T20:38:16.260Z</time>
      </trkpt>
      <trkpt lat="54.75743475370109" lon="25.379043761640787">
        <ele>123.0</ele>
        <time>2021-10-08T20:38:21.691Z</time>
      </trkpt>
      <trkpt lat="54.75740449503064" lon="25.379051053896546">
        <ele>123.0</ele>
        <time>2021-10-08T20:38:27.123Z</time>
      </trkpt>
      <trkpt lat="54.757372895255685" lon="25.379059435799718">
        <ele>124.0</ele>
        <time>2021-10-08T20:38:32.556Z</time>
      </trkpt>
      <trkpt lat="54.757342552766204" lon="25.37906597368419">
        <ele>124.0</ele>
        <time>2021-10-08T20:38:37.990Z</time>
      </trkpt>
      <trkpt lat="54.7573187481612" lon="25.37906924262643">
        <ele>124.0</ele>
        <time>2021-10-08T20:38:43.425Z</time>
      </trkpt>
      <trkpt lat="54.75728807039559" lon="25.379087179899216">
        <ele>124.0</ele>
        <time>2021-10-08T20:38:48.862Z</time>
      </trkpt>
      <trkpt lat="54.75722981616855" lon="25.379107212647796">
        <ele>124.0</ele>
        <time>2021-10-08T20:38:54.301Z</time>
      </trkpt>
      <trkpt lat="54.75710484199226" lon="25.37917242385447">
        <ele>123.0</ele>
        <time>2021-10-08T20:38:59.745Z</time>
      </trkpt>
      <trkpt lat="54.75706687197089" lon="25.37918910384178">
        <ele>123.0</ele>
        <time>2021-10-08T20:39:05.191Z</time>
      </trkpt>
      <trkpt lat="54.756901329383254" lon="25.3792745154351">
        <ele>124.0</ele>
        <time>2021-10-08T20:39:10.643Z</time>
      </trkpt>
      <trkpt lat="54.756760094314814" lon="25.379345174878836">
        <ele>124.0</ele>
        <time>2021-10-08T20:39:16.101Z</time>
      </trkpt>
      <trkpt lat="54.75660586729646" lon="25.379404686391354">
        <ele>124.0</ele>
        <time>2021-10-08T20:39:21.565Z</time>
      </trkpt>
      <trkpt lat="54.756463626399636" lon="25.37949345074594">
        <ele>124.0</ele>
        <time>2021-10-08T20:39:27.035Z</time>
      </trkpt>
      <trkpt lat="54.75632851012051" lon="25.37960685789585">
        <ele>124.0</ele>
        <time>2021-10-08T20:39:32.511Z</time>
      </trkpt>
      <trkpt lat="54.756284169852734" lon="25.379646588116884">
        <ele>124.0</ele>
        <time>2021-10-08T20:39:37.989Z</time>
      </trkpt>
      <trkpt lat="54.75626296363771" lon="25.37966008298099">
        <ele>124.0</ele>
        <time>2021-10-08T20:39:43.468Z</time>
      </trkpt>
      <trkpt lat="54.75621476769447" lon="25.379671650007367">
        <ele>124.0</ele>
        <time>2021-10-08T20:39:48.949Z</time>
      </trkpt>
      <trkpt lat="54.75593799725175" lon="25.379809867590666">
        <ele>124.0</ele>
        <time>2021-10-08T20:39:54.441Z</time>
      </trkpt>
      <trkpt lat="54.75578838028014" lon="25.37994439713657">
        <ele>125.0</ele>
        <time>2021-10-08T20:39:59.940Z</time>
      </trkpt>
      <trkpt lat="54.7556365840137" lon="25.38003726862371">
        <ele>125.0</ele>
        <time>2021-10-08T20:40:05.445Z</time>
      </trkpt>
      <trkpt lat="54.75543474778533" lon="25.380174312740564">
        <ele>125.0</ele>
        <time>2021-10-08T20:40:10.959Z</time>
      </trkpt>
      <trkpt lat="54.75540214218199" lon="25.380178671330214">
        <ele>125.0</ele>
        <time>2021-10-08T20:40:16.474Z</time>
      </trkpt>
      <trkpt lat="54.755214639008045" lon="25.380202056840062">
        <ele>125.0</ele>
        <time>2021-10-08T20:40:21.996Z</time>
      </trkpt>
      <trkpt lat="54.75502512417734" lon="25.38014925085008">
        <ele>126.0</ele>
        <time>2021-10-08T20:40:27.526Z</time>
      </trkpt>
      <trkpt lat="54.75488740950823" lon="25.380083872005343">
        <ele>126.0</ele>
        <time>2021-10-08T20:40:33.061Z</time>
      </trkpt>
      <trkpt lat="54.75479227490723" lon="25.380034586414695">
        <ele>127.0</ele>
        <time>2021-10-08T20:40:38.600Z</time>
      </trkpt>
      <trkpt lat="54.7546177636832" lon="25.3799341712147">
        <ele>127.0</ele>
        <time>2021-10-08T20:40:44.147Z</time>
      </trkpt>
      <trkpt lat="54.754462111741304" lon="25.379805006086826">
        <ele>127.0</ele>
        <time>2021-10-08T20:40:49.700Z</time>
      </trkpt>
      <trkpt lat="54.75431878119707" lon="25.3796164970845">
        <ele>126.0</ele>
        <time>2021-10-08T20:40:55.260Z</time>
      </trkpt>
      <trkpt lat="54.754186514765024" lon="25.379373924806714">
        <ele>127.0</ele>
        <time>2021-10-08T20:41:00.828Z</time>
      </trkpt>
      <trkpt lat="54.75408484227955" lon="25.379183990880847">
        <ele>127.0</ele>
        <time>2021-10-08T20:41:06.402Z</time>
      </trkpt>
      <trkpt lat="54.75398191250861" lon="25.378954578191042">
        <ele>127.0</ele>
        <time>2021-10-08T20:41:11.982Z</time>
      </trkpt>
      <trkpt lat="54.75392055697739" lon="25.378697253763676">
        <ele>127.0</ele>
        <time>2021-10-08T20:41:17.569Z</time>
      </trkpt>
      <trkpt lat="54.75388694554567" lon="25.378540009260178">
        <ele>128.0</ele>
        <time>2021-10-08T20:41:23.159Z</time>
      </trkpt>
      <trkpt lat="54.753837743774056" lon="25.37838427349925">
        <ele>128.0</ele>
        <time>2021-10-08T20:41:28.753Z</time>
      </trkpt>
      <trkpt lat="54.75373833440244" lon="25.378206996247172">
        <ele>127.0</ele>
        <time>2021-10-08T20:41:34.353Z</time>
      </trkpt>
      <trkpt lat="54.75361512042582" lon="25.37796601653099">
        <ele>127.0</ele>
        <time>2021-10-08T20:41:39.960Z</time>
      </trkpt>
      <trkpt lat="54.75349484011531" lon="25.377677008509636">
        <ele>127.0</ele>
        <time>2021-10-08T20:41:45.575Z</time>
      </trkpt>
      <trkpt lat="54.7534488234669" lon="25.377488918602467">
        <ele>126.0</ele>
        <time>2021-10-08T20:41:51.195Z</time>
      </trkpt>
      <trkpt lat="54.75342845544219" lon="25.37727266550064">
        <ele>125.0</ele>
        <time>2021-10-08T20:41:56.820Z</time>
      </trkpt>
      <trkpt lat="54.753388641402125" lon="25.37703269161284">
        <ele>125.0</ele>
        <time>2021-10-08T20:42:02.451Z</time>
      </trkpt>
      <trkpt lat="54.75337405689061" lon="25.37697804160416">
        <ele>125.0</ele>
        <time>2021-10-08T20:42:08.083Z</time>
      </trkpt>
      <trkpt lat="54.753300631418824" lon="25.376738402992487">
        <ele>125.0</ele>
        <time>2021-10-08T20:42:13.721Z</time>
      </trkpt>
      <trkpt lat="54.753170209005475" lon="25.376552995294333">
        <ele>125.0</ele>
        <time>2021-10-08T20:42:19.366Z</time>
      </trkpt>
      <trkpt lat="54.75314397364855" lon="25.376510079950094">
        <ele>124.0</ele>
        <time>2021-10-08T20:42:25.012Z</time>
      </trkpt>
      <trkpt lat="54.75306333974004" lon="25.376390302553773">
        <ele>123.0</ele>
        <time>2021-10-08T20:42:30.662Z</time>
      </trkpt>
      <trkpt lat="54.7530101146549" lon="25.37631536833942">
        <ele>123.0</ele>
        <time>2021-10-08T20:42:36.315Z</time>
      </trkpt>
      <trkpt lat="54.75294515490532" lon="25.376193579286337">
        <ele>122.0</ele>
        <time>2021-10-08T20:42:41.972Z</time>
      </trkpt>
      <trkpt lat="54.752921015024185" lon="25.376149406656623">
        <ele>122.0</ele>
        <time>2021-10-08T20:42:47.630Z</time>
      </trkpt>
      <trkpt lat="54.75285773165524" lon="25.3760124463588">
        <ele>122.0</ele>
        <time>2021-10-08T20:42:53.292Z</time>
      </trkpt>
      <trkpt lat="54.75281079299748" lon="25.3759278729558">
        <ele>121.0</ele>
        <time>2021-10-08T20:42:58.957Z</time>
      </trkpt>
      <trkpt lat="54.75266176275909" lon="25.375687731429935">
        <ele>121.0</ele>
        <time>2021-10-08T20:43:04.630Z</time>
      </trkpt>
      <trkpt lat="54.75256210193038" lon="25.37558153271675">
        <ele>121.0</ele>
        <time>2021-10-08T20:43:10.307Z</time>
      </trkpt>
      <trkpt lat="54.75240024738014" lon="25.375396041199565">
        <ele>121.0</ele>
        <time>2021-10-08T20:43:15.992Z</time>
      </trkpt>
      <trkpt lat="54.75230905227363" lon="25.375219266861677">
        <ele>122.0</ele>
        <time>2021-10-08T20:43:21.682Z</time>
      </trkpt>
      <trkpt lat="54.752248618751764" lon="25.375090604647994">
        <ele>122.0</ele>
        <time>2021-10-08T20:43:27.376Z</time>
      </trkpt>
      <trkpt lat="54.752208134159446" lon="25.3749867528677">
        <ele>123.0</ele>
        <time>2021-10-08T20:43:33.073Z</time>
      </trkpt>
      <trkpt lat="54.75219799205661" lon="25.37494425661862">
        <ele>123.0</ele>
        <time>2021-10-08T20:43:38.771Z</time>
      </trkpt>
      <trkpt lat="54.75215490907431" lon="25.374806625768542">
        <ele>124.0</ele>
        <time>2021-10-08T20:43:44.473Z</time>
      </trkpt>
      <trkpt lat="54.752138648182154" lon="25.37477376870811">
        <ele>125.0</ele>
        <time>2021-10-08T20:43:50.176Z</time>
      </trkpt>
      <trkpt lat="54.75206019356847" lon="25.37468676455319">
        <ele>126.0</ele>
        <time>2021-10-08T20:43:55.882Z</time>
      </trkpt>
      <trkpt lat="54.75197872146964" lon="25.37461400963366">
        <ele>127.0</ele>
        <time>2021-10-08T20:44:01.592Z</time>
      </trkpt>
      <trkpt lat="54.75193480029702" lon="25.374581990763545">
        <ele>127.0</ele>
        <time>2021-10-08T20:44:07.304Z</time>
      </trkpt>
      <trkpt lat="54.75175199098885" lon="25.374472439289093">
        <ele>127.0</ele>
        <time>2021-10-08T20:44:13.023Z</time>
      </trkpt>
      <trkpt lat="54.75158250890672" lon="25.374379064887762">
        <ele>128.0</ele>
        <time>2021-10-08T20:44:18.749Z</time>
      </trkpt>
      <trkpt lat="54.7514127753675" lon="25.37427730858326">
        <ele>128.0</ele>
        <time>2021-10-08T20:44:24.482Z</time>
      </trkpt>
      <trkpt lat="54.75128863938153" lon="25.37415568716824">
        <ele>127.0</ele>
        <time>2021-10-08T20:44:30.221Z</time>
      </trkpt>
      <trkpt lat="54.751155534759164" lon="25.37397396750748">
        <ele>127.0</ele>
        <time>2021-10-08T20:44:35.966Z</time>
      </trkpt>
      <trkpt lat="54.7510034032166" lon="25.373822087422013">
        <ele>127.0</ele>
        <time>2021-10-08T20:44:41.718Z</time>
      </trkpt>
      <trkpt lat="54.75098026916385" lon="25.37379015237093">
        <ele>127.0</ele>
        <time>2021-10-08T20:44:47.472Z</time>
      </trkpt>
      <trkpt lat="54.75084791891277" lon="25.37355654872954">
        <ele>127.0</ele>
        <time>2021-10-08T20:44:53.233Z</time>
      </trkpt>
      <trkpt lat="54.75070056505501" lon="25.37332160398364">
        <ele>128.0</ele>
        <time>2021-10-08T20:44:59.002Z</time>
      </trkpt>
      <trkpt lat="54.75067407824099" lon="25.373279778286815">
        <ele>128.0</ele>
        <time>2021-10-08T20:45:04.772Z</time>
      </trkpt>
      <trkpt lat="54.75055715069175" lon="25.37308950908482">
        <ele>128.0</ele>
        <time>2021-10-08T20:45:10.548Z</time>
      </trkpt>
      <trkpt lat="54.75041524507105" lon="25.372916841879487">
        <ele>128.0</ele>
        <time>2021-10-08T20:45:16.331Z</time>
      </trkpt>
      <trkpt lat="54.75031382404268" lon="25.37285096012056">
        <ele>128.0</ele>
        <time>2021-10-08T20:45:22.119Z</time>
      </trkpt>
      <trkpt lat="54.75019320845604" lon="25.372775522992015">
        <ele>127.0</ele>
        <time>2021-10-08T20:45:27.912Z</time>
      </trkpt>
      <trkpt lat="54.750137804076076" lon="25.372758843004704">
        <ele>128.0</ele>
        <time>2021-10-08T20:45:33.707Z</time>
      </trkpt>
      <trkpt lat="54.75006370805204" lon="25.37275230512023">
        <ele>128.0</ele>
        <time>2021-10-08T20:45:39.505Z</time>
      </trkpt>
      <trkpt lat="54.74995382130146" lon="25.372735541313887">
        <ele>128.0</ele>
        <time>2021-10-08T20:45:45.307Z</time>
      </trkpt>
      <trkpt lat="54.74980738945305" lon="25.372696733102202">
        <ele>128.0</ele>
        <time>2021-10-08T20:45:51.115Z</time>
      </trkpt>
      <trkpt lat="54.74970068782568" lon="25.372679634019732">
        <ele>129.0</ele>
        <time>2021-10-08T20:45:56.927Z</time>
      </trkpt>
      <trkpt lat="54.74967478774488" lon="25.372680388391018">
        <ele>129.0</ele>
        <time>2021-10-08T20:46:02.740Z</time>
      </trkpt>
      <trkpt lat="54.749648636206985" lon="25.37267904728651">
        <ele>129.0</ele>
        <time>2021-10-08T20:46:08.554Z</time>
      </trkpt>
      <trkpt lat="54.74949214607477" lon="25.372686088085175">
        <ele>130.0</ele>
        <time>2021-10-08T20:46:14.374Z</time>
      </trkpt>
      <trkpt lat="54.74946892820299" lon="25.372689943760633">
        <ele>130.0</ele>
        <time>2021-10-08T20:46:20.195Z</time>
      </trkpt>
      <trkpt lat="54.74933733232319" lon="25.372747611254454">
        <ele>130.0</ele>
        <time>2021-10-08T20:46:26.021Z</time>
      </trkpt>
      <trkpt lat="54.74921269342303" lon="25.372801506891847">
        <ele>131.0</ele>
        <time>2021-10-08T20:46:31.852Z</time>
      </trkpt>
      <trkpt lat="54.74918025545776" lon="25.37280661985278">
        <ele>131.0</ele>
        <time>2021-10-08T20:46:37.685Z</time>
      </trkpt>
      <trkpt lat="54.74910699762404" lon="25.372786168009043">
        <ele>131.0</ele>
        <time>2021-10-08T20:46:43.521Z</time>
      </trkpt>
      <trkpt lat="54.74907824769616" lon="25.37276504561305">
        <ele>131.0</ele>
        <time>2021-10-08T20:46:49.358Z</time>
      </trkpt>
      <trkpt lat="54.74903306923807" lon="25.37273428402841">
        <ele>132.0</ele>
        <time>2021-10-08T20:46:55.197Z</time>
      </trkpt>
      <trkpt lat="54.748938186094165" lon="25.372658343985677">
        <ele>133.0</ele>
        <time>2021-10-08T20:47:01.040Z</time>
      </trkpt>
      <trkpt lat="54.748794101178646" lon="25.37248936481774">
        <ele>133.0</ele>
        <time>2021-10-08T20:47:06.890Z</time>
      </trkpt>
      <trkpt lat="54.74872436374426" lon="25.372398337349296">
        <ele>134.0</ele>
        <time>2021-10-08T20:47:12.743Z</time>
      </trkpt>
      <trkpt lat="54.74870391190052" lon="25.37236589938402">
        <ele>134.0</ele>
        <time>2021-10-08T20:47:18.597Z</time>
      </trkpt>
      <trkpt lat="54.74865395575762" lon="25.37226556800306">
        <ele>135.0</ele>
        <time>2021-10-08T20:47:24.454Z</time>
      </trkpt>
      <trkpt lat="54.748610034585" lon="25.372159704566002">
        <ele>136.0</ele>
        <time>2021-10-08T20:47:30.314Z</time>
      </trkpt>
      <trkpt lat="54.74859796464443" lon="25.372125171124935">
        <ele>136.0</ele>
        <time>2021-10-08T20:47:36.175Z</time>
      </trkpt>
      <trkpt lat="54.74857390858233" lon="25.372056607156992">
        <ele>137.0</ele>
        <time>2021-10-08T20:47:42.038Z</time>
      </trkpt>
      <trkpt lat="54.74856418557465" lon="25.372037831693888">
        <ele>137.0</ele>
        <time>2021-10-08T20:47:47.901Z</time>
      </trkpt>
      <trkpt lat="54.748531160876155" lon="25.37197245284915">
        <ele>138.0</ele>
        <time>2021-10-08T20:47:53.766Z</time>
      </trkpt>
      <trkpt lat="54.748506266623735" lon="25.37191964685917">
        <ele>139.0</ele>
        <time>2021-10-08T20:47:59.633Z</time>
      </trkpt>
      <trkpt lat="54.7484942805022" lon="25.37189232185483">
        <ele>139.0</ele>
        <time>2021-10-08T20:48:05.501Z</time>
      </trkpt>
      <trkpt lat="54.74842839874327" lon="25.371768604964018">
        <ele>140.0</ele>
        <time>2021-10-08T20:48:11.373Z</time>
      </trkpt>
      <trkpt lat="54.748415825888515" lon="25.37174429744482">
        <ele>140.0</ele>
        <time>2021-10-08T20:48:17.245Z</time>
      </trkpt>
      <trkpt lat="54.74836670793593" lon="25.371639020740986">
        <ele>140.0</ele>
        <time>2021-10-08T20:48:23.120Z</time>
      </trkpt>
      <trkpt lat="54.74834332242608" lon="25.371584622189403">
        <ele>140.0</ele>
        <time>2021-10-08T20:48:28.997Z</time>
      </trkpt>
      <trkpt lat="54.74831197410822" lon="25.371527709066868">
        <ele>141.0</ele>
        <time>2021-10-08T20:48:34.876Z</time>
      </trkpt>
      <trkpt lat="54.748291186988354" lon="25.371497701853514">
        <ele>141.0</ele>
        <time>2021-10-08T20:48:40.756Z</time>
      </trkpt>
      <trkpt lat="54.74824491888285" lon="25.37143064662814">
        <ele>141.0</ele>
        <time>2021-10-08T20:48:46.638Z</time>
      </trkpt>
      <trkpt lat="54.748210972175" lon="25.371364261955023">
        <ele>141.0</ele>
        <time>2021-10-08T20:48:52.522Z</time>
      </trkpt>
      <trkpt lat="54.748162776231766" lon="25.37118723616004">
        <ele>142.0</ele>
        <time>2021-10-08T20:48:58.411Z</time>
      </trkpt>
      <trkpt lat="54.74815330468118" lon="25.371154211461544">
        <ele>142.0</ele>
        <time>2021-10-08T20:49:04.300Z</time>
      </trkpt>
      <trkpt lat="54.74812681786716" lon="25.371102327480912">
        <ele>142.0</ele>
        <time>2021-10-08T20:49:10.191Z</time>
      </trkpt>
      <trkpt lat="54.748093793168664" lon="25.371052958071232">
        <ele>142.0</ele>
        <time>2021-10-08T20:49:16.084Z</time>
      </trkpt>
      <trkpt lat="54.7480539791286" lon="25.370997050777078">
        <ele>142.0</ele>
        <time>2021-10-08T20:49:21.979Z</time>
      </trkpt>
      <trkpt lat="54.74804610013962" lon="25.37098011933267">
        <ele>143.0</ele>
        <time>2021-10-08T20:49:27.874Z</time>
      </trkpt>
      <trkpt lat="54.74803562276065" lon="25.370943322777748">
        <ele>143.0</ele>
        <time>2021-10-08T20:49:33.770Z</time>
      </trkpt>
      <trkpt lat="54.74801508709788" lon="25.370907029137015">
        <ele>143.0</ele>
        <time>2021-10-08T20:49:39.667Z</time>
      </trkpt>
      <trkpt lat="54.7480056155473" lon="25.370888505131006">
        <ele>143.0</ele>
        <time>2021-10-08T20:49:45.565Z</time>
      </trkpt>
      <trkpt lat="54.747957000508904" lon="25.37077040411532">
        <ele>143.0</ele>
        <time>2021-10-08T20:49:51.466Z</time>
      </trkpt>
      <trkpt lat="54.74793277680874" lon="25.37073235027492">
        <ele>143.0</ele>
        <time>2021-10-08T20:49:57.368Z</time>
      </trkpt>
      <trkpt lat="54.74789732135832" lon="25.37066051736474">
        <ele>143.0</ele>
        <time>2021-10-08T20:50:03.272Z</time>
      </trkpt>
      <trkpt lat="54.747882736846805" lon="25.370631432160735">
        <ele>143.0</ele>
        <time>2021-10-08T20:50:09.177Z</time>
      </trkpt>
      <trkpt lat="54.74786974489689" lon="25.37060377188027">
        <ele>143.0</ele>
        <time>2021-10-08T20:50:15.083Z</time>
      </trkpt>
      <trkpt lat="54.74780537188053" lon="25.370443258434534">
        <ele>143.0</ele>
        <time>2021-10-08T20:50:20.994Z</time>
      </trkpt>
      <trkpt lat="54.74777637049556" lon="25.37037461064756">
        <ele>143.0</ele>
        <time>2021-10-08T20:50:26.907Z</time>
      </trkpt>
      <trkpt lat="54.74774368107319" lon="25.370317697525024">
        <ele>142.0</ele>
        <time>2021-10-08T20:50:32.821Z</time>
      </trkpt>
      <trkpt lat="54.74772725254297" lon="25.370288025587797">
        <ele>142.0</ele>
        <time>2021-10-08T20:50:38.736Z</time>
      </trkpt>
      <trkpt lat="54.74764209240675" lon="25.370124327018857">
        <ele>142.0</ele>
        <time>2021-10-08T20:50:44.656Z</time>
      </trkpt>
      <trkpt lat="54.74756590090692" lon="25.369973368942738">
        <ele>143.0</ele>
        <time>2021-10-08T20:50:50.581Z</time>
      </trkpt>
      <trkpt lat="54.747497672215104" lon="25.369830206036568">
        <ele>143.0</ele>
        <time>2021-10-08T20:50:56.510Z</time>
      </trkpt>
      <trkpt lat="54.74741896614432" lon="25.369715206325054">
        <ele>143.0</ele>
        <time>2021-10-08T20:51:02.443Z</time>
      </trkpt>
      <trkpt lat="54.74733556620777" lon="25.36954488605261">
        <ele>142.0</ele>
        <time>2021-10-08T20:51:08.381Z</time>
      </trkpt>
      <trkpt lat="54.74723741412163" lon="25.369284795597196">
        <ele>143.0</ele>
        <time>2021-10-08T20:51:14.326Z</time>
      </trkpt>
      <trkpt lat="54.74715191870928" lon="25.369126796722412">
        <ele>143.0</ele>
        <time>2021-10-08T20:51:20.276Z</time>
      </trkpt>
      <trkpt lat="54.74711252376437" lon="25.369045324623585">
        <ele>143.0</ele>
        <time>2021-10-08T20:51:26.228Z</time>
      </trkpt>
      <trkpt lat="54.74707907997072" lon="25.368981705978513">
        <ele>143.0</ele>
        <time>2021-10-08T20:51:32.182Z</time>
      </trkpt>
      <trkpt lat="54.74704655818641" lon="25.368915237486362">
        <ele>143.0</ele>
        <time>2021-10-08T20:51:38.138Z</time>
      </trkpt>
      <trkpt lat="54.74699961952865" lon="25.36882228218019">
        <ele>143.0</ele>
        <time>2021-10-08T20:51:44.097Z</time>
      </trkpt>
      <trkpt lat="54.74687833338976" lon="25.368612818419933">
        <ele>143.0</ele>
        <time>2021-10-08T20:51:50.063Z</time>
      </trkpt>
      <trkpt lat="54.746757466346025" lon="25.368440318852663">
        <ele>143.0</ele>
        <time>2021-10-08T20:51:56.035Z</time>
      </trkpt>
      <trkpt lat="54.74663400091231" lon="25.36841617897153">
        <ele>143.0</ele>
        <time>2021-10-08T20:52:02.012Z</time>
      </trkpt>
      <trkpt lat="54.746479354798794" lon="25.368422968313098">
        <ele>143.0</ele>
        <time>2021-10-08T20:52:07.995Z</time>
      </trkpt>
      <trkpt lat="54.74640198983252" lon="25.368439396843314">
        <ele>143.0</ele>
        <time>2021-10-08T20:52:13.981Z</time>
      </trkpt>
      <trkpt lat="54.746358655393124" lon="25.36845532245934">
        <ele>143.0</ele>
        <time>2021-10-08T20:52:19.969Z</time>
      </trkpt>
      <trkpt lat="54.74633895792067" lon="25.3684557415545">
        <ele>143.0</ele>
        <time>2021-10-08T20:52:25.958Z</time>
      </trkpt>
      <trkpt lat="54.74625052884221" lon="25.36845238879323">
        <ele>144.0</ele>
        <time>2021-10-08T20:52:31.950Z</time>
      </trkpt>
      <trkpt lat="54.74618498235941" lon="25.36845440044999">
        <ele>144.0</ele>
        <time>2021-10-08T20:52:37.945Z</time>
      </trkpt>
      <trkpt lat="54.74610527046025" lon="25.368433529511094">
        <ele>144.0</ele>
        <time>2021-10-08T20:52:43.943Z</time>
      </trkpt>
      <trkpt lat="54.74606336094439" lon="25.36842598579824">
        <ele>144.0</ele>
        <time>2021-10-08T20:52:49.942Z</time>
      </trkpt>
      <trkpt lat="54.7460419870913" lon="25.368423722684383">
        <ele>144.0</ele>
        <time>2021-10-08T20:52:55.942Z</time>
      </trkpt>
      <trkpt lat="54.74595833569765" lon="25.368415592238307">
        <ele>144.0</ele>
        <time>2021-10-08T20:53:01.945Z</time>
      </trkpt>
      <trkpt lat="54.745863704010844" lon="25.36840494722128">
        <ele>144.0</ele>
        <time>2021-10-08T20:53:07.952Z</time>
      </trkpt>
      <trkpt lat="54.74583579227328" lon="25.368407545611262">
        <ele>143.0</ele>
        <time>2021-10-08T20:53:13.960Z</time>
      </trkpt>
      <trkpt lat="54.745810478925705" lon="25.368403773754835">
        <ele>143.0</ele>
        <time>2021-10-08T20:53:19.969Z</time>
      </trkpt>
      <trkpt lat="54.74575457163155" lon="25.368399918079376">
        <ele>144.0</ele>
        <time>2021-10-08T20:53:25.980Z</time>
      </trkpt>
      <trkpt lat="54.74572825245559" lon="25.368397990241647">
        <ele>144.0</ele>
        <time>2021-10-08T20:53:31.993Z</time>
      </trkpt>
      <trkpt lat="54.74570092745125" lon="25.36839480511844">
        <ele>144.0</ele>
        <time>2021-10-08T20:53:38.007Z</time>
      </trkpt>
      <trkpt lat="54.74565524607897" lon="25.368398493155837">
        <ele>144.0</ele>
        <time>2021-10-08T20:53:44.022Z</time>
      </trkpt>
      <trkpt lat="54.745636470615864" lon="25.368398493155837">
        <ele>144.0</ele>
        <time>2021-10-08T20:53:50.038Z</time>
      </trkpt>
      <trkpt lat="54.7456138394773" lon="25.368401845917106">
        <ele>144.0</ele>
        <time>2021-10-08T20:53:56.055Z</time>
      </trkpt>
      <trkpt lat="54.74549716338515" lon="25.368454568088055">
        <ele>144.0</ele>
        <time>2021-10-08T20:54:02.077Z</time>
      </trkpt>
      <trkpt lat="54.74533287808299" lon="25.368468649685383">
        <ele>144.0</ele>
        <time>2021-10-08T20:54:08.105Z</time>
      </trkpt>
      <trkpt lat="54.74515090696514" lon="25.368516761809587">
        <ele>144.0</ele>
        <time>2021-10-08T20:54:14.140Z</time>
      </trkpt>
      <trkpt lat="54.745130287483335" lon="25.368523132055998">
        <ele>144.0</ele>
        <time>2021-10-08T20:54:20.176Z</time>
      </trkpt>
      <trkpt lat="54.74503272213042" lon="25.368520701304078">
        <ele>144.0</ele>
        <time>2021-10-08T20:54:26.216Z</time>
      </trkpt>
      <trkpt lat="54.744866928085685" lon="25.36847585812211">
        <ele>144.0</ele>
        <time>2021-10-08T20:54:32.263Z</time>
      </trkpt>
      <trkpt lat="54.7448349930346" lon="25.36845624446869">
        <ele>144.0</ele>
        <time>2021-10-08T20:54:38.311Z</time>
      </trkpt>
      <trkpt lat="54.74477053619921" lon="25.368420369923115">
        <ele>144.0</ele>
        <time>2021-10-08T20:54:44.362Z</time>
      </trkpt>
      <trkpt lat="54.74472929723561" lon="25.36834836937487">
        <ele>144.0</ele>
        <time>2021-10-08T20:54:50.415Z</time>
      </trkpt>
      <trkpt lat="54.74471094086766" lon="25.368147287517786">
        <ele>145.0</ele>
        <time>2021-10-08T20:54:56.472Z</time>
      </trkpt>
      <trkpt lat="54.74471194669604" lon="25.36804871633649">
        <ele>145.0</ele>
        <time>2021-10-08T20:55:02.532Z</time>
      </trkpt>
      <trkpt lat="54.74470314569771" lon="25.367890549823642">
        <ele>144.0</ele>
        <time>2021-10-08T20:55:08.595Z</time>
      </trkpt>
      <trkpt lat="54.744691075757146" lon="25.367622831836343">
        <ele>145.0</ele>
        <time>2021-10-08T20:55:14.664Z</time>
      </trkpt>
      <trkpt lat="54.74466886371374" lon="25.367501126602292">
        <ele>144.0</ele>
        <time>2021-10-08T20:55:20.736Z</time>
      </trkpt>
      <trkpt lat="54.74466132000089" lon="25.367423174902797">
        <ele>144.0</ele>
        <time>2021-10-08T20:55:26.810Z</time>
      </trkpt>
      <trkpt lat="54.744653692469" lon="25.367150343954563">
        <ele>144.0</ele>
        <time>2021-10-08T20:55:32.890Z</time>
      </trkpt>
      <trkpt lat="54.74462863057852" lon="25.366816660389304">
        <ele>145.0</ele>
        <time>2021-10-08T20:55:38.978Z</time>
      </trkpt>
      <trkpt lat="54.74457557313144" lon="25.366564029827714">
        <ele>145.0</ele>
        <time>2021-10-08T20:55:45.072Z</time>
      </trkpt>
      <trkpt lat="54.744541961699724" lon="25.366311818361282">
        <ele>144.0</ele>
        <time>2021-10-08T20:55:51.172Z</time>
      </trkpt>
      <trkpt lat="54.744520923122764" lon="25.36600722000003">
        <ele>144.0</ele>
        <time>2021-10-08T20:55:57.279Z</time>
      </trkpt>
      <trkpt lat="54.74450306966901" lon="25.365796079859138">
        <ele>144.0</ele>
        <time>2021-10-08T20:56:03.391Z</time>
      </trkpt>
      <trkpt lat="54.744473565369844" lon="25.365654844790697">
        <ele>144.0</ele>
        <time>2021-10-08T20:56:09.506Z</time>
      </trkpt>
      <trkpt lat="54.74446753039956" lon="25.36556172184646">
        <ele>144.0</ele>
        <time>2021-10-08T20:56:15.623Z</time>
      </trkpt>
      <trkpt lat="54.744444312527776" lon="25.36535209044814">
        <ele>144.0</ele>
        <time>2021-10-08T20:56:21.745Z</time>
      </trkpt>
      <trkpt lat="54.744409527629614" lon="25.3651125356555">
        <ele>144.0</ele>
        <time>2021-10-08T20:56:27.873Z</time>
      </trkpt>
      <trkpt lat="54.74439091980457" lon="25.36487809382379">
        <ele>144.0</ele>
        <time>2021-10-08T20:56:34.006Z</time>
      </trkpt>
      <trkpt lat="54.7443188354373" lon="25.364748677238822">
        <ele>144.0</ele>
        <time>2021-10-08T20:56:40.143Z</time>
      </trkpt>
      <trkpt lat="54.74419662728906" lon="25.36465572193265">
        <ele>144.0</ele>
        <time>2021-10-08T20:56:46.285Z</time>
      </trkpt>
      <trkpt lat="54.74408087320626" lon="25.364593528211117">
        <ele>144.0</ele>
        <time>2021-10-08T20:56:52.432Z</time>
      </trkpt>
      <trkpt lat="54.743934106081724" lon="25.364501914009452">
        <ele>145.0</ele>
        <time>2021-10-08T20:56:58.585Z</time>
      </trkpt>
      <trkpt lat="54.74384056404233" lon="25.364446928724647">
        <ele>145.0</ele>
        <time>2021-10-08T20:57:04.742Z</time>
      </trkpt>
      <trkpt lat="54.743816843256354" lon="25.364433182403445">
        <ele>145.0</ele>
        <time>2021-10-08T20:57:10.900Z</time>
      </trkpt>
      <trkpt lat="54.74367259070277" lon="25.364344837144017">
        <ele>145.99</ele>
        <time>2021-10-08T20:57:17.064Z</time>
      </trkpt>
      <trkpt lat="54.743672674521804" lon="25.36434492096305">
        <ele>146.0</ele>
        <time>2021-10-08T20:57:23.228Z</time>
      </trkpt>
      <trkpt lat="54.74352775141597" lon="25.364236207678914">
        <ele>146.0</ele>
        <time>2021-10-08T20:57:29.398Z</time>
      </trkpt>
      <trkpt lat="54.7435072157532" lon="25.36422179080546">
        <ele>146.0</ele>
        <time>2021-10-08T20:57:35.569Z</time>
      </trkpt>
      <trkpt lat="54.74344183690846" lon="25.36417108029127">
        <ele>146.0</ele>
        <time>2021-10-08T20:57:41.743Z</time>
      </trkpt>
      <trkpt lat="54.74331124685705" lon="25.364110646769404">
        <ele>147.0</ele>
        <time>2021-10-08T20:57:47.922Z</time>
      </trkpt>
      <trkpt lat="54.74324201233685" lon="25.364079466089606">
        <ele>147.0</ele>
        <time>2021-10-08T20:57:54.104Z</time>
      </trkpt>
      <trkpt lat="54.743159115314484" lon="25.36403562873602">
        <ele>148.0</ele>
        <time>2021-10-08T20:58:00.289Z</time>
      </trkpt>
      <trkpt lat="54.743041852489114" lon="25.36394476890564">
        <ele>148.0</ele>
        <time>2021-10-08T20:58:06.479Z</time>
      </trkpt>
      <trkpt lat="54.74296004511416" lon="25.36388525739312">
        <ele>148.0</ele>
        <time>2021-10-08T20:58:12.673Z</time>
      </trkpt>
      <trkpt lat="54.742911513894796" lon="25.363859105855227">
        <ele>148.0</ele>
        <time>2021-10-08T20:58:18.869Z</time>
      </trkpt>
      <trkpt lat="54.74280321970582" lon="25.363815687596798">
        <ele>149.0</ele>
        <time>2021-10-08T20:58:25.069Z</time>
      </trkpt>
      <trkpt lat="54.742692997679114" lon="25.363753996789455">
        <ele>149.0</ele>
        <time>2021-10-08T20:58:31.274Z</time>
      </trkpt>
      <trkpt lat="54.74261471070349" lon="25.363709153607488">
        <ele>150.0</ele>
        <time>2021-10-08T20:58:37.482Z</time>
      </trkpt>
      <trkpt lat="54.74255402572453" lon="25.363677721470594">
        <ele>150.0</ele>
        <time>2021-10-08T20:58:43.692Z</time>
      </trkpt>
      <trkpt lat="54.74248135462403" lon="25.363631704822183">
        <ele>151.0</ele>
        <time>2021-10-08T20:58:49.906Z</time>
      </trkpt>
      <trkpt lat="54.74237750284374" lon="25.363549143075943">
        <ele>151.0</ele>
        <time>2021-10-08T20:58:56.124Z</time>
      </trkpt>
      <trkpt lat="54.74224506877363" lon="25.363424755632877">
        <ele>151.0</ele>
        <time>2021-10-08T20:59:02.348Z</time>
      </trkpt>
      <trkpt lat="54.74221112206578" lon="25.36340095102787">
        <ele>151.0</ele>
        <time>2021-10-08T20:59:08.573Z</time>
      </trkpt>
      <trkpt lat="54.74215085618198" lon="25.363371865823865">
        <ele>152.0</ele>
        <time>2021-10-08T20:59:14.801Z</time>
      </trkpt>
      <trkpt lat="54.74202546291053" lon="25.36331403069198">
        <ele>152.0</ele>
        <time>2021-10-08T20:59:21.034Z</time>
      </trkpt>
      <trkpt lat="54.741983972489834" lon="25.363297518342733">
        <ele>152.0</ele>
        <time>2021-10-08T20:59:27.269Z</time>
      </trkpt>
      <trkpt lat="54.74193066358566" lon="25.36324798129499">
        <ele>153.0</ele>
        <time>2021-10-08T20:59:33.506Z</time>
      </trkpt>
      <trkpt lat="54.741882383823395" lon="25.363211603835225">
        <ele>153.0</ele>
        <time>2021-10-08T20:59:39.745Z</time>
      </trkpt>
      <trkpt lat="54.741797391325235" lon="25.363167515024543">
        <ele>153.0</ele>
        <time>2021-10-08T20:59:45.987Z</time>
      </trkpt>
      <trkpt lat="54.741724552586675" lon="25.36312837153673">
        <ele>154.0</ele>
        <time>2021-10-08T20:59:52.232Z</time>
      </trkpt>
      <trkpt lat="54.741677111014724" lon="25.363113451749086">
        <ele>154.0</ele>
        <time>2021-10-08T20:59:58.479Z</time>
      </trkpt>
      <trkpt lat="54.741531098261476" lon="25.36309601739049">
        <ele>154.0</ele>
        <time>2021-10-08T21:00:04.732Z</time>
      </trkpt>
      <trkpt lat="54.74148985929787" lon="25.363093921914697">
        <ele>155.0</ele>
        <time>2021-10-08T21:00:10.987Z</time>
      </trkpt>
      <trkpt lat="54.74141148850322" lon="25.363092245534062">
        <ele>156.0</ele>
        <time>2021-10-08T21:00:17.245Z</time>
      </trkpt>
      <trkpt lat="54.74139413796365" lon="25.363094843924046">
        <ele>156.0</ele>
        <time>2021-10-08T21:00:23.503Z</time>
      </trkpt>
      <trkpt lat="54.7413054574281" lon="25.36312736570835">
        <ele>157.0</ele>
        <time>2021-10-08T21:00:29.765Z</time>
      </trkpt>
      <trkpt lat="54.74129523150623" lon="25.363140609115362">
        <ele>157.0</ele>
        <time>2021-10-08T21:00:36.028Z</time>
      </trkpt>
      <trkpt lat="54.74128911271691" lon="25.363166509196162">
        <ele>157.0</ele>
        <time>2021-10-08T21:00:42.291Z</time>
      </trkpt>
      <trkpt lat="54.74128567613661" lon="25.363197857514024">
        <ele>157.0</ele>
        <time>2021-10-08T21:00:48.555Z</time>
      </trkpt>
      <trkpt lat="54.7412861790508" lon="25.36331051029265">
        <ele>157.0</ele>
        <time>2021-10-08T21:00:54.821Z</time>
      </trkpt>
      <trkpt lat="54.74130931310356" lon="25.363522237166762">
        <ele>158.0</ele>
        <time>2021-10-08T21:01:01.092Z</time>
      </trkpt>
      <trkpt lat="54.741355665028095" lon="25.363711835816503">
        <ele>157.0</ele>
        <time>2021-10-08T21:01:07.368Z</time>
      </trkpt>
      <trkpt lat="54.7413831576705" lon="25.363918533548713">
        <ele>158.0</ele>
        <time>2021-10-08T21:01:13.649Z</time>
      </trkpt>
      <trkpt lat="54.74138952791691" lon="25.36406697705388">
        <ele>158.0</ele>
        <time>2021-10-08T21:01:19.933Z</time>
      </trkpt>
      <trkpt lat="54.74138583987951" lon="25.364115927368402">
        <ele>158.0</ele>
        <time>2021-10-08T21:01:26.218Z</time>
      </trkpt>
      <trkpt lat="54.74137586541474" lon="25.364196645095944">
        <ele>158.0</ele>
        <time>2021-10-08T21:01:32.505Z</time>
      </trkpt>
      <trkpt lat="54.74134602583945" lon="25.364317009225488">
        <ele>159.0</ele>
        <time>2021-10-08T21:01:38.795Z</time>
      </trkpt>
      <trkpt lat="54.741316102445126" lon="25.364387165755033">
        <ele>159.0</ele>
        <time>2021-10-08T21:01:45.087Z</time>
      </trkpt>
      <trkpt lat="54.741262374445796" lon="25.364488000050187">
        <ele>160.0</ele>
        <time>2021-10-08T21:01:51.382Z</time>
      </trkpt>
      <trkpt lat="54.741182243451476" lon="25.364514654502273">
        <ele>160.0</ele>
        <time>2021-10-08T21:01:57.680Z</time>
      </trkpt>
      <trkpt lat="54.7411601152271" lon="25.364527478814125">
        <ele>161.0</ele>
        <time>2021-10-08T21:02:03.979Z</time>
      </trkpt>
      <trkpt lat="54.74103203974664" lon="25.36454684101045">
        <ele>161.0</ele>
        <time>2021-10-08T21:02:10.283Z</time>
      </trkpt>
      <trkpt lat="54.741004295647144" lon="25.36454876884818">
        <ele>162.0</ele>
        <time>2021-10-08T21:02:16.588Z</time>
      </trkpt>
      <trkpt lat="54.74090212024748" lon="25.364560671150684">
        <ele>162.0</ele>
        <time>2021-10-08T21:02:22.897Z</time>
      </trkpt>
      <trkpt lat="54.74088334478438" lon="25.364564275369048">
        <ele>163.0</ele>
        <time>2021-10-08T21:02:29.207Z</time>
      </trkpt>
      <trkpt lat="54.740839675068855" lon="25.36457659676671">
        <ele>164.0</ele>
        <time>2021-10-08T21:02:35.519Z</time>
      </trkpt>
      <trkpt lat="54.74082492291927" lon="25.364581290632486">
        <ele>165.0</ele>
        <time>2021-10-08T21:02:41.832Z</time>
      </trkpt>
      <trkpt lat="54.740808410570025" lon="25.36458288319409">
        <ele>165.0</ele>
        <time>2021-10-08T21:02:48.145Z</time>
      </trkpt>
      <trkpt lat="54.740795250982046" lon="25.364586990326643">
        <ele>165.0</ele>
        <time>2021-10-08T21:02:54.459Z</time>
      </trkpt>
      <trkpt lat="54.74072366952896" lon="25.364628061652184">
        <ele>166.0</ele>
        <time>2021-10-08T21:03:00.776Z</time>
      </trkpt>
      <trkpt lat="54.74071285687387" lon="25.364627977833152">
        <ele>166.0</ele>
        <time>2021-10-08T21:03:07.093Z</time>
      </trkpt>
      <trkpt lat="54.740654015913606" lon="25.364639712497592">
        <ele>167.0</ele>
        <time>2021-10-08T21:03:13.412Z</time>
      </trkpt>
      <trkpt lat="54.740616884082556" lon="25.364640802145004">
        <ele>168.0</ele>
        <time>2021-10-08T21:03:19.733Z</time>
      </trkpt>
      <trkpt lat="54.74059668369591" lon="25.3646410536021">
        <ele>168.0</ele>
        <time>2021-10-08T21:03:26.055Z</time>
      </trkpt>
      <trkpt lat="54.740572376176715" lon="25.364643149077892">
        <ele>169.0</ele>
        <time>2021-10-08T21:03:32.378Z</time>
      </trkpt>
      <trkpt lat="54.740558713674545" lon="25.3646410536021">
        <ele>169.0</ele>
        <time>2021-10-08T21:03:38.701Z</time>
      </trkpt>
      <trkpt lat="54.74054119549692" lon="25.364637952297926">
        <ele>169.0</ele>
        <time>2021-10-08T21:03:45.025Z</time>
      </trkpt>
      <trkpt lat="54.74050138145685" lon="25.364629654213786">
        <ele>170.0</ele>
        <time>2021-10-08T21:03:51.350Z</time>
      </trkpt>
      <trkpt lat="54.74043876864016" lon="25.364602161571383">
        <ele>170.0</ele>
        <time>2021-10-08T21:03:57.678Z</time>
      </trkpt>
      <trkpt lat="54.7404021397233" lon="25.364556312561035">
        <ele>171.0</ele>
        <time>2021-10-08T21:04:04.008Z</time>
      </trkpt>
      <trkpt lat="54.74034648388624" lon="25.36452773027122">
        <ele>171.0</ele>
        <time>2021-10-08T21:04:10.340Z</time>
      </trkpt>
      <trkpt lat="54.740308513864875" lon="25.364497723057866">
        <ele>172.0</ele>
        <time>2021-10-08T21:04:16.674Z</time>
      </trkpt>
      <trkpt lat="54.74026886746287" lon="25.364440893754363">
        <ele>172.0</ele>
        <time>2021-10-08T21:04:23.010Z</time>
      </trkpt>
      <trkpt lat="54.74023927934468" lon="25.364411557093263">
        <ele>173.0</ele>
        <time>2021-10-08T21:04:29.347Z</time>
      </trkpt>
      <trkpt lat="54.74019963294268" lon="25.364405857399106">
        <ele>174.0</ele>
        <time>2021-10-08T21:04:35.686Z</time>
      </trkpt>
      <trkpt lat="54.740167278796434" lon="25.364386746659875">
        <ele>174.0</ele>
        <time>2021-10-08T21:04:42.026Z</time>
      </trkpt>
      <trkpt lat="54.740100055933" lon="25.36435372196138">
        <ele>175.0</ele>
        <time>2021-10-08T21:04:48.369Z</time>
      </trkpt>
      <trkpt lat="54.740054877474904" lon="25.36433913744986">
        <ele>177.0</ele>
        <time>2021-10-08T21:04:54.713Z</time>
      </trkpt>
      <trkpt lat="54.74004238843918" lon="25.364370066672564">
        <ele>177.0</ele>
        <time>2021-10-08T21:05:01.058Z</time>
      </trkpt>
      <trkpt lat="54.740028558298945" lon="25.364417172968388">
        <ele>178.0</ele>
        <time>2021-10-08T21:05:07.404Z</time>
      </trkpt>
      <trkpt lat="54.740023612976074" lon="25.364512307569385">
        <ele>178.0</ele>
        <time>2021-10-08T21:05:13.753Z</time>
      </trkpt>
      <trkpt lat="54.74000466987491" lon="25.36460836417973">
        <ele>178.0</ele>
        <time>2021-10-08T21:05:20.104Z</time>
      </trkpt>
      <trkpt lat="54.73998924717307" lon="25.364724537357688">
        <ele>177.0</ele>
        <time>2021-10-08T21:05:26.458Z</time>
      </trkpt>
      <trkpt lat="54.73998723551631" lon="25.364749431610107">
        <ele>177.0</ele>
        <time>2021-10-08T21:05:32.812Z</time>
      </trkpt>
      <trkpt lat="54.74000274203718" lon="25.364924864843488">
        <ele>177.0</ele>
        <time>2021-10-08T21:05:39.170Z</time>
      </trkpt>
      <trkpt lat="54.74000274203718" lon="25.364950010553002">
        <ele>178.0</ele>
        <time>2021-10-08T21:05:45.529Z</time>
      </trkpt>
      <trkpt lat="54.73998379893601" lon="25.365004828199744">
        <ele>178.0</ele>
        <time>2021-10-08T21:05:51.889Z</time>
      </trkpt>
      <trkpt lat="54.739972315728664" lon="25.365023016929626">
        <ele>178.0</ele>
        <time>2021-10-08T21:05:58.250Z</time>
      </trkpt>
      <trkpt lat="54.739897130057216" lon="25.36508764140308">
        <ele>178.0</ele>
        <time>2021-10-08T21:06:04.614Z</time>
      </trkpt>
      <trkpt lat="54.73987977951765" lon="25.365100717172027">
        <ele>178.0</ele>
        <time>2021-10-08T21:06:10.979Z</time>
      </trkpt>
      <trkpt lat="54.73982102237642" lon="25.365124102681875">
        <ele>179.0</ele>
        <time>2021-10-08T21:06:17.346Z</time>
      </trkpt>
      <trkpt lat="54.739790512248874" lon="25.36513810046017">
        <ele>179.0</ele>
        <time>2021-10-08T21:06:23.714Z</time>
      </trkpt>
      <trkpt lat="54.739768048748374" lon="25.365145057439804">
        <ele>180.0</ele>
        <time>2021-10-08T21:06:30.083Z</time>
      </trkpt>
      <trkpt lat="54.739691857248545" lon="25.365150086581707">
        <ele>180.0</ele>
        <time>2021-10-08T21:06:36.455Z</time>
      </trkpt>
      <trkpt lat="54.7396439127624" lon="25.365136843174696">
        <ele>181.0</ele>
        <time>2021-10-08T21:06:42.829Z</time>
      </trkpt>
      <trkpt lat="54.73958280868828" lon="25.365146650001407">
        <ele>182.0</ele>
        <time>2021-10-08T21:06:49.206Z</time>
      </trkpt>
      <trkpt lat="54.73956353031099" lon="25.365161821246147">
        <ele>183.0</ele>
        <time>2021-10-08T21:06:55.583Z</time>
      </trkpt>
      <trkpt lat="54.73953335545957" lon="25.36517523229122">
        <ele>183.0</ele>
        <time>2021-10-08T21:07:01.962Z</time>
      </trkpt>
      <trkpt lat="54.7395162563771" lon="25.365179758518934">
        <ele>184.0</ele>
        <time>2021-10-08T21:07:08.341Z</time>
      </trkpt>
      <trkpt lat="54.73948381841183" lon="25.365188056603074">
        <ele>184.0</ele>
        <time>2021-10-08T21:07:14.722Z</time>
      </trkpt>
      <trkpt lat="54.739434868097305" lon="25.36520347930491">
        <ele>184.0</ele>
        <time>2021-10-08T21:07:21.105Z</time>
      </trkpt>
      <trkpt lat="54.73936563357711" lon="25.365220410749316">
        <ele>185.0</ele>
        <time>2021-10-08T21:07:27.490Z</time>
      </trkpt>
      <trkpt lat="54.73933537490666" lon="25.365231642499566">
        <ele>186.0</ele>
        <time>2021-10-08T21:07:33.877Z</time>
      </trkpt>
      <trkpt lat="54.73927862942219" lon="25.365258967503905">
        <ele>187.0</ele>
        <time>2021-10-08T21:07:40.266Z</time>
      </trkpt>
      <trkpt lat="54.73926689475775" lon="25.365266343578696">
        <ele>187.0</ele>
        <time>2021-10-08T21:07:46.655Z</time>
      </trkpt>
      <trkpt lat="54.7391710896045" lon="25.365305989980698">
        <ele>188.0</ele>
        <time>2021-10-08T21:07:53.048Z</time>
      </trkpt>
      <trkpt lat="54.739124067127705" lon="25.36531294696033">
        <ele>189.0</ele>
        <time>2021-10-08T21:07:59.443Z</time>
      </trkpt>
      <trkpt lat="54.739115349948406" lon="25.36531294696033">
        <ele>189.0</ele>
        <time>2021-10-08T21:08:05.838Z</time>
      </trkpt>
      <trkpt lat="54.739103028550744" lon="25.365319568663836">
        <ele>189.0</ele>
        <time>2021-10-08T21:08:12.234Z</time>
      </trkpt>
      <trkpt lat="54.73904904909432" lon="25.365331135690212">
        <ele>189.0</ele>
        <time>2021-10-08T21:08:18.632Z</time>
      </trkpt>
      <trkpt lat="54.73903597332537" lon="25.36533926613629">
        <ele>189.0</ele>
        <time>2021-10-08T21:08:25.031Z</time>
      </trkpt>
      <trkpt lat="54.73895223811269" lon="25.36541512235999">
        <ele>190.0</ele>
        <time>2021-10-08T21:08:31.433Z</time>
      </trkpt>
      <trkpt lat="54.73893815651536" lon="25.365421324968338">
        <ele>190.0</ele>
        <time>2021-10-08T21:08:37.836Z</time>
      </trkpt>
      <trkpt lat="54.73881452344358" lon="25.365397688001394">
        <ele>189.0</ele>
        <time>2021-10-08T21:08:44.244Z</time>
      </trkpt>
      <trkpt lat="54.738712683320045" lon="25.36529098637402">
        <ele>189.0</ele>
        <time>2021-10-08T21:08:50.656Z</time>
      </trkpt>
      <trkpt lat="54.73869734443724" lon="25.36524069495499">
        <ele>189.0</ele>
        <time>2021-10-08T21:08:57.070Z</time>
      </trkpt>
      <trkpt lat="54.73868158645928" lon="25.365134328603745">
        <ele>190.0</ele>
        <time>2021-10-08T21:09:03.486Z</time>
      </trkpt>
      <trkpt lat="54.738672534003854" lon="25.365102142095566">
        <ele>190.0</ele>
        <time>2021-10-08T21:09:09.903Z</time>
      </trkpt>
      <trkpt lat="54.73865174688399" lon="25.36504128947854">
        <ele>190.0</ele>
        <time>2021-10-08T21:09:16.322Z</time>
      </trkpt>
      <trkpt lat="54.738641269505024" lon="25.36500851623714">
        <ele>191.0</ele>
        <time>2021-10-08T21:09:22.741Z</time>
      </trkpt>
      <trkpt lat="54.73860556259751" lon="25.364893348887563">
        <ele>191.0</ele>
        <time>2021-10-08T21:09:29.163Z</time>
      </trkpt>
      <trkpt lat="54.7385925706476" lon="25.364855295047164">
        <ele>191.0</ele>
        <time>2021-10-08T21:09:35.586Z</time>
      </trkpt>
      <trkpt lat="54.73856717348099" lon="25.364777091890574">
        <ele>192.0</ele>
        <time>2021-10-08T21:09:42.011Z</time>
      </trkpt>
      <trkpt lat="54.73853607662022" lon="25.36468204110861">
        <ele>192.0</ele>
        <time>2021-10-08T21:09:48.439Z</time>
      </trkpt>
      <trkpt lat="54.738512774929404" lon="25.364592354744673">
        <ele>192.0</ele>
        <time>2021-10-08T21:09:54.869Z</time>
      </trkpt>
      <trkpt lat="54.73847597837448" lon="25.36448716185987">
        <ele>192.0</ele>
        <time>2021-10-08T21:10:01.302Z</time>
      </trkpt>
      <trkpt lat="54.73840741440654" lon="25.36432589404285">
        <ele>193.0</ele>
        <time>2021-10-08T21:10:07.739Z</time>
      </trkpt>
      <trkpt lat="54.73834924399853" lon="25.364139564335346">
        <ele>193.0</ele>
        <time>2021-10-08T21:10:14.181Z</time>
      </trkpt>
      <trkpt lat="54.73832141608" lon="25.363885927945375">
        <ele>192.0</ele>
        <time>2021-10-08T21:10:20.629Z</time>
      </trkpt>
      <trkpt lat="54.73824145272374" lon="25.363591639325023">
        <ele>192.0</ele>
        <time>2021-10-08T21:10:27.084Z</time>
      </trkpt>
      <trkpt lat="54.73815838806331" lon="25.363304475322366">
        <ele>192.0</ele>
        <time>2021-10-08T21:10:33.547Z</time>
      </trkpt>
      <trkpt lat="54.73809510469437" lon="25.36311856471002">
        <ele>191.0</ele>
        <time>2021-10-08T21:10:40.015Z</time>
      </trkpt>
      <trkpt lat="54.73801866173744" lon="25.362905580550432">
        <ele>191.0</ele>
        <time>2021-10-08T21:10:46.488Z</time>
      </trkpt>
      <trkpt lat="54.737977841869" lon="25.36274129524827">
        <ele>191.0</ele>
        <time>2021-10-08T21:10:52.965Z</time>
      </trkpt>
      <trkpt lat="54.73791439086199" lon="25.362528394907713">
        <ele>191.0</ele>
        <time>2021-10-08T21:10:59.448Z</time>
      </trkpt>
      <trkpt lat="54.737891256809235" lon="25.362448766827583">
        <ele>191.0</ele>
        <time>2021-10-08T21:11:05.933Z</time>
      </trkpt>
      <trkpt lat="54.73787147551775" lon="25.36227123811841">
        <ele>191.0</ele>
        <time>2021-10-08T21:11:12.422Z</time>
      </trkpt>
      <trkpt lat="54.73781380802393" lon="25.361997401341796">
        <ele>191.0</ele>
        <time>2021-10-08T21:11:18.918Z</time>
      </trkpt>
      <trkpt lat="54.73777391016483" lon="25.36186127923429">
        <ele>190.0</ele>
        <time>2021-10-08T21:11:25.417Z</time>
      </trkpt>
      <trkpt lat="54.73773317411542" lon="25.361699759960175">
        <ele>190.0</ele>
        <time>2021-10-08T21:11:31.920Z</time>
      </trkpt>
      <trkpt lat="54.73770811222494" lon="25.361621556803584">
        <ele>189.0</ele>
        <time>2021-10-08T21:11:38.425Z</time>
      </trkpt>
      <trkpt lat="54.73768254742026" lon="25.361540419980884">
        <ele>189.0</ele>
        <time>2021-10-08T21:11:44.932Z</time>
      </trkpt>
      <trkpt lat="54.73765974864364" lon="25.36146649159491">
        <ele>189.0</ele>
        <time>2021-10-08T21:11:51.441Z</time>
      </trkpt>
      <trkpt lat="54.73760174587369" lon="25.36129734478891">
        <ele>189.0</ele>
        <time>2021-10-08T21:11:57.954Z</time>
      </trkpt>
      <trkpt lat="54.73759202286601" lon="25.361258033663034">
        <ele>189.0</ele>
        <time>2021-10-08T21:12:04.468Z</time>
      </trkpt>
      <trkpt lat="54.73754558712244" lon="25.361041948199272">
        <ele>188.0</ele>
        <time>2021-10-08T21:12:10.988Z</time>
      </trkpt>
      <trkpt lat="54.73752614110708" lon="25.360950585454702">
        <ele>188.0</ele>
        <time>2021-10-08T21:12:17.510Z</time>
      </trkpt>
      <trkpt lat="54.73750074394047" lon="25.36085268482566">
        <ele>187.0</ele>
        <time>2021-10-08T21:12:24.034Z</time>
      </trkpt>
      <trkpt lat="54.737454978749156" lon="25.360709354281425">
        <ele>186.0</ele>
        <time>2021-10-08T21:12:30.562Z</time>
      </trkpt>
      <trkpt lat="54.73738976754248" lon="25.360475666821003">
        <ele>186.0</ele>
        <time>2021-10-08T21:12:37.096Z</time>
      </trkpt>
      <trkpt lat="54.73737954162061" lon="25.360437193885446">
        <ele>186.0</ele>
        <time>2021-10-08T21:12:43.631Z</time>
      </trkpt>
      <trkpt lat="54.737321538850665" lon="25.36018288694322">
        <ele>187.0</ele>
        <time>2021-10-08T21:12:50.172Z</time>
      </trkpt>
      <trkpt lat="54.73730477504432" lon="25.360106276348233">
        <ele>187.0</ele>
        <time>2021-10-08T21:12:56.715Z</time>
      </trkpt>
      <trkpt lat="54.7372901905328" lon="25.360025139525533">
        <ele>188.0</ele>
        <time>2021-10-08T21:13:03.260Z</time>
      </trkpt>
      <trkpt lat="54.737286418676376" lon="25.35998733714223">
        <ele>188.0</ele>
        <time>2021-10-08T21:13:09.806Z</time>
      </trkpt>
      <trkpt lat="54.73727091215551" lon="25.359919108450413">
        <ele>188.0</ele>
        <time>2021-10-08T21:13:16.353Z</time>
      </trkpt>
      <trkpt lat="54.73722456023097" lon="25.35980025306344">
        <ele>189.0</ele>
        <time>2021-10-08T21:13:22.904Z</time>
      </trkpt>
      <trkpt lat="54.73721265792847" lon="25.359777957201004">
        <ele>189.0</ele>
        <time>2021-10-08T21:13:29.455Z</time>
      </trkpt>
      <trkpt lat="54.73713713698089" lon="25.359659185633063">
        <ele>189.0</ele>
        <time>2021-10-08T21:13:36.010Z</time>
      </trkpt>
      <trkpt lat="54.73701979033649" lon="25.35950453951955">
        <ele>189.0</ele>
        <time>2021-10-08T21:13:42.571Z</time>
      </trkpt>
      <trkpt lat="54.73695424385369" lon="25.359372943639755">
        <ele>189.0</ele>
        <time>2021-10-08T21:13:49.136Z</time>
      </trkpt>
      <trkpt lat="54.736916525289416" lon="25.359304379671812">
        <ele>189.0</ele>
        <time>2021-10-08T21:13:55.703Z</time>
      </trkpt>
      <trkpt lat="54.73680001683533" lon="25.359132047742605">
        <ele>189.0</ele>
        <time>2021-10-08T21:14:02.276Z</time>
      </trkpt>
      <trkpt lat="54.736671689897776" lon="25.358932139351964">
        <ele>189.0</ele>
        <time>2021-10-08T21:14:08.856Z</time>
      </trkpt>
      <trkpt lat="54.7365686763078" lon="25.358717646449804">
        <ele>189.0</ele>
        <time>2021-10-08T21:14:15.442Z</time>
      </trkpt>
      <trkpt lat="54.736463064327836" lon="25.358507093042135">
        <ele>188.0</ele>
        <time>2021-10-08T21:14:22.035Z</time>
      </trkpt>
      <trkpt lat="54.73644521087408" lon="25.358472056686878">
        <ele>188.0</ele>
        <time>2021-10-08T21:14:28.629Z</time>
      </trkpt>
      <trkpt lat="54.73638544790447" lon="25.358340796083212">
        <ele>187.0</ele>
        <time>2021-10-08T21:14:35.226Z</time>
      </trkpt>
      <trkpt lat="54.736349657177925" lon="25.358261335641146">
        <ele>187.0</ele>
        <time>2021-10-08T21:14:41.826Z</time>
      </trkpt>
      <trkpt lat="54.73628779873252" lon="25.35813351161778">
        <ele>187.0</ele>
        <time>2021-10-08T21:14:48.430Z</time>
      </trkpt>
      <trkpt lat="54.73618562333286" lon="25.357893956825137">
        <ele>187.0</ele>
        <time>2021-10-08T21:14:55.040Z</time>
      </trkpt>
      <trkpt lat="54.736064421013" lon="25.35767426714301">
        <ele>186.0</ele>
        <time>2021-10-08T21:15:01.657Z</time>
      </trkpt>
      <trkpt lat="54.73597750067711" lon="25.357484836131334">
        <ele>187.0</ele>
        <time>2021-10-08T21:15:08.280Z</time>
      </trkpt>
      <trkpt lat="54.73587004467845" lon="25.357340080663562">
        <ele>187.0</ele>
        <time>2021-10-08T21:15:14.908Z</time>
      </trkpt>
      <trkpt lat="54.73578781820834" lon="25.357202449813485">
        <ele>187.0</ele>
        <time>2021-10-08T21:15:21.540Z</time>
      </trkpt>
      <trkpt lat="54.73569033667445" lon="25.35701461136341">
        <ele>187.0</ele>
        <time>2021-10-08T21:15:28.178Z</time>
      </trkpt>
      <trkpt lat="54.735591346397996" lon="25.356851499527693">
        <ele>187.0</ele>
        <time>2021-10-08T21:15:34.822Z</time>
      </trkpt>
      <trkpt lat="54.73549855872989" lon="25.356581853702664">
        <ele>186.0</ele>
        <time>2021-10-08T21:15:41.473Z</time>
      </trkpt>
      <trkpt lat="54.73545530810952" lon="25.356469368562102">
        <ele>186.0</ele>
        <time>2021-10-08T21:15:48.127Z</time>
      </trkpt>
      <trkpt lat="54.73541331477463" lon="25.356396278366446">
        <ele>186.0</ele>
        <time>2021-10-08T21:15:54.783Z</time>
      </trkpt>
      <trkpt lat="54.73539018072188" lon="25.356355793774128">
        <ele>186.0</ele>
        <time>2021-10-08T21:16:01.440Z</time>
      </trkpt>
      <trkpt lat="54.73532471805811" lon="25.356227131560445">
        <ele>185.0</ele>
        <time>2021-10-08T21:16:08.101Z</time>
      </trkpt>
      <trkpt lat="54.73523243330419" lon="25.356071144342422">
        <ele>185.0</ele>
        <time>2021-10-08T21:16:14.767Z</time>
      </trkpt>
      <trkpt lat="54.735199408605695" lon="25.35600107163191">
        <ele>185.0</ele>
        <time>2021-10-08T21:16:21.435Z</time>
      </trkpt>
      <trkpt lat="54.73507929593325" lon="25.355796134099364">
        <ele>184.0</ele>
        <time>2021-10-08T21:16:28.110Z</time>
      </trkpt>
      <trkpt lat="54.73505255766213" lon="25.355730336159468">
        <ele>184.0</ele>
        <time>2021-10-08T21:16:34.787Z</time>
      </trkpt>
      <trkpt lat="54.73500947467983" lon="25.35562824457884">
        <ele>183.0</ele>
        <time>2021-10-08T21:16:41.467Z</time>
      </trkpt>
      <trkpt lat="54.73493336699903" lon="25.35544417798519">
        <ele>183.0</ele>
        <time>2021-10-08T21:16:48.152Z</time>
      </trkpt>
      <trkpt lat="54.7348933853209" lon="25.35536840558052">
        <ele>183.0</ele>
        <time>2021-10-08T21:16:54.839Z</time>
      </trkpt>
      <trkpt lat="54.734764974564314" lon="25.355166736990213">
        <ele>183.0</ele>
        <time>2021-10-08T21:17:01.533Z</time>
      </trkpt>
      <trkpt lat="54.73463295958936" lon="25.35493539646268">
        <ele>183.0</ele>
        <time>2021-10-08T21:17:08.234Z</time>
      </trkpt>
      <trkpt lat="54.73456188105047" lon="25.35476977005601">
        <ele>183.0</ele>
        <time>2021-10-08T21:17:14.940Z</time>
      </trkpt>
      <trkpt lat="54.734494825825095" lon="25.35456550307572">
        <ele>183.0</ele>
        <time>2021-10-08T21:17:21.651Z</time>
      </trkpt>
      <trkpt lat="54.73442483693361" lon="25.354365007951856">
        <ele>183.0</ele>
        <time>2021-10-08T21:17:28.368Z</time>
      </trkpt>
      <trkpt lat="54.734357949346304" lon="25.354162333533168">
        <ele>182.0</ele>
        <time>2021-10-08T21:17:35.090Z</time>
      </trkpt>
      <trkpt lat="54.73428309895098" lon="25.353935100138187">
        <ele>182.0</ele>
        <time>2021-10-08T21:17:41.818Z</time>
      </trkpt>
      <trkpt lat="54.73424328491092" lon="25.353768300265074">
        <ele>182.0</ele>
        <time>2021-10-08T21:17:48.550Z</time>
      </trkpt>
      <trkpt lat="54.734217217192054" lon="25.35367324948311">
        <ele>181.0</ele>
        <time>2021-10-08T21:17:55.284Z</time>
      </trkpt>
      <trkpt lat="54.734182516112924" lon="25.353576187044382">
        <ele>180.0</ele>
        <time>2021-10-08T21:18:02.021Z</time>
      </trkpt>
      <trkpt lat="54.734137086197734" lon="25.35345775075257">
        <ele>180.0</ele>
        <time>2021-10-08T21:18:08.761Z</time>
      </trkpt>
      <trkpt lat="54.7340783290565" lon="25.353334033861756">
        <ele>179.0</ele>
        <time>2021-10-08T21:18:15.505Z</time>
      </trkpt>
      <trkpt lat="54.73402175121009" lon="25.35321157425642">
        <ele>179.0</ele>
        <time>2021-10-08T21:18:22.252Z</time>
      </trkpt>
      <trkpt lat="54.73395561799407" lon="25.353114595636725">
        <ele>178.0</ele>
        <time>2021-10-08T21:18:29.003Z</time>
      </trkpt>
      <trkpt lat="54.73393022082746" lon="25.353097915649414">
        <ele>178.0</ele>
        <time>2021-10-08T21:18:35.755Z</time>
      </trkpt>
      <trkpt lat="54.733872804790735" lon="25.35306296311319">
        <ele>177.0</ele>
        <time>2021-10-08T21:18:42.509Z</time>
      </trkpt>
      <trkpt lat="54.733853191137314" lon="25.353058017790318">
        <ele>177.0</ele>
        <time>2021-10-08T21:18:49.264Z</time>
      </trkpt>
      <trkpt lat="54.733804324641824" lon="25.353047540411353">
        <ele>177.0</ele>
        <time>2021-10-08T21:18:56.021Z</time>
      </trkpt>
      <trkpt lat="54.73373224027455" lon="25.353029016405344">
        <ele>176.0</ele>
        <time>2021-10-08T21:19:02.781Z</time>
      </trkpt>
      <trkpt lat="54.73365219309926" lon="25.353018790483475">
        <ele>174.0</ele>
        <time>2021-10-08T21:19:09.544Z</time>
      </trkpt>
      <trkpt lat="54.73362905904651" lon="25.353014850988984">
        <ele>174.0</ele>
        <time>2021-10-08T21:19:16.308Z</time>
      </trkpt>
      <trkpt lat="54.73350316286087" lon="25.353013845160604">
        <ele>173.0</ele>
        <time>2021-10-08T21:19:23.077Z</time>
      </trkpt>
      <trkpt lat="54.73345220088959" lon="25.353020718321204">
        <ele>172.0</ele>
        <time>2021-10-08T21:19:29.848Z</time>
      </trkpt>
      <trkpt lat="54.73337257280946" lon="25.35302155651152">
        <ele>172.0</ele>
        <time>2021-10-08T21:19:36.622Z</time>
      </trkpt>
      <trkpt lat="54.73331649787724" lon="25.35303119570017">
        <ele>171.0</ele>
        <time>2021-10-08T21:19:43.398Z</time>
      </trkpt>
      <trkpt lat="54.73316805437207" lon="25.353013090789318">
        <ele>170.0</ele>
        <time>2021-10-08T21:19:50.180Z</time>
      </trkpt>
      <trkpt lat="54.73314014263451" lon="25.35300143994391">
        <ele>170.0</ele>
        <time>2021-10-08T21:19:56.963Z</time>
      </trkpt>
      <trkpt lat="54.73305665887892" lon="25.35294863395393">
        <ele>169.0</ele>
        <time>2021-10-08T21:20:03.749Z</time>
      </trkpt>
      <trkpt lat="54.73301416262984" lon="25.35292088985443">
        <ele>168.0</ele>
        <time>2021-10-08T21:20:10.537Z</time>
      </trkpt>
      <trkpt lat="54.73291877657175" lon="25.352859031409025">
        <ele>167.0</ele>
        <time>2021-10-08T21:20:17.329Z</time>
      </trkpt>
      <trkpt lat="54.73285381682217" lon="25.352840591222048">
        <ele>166.0</ele>
        <time>2021-10-08T21:20:24.124Z</time>
      </trkpt>
      <trkpt lat="54.732779301702976" lon="25.35278493538499">
        <ele>166.0</ele>
        <time>2021-10-08T21:20:30.922Z</time>
      </trkpt>
      <trkpt lat="54.73271392285824" lon="25.352729531005025">
        <ele>165.0</ele>
        <time>2021-10-08T21:20:37.723Z</time>
      </trkpt>
      <trkpt lat="54.73256405442953" lon="25.35264713689685">
        <ele>164.0</ele>
        <time>2021-10-08T21:20:44.530Z</time>
      </trkpt>
      <trkpt lat="54.732534382492304" lon="25.352630959823728">
        <ele>164.0</ele>
        <time>2021-10-08T21:20:51.338Z</time>
      </trkpt>
      <trkpt lat="54.73248476162553" lon="25.35253825597465">
        <ele>164.0</ele>
        <time>2021-10-08T21:20:58.149Z</time>
      </trkpt>
      <trkpt lat="54.73248199559748" lon="25.35249969922006">
        <ele>164.0</ele>
        <time>2021-10-08T21:21:04.961Z</time>
      </trkpt>
      <trkpt lat="54.73247839137912" lon="25.352229550480843">
        <ele>163.0</ele>
        <time>2021-10-08T21:21:11.779Z</time>
      </trkpt>
      <trkpt lat="54.73246824927628" lon="25.352143552154303">
        <ele>163.0</ele>
        <time>2021-10-08T21:21:18.599Z</time>
      </trkpt>
      <trkpt lat="54.73241846077144" lon="25.352028384804726">
        <ele>163.0</ele>
        <time>2021-10-08T21:21:25.422Z</time>
      </trkpt>
      <trkpt lat="54.73238275386393" lon="25.35200952552259">
        <ele>163.0</ele>
        <time>2021-10-08T21:21:32.247Z</time>
      </trkpt>
      <trkpt lat="54.7323237452656" lon="25.35200860351324">
        <ele>162.0</ele>
        <time>2021-10-08T21:21:39.074Z</time>
      </trkpt>
      <trkpt lat="54.73229558207095" lon="25.352011285722256">
        <ele>162.0</ele>
        <time>2021-10-08T21:21:45.902Z</time>
      </trkpt>
      <trkpt lat="54.732178654521704" lon="25.352016650140285">
        <ele>161.0</ele>
        <time>2021-10-08T21:21:52.735Z</time>
      </trkpt>
      <trkpt lat="54.73212090320885" lon="25.35201539285481">
        <ele>161.0</ele>
        <time>2021-10-08T21:21:59.570Z</time>
      </trkpt>
      <trkpt lat="54.732023840770125" lon="25.35199678502977">
        <ele>160.0</ele>
        <time>2021-10-08T21:22:06.409Z</time>
      </trkpt>
      <trkpt lat="54.73192912526429" lon="25.351996952667832">
        <ele>159.0</ele>
        <time>2021-10-08T21:22:13.252Z</time>
      </trkpt>
      <trkpt lat="54.73180825822055" lon="25.35202763043344">
        <ele>158.0</ele>
        <time>2021-10-08T21:22:20.099Z</time>
      </trkpt>
      <trkpt lat="54.73177841864526" lon="25.352035090327263">
        <ele>158.0</ele>
        <time>2021-10-08T21:22:26.948Z</time>
      </trkpt>
      <trkpt lat="54.73167473450303" lon="25.351998042315245">
        <ele>158.0</ele>
        <time>2021-10-08T21:22:33.801Z</time>
      </trkpt>
      <trkpt lat="54.731566524133086" lon="25.351816741749644">
        <ele>158.0</ele>
        <time>2021-10-08T21:22:40.660Z</time>
      </trkpt>
      <trkpt lat="54.73154732957482" lon="25.351765444502234">
        <ele>158.0</ele>
        <time>2021-10-08T21:22:47.520Z</time>
      </trkpt>
      <trkpt lat="54.73149209283292" lon="25.35162647254765">
        <ele>158.0</ele>
        <time>2021-10-08T21:22:54.384Z</time>
      </trkpt>
      <trkpt lat="54.73143425770104" lon="25.35137677565217">
        <ele>158.0</ele>
        <time>2021-10-08T21:23:01.254Z</time>
      </trkpt>
      <trkpt lat="54.73139067180455" lon="25.351142082363367">
        <ele>159.0</ele>
        <time>2021-10-08T21:23:08.129Z</time>
      </trkpt>
      <trkpt lat="54.73139410838485" lon="25.351079301908612">
        <ele>159.0</ele>
        <time>2021-10-08T21:23:15.006Z</time>
      </trkpt>
      <trkpt lat="54.73137273453176" lon="25.35095256753266">
        <ele>158.0</ele>
        <time>2021-10-08T21:23:21.886Z</time>
      </trkpt>
      <trkpt lat="54.731281539425254" lon="25.3507933113724">
        <ele>158.0</ele>
        <time>2021-10-08T21:23:28.771Z</time>
      </trkpt>
      <trkpt lat="54.731219010427594" lon="25.350694824010134">
        <ele>157.0</ele>
        <time>2021-10-08T21:23:35.659Z</time>
      </trkpt>
      <trkpt lat="54.7311598341912" lon="25.350557947531343">
        <ele>156.0</ele>
        <time>2021-10-08T21:23:42.551Z</time>
      </trkpt>
      <trkpt lat="54.73113778978586" lon="25.350518384948373">
        <ele>155.0</ele>
        <time>2021-10-08T21:23:49.444Z</time>
      </trkpt>
      <trkpt lat="54.731032848358154" lon="25.35035854205489">
        <ele>154.0</ele>
        <time>2021-10-08T21:23:56.343Z</time>
      </trkpt>
      <trkpt lat="54.730983059853315" lon="25.350256450474262">
        <ele>153.0</ele>
        <time>2021-10-08T21:24:03.245Z</time>
      </trkpt>
      <trkpt lat="54.73096042871475" lon="25.350211188197136">
        <ele>152.0</ele>
        <time>2021-10-08T21:24:10.148Z</time>
      </trkpt>
      <trkpt lat="54.73094777204096" lon="25.350184785202146">
        <ele>152.0</ele>
        <time>2021-10-08T21:24:17.052Z</time>
      </trkpt>
      <trkpt lat="54.73091156221926" lon="25.350091913715005">
        <ele>151.0</ele>
        <time>2021-10-08T21:24:23.959Z</time>
      </trkpt>
      <trkpt lat="54.73089714534581" lon="25.350057631731033">
        <ele>151.0</ele>
        <time>2021-10-08T21:24:30.867Z</time>
      </trkpt>
      <trkpt lat="54.73084542900324" lon="25.349944224581122">
        <ele>150.0</ele>
        <time>2021-10-08T21:24:37.778Z</time>
      </trkpt>
      <trkpt lat="54.730832017958164" lon="25.34991530701518">
        <ele>150.0</ele>
        <time>2021-10-08T21:24:44.690Z</time>
      </trkpt>
      <trkpt lat="54.730784660205245" lon="25.349738281220198">
        <ele>149.0</ele>
        <time>2021-10-08T21:24:51.606Z</time>
      </trkpt>
      <trkpt lat="54.7307784575969" lon="25.34968312829733">
        <ele>149.0</ele>
        <time>2021-10-08T21:24:58.523Z</time>
      </trkpt>
      <trkpt lat="54.73076638765633" lon="25.349477184936404">
        <ele>149.0</ele>
        <time>2021-10-08T21:25:05.445Z</time>
      </trkpt>
      <trkpt lat="54.7307713329792" lon="25.349440136924386">
        <ele>149.0</ele>
        <time>2021-10-08T21:25:12.368Z</time>
      </trkpt>
      <trkpt lat="54.730779714882374" lon="25.349155571311712">
        <ele>150.0</ele>
        <time>2021-10-08T21:25:19.297Z</time>
      </trkpt>
      <trkpt lat="54.73075658082962" lon="25.348988100886345">
        <ele>151.0</ele>
        <time>2021-10-08T21:25:26.230Z</time>
      </trkpt>
      <trkpt lat="54.73073252476752" lon="25.34890964627266">
        <ele>151.0</ele>
        <time>2021-10-08T21:25:33.165Z</time>
      </trkpt>
      <trkpt lat="54.73063889890909" lon="25.34878266043961">
        <ele>151.0</ele>
        <time>2021-10-08T21:25:40.105Z</time>
      </trkpt>
      <trkpt lat="54.730558851733804" lon="25.348678221926093">
        <ele>151.0</ele>
        <time>2021-10-08T21:25:47.049Z</time>
      </trkpt>
      <trkpt lat="54.73046137019992" lon="25.348563473671675">
        <ele>151.0</ele>
        <time>2021-10-08T21:25:53.998Z</time>
      </trkpt>
      <trkpt lat="54.73042725585401" lon="25.348510248586535">
        <ele>150.0</ele>
        <time>2021-10-08T21:26:00.948Z</time>
      </trkpt>
      <trkpt lat="54.73039439879358" lon="25.34846507012844">
        <ele>150.0</ele>
        <time>2021-10-08T21:26:07.900Z</time>
      </trkpt>
      <trkpt lat="54.73026347346604" lon="25.34831645898521">
        <ele>150.0</ele>
        <time>2021-10-08T21:26:14.858Z</time>
      </trkpt>
      <trkpt lat="54.73024402745068" lon="25.348298270255327">
        <ele>150.0</ele>
        <time>2021-10-08T21:26:21.817Z</time>
      </trkpt>
      <trkpt lat="54.730169931426644" lon="25.34818997606635">
        <ele>149.0</ele>
        <time>2021-10-08T21:26:28.780Z</time>
      </trkpt>
      <trkpt lat="54.73003632389009" lon="25.34803608432412">
        <ele>149.0</ele>
        <time>2021-10-08T21:26:35.749Z</time>
      </trkpt>
      <trkpt lat="54.72991403192282" lon="25.347900884225965">
        <ele>149.0</ele>
        <time>2021-10-08T21:26:42.724Z</time>
      </trkpt>
      <trkpt lat="54.72989081405103" lon="25.34786894917488">
        <ele>148.0</ele>
        <time>2021-10-08T21:26:49.700Z</time>
      </trkpt>
      <trkpt lat="54.72986491397023" lon="25.347834583371878">
        <ele>148.0</ele>
        <time>2021-10-08T21:26:56.677Z</time>
      </trkpt>
      <trkpt lat="54.72978654317558" lon="25.34775210544467">
        <ele>147.0</ele>
        <time>2021-10-08T21:27:03.658Z</time>
      </trkpt>
      <trkpt lat="54.72969836555421" lon="25.34767499193549">
        <ele>146.0</ele>
        <time>2021-10-08T21:27:10.643Z</time>
      </trkpt>
      <trkpt lat="54.729580683633685" lon="25.347585221752524">
        <ele>145.0</ele>
        <time>2021-10-08T21:27:17.633Z</time>
      </trkpt>
      <trkpt lat="54.729548413306475" lon="25.347555885091424">
        <ele>145.0</ele>
        <time>2021-10-08T21:27:24.624Z</time>
      </trkpt>
      <trkpt lat="54.72937993705273" lon="25.34741649404168">
        <ele>144.0</ele>
        <time>2021-10-08T21:27:31.622Z</time>
      </trkpt>
      <trkpt lat="54.72921380773187" lon="25.347268134355545">
        <ele>144.0</ele>
        <time>2021-10-08T21:27:38.628Z</time>
      </trkpt>
      <trkpt lat="54.72908732481301" lon="25.347167383879423">
        <ele>144.0</ele>
        <time>2021-10-08T21:27:45.639Z</time>
      </trkpt>
      <trkpt lat="54.728920524939895" lon="25.347101921215653">
        <ele>144.0</ele>
        <time>2021-10-08T21:27:52.657Z</time>
      </trkpt>
      <trkpt lat="54.72876529209316" lon="25.346985077485442">
        <ele>144.0</ele>
        <time>2021-10-08T21:27:59.682Z</time>
      </trkpt>
      <trkpt lat="54.72865532152355" lon="25.346732111647725">
        <ele>144.0</ele>
        <time>2021-10-08T21:28:06.714Z</time>
      </trkpt>
      <trkpt lat="54.728647861629725" lon="25.346676874905825">
        <ele>144.0</ele>
        <time>2021-10-08T21:28:13.747Z</time>
      </trkpt>
      <trkpt lat="54.72865020856261" lon="25.346501860767603">
        <ele>144.0</ele>
        <time>2021-10-08T21:28:20.784Z</time>
      </trkpt>
      <trkpt lat="54.72866219468415" lon="25.346286445856094">
        <ele>144.0</ele>
        <time>2021-10-08T21:28:27.826Z</time>
      </trkpt>
      <trkpt lat="54.72866051830351" lon="25.34623984247446">
        <ele>144.0</ele>
        <time>2021-10-08T21:28:34.869Z</time>
      </trkpt>
      <trkpt lat="54.728630259633064" lon="25.346093410626054">
        <ele>144.0</ele>
        <time>2021-10-08T21:28:41.915Z</time>
      </trkpt>
      <trkpt lat="54.72855909727514" lon="25.346120484173298">
        <ele>144.0</ele>
        <time>2021-10-08T21:28:48.964Z</time>
      </trkpt>
      <trkpt lat="54.72843521274626" lon="25.346211679279804">
        <ele>143.0</ele>
        <time>2021-10-08T21:28:56.019Z</time>
      </trkpt>
      <trkpt lat="54.728243350982666" lon="25.34630471840501">
        <ele>144.0</ele>
        <time>2021-10-08T21:29:03.081Z</time>
      </trkpt>
      <trkpt lat="54.72805492579937" lon="25.34628669731319">
        <ele>144.0</ele>
        <time>2021-10-08T21:29:10.151Z</time>
      </trkpt>
      <trkpt lat="54.727858705446124" lon="25.34622668288648">
        <ele>144.0</ele>
        <time>2021-10-08T21:29:17.229Z</time>
      </trkpt>
      <trkpt lat="54.72766265273094" lon="25.346205476671457">
        <ele>144.0</ele>
        <time>2021-10-08T21:29:24.314Z</time>
      </trkpt>
      <trkpt lat="54.72763666883111" lon="25.346206398680806">
        <ele>144.0</ele>
        <time>2021-10-08T21:29:31.400Z</time>
      </trkpt>
      <trkpt lat="54.72750473767519" lon="25.34616205841303">
        <ele>144.0</ele>
        <time>2021-10-08T21:29:38.492Z</time>
      </trkpt>
      <trkpt lat="54.72737020812929" lon="25.34599752165377">
        <ele>144.0</ele>
        <time>2021-10-08T21:29:45.590Z</time>
      </trkpt>
      <trkpt lat="54.727233247831464" lon="25.345776239410043">
        <ele>144.0</ele>
        <time>2021-10-08T21:29:52.695Z</time>
      </trkpt>
      <trkpt lat="54.72721841186285" lon="25.345739275217056">
        <ele>144.0</ele>
        <time>2021-10-08T21:29:59.801Z</time>
      </trkpt>
      <trkpt lat="54.7271503508091" lon="25.345550598576665">
        <ele>144.0</ele>
        <time>2021-10-08T21:30:06.912Z</time>
      </trkpt>
      <trkpt lat="54.72704851068556" lon="25.34536418505013">
        <ele>144.0</ele>
        <time>2021-10-08T21:30:14.029Z</time>
      </trkpt>
      <trkpt lat="54.727013977244496" lon="25.345311295241117">
        <ele>144.0</ele>
        <time>2021-10-08T21:30:21.148Z</time>
      </trkpt>
      <trkpt lat="54.726920519024134" lon="25.345118176192045">
        <ele>144.0</ele>
        <time>2021-10-08T21:30:28.273Z</time>
      </trkpt>
      <trkpt lat="54.72684935666621" lon="25.344867641106248">
        <ele>144.0</ele>
        <time>2021-10-08T21:30:35.404Z</time>
      </trkpt>
      <trkpt lat="54.726786660030484" lon="25.344601264223456">
        <ele>144.0</ele>
        <time>2021-10-08T21:30:42.542Z</time>
      </trkpt>
      <trkpt lat="54.72673167474568" lon="25.34427939914167">
        <ele>144.0</ele>
        <time>2021-10-08T21:30:49.687Z</time>
      </trkpt>
      <trkpt lat="54.72666126675904" lon="25.34399692900479">
        <ele>144.0</ele>
        <time>2021-10-08T21:30:56.839Z</time>
      </trkpt>
      <trkpt lat="54.726573592051864" lon="25.3436975274235">
        <ele>144.0</ele>
        <time>2021-10-08T21:31:03.999Z</time>
      </trkpt>
      <trkpt lat="54.726496394723654" lon="25.343421678990126">
        <ele>143.0</ele>
        <time>2021-10-08T21:31:11.166Z</time>
      </trkpt>
      <trkpt lat="54.72644400782883" lon="25.34319033846259">
        <ele>144.0</ele>
        <time>2021-10-08T21:31:18.338Z</time>
      </trkpt>
      <trkpt lat="54.726375695317984" lon="25.342922117561102">
        <ele>144.0</ele>
        <time>2021-10-08T21:31:25.517Z</time>
      </trkpt>
      <trkpt lat="54.72624938003719" lon="25.34268164075911">
        <ele>144.0</ele>
        <time>2021-10-08T21:31:32.703Z</time>
      </trkpt>
      <trkpt lat="54.72612893208861" lon="25.342527916654944">
        <ele>143.0</ele>
        <time>2021-10-08T21:31:39.895Z</time>
      </trkpt>
      <trkpt lat="54.726023487746716" lon="25.342417946085334">
        <ele>143.0</ele>
        <time>2021-10-08T21:31:47.092Z</time>
      </trkpt>
      <trkpt lat="54.72598317079246" lon="25.342355920001864">
        <ele>143.0</ele>
        <time>2021-10-08T21:31:54.291Z</time>
      </trkpt>
      <trkpt lat="54.72588007338345" lon="25.34222323447466">
        <ele>143.0</ele>
        <time>2021-10-08T21:32:01.495Z</time>
      </trkpt>
      <trkpt lat="54.72575400955975" lon="25.34205953590572">
        <ele>142.0</ele>
        <time>2021-10-08T21:32:08.705Z</time>
      </trkpt>
      <trkpt lat="54.72563632763922" lon="25.341910254210234">
        <ele>143.0</ele>
        <time>2021-10-08T21:32:15.921Z</time>
      </trkpt>
      <trkpt lat="54.72551210783422" lon="25.341706406325102">
        <ele>143.0</ele>
        <time>2021-10-08T21:32:23.144Z</time>
      </trkpt>
      <trkpt lat="54.72538503818214" lon="25.341492500156164">
        <ele>143.0</ele>
        <time>2021-10-08T21:32:30.374Z</time>
      </trkpt>
      <trkpt lat="54.725320329889655" lon="25.341421673074365">
        <ele>143.0</ele>
        <time>2021-10-08T21:32:37.607Z</time>
      </trkpt>
      <trkpt lat="54.725252520293" lon="25.341346906498075">
        <ele>144.0</ele>
        <time>2021-10-08T21:32:44.843Z</time>
      </trkpt>
      <trkpt lat="54.7251193318516" lon="25.34118295647204">
        <ele>144.0</ele>
        <time>2021-10-08T21:32:52.085Z</time>
      </trkpt>
      <trkpt lat="54.72509544342756" lon="25.341156721115112">
        <ele>144.0</ele>
        <time>2021-10-08T21:32:59.329Z</time>
      </trkpt>
      <trkpt lat="54.725072141736746" lon="25.34112880937755">
        <ele>144.0</ele>
        <time>2021-10-08T21:33:06.574Z</time>
      </trkpt>
      <trkpt lat="54.72494624555111" lon="25.340978857129812">
        <ele>144.0</ele>
        <time>2021-10-08T21:33:13.825Z</time>
      </trkpt>
      <trkpt lat="54.72484951838851" lon="25.340815829113126">
        <ele>144.0</ele>
        <time>2021-10-08T21:33:21.081Z</time>
      </trkpt>
      <trkpt lat="54.72473217174411" lon="25.34068456850946">
        <ele>145.0</ele>
        <time>2021-10-08T21:33:28.342Z</time>
      </trkpt>
      <trkpt lat="54.72463443875313" lon="25.340561773627996">
        <ele>145.0</ele>
        <time>2021-10-08T21:33:35.608Z</time>
      </trkpt>
      <trkpt lat="54.72461264580488" lon="25.34054492600262">
        <ele>145.0</ele>
        <time>2021-10-08T21:33:42.875Z</time>
      </trkpt>
      <trkpt lat="54.724478367716074" lon="25.340452138334513">
        <ele>145.0</ele>
        <time>2021-10-08T21:33:50.148Z</time>
      </trkpt>
      <trkpt lat="54.72434811294079" lon="25.340376365929842">
        <ele>146.0</ele>
        <time>2021-10-08T21:33:57.426Z</time>
      </trkpt>
      <trkpt lat="54.724327912554145" lon="25.340362871065736">
        <ele>146.0</ele>
        <time>2021-10-08T21:34:04.705Z</time>
      </trkpt>
      <trkpt lat="54.72419019788504" lon="25.340229347348213">
        <ele>147.0</ele>
        <time>2021-10-08T21:34:11.990Z</time>
      </trkpt>
      <trkpt lat="54.724110988900065" lon="25.34017251804471">
        <ele>147.0</ele>
        <time>2021-10-08T21:34:19.279Z</time>
      </trkpt>
      <trkpt lat="54.724098332226276" lon="25.340183498337865">
        <ele>147.0</ele>
        <time>2021-10-08T21:34:26.568Z</time>
      </trkpt>
      <trkpt lat="54.724045945331454" lon="25.34032305702567">
        <ele>147.0</ele>
        <time>2021-10-08T21:34:33.861Z</time>
      </trkpt>
      <trkpt lat="54.72406513988972" lon="25.3404994122684">
        <ele>147.0</ele>
        <time>2021-10-08T21:34:41.158Z</time>
      </trkpt>
      <trkpt lat="54.72412406466901" lon="25.340657578781247">
        <ele>147.0</ele>
        <time>2021-10-08T21:34:48.459Z</time>
      </trkpt>
      <trkpt lat="54.724244847893715" lon="25.340916411951184">
        <ele>147.0</ele>
        <time>2021-10-08T21:34:55.768Z</time>
      </trkpt>
      <trkpt lat="54.72431508824229" lon="25.341038536280394">
        <ele>147.0</ele>
        <time>2021-10-08T21:35:03.081Z</time>
      </trkpt>
      <trkpt lat="54.724367978051305" lon="25.341120846569538">
        <ele>146.0</ele>
        <time>2021-10-08T21:35:10.396Z</time>
      </trkpt>
      <trkpt lat="54.72449001856148" lon="25.34130558371544">
        <ele>146.0</ele>
        <time>2021-10-08T21:35:17.718Z</time>
      </trkpt>
      <trkpt lat="54.7245061956346" lon="25.34133341163397">
        <ele>146.0</ele>
        <time>2021-10-08T21:35:25.041Z</time>
      </trkpt>
      <trkpt lat="54.72463200800121" lon="25.341537091881037">
        <ele>145.0</ele>
        <time>2021-10-08T21:35:32.370Z</time>
      </trkpt>
      <trkpt lat="54.72465078346431" lon="25.341572631150484">
        <ele>145.0</ele>
        <time>2021-10-08T21:35:39.701Z</time>
      </trkpt>
      <trkpt lat="54.72467073239386" lon="25.34160314127803">
        <ele>145.0</ele>
        <time>2021-10-08T21:35:47.033Z</time>
      </trkpt>
      <trkpt lat="54.72479377873242" lon="25.341735910624266">
        <ele>144.0</ele>
        <time>2021-10-08T21:35:54.370Z</time>
      </trkpt>
      <trkpt lat="54.72486712038517" lon="25.341790476813912">
        <ele>144.0</ele>
        <time>2021-10-08T21:36:01.710Z</time>
      </trkpt>
      <trkpt lat="54.724945072084665" lon="25.34184311516583">
        <ele>144.0</ele>
        <time>2021-10-08T21:36:09.054Z</time>
      </trkpt>
      <trkpt lat="54.725058395415545" lon="25.341922575607896">
        <ele>143.0</ele>
        <time>2021-10-08T21:36:16.402Z</time>
      </trkpt>
      <trkpt lat="54.725135089829564" lon="25.341980997473">
        <ele>143.0</ele>
        <time>2021-10-08T21:36:23.754Z</time>
      </trkpt>
      <trkpt lat="54.725281773135066" lon="25.342080406844616">
        <ele>143.0</ele>
        <time>2021-10-08T21:36:31.112Z</time>
      </trkpt>
      <trkpt lat="54.72535218112171" lon="25.342136900871992">
        <ele>142.0</ele>
        <time>2021-10-08T21:36:38.473Z</time>
      </trkpt>
      <trkpt lat="54.72547539509833" lon="25.342253409326077">
        <ele>142.0</ele>
        <time>2021-10-08T21:36:45.839Z</time>
      </trkpt>
      <trkpt lat="54.7255820967257" lon="25.342390201985836">
        <ele>142.0</ele>
        <time>2021-10-08T21:36:53.211Z</time>
      </trkpt>
      <trkpt lat="54.72560196183622" lon="25.342414677143097">
        <ele>142.0</ele>
        <time>2021-10-08T21:37:00.584Z</time>
      </trkpt>
      <trkpt lat="54.725682847201824" lon="25.342587009072304">
        <ele>142.0</ele>
        <time>2021-10-08T21:37:07.962Z</time>
      </trkpt>
      <trkpt lat="54.72567974589765" lon="25.34262891858816">
        <ele>142.0</ele>
        <time>2021-10-08T21:37:15.341Z</time>
      </trkpt>
      <trkpt lat="54.72564546391368" lon="25.342735536396503">
        <ele>142.0</ele>
        <time>2021-10-08T21:37:22.722Z</time>
      </trkpt>
      <trkpt lat="54.72556726075709" lon="25.342876687645912">
        <ele>142.0</ele>
        <time>2021-10-08T21:37:30.108Z</time>
      </trkpt>
      <trkpt lat="54.72556114196777" lon="25.342883812263608">
        <ele>142.0</ele>
        <time>2021-10-08T21:37:37.494Z</time>
      </trkpt>
    </trkseg>
  </trk>
</gpx>
